Location Class,Source Reason,Name Key,Description Key,Callout 1 Key,Callout 2 Key,Callout 3 Key,Type GUID,Parent GUID,Parent Class,Parent Path,Location Hierarchy Tag,Nav Icon,Size,Hide In Starmap,Hide In World,Is Scannable,Block Travel,Arrival Radius,Adoption Radius,Set Entity Location On Enter,Expose For Player Created Missions,Record GUID,Record Path
AsteroidCluster_MiningBase_Pyro_RegionA_Medium_01,class-or-path-mining,ab_mine_pyro_regiona_med_001,ab_mine_pyro_desc,LOC_UNINITIALIZED,LOC_UNINITIALIZED,LOC_UNINITIALIZED,e60452a5-b85c-4ab1-97e7-9cefb466f87b,a14bec87-5801-4440-8ca8-35597487ac9a,PyroStar,libs/foundry/records/starmap/pu/system/pyro/pyrostar/pyrostar.xml,812520ca-5f0a-4e88-9649-91237b1e4e51,Default,400,0,0,0,0,18000,20000,1,0,544034db-6fde-44b4-aba8-c2ea35421ccd,libs/foundry/records/starmap/pu/asteroidcluster_miningbase_pyro_regiona_medium_01.xml
AsteroidCluster_MiningBase_Pyro_RegionA_Medium_02,class-or-path-mining,ab_mine_pyro_regiona_med_002,ab_mine_pyro_desc,LOC_UNINITIALIZED,LOC_UNINITIALIZED,LOC_UNINITIALIZED,e60452a5-b85c-4ab1-97e7-9cefb466f87b,a14bec87-5801-4440-8ca8-35597487ac9a,PyroStar,libs/foundry/records/starmap/pu/system/pyro/pyrostar/pyrostar.xml,812520ca-5f0a-4e88-9649-91237b1e4e51,Default,400,0,0,0,0,18000,20000,1,0,f190a18c-c7ec-4d7f-8c61-5ebd26b6503d,libs/foundry/records/starmap/pu/asteroidcluster_miningbase_pyro_regiona_medium_02.xml
AsteroidCluster_MiningBase_Pyro_RegionA_Medium_03,class-or-path-mining,ab_mine_pyro_regiona_med_003,ab_mine_pyro_desc,LOC_UNINITIALIZED,LOC_UNINITIALIZED,LOC_UNINITIALIZED,e60452a5-b85c-4ab1-97e7-9cefb466f87b,a14bec87-5801-4440-8ca8-35597487ac9a,PyroStar,libs/foundry/records/starmap/pu/system/pyro/pyrostar/pyrostar.xml,812520ca-5f0a-4e88-9649-91237b1e4e51,Default,400,0,0,0,0,18000,20000,1,0,37f2fe41-c155-42fe-a954-e813c1b5af59,libs/foundry/records/starmap/pu/asteroidcluster_miningbase_pyro_regiona_medium_03.xml
AsteroidCluster_MiningBase_Pyro_RegionA_Medium_04,class-or-path-mining,ab_mine_pyro_regiona_med_004,ab_mine_pyro_desc,LOC_UNINITIALIZED,LOC_UNINITIALIZED,LOC_UNINITIALIZED,e60452a5-b85c-4ab1-97e7-9cefb466f87b,a14bec87-5801-4440-8ca8-35597487ac9a,PyroStar,libs/foundry/records/starmap/pu/system/pyro/pyrostar/pyrostar.xml,812520ca-5f0a-4e88-9649-91237b1e4e51,Default,400,0,0,0,0,18000,20000,1,0,2c507fae-95ea-4dfa-ac40-54757f346cc5,libs/foundry/records/starmap/pu/asteroidcluster_miningbase_pyro_regiona_medium_04.xml
AsteroidCluster_MiningBase_Pyro_RegionA_Medium_05,class-or-path-mining,ab_mine_pyro_regiona_med_005,ab_mine_pyro_desc,LOC_UNINITIALIZED,LOC_UNINITIALIZED,LOC_UNINITIALIZED,e60452a5-b85c-4ab1-97e7-9cefb466f87b,a14bec87-5801-4440-8ca8-35597487ac9a,PyroStar,libs/foundry/records/starmap/pu/system/pyro/pyrostar/pyrostar.xml,812520ca-5f0a-4e88-9649-91237b1e4e51,Default,400,0,0,0,0,18000,20000,1,0,4f03be5d-618e-4683-9a4c-6584304f485d,libs/foundry/records/starmap/pu/asteroidcluster_miningbase_pyro_regiona_medium_05.xml
AsteroidCluster_MiningBase_Pyro_RegionA_Medium_06,class-or-path-mining,ab_mine_pyro_regiona_med_006,ab_mine_pyro_desc,LOC_UNINITIALIZED,LOC_UNINITIALIZED,LOC_UNINITIALIZED,e60452a5-b85c-4ab1-97e7-9cefb466f87b,a14bec87-5801-4440-8ca8-35597487ac9a,PyroStar,libs/foundry/records/starmap/pu/system/pyro/pyrostar/pyrostar.xml,812520ca-5f0a-4e88-9649-91237b1e4e51,Default,400,0,0,0,0,18000,20000,1,0,489db56c-b334-4813-b6c7-f96b521edeae,libs/foundry/records/starmap/pu/asteroidcluster_miningbase_pyro_regiona_medium_06.xml
AsteroidCluster_MiningBase_Pyro_RegionA_Medium_07,class-or-path-mining,ab_mine_pyro_regiona_med_007,ab_mine_pyro_desc,LOC_UNINITIALIZED,LOC_UNINITIALIZED,LOC_UNINITIALIZED,e60452a5-b85c-4ab1-97e7-9cefb466f87b,a14bec87-5801-4440-8ca8-35597487ac9a,PyroStar,libs/foundry/records/starmap/pu/system/pyro/pyrostar/pyrostar.xml,812520ca-5f0a-4e88-9649-91237b1e4e51,Default,400,0,0,0,0,18000,20000,1,0,029ab865-e8ac-4cec-9a61-5e39125126b3,libs/foundry/records/starmap/pu/asteroidcluster_miningbase_pyro_regiona_medium_07.xml
AsteroidCluster_MiningBase_Pyro_RegionA_Medium_08,class-or-path-mining,ab_mine_pyro_regiona_med_008,ab_mine_pyro_desc,LOC_UNINITIALIZED,LOC_UNINITIALIZED,LOC_UNINITIALIZED,e60452a5-b85c-4ab1-97e7-9cefb466f87b,a14bec87-5801-4440-8ca8-35597487ac9a,PyroStar,libs/foundry/records/starmap/pu/system/pyro/pyrostar/pyrostar.xml,812520ca-5f0a-4e88-9649-91237b1e4e51,Default,400,0,0,0,0,18000,20000,1,0,4f6a3169-12b6-4298-b7b7-14480584c0d5,libs/foundry/records/starmap/pu/asteroidcluster_miningbase_pyro_regiona_medium_08.xml
AsteroidCluster_MiningBase_Pyro_RegionA_Medium_09,class-or-path-mining,ab_mine_pyro_regiona_med_009,ab_mine_pyro_desc,LOC_UNINITIALIZED,LOC_UNINITIALIZED,LOC_UNINITIALIZED,e60452a5-b85c-4ab1-97e7-9cefb466f87b,a14bec87-5801-4440-8ca8-35597487ac9a,PyroStar,libs/foundry/records/starmap/pu/system/pyro/pyrostar/pyrostar.xml,812520ca-5f0a-4e88-9649-91237b1e4e51,Default,400,0,0,0,0,18000,20000,1,0,95b26839-a3d6-4803-aa9c-45d7f99111d4,libs/foundry/records/starmap/pu/asteroidcluster_miningbase_pyro_regiona_medium_09.xml
AsteroidCluster_MiningBase_Pyro_RegionA_Medium_10,class-or-path-mining,ab_mine_pyro_regiona_med_010,ab_mine_pyro_desc,LOC_UNINITIALIZED,LOC_UNINITIALIZED,LOC_UNINITIALIZED,e60452a5-b85c-4ab1-97e7-9cefb466f87b,a14bec87-5801-4440-8ca8-35597487ac9a,PyroStar,libs/foundry/records/starmap/pu/system/pyro/pyrostar/pyrostar.xml,812520ca-5f0a-4e88-9649-91237b1e4e51,Default,400,0,0,0,0,18000,20000,1,0,5166bda3-7234-4769-8d2d-b86710ced303,libs/foundry/records/starmap/pu/asteroidcluster_miningbase_pyro_regiona_medium_10.xml
AsteroidCluster_MiningBase_Pyro_RegionA_Medium_11,class-or-path-mining,ab_mine_pyro_regiona_med_011,ab_mine_pyro_desc,LOC_UNINITIALIZED,LOC_UNINITIALIZED,LOC_UNINITIALIZED,e60452a5-b85c-4ab1-97e7-9cefb466f87b,a14bec87-5801-4440-8ca8-35597487ac9a,PyroStar,libs/foundry/records/starmap/pu/system/pyro/pyrostar/pyrostar.xml,812520ca-5f0a-4e88-9649-91237b1e4e51,Default,400,0,0,0,0,18000,20000,1,0,9f015be6-8431-4d91-b243-994785764219,libs/foundry/records/starmap/pu/asteroidcluster_miningbase_pyro_regiona_medium_11.xml
AsteroidCluster_MiningBase_Pyro_RegionA_Medium_12,class-or-path-mining,ab_mine_pyro_regiona_med_012,ab_mine_pyro_desc,LOC_UNINITIALIZED,LOC_UNINITIALIZED,LOC_UNINITIALIZED,e60452a5-b85c-4ab1-97e7-9cefb466f87b,a14bec87-5801-4440-8ca8-35597487ac9a,PyroStar,libs/foundry/records/starmap/pu/system/pyro/pyrostar/pyrostar.xml,812520ca-5f0a-4e88-9649-91237b1e4e51,Default,400,0,0,0,0,18000,20000,1,0,55fd5203-5587-4115-997a-566e939b42df,libs/foundry/records/starmap/pu/asteroidcluster_miningbase_pyro_regiona_medium_12.xml
AsteroidCluster_MiningBase_Pyro_RegionA_Medium_13,class-or-path-mining,ab_mine_pyro_regiona_med_013,ab_mine_pyro_desc,LOC_UNINITIALIZED,LOC_UNINITIALIZED,LOC_UNINITIALIZED,e60452a5-b85c-4ab1-97e7-9cefb466f87b,a14bec87-5801-4440-8ca8-35597487ac9a,PyroStar,libs/foundry/records/starmap/pu/system/pyro/pyrostar/pyrostar.xml,812520ca-5f0a-4e88-9649-91237b1e4e51,Default,400,0,0,0,0,18000,20000,1,0,dea4fe9c-4e48-475d-ad6d-6da6a5ddc70e,libs/foundry/records/starmap/pu/asteroidcluster_miningbase_pyro_regiona_medium_13.xml
AsteroidCluster_MiningBase_Pyro_RegionA_Medium_14,class-or-path-mining,ab_mine_pyro_regiona_med_014,ab_mine_pyro_desc,LOC_UNINITIALIZED,LOC_UNINITIALIZED,LOC_UNINITIALIZED,e60452a5-b85c-4ab1-97e7-9cefb466f87b,a14bec87-5801-4440-8ca8-35597487ac9a,PyroStar,libs/foundry/records/starmap/pu/system/pyro/pyrostar/pyrostar.xml,812520ca-5f0a-4e88-9649-91237b1e4e51,Default,400,0,0,0,0,18000,20000,1,0,d8ee1258-941e-411c-9e05-9e3d0059f56d,libs/foundry/records/starmap/pu/asteroidcluster_miningbase_pyro_regiona_medium_14.xml
AsteroidCluster_MiningBase_Pyro_RegionA_Medium_15,class-or-path-mining,ab_mine_pyro_regiona_med_015,ab_mine_pyro_desc,LOC_UNINITIALIZED,LOC_UNINITIALIZED,LOC_UNINITIALIZED,e60452a5-b85c-4ab1-97e7-9cefb466f87b,a14bec87-5801-4440-8ca8-35597487ac9a,PyroStar,libs/foundry/records/starmap/pu/system/pyro/pyrostar/pyrostar.xml,812520ca-5f0a-4e88-9649-91237b1e4e51,Default,400,0,0,0,0,18000,20000,1,0,839a1f49-bf24-4e0b-8376-10b7b205e8b0,libs/foundry/records/starmap/pu/asteroidcluster_miningbase_pyro_regiona_medium_15.xml
AsteroidCluster_MiningBase_Pyro_RegionA_Medium_16,class-or-path-mining,ab_mine_pyro_regiona_med_016,ab_mine_pyro_desc,LOC_UNINITIALIZED,LOC_UNINITIALIZED,LOC_UNINITIALIZED,e60452a5-b85c-4ab1-97e7-9cefb466f87b,a14bec87-5801-4440-8ca8-35597487ac9a,PyroStar,libs/foundry/records/starmap/pu/system/pyro/pyrostar/pyrostar.xml,812520ca-5f0a-4e88-9649-91237b1e4e51,Default,400,0,0,0,0,18000,20000,1,0,9e276de1-2d66-4fa0-ac4e-e4e01f8f0548,libs/foundry/records/starmap/pu/asteroidcluster_miningbase_pyro_regiona_medium_16.xml
AsteroidCluster_MiningBase_Pyro_RegionA_Medium_17,class-or-path-mining,ab_mine_pyro_regiona_med_017,ab_mine_pyro_desc,LOC_UNINITIALIZED,LOC_UNINITIALIZED,LOC_UNINITIALIZED,e60452a5-b85c-4ab1-97e7-9cefb466f87b,a14bec87-5801-4440-8ca8-35597487ac9a,PyroStar,libs/foundry/records/starmap/pu/system/pyro/pyrostar/pyrostar.xml,812520ca-5f0a-4e88-9649-91237b1e4e51,Default,400,0,0,0,0,18000,20000,1,0,17b2f39c-7453-4932-81ba-519f49fed814,libs/foundry/records/starmap/pu/asteroidcluster_miningbase_pyro_regiona_medium_17.xml
AsteroidCluster_MiningBase_Pyro_RegionA_Medium_18,class-or-path-mining,ab_mine_pyro_regiona_med_018,ab_mine_pyro_desc,LOC_UNINITIALIZED,LOC_UNINITIALIZED,LOC_UNINITIALIZED,e60452a5-b85c-4ab1-97e7-9cefb466f87b,a14bec87-5801-4440-8ca8-35597487ac9a,PyroStar,libs/foundry/records/starmap/pu/system/pyro/pyrostar/pyrostar.xml,812520ca-5f0a-4e88-9649-91237b1e4e51,Default,400,0,0,0,0,18000,20000,1,0,0d7529a4-a510-4a4b-b51f-e73a53e092bb,libs/foundry/records/starmap/pu/asteroidcluster_miningbase_pyro_regiona_medium_18.xml
AsteroidCluster_MiningBase_Pyro_RegionA_Medium_19,class-or-path-mining,ab_mine_pyro_regiona_med_019,ab_mine_pyro_desc,LOC_UNINITIALIZED,LOC_UNINITIALIZED,LOC_UNINITIALIZED,e60452a5-b85c-4ab1-97e7-9cefb466f87b,a14bec87-5801-4440-8ca8-35597487ac9a,PyroStar,libs/foundry/records/starmap/pu/system/pyro/pyrostar/pyrostar.xml,812520ca-5f0a-4e88-9649-91237b1e4e51,Default,400,0,0,0,0,18000,20000,1,0,febade8a-1c94-4c42-9c98-f0270dcd6249,libs/foundry/records/starmap/pu/asteroidcluster_miningbase_pyro_regiona_medium_19.xml
AsteroidCluster_MiningBase_Pyro_RegionA_Small_01,class-or-path-mining,ab_mine_pyro_regiona_sml_001,ab_mine_pyro_desc,LOC_UNINITIALIZED,LOC_UNINITIALIZED,LOC_UNINITIALIZED,e60452a5-b85c-4ab1-97e7-9cefb466f87b,a14bec87-5801-4440-8ca8-35597487ac9a,PyroStar,libs/foundry/records/starmap/pu/system/pyro/pyrostar/pyrostar.xml,812520ca-5f0a-4e88-9649-91237b1e4e51,Default,400,0,0,0,0,18000,20000,1,0,a1490619-926c-4190-a828-47d68169998c,libs/foundry/records/starmap/pu/asteroidcluster_miningbase_pyro_regiona_small_01.xml
AsteroidCluster_MiningBase_Pyro_RegionA_Small_02,class-or-path-mining,ab_mine_pyro_regiona_sml_002,ab_mine_pyro_desc,LOC_UNINITIALIZED,LOC_UNINITIALIZED,LOC_UNINITIALIZED,e60452a5-b85c-4ab1-97e7-9cefb466f87b,a14bec87-5801-4440-8ca8-35597487ac9a,PyroStar,libs/foundry/records/starmap/pu/system/pyro/pyrostar/pyrostar.xml,812520ca-5f0a-4e88-9649-91237b1e4e51,Default,400,0,0,0,0,18000,20000,1,0,9bc2b01b-2888-4590-b805-152092afcde7,libs/foundry/records/starmap/pu/asteroidcluster_miningbase_pyro_regiona_small_02.xml
AsteroidCluster_MiningBase_Pyro_RegionA_Small_03,class-or-path-mining,ab_mine_pyro_regiona_sml_003,ab_mine_pyro_desc,LOC_UNINITIALIZED,LOC_UNINITIALIZED,LOC_UNINITIALIZED,e60452a5-b85c-4ab1-97e7-9cefb466f87b,a14bec87-5801-4440-8ca8-35597487ac9a,PyroStar,libs/foundry/records/starmap/pu/system/pyro/pyrostar/pyrostar.xml,812520ca-5f0a-4e88-9649-91237b1e4e51,Default,400,0,0,0,0,18000,20000,1,0,3ad48109-15e7-4575-9589-af7f46a92b5e,libs/foundry/records/starmap/pu/asteroidcluster_miningbase_pyro_regiona_small_03.xml
AsteroidCluster_MiningBase_Pyro_RegionA_Small_04,class-or-path-mining,ab_mine_pyro_regiona_sml_004,ab_mine_pyro_desc,LOC_UNINITIALIZED,LOC_UNINITIALIZED,LOC_UNINITIALIZED,e60452a5-b85c-4ab1-97e7-9cefb466f87b,a14bec87-5801-4440-8ca8-35597487ac9a,PyroStar,libs/foundry/records/starmap/pu/system/pyro/pyrostar/pyrostar.xml,812520ca-5f0a-4e88-9649-91237b1e4e51,Default,400,0,0,0,0,18000,20000,1,0,cf04c060-21c2-49c7-affb-9dc0393d5273,libs/foundry/records/starmap/pu/asteroidcluster_miningbase_pyro_regiona_small_04.xml
AsteroidCluster_MiningBase_Pyro_RegionA,class-or-path-mining,MiningAsteroidBase_001,MiningAsteroidBase_001a,LOC_UNINITIALIZED,LOC_UNINITIALIZED,LOC_UNINITIALIZED,e60452a5-b85c-4ab1-97e7-9cefb466f87b,a14bec87-5801-4440-8ca8-35597487ac9a,PyroStar,libs/foundry/records/starmap/pu/system/pyro/pyrostar/pyrostar.xml,812520ca-5f0a-4e88-9649-91237b1e4e51,Default,400,0,0,0,0,18000,20000,1,0,6f3b9912-2f42-497e-9e0f-435ce43d3e9b,libs/foundry/records/starmap/pu/asteroidcluster_miningbase_pyro_regiona.xml
AsteroidCluster_MiningBase_Pyro_RegionB_Medium_01,class-or-path-mining,ab_mine_pyro_regionb_med_001,ab_mine_pyro_desc,LOC_UNINITIALIZED,LOC_UNINITIALIZED,LOC_UNINITIALIZED,e60452a5-b85c-4ab1-97e7-9cefb466f87b,a14bec87-5801-4440-8ca8-35597487ac9a,PyroStar,libs/foundry/records/starmap/pu/system/pyro/pyrostar/pyrostar.xml,fea1b036-7eb7-46e2-a7ed-37e933017d9d,Default,400,0,0,0,0,18000,20000,1,0,2655bae3-416d-4d5d-a4e3-35cd690c8025,libs/foundry/records/starmap/pu/asteroidcluster_miningbase_pyro_regionb_medium_01.xml
AsteroidCluster_MiningBase_Pyro_RegionB_Medium_02,class-or-path-mining,ab_mine_pyro_regionb_med_002,ab_mine_pyro_desc,LOC_UNINITIALIZED,LOC_UNINITIALIZED,LOC_UNINITIALIZED,e60452a5-b85c-4ab1-97e7-9cefb466f87b,a14bec87-5801-4440-8ca8-35597487ac9a,PyroStar,libs/foundry/records/starmap/pu/system/pyro/pyrostar/pyrostar.xml,fea1b036-7eb7-46e2-a7ed-37e933017d9d,Default,400,0,0,0,0,18000,20000,1,0,5c62bd57-d630-472c-8193-cdd41c6c8a26,libs/foundry/records/starmap/pu/asteroidcluster_miningbase_pyro_regionb_medium_02.xml
AsteroidCluster_MiningBase_Pyro_RegionB_Medium_03,class-or-path-mining,ab_mine_pyro_regionb_med_003,ab_mine_pyro_desc,LOC_UNINITIALIZED,LOC_UNINITIALIZED,LOC_UNINITIALIZED,e60452a5-b85c-4ab1-97e7-9cefb466f87b,a14bec87-5801-4440-8ca8-35597487ac9a,PyroStar,libs/foundry/records/starmap/pu/system/pyro/pyrostar/pyrostar.xml,fea1b036-7eb7-46e2-a7ed-37e933017d9d,Default,400,0,0,0,0,18000,20000,1,0,6a1e4f4e-94cb-4a6f-864c-927fd171ada9,libs/foundry/records/starmap/pu/asteroidcluster_miningbase_pyro_regionb_medium_03.xml
AsteroidCluster_MiningBase_Pyro_RegionB_Medium_04,class-or-path-mining,ab_mine_pyro_regionb_med_004,ab_mine_pyro_desc,LOC_UNINITIALIZED,LOC_UNINITIALIZED,LOC_UNINITIALIZED,e60452a5-b85c-4ab1-97e7-9cefb466f87b,a14bec87-5801-4440-8ca8-35597487ac9a,PyroStar,libs/foundry/records/starmap/pu/system/pyro/pyrostar/pyrostar.xml,fea1b036-7eb7-46e2-a7ed-37e933017d9d,Default,400,0,0,0,0,18000,20000,1,0,5a667570-ed92-4e28-b998-dfd88e0d0750,libs/foundry/records/starmap/pu/asteroidcluster_miningbase_pyro_regionb_medium_04.xml
AsteroidCluster_MiningBase_Pyro_RegionB_Medium_05,class-or-path-mining,ab_mine_pyro_regionb_med_005,ab_mine_pyro_desc,LOC_UNINITIALIZED,LOC_UNINITIALIZED,LOC_UNINITIALIZED,e60452a5-b85c-4ab1-97e7-9cefb466f87b,a14bec87-5801-4440-8ca8-35597487ac9a,PyroStar,libs/foundry/records/starmap/pu/system/pyro/pyrostar/pyrostar.xml,fea1b036-7eb7-46e2-a7ed-37e933017d9d,Default,400,0,0,0,0,18000,20000,1,0,7359d9fb-0c8f-42cd-b765-815bfbda2d55,libs/foundry/records/starmap/pu/asteroidcluster_miningbase_pyro_regionb_medium_05.xml
AsteroidCluster_MiningBase_Pyro_RegionB_Medium_06,class-or-path-mining,ab_mine_pyro_regionb_med_006,ab_mine_pyro_desc,LOC_UNINITIALIZED,LOC_UNINITIALIZED,LOC_UNINITIALIZED,e60452a5-b85c-4ab1-97e7-9cefb466f87b,a14bec87-5801-4440-8ca8-35597487ac9a,PyroStar,libs/foundry/records/starmap/pu/system/pyro/pyrostar/pyrostar.xml,fea1b036-7eb7-46e2-a7ed-37e933017d9d,Default,400,0,0,0,0,18000,20000,1,0,e148b772-b232-46b7-b81d-8e5484bfa314,libs/foundry/records/starmap/pu/asteroidcluster_miningbase_pyro_regionb_medium_06.xml
AsteroidCluster_MiningBase_Pyro_RegionB_Medium_07,class-or-path-mining,ab_mine_pyro_regionb_med_007,ab_mine_pyro_desc,LOC_UNINITIALIZED,LOC_UNINITIALIZED,LOC_UNINITIALIZED,e60452a5-b85c-4ab1-97e7-9cefb466f87b,a14bec87-5801-4440-8ca8-35597487ac9a,PyroStar,libs/foundry/records/starmap/pu/system/pyro/pyrostar/pyrostar.xml,fea1b036-7eb7-46e2-a7ed-37e933017d9d,Default,400,0,0,0,0,18000,20000,1,0,61653585-3522-41b6-aa7a-a63c82073919,libs/foundry/records/starmap/pu/asteroidcluster_miningbase_pyro_regionb_medium_07.xml
AsteroidCluster_MiningBase_Pyro_RegionB_Medium_08,class-or-path-mining,ab_mine_pyro_regionb_med_008,ab_mine_pyro_desc,LOC_UNINITIALIZED,LOC_UNINITIALIZED,LOC_UNINITIALIZED,e60452a5-b85c-4ab1-97e7-9cefb466f87b,a14bec87-5801-4440-8ca8-35597487ac9a,PyroStar,libs/foundry/records/starmap/pu/system/pyro/pyrostar/pyrostar.xml,fea1b036-7eb7-46e2-a7ed-37e933017d9d,Default,400,0,0,0,0,18000,20000,1,0,2d47ba75-ab09-4e73-865c-e3537bef3428,libs/foundry/records/starmap/pu/asteroidcluster_miningbase_pyro_regionb_medium_08.xml
AsteroidCluster_MiningBase_Pyro_RegionB_Medium_09,class-or-path-mining,ab_mine_pyro_regionb_med_009,ab_mine_pyro_desc,LOC_UNINITIALIZED,LOC_UNINITIALIZED,LOC_UNINITIALIZED,e60452a5-b85c-4ab1-97e7-9cefb466f87b,a14bec87-5801-4440-8ca8-35597487ac9a,PyroStar,libs/foundry/records/starmap/pu/system/pyro/pyrostar/pyrostar.xml,fea1b036-7eb7-46e2-a7ed-37e933017d9d,Default,400,0,0,0,0,18000,20000,1,0,a284aff3-7d64-48b5-990d-36ee6b456984,libs/foundry/records/starmap/pu/asteroidcluster_miningbase_pyro_regionb_medium_09.xml
AsteroidCluster_MiningBase_Pyro_RegionB_Medium_10,class-or-path-mining,ab_mine_pyro_regionb_med_010,ab_mine_pyro_desc,LOC_UNINITIALIZED,LOC_UNINITIALIZED,LOC_UNINITIALIZED,e60452a5-b85c-4ab1-97e7-9cefb466f87b,a14bec87-5801-4440-8ca8-35597487ac9a,PyroStar,libs/foundry/records/starmap/pu/system/pyro/pyrostar/pyrostar.xml,fea1b036-7eb7-46e2-a7ed-37e933017d9d,Default,400,0,0,0,0,18000,20000,1,0,c9c1e8bd-3f4b-4aa5-a331-7a0acf932531,libs/foundry/records/starmap/pu/asteroidcluster_miningbase_pyro_regionb_medium_10.xml
AsteroidCluster_MiningBase_Pyro_RegionB_Medium_11,class-or-path-mining,ab_mine_pyro_regionb_med_011,ab_mine_pyro_desc,LOC_UNINITIALIZED,LOC_UNINITIALIZED,LOC_UNINITIALIZED,e60452a5-b85c-4ab1-97e7-9cefb466f87b,a14bec87-5801-4440-8ca8-35597487ac9a,PyroStar,libs/foundry/records/starmap/pu/system/pyro/pyrostar/pyrostar.xml,fea1b036-7eb7-46e2-a7ed-37e933017d9d,Default,400,0,0,0,0,18000,20000,1,0,ecd9cd60-785f-4fc3-a488-ffbf20b686c6,libs/foundry/records/starmap/pu/asteroidcluster_miningbase_pyro_regionb_medium_11.xml
AsteroidCluster_MiningBase_Pyro_RegionB_Medium_12,class-or-path-mining,ab_mine_pyro_regionb_med_012,ab_mine_pyro_desc,LOC_UNINITIALIZED,LOC_UNINITIALIZED,LOC_UNINITIALIZED,e60452a5-b85c-4ab1-97e7-9cefb466f87b,a14bec87-5801-4440-8ca8-35597487ac9a,PyroStar,libs/foundry/records/starmap/pu/system/pyro/pyrostar/pyrostar.xml,fea1b036-7eb7-46e2-a7ed-37e933017d9d,Default,400,0,0,0,0,18000,20000,1,0,39c77283-98ec-449e-9563-f2bd4e0fb1b0,libs/foundry/records/starmap/pu/asteroidcluster_miningbase_pyro_regionb_medium_12.xml
AsteroidCluster_MiningBase_Pyro_RegionB_Medium_13,class-or-path-mining,ab_mine_pyro_regionb_med_013,ab_mine_pyro_desc,LOC_UNINITIALIZED,LOC_UNINITIALIZED,LOC_UNINITIALIZED,e60452a5-b85c-4ab1-97e7-9cefb466f87b,a14bec87-5801-4440-8ca8-35597487ac9a,PyroStar,libs/foundry/records/starmap/pu/system/pyro/pyrostar/pyrostar.xml,fea1b036-7eb7-46e2-a7ed-37e933017d9d,Default,400,0,0,0,0,18000,20000,1,0,27d5ffbc-46c9-41f6-90bd-eb0b7dc1b752,libs/foundry/records/starmap/pu/asteroidcluster_miningbase_pyro_regionb_medium_13.xml
AsteroidCluster_MiningBase_Pyro_RegionB_Medium_14,class-or-path-mining,ab_mine_pyro_regionb_med_014,ab_mine_pyro_desc,LOC_UNINITIALIZED,LOC_UNINITIALIZED,LOC_UNINITIALIZED,e60452a5-b85c-4ab1-97e7-9cefb466f87b,a14bec87-5801-4440-8ca8-35597487ac9a,PyroStar,libs/foundry/records/starmap/pu/system/pyro/pyrostar/pyrostar.xml,fea1b036-7eb7-46e2-a7ed-37e933017d9d,Default,400,0,0,0,0,18000,20000,1,0,fd92ecc2-dd24-4d48-b3ce-12be05f81a4d,libs/foundry/records/starmap/pu/asteroidcluster_miningbase_pyro_regionb_medium_14.xml
AsteroidCluster_MiningBase_Pyro_RegionB_Medium_15,class-or-path-mining,ab_mine_pyro_regionb_med_015,ab_mine_pyro_desc,LOC_UNINITIALIZED,LOC_UNINITIALIZED,LOC_UNINITIALIZED,e60452a5-b85c-4ab1-97e7-9cefb466f87b,a14bec87-5801-4440-8ca8-35597487ac9a,PyroStar,libs/foundry/records/starmap/pu/system/pyro/pyrostar/pyrostar.xml,fea1b036-7eb7-46e2-a7ed-37e933017d9d,Default,400,0,0,0,0,18000,20000,1,0,5bc69585-fae1-4eec-9e1a-dce7860f8d35,libs/foundry/records/starmap/pu/asteroidcluster_miningbase_pyro_regionb_medium_15.xml
AsteroidCluster_MiningBase_Pyro_RegionB_Medium_16,class-or-path-mining,ab_mine_pyro_regionb_med_016,ab_mine_pyro_desc,LOC_UNINITIALIZED,LOC_UNINITIALIZED,LOC_UNINITIALIZED,e60452a5-b85c-4ab1-97e7-9cefb466f87b,a14bec87-5801-4440-8ca8-35597487ac9a,PyroStar,libs/foundry/records/starmap/pu/system/pyro/pyrostar/pyrostar.xml,fea1b036-7eb7-46e2-a7ed-37e933017d9d,Default,400,0,0,0,0,18000,20000,1,0,984d71ca-901b-482b-bb0d-f387acf79b5f,libs/foundry/records/starmap/pu/asteroidcluster_miningbase_pyro_regionb_medium_16.xml
AsteroidCluster_MiningBase_Pyro_RegionB_Medium_17,class-or-path-mining,ab_mine_pyro_regionb_med_017,ab_mine_pyro_desc,LOC_UNINITIALIZED,LOC_UNINITIALIZED,LOC_UNINITIALIZED,e60452a5-b85c-4ab1-97e7-9cefb466f87b,a14bec87-5801-4440-8ca8-35597487ac9a,PyroStar,libs/foundry/records/starmap/pu/system/pyro/pyrostar/pyrostar.xml,fea1b036-7eb7-46e2-a7ed-37e933017d9d,Default,400,0,0,0,0,18000,20000,1,0,9a5f95cf-f593-4cf7-8200-e8df245ad58c,libs/foundry/records/starmap/pu/asteroidcluster_miningbase_pyro_regionb_medium_17.xml
AsteroidCluster_MiningBase_Pyro_RegionB_Small_01,class-or-path-mining,ab_mine_pyro_regionb_sml_001,ab_mine_pyro_desc,LOC_UNINITIALIZED,LOC_UNINITIALIZED,LOC_UNINITIALIZED,e60452a5-b85c-4ab1-97e7-9cefb466f87b,a14bec87-5801-4440-8ca8-35597487ac9a,PyroStar,libs/foundry/records/starmap/pu/system/pyro/pyrostar/pyrostar.xml,fea1b036-7eb7-46e2-a7ed-37e933017d9d,Default,400,0,0,0,0,18000,20000,1,0,33bec8b7-b646-471f-a4b4-3548465af1f4,libs/foundry/records/starmap/pu/asteroidcluster_miningbase_pyro_regionb_small_01.xml
AsteroidCluster_MiningBase_Pyro_RegionB_Small_02,class-or-path-mining,ab_mine_pyro_regionb_sml_002,ab_mine_pyro_desc,LOC_UNINITIALIZED,LOC_UNINITIALIZED,LOC_UNINITIALIZED,e60452a5-b85c-4ab1-97e7-9cefb466f87b,a14bec87-5801-4440-8ca8-35597487ac9a,PyroStar,libs/foundry/records/starmap/pu/system/pyro/pyrostar/pyrostar.xml,fea1b036-7eb7-46e2-a7ed-37e933017d9d,Default,400,0,0,0,0,18000,20000,1,0,0b6475b2-9b52-46ea-954a-133a11dadd8e,libs/foundry/records/starmap/pu/asteroidcluster_miningbase_pyro_regionb_small_02.xml
AsteroidCluster_MiningBase_Pyro_RegionB_Small_03,class-or-path-mining,ab_mine_pyro_regionb_sml_003,ab_mine_pyro_desc,LOC_UNINITIALIZED,LOC_UNINITIALIZED,LOC_UNINITIALIZED,e60452a5-b85c-4ab1-97e7-9cefb466f87b,a14bec87-5801-4440-8ca8-35597487ac9a,PyroStar,libs/foundry/records/starmap/pu/system/pyro/pyrostar/pyrostar.xml,fea1b036-7eb7-46e2-a7ed-37e933017d9d,Default,400,0,0,0,0,18000,20000,1,0,7f4c85f5-d508-42c8-9262-2e46c6105cb9,libs/foundry/records/starmap/pu/asteroidcluster_miningbase_pyro_regionb_small_03.xml
AsteroidCluster_MiningBase_Pyro_RegionB_Small_04,class-or-path-mining,ab_mine_pyro_regionb_sml_004,ab_mine_pyro_desc,LOC_UNINITIALIZED,LOC_UNINITIALIZED,LOC_UNINITIALIZED,e60452a5-b85c-4ab1-97e7-9cefb466f87b,a14bec87-5801-4440-8ca8-35597487ac9a,PyroStar,libs/foundry/records/starmap/pu/system/pyro/pyrostar/pyrostar.xml,fea1b036-7eb7-46e2-a7ed-37e933017d9d,Default,400,0,0,0,0,18000,20000,1,0,493e6aa2-fb57-4589-8b21-d767e5963c4e,libs/foundry/records/starmap/pu/asteroidcluster_miningbase_pyro_regionb_small_04.xml
AsteroidCluster_MiningBase_Pyro_RegionB,class-or-path-mining,MiningAsteroidBase_001,MiningAsteroidBase_001a,LOC_UNINITIALIZED,LOC_UNINITIALIZED,LOC_UNINITIALIZED,e60452a5-b85c-4ab1-97e7-9cefb466f87b,a14bec87-5801-4440-8ca8-35597487ac9a,PyroStar,libs/foundry/records/starmap/pu/system/pyro/pyrostar/pyrostar.xml,fea1b036-7eb7-46e2-a7ed-37e933017d9d,Default,400,0,0,0,0,18000,20000,1,0,1d26b64b-e044-4adf-b230-aaa99dc4b3f0,libs/foundry/records/starmap/pu/asteroidcluster_miningbase_pyro_regionb.xml
AsteroidCluster_MiningBase_Pyro_RegionC_Medium_01,class-or-path-mining,ab_mine_pyro_regionc_med_001,ab_mine_pyro_desc,LOC_UNINITIALIZED,LOC_UNINITIALIZED,LOC_UNINITIALIZED,e60452a5-b85c-4ab1-97e7-9cefb466f87b,a14bec87-5801-4440-8ca8-35597487ac9a,PyroStar,libs/foundry/records/starmap/pu/system/pyro/pyrostar/pyrostar.xml,f3cc8aa5-3a3e-49b7-bf40-664504f67075,Default,400,0,0,0,0,18000,20000,1,0,f0dda51d-3ea1-46ee-b996-fb9b6d642ff0,libs/foundry/records/starmap/pu/asteroidcluster_miningbase_pyro_regionc_medium_01.xml
AsteroidCluster_MiningBase_Pyro_RegionC_Medium_02,class-or-path-mining,ab_mine_pyro_regionc_med_002,ab_mine_pyro_desc,LOC_UNINITIALIZED,LOC_UNINITIALIZED,LOC_UNINITIALIZED,e60452a5-b85c-4ab1-97e7-9cefb466f87b,a14bec87-5801-4440-8ca8-35597487ac9a,PyroStar,libs/foundry/records/starmap/pu/system/pyro/pyrostar/pyrostar.xml,f3cc8aa5-3a3e-49b7-bf40-664504f67075,Default,400,0,0,0,0,18000,20000,1,0,2d89d887-f5c6-40e4-9ec1-5eeaed4856c0,libs/foundry/records/starmap/pu/asteroidcluster_miningbase_pyro_regionc_medium_02.xml
AsteroidCluster_MiningBase_Pyro_RegionC_Medium_03,class-or-path-mining,ab_mine_pyro_regionc_med_003,ab_mine_pyro_desc,LOC_UNINITIALIZED,LOC_UNINITIALIZED,LOC_UNINITIALIZED,e60452a5-b85c-4ab1-97e7-9cefb466f87b,a14bec87-5801-4440-8ca8-35597487ac9a,PyroStar,libs/foundry/records/starmap/pu/system/pyro/pyrostar/pyrostar.xml,f3cc8aa5-3a3e-49b7-bf40-664504f67075,Default,400,0,0,0,0,18000,20000,1,0,7961a1d3-1e77-49a1-8027-1bf3c8a030ea,libs/foundry/records/starmap/pu/asteroidcluster_miningbase_pyro_regionc_medium_03.xml
AsteroidCluster_MiningBase_Pyro_RegionC_Medium_04,class-or-path-mining,ab_mine_pyro_regionc_med_004,ab_mine_pyro_desc,LOC_UNINITIALIZED,LOC_UNINITIALIZED,LOC_UNINITIALIZED,e60452a5-b85c-4ab1-97e7-9cefb466f87b,a14bec87-5801-4440-8ca8-35597487ac9a,PyroStar,libs/foundry/records/starmap/pu/system/pyro/pyrostar/pyrostar.xml,f3cc8aa5-3a3e-49b7-bf40-664504f67075,Default,400,0,0,0,0,18000,20000,1,0,eb730bdd-59b2-4f24-b979-4613289a85e8,libs/foundry/records/starmap/pu/asteroidcluster_miningbase_pyro_regionc_medium_04.xml
AsteroidCluster_MiningBase_Pyro_RegionC_Medium_05,class-or-path-mining,ab_mine_pyro_regionc_med_005,ab_mine_pyro_desc,LOC_UNINITIALIZED,LOC_UNINITIALIZED,LOC_UNINITIALIZED,e60452a5-b85c-4ab1-97e7-9cefb466f87b,a14bec87-5801-4440-8ca8-35597487ac9a,PyroStar,libs/foundry/records/starmap/pu/system/pyro/pyrostar/pyrostar.xml,f3cc8aa5-3a3e-49b7-bf40-664504f67075,Default,400,0,0,0,0,18000,20000,1,0,4bc8a77d-3454-4be8-81b9-4e676bd18746,libs/foundry/records/starmap/pu/asteroidcluster_miningbase_pyro_regionc_medium_05.xml
AsteroidCluster_MiningBase_Pyro_RegionC_Medium_06,class-or-path-mining,ab_mine_pyro_regionc_med_006,ab_mine_pyro_desc,LOC_UNINITIALIZED,LOC_UNINITIALIZED,LOC_UNINITIALIZED,e60452a5-b85c-4ab1-97e7-9cefb466f87b,a14bec87-5801-4440-8ca8-35597487ac9a,PyroStar,libs/foundry/records/starmap/pu/system/pyro/pyrostar/pyrostar.xml,f3cc8aa5-3a3e-49b7-bf40-664504f67075,Default,400,0,0,0,0,18000,20000,1,0,a7e5d714-b107-4fc7-bd1e-eb1aad45b2a3,libs/foundry/records/starmap/pu/asteroidcluster_miningbase_pyro_regionc_medium_06.xml
AsteroidCluster_MiningBase_Pyro_RegionC_Medium_07,class-or-path-mining,ab_mine_pyro_regionc_med_007,ab_mine_pyro_desc,LOC_UNINITIALIZED,LOC_UNINITIALIZED,LOC_UNINITIALIZED,e60452a5-b85c-4ab1-97e7-9cefb466f87b,a14bec87-5801-4440-8ca8-35597487ac9a,PyroStar,libs/foundry/records/starmap/pu/system/pyro/pyrostar/pyrostar.xml,f3cc8aa5-3a3e-49b7-bf40-664504f67075,Default,400,0,0,0,0,18000,20000,1,0,06a818cb-c7f4-4872-93e4-0a17eb6401c5,libs/foundry/records/starmap/pu/asteroidcluster_miningbase_pyro_regionc_medium_07.xml
AsteroidCluster_MiningBase_Pyro_RegionC_Medium_08,class-or-path-mining,ab_mine_pyro_regionc_med_008,ab_mine_pyro_desc,LOC_UNINITIALIZED,LOC_UNINITIALIZED,LOC_UNINITIALIZED,e60452a5-b85c-4ab1-97e7-9cefb466f87b,a14bec87-5801-4440-8ca8-35597487ac9a,PyroStar,libs/foundry/records/starmap/pu/system/pyro/pyrostar/pyrostar.xml,f3cc8aa5-3a3e-49b7-bf40-664504f67075,Default,400,0,0,0,0,18000,20000,1,0,8296d7bc-e332-4397-9310-891bd0045e2d,libs/foundry/records/starmap/pu/asteroidcluster_miningbase_pyro_regionc_medium_08.xml
AsteroidCluster_MiningBase_Pyro_RegionC_Medium_09,class-or-path-mining,ab_mine_pyro_regionc_med_009,ab_mine_pyro_desc,LOC_UNINITIALIZED,LOC_UNINITIALIZED,LOC_UNINITIALIZED,e60452a5-b85c-4ab1-97e7-9cefb466f87b,a14bec87-5801-4440-8ca8-35597487ac9a,PyroStar,libs/foundry/records/starmap/pu/system/pyro/pyrostar/pyrostar.xml,f3cc8aa5-3a3e-49b7-bf40-664504f67075,Default,400,0,0,0,0,18000,20000,1,0,ae672fab-8cf4-49ce-ae7a-fd2f1258f143,libs/foundry/records/starmap/pu/asteroidcluster_miningbase_pyro_regionc_medium_09.xml
AsteroidCluster_MiningBase_Pyro_RegionC_Medium_10,class-or-path-mining,ab_mine_pyro_regionc_med_010,ab_mine_pyro_desc,LOC_UNINITIALIZED,LOC_UNINITIALIZED,LOC_UNINITIALIZED,e60452a5-b85c-4ab1-97e7-9cefb466f87b,a14bec87-5801-4440-8ca8-35597487ac9a,PyroStar,libs/foundry/records/starmap/pu/system/pyro/pyrostar/pyrostar.xml,f3cc8aa5-3a3e-49b7-bf40-664504f67075,Default,400,0,0,0,0,18000,20000,1,0,9104328b-9128-4e91-a1b5-20559c40c1f3,libs/foundry/records/starmap/pu/asteroidcluster_miningbase_pyro_regionc_medium_10.xml
AsteroidCluster_MiningBase_Pyro_RegionC_Medium_11,class-or-path-mining,ab_mine_pyro_regionc_med_011,ab_mine_pyro_desc,LOC_UNINITIALIZED,LOC_UNINITIALIZED,LOC_UNINITIALIZED,e60452a5-b85c-4ab1-97e7-9cefb466f87b,a14bec87-5801-4440-8ca8-35597487ac9a,PyroStar,libs/foundry/records/starmap/pu/system/pyro/pyrostar/pyrostar.xml,f3cc8aa5-3a3e-49b7-bf40-664504f67075,Default,400,0,0,0,0,18000,20000,1,0,4a7c8e13-301c-4bc9-a271-cea1bcd25c98,libs/foundry/records/starmap/pu/asteroidcluster_miningbase_pyro_regionc_medium_11.xml
AsteroidCluster_MiningBase_Pyro_RegionC_Medium_12,class-or-path-mining,ab_mine_pyro_regionc_med_012,ab_mine_pyro_desc,LOC_UNINITIALIZED,LOC_UNINITIALIZED,LOC_UNINITIALIZED,e60452a5-b85c-4ab1-97e7-9cefb466f87b,a14bec87-5801-4440-8ca8-35597487ac9a,PyroStar,libs/foundry/records/starmap/pu/system/pyro/pyrostar/pyrostar.xml,f3cc8aa5-3a3e-49b7-bf40-664504f67075,Default,400,0,0,0,0,18000,20000,1,0,ca1393b1-8297-4788-b819-5884ea70954c,libs/foundry/records/starmap/pu/asteroidcluster_miningbase_pyro_regionc_medium_12.xml
AsteroidCluster_MiningBase_Pyro_RegionC_Medium_13,class-or-path-mining,ab_mine_pyro_regionc_med_013,ab_mine_pyro_desc,LOC_UNINITIALIZED,LOC_UNINITIALIZED,LOC_UNINITIALIZED,e60452a5-b85c-4ab1-97e7-9cefb466f87b,a14bec87-5801-4440-8ca8-35597487ac9a,PyroStar,libs/foundry/records/starmap/pu/system/pyro/pyrostar/pyrostar.xml,f3cc8aa5-3a3e-49b7-bf40-664504f67075,Default,400,0,0,0,0,18000,20000,1,0,e154be4b-2139-4771-87d5-3cf78807b7d2,libs/foundry/records/starmap/pu/asteroidcluster_miningbase_pyro_regionc_medium_13.xml
AsteroidCluster_MiningBase_Pyro_RegionC_Medium_14,class-or-path-mining,ab_mine_pyro_regionc_med_014,ab_mine_pyro_desc,LOC_UNINITIALIZED,LOC_UNINITIALIZED,LOC_UNINITIALIZED,e60452a5-b85c-4ab1-97e7-9cefb466f87b,a14bec87-5801-4440-8ca8-35597487ac9a,PyroStar,libs/foundry/records/starmap/pu/system/pyro/pyrostar/pyrostar.xml,f3cc8aa5-3a3e-49b7-bf40-664504f67075,Default,400,0,0,0,0,18000,20000,1,0,14038458-3a68-462f-a2cd-93280c01a68f,libs/foundry/records/starmap/pu/asteroidcluster_miningbase_pyro_regionc_medium_14.xml
AsteroidCluster_MiningBase_Pyro_RegionC_Medium_15,class-or-path-mining,ab_mine_pyro_regionc_med_015,ab_mine_pyro_desc,LOC_UNINITIALIZED,LOC_UNINITIALIZED,LOC_UNINITIALIZED,e60452a5-b85c-4ab1-97e7-9cefb466f87b,a14bec87-5801-4440-8ca8-35597487ac9a,PyroStar,libs/foundry/records/starmap/pu/system/pyro/pyrostar/pyrostar.xml,f3cc8aa5-3a3e-49b7-bf40-664504f67075,Default,400,0,0,0,0,18000,20000,1,0,2ffb5ea3-8355-4654-813e-15ae75be0beb,libs/foundry/records/starmap/pu/asteroidcluster_miningbase_pyro_regionc_medium_15.xml
AsteroidCluster_MiningBase_Pyro_RegionC_Medium_16,class-or-path-mining,ab_mine_pyro_regionc_med_016,ab_mine_pyro_desc,LOC_UNINITIALIZED,LOC_UNINITIALIZED,LOC_UNINITIALIZED,e60452a5-b85c-4ab1-97e7-9cefb466f87b,a14bec87-5801-4440-8ca8-35597487ac9a,PyroStar,libs/foundry/records/starmap/pu/system/pyro/pyrostar/pyrostar.xml,f3cc8aa5-3a3e-49b7-bf40-664504f67075,Default,400,0,0,0,0,18000,20000,1,0,4aee5dfc-620b-4f27-a3fc-ae7d0a4292c1,libs/foundry/records/starmap/pu/asteroidcluster_miningbase_pyro_regionc_medium_16.xml
AsteroidCluster_MiningBase_Pyro_RegionC_Medium_17,class-or-path-mining,ab_mine_pyro_regionc_med_017,ab_mine_pyro_desc,LOC_UNINITIALIZED,LOC_UNINITIALIZED,LOC_UNINITIALIZED,e60452a5-b85c-4ab1-97e7-9cefb466f87b,a14bec87-5801-4440-8ca8-35597487ac9a,PyroStar,libs/foundry/records/starmap/pu/system/pyro/pyrostar/pyrostar.xml,f3cc8aa5-3a3e-49b7-bf40-664504f67075,Default,400,0,0,0,0,18000,20000,1,0,d8793e3d-f5ba-48b6-825a-068ff7abbaed,libs/foundry/records/starmap/pu/asteroidcluster_miningbase_pyro_regionc_medium_17.xml
AsteroidCluster_MiningBase_Pyro_RegionC_Medium_18,class-or-path-mining,ab_mine_pyro_regionc_med_018,ab_mine_pyro_desc,LOC_UNINITIALIZED,LOC_UNINITIALIZED,LOC_UNINITIALIZED,e60452a5-b85c-4ab1-97e7-9cefb466f87b,a14bec87-5801-4440-8ca8-35597487ac9a,PyroStar,libs/foundry/records/starmap/pu/system/pyro/pyrostar/pyrostar.xml,f3cc8aa5-3a3e-49b7-bf40-664504f67075,Default,400,0,0,0,0,18000,20000,1,0,decaadd5-40d1-4913-b00c-18a089e6e72f,libs/foundry/records/starmap/pu/asteroidcluster_miningbase_pyro_regionc_medium_18.xml
AsteroidCluster_MiningBase_Pyro_RegionC_Small_01,class-or-path-mining,ab_mine_pyro_regionc_sml_001,ab_mine_pyro_desc,LOC_UNINITIALIZED,LOC_UNINITIALIZED,LOC_UNINITIALIZED,e60452a5-b85c-4ab1-97e7-9cefb466f87b,a14bec87-5801-4440-8ca8-35597487ac9a,PyroStar,libs/foundry/records/starmap/pu/system/pyro/pyrostar/pyrostar.xml,f3cc8aa5-3a3e-49b7-bf40-664504f67075,Default,400,0,0,0,0,18000,20000,1,0,7b88cdb4-6ca9-4560-b650-34bbae8804a2,libs/foundry/records/starmap/pu/asteroidcluster_miningbase_pyro_regionc_small_01.xml
AsteroidCluster_MiningBase_Pyro_RegionC_Small_02,class-or-path-mining,ab_mine_pyro_regionc_sml_002,ab_mine_pyro_desc,LOC_UNINITIALIZED,LOC_UNINITIALIZED,LOC_UNINITIALIZED,e60452a5-b85c-4ab1-97e7-9cefb466f87b,a14bec87-5801-4440-8ca8-35597487ac9a,PyroStar,libs/foundry/records/starmap/pu/system/pyro/pyrostar/pyrostar.xml,f3cc8aa5-3a3e-49b7-bf40-664504f67075,Default,400,0,0,0,0,18000,20000,1,0,31ac933d-8f27-436a-82aa-4acbd58ecf8f,libs/foundry/records/starmap/pu/asteroidcluster_miningbase_pyro_regionc_small_02.xml
AsteroidCluster_MiningBase_Pyro_RegionC_Small_03,class-or-path-mining,ab_mine_pyro_regionc_sml_003,ab_mine_pyro_desc,LOC_UNINITIALIZED,LOC_UNINITIALIZED,LOC_UNINITIALIZED,e60452a5-b85c-4ab1-97e7-9cefb466f87b,a14bec87-5801-4440-8ca8-35597487ac9a,PyroStar,libs/foundry/records/starmap/pu/system/pyro/pyrostar/pyrostar.xml,f3cc8aa5-3a3e-49b7-bf40-664504f67075,Default,400,0,0,0,0,18000,20000,1,0,ef6569a7-8d42-42be-90e2-0f5ec7c02416,libs/foundry/records/starmap/pu/asteroidcluster_miningbase_pyro_regionc_small_03.xml
AsteroidCluster_MiningBase_Pyro_RegionC,class-or-path-mining,MiningAsteroidBase_001,ab_mine_pyro_desc,LOC_UNINITIALIZED,LOC_UNINITIALIZED,LOC_UNINITIALIZED,e60452a5-b85c-4ab1-97e7-9cefb466f87b,a14bec87-5801-4440-8ca8-35597487ac9a,PyroStar,libs/foundry/records/starmap/pu/system/pyro/pyrostar/pyrostar.xml,f3cc8aa5-3a3e-49b7-bf40-664504f67075,Default,400,0,0,0,0,18000,20000,1,0,3a9ad441-b058-4712-8911-3c3a3eeb8b56,libs/foundry/records/starmap/pu/asteroidcluster_miningbase_pyro_regionc.xml
AsteroidCluster_MiningBase_Pyro_RegionD_Medium_01,class-or-path-mining,ab_mine_pyro_regiond_med_001,ab_mine_pyro_desc,LOC_UNINITIALIZED,LOC_UNINITIALIZED,LOC_UNINITIALIZED,e60452a5-b85c-4ab1-97e7-9cefb466f87b,a14bec87-5801-4440-8ca8-35597487ac9a,PyroStar,libs/foundry/records/starmap/pu/system/pyro/pyrostar/pyrostar.xml,817981ad-4ec1-43ea-950b-f21f4267b179,Default,400,0,0,0,0,18000,20000,1,0,f4cb5b02-bff8-460e-9415-073adc5dcc0a,libs/foundry/records/starmap/pu/asteroidcluster_miningbase_pyro_regiond_medium_01.xml
AsteroidCluster_MiningBase_Pyro_RegionD_Medium_02,class-or-path-mining,ab_mine_pyro_regiond_med_002,ab_mine_pyro_desc,LOC_UNINITIALIZED,LOC_UNINITIALIZED,LOC_UNINITIALIZED,e60452a5-b85c-4ab1-97e7-9cefb466f87b,a14bec87-5801-4440-8ca8-35597487ac9a,PyroStar,libs/foundry/records/starmap/pu/system/pyro/pyrostar/pyrostar.xml,817981ad-4ec1-43ea-950b-f21f4267b179,Default,400,0,0,0,0,18000,20000,1,0,1b7407d0-b501-4434-9785-f2afaec329b5,libs/foundry/records/starmap/pu/asteroidcluster_miningbase_pyro_regiond_medium_02.xml
AsteroidCluster_MiningBase_Pyro_RegionD_Medium_03,class-or-path-mining,ab_mine_pyro_regiond_med_003,ab_mine_pyro_desc,LOC_UNINITIALIZED,LOC_UNINITIALIZED,LOC_UNINITIALIZED,e60452a5-b85c-4ab1-97e7-9cefb466f87b,a14bec87-5801-4440-8ca8-35597487ac9a,PyroStar,libs/foundry/records/starmap/pu/system/pyro/pyrostar/pyrostar.xml,817981ad-4ec1-43ea-950b-f21f4267b179,Default,400,0,0,0,0,18000,20000,1,0,99e8858e-2d0e-46a7-8419-16e7cb3a5d2f,libs/foundry/records/starmap/pu/asteroidcluster_miningbase_pyro_regiond_medium_03.xml
AsteroidCluster_MiningBase_Pyro_RegionD_Medium_04,class-or-path-mining,ab_mine_pyro_regiond_med_004,ab_mine_pyro_desc,LOC_UNINITIALIZED,LOC_UNINITIALIZED,LOC_UNINITIALIZED,e60452a5-b85c-4ab1-97e7-9cefb466f87b,a14bec87-5801-4440-8ca8-35597487ac9a,PyroStar,libs/foundry/records/starmap/pu/system/pyro/pyrostar/pyrostar.xml,817981ad-4ec1-43ea-950b-f21f4267b179,Default,400,0,0,0,0,18000,20000,1,0,14d4f78e-e303-40c1-a85b-21d101cee95e,libs/foundry/records/starmap/pu/asteroidcluster_miningbase_pyro_regiond_medium_04.xml
AsteroidCluster_MiningBase_Pyro_RegionD_Medium_05,class-or-path-mining,ab_mine_pyro_regiond_med_005,ab_mine_pyro_desc,LOC_UNINITIALIZED,LOC_UNINITIALIZED,LOC_UNINITIALIZED,e60452a5-b85c-4ab1-97e7-9cefb466f87b,a14bec87-5801-4440-8ca8-35597487ac9a,PyroStar,libs/foundry/records/starmap/pu/system/pyro/pyrostar/pyrostar.xml,817981ad-4ec1-43ea-950b-f21f4267b179,Default,400,0,0,0,0,18000,20000,1,0,eb581731-fa19-4e10-bace-4f5d3897856a,libs/foundry/records/starmap/pu/asteroidcluster_miningbase_pyro_regiond_medium_05.xml
AsteroidCluster_MiningBase_Pyro_RegionD_Medium_06,class-or-path-mining,ab_mine_pyro_regiond_med_006,ab_mine_pyro_desc,LOC_UNINITIALIZED,LOC_UNINITIALIZED,LOC_UNINITIALIZED,e60452a5-b85c-4ab1-97e7-9cefb466f87b,a14bec87-5801-4440-8ca8-35597487ac9a,PyroStar,libs/foundry/records/starmap/pu/system/pyro/pyrostar/pyrostar.xml,817981ad-4ec1-43ea-950b-f21f4267b179,Default,400,0,0,0,0,18000,20000,1,0,bc93b494-5403-4820-aae5-29f5ab21f86f,libs/foundry/records/starmap/pu/asteroidcluster_miningbase_pyro_regiond_medium_06.xml
AsteroidCluster_MiningBase_Pyro_RegionD_Medium_07,class-or-path-mining,ab_mine_pyro_regiond_med_007,ab_mine_pyro_desc,LOC_UNINITIALIZED,LOC_UNINITIALIZED,LOC_UNINITIALIZED,e60452a5-b85c-4ab1-97e7-9cefb466f87b,a14bec87-5801-4440-8ca8-35597487ac9a,PyroStar,libs/foundry/records/starmap/pu/system/pyro/pyrostar/pyrostar.xml,817981ad-4ec1-43ea-950b-f21f4267b179,Default,400,0,0,0,0,18000,20000,1,0,a2d889c3-d473-4095-8631-08d7f868cf2c,libs/foundry/records/starmap/pu/asteroidcluster_miningbase_pyro_regiond_medium_07.xml
AsteroidCluster_MiningBase_Pyro_RegionD_Medium_08,class-or-path-mining,ab_mine_pyro_regiond_med_008,ab_mine_pyro_desc,LOC_UNINITIALIZED,LOC_UNINITIALIZED,LOC_UNINITIALIZED,e60452a5-b85c-4ab1-97e7-9cefb466f87b,a14bec87-5801-4440-8ca8-35597487ac9a,PyroStar,libs/foundry/records/starmap/pu/system/pyro/pyrostar/pyrostar.xml,817981ad-4ec1-43ea-950b-f21f4267b179,Default,400,0,0,0,0,18000,20000,1,0,dff79d0e-f318-4ed3-9401-ece3e58f4626,libs/foundry/records/starmap/pu/asteroidcluster_miningbase_pyro_regiond_medium_08.xml
AsteroidCluster_MiningBase_Pyro_RegionD_Medium_09,class-or-path-mining,ab_mine_pyro_regiond_med_009,ab_mine_pyro_desc,LOC_UNINITIALIZED,LOC_UNINITIALIZED,LOC_UNINITIALIZED,e60452a5-b85c-4ab1-97e7-9cefb466f87b,a14bec87-5801-4440-8ca8-35597487ac9a,PyroStar,libs/foundry/records/starmap/pu/system/pyro/pyrostar/pyrostar.xml,817981ad-4ec1-43ea-950b-f21f4267b179,Default,400,0,0,0,0,18000,20000,1,0,9f54da9c-e241-4909-8366-b56c7cda6c5c,libs/foundry/records/starmap/pu/asteroidcluster_miningbase_pyro_regiond_medium_09.xml
AsteroidCluster_MiningBase_Pyro_RegionD_Medium_10,class-or-path-mining,ab_mine_pyro_regiond_med_010,ab_mine_pyro_desc,LOC_UNINITIALIZED,LOC_UNINITIALIZED,LOC_UNINITIALIZED,e60452a5-b85c-4ab1-97e7-9cefb466f87b,a14bec87-5801-4440-8ca8-35597487ac9a,PyroStar,libs/foundry/records/starmap/pu/system/pyro/pyrostar/pyrostar.xml,817981ad-4ec1-43ea-950b-f21f4267b179,Default,400,0,0,0,0,18000,20000,1,0,09f726f5-435e-4d0c-be31-c44bc39b39ef,libs/foundry/records/starmap/pu/asteroidcluster_miningbase_pyro_regiond_medium_10.xml
AsteroidCluster_MiningBase_Pyro_RegionD_Medium_11,class-or-path-mining,ab_mine_pyro_regiond_med_011,ab_mine_pyro_desc,LOC_UNINITIALIZED,LOC_UNINITIALIZED,LOC_UNINITIALIZED,e60452a5-b85c-4ab1-97e7-9cefb466f87b,a14bec87-5801-4440-8ca8-35597487ac9a,PyroStar,libs/foundry/records/starmap/pu/system/pyro/pyrostar/pyrostar.xml,817981ad-4ec1-43ea-950b-f21f4267b179,Default,400,0,0,0,0,18000,20000,1,0,76129194-af6f-4a50-b458-5ef0b5a2e614,libs/foundry/records/starmap/pu/asteroidcluster_miningbase_pyro_regiond_medium_11.xml
AsteroidCluster_MiningBase_Pyro_RegionD_Medium_12,class-or-path-mining,ab_mine_pyro_regiond_med_012,ab_mine_pyro_desc,LOC_UNINITIALIZED,LOC_UNINITIALIZED,LOC_UNINITIALIZED,e60452a5-b85c-4ab1-97e7-9cefb466f87b,a14bec87-5801-4440-8ca8-35597487ac9a,PyroStar,libs/foundry/records/starmap/pu/system/pyro/pyrostar/pyrostar.xml,817981ad-4ec1-43ea-950b-f21f4267b179,Default,400,0,0,0,0,18000,20000,1,0,4931d790-a832-4dea-87db-3007a81537c5,libs/foundry/records/starmap/pu/asteroidcluster_miningbase_pyro_regiond_medium_12.xml
AsteroidCluster_MiningBase_Pyro_RegionD_Medium_13,class-or-path-mining,ab_mine_pyro_regiond_med_013,ab_mine_pyro_desc,LOC_UNINITIALIZED,LOC_UNINITIALIZED,LOC_UNINITIALIZED,e60452a5-b85c-4ab1-97e7-9cefb466f87b,a14bec87-5801-4440-8ca8-35597487ac9a,PyroStar,libs/foundry/records/starmap/pu/system/pyro/pyrostar/pyrostar.xml,817981ad-4ec1-43ea-950b-f21f4267b179,Default,400,0,0,0,0,18000,20000,1,0,0d2966ab-86c4-4f30-ac3d-76c5fee95d15,libs/foundry/records/starmap/pu/asteroidcluster_miningbase_pyro_regiond_medium_13.xml
AsteroidCluster_MiningBase_Pyro_RegionD_Medium_14,class-or-path-mining,ab_mine_pyro_regiond_med_014,ab_mine_pyro_desc,LOC_UNINITIALIZED,LOC_UNINITIALIZED,LOC_UNINITIALIZED,e60452a5-b85c-4ab1-97e7-9cefb466f87b,a14bec87-5801-4440-8ca8-35597487ac9a,PyroStar,libs/foundry/records/starmap/pu/system/pyro/pyrostar/pyrostar.xml,817981ad-4ec1-43ea-950b-f21f4267b179,Default,400,0,0,0,0,18000,20000,1,0,5d1103d6-cfb9-4319-b4c4-4bcd64bce44b,libs/foundry/records/starmap/pu/asteroidcluster_miningbase_pyro_regiond_medium_14.xml
AsteroidCluster_MiningBase_Pyro_RegionD_Medium_15,class-or-path-mining,ab_mine_pyro_regiond_med_015,ab_mine_pyro_desc,LOC_UNINITIALIZED,LOC_UNINITIALIZED,LOC_UNINITIALIZED,e60452a5-b85c-4ab1-97e7-9cefb466f87b,a14bec87-5801-4440-8ca8-35597487ac9a,PyroStar,libs/foundry/records/starmap/pu/system/pyro/pyrostar/pyrostar.xml,817981ad-4ec1-43ea-950b-f21f4267b179,Default,400,0,0,0,0,18000,20000,1,0,e45d12e7-e3c0-4559-bc4c-37bab55811ae,libs/foundry/records/starmap/pu/asteroidcluster_miningbase_pyro_regiond_medium_15.xml
AsteroidCluster_MiningBase_Pyro_RegionD_Medium_16,class-or-path-mining,ab_mine_pyro_regiond_med_016,ab_mine_pyro_desc,LOC_UNINITIALIZED,LOC_UNINITIALIZED,LOC_UNINITIALIZED,e60452a5-b85c-4ab1-97e7-9cefb466f87b,a14bec87-5801-4440-8ca8-35597487ac9a,PyroStar,libs/foundry/records/starmap/pu/system/pyro/pyrostar/pyrostar.xml,817981ad-4ec1-43ea-950b-f21f4267b179,Default,400,0,0,0,0,18000,20000,1,0,da4c4e6b-e8ca-4369-acf2-6ba850fcfd20,libs/foundry/records/starmap/pu/asteroidcluster_miningbase_pyro_regiond_medium_16.xml
AsteroidCluster_MiningBase_Pyro_RegionD_Medium_17,class-or-path-mining,ab_mine_pyro_regiond_med_017,ab_mine_pyro_desc,LOC_UNINITIALIZED,LOC_UNINITIALIZED,LOC_UNINITIALIZED,e60452a5-b85c-4ab1-97e7-9cefb466f87b,a14bec87-5801-4440-8ca8-35597487ac9a,PyroStar,libs/foundry/records/starmap/pu/system/pyro/pyrostar/pyrostar.xml,817981ad-4ec1-43ea-950b-f21f4267b179,Default,400,0,0,0,0,18000,20000,1,0,fd8d1d9c-ab33-4f74-ac77-6aa945a158b0,libs/foundry/records/starmap/pu/asteroidcluster_miningbase_pyro_regiond_medium_17.xml
AsteroidCluster_MiningBase_Pyro_RegionD_Medium_18,class-or-path-mining,ab_mine_pyro_regiond_med_018,ab_mine_pyro_desc,LOC_UNINITIALIZED,LOC_UNINITIALIZED,LOC_UNINITIALIZED,e60452a5-b85c-4ab1-97e7-9cefb466f87b,a14bec87-5801-4440-8ca8-35597487ac9a,PyroStar,libs/foundry/records/starmap/pu/system/pyro/pyrostar/pyrostar.xml,817981ad-4ec1-43ea-950b-f21f4267b179,Default,400,0,0,0,0,18000,20000,1,0,de4ed01e-dcf6-4e84-87cc-4f188d0d8c34,libs/foundry/records/starmap/pu/asteroidcluster_miningbase_pyro_regiond_medium_18.xml
AsteroidCluster_MiningBase_Pyro_RegionD_Small_01,class-or-path-mining,ab_mine_pyro_regiond_sml_001,ab_mine_pyro_desc,LOC_UNINITIALIZED,LOC_UNINITIALIZED,LOC_UNINITIALIZED,e60452a5-b85c-4ab1-97e7-9cefb466f87b,a14bec87-5801-4440-8ca8-35597487ac9a,PyroStar,libs/foundry/records/starmap/pu/system/pyro/pyrostar/pyrostar.xml,817981ad-4ec1-43ea-950b-f21f4267b179,Default,400,0,0,0,0,18000,20000,1,0,4029be96-9188-47ba-a6de-457a974ea9e4,libs/foundry/records/starmap/pu/asteroidcluster_miningbase_pyro_regiond_small_01.xml
AsteroidCluster_MiningBase_Pyro_RegionD_Small_02,class-or-path-mining,ab_mine_pyro_regiond_sml_002,ab_mine_pyro_desc,LOC_UNINITIALIZED,LOC_UNINITIALIZED,LOC_UNINITIALIZED,e60452a5-b85c-4ab1-97e7-9cefb466f87b,a14bec87-5801-4440-8ca8-35597487ac9a,PyroStar,libs/foundry/records/starmap/pu/system/pyro/pyrostar/pyrostar.xml,817981ad-4ec1-43ea-950b-f21f4267b179,Default,400,0,0,0,0,18000,20000,1,0,371b4fb1-840f-4368-834c-dd8096ae8c26,libs/foundry/records/starmap/pu/asteroidcluster_miningbase_pyro_regiond_small_02.xml
AsteroidCluster_MiningBase_Pyro_RegionD_Small_03,class-or-path-mining,ab_mine_pyro_regiond_sml_003,ab_mine_pyro_desc,LOC_UNINITIALIZED,LOC_UNINITIALIZED,LOC_UNINITIALIZED,e60452a5-b85c-4ab1-97e7-9cefb466f87b,a14bec87-5801-4440-8ca8-35597487ac9a,PyroStar,libs/foundry/records/starmap/pu/system/pyro/pyrostar/pyrostar.xml,817981ad-4ec1-43ea-950b-f21f4267b179,Default,400,0,0,0,0,18000,20000,1,0,887ef7d1-7599-4676-8580-25ac351a727d,libs/foundry/records/starmap/pu/asteroidcluster_miningbase_pyro_regiond_small_03.xml
AsteroidCluster_MiningBase_Pyro_RegionD,class-or-path-mining,MiningAsteroidBase_001,ab_mine_pyro_desc,LOC_UNINITIALIZED,LOC_UNINITIALIZED,LOC_UNINITIALIZED,e60452a5-b85c-4ab1-97e7-9cefb466f87b,a14bec87-5801-4440-8ca8-35597487ac9a,PyroStar,libs/foundry/records/starmap/pu/system/pyro/pyrostar/pyrostar.xml,817981ad-4ec1-43ea-950b-f21f4267b179,Default,400,0,0,0,0,18000,20000,1,0,e2104d36-aab9-44a5-8c9f-e3a147f5aa3c,libs/foundry/records/starmap/pu/asteroidcluster_miningbase_pyro_regiond.xml
AsteroidCluster_MiningBase_Pyro,class-or-path-mining,MiningAsteroidBase_001,MiningAsteroidBase_001a,LOC_UNINITIALIZED,LOC_UNINITIALIZED,LOC_UNINITIALIZED,e60452a5-b85c-4ab1-97e7-9cefb466f87b,a14bec87-5801-4440-8ca8-35597487ac9a,PyroStar,libs/foundry/records/starmap/pu/system/pyro/pyrostar/pyrostar.xml,,Default,400,0,0,0,0,18000,20000,1,0,a68c0a1f-d454-4635-b644-dc8c867b5f8b,libs/foundry/records/starmap/pu/asteroidcluster_miningbase_pyro.xml
AsteroidCluster_MiningBase_Stanton,class-or-path-mining,MiningAsteroidBase_001,MiningAsteroidBase_001a,LOC_UNINITIALIZED,LOC_UNINITIALIZED,LOC_UNINITIALIZED,e60452a5-b85c-4ab1-97e7-9cefb466f87b,34ff378f-faee-47bb-b5fe-f505e665c5ca,StantonStar,libs/foundry/records/starmap/pu/system/stanton/stantonstar/starmapobject.stantonstar.xml,,Default,400,0,0,0,0,18000,20000,1,0,04ff332d-e355-45bf-ab16-04df30fe0a44,libs/foundry/records/starmap/pu/asteroidcluster_miningbase_stanton.xml
AsteroidCluster_MiningBase_Stanton1_Medium_01,class-or-path-mining,AsteroidCluster_MiningBase_Stanton01_Medium_01,AsteroidCluster_MiningBase_Desc,LOC_UNINITIALIZED,LOC_UNINITIALIZED,LOC_UNINITIALIZED,e60452a5-b85c-4ab1-97e7-9cefb466f87b,34ff378f-faee-47bb-b5fe-f505e665c5ca,StantonStar,libs/foundry/records/starmap/pu/system/stanton/stantonstar/starmapobject.stantonstar.xml,13abec13-80ce-4fda-917a-c2e2225b0268,Default,400,0,0,0,0,18000,20000,1,0,04e690e8-aca8-421d-97f6-e7e766995ac9,libs/foundry/records/starmap/pu/asteroidcluster_miningbase_stanton1_medium_01.xml
AsteroidCluster_MiningBase_Stanton1_Medium_02,class-or-path-mining,AsteroidCluster_MiningBase_Stanton01_Medium_02,AsteroidCluster_MiningBase_Desc,LOC_UNINITIALIZED,LOC_UNINITIALIZED,LOC_UNINITIALIZED,e60452a5-b85c-4ab1-97e7-9cefb466f87b,34ff378f-faee-47bb-b5fe-f505e665c5ca,StantonStar,libs/foundry/records/starmap/pu/system/stanton/stantonstar/starmapobject.stantonstar.xml,13abec13-80ce-4fda-917a-c2e2225b0268,Default,400,0,0,0,0,18000,20000,1,0,7798b8d7-cb14-4741-be99-13dd0693c74b,libs/foundry/records/starmap/pu/asteroidcluster_miningbase_stanton1_medium_02.xml
AsteroidCluster_MiningBase_Stanton1_Medium_03,class-or-path-mining,AsteroidCluster_MiningBase_Stanton01_Medium_03,AsteroidCluster_MiningBase_Desc,LOC_UNINITIALIZED,LOC_UNINITIALIZED,LOC_UNINITIALIZED,e60452a5-b85c-4ab1-97e7-9cefb466f87b,34ff378f-faee-47bb-b5fe-f505e665c5ca,StantonStar,libs/foundry/records/starmap/pu/system/stanton/stantonstar/starmapobject.stantonstar.xml,13abec13-80ce-4fda-917a-c2e2225b0268,Default,400,0,0,0,0,18000,20000,1,0,f87e8930-2fcc-4a4b-9a07-8fa4018fdfb9,libs/foundry/records/starmap/pu/asteroidcluster_miningbase_stanton1_medium_03.xml
AsteroidCluster_MiningBase_Stanton1_Medium_04,class-or-path-mining,AsteroidCluster_MiningBase_Stanton01_Medium_04,AsteroidCluster_MiningBase_Desc,LOC_UNINITIALIZED,LOC_UNINITIALIZED,LOC_UNINITIALIZED,e60452a5-b85c-4ab1-97e7-9cefb466f87b,34ff378f-faee-47bb-b5fe-f505e665c5ca,StantonStar,libs/foundry/records/starmap/pu/system/stanton/stantonstar/starmapobject.stantonstar.xml,13abec13-80ce-4fda-917a-c2e2225b0268,Default,400,0,0,0,0,18000,20000,1,0,df06cdcd-6bd7-48b7-93cd-ed0a25f5b6c1,libs/foundry/records/starmap/pu/asteroidcluster_miningbase_stanton1_medium_04.xml
AsteroidCluster_MiningBase_Stanton1_Medium_05,class-or-path-mining,AsteroidCluster_MiningBase_Stanton01_Medium_05,AsteroidCluster_MiningBase_Desc,LOC_UNINITIALIZED,LOC_UNINITIALIZED,LOC_UNINITIALIZED,e60452a5-b85c-4ab1-97e7-9cefb466f87b,34ff378f-faee-47bb-b5fe-f505e665c5ca,StantonStar,libs/foundry/records/starmap/pu/system/stanton/stantonstar/starmapobject.stantonstar.xml,13abec13-80ce-4fda-917a-c2e2225b0268,Default,400,0,0,0,0,18000,20000,1,0,d6a51101-0480-4e80-8de2-5c6452879298,libs/foundry/records/starmap/pu/asteroidcluster_miningbase_stanton1_medium_05.xml
AsteroidCluster_MiningBase_Stanton1_Medium_06,class-or-path-mining,AsteroidCluster_MiningBase_Stanton01_Medium_06,AsteroidCluster_MiningBase_Desc,LOC_UNINITIALIZED,LOC_UNINITIALIZED,LOC_UNINITIALIZED,e60452a5-b85c-4ab1-97e7-9cefb466f87b,34ff378f-faee-47bb-b5fe-f505e665c5ca,StantonStar,libs/foundry/records/starmap/pu/system/stanton/stantonstar/starmapobject.stantonstar.xml,13abec13-80ce-4fda-917a-c2e2225b0268,Default,400,0,0,0,0,18000,20000,1,0,7e7ba348-c8ed-47da-8e5f-f0114beae392,libs/foundry/records/starmap/pu/asteroidcluster_miningbase_stanton1_medium_06.xml
AsteroidCluster_MiningBase_Stanton1_Medium_07,class-or-path-mining,AsteroidCluster_MiningBase_Stanton01_Medium_07,AsteroidCluster_MiningBase_Desc,LOC_UNINITIALIZED,LOC_UNINITIALIZED,LOC_UNINITIALIZED,e60452a5-b85c-4ab1-97e7-9cefb466f87b,34ff378f-faee-47bb-b5fe-f505e665c5ca,StantonStar,libs/foundry/records/starmap/pu/system/stanton/stantonstar/starmapobject.stantonstar.xml,13abec13-80ce-4fda-917a-c2e2225b0268,Default,400,0,0,0,0,18000,20000,1,0,5f51ae32-f37d-487a-b911-da96502c8690,libs/foundry/records/starmap/pu/asteroidcluster_miningbase_stanton1_medium_07.xml
AsteroidCluster_MiningBase_Stanton1_Medium_08,class-or-path-mining,AsteroidCluster_MiningBase_Stanton01_Medium_08,AsteroidCluster_MiningBase_Desc,LOC_UNINITIALIZED,LOC_UNINITIALIZED,LOC_UNINITIALIZED,e60452a5-b85c-4ab1-97e7-9cefb466f87b,34ff378f-faee-47bb-b5fe-f505e665c5ca,StantonStar,libs/foundry/records/starmap/pu/system/stanton/stantonstar/starmapobject.stantonstar.xml,13abec13-80ce-4fda-917a-c2e2225b0268,Default,400,0,0,0,0,18000,20000,1,0,c0bc4aa9-4e45-4281-a513-3248d0b8a03f,libs/foundry/records/starmap/pu/asteroidcluster_miningbase_stanton1_medium_08.xml
AsteroidCluster_MiningBase_Stanton1_Medium_09,class-or-path-mining,AsteroidCluster_MiningBase_Stanton01_Medium_09,AsteroidCluster_MiningBase_Desc,LOC_UNINITIALIZED,LOC_UNINITIALIZED,LOC_UNINITIALIZED,e60452a5-b85c-4ab1-97e7-9cefb466f87b,34ff378f-faee-47bb-b5fe-f505e665c5ca,StantonStar,libs/foundry/records/starmap/pu/system/stanton/stantonstar/starmapobject.stantonstar.xml,13abec13-80ce-4fda-917a-c2e2225b0268,Default,400,0,0,0,0,18000,20000,1,0,44ef9c98-adf2-46e8-8dd2-2799c78cee2b,libs/foundry/records/starmap/pu/asteroidcluster_miningbase_stanton1_medium_09.xml
AsteroidCluster_MiningBase_Stanton1_Small_01,class-or-path-mining,AsteroidCluster_MiningBase_Stanton01_Small_01,AsteroidCluster_MiningBase_Desc,LOC_UNINITIALIZED,LOC_UNINITIALIZED,LOC_UNINITIALIZED,e60452a5-b85c-4ab1-97e7-9cefb466f87b,34ff378f-faee-47bb-b5fe-f505e665c5ca,StantonStar,libs/foundry/records/starmap/pu/system/stanton/stantonstar/starmapobject.stantonstar.xml,13abec13-80ce-4fda-917a-c2e2225b0268,Default,400,0,0,0,0,18000,20000,1,0,10bb340b-9ab3-4fa6-b3d4-ddea1e92682c,libs/foundry/records/starmap/pu/asteroidcluster_miningbase_stanton1_small_01.xml
AsteroidCluster_MiningBase_Stanton1_Small_02,class-or-path-mining,AsteroidCluster_MiningBase_Stanton01_Small_02,AsteroidCluster_MiningBase_Desc,LOC_UNINITIALIZED,LOC_UNINITIALIZED,LOC_UNINITIALIZED,e60452a5-b85c-4ab1-97e7-9cefb466f87b,34ff378f-faee-47bb-b5fe-f505e665c5ca,StantonStar,libs/foundry/records/starmap/pu/system/stanton/stantonstar/starmapobject.stantonstar.xml,13abec13-80ce-4fda-917a-c2e2225b0268,Default,400,0,0,0,0,18000,20000,1,0,5b810fef-6ca8-4314-b09c-ce2c91adcfb3,libs/foundry/records/starmap/pu/asteroidcluster_miningbase_stanton1_small_02.xml
AsteroidCluster_MiningBase_Stanton1_Small_03,class-or-path-mining,AsteroidCluster_MiningBase_Stanton01_Small_03,AsteroidCluster_MiningBase_Desc,LOC_UNINITIALIZED,LOC_UNINITIALIZED,LOC_UNINITIALIZED,e60452a5-b85c-4ab1-97e7-9cefb466f87b,34ff378f-faee-47bb-b5fe-f505e665c5ca,StantonStar,libs/foundry/records/starmap/pu/system/stanton/stantonstar/starmapobject.stantonstar.xml,13abec13-80ce-4fda-917a-c2e2225b0268,Default,400,0,0,0,0,18000,20000,1,0,25d9cb75-4887-41f2-86f1-c61164d2430e,libs/foundry/records/starmap/pu/asteroidcluster_miningbase_stanton1_small_03.xml
AsteroidCluster_MiningBase_Stanton1,class-or-path-mining,MiningAsteroidBase_001,MiningAsteroidBase_001a,LOC_UNINITIALIZED,LOC_UNINITIALIZED,LOC_UNINITIALIZED,e60452a5-b85c-4ab1-97e7-9cefb466f87b,34ff378f-faee-47bb-b5fe-f505e665c5ca,StantonStar,libs/foundry/records/starmap/pu/system/stanton/stantonstar/starmapobject.stantonstar.xml,13abec13-80ce-4fda-917a-c2e2225b0268,Default,400,0,0,0,0,18000,20000,1,0,d1818d52-e4d6-4587-a679-600593f873e9,libs/foundry/records/starmap/pu/asteroidcluster_miningbase_stanton1.xml
AsteroidCluster_MiningBase_Stanton2_Medium_01,class-or-path-mining,AsteroidCluster_MiningBase_Stanton02_Medium_01,AsteroidCluster_MiningBase_Desc,LOC_UNINITIALIZED,LOC_UNINITIALIZED,LOC_UNINITIALIZED,e60452a5-b85c-4ab1-97e7-9cefb466f87b,34ff378f-faee-47bb-b5fe-f505e665c5ca,StantonStar,libs/foundry/records/starmap/pu/system/stanton/stantonstar/starmapobject.stantonstar.xml,2e415c27-168d-4129-a216-7632f74eb911,Default,400,0,0,0,0,18000,20000,1,0,456abfb7-4fa0-4251-a6a9-1ccc44170b57,libs/foundry/records/starmap/pu/asteroidcluster_miningbase_stanton2_medium_01.xml
AsteroidCluster_MiningBase_Stanton2_Medium_02,class-or-path-mining,AsteroidCluster_MiningBase_Stanton02_Medium_02,AsteroidCluster_MiningBase_Desc,LOC_UNINITIALIZED,LOC_UNINITIALIZED,LOC_UNINITIALIZED,e60452a5-b85c-4ab1-97e7-9cefb466f87b,34ff378f-faee-47bb-b5fe-f505e665c5ca,StantonStar,libs/foundry/records/starmap/pu/system/stanton/stantonstar/starmapobject.stantonstar.xml,2e415c27-168d-4129-a216-7632f74eb911,Default,400,0,0,0,0,18000,20000,1,0,6fdba030-3358-44ee-9736-aa0f155b758a,libs/foundry/records/starmap/pu/asteroidcluster_miningbase_stanton2_medium_02.xml
AsteroidCluster_MiningBase_Stanton2_Medium_03,class-or-path-mining,AsteroidCluster_MiningBase_Stanton02_Medium_03,AsteroidCluster_MiningBase_Desc,LOC_UNINITIALIZED,LOC_UNINITIALIZED,LOC_UNINITIALIZED,e60452a5-b85c-4ab1-97e7-9cefb466f87b,34ff378f-faee-47bb-b5fe-f505e665c5ca,StantonStar,libs/foundry/records/starmap/pu/system/stanton/stantonstar/starmapobject.stantonstar.xml,2e415c27-168d-4129-a216-7632f74eb911,Default,400,0,0,0,0,18000,20000,1,0,bb96d72b-cfa1-403d-92a4-9cd66afaeaac,libs/foundry/records/starmap/pu/asteroidcluster_miningbase_stanton2_medium_03.xml
AsteroidCluster_MiningBase_Stanton2_Medium_04,class-or-path-mining,AsteroidCluster_MiningBase_Stanton02_Medium_04,AsteroidCluster_MiningBase_Desc,LOC_UNINITIALIZED,LOC_UNINITIALIZED,LOC_UNINITIALIZED,e60452a5-b85c-4ab1-97e7-9cefb466f87b,34ff378f-faee-47bb-b5fe-f505e665c5ca,StantonStar,libs/foundry/records/starmap/pu/system/stanton/stantonstar/starmapobject.stantonstar.xml,2e415c27-168d-4129-a216-7632f74eb911,Default,400,0,0,0,0,18000,20000,1,0,29e69c79-5526-406f-a492-5049c5bcc9aa,libs/foundry/records/starmap/pu/asteroidcluster_miningbase_stanton2_medium_04.xml
AsteroidCluster_MiningBase_Stanton2_Medium_05,class-or-path-mining,AsteroidCluster_MiningBase_Stanton02_Medium_05,AsteroidCluster_MiningBase_Desc,LOC_UNINITIALIZED,LOC_UNINITIALIZED,LOC_UNINITIALIZED,e60452a5-b85c-4ab1-97e7-9cefb466f87b,34ff378f-faee-47bb-b5fe-f505e665c5ca,StantonStar,libs/foundry/records/starmap/pu/system/stanton/stantonstar/starmapobject.stantonstar.xml,2e415c27-168d-4129-a216-7632f74eb911,Default,400,0,0,0,0,18000,20000,1,0,cd95c910-36ab-4d2b-9e8f-64c9edc44fa4,libs/foundry/records/starmap/pu/asteroidcluster_miningbase_stanton2_medium_05.xml
AsteroidCluster_MiningBase_Stanton2_Medium_06,class-or-path-mining,AsteroidCluster_MiningBase_Stanton02_Medium_06,AsteroidCluster_MiningBase_Desc,LOC_UNINITIALIZED,LOC_UNINITIALIZED,LOC_UNINITIALIZED,e60452a5-b85c-4ab1-97e7-9cefb466f87b,34ff378f-faee-47bb-b5fe-f505e665c5ca,StantonStar,libs/foundry/records/starmap/pu/system/stanton/stantonstar/starmapobject.stantonstar.xml,2e415c27-168d-4129-a216-7632f74eb911,Default,400,0,0,0,0,18000,20000,1,0,c29799ed-fe83-4f8b-b564-7729f251fbc8,libs/foundry/records/starmap/pu/asteroidcluster_miningbase_stanton2_medium_06.xml
AsteroidCluster_MiningBase_Stanton2_Medium_07,class-or-path-mining,AsteroidCluster_MiningBase_Stanton02_Medium_07,AsteroidCluster_MiningBase_Desc,LOC_UNINITIALIZED,LOC_UNINITIALIZED,LOC_UNINITIALIZED,e60452a5-b85c-4ab1-97e7-9cefb466f87b,34ff378f-faee-47bb-b5fe-f505e665c5ca,StantonStar,libs/foundry/records/starmap/pu/system/stanton/stantonstar/starmapobject.stantonstar.xml,2e415c27-168d-4129-a216-7632f74eb911,Default,400,0,0,0,0,18000,20000,1,0,c422d8b9-dbfc-4e9e-9d66-da57c4da25a0,libs/foundry/records/starmap/pu/asteroidcluster_miningbase_stanton2_medium_07.xml
AsteroidCluster_MiningBase_Stanton2_Medium_08,class-or-path-mining,AsteroidCluster_MiningBase_Stanton02_Medium_08,AsteroidCluster_MiningBase_Desc,LOC_UNINITIALIZED,LOC_UNINITIALIZED,LOC_UNINITIALIZED,e60452a5-b85c-4ab1-97e7-9cefb466f87b,34ff378f-faee-47bb-b5fe-f505e665c5ca,StantonStar,libs/foundry/records/starmap/pu/system/stanton/stantonstar/starmapobject.stantonstar.xml,2e415c27-168d-4129-a216-7632f74eb911,Default,400,0,0,0,0,18000,20000,1,0,600c66af-2cb4-475d-b938-861a408c348f,libs/foundry/records/starmap/pu/asteroidcluster_miningbase_stanton2_medium_08.xml
AsteroidCluster_MiningBase_Stanton2_Medium_09,class-or-path-mining,AsteroidCluster_MiningBase_Stanton02_Medium_09,AsteroidCluster_MiningBase_Desc,LOC_UNINITIALIZED,LOC_UNINITIALIZED,LOC_UNINITIALIZED,e60452a5-b85c-4ab1-97e7-9cefb466f87b,34ff378f-faee-47bb-b5fe-f505e665c5ca,StantonStar,libs/foundry/records/starmap/pu/system/stanton/stantonstar/starmapobject.stantonstar.xml,2e415c27-168d-4129-a216-7632f74eb911,Default,400,0,0,0,0,18000,20000,1,0,ea489dfa-fdba-4408-ba42-0dfd5d21f918,libs/foundry/records/starmap/pu/asteroidcluster_miningbase_stanton2_medium_09.xml
AsteroidCluster_MiningBase_Stanton2_Medium_10,class-or-path-mining,AsteroidCluster_MiningBase_Stanton02_Medium_10,AsteroidCluster_MiningBase_Desc,LOC_UNINITIALIZED,LOC_UNINITIALIZED,LOC_UNINITIALIZED,e60452a5-b85c-4ab1-97e7-9cefb466f87b,34ff378f-faee-47bb-b5fe-f505e665c5ca,StantonStar,libs/foundry/records/starmap/pu/system/stanton/stantonstar/starmapobject.stantonstar.xml,2e415c27-168d-4129-a216-7632f74eb911,Default,400,0,0,0,0,18000,20000,1,0,79396580-c492-4909-bcd1-8ecaa4358967,libs/foundry/records/starmap/pu/asteroidcluster_miningbase_stanton2_medium_10.xml
AsteroidCluster_MiningBase_Stanton2_Small_01,class-or-path-mining,AsteroidCluster_MiningBase_Stanton02_Small_01,AsteroidCluster_MiningBase_Desc,LOC_UNINITIALIZED,LOC_UNINITIALIZED,LOC_UNINITIALIZED,e60452a5-b85c-4ab1-97e7-9cefb466f87b,34ff378f-faee-47bb-b5fe-f505e665c5ca,StantonStar,libs/foundry/records/starmap/pu/system/stanton/stantonstar/starmapobject.stantonstar.xml,2e415c27-168d-4129-a216-7632f74eb911,Default,400,0,0,0,0,18000,20000,1,0,66c55cc0-38df-43eb-b9e5-dc07073ad378,libs/foundry/records/starmap/pu/asteroidcluster_miningbase_stanton2_small_01.xml
AsteroidCluster_MiningBase_Stanton2_Small_02,class-or-path-mining,AsteroidCluster_MiningBase_Stanton02_Small_02,AsteroidCluster_MiningBase_Desc,LOC_UNINITIALIZED,LOC_UNINITIALIZED,LOC_UNINITIALIZED,e60452a5-b85c-4ab1-97e7-9cefb466f87b,34ff378f-faee-47bb-b5fe-f505e665c5ca,StantonStar,libs/foundry/records/starmap/pu/system/stanton/stantonstar/starmapobject.stantonstar.xml,2e415c27-168d-4129-a216-7632f74eb911,Default,400,0,0,0,0,18000,20000,1,0,f74ea008-4932-4eb0-93ed-419d983e8c52,libs/foundry/records/starmap/pu/asteroidcluster_miningbase_stanton2_small_02.xml
AsteroidCluster_MiningBase_Stanton2,class-or-path-mining,MiningAsteroidBase_001,MiningAsteroidBase_001a,LOC_UNINITIALIZED,LOC_UNINITIALIZED,LOC_UNINITIALIZED,e60452a5-b85c-4ab1-97e7-9cefb466f87b,34ff378f-faee-47bb-b5fe-f505e665c5ca,StantonStar,libs/foundry/records/starmap/pu/system/stanton/stantonstar/starmapobject.stantonstar.xml,2e415c27-168d-4129-a216-7632f74eb911,Default,400,0,0,0,0,18000,20000,1,0,2cb3d58e-1e0b-4f25-b2d3-dd76cbc15fd6,libs/foundry/records/starmap/pu/asteroidcluster_miningbase_stanton2.xml
AsteroidCluster_MiningBase_Stanton3_Medium_01,class-or-path-mining,AsteroidCluster_MiningBase_Stanton03_Medium_01,AsteroidCluster_MiningBase_Desc,LOC_UNINITIALIZED,LOC_UNINITIALIZED,LOC_UNINITIALIZED,e60452a5-b85c-4ab1-97e7-9cefb466f87b,34ff378f-faee-47bb-b5fe-f505e665c5ca,StantonStar,libs/foundry/records/starmap/pu/system/stanton/stantonstar/starmapobject.stantonstar.xml,67508ea1-f2a5-4e1a-a045-2c1378c4b89e,Default,400,0,0,0,0,18000,20000,1,0,d838c2c4-b88d-42df-8c61-4549cce2690e,libs/foundry/records/starmap/pu/asteroidcluster_miningbase_stanton3_medium_01.xml
AsteroidCluster_MiningBase_Stanton3_Medium_02,class-or-path-mining,AsteroidCluster_MiningBase_Stanton03_Medium_02,AsteroidCluster_MiningBase_Desc,LOC_UNINITIALIZED,LOC_UNINITIALIZED,LOC_UNINITIALIZED,e60452a5-b85c-4ab1-97e7-9cefb466f87b,34ff378f-faee-47bb-b5fe-f505e665c5ca,StantonStar,libs/foundry/records/starmap/pu/system/stanton/stantonstar/starmapobject.stantonstar.xml,67508ea1-f2a5-4e1a-a045-2c1378c4b89e,Default,400,0,0,0,0,18000,20000,1,0,2ce5281e-ae41-474d-ade8-c804cce21c9b,libs/foundry/records/starmap/pu/asteroidcluster_miningbase_stanton3_medium_02.xml
AsteroidCluster_MiningBase_Stanton3_Medium_03,class-or-path-mining,AsteroidCluster_MiningBase_Stanton03_Medium_04,AsteroidCluster_MiningBase_Desc,LOC_UNINITIALIZED,LOC_UNINITIALIZED,LOC_UNINITIALIZED,e60452a5-b85c-4ab1-97e7-9cefb466f87b,34ff378f-faee-47bb-b5fe-f505e665c5ca,StantonStar,libs/foundry/records/starmap/pu/system/stanton/stantonstar/starmapobject.stantonstar.xml,67508ea1-f2a5-4e1a-a045-2c1378c4b89e,Default,400,0,0,0,0,18000,20000,1,0,10a85fd1-2f39-426e-98bf-d7206d50a358,libs/foundry/records/starmap/pu/asteroidcluster_miningbase_stanton3_medium_03.xml
AsteroidCluster_MiningBase_Stanton3_Medium_04,class-or-path-mining,AsteroidCluster_MiningBase_Stanton03_Medium_04,AsteroidCluster_MiningBase_Desc,LOC_UNINITIALIZED,LOC_UNINITIALIZED,LOC_UNINITIALIZED,e60452a5-b85c-4ab1-97e7-9cefb466f87b,34ff378f-faee-47bb-b5fe-f505e665c5ca,StantonStar,libs/foundry/records/starmap/pu/system/stanton/stantonstar/starmapobject.stantonstar.xml,67508ea1-f2a5-4e1a-a045-2c1378c4b89e,Default,400,0,0,0,0,18000,20000,1,0,6714ac90-c0dd-408f-b350-7abde1ee488e,libs/foundry/records/starmap/pu/asteroidcluster_miningbase_stanton3_medium_04.xml
AsteroidCluster_MiningBase_Stanton3_Medium_05,class-or-path-mining,AsteroidCluster_MiningBase_Stanton03_Medium_05,AsteroidCluster_MiningBase_Desc,LOC_UNINITIALIZED,LOC_UNINITIALIZED,LOC_UNINITIALIZED,e60452a5-b85c-4ab1-97e7-9cefb466f87b,34ff378f-faee-47bb-b5fe-f505e665c5ca,StantonStar,libs/foundry/records/starmap/pu/system/stanton/stantonstar/starmapobject.stantonstar.xml,67508ea1-f2a5-4e1a-a045-2c1378c4b89e,Default,400,0,0,0,0,18000,20000,1,0,a0e51eb6-4b19-4302-994d-68b4f6209bd0,libs/foundry/records/starmap/pu/asteroidcluster_miningbase_stanton3_medium_05.xml
AsteroidCluster_MiningBase_Stanton3_Medium_06,class-or-path-mining,AsteroidCluster_MiningBase_Stanton03_Medium_06,AsteroidCluster_MiningBase_Desc,LOC_UNINITIALIZED,LOC_UNINITIALIZED,LOC_UNINITIALIZED,e60452a5-b85c-4ab1-97e7-9cefb466f87b,34ff378f-faee-47bb-b5fe-f505e665c5ca,StantonStar,libs/foundry/records/starmap/pu/system/stanton/stantonstar/starmapobject.stantonstar.xml,67508ea1-f2a5-4e1a-a045-2c1378c4b89e,Default,400,0,0,0,0,18000,20000,1,0,be313093-1d4a-4ca7-9fd2-855b045423fe,libs/foundry/records/starmap/pu/asteroidcluster_miningbase_stanton3_medium_06.xml
AsteroidCluster_MiningBase_Stanton3_Medium_07,class-or-path-mining,AsteroidCluster_MiningBase_Stanton03_Medium_07,AsteroidCluster_MiningBase_Desc,LOC_UNINITIALIZED,LOC_UNINITIALIZED,LOC_UNINITIALIZED,e60452a5-b85c-4ab1-97e7-9cefb466f87b,34ff378f-faee-47bb-b5fe-f505e665c5ca,StantonStar,libs/foundry/records/starmap/pu/system/stanton/stantonstar/starmapobject.stantonstar.xml,67508ea1-f2a5-4e1a-a045-2c1378c4b89e,Default,400,0,0,0,0,18000,20000,1,0,b761b610-f9a9-4439-ae1b-eb3cb5e58ba1,libs/foundry/records/starmap/pu/asteroidcluster_miningbase_stanton3_medium_07.xml
AsteroidCluster_MiningBase_Stanton3_Medium_08,class-or-path-mining,AsteroidCluster_MiningBase_Stanton03_Medium_08,AsteroidCluster_MiningBase_Desc,LOC_UNINITIALIZED,LOC_UNINITIALIZED,LOC_UNINITIALIZED,e60452a5-b85c-4ab1-97e7-9cefb466f87b,34ff378f-faee-47bb-b5fe-f505e665c5ca,StantonStar,libs/foundry/records/starmap/pu/system/stanton/stantonstar/starmapobject.stantonstar.xml,67508ea1-f2a5-4e1a-a045-2c1378c4b89e,Default,400,0,0,0,0,18000,20000,1,0,e8306b2c-9a10-41e6-abb2-2033f40deff1,libs/foundry/records/starmap/pu/asteroidcluster_miningbase_stanton3_medium_08.xml
AsteroidCluster_MiningBase_Stanton3_Medium_09,class-or-path-mining,AsteroidCluster_MiningBase_Stanton03_Medium_09,AsteroidCluster_MiningBase_Desc,LOC_UNINITIALIZED,LOC_UNINITIALIZED,LOC_UNINITIALIZED,e60452a5-b85c-4ab1-97e7-9cefb466f87b,34ff378f-faee-47bb-b5fe-f505e665c5ca,StantonStar,libs/foundry/records/starmap/pu/system/stanton/stantonstar/starmapobject.stantonstar.xml,67508ea1-f2a5-4e1a-a045-2c1378c4b89e,Default,400,0,0,0,0,18000,20000,1,0,eb5af0fe-54ac-437f-9dcd-2c80477ca3f6,libs/foundry/records/starmap/pu/asteroidcluster_miningbase_stanton3_medium_09.xml
AsteroidCluster_MiningBase_Stanton3_Medium_10,class-or-path-mining,AsteroidCluster_MiningBase_Stanton04_Medium_10,AsteroidCluster_MiningBase_Desc,LOC_UNINITIALIZED,LOC_UNINITIALIZED,LOC_UNINITIALIZED,e60452a5-b85c-4ab1-97e7-9cefb466f87b,34ff378f-faee-47bb-b5fe-f505e665c5ca,StantonStar,libs/foundry/records/starmap/pu/system/stanton/stantonstar/starmapobject.stantonstar.xml,67508ea1-f2a5-4e1a-a045-2c1378c4b89e,Default,400,0,0,0,0,18000,20000,1,0,3449c317-325e-48e2-b329-3887ea0dcc81,libs/foundry/records/starmap/pu/asteroidcluster_miningbase_stanton3_medium_10.xml
AsteroidCluster_MiningBase_Stanton3_Medium_11,class-or-path-mining,AsteroidCluster_MiningBase_Stanton04_Medium_11,AsteroidCluster_MiningBase_Desc,LOC_UNINITIALIZED,LOC_UNINITIALIZED,LOC_UNINITIALIZED,e60452a5-b85c-4ab1-97e7-9cefb466f87b,34ff378f-faee-47bb-b5fe-f505e665c5ca,StantonStar,libs/foundry/records/starmap/pu/system/stanton/stantonstar/starmapobject.stantonstar.xml,67508ea1-f2a5-4e1a-a045-2c1378c4b89e,Default,400,0,0,0,0,18000,20000,1,0,076add9c-feea-4261-876c-e05de2e21a1c,libs/foundry/records/starmap/pu/asteroidcluster_miningbase_stanton3_medium_11.xml
AsteroidCluster_MiningBase_Stanton3_Medium_12,class-or-path-mining,AsteroidCluster_MiningBase_Stanton03_Medium_12,AsteroidCluster_MiningBase_Desc,LOC_UNINITIALIZED,LOC_UNINITIALIZED,LOC_UNINITIALIZED,e60452a5-b85c-4ab1-97e7-9cefb466f87b,34ff378f-faee-47bb-b5fe-f505e665c5ca,StantonStar,libs/foundry/records/starmap/pu/system/stanton/stantonstar/starmapobject.stantonstar.xml,67508ea1-f2a5-4e1a-a045-2c1378c4b89e,Default,400,0,0,0,0,18000,20000,1,0,10727ca9-f721-42d3-b6f6-e5b8a812429a,libs/foundry/records/starmap/pu/asteroidcluster_miningbase_stanton3_medium_12.xml
AsteroidCluster_MiningBase_Stanton3_Medium_13,class-or-path-mining,AsteroidCluster_MiningBase_Stanton03_Medium_13,AsteroidCluster_MiningBase_Desc,LOC_UNINITIALIZED,LOC_UNINITIALIZED,LOC_UNINITIALIZED,e60452a5-b85c-4ab1-97e7-9cefb466f87b,34ff378f-faee-47bb-b5fe-f505e665c5ca,StantonStar,libs/foundry/records/starmap/pu/system/stanton/stantonstar/starmapobject.stantonstar.xml,67508ea1-f2a5-4e1a-a045-2c1378c4b89e,Default,400,0,0,0,0,18000,20000,1,0,f9ca9d2e-63a4-46d5-a79d-cfc440e93ad1,libs/foundry/records/starmap/pu/asteroidcluster_miningbase_stanton3_medium_13.xml
AsteroidCluster_MiningBase_Stanton3_Small_01,class-or-path-mining,AsteroidCluster_MiningBase_Stanton03_Small_01,AsteroidCluster_MiningBase_Desc,LOC_UNINITIALIZED,LOC_UNINITIALIZED,LOC_UNINITIALIZED,e60452a5-b85c-4ab1-97e7-9cefb466f87b,34ff378f-faee-47bb-b5fe-f505e665c5ca,StantonStar,libs/foundry/records/starmap/pu/system/stanton/stantonstar/starmapobject.stantonstar.xml,67508ea1-f2a5-4e1a-a045-2c1378c4b89e,Default,400,0,0,0,0,18000,20000,1,0,8670ad9c-e5e4-422f-a005-228e3793e066,libs/foundry/records/starmap/pu/asteroidcluster_miningbase_stanton3_small_01.xml
AsteroidCluster_MiningBase_Stanton3_Small_02,class-or-path-mining,AsteroidCluster_MiningBase_Stanton03_Small_02,AsteroidCluster_MiningBase_Desc,LOC_UNINITIALIZED,LOC_UNINITIALIZED,LOC_UNINITIALIZED,e60452a5-b85c-4ab1-97e7-9cefb466f87b,34ff378f-faee-47bb-b5fe-f505e665c5ca,StantonStar,libs/foundry/records/starmap/pu/system/stanton/stantonstar/starmapobject.stantonstar.xml,67508ea1-f2a5-4e1a-a045-2c1378c4b89e,Default,400,0,0,0,0,18000,20000,1,0,dfaa2695-9769-4cd8-bc56-7f80430325c5,libs/foundry/records/starmap/pu/asteroidcluster_miningbase_stanton3_small_02.xml
AsteroidCluster_MiningBase_Stanton3_Small_03,class-or-path-mining,AsteroidCluster_MiningBase_Stanton03_Small_03,AsteroidCluster_MiningBase_Desc,LOC_UNINITIALIZED,LOC_UNINITIALIZED,LOC_UNINITIALIZED,e60452a5-b85c-4ab1-97e7-9cefb466f87b,34ff378f-faee-47bb-b5fe-f505e665c5ca,StantonStar,libs/foundry/records/starmap/pu/system/stanton/stantonstar/starmapobject.stantonstar.xml,67508ea1-f2a5-4e1a-a045-2c1378c4b89e,Default,400,0,0,0,0,18000,20000,1,0,411da23b-ac58-4a83-b546-08971bd40b9e,libs/foundry/records/starmap/pu/asteroidcluster_miningbase_stanton3_small_03.xml
AsteroidCluster_MiningBase_Stanton3_Small_04,class-or-path-mining,AsteroidCluster_MiningBase_Stanton03_Small_04,AsteroidCluster_MiningBase_Desc,LOC_UNINITIALIZED,LOC_UNINITIALIZED,LOC_UNINITIALIZED,e60452a5-b85c-4ab1-97e7-9cefb466f87b,34ff378f-faee-47bb-b5fe-f505e665c5ca,StantonStar,libs/foundry/records/starmap/pu/system/stanton/stantonstar/starmapobject.stantonstar.xml,67508ea1-f2a5-4e1a-a045-2c1378c4b89e,Default,400,0,0,0,0,18000,20000,1,0,b76cb376-ee74-43ca-8549-9759945daaf4,libs/foundry/records/starmap/pu/asteroidcluster_miningbase_stanton3_small_04.xml
AsteroidCluster_MiningBase_Stanton3_Small_05,class-or-path-mining,AsteroidCluster_MiningBase_Stanton03_Small_05,AsteroidCluster_MiningBase_Desc,LOC_UNINITIALIZED,LOC_UNINITIALIZED,LOC_UNINITIALIZED,e60452a5-b85c-4ab1-97e7-9cefb466f87b,34ff378f-faee-47bb-b5fe-f505e665c5ca,StantonStar,libs/foundry/records/starmap/pu/system/stanton/stantonstar/starmapobject.stantonstar.xml,67508ea1-f2a5-4e1a-a045-2c1378c4b89e,Default,400,0,0,0,0,18000,20000,1,0,786bd06a-cdd1-41c6-9a70-b2dd79c18618,libs/foundry/records/starmap/pu/asteroidcluster_miningbase_stanton3_small_05.xml
AsteroidCluster_MiningBase_Stanton3_Small_06,class-or-path-mining,AsteroidCluster_MiningBase_Stanton03_Small_06,AsteroidCluster_MiningBase_Desc,LOC_UNINITIALIZED,LOC_UNINITIALIZED,LOC_UNINITIALIZED,e60452a5-b85c-4ab1-97e7-9cefb466f87b,34ff378f-faee-47bb-b5fe-f505e665c5ca,StantonStar,libs/foundry/records/starmap/pu/system/stanton/stantonstar/starmapobject.stantonstar.xml,67508ea1-f2a5-4e1a-a045-2c1378c4b89e,Default,400,0,0,0,0,18000,20000,1,0,e0159330-3e09-45cc-a602-7e12cb6199f8,libs/foundry/records/starmap/pu/asteroidcluster_miningbase_stanton3_small_06.xml
AsteroidCluster_MiningBase_Stanton3,class-or-path-mining,MiningAsteroidBase_001,MiningAsteroidBase_001a,LOC_UNINITIALIZED,LOC_UNINITIALIZED,LOC_UNINITIALIZED,e60452a5-b85c-4ab1-97e7-9cefb466f87b,34ff378f-faee-47bb-b5fe-f505e665c5ca,StantonStar,libs/foundry/records/starmap/pu/system/stanton/stantonstar/starmapobject.stantonstar.xml,67508ea1-f2a5-4e1a-a045-2c1378c4b89e,Default,400,0,0,0,0,18000,20000,1,0,d12b0f75-aba9-4a5b-91f0-f23182c60445,libs/foundry/records/starmap/pu/asteroidcluster_miningbase_stanton3.xml
AsteroidCluster_MiningBase_Stanton4_Medium_01,class-or-path-mining,AsteroidCluster_MiningBase_Stanton04_Medium_01,AsteroidCluster_MiningBase_Desc,LOC_UNINITIALIZED,LOC_UNINITIALIZED,LOC_UNINITIALIZED,e60452a5-b85c-4ab1-97e7-9cefb466f87b,34ff378f-faee-47bb-b5fe-f505e665c5ca,StantonStar,libs/foundry/records/starmap/pu/system/stanton/stantonstar/starmapobject.stantonstar.xml,ff4d704a-7840-4577-ba64-7d4bd709ab9d,Default,400,0,0,0,0,18000,20000,1,0,7f939e56-47c9-4d76-8bce-7ebfa64880ce,libs/foundry/records/starmap/pu/asteroidcluster_miningbase_stanton4_medium_01.xml
AsteroidCluster_MiningBase_Stanton4_Medium_02,class-or-path-mining,AsteroidCluster_MiningBase_Stanton04_Medium_02,AsteroidCluster_MiningBase_Desc,LOC_UNINITIALIZED,LOC_UNINITIALIZED,LOC_UNINITIALIZED,e60452a5-b85c-4ab1-97e7-9cefb466f87b,34ff378f-faee-47bb-b5fe-f505e665c5ca,StantonStar,libs/foundry/records/starmap/pu/system/stanton/stantonstar/starmapobject.stantonstar.xml,ff4d704a-7840-4577-ba64-7d4bd709ab9d,Default,400,0,0,0,0,18000,20000,1,0,1e3bf65a-a643-4f22-a5af-09eff5ea4917,libs/foundry/records/starmap/pu/asteroidcluster_miningbase_stanton4_medium_02.xml
AsteroidCluster_MiningBase_Stanton4_Medium_03,class-or-path-mining,AsteroidCluster_MiningBase_Stanton04_Medium_03,AsteroidCluster_MiningBase_Desc,LOC_UNINITIALIZED,LOC_UNINITIALIZED,LOC_UNINITIALIZED,e60452a5-b85c-4ab1-97e7-9cefb466f87b,34ff378f-faee-47bb-b5fe-f505e665c5ca,StantonStar,libs/foundry/records/starmap/pu/system/stanton/stantonstar/starmapobject.stantonstar.xml,ff4d704a-7840-4577-ba64-7d4bd709ab9d,Default,400,0,0,0,0,18000,20000,1,0,09a558dd-d040-48ed-bfd4-070083fcb84c,libs/foundry/records/starmap/pu/asteroidcluster_miningbase_stanton4_medium_03.xml
AsteroidCluster_MiningBase_Stanton4_Medium_04,class-or-path-mining,AsteroidCluster_MiningBase_Stanton04_Medium_04,AsteroidCluster_MiningBase_Desc,LOC_UNINITIALIZED,LOC_UNINITIALIZED,LOC_UNINITIALIZED,e60452a5-b85c-4ab1-97e7-9cefb466f87b,34ff378f-faee-47bb-b5fe-f505e665c5ca,StantonStar,libs/foundry/records/starmap/pu/system/stanton/stantonstar/starmapobject.stantonstar.xml,ff4d704a-7840-4577-ba64-7d4bd709ab9d,Default,400,0,0,0,0,18000,20000,1,0,d3705180-7019-44ca-959a-e21c4b086d30,libs/foundry/records/starmap/pu/asteroidcluster_miningbase_stanton4_medium_04.xml
AsteroidCluster_MiningBase_Stanton4_Medium_05,class-or-path-mining,AsteroidCluster_MiningBase_Stanton04_Medium_05,AsteroidCluster_MiningBase_Desc,LOC_UNINITIALIZED,LOC_UNINITIALIZED,LOC_UNINITIALIZED,e60452a5-b85c-4ab1-97e7-9cefb466f87b,34ff378f-faee-47bb-b5fe-f505e665c5ca,StantonStar,libs/foundry/records/starmap/pu/system/stanton/stantonstar/starmapobject.stantonstar.xml,ff4d704a-7840-4577-ba64-7d4bd709ab9d,Default,400,0,0,0,0,18000,20000,1,0,71847f14-2295-4318-bc48-80ba3e444b3a,libs/foundry/records/starmap/pu/asteroidcluster_miningbase_stanton4_medium_05.xml
AsteroidCluster_MiningBase_Stanton4_Medium_06,class-or-path-mining,AsteroidCluster_MiningBase_Stanton04_Medium_06,AsteroidCluster_MiningBase_Desc,LOC_UNINITIALIZED,LOC_UNINITIALIZED,LOC_UNINITIALIZED,e60452a5-b85c-4ab1-97e7-9cefb466f87b,34ff378f-faee-47bb-b5fe-f505e665c5ca,StantonStar,libs/foundry/records/starmap/pu/system/stanton/stantonstar/starmapobject.stantonstar.xml,ff4d704a-7840-4577-ba64-7d4bd709ab9d,Default,400,0,0,0,0,18000,20000,1,0,2e684c05-ee96-4d04-94f5-ffad800db7b7,libs/foundry/records/starmap/pu/asteroidcluster_miningbase_stanton4_medium_06.xml
AsteroidCluster_MiningBase_Stanton4_Medium_07,class-or-path-mining,AsteroidCluster_MiningBase_Stanton04_Medium_07,AsteroidCluster_MiningBase_Desc,LOC_UNINITIALIZED,LOC_UNINITIALIZED,LOC_UNINITIALIZED,e60452a5-b85c-4ab1-97e7-9cefb466f87b,34ff378f-faee-47bb-b5fe-f505e665c5ca,StantonStar,libs/foundry/records/starmap/pu/system/stanton/stantonstar/starmapobject.stantonstar.xml,ff4d704a-7840-4577-ba64-7d4bd709ab9d,Default,400,0,0,0,0,18000,20000,1,0,c953aee5-b192-4496-886c-c8e30f0d5f05,libs/foundry/records/starmap/pu/asteroidcluster_miningbase_stanton4_medium_07.xml
AsteroidCluster_MiningBase_Stanton4_Medium_08,class-or-path-mining,AsteroidCluster_MiningBase_Stanton04_Medium_08,AsteroidCluster_MiningBase_Desc,LOC_UNINITIALIZED,LOC_UNINITIALIZED,LOC_UNINITIALIZED,e60452a5-b85c-4ab1-97e7-9cefb466f87b,34ff378f-faee-47bb-b5fe-f505e665c5ca,StantonStar,libs/foundry/records/starmap/pu/system/stanton/stantonstar/starmapobject.stantonstar.xml,ff4d704a-7840-4577-ba64-7d4bd709ab9d,Default,400,0,0,0,0,18000,20000,1,0,c06a92a1-e350-4b73-bce4-636b98476ae5,libs/foundry/records/starmap/pu/asteroidcluster_miningbase_stanton4_medium_08.xml
AsteroidCluster_MiningBase_Stanton4_Medium_09,class-or-path-mining,AsteroidCluster_MiningBase_Stanton04_Medium_09,AsteroidCluster_MiningBase_Desc,LOC_UNINITIALIZED,LOC_UNINITIALIZED,LOC_UNINITIALIZED,e60452a5-b85c-4ab1-97e7-9cefb466f87b,34ff378f-faee-47bb-b5fe-f505e665c5ca,StantonStar,libs/foundry/records/starmap/pu/system/stanton/stantonstar/starmapobject.stantonstar.xml,ff4d704a-7840-4577-ba64-7d4bd709ab9d,Default,400,0,0,0,0,18000,20000,1,0,f9c62e6d-52c7-4cad-a6ae-20ad9bd8fc87,libs/foundry/records/starmap/pu/asteroidcluster_miningbase_stanton4_medium_09.xml
AsteroidCluster_MiningBase_Stanton4_Medium_10,class-or-path-mining,AsteroidCluster_MiningBase_Stanton04_Medium_10,AsteroidCluster_MiningBase_Desc,LOC_UNINITIALIZED,LOC_UNINITIALIZED,LOC_UNINITIALIZED,e60452a5-b85c-4ab1-97e7-9cefb466f87b,34ff378f-faee-47bb-b5fe-f505e665c5ca,StantonStar,libs/foundry/records/starmap/pu/system/stanton/stantonstar/starmapobject.stantonstar.xml,ff4d704a-7840-4577-ba64-7d4bd709ab9d,Default,400,0,0,0,0,18000,20000,1,0,e356f13b-4cbd-42d3-97f5-da5c914cef91,libs/foundry/records/starmap/pu/asteroidcluster_miningbase_stanton4_medium_10.xml
AsteroidCluster_MiningBase_Stanton4_Medium_11,class-or-path-mining,AsteroidCluster_MiningBase_Stanton04_Medium_11,AsteroidCluster_MiningBase_Desc,LOC_UNINITIALIZED,LOC_UNINITIALIZED,LOC_UNINITIALIZED,e60452a5-b85c-4ab1-97e7-9cefb466f87b,34ff378f-faee-47bb-b5fe-f505e665c5ca,StantonStar,libs/foundry/records/starmap/pu/system/stanton/stantonstar/starmapobject.stantonstar.xml,ff4d704a-7840-4577-ba64-7d4bd709ab9d,Default,400,0,0,0,0,18000,20000,1,0,26d6c0e3-165d-43b8-a686-568c27c3336e,libs/foundry/records/starmap/pu/asteroidcluster_miningbase_stanton4_medium_11.xml
AsteroidCluster_MiningBase_Stanton4_Medium_12,class-or-path-mining,AsteroidCluster_MiningBase_Stanton04_Medium_12,AsteroidCluster_MiningBase_Desc,LOC_UNINITIALIZED,LOC_UNINITIALIZED,LOC_UNINITIALIZED,e60452a5-b85c-4ab1-97e7-9cefb466f87b,34ff378f-faee-47bb-b5fe-f505e665c5ca,StantonStar,libs/foundry/records/starmap/pu/system/stanton/stantonstar/starmapobject.stantonstar.xml,ff4d704a-7840-4577-ba64-7d4bd709ab9d,Default,400,0,0,0,0,18000,20000,1,0,032fa15d-33a1-42a9-afb9-744811d1335d,libs/foundry/records/starmap/pu/asteroidcluster_miningbase_stanton4_medium_12.xml
AsteroidCluster_MiningBase_Stanton4_Medium_13,class-or-path-mining,AsteroidCluster_MiningBase_Stanton04_Medium_13,AsteroidCluster_MiningBase_Desc,LOC_UNINITIALIZED,LOC_UNINITIALIZED,LOC_UNINITIALIZED,e60452a5-b85c-4ab1-97e7-9cefb466f87b,34ff378f-faee-47bb-b5fe-f505e665c5ca,StantonStar,libs/foundry/records/starmap/pu/system/stanton/stantonstar/starmapobject.stantonstar.xml,ff4d704a-7840-4577-ba64-7d4bd709ab9d,Default,400,0,0,0,0,18000,20000,1,0,15dc0d54-fc71-4ce3-94e7-e2767125141e,libs/foundry/records/starmap/pu/asteroidcluster_miningbase_stanton4_medium_13.xml
AsteroidCluster_MiningBase_Stanton4_Medium_14,class-or-path-mining,AsteroidCluster_MiningBase_Stanton04_Medium_14,AsteroidCluster_MiningBase_Desc,LOC_UNINITIALIZED,LOC_UNINITIALIZED,LOC_UNINITIALIZED,e60452a5-b85c-4ab1-97e7-9cefb466f87b,34ff378f-faee-47bb-b5fe-f505e665c5ca,StantonStar,libs/foundry/records/starmap/pu/system/stanton/stantonstar/starmapobject.stantonstar.xml,ff4d704a-7840-4577-ba64-7d4bd709ab9d,Default,400,0,0,0,0,18000,20000,1,0,2850373c-0f1c-41f5-a1b4-da58670e2ea6,libs/foundry/records/starmap/pu/asteroidcluster_miningbase_stanton4_medium_14.xml
AsteroidCluster_MiningBase_Stanton4_Small_01,class-or-path-mining,AsteroidCluster_MiningBase_Stanton04_Small_01,AsteroidCluster_MiningBase_Desc,LOC_UNINITIALIZED,LOC_UNINITIALIZED,LOC_UNINITIALIZED,e60452a5-b85c-4ab1-97e7-9cefb466f87b,34ff378f-faee-47bb-b5fe-f505e665c5ca,StantonStar,libs/foundry/records/starmap/pu/system/stanton/stantonstar/starmapobject.stantonstar.xml,ff4d704a-7840-4577-ba64-7d4bd709ab9d,Default,400,0,0,0,0,18000,20000,1,0,8473177a-f9df-4c82-a5fd-4e82cef87684,libs/foundry/records/starmap/pu/asteroidcluster_miningbase_stanton4_small_01.xml
AsteroidCluster_MiningBase_Stanton4_Small_02,class-or-path-mining,AsteroidCluster_MiningBase_Stanton04_Small_02,AsteroidCluster_MiningBase_Desc,LOC_UNINITIALIZED,LOC_UNINITIALIZED,LOC_UNINITIALIZED,e60452a5-b85c-4ab1-97e7-9cefb466f87b,34ff378f-faee-47bb-b5fe-f505e665c5ca,StantonStar,libs/foundry/records/starmap/pu/system/stanton/stantonstar/starmapobject.stantonstar.xml,ff4d704a-7840-4577-ba64-7d4bd709ab9d,Default,400,0,0,0,0,18000,20000,1,0,ad4088ea-00a6-42b6-b72f-1addc41da91f,libs/foundry/records/starmap/pu/asteroidcluster_miningbase_stanton4_small_02.xml
AsteroidCluster_MiningBase_Stanton4_Small_03,class-or-path-mining,AsteroidCluster_MiningBase_Stanton04_Small_03,AsteroidCluster_MiningBase_Desc,LOC_UNINITIALIZED,LOC_UNINITIALIZED,LOC_UNINITIALIZED,e60452a5-b85c-4ab1-97e7-9cefb466f87b,34ff378f-faee-47bb-b5fe-f505e665c5ca,StantonStar,libs/foundry/records/starmap/pu/system/stanton/stantonstar/starmapobject.stantonstar.xml,ff4d704a-7840-4577-ba64-7d4bd709ab9d,Default,400,0,0,0,0,18000,20000,1,0,d8622532-337c-457c-b15f-0db8540b8e06,libs/foundry/records/starmap/pu/asteroidcluster_miningbase_stanton4_small_03.xml
AsteroidCluster_MiningBase_Stanton4_Small_04,class-or-path-mining,AsteroidCluster_MiningBase_Stanton04_Small_04,AsteroidCluster_MiningBase_Desc,LOC_UNINITIALIZED,LOC_UNINITIALIZED,LOC_UNINITIALIZED,e60452a5-b85c-4ab1-97e7-9cefb466f87b,34ff378f-faee-47bb-b5fe-f505e665c5ca,StantonStar,libs/foundry/records/starmap/pu/system/stanton/stantonstar/starmapobject.stantonstar.xml,ff4d704a-7840-4577-ba64-7d4bd709ab9d,Default,400,0,0,0,0,18000,20000,1,0,eaa1600c-144d-49d1-a364-ae74670ef652,libs/foundry/records/starmap/pu/asteroidcluster_miningbase_stanton4_small_04.xml
AsteroidCluster_MiningBase_Stanton4_Small_05,class-or-path-mining,AsteroidCluster_MiningBase_Stanton04_Small_05,AsteroidCluster_MiningBase_Desc,LOC_UNINITIALIZED,LOC_UNINITIALIZED,LOC_UNINITIALIZED,e60452a5-b85c-4ab1-97e7-9cefb466f87b,34ff378f-faee-47bb-b5fe-f505e665c5ca,StantonStar,libs/foundry/records/starmap/pu/system/stanton/stantonstar/starmapobject.stantonstar.xml,ff4d704a-7840-4577-ba64-7d4bd709ab9d,Default,400,0,0,0,0,18000,20000,1,0,e0d7434a-c364-40a5-b3d7-8e7f1a47ae63,libs/foundry/records/starmap/pu/asteroidcluster_miningbase_stanton4_small_05.xml
AsteroidCluster_MiningBase_Stanton4_Small_06,class-or-path-mining,AsteroidCluster_MiningBase_Stanton04_Small_06,AsteroidCluster_MiningBase_Desc,LOC_UNINITIALIZED,LOC_UNINITIALIZED,LOC_UNINITIALIZED,e60452a5-b85c-4ab1-97e7-9cefb466f87b,34ff378f-faee-47bb-b5fe-f505e665c5ca,StantonStar,libs/foundry/records/starmap/pu/system/stanton/stantonstar/starmapobject.stantonstar.xml,ff4d704a-7840-4577-ba64-7d4bd709ab9d,Default,400,0,0,0,0,18000,20000,1,0,372fdcaf-6a55-42bc-8321-758424e87ceb,libs/foundry/records/starmap/pu/asteroidcluster_miningbase_stanton4_small_06.xml
AsteroidCluster_MiningBase_Stanton4,class-or-path-mining,MiningAsteroidBase_001,MiningAsteroidBase_001a,LOC_UNINITIALIZED,LOC_UNINITIALIZED,LOC_UNINITIALIZED,e60452a5-b85c-4ab1-97e7-9cefb466f87b,34ff378f-faee-47bb-b5fe-f505e665c5ca,StantonStar,libs/foundry/records/starmap/pu/system/stanton/stantonstar/starmapobject.stantonstar.xml,ff4d704a-7840-4577-ba64-7d4bd709ab9d,Default,400,0,0,0,0,18000,20000,1,0,75f34f42-a4f5-4d01-80cb-35422ecb9db8,libs/foundry/records/starmap/pu/asteroidcluster_miningbase_stanton4.xml
AsteroidCluster_MiningBase,class-or-path-mining,MiningAsteroidBase_001,MiningAsteroidBase_001a,LOC_UNINITIALIZED,LOC_UNINITIALIZED,LOC_UNINITIALIZED,e60452a5-b85c-4ab1-97e7-9cefb466f87b,,,,,Default,39000,0,0,0,0,,,,,e78d4687-ac0e-4274-a214-0e5d496a62f0,libs/foundry/records/starmap/pu/asteroidcluster_miningbase.xml
AsteroidClusterBase_Nyx_Rockcracker_001,mining-quality-location,RockcrackerDungeon,pyro_asteroid_cluster_desc,LOC_UNINITIALIZED,LOC_UNINITIALIZED,LOC_UNINITIALIZED,f6461834-fa63-468f-a3c4-d1ed6ef8c20d,77ed5653-bd14-4952-b904-afd79faeef60,NyxStar,libs/foundry/records/starmap/pu/system/nyx/nyxstar.xml,,Default,39000,1,1,0,0,30000,500000,1,0,36a9e3b4-cb53-4dab-8cf3-d630e1dc089f,libs/foundry/records/starmap/pu/asteroidclusterbase_nyx_rockcracker_001.xml
AsteroidClusterBase_Nyx_Rockcracker_002,mining-quality-location,RockcrackerDungeon,pyro_asteroid_cluster_desc,LOC_UNINITIALIZED,LOC_UNINITIALIZED,LOC_UNINITIALIZED,f6461834-fa63-468f-a3c4-d1ed6ef8c20d,77ed5653-bd14-4952-b904-afd79faeef60,NyxStar,libs/foundry/records/starmap/pu/system/nyx/nyxstar.xml,,Default,39000,1,1,0,0,30000,500000,1,0,8c2ce601-f0a2-4ad2-8a3f-05f13d9e30cc,libs/foundry/records/starmap/pu/asteroidclusterbase_nyx_rockcracker_002.xml
AsteroidClusterBase_Nyx_Rockcracker_003,mining-quality-location,RockcrackerDungeon,pyro_asteroid_cluster_desc,LOC_UNINITIALIZED,LOC_UNINITIALIZED,LOC_UNINITIALIZED,f6461834-fa63-468f-a3c4-d1ed6ef8c20d,77ed5653-bd14-4952-b904-afd79faeef60,NyxStar,libs/foundry/records/starmap/pu/system/nyx/nyxstar.xml,,Default,39000,1,1,0,0,30000,500000,1,0,8d17a89a-0633-4df0-bbe4-992e56f4d769,libs/foundry/records/starmap/pu/asteroidclusterbase_nyx_rockcracker_003.xml
AsteroidClusterBase_Nyx_Rockcracker_004,mining-quality-location,RockcrackerDungeon,pyro_asteroid_cluster_desc,LOC_UNINITIALIZED,LOC_UNINITIALIZED,LOC_UNINITIALIZED,f6461834-fa63-468f-a3c4-d1ed6ef8c20d,77ed5653-bd14-4952-b904-afd79faeef60,NyxStar,libs/foundry/records/starmap/pu/system/nyx/nyxstar.xml,,Default,39000,1,1,0,0,30000,500000,1,0,859feef1-32af-4864-8870-57c662a15aca,libs/foundry/records/starmap/pu/asteroidclusterbase_nyx_rockcracker_004.xml
AsteroidClusterBase_Nyx_Rockcracker_005,mining-quality-location,RockcrackerDungeon,pyro_asteroid_cluster_desc,LOC_UNINITIALIZED,LOC_UNINITIALIZED,LOC_UNINITIALIZED,f6461834-fa63-468f-a3c4-d1ed6ef8c20d,77ed5653-bd14-4952-b904-afd79faeef60,NyxStar,libs/foundry/records/starmap/pu/system/nyx/nyxstar.xml,,Default,39000,1,1,0,0,30000,500000,1,0,5541f051-fa2f-4b4e-9a84-46c93408b801,libs/foundry/records/starmap/pu/asteroidclusterbase_nyx_rockcracker_005.xml
AsteroidClusterBase_Nyx_Rockcracker_006,mining-quality-location,RockcrackerDungeon,pyro_asteroid_cluster_desc,LOC_UNINITIALIZED,LOC_UNINITIALIZED,LOC_UNINITIALIZED,f6461834-fa63-468f-a3c4-d1ed6ef8c20d,77ed5653-bd14-4952-b904-afd79faeef60,NyxStar,libs/foundry/records/starmap/pu/system/nyx/nyxstar.xml,,Default,39000,1,1,0,0,30000,500000,1,0,67f1d2b2-821d-449d-a4b5-f5c97f29fa38,libs/foundry/records/starmap/pu/asteroidclusterbase_nyx_rockcracker_006.xml
AsteroidClusterBase_Nyx_Rockcracker_007,mining-quality-location,RockcrackerDungeon,pyro_asteroid_cluster_desc,LOC_UNINITIALIZED,LOC_UNINITIALIZED,LOC_UNINITIALIZED,f6461834-fa63-468f-a3c4-d1ed6ef8c20d,77ed5653-bd14-4952-b904-afd79faeef60,NyxStar,libs/foundry/records/starmap/pu/system/nyx/nyxstar.xml,,Default,39000,1,1,0,0,30000,500000,1,0,f0be1fe1-6072-4fa0-9029-4554ff07f8e4,libs/foundry/records/starmap/pu/asteroidclusterbase_nyx_rockcracker_007.xml
AsteroidClusterBase_Nyx_Rockcracker_008,mining-quality-location,RockcrackerDungeon,pyro_asteroid_cluster_desc,LOC_UNINITIALIZED,LOC_UNINITIALIZED,LOC_UNINITIALIZED,f6461834-fa63-468f-a3c4-d1ed6ef8c20d,77ed5653-bd14-4952-b904-afd79faeef60,NyxStar,libs/foundry/records/starmap/pu/system/nyx/nyxstar.xml,,Default,39000,1,1,0,0,30000,500000,1,0,ad396091-b2d0-4c8e-82b6-1fcbe7429a6a,libs/foundry/records/starmap/pu/asteroidclusterbase_nyx_rockcracker_008.xml
AsteroidClusterBase_Nyx_Rockcracker_009,mining-quality-location,RockcrackerDungeon,pyro_asteroid_cluster_desc,LOC_UNINITIALIZED,LOC_UNINITIALIZED,LOC_UNINITIALIZED,f6461834-fa63-468f-a3c4-d1ed6ef8c20d,77ed5653-bd14-4952-b904-afd79faeef60,NyxStar,libs/foundry/records/starmap/pu/system/nyx/nyxstar.xml,,Default,39000,1,1,0,0,30000,500000,1,0,9bc6e1e3-1faf-4bb0-a273-797e918d7231,libs/foundry/records/starmap/pu/asteroidclusterbase_nyx_rockcracker_009.xml
AsteroidClusterBase_Nyx_Rockcracker_010,mining-quality-location,RockcrackerDungeon,pyro_asteroid_cluster_desc,LOC_UNINITIALIZED,LOC_UNINITIALIZED,LOC_UNINITIALIZED,f6461834-fa63-468f-a3c4-d1ed6ef8c20d,77ed5653-bd14-4952-b904-afd79faeef60,NyxStar,libs/foundry/records/starmap/pu/system/nyx/nyxstar.xml,,Default,39000,1,1,0,0,30000,500000,1,0,680a5cf0-dc84-4de1-8582-966befa8abda,libs/foundry/records/starmap/pu/asteroidclusterbase_nyx_rockcracker_010.xml
AsteroidClusterBase_Nyx_Rockcracker_011,mining-quality-location,RockcrackerDungeon,pyro_asteroid_cluster_desc,LOC_UNINITIALIZED,LOC_UNINITIALIZED,LOC_UNINITIALIZED,f6461834-fa63-468f-a3c4-d1ed6ef8c20d,77ed5653-bd14-4952-b904-afd79faeef60,NyxStar,libs/foundry/records/starmap/pu/system/nyx/nyxstar.xml,,Default,39000,1,1,0,0,30000,500000,1,0,a8fbfd71-faca-4b96-97ba-71c53d0a290f,libs/foundry/records/starmap/pu/asteroidclusterbase_nyx_rockcracker_011.xml
AsteroidClusterBase_Nyx_Rockcracker_012,mining-quality-location,RockcrackerDungeon,pyro_asteroid_cluster_desc,LOC_UNINITIALIZED,LOC_UNINITIALIZED,LOC_UNINITIALIZED,f6461834-fa63-468f-a3c4-d1ed6ef8c20d,77ed5653-bd14-4952-b904-afd79faeef60,NyxStar,libs/foundry/records/starmap/pu/system/nyx/nyxstar.xml,,Default,39000,1,1,0,0,30000,500000,1,0,39d3eeff-454f-4730-8cde-fea19bb81ab9,libs/foundry/records/starmap/pu/asteroidclusterbase_nyx_rockcracker_012.xml
AsteroidClusterBase_Nyx_Rockcracker_013,mining-quality-location,RockcrackerDungeon,pyro_asteroid_cluster_desc,LOC_UNINITIALIZED,LOC_UNINITIALIZED,LOC_UNINITIALIZED,f6461834-fa63-468f-a3c4-d1ed6ef8c20d,77ed5653-bd14-4952-b904-afd79faeef60,NyxStar,libs/foundry/records/starmap/pu/system/nyx/nyxstar.xml,,Default,39000,1,1,0,0,30000,500000,1,0,adcc3744-ad7e-4d8a-943e-f55653f0b40e,libs/foundry/records/starmap/pu/asteroidclusterbase_nyx_rockcracker_013.xml
AsteroidClusterBase_Nyx_Rockcracker_014,mining-quality-location,RockcrackerDungeon,pyro_asteroid_cluster_desc,LOC_UNINITIALIZED,LOC_UNINITIALIZED,LOC_UNINITIALIZED,f6461834-fa63-468f-a3c4-d1ed6ef8c20d,77ed5653-bd14-4952-b904-afd79faeef60,NyxStar,libs/foundry/records/starmap/pu/system/nyx/nyxstar.xml,,Default,39000,1,1,0,0,30000,500000,1,0,52d28464-6a08-43d3-abc9-18ca8b15cb38,libs/foundry/records/starmap/pu/asteroidclusterbase_nyx_rockcracker_014.xml
AsteroidClusterBase_Nyx_Rockcracker_015,mining-quality-location,RockcrackerDungeon,pyro_asteroid_cluster_desc,LOC_UNINITIALIZED,LOC_UNINITIALIZED,LOC_UNINITIALIZED,f6461834-fa63-468f-a3c4-d1ed6ef8c20d,77ed5653-bd14-4952-b904-afd79faeef60,NyxStar,libs/foundry/records/starmap/pu/system/nyx/nyxstar.xml,,Default,39000,1,1,0,0,30000,500000,1,0,324a5ea1-f580-4ac0-877f-d279a4c221d4,libs/foundry/records/starmap/pu/asteroidclusterbase_nyx_rockcracker_015.xml
AsteroidClusterBase_Nyx_Rockcracker_016,mining-quality-location,RockcrackerDungeon,pyro_asteroid_cluster_desc,LOC_UNINITIALIZED,LOC_UNINITIALIZED,LOC_UNINITIALIZED,f6461834-fa63-468f-a3c4-d1ed6ef8c20d,77ed5653-bd14-4952-b904-afd79faeef60,NyxStar,libs/foundry/records/starmap/pu/system/nyx/nyxstar.xml,,Default,39000,1,1,0,0,30000,500000,1,0,d899d7c3-8c0c-442c-9def-c4c37815659d,libs/foundry/records/starmap/pu/asteroidclusterbase_nyx_rockcracker_016.xml
AsteroidClusterBase_Nyx_Rockcracker_017,mining-quality-location,RockcrackerDungeon,pyro_asteroid_cluster_desc,LOC_UNINITIALIZED,LOC_UNINITIALIZED,LOC_UNINITIALIZED,f6461834-fa63-468f-a3c4-d1ed6ef8c20d,77ed5653-bd14-4952-b904-afd79faeef60,NyxStar,libs/foundry/records/starmap/pu/system/nyx/nyxstar.xml,,Default,39000,1,1,0,0,30000,500000,1,0,dea7dbcf-cc94-48f4-bdac-f2eb955c2d0d,libs/foundry/records/starmap/pu/asteroidclusterbase_nyx_rockcracker_017.xml
AsteroidClusterBase_Nyx_Rockcracker_018,mining-quality-location,RockcrackerDungeon,pyro_asteroid_cluster_desc,LOC_UNINITIALIZED,LOC_UNINITIALIZED,LOC_UNINITIALIZED,f6461834-fa63-468f-a3c4-d1ed6ef8c20d,77ed5653-bd14-4952-b904-afd79faeef60,NyxStar,libs/foundry/records/starmap/pu/system/nyx/nyxstar.xml,,Default,39000,1,1,0,0,30000,500000,1,0,d31686bd-a3fe-4f12-bb16-f3c2c0366bfb,libs/foundry/records/starmap/pu/asteroidclusterbase_nyx_rockcracker_018.xml
AsteroidClusterBase_Nyx_Rockcracker_019,mining-quality-location,RockcrackerDungeon,pyro_asteroid_cluster_desc,LOC_UNINITIALIZED,LOC_UNINITIALIZED,LOC_UNINITIALIZED,f6461834-fa63-468f-a3c4-d1ed6ef8c20d,77ed5653-bd14-4952-b904-afd79faeef60,NyxStar,libs/foundry/records/starmap/pu/system/nyx/nyxstar.xml,,Default,39000,1,1,0,0,30000,500000,1,0,c1f3b0be-1cd3-434f-a68d-27560416718f,libs/foundry/records/starmap/pu/asteroidclusterbase_nyx_rockcracker_019.xml
AsteroidClusterBase_Nyx_Rockcracker_020,mining-quality-location,RockcrackerDungeon,pyro_asteroid_cluster_desc,LOC_UNINITIALIZED,LOC_UNINITIALIZED,LOC_UNINITIALIZED,f6461834-fa63-468f-a3c4-d1ed6ef8c20d,77ed5653-bd14-4952-b904-afd79faeef60,NyxStar,libs/foundry/records/starmap/pu/system/nyx/nyxstar.xml,,Default,39000,1,1,0,0,30000,500000,1,0,f1017b15-7cca-4f7d-bf33-16178571aa72,libs/foundry/records/starmap/pu/asteroidclusterbase_nyx_rockcracker_020.xml
AsteroidClusterBase_Nyx_Rockcracker_021,mining-quality-location,RockcrackerDungeon,pyro_asteroid_cluster_desc,LOC_UNINITIALIZED,LOC_UNINITIALIZED,LOC_UNINITIALIZED,f6461834-fa63-468f-a3c4-d1ed6ef8c20d,77ed5653-bd14-4952-b904-afd79faeef60,NyxStar,libs/foundry/records/starmap/pu/system/nyx/nyxstar.xml,,Default,39000,1,1,0,0,30000,500000,1,0,4643a0bf-1e85-46ca-817b-eb07b0116249,libs/foundry/records/starmap/pu/asteroidclusterbase_nyx_rockcracker_021.xml
AsteroidClusterBase_Nyx_Rockcracker_022,mining-quality-location,RockcrackerDungeon,pyro_asteroid_cluster_desc,LOC_UNINITIALIZED,LOC_UNINITIALIZED,LOC_UNINITIALIZED,f6461834-fa63-468f-a3c4-d1ed6ef8c20d,77ed5653-bd14-4952-b904-afd79faeef60,NyxStar,libs/foundry/records/starmap/pu/system/nyx/nyxstar.xml,,Default,39000,1,1,0,0,30000,500000,1,0,85ec7c84-9ff7-4400-bd35-5e8b20727aea,libs/foundry/records/starmap/pu/asteroidclusterbase_nyx_rockcracker_022.xml
AsteroidClusterBase_Nyx_Rockcracker_023,mining-quality-location,RockcrackerDungeon,pyro_asteroid_cluster_desc,LOC_UNINITIALIZED,LOC_UNINITIALIZED,LOC_UNINITIALIZED,f6461834-fa63-468f-a3c4-d1ed6ef8c20d,77ed5653-bd14-4952-b904-afd79faeef60,NyxStar,libs/foundry/records/starmap/pu/system/nyx/nyxstar.xml,,Default,39000,1,1,0,0,30000,500000,1,0,9ad3e571-bc7d-4423-987e-8d09838f0c5f,libs/foundry/records/starmap/pu/asteroidclusterbase_nyx_rockcracker_023.xml
AsteroidClusterBase_Nyx_Rockcracker_024,mining-quality-location,RockcrackerDungeon,pyro_asteroid_cluster_desc,LOC_UNINITIALIZED,LOC_UNINITIALIZED,LOC_UNINITIALIZED,f6461834-fa63-468f-a3c4-d1ed6ef8c20d,77ed5653-bd14-4952-b904-afd79faeef60,NyxStar,libs/foundry/records/starmap/pu/system/nyx/nyxstar.xml,,Default,39000,1,1,0,0,30000,500000,1,0,af01f884-3261-4d8d-b4e8-988b87a914cc,libs/foundry/records/starmap/pu/asteroidclusterbase_nyx_rockcracker_024.xml
AsteroidClusterBase_Nyx_Rockcracker_025,mining-quality-location,RockcrackerDungeon,pyro_asteroid_cluster_desc,LOC_UNINITIALIZED,LOC_UNINITIALIZED,LOC_UNINITIALIZED,f6461834-fa63-468f-a3c4-d1ed6ef8c20d,77ed5653-bd14-4952-b904-afd79faeef60,NyxStar,libs/foundry/records/starmap/pu/system/nyx/nyxstar.xml,,Default,39000,1,1,0,0,30000,500000,1,0,33210fa5-559c-43c8-b3ad-2ec41fc31d52,libs/foundry/records/starmap/pu/asteroidclusterbase_nyx_rockcracker_025.xml
AsteroidClusterBase_Nyx_Rockcracker_026,mining-quality-location,RockcrackerDungeon,pyro_asteroid_cluster_desc,LOC_UNINITIALIZED,LOC_UNINITIALIZED,LOC_UNINITIALIZED,f6461834-fa63-468f-a3c4-d1ed6ef8c20d,77ed5653-bd14-4952-b904-afd79faeef60,NyxStar,libs/foundry/records/starmap/pu/system/nyx/nyxstar.xml,,Default,39000,1,1,0,0,30000,500000,1,0,1662aba5-c68d-4b28-ab39-045bb0748c8d,libs/foundry/records/starmap/pu/asteroidclusterbase_nyx_rockcracker_026.xml
AsteroidClusterBase_Nyx_Rockcracker_027,mining-quality-location,RockcrackerDungeon,pyro_asteroid_cluster_desc,LOC_UNINITIALIZED,LOC_UNINITIALIZED,LOC_UNINITIALIZED,f6461834-fa63-468f-a3c4-d1ed6ef8c20d,77ed5653-bd14-4952-b904-afd79faeef60,NyxStar,libs/foundry/records/starmap/pu/system/nyx/nyxstar.xml,,Default,39000,1,1,0,0,30000,500000,1,0,5ea8816e-5215-418f-a312-e9261b053c12,libs/foundry/records/starmap/pu/asteroidclusterbase_nyx_rockcracker_027.xml
AsteroidClusterBase_Nyx_Rockcracker_028,mining-quality-location,RockcrackerDungeon,pyro_asteroid_cluster_desc,LOC_UNINITIALIZED,LOC_UNINITIALIZED,LOC_UNINITIALIZED,f6461834-fa63-468f-a3c4-d1ed6ef8c20d,77ed5653-bd14-4952-b904-afd79faeef60,NyxStar,libs/foundry/records/starmap/pu/system/nyx/nyxstar.xml,,Default,39000,1,1,0,0,30000,500000,1,0,2336b147-35e2-4e3e-897d-5a5ad718ecce,libs/foundry/records/starmap/pu/asteroidclusterbase_nyx_rockcracker_028.xml
AsteroidClusterBase_Nyx_Rockcracker_029,mining-quality-location,RockcrackerDungeon,pyro_asteroid_cluster_desc,LOC_UNINITIALIZED,LOC_UNINITIALIZED,LOC_UNINITIALIZED,f6461834-fa63-468f-a3c4-d1ed6ef8c20d,77ed5653-bd14-4952-b904-afd79faeef60,NyxStar,libs/foundry/records/starmap/pu/system/nyx/nyxstar.xml,,Default,39000,1,1,0,0,30000,500000,1,0,9da55651-df7d-49be-ba05-548b744b7ddf,libs/foundry/records/starmap/pu/asteroidclusterbase_nyx_rockcracker_029.xml
AsteroidClusterBase_Nyx_Rockcracker_030,mining-quality-location,RockcrackerDungeon,pyro_asteroid_cluster_desc,LOC_UNINITIALIZED,LOC_UNINITIALIZED,LOC_UNINITIALIZED,f6461834-fa63-468f-a3c4-d1ed6ef8c20d,77ed5653-bd14-4952-b904-afd79faeef60,NyxStar,libs/foundry/records/starmap/pu/system/nyx/nyxstar.xml,,Default,39000,1,1,0,0,30000,500000,1,0,a90af2b5-2b54-4acd-bcb8-ac6c9cbff188,libs/foundry/records/starmap/pu/asteroidclusterbase_nyx_rockcracker_030.xml
AsteroidClusterBase_Nyx_Rockcracker_031,mining-quality-location,RockcrackerDungeon,pyro_asteroid_cluster_desc,LOC_UNINITIALIZED,LOC_UNINITIALIZED,LOC_UNINITIALIZED,f6461834-fa63-468f-a3c4-d1ed6ef8c20d,77ed5653-bd14-4952-b904-afd79faeef60,NyxStar,libs/foundry/records/starmap/pu/system/nyx/nyxstar.xml,,Default,39000,1,1,0,0,30000,500000,1,0,d7a48e5e-3648-4e7c-a28c-ff11a1405753,libs/foundry/records/starmap/pu/asteroidclusterbase_nyx_rockcracker_031.xml
AsteroidClusterBase_Nyx_Rockcracker_032,mining-quality-location,RockcrackerDungeon,pyro_asteroid_cluster_desc,LOC_UNINITIALIZED,LOC_UNINITIALIZED,LOC_UNINITIALIZED,f6461834-fa63-468f-a3c4-d1ed6ef8c20d,77ed5653-bd14-4952-b904-afd79faeef60,NyxStar,libs/foundry/records/starmap/pu/system/nyx/nyxstar.xml,,Default,39000,1,1,0,0,30000,500000,1,0,9e3bee94-dd4d-42aa-b345-c9ae453fef7d,libs/foundry/records/starmap/pu/asteroidclusterbase_nyx_rockcracker_032.xml
AsteroidClusterBase_Nyx_Rockcracker_033,mining-quality-location,RockcrackerDungeon,pyro_asteroid_cluster_desc,LOC_UNINITIALIZED,LOC_UNINITIALIZED,LOC_UNINITIALIZED,f6461834-fa63-468f-a3c4-d1ed6ef8c20d,77ed5653-bd14-4952-b904-afd79faeef60,NyxStar,libs/foundry/records/starmap/pu/system/nyx/nyxstar.xml,,Default,39000,1,1,0,0,30000,500000,1,0,7d215223-5688-4414-aabe-ff3724b9badd,libs/foundry/records/starmap/pu/asteroidclusterbase_nyx_rockcracker_033.xml
AsteroidClusterBase_Nyx_Rockcracker_034,mining-quality-location,RockcrackerDungeon,pyro_asteroid_cluster_desc,LOC_UNINITIALIZED,LOC_UNINITIALIZED,LOC_UNINITIALIZED,f6461834-fa63-468f-a3c4-d1ed6ef8c20d,77ed5653-bd14-4952-b904-afd79faeef60,NyxStar,libs/foundry/records/starmap/pu/system/nyx/nyxstar.xml,,Default,39000,1,1,0,0,30000,500000,1,0,f27576fa-efaa-49aa-8e74-b22b7dc50ea4,libs/foundry/records/starmap/pu/asteroidclusterbase_nyx_rockcracker_034.xml
AsteroidClusterBase_Nyx_Rockcracker_035,mining-quality-location,RockcrackerDungeon,pyro_asteroid_cluster_desc,LOC_UNINITIALIZED,LOC_UNINITIALIZED,LOC_UNINITIALIZED,f6461834-fa63-468f-a3c4-d1ed6ef8c20d,77ed5653-bd14-4952-b904-afd79faeef60,NyxStar,libs/foundry/records/starmap/pu/system/nyx/nyxstar.xml,,Default,39000,1,1,0,0,30000,500000,1,0,cb5bf63b-cf5b-48e0-8327-1063d1970754,libs/foundry/records/starmap/pu/asteroidclusterbase_nyx_rockcracker_035.xml
AsteroidClusterBase_Nyx_Rockcracker_036,mining-quality-location,RockcrackerDungeon,pyro_asteroid_cluster_desc,LOC_UNINITIALIZED,LOC_UNINITIALIZED,LOC_UNINITIALIZED,f6461834-fa63-468f-a3c4-d1ed6ef8c20d,77ed5653-bd14-4952-b904-afd79faeef60,NyxStar,libs/foundry/records/starmap/pu/system/nyx/nyxstar.xml,,Default,39000,1,1,0,0,30000,500000,1,0,f81abeac-6cf9-4e69-b3c5-c31fa06ba5d3,libs/foundry/records/starmap/pu/asteroidclusterbase_nyx_rockcracker_036.xml
AsteroidClusterBase_Nyx_Rockcracker_037,mining-quality-location,RockcrackerDungeon,pyro_asteroid_cluster_desc,LOC_UNINITIALIZED,LOC_UNINITIALIZED,LOC_UNINITIALIZED,f6461834-fa63-468f-a3c4-d1ed6ef8c20d,77ed5653-bd14-4952-b904-afd79faeef60,NyxStar,libs/foundry/records/starmap/pu/system/nyx/nyxstar.xml,,Default,39000,1,1,0,0,30000,500000,1,0,a60ba194-d4ce-4e6c-9849-0c3992b6738b,libs/foundry/records/starmap/pu/asteroidclusterbase_nyx_rockcracker_037.xml
AsteroidClusterBase_Nyx_Rockcracker_038,mining-quality-location,RockcrackerDungeon,pyro_asteroid_cluster_desc,LOC_UNINITIALIZED,LOC_UNINITIALIZED,LOC_UNINITIALIZED,f6461834-fa63-468f-a3c4-d1ed6ef8c20d,77ed5653-bd14-4952-b904-afd79faeef60,NyxStar,libs/foundry/records/starmap/pu/system/nyx/nyxstar.xml,,Default,39000,1,1,0,0,30000,500000,1,0,b2c07b4d-2df7-4b86-ba45-c15d9b7a0290,libs/foundry/records/starmap/pu/asteroidclusterbase_nyx_rockcracker_038.xml
AsteroidClusterBase_Nyx_Rockcracker_039,mining-quality-location,RockcrackerDungeon,pyro_asteroid_cluster_desc,LOC_UNINITIALIZED,LOC_UNINITIALIZED,LOC_UNINITIALIZED,f6461834-fa63-468f-a3c4-d1ed6ef8c20d,77ed5653-bd14-4952-b904-afd79faeef60,NyxStar,libs/foundry/records/starmap/pu/system/nyx/nyxstar.xml,,Default,39000,1,1,0,0,30000,500000,1,0,f6880b7f-770f-48ef-99de-540179f51f50,libs/foundry/records/starmap/pu/asteroidclusterbase_nyx_rockcracker_039.xml
AsteroidClusterBase_Nyx_Rockcracker_040,mining-quality-location,RockcrackerDungeon,pyro_asteroid_cluster_desc,LOC_UNINITIALIZED,LOC_UNINITIALIZED,LOC_UNINITIALIZED,f6461834-fa63-468f-a3c4-d1ed6ef8c20d,77ed5653-bd14-4952-b904-afd79faeef60,NyxStar,libs/foundry/records/starmap/pu/system/nyx/nyxstar.xml,,Default,39000,1,1,0,0,30000,500000,1,0,a4c1a6e3-5c98-4971-8e7b-71e54def7dfa,libs/foundry/records/starmap/pu/asteroidclusterbase_nyx_rockcracker_040.xml
AsteroidClusterBase_Nyx_Rockcracker_041,mining-quality-location,RockcrackerDungeon,pyro_asteroid_cluster_desc,LOC_UNINITIALIZED,LOC_UNINITIALIZED,LOC_UNINITIALIZED,f6461834-fa63-468f-a3c4-d1ed6ef8c20d,77ed5653-bd14-4952-b904-afd79faeef60,NyxStar,libs/foundry/records/starmap/pu/system/nyx/nyxstar.xml,,Default,39000,1,1,0,0,30000,500000,1,0,5a75f9de-f3ce-4310-a4cf-b6ce906ce0ab,libs/foundry/records/starmap/pu/asteroidclusterbase_nyx_rockcracker_041.xml
AsteroidClusterBase_Nyx_Rockcracker_042,mining-quality-location,RockcrackerDungeon,pyro_asteroid_cluster_desc,LOC_UNINITIALIZED,LOC_UNINITIALIZED,LOC_UNINITIALIZED,f6461834-fa63-468f-a3c4-d1ed6ef8c20d,77ed5653-bd14-4952-b904-afd79faeef60,NyxStar,libs/foundry/records/starmap/pu/system/nyx/nyxstar.xml,,Default,39000,1,1,0,0,30000,500000,1,0,9f1ea9bd-7a54-40ec-966e-37b478963b78,libs/foundry/records/starmap/pu/asteroidclusterbase_nyx_rockcracker_042.xml
AsteroidClusterBase_Nyx_Rockcracker_043,mining-quality-location,RockcrackerDungeon,pyro_asteroid_cluster_desc,LOC_UNINITIALIZED,LOC_UNINITIALIZED,LOC_UNINITIALIZED,f6461834-fa63-468f-a3c4-d1ed6ef8c20d,77ed5653-bd14-4952-b904-afd79faeef60,NyxStar,libs/foundry/records/starmap/pu/system/nyx/nyxstar.xml,,Default,39000,1,1,0,0,30000,500000,1,0,b6f5c396-3712-4435-8e1c-bf5fa3b1cd41,libs/foundry/records/starmap/pu/asteroidclusterbase_nyx_rockcracker_043.xml
AsteroidClusterBase_Nyx_Rockcracker_044,mining-quality-location,RockcrackerDungeon,pyro_asteroid_cluster_desc,LOC_UNINITIALIZED,LOC_UNINITIALIZED,LOC_UNINITIALIZED,f6461834-fa63-468f-a3c4-d1ed6ef8c20d,77ed5653-bd14-4952-b904-afd79faeef60,NyxStar,libs/foundry/records/starmap/pu/system/nyx/nyxstar.xml,,Default,39000,1,1,0,0,30000,500000,1,0,30d324ec-6352-48a5-83a3-b6090e693b39,libs/foundry/records/starmap/pu/asteroidclusterbase_nyx_rockcracker_044.xml
AsteroidClusterBase_Nyx_Rockcracker_045,mining-quality-location,RockcrackerDungeon,pyro_asteroid_cluster_desc,LOC_UNINITIALIZED,LOC_UNINITIALIZED,LOC_UNINITIALIZED,f6461834-fa63-468f-a3c4-d1ed6ef8c20d,77ed5653-bd14-4952-b904-afd79faeef60,NyxStar,libs/foundry/records/starmap/pu/system/nyx/nyxstar.xml,,Default,39000,1,1,0,0,30000,500000,1,0,1985c407-b02e-4044-a88e-e6e8474bd126,libs/foundry/records/starmap/pu/asteroidclusterbase_nyx_rockcracker_045.xml
AsteroidClusterBase_Nyx_Rockcracker_046,mining-quality-location,RockcrackerDungeon,pyro_asteroid_cluster_desc,LOC_UNINITIALIZED,LOC_UNINITIALIZED,LOC_UNINITIALIZED,f6461834-fa63-468f-a3c4-d1ed6ef8c20d,77ed5653-bd14-4952-b904-afd79faeef60,NyxStar,libs/foundry/records/starmap/pu/system/nyx/nyxstar.xml,,Default,39000,1,1,0,0,30000,500000,1,0,cd21a10b-9f77-4afb-a8cd-4f27bddec128,libs/foundry/records/starmap/pu/asteroidclusterbase_nyx_rockcracker_046.xml
AsteroidClusterBase_Nyx_Rockcracker_047,mining-quality-location,RockcrackerDungeon,pyro_asteroid_cluster_desc,LOC_UNINITIALIZED,LOC_UNINITIALIZED,LOC_UNINITIALIZED,f6461834-fa63-468f-a3c4-d1ed6ef8c20d,77ed5653-bd14-4952-b904-afd79faeef60,NyxStar,libs/foundry/records/starmap/pu/system/nyx/nyxstar.xml,,Default,39000,1,1,0,0,30000,500000,1,0,9474a0ca-26fe-4c7e-8fb0-7cb673d520d9,libs/foundry/records/starmap/pu/asteroidclusterbase_nyx_rockcracker_047.xml
AsteroidClusterBase_Nyx_Rockcracker_048,mining-quality-location,RockcrackerDungeon,pyro_asteroid_cluster_desc,LOC_UNINITIALIZED,LOC_UNINITIALIZED,LOC_UNINITIALIZED,f6461834-fa63-468f-a3c4-d1ed6ef8c20d,77ed5653-bd14-4952-b904-afd79faeef60,NyxStar,libs/foundry/records/starmap/pu/system/nyx/nyxstar.xml,,Default,39000,1,1,0,0,30000,500000,1,0,fa63870c-cbb3-4a7e-8967-9830b0c2bcf3,libs/foundry/records/starmap/pu/asteroidclusterbase_nyx_rockcracker_048.xml
AsteroidClusterBase_Nyx_Rockcracker_049,mining-quality-location,RockcrackerDungeon,pyro_asteroid_cluster_desc,LOC_UNINITIALIZED,LOC_UNINITIALIZED,LOC_UNINITIALIZED,f6461834-fa63-468f-a3c4-d1ed6ef8c20d,77ed5653-bd14-4952-b904-afd79faeef60,NyxStar,libs/foundry/records/starmap/pu/system/nyx/nyxstar.xml,,Default,39000,1,1,0,0,30000,500000,1,0,f2a8a7b6-1f34-441d-bc69-3cc638150d91,libs/foundry/records/starmap/pu/asteroidclusterbase_nyx_rockcracker_049.xml
AsteroidClusterBase_Nyx_Rockcracker_050,mining-quality-location,RockcrackerDungeon,pyro_asteroid_cluster_desc,LOC_UNINITIALIZED,LOC_UNINITIALIZED,LOC_UNINITIALIZED,f6461834-fa63-468f-a3c4-d1ed6ef8c20d,77ed5653-bd14-4952-b904-afd79faeef60,NyxStar,libs/foundry/records/starmap/pu/system/nyx/nyxstar.xml,,Default,39000,1,1,0,0,30000,500000,1,0,0d963aaa-7a1f-4b12-87fe-2c4ae48ded26,libs/foundry/records/starmap/pu/asteroidclusterbase_nyx_rockcracker_050.xml
AsteroidClusterBase_Nyx_Rockcracker_051,mining-quality-location,RockcrackerDungeon,pyro_asteroid_cluster_desc,LOC_UNINITIALIZED,LOC_UNINITIALIZED,LOC_UNINITIALIZED,f6461834-fa63-468f-a3c4-d1ed6ef8c20d,77ed5653-bd14-4952-b904-afd79faeef60,NyxStar,libs/foundry/records/starmap/pu/system/nyx/nyxstar.xml,,Default,39000,1,1,0,0,30000,500000,1,0,524d14d7-5752-4c07-9ddc-c3fe6b70c141,libs/foundry/records/starmap/pu/asteroidclusterbase_nyx_rockcracker_051.xml
AsteroidClusterBase_Nyx_Rockcracker_052,mining-quality-location,RockcrackerDungeon,pyro_asteroid_cluster_desc,LOC_UNINITIALIZED,LOC_UNINITIALIZED,LOC_UNINITIALIZED,f6461834-fa63-468f-a3c4-d1ed6ef8c20d,77ed5653-bd14-4952-b904-afd79faeef60,NyxStar,libs/foundry/records/starmap/pu/system/nyx/nyxstar.xml,,Default,39000,1,1,0,0,30000,500000,1,0,7f5437b5-b69d-4cb0-ae00-7d4c9e2471c0,libs/foundry/records/starmap/pu/asteroidclusterbase_nyx_rockcracker_052.xml
AsteroidClusterBase_Nyx_Rockcracker_053,mining-quality-location,RockcrackerDungeon,pyro_asteroid_cluster_desc,LOC_UNINITIALIZED,LOC_UNINITIALIZED,LOC_UNINITIALIZED,f6461834-fa63-468f-a3c4-d1ed6ef8c20d,77ed5653-bd14-4952-b904-afd79faeef60,NyxStar,libs/foundry/records/starmap/pu/system/nyx/nyxstar.xml,,Default,39000,1,1,0,0,30000,500000,1,0,c4b6f8d8-5ca8-4e04-8a0b-434044026747,libs/foundry/records/starmap/pu/asteroidclusterbase_nyx_rockcracker_053.xml
AsteroidClusterBase_Nyx_Rockcracker_054,mining-quality-location,RockcrackerDungeon,pyro_asteroid_cluster_desc,LOC_UNINITIALIZED,LOC_UNINITIALIZED,LOC_UNINITIALIZED,f6461834-fa63-468f-a3c4-d1ed6ef8c20d,77ed5653-bd14-4952-b904-afd79faeef60,NyxStar,libs/foundry/records/starmap/pu/system/nyx/nyxstar.xml,,Default,39000,1,1,0,0,30000,500000,1,0,65628b9f-6eb4-4c4c-b0a3-5197e5c30126,libs/foundry/records/starmap/pu/asteroidclusterbase_nyx_rockcracker_054.xml
AsteroidClusterBase_Nyx_Rockcracker_055,mining-quality-location,RockcrackerDungeon,pyro_asteroid_cluster_desc,LOC_UNINITIALIZED,LOC_UNINITIALIZED,LOC_UNINITIALIZED,f6461834-fa63-468f-a3c4-d1ed6ef8c20d,77ed5653-bd14-4952-b904-afd79faeef60,NyxStar,libs/foundry/records/starmap/pu/system/nyx/nyxstar.xml,,Default,39000,1,1,0,0,30000,500000,1,0,f8c90940-bbc4-4356-9f75-c2a55339c43f,libs/foundry/records/starmap/pu/asteroidclusterbase_nyx_rockcracker_055.xml
AsteroidClusterBase_Nyx_Rockcracker_056,mining-quality-location,RockcrackerDungeon,pyro_asteroid_cluster_desc,LOC_UNINITIALIZED,LOC_UNINITIALIZED,LOC_UNINITIALIZED,f6461834-fa63-468f-a3c4-d1ed6ef8c20d,77ed5653-bd14-4952-b904-afd79faeef60,NyxStar,libs/foundry/records/starmap/pu/system/nyx/nyxstar.xml,,Default,39000,1,1,0,0,30000,500000,1,0,66afd75f-c41f-405d-ba4e-81706e2b73ff,libs/foundry/records/starmap/pu/asteroidclusterbase_nyx_rockcracker_056.xml
AsteroidClusterBase_Nyx_Rockcracker_057,mining-quality-location,RockcrackerDungeon,pyro_asteroid_cluster_desc,LOC_UNINITIALIZED,LOC_UNINITIALIZED,LOC_UNINITIALIZED,f6461834-fa63-468f-a3c4-d1ed6ef8c20d,77ed5653-bd14-4952-b904-afd79faeef60,NyxStar,libs/foundry/records/starmap/pu/system/nyx/nyxstar.xml,,Default,39000,1,1,0,0,30000,500000,1,0,5b3fa22b-8614-4859-8b50-c099897ad111,libs/foundry/records/starmap/pu/asteroidclusterbase_nyx_rockcracker_057.xml
AsteroidClusterBase_Nyx_Rockcracker_058,mining-quality-location,RockcrackerDungeon,pyro_asteroid_cluster_desc,LOC_UNINITIALIZED,LOC_UNINITIALIZED,LOC_UNINITIALIZED,f6461834-fa63-468f-a3c4-d1ed6ef8c20d,77ed5653-bd14-4952-b904-afd79faeef60,NyxStar,libs/foundry/records/starmap/pu/system/nyx/nyxstar.xml,,Default,39000,1,1,0,0,30000,500000,1,0,78f28dd0-5aa1-41f1-90af-b6e2a2250aef,libs/foundry/records/starmap/pu/asteroidclusterbase_nyx_rockcracker_058.xml
AsteroidClusterBase_Nyx_Rockcracker_059,mining-quality-location,RockcrackerDungeon,pyro_asteroid_cluster_desc,LOC_UNINITIALIZED,LOC_UNINITIALIZED,LOC_UNINITIALIZED,f6461834-fa63-468f-a3c4-d1ed6ef8c20d,77ed5653-bd14-4952-b904-afd79faeef60,NyxStar,libs/foundry/records/starmap/pu/system/nyx/nyxstar.xml,,Default,39000,1,1,0,0,30000,500000,1,0,0b7b5935-2d44-4a37-bb5d-c054a94cbe4e,libs/foundry/records/starmap/pu/asteroidclusterbase_nyx_rockcracker_059.xml
AsteroidClusterBase_Nyx_Rockcracker_060,mining-quality-location,RockcrackerDungeon,pyro_asteroid_cluster_desc,LOC_UNINITIALIZED,LOC_UNINITIALIZED,LOC_UNINITIALIZED,f6461834-fa63-468f-a3c4-d1ed6ef8c20d,77ed5653-bd14-4952-b904-afd79faeef60,NyxStar,libs/foundry/records/starmap/pu/system/nyx/nyxstar.xml,,Default,39000,1,1,0,0,30000,500000,1,0,a7fa4925-176c-4afc-9fb0-0044998419fa,libs/foundry/records/starmap/pu/asteroidclusterbase_nyx_rockcracker_060.xml
AsteroidClusterBase_Nyx_Rockcracker,mining-quality-location,RockcrackerDungeon,pyro_asteroid_cluster_desc,LOC_UNINITIALIZED,LOC_UNINITIALIZED,LOC_UNINITIALIZED,f6461834-fa63-468f-a3c4-d1ed6ef8c20d,77ed5653-bd14-4952-b904-afd79faeef60,NyxStar,libs/foundry/records/starmap/pu/system/nyx/nyxstar.xml,,Default,39000,1,1,0,0,30000,500000,1,0,42f77630-6ab2-403b-8443-0dc2c35c8d61,libs/foundry/records/starmap/pu/asteroidclusterbase_nyx_rockcracker.xml
MiningFacility_Stanton1b_Reyes_A,class-or-path-mining,Stanton1b_MiningCompound_drlct_002_a,Stanton1b_MiningCompound_drlct_002_a_desc,LOC_UNINITIALIZED,LOC_UNINITIALIZED,LOC_UNINITIALIZED,e207a1ec-1395-4c1c-8e51-b38c4420784c,f8f07f5b-1c0e-47c9-aa50-46963065bf18,Stanton1b,libs/foundry/records/starmap/pu/system/stanton/stanton1b/starmapobject.stanton1b.xml,,Outpost,1,0,0,0,0,20000,0,1,1,69b59df3-3f41-4dbd-b457-b1f8d6feb942,libs/foundry/records/starmap/pu/miningfacility_stanton1b_reyes_a.xml
MiningFacility_Stanton1b_Reyes_B,class-or-path-mining,Stanton1b_MiningCompound_drlct_002_b,Stanton1b_MiningCompound_drlct_002_b_desc,LOC_UNINITIALIZED,LOC_UNINITIALIZED,LOC_UNINITIALIZED,e207a1ec-1395-4c1c-8e51-b38c4420784c,f8f07f5b-1c0e-47c9-aa50-46963065bf18,Stanton1b,libs/foundry/records/starmap/pu/system/stanton/stanton1b/starmapobject.stanton1b.xml,,Outpost,1,0,0,0,0,20000,0,1,1,4b14562a-4447-493c-a730-07161267f08b,libs/foundry/records/starmap/pu/miningfacility_stanton1b_reyes_b.xml
MiningFacility_Stanton1b_Reyes_C,class-or-path-mining,Stanton1b_MiningCompound_drlct_002_c,Stanton1b_MiningCompound_drlct_002_c_desc,LOC_UNINITIALIZED,LOC_UNINITIALIZED,LOC_UNINITIALIZED,e207a1ec-1395-4c1c-8e51-b38c4420784c,f8f07f5b-1c0e-47c9-aa50-46963065bf18,Stanton1b,libs/foundry/records/starmap/pu/system/stanton/stanton1b/starmapobject.stanton1b.xml,,Outpost,1,0,0,0,0,20000,0,1,1,05c12718-d668-4718-ba17-44f6916586a4,libs/foundry/records/starmap/pu/miningfacility_stanton1b_reyes_c.xml
MiningFacility_Stanton1b_Reyes_D,class-or-path-mining,Stanton1b_MiningCompound_drlct_002_d,Stanton1b_MiningCompound_drlct_002_d_desc,LOC_UNINITIALIZED,LOC_UNINITIALIZED,LOC_UNINITIALIZED,e207a1ec-1395-4c1c-8e51-b38c4420784c,f8f07f5b-1c0e-47c9-aa50-46963065bf18,Stanton1b,libs/foundry/records/starmap/pu/system/stanton/stanton1b/starmapobject.stanton1b.xml,,Outpost,1,0,0,0,0,20000,0,1,1,fd3387e1-fd7c-4154-90f3-c64d8d275f65,libs/foundry/records/starmap/pu/miningfacility_stanton1b_reyes_d.xml
MiningFacility_Stanton1b_Reyes,class-or-path-mining,Stanton4_Stash_002,LOC_UNINITIALIZED,LOC_UNINITIALIZED,LOC_UNINITIALIZED,LOC_UNINITIALIZED,e207a1ec-1395-4c1c-8e51-b38c4420784c,f8f07f5b-1c0e-47c9-aa50-46963065bf18,Stanton1b,libs/foundry/records/starmap/pu/system/stanton/stanton1b/starmapobject.stanton1b.xml,,Outpost,1,0,0,0,0,20000,0,1,1,5d70de1f-9aa2-422a-a1d8-371c29480148,libs/foundry/records/starmap/pu/miningfacility_stanton1b_reyes.xml
MiningFacility_Stanton1b_Sloane_A,class-or-path-mining,Stanton1b_MiningCompound_drlct_001_a,Stanton1b_MiningCompound_drlct_001_a_desc,LOC_UNINITIALIZED,LOC_UNINITIALIZED,LOC_UNINITIALIZED,e207a1ec-1395-4c1c-8e51-b38c4420784c,f8f07f5b-1c0e-47c9-aa50-46963065bf18,Stanton1b,libs/foundry/records/starmap/pu/system/stanton/stanton1b/starmapobject.stanton1b.xml,,Outpost,1,0,0,0,0,20000,0,1,1,1f0b9df7-2dd3-47da-9a18-f1bb8182e8ec,libs/foundry/records/starmap/pu/miningfacility_stanton1b_sloane_a.xml
MiningFacility_Stanton1b_Sloane_B,class-or-path-mining,Stanton1b_MiningCompound_drlct_001_b,Stanton1b_MiningCompound_drlct_001_b_desc,LOC_UNINITIALIZED,LOC_UNINITIALIZED,LOC_UNINITIALIZED,e207a1ec-1395-4c1c-8e51-b38c4420784c,f8f07f5b-1c0e-47c9-aa50-46963065bf18,Stanton1b,libs/foundry/records/starmap/pu/system/stanton/stanton1b/starmapobject.stanton1b.xml,,Outpost,1,0,0,0,0,20000,0,1,1,c3a82f82-0027-4152-920e-63895009b7e0,libs/foundry/records/starmap/pu/miningfacility_stanton1b_sloane_b.xml
MiningFacility_Stanton1b_Sloane_C,class-or-path-mining,Stanton1b_MiningCompound_drlct_001_c,Stanton1b_MiningCompound_drlct_001_c_desc,LOC_UNINITIALIZED,LOC_UNINITIALIZED,LOC_UNINITIALIZED,e207a1ec-1395-4c1c-8e51-b38c4420784c,f8f07f5b-1c0e-47c9-aa50-46963065bf18,Stanton1b,libs/foundry/records/starmap/pu/system/stanton/stanton1b/starmapobject.stanton1b.xml,,Outpost,1,0,0,0,0,20000,0,1,1,c497baa1-b10c-4fc9-8a26-da1189775316,libs/foundry/records/starmap/pu/miningfacility_stanton1b_sloane_c.xml
MiningFacility_Stanton1b_Sloane_D,class-or-path-mining,Stanton1b_MiningCompound_drlct_001_d,Stanton1b_MiningCompound_drlct_001_d_desc,LOC_UNINITIALIZED,LOC_UNINITIALIZED,LOC_UNINITIALIZED,e207a1ec-1395-4c1c-8e51-b38c4420784c,f8f07f5b-1c0e-47c9-aa50-46963065bf18,Stanton1b,libs/foundry/records/starmap/pu/system/stanton/stanton1b/starmapobject.stanton1b.xml,,Outpost,1,0,0,0,0,20000,0,1,1,8617e09b-a658-4a30-8d06-22fcfc445209,libs/foundry/records/starmap/pu/miningfacility_stanton1b_sloane_d.xml
MiningFacility_Stanton1b_Sloane,class-or-path-mining,Stanton4_Stash_002,LOC_UNINITIALIZED,LOC_UNINITIALIZED,LOC_UNINITIALIZED,LOC_UNINITIALIZED,e207a1ec-1395-4c1c-8e51-b38c4420784c,f8f07f5b-1c0e-47c9-aa50-46963065bf18,Stanton1b,libs/foundry/records/starmap/pu/system/stanton/stanton1b/starmapobject.stanton1b.xml,,Outpost,1,0,0,0,0,20000,0,1,1,d213b013-c8fe-4ad3-9ec6-5c00a7a37aef,libs/foundry/records/starmap/pu/miningfacility_stanton1b_sloane.xml
MiningFacility_Stanton1b_Template,class-or-path-mining,Stanton4_Stash_002,LOC_UNINITIALIZED,LOC_UNINITIALIZED,LOC_UNINITIALIZED,LOC_UNINITIALIZED,e207a1ec-1395-4c1c-8e51-b38c4420784c,f8f07f5b-1c0e-47c9-aa50-46963065bf18,Stanton1b,libs/foundry/records/starmap/pu/system/stanton/stanton1b/starmapobject.stanton1b.xml,,Outpost,1,0,0,0,0,20000,0,1,1,fbf318bb-ebb9-4037-ba4b-2f1213979e2f,libs/foundry/records/starmap/pu/miningfacility_stanton1b_template.xml
MiningFacility_TEMPLATE,class-or-path-mining,AsteroidCluster_MiningBase_Stanton02_Medium_01,LOC_UNINITIALIZED,LOC_UNINITIALIZED,LOC_UNINITIALIZED,LOC_UNINITIALIZED,e207a1ec-1395-4c1c-8e51-b38c4420784c,,,,,Outpost,1,0,0,0,0,20000,0,1,1,6bd66ca9-4874-4775-a19e-30a1080777b5,libs/foundry/records/starmap/pu/miningfacility_template.xml
PrisonMine_Stanton1b,class-or-path-mine,Stanton1b_Aberdeen_Prison,Stanton1b_Aberdeen_Prison_desc,LOC_UNINITIALIZED,LOC_UNINITIALIZED,LOC_UNINITIALIZED,e207a1ec-1395-4c1c-8e51-b38c4420784c,f8f07f5b-1c0e-47c9-aa50-46963065bf18,Stanton1b,libs/foundry/records/starmap/pu/system/stanton/stanton1b/starmapobject.stanton1b.xml,,Outpost,1,0,0,0,0,20000,0,1,1,b9b1a547-c415-44cb-826b-6c28cbd0c0bb,libs/foundry/records/starmap/pu/prisonmine_stanton1b.xml
PrivateMiningPoint_Pyro,class-or-path-mining,procedural_text_null,MiningClaims_Desc_001,LOC_UNINITIALIZED,LOC_UNINITIALIZED,LOC_UNINITIALIZED,e60452a5-b85c-4ab1-97e7-9cefb466f87b,a14bec87-5801-4440-8ca8-35597487ac9a,PyroStar,libs/foundry/records/starmap/pu/system/pyro/pyrostar/pyrostar.xml,,Default,20000,1,1,0,0,25000,0,0,0,8cf0fd37-1de3-49af-a176-17e1067cff08,libs/foundry/records/starmap/pu/privateminingpoint_pyro.xml
PrivateMiningPoint_Pyro1_L4_001,class-or-path-mining,PrivateMiningPoint_Pyro1_L4_001,MiningClaims_Desc_001,LOC_UNINITIALIZED,LOC_UNINITIALIZED,LOC_UNINITIALIZED,e60452a5-b85c-4ab1-97e7-9cefb466f87b,7a7e8368-5a4d-47f6-aaac-328f990e3364,Pyro1_L3,libs/foundry/records/starmap/pu/system/pyro/pyro1/lagrange/pyro1_l3.xml,,Default,20000,1,1,0,0,25000,0,0,0,e67e189a-ee06-469b-9b0c-9364ff19677d,libs/foundry/records/starmap/pu/privateminingpoint_pyro1_l4_001.xml
PrivateMiningPoint_Pyro1_L5_001,class-or-path-mining,PrivateMiningPoint_Pyro1_L5_001,MiningClaims_Desc_001,LOC_UNINITIALIZED,LOC_UNINITIALIZED,LOC_UNINITIALIZED,e60452a5-b85c-4ab1-97e7-9cefb466f87b,46318483-ce52-4f99-82ed-325ae8f89fba,Pyro1_L5,libs/foundry/records/starmap/pu/system/pyro/pyro1/lagrange/pyro1_l5.xml,,Default,20000,1,1,0,0,25000,0,0,0,2c55a32a-daeb-4c29-a846-f75c176ee799,libs/foundry/records/starmap/pu/privateminingpoint_pyro1_l5_001.xml
PrivateMiningPoint_Pyro1_L5_002,class-or-path-mining,PrivateMiningPoint_Pyro1_L5_002,MiningClaims_Desc_001,LOC_UNINITIALIZED,LOC_UNINITIALIZED,LOC_UNINITIALIZED,e60452a5-b85c-4ab1-97e7-9cefb466f87b,6c49c959-7766-4275-9620-1b57be0c8ed6,Pyro5_L5,libs/foundry/records/starmap/pu/system/pyro/pyro5/lagrange/pyro5_l5.xml,,Default,20000,1,1,0,0,25000,0,0,0,12c8c9bd-0a2e-4eb9-af22-ffe824b2837c,libs/foundry/records/starmap/pu/privateminingpoint_pyro1_l5_002.xml
PrivateMiningPoint_Pyro5_L3_001,class-or-path-mining,PrivateMiningPoint_Pyro5_L3_001,MiningClaims_Desc_001,LOC_UNINITIALIZED,LOC_UNINITIALIZED,LOC_UNINITIALIZED,e60452a5-b85c-4ab1-97e7-9cefb466f87b,4871fbe5-4330-46e0-8648-cd561d8c09f4,Pyro5_L3,libs/foundry/records/starmap/pu/system/pyro/pyro5/lagrange/pyro5_l3.xml,,Default,20000,1,1,0,0,25000,0,0,0,e8d52708-11c3-4d2c-b888-c41405d01d36,libs/foundry/records/starmap/pu/privateminingpoint_pyro5_l3_001.xml
PrivateMiningPoint_Pyro5_L3_002,class-or-path-mining,PrivateMiningPoint_Pyro5_L3_002,MiningClaims_Desc_001,LOC_UNINITIALIZED,LOC_UNINITIALIZED,LOC_UNINITIALIZED,e60452a5-b85c-4ab1-97e7-9cefb466f87b,4871fbe5-4330-46e0-8648-cd561d8c09f4,Pyro5_L3,libs/foundry/records/starmap/pu/system/pyro/pyro5/lagrange/pyro5_l3.xml,,Default,20000,1,1,0,0,25000,0,0,0,82178125-b82a-43d2-b35c-402158e6ea48,libs/foundry/records/starmap/pu/privateminingpoint_pyro5_l3_002.xml
PrivateMiningPoint_Pyro5_L4_001,class-or-path-mining,PrivateMiningPoint_Pyro5_L4_001,MiningClaims_Desc_001,LOC_UNINITIALIZED,LOC_UNINITIALIZED,LOC_UNINITIALIZED,e60452a5-b85c-4ab1-97e7-9cefb466f87b,0abc4180-a91a-4052-8517-e83ae2689410,Pyro5_L4,libs/foundry/records/starmap/pu/system/pyro/pyro5/lagrange/pyro5_l4.xml,,Default,20000,1,1,0,0,25000,0,0,0,954f9eae-b077-437d-aa09-5703850af486,libs/foundry/records/starmap/pu/privateminingpoint_pyro5_l4_001.xml
PrivateMiningPoint_Pyro5_L4_002,class-or-path-mining,PrivateMiningPoint_Pyro5_L4_002,MiningClaims_Desc_001,LOC_UNINITIALIZED,LOC_UNINITIALIZED,LOC_UNINITIALIZED,e60452a5-b85c-4ab1-97e7-9cefb466f87b,0abc4180-a91a-4052-8517-e83ae2689410,Pyro5_L4,libs/foundry/records/starmap/pu/system/pyro/pyro5/lagrange/pyro5_l4.xml,,Default,20000,1,1,0,0,25000,0,0,0,44b89435-a0cc-4ddd-97c4-55a5c3c7ef3e,libs/foundry/records/starmap/pu/privateminingpoint_pyro5_l4_002.xml
PrivateMiningPoint_Pyro5_L5_001,class-or-path-mining,PrivateMiningPoint_Pyro5_L5_001,MiningClaims_Desc_001,LOC_UNINITIALIZED,LOC_UNINITIALIZED,LOC_UNINITIALIZED,e60452a5-b85c-4ab1-97e7-9cefb466f87b,6c49c959-7766-4275-9620-1b57be0c8ed6,Pyro5_L5,libs/foundry/records/starmap/pu/system/pyro/pyro5/lagrange/pyro5_l5.xml,,Default,20000,1,1,0,0,25000,0,0,0,82478f0b-8a67-4a29-9e7e-793ccd0b5697,libs/foundry/records/starmap/pu/privateminingpoint_pyro5_l5_001.xml
PrivateMiningPoint_Pyro5_L5_002,class-or-path-mining,PrivateMiningPoint_Pyro5_L5_002,MiningClaims_Desc_001,LOC_UNINITIALIZED,LOC_UNINITIALIZED,LOC_UNINITIALIZED,e60452a5-b85c-4ab1-97e7-9cefb466f87b,6c49c959-7766-4275-9620-1b57be0c8ed6,Pyro5_L5,libs/foundry/records/starmap/pu/system/pyro/pyro5/lagrange/pyro5_l5.xml,,Default,20000,1,1,0,0,25000,0,0,0,3370dbcc-f8bc-40b9-a385-296612116eb3,libs/foundry/records/starmap/pu/privateminingpoint_pyro5_l5_002.xml
PrivateMiningPoint_Pyro6_L1_001,class-or-path-mining,PrivateMiningPoint_Pyro6_L1_001,MiningClaims_Desc_001,LOC_UNINITIALIZED,LOC_UNINITIALIZED,LOC_UNINITIALIZED,e60452a5-b85c-4ab1-97e7-9cefb466f87b,cdbcaba9-9d33-414c-a71b-e8e621fb1312,Pyro6_L1,libs/foundry/records/starmap/pu/system/pyro/pyro6/lagrange/pyro6_l1.xml,,Default,20000,1,1,0,0,25000,0,0,0,474e04c2-43a8-4035-9c9c-b4e56e4f4580,libs/foundry/records/starmap/pu/privateminingpoint_pyro6_l1_001.xml
PrivateMiningPoint_Pyro6_L1_002,class-or-path-mining,PrivateMiningPoint_Pyro6_L1_002,MiningClaims_Desc_001,LOC_UNINITIALIZED,LOC_UNINITIALIZED,LOC_UNINITIALIZED,e60452a5-b85c-4ab1-97e7-9cefb466f87b,cdbcaba9-9d33-414c-a71b-e8e621fb1312,Pyro6_L1,libs/foundry/records/starmap/pu/system/pyro/pyro6/lagrange/pyro6_l1.xml,,Default,20000,1,1,0,0,25000,0,0,0,dd7643a7-1280-4120-9fe1-3013dd1ec192,libs/foundry/records/starmap/pu/privateminingpoint_pyro6_l1_002.xml
PrivateMiningPoint_Pyro6_L2_001,class-or-path-mining,PrivateMiningPoint_Pyro6_L2_001,MiningClaims_Desc_001,LOC_UNINITIALIZED,LOC_UNINITIALIZED,LOC_UNINITIALIZED,e60452a5-b85c-4ab1-97e7-9cefb466f87b,17806761-6207-46f4-a7ca-309568cf1fd2,Pyro6_L2,libs/foundry/records/starmap/pu/system/pyro/pyro6/lagrange/pyro6_l2.xml,,Default,20000,1,1,0,0,25000,0,0,0,7395117d-e618-47dc-a007-8d2bdbbe78e9,libs/foundry/records/starmap/pu/privateminingpoint_pyro6_l2_001.xml
PrivateMiningPoint_Pyro6_L2_002,class-or-path-mining,PrivateMiningPoint_Pyro6_L2_002,MiningClaims_Desc_001,LOC_UNINITIALIZED,LOC_UNINITIALIZED,LOC_UNINITIALIZED,e60452a5-b85c-4ab1-97e7-9cefb466f87b,17806761-6207-46f4-a7ca-309568cf1fd2,Pyro6_L2,libs/foundry/records/starmap/pu/system/pyro/pyro6/lagrange/pyro6_l2.xml,,Default,20000,1,1,0,0,25000,0,0,0,0b8adf09-445a-4699-b2fd-579754f516ac,libs/foundry/records/starmap/pu/privateminingpoint_pyro6_l2_002.xml
PrivateMiningPoint_Pyro6_L3_001,class-or-path-mining,PrivateMiningPoint_Pyro6_L3_001,MiningClaims_Desc_001,LOC_UNINITIALIZED,LOC_UNINITIALIZED,LOC_UNINITIALIZED,e60452a5-b85c-4ab1-97e7-9cefb466f87b,cdce82df-d064-4a91-8731-ca2fdc946210,Pyro6_L3,libs/foundry/records/starmap/pu/system/pyro/pyro6/lagrange/pyro6_l3.xml,,Default,20000,1,1,0,0,25000,0,0,0,d83689ad-d961-44ef-bbd8-922c3ac2acf2,libs/foundry/records/starmap/pu/privateminingpoint_pyro6_l3_001.xml
PrivateMiningPoint_Pyro6_L3_002,class-or-path-mining,PrivateMiningPoint_Pyro6_L3_002,MiningClaims_Desc_001,LOC_UNINITIALIZED,LOC_UNINITIALIZED,LOC_UNINITIALIZED,e60452a5-b85c-4ab1-97e7-9cefb466f87b,cdce82df-d064-4a91-8731-ca2fdc946210,Pyro6_L3,libs/foundry/records/starmap/pu/system/pyro/pyro6/lagrange/pyro6_l3.xml,,Default,20000,1,1,0,0,25000,0,0,0,ed954e60-d6b8-4cc1-9522-fca1b6edee72,libs/foundry/records/starmap/pu/privateminingpoint_pyro6_l3_002.xml
PrivateMiningPoint_Pyro6_L4_001,class-or-path-mining,PrivateMiningPoint_Pyro6_L4_001,MiningClaims_Desc_001,LOC_UNINITIALIZED,LOC_UNINITIALIZED,LOC_UNINITIALIZED,e60452a5-b85c-4ab1-97e7-9cefb466f87b,7393deb2-5f16-4121-a04a-67a25c4af36b,Pyro6_L4,libs/foundry/records/starmap/pu/system/pyro/pyro6/lagrange/pyro6_l4.xml,,Default,20000,1,1,0,0,25000,0,0,0,13ec8bbe-f600-45c8-a4b8-2df2600709fa,libs/foundry/records/starmap/pu/privateminingpoint_pyro6_l4_001.xml
PrivateMiningPoint_Pyro6_L4_002,class-or-path-mining,PrivateMiningPoint_Pyro6_L4_002,MiningClaims_Desc_001,LOC_UNINITIALIZED,LOC_UNINITIALIZED,LOC_UNINITIALIZED,e60452a5-b85c-4ab1-97e7-9cefb466f87b,7393deb2-5f16-4121-a04a-67a25c4af36b,Pyro6_L4,libs/foundry/records/starmap/pu/system/pyro/pyro6/lagrange/pyro6_l4.xml,,Default,20000,1,1,0,0,25000,0,0,0,34b4b062-efea-464c-bfd5-4b3db4f6d588,libs/foundry/records/starmap/pu/privateminingpoint_pyro6_l4_002.xml
PrivateMiningPoint_Pyro6_L5_001,class-or-path-mining,PrivateMiningPoint_Pyro6_L5_001,MiningClaims_Desc_001,LOC_UNINITIALIZED,LOC_UNINITIALIZED,LOC_UNINITIALIZED,e60452a5-b85c-4ab1-97e7-9cefb466f87b,db98caba-70b2-4792-8c02-8e5ca49e95f6,Pyro6_L5,libs/foundry/records/starmap/pu/system/pyro/pyro6/lagrange/pyro6_l5.xml,,Default,20000,1,1,0,0,25000,0,0,0,ee1a279b-20dc-45f3-88e8-5acb2e67c848,libs/foundry/records/starmap/pu/privateminingpoint_pyro6_l5_001.xml
PrivateMiningPoint_Pyro6_L5_002,class-or-path-mining,PrivateMiningPoint_Pyro6_L5_002,MiningClaims_Desc_001,LOC_UNINITIALIZED,LOC_UNINITIALIZED,LOC_UNINITIALIZED,e60452a5-b85c-4ab1-97e7-9cefb466f87b,db98caba-70b2-4792-8c02-8e5ca49e95f6,Pyro6_L5,libs/foundry/records/starmap/pu/system/pyro/pyro6/lagrange/pyro6_l5.xml,,Default,20000,1,1,0,0,25000,0,0,0,903c48b3-446b-4ed7-9650-2bf53796e81b,libs/foundry/records/starmap/pu/privateminingpoint_pyro6_l5_002.xml
PrivateMiningPoint_Stanton2_L2_001,class-or-path-mining,MiningClaim_S2L1_001,MiningClaims_Desc_001,LOC_UNINITIALIZED,LOC_UNINITIALIZED,LOC_UNINITIALIZED,e60452a5-b85c-4ab1-97e7-9cefb466f87b,6d1b09ae-bdcd-47d7-a506-c8aba2b18af7,Stanton2_L2_01,libs/foundry/records/starmap/pu/system/stanton/stanton1/lagrange/stanton2_l2_01.xml,,Default,20000,1,1,0,0,25000,0,0,0,51306977-b333-4610-9fc9-99e523b6c88f,libs/foundry/records/starmap/pu/privateminingpoint_stanton2_l2_001.xml
PrivateMiningPoint_Stanton2_L2_002,class-or-path-mining,MiningClaim_S2L1_002,MiningClaims_Desc_001,LOC_UNINITIALIZED,LOC_UNINITIALIZED,LOC_UNINITIALIZED,e60452a5-b85c-4ab1-97e7-9cefb466f87b,6d1b09ae-bdcd-47d7-a506-c8aba2b18af7,Stanton2_L2_01,libs/foundry/records/starmap/pu/system/stanton/stanton1/lagrange/stanton2_l2_01.xml,,Default,20000,1,1,0,0,25000,0,0,0,463c4222-9f35-4200-9eb4-98416a2b42c5,libs/foundry/records/starmap/pu/privateminingpoint_stanton2_l2_002.xml
PrivateMiningPoint_Stanton2_L2_003,class-or-path-mining,MiningClaim_S2L1_003,MiningClaims_Desc_001,LOC_UNINITIALIZED,LOC_UNINITIALIZED,LOC_UNINITIALIZED,e60452a5-b85c-4ab1-97e7-9cefb466f87b,9415f1bb-fbb5-44fd-a6a1-fa4ed012402a,Stanton2_L2_02,libs/foundry/records/starmap/pu/system/stanton/stanton1/lagrange/stanton2_l2_02.xml,,Default,20000,1,1,0,0,25000,0,0,0,f5ad5a3b-2cd0-4227-8663-3628e9610ca4,libs/foundry/records/starmap/pu/privateminingpoint_stanton2_l2_003.xml
PrivateMiningPoint_Stanton2_L2_004,class-or-path-mining,MiningClaim_S2L1_004,MiningClaims_Desc_001,LOC_UNINITIALIZED,LOC_UNINITIALIZED,LOC_UNINITIALIZED,e60452a5-b85c-4ab1-97e7-9cefb466f87b,9415f1bb-fbb5-44fd-a6a1-fa4ed012402a,Stanton2_L2_02,libs/foundry/records/starmap/pu/system/stanton/stanton1/lagrange/stanton2_l2_02.xml,,Default,20000,1,1,0,0,25000,0,0,0,379e8c6f-6a68-4024-8b78-4b0ef87f65e2,libs/foundry/records/starmap/pu/privateminingpoint_stanton2_l2_004.xml
PrivateMiningPoint_Stanton2_L2_005,class-or-path-mining,MiningClaim_S2L1_005,MiningClaims_Desc_001,LOC_UNINITIALIZED,LOC_UNINITIALIZED,LOC_UNINITIALIZED,e60452a5-b85c-4ab1-97e7-9cefb466f87b,9415f1bb-fbb5-44fd-a6a1-fa4ed012402a,Stanton2_L2_02,libs/foundry/records/starmap/pu/system/stanton/stanton1/lagrange/stanton2_l2_02.xml,,Default,20000,1,1,0,0,25000,0,0,0,089f4e94-7ef9-4bb1-afb6-c9eb3ebf9fd5,libs/foundry/records/starmap/pu/privateminingpoint_stanton2_l2_005.xml
PrivateMiningPoint_Stanton2_L2_006,class-or-path-mining,MiningClaim_S2L1_006,MiningClaims_Desc_001,LOC_UNINITIALIZED,LOC_UNINITIALIZED,LOC_UNINITIALIZED,e60452a5-b85c-4ab1-97e7-9cefb466f87b,5991fd21-7ff6-44b7-a6cc-9eb2ed1200f1,Stanton2_L2_03,libs/foundry/records/starmap/pu/system/stanton/stanton1/lagrange/stanton2_l2_03.xml,,Default,20000,1,1,0,0,25000,0,0,0,8dd8a9ff-04a2-4101-b04a-e91bd5831688,libs/foundry/records/starmap/pu/privateminingpoint_stanton2_l2_006.xml
PrivateMiningPoint_Stanton2_L2_007,class-or-path-mining,MiningClaim_S2L1_007,MiningClaims_Desc_001,LOC_UNINITIALIZED,LOC_UNINITIALIZED,LOC_UNINITIALIZED,e60452a5-b85c-4ab1-97e7-9cefb466f87b,5991fd21-7ff6-44b7-a6cc-9eb2ed1200f1,Stanton2_L2_03,libs/foundry/records/starmap/pu/system/stanton/stanton1/lagrange/stanton2_l2_03.xml,,Default,20000,1,1,0,0,25000,0,0,0,1c2f89f5-b4b5-414d-bf39-9019c2759265,libs/foundry/records/starmap/pu/privateminingpoint_stanton2_l2_007.xml
PrivateMiningPoint_Stanton2_L2_008,class-or-path-mining,MiningClaim_S2L1_008,MiningClaims_Desc_001,LOC_UNINITIALIZED,LOC_UNINITIALIZED,LOC_UNINITIALIZED,e60452a5-b85c-4ab1-97e7-9cefb466f87b,5991fd21-7ff6-44b7-a6cc-9eb2ed1200f1,Stanton2_L2_03,libs/foundry/records/starmap/pu/system/stanton/stanton1/lagrange/stanton2_l2_03.xml,,Default,20000,1,1,0,0,25000,0,0,0,c02a3a9d-3db5-476a-9cc9-2b09abf56017,libs/foundry/records/starmap/pu/privateminingpoint_stanton2_l2_008.xml
PrivateMiningPoint_Stanton2_L4_001,class-or-path-mining,MiningClaim_S2L4_001,MiningClaims_Desc_001,LOC_UNINITIALIZED,LOC_UNINITIALIZED,LOC_UNINITIALIZED,e60452a5-b85c-4ab1-97e7-9cefb466f87b,c67d1b8f-32ee-4fe1-8a66-bd1bfa04c5c0,Stanton2_L4,libs/foundry/records/starmap/pu/system/stanton/stanton2/lagrange/stanton2_l4.xml,,Default,20000,1,1,0,0,25000,0,0,0,ab22a298-6892-4d13-b9b5-4619422cc5dc,libs/foundry/records/starmap/pu/privateminingpoint_stanton2_l4_001.xml
PrivateMiningPoint_Stanton2_L4_002,class-or-path-mining,MiningClaim_S2L4_002,MiningClaims_Desc_001,LOC_UNINITIALIZED,LOC_UNINITIALIZED,LOC_UNINITIALIZED,e60452a5-b85c-4ab1-97e7-9cefb466f87b,c67d1b8f-32ee-4fe1-8a66-bd1bfa04c5c0,Stanton2_L4,libs/foundry/records/starmap/pu/system/stanton/stanton2/lagrange/stanton2_l4.xml,,Default,20000,1,1,0,0,25000,0,0,0,093e326e-c4e2-4f63-add0-2f38907ac629,libs/foundry/records/starmap/pu/privateminingpoint_stanton2_l4_002.xml
PrivateMiningPoint_Stanton2_L4_003,class-or-path-mining,MiningClaim_S2L4_003,MiningClaims_Desc_001,LOC_UNINITIALIZED,LOC_UNINITIALIZED,LOC_UNINITIALIZED,e60452a5-b85c-4ab1-97e7-9cefb466f87b,c67d1b8f-32ee-4fe1-8a66-bd1bfa04c5c0,Stanton2_L4,libs/foundry/records/starmap/pu/system/stanton/stanton2/lagrange/stanton2_l4.xml,,Default,20000,1,1,0,0,25000,0,0,0,37cc3c19-9971-4a59-a650-a0ee7f125a96,libs/foundry/records/starmap/pu/privateminingpoint_stanton2_l4_003.xml
PrivateMiningPoint_Stanton2_L4_004,class-or-path-mining,MiningClaim_S2L4_004,MiningClaims_Desc_001,LOC_UNINITIALIZED,LOC_UNINITIALIZED,LOC_UNINITIALIZED,e60452a5-b85c-4ab1-97e7-9cefb466f87b,c67d1b8f-32ee-4fe1-8a66-bd1bfa04c5c0,Stanton2_L4,libs/foundry/records/starmap/pu/system/stanton/stanton2/lagrange/stanton2_l4.xml,,Default,20000,1,1,0,0,25000,0,0,0,c4028a03-81c9-4663-a927-430a6ffae26f,libs/foundry/records/starmap/pu/privateminingpoint_stanton2_l4_004.xml
PrivateMiningPoint_Stanton2_L4_005,class-or-path-mining,MiningClaim_S2L4_005,MiningClaims_Desc_001,LOC_UNINITIALIZED,LOC_UNINITIALIZED,LOC_UNINITIALIZED,e60452a5-b85c-4ab1-97e7-9cefb466f87b,c67d1b8f-32ee-4fe1-8a66-bd1bfa04c5c0,Stanton2_L4,libs/foundry/records/starmap/pu/system/stanton/stanton2/lagrange/stanton2_l4.xml,,Default,20000,1,1,0,0,25000,0,0,0,6dbd302a-02de-4bd4-99fb-dc57acf537d1,libs/foundry/records/starmap/pu/privateminingpoint_stanton2_l4_005.xml
PrivateMiningPoint_Stanton2_L4_006,class-or-path-mining,MiningClaim_S2L4_006,MiningClaims_Desc_001,LOC_UNINITIALIZED,LOC_UNINITIALIZED,LOC_UNINITIALIZED,e60452a5-b85c-4ab1-97e7-9cefb466f87b,c67d1b8f-32ee-4fe1-8a66-bd1bfa04c5c0,Stanton2_L4,libs/foundry/records/starmap/pu/system/stanton/stanton2/lagrange/stanton2_l4.xml,,Default,20000,1,1,0,0,25000,0,0,0,8ae98725-d7d5-402d-b1ef-8ee48a979826,libs/foundry/records/starmap/pu/privateminingpoint_stanton2_l4_006.xml
PrivateMiningPoint_Stanton2_L4_007,class-or-path-mining,MiningClaim_S2L4_007,MiningClaims_Desc_001,LOC_UNINITIALIZED,LOC_UNINITIALIZED,LOC_UNINITIALIZED,e60452a5-b85c-4ab1-97e7-9cefb466f87b,c67d1b8f-32ee-4fe1-8a66-bd1bfa04c5c0,Stanton2_L4,libs/foundry/records/starmap/pu/system/stanton/stanton2/lagrange/stanton2_l4.xml,,Default,20000,1,1,0,0,25000,0,0,0,fb713000-9a15-48f4-ae6b-bfaa8dc07151,libs/foundry/records/starmap/pu/privateminingpoint_stanton2_l4_007.xml
PrivateMiningPoint_Stanton2_L4_008,class-or-path-mining,MiningClaim_S2L4_008,MiningClaims_Desc_001,LOC_UNINITIALIZED,LOC_UNINITIALIZED,LOC_UNINITIALIZED,e60452a5-b85c-4ab1-97e7-9cefb466f87b,c67d1b8f-32ee-4fe1-8a66-bd1bfa04c5c0,Stanton2_L4,libs/foundry/records/starmap/pu/system/stanton/stanton2/lagrange/stanton2_l4.xml,,Default,20000,1,1,0,0,25000,0,0,0,5ceeaaf2-4912-4ce4-ad6d-19c58aba8344,libs/foundry/records/starmap/pu/privateminingpoint_stanton2_l4_008.xml
PrivateMiningPoint_Stanton3_L3_001,class-or-path-mining,MiningClaim_S3L3_001,MiningClaims_Desc_001,LOC_UNINITIALIZED,LOC_UNINITIALIZED,LOC_UNINITIALIZED,e60452a5-b85c-4ab1-97e7-9cefb466f87b,8e1e3499-2188-4a1d-97eb-5cd45f66f908,Stanton3_L3,libs/foundry/records/starmap/pu/system/stanton/stanton3/lagrange/stanton3_l3.xml,,Default,20000,1,1,0,0,25000,0,0,0,8fe17788-f49a-42f5-9478-ac9edaddf941,libs/foundry/records/starmap/pu/privateminingpoint_stanton3_l3_001.xml
PrivateMiningPoint_Stanton3_L3_002,class-or-path-mining,MiningClaim_S3L3_002,MiningClaims_Desc_001,LOC_UNINITIALIZED,LOC_UNINITIALIZED,LOC_UNINITIALIZED,e60452a5-b85c-4ab1-97e7-9cefb466f87b,8e1e3499-2188-4a1d-97eb-5cd45f66f908,Stanton3_L3,libs/foundry/records/starmap/pu/system/stanton/stanton3/lagrange/stanton3_l3.xml,,Default,20000,1,1,0,0,25000,0,0,0,faf48620-1ebf-4fab-8fd0-d1f2227e9cfa,libs/foundry/records/starmap/pu/privateminingpoint_stanton3_l3_002.xml
PrivateMiningPoint_Stanton3_L3_003,class-or-path-mining,MiningClaim_S3L3_003,MiningClaims_Desc_001,LOC_UNINITIALIZED,LOC_UNINITIALIZED,LOC_UNINITIALIZED,e60452a5-b85c-4ab1-97e7-9cefb466f87b,8e1e3499-2188-4a1d-97eb-5cd45f66f908,Stanton3_L3,libs/foundry/records/starmap/pu/system/stanton/stanton3/lagrange/stanton3_l3.xml,,Default,20000,1,1,0,0,25000,0,0,0,ecdb937a-f71e-405a-b90c-681fd19c99a1,libs/foundry/records/starmap/pu/privateminingpoint_stanton3_l3_003.xml
PrivateMiningPoint_Stanton3_L3_004,class-or-path-mining,MiningClaim_S3L3_004,MiningClaims_Desc_001,LOC_UNINITIALIZED,LOC_UNINITIALIZED,LOC_UNINITIALIZED,e60452a5-b85c-4ab1-97e7-9cefb466f87b,8e1e3499-2188-4a1d-97eb-5cd45f66f908,Stanton3_L3,libs/foundry/records/starmap/pu/system/stanton/stanton3/lagrange/stanton3_l3.xml,,Default,20000,1,1,0,0,25000,0,0,0,80661c94-7493-4186-bf65-72b044b239b7,libs/foundry/records/starmap/pu/privateminingpoint_stanton3_l3_004.xml
PrivateMiningPoint_Stanton3_L3_005,class-or-path-mining,MiningClaim_S3L3_005,MiningClaims_Desc_001,LOC_UNINITIALIZED,LOC_UNINITIALIZED,LOC_UNINITIALIZED,e60452a5-b85c-4ab1-97e7-9cefb466f87b,8e1e3499-2188-4a1d-97eb-5cd45f66f908,Stanton3_L3,libs/foundry/records/starmap/pu/system/stanton/stanton3/lagrange/stanton3_l3.xml,,Default,20000,1,1,0,0,25000,0,0,0,ec58b56b-12e5-4c00-8b15-ff47cc63f44f,libs/foundry/records/starmap/pu/privateminingpoint_stanton3_l3_005.xml
PrivateMiningPoint_Stanton3_L3_006,class-or-path-mining,MiningClaim_S3L3_006,MiningClaims_Desc_001,LOC_UNINITIALIZED,LOC_UNINITIALIZED,LOC_UNINITIALIZED,e60452a5-b85c-4ab1-97e7-9cefb466f87b,8e1e3499-2188-4a1d-97eb-5cd45f66f908,Stanton3_L3,libs/foundry/records/starmap/pu/system/stanton/stanton3/lagrange/stanton3_l3.xml,,Default,20000,1,1,0,0,25000,0,0,0,5d7f3eb5-67de-4fbb-b82c-a58541839f72,libs/foundry/records/starmap/pu/privateminingpoint_stanton3_l3_006.xml
PrivateMiningPoint_Stanton3_L3_007,class-or-path-mining,MiningClaim_S3L3_007,MiningClaims_Desc_001,LOC_UNINITIALIZED,LOC_UNINITIALIZED,LOC_UNINITIALIZED,e60452a5-b85c-4ab1-97e7-9cefb466f87b,8e1e3499-2188-4a1d-97eb-5cd45f66f908,Stanton3_L3,libs/foundry/records/starmap/pu/system/stanton/stanton3/lagrange/stanton3_l3.xml,,Default,20000,1,1,0,0,25000,0,0,0,acd630e7-8507-4aa3-942a-23be9955767e,libs/foundry/records/starmap/pu/privateminingpoint_stanton3_l3_007.xml
PrivateMiningPoint_Stanton3_L3_008,class-or-path-mining,MiningClaim_S3L3_008,MiningClaims_Desc_001,LOC_UNINITIALIZED,LOC_UNINITIALIZED,LOC_UNINITIALIZED,e60452a5-b85c-4ab1-97e7-9cefb466f87b,8e1e3499-2188-4a1d-97eb-5cd45f66f908,Stanton3_L3,libs/foundry/records/starmap/pu/system/stanton/stanton3/lagrange/stanton3_l3.xml,,Default,20000,1,1,0,0,25000,0,0,0,56bdd82b-2d47-4cd6-912b-8fc148fb735c,libs/foundry/records/starmap/pu/privateminingpoint_stanton3_l3_008.xml
PrivateMiningPoint_Stanton3_L4_001,class-or-path-mining,MiningClaim_S3L4_001,MiningClaims_Desc_001,LOC_UNINITIALIZED,LOC_UNINITIALIZED,LOC_UNINITIALIZED,e60452a5-b85c-4ab1-97e7-9cefb466f87b,ba1492c3-5e0a-4e7e-83e8-f55aed92a756,Stanton3_L4,libs/foundry/records/starmap/pu/system/stanton/stanton3/lagrange/stanton3_l4.xml,,Default,20000,1,1,0,0,25000,0,0,0,11afd3b7-e839-45b4-8bf9-1a6610c39546,libs/foundry/records/starmap/pu/privateminingpoint_stanton3_l4_001.xml
PrivateMiningPoint_Stanton3_L4_002,class-or-path-mining,MiningClaim_S3L4_002,MiningClaims_Desc_001,LOC_UNINITIALIZED,LOC_UNINITIALIZED,LOC_UNINITIALIZED,e60452a5-b85c-4ab1-97e7-9cefb466f87b,ba1492c3-5e0a-4e7e-83e8-f55aed92a756,Stanton3_L4,libs/foundry/records/starmap/pu/system/stanton/stanton3/lagrange/stanton3_l4.xml,,Default,20000,1,1,0,0,25000,0,0,0,ed9ec6cd-2d6d-4d06-8db5-133ee025e666,libs/foundry/records/starmap/pu/privateminingpoint_stanton3_l4_002.xml
PrivateMiningPoint_Stanton3_L4_003,class-or-path-mining,MiningClaim_S3L4_003,MiningClaims_Desc_001,LOC_UNINITIALIZED,LOC_UNINITIALIZED,LOC_UNINITIALIZED,e60452a5-b85c-4ab1-97e7-9cefb466f87b,ba1492c3-5e0a-4e7e-83e8-f55aed92a756,Stanton3_L4,libs/foundry/records/starmap/pu/system/stanton/stanton3/lagrange/stanton3_l4.xml,,Default,20000,1,1,0,0,25000,0,0,0,8ca86a88-74eb-441e-ae35-66146336d3a6,libs/foundry/records/starmap/pu/privateminingpoint_stanton3_l4_003.xml
PrivateMiningPoint_Stanton3_L4_004,class-or-path-mining,MiningClaim_S3L4_004,MiningClaims_Desc_001,LOC_UNINITIALIZED,LOC_UNINITIALIZED,LOC_UNINITIALIZED,e60452a5-b85c-4ab1-97e7-9cefb466f87b,ba1492c3-5e0a-4e7e-83e8-f55aed92a756,Stanton3_L4,libs/foundry/records/starmap/pu/system/stanton/stanton3/lagrange/stanton3_l4.xml,,Default,20000,1,1,0,0,25000,0,0,0,2dcd3ba8-4e67-404e-8749-ccf7d33d7e56,libs/foundry/records/starmap/pu/privateminingpoint_stanton3_l4_004.xml
PrivateMiningPoint_Stanton3_L4_005,class-or-path-mining,MiningClaim_S3L4_005,MiningClaims_Desc_001,LOC_UNINITIALIZED,LOC_UNINITIALIZED,LOC_UNINITIALIZED,e60452a5-b85c-4ab1-97e7-9cefb466f87b,ba1492c3-5e0a-4e7e-83e8-f55aed92a756,Stanton3_L4,libs/foundry/records/starmap/pu/system/stanton/stanton3/lagrange/stanton3_l4.xml,,Default,20000,1,1,0,0,25000,0,0,0,583eecda-9f99-41b6-b05e-a3711e9756d6,libs/foundry/records/starmap/pu/privateminingpoint_stanton3_l4_005.xml
PrivateMiningPoint_Stanton3_L4_006,class-or-path-mining,MiningClaim_S3L4_006,MiningClaims_Desc_001,LOC_UNINITIALIZED,LOC_UNINITIALIZED,LOC_UNINITIALIZED,e60452a5-b85c-4ab1-97e7-9cefb466f87b,ba1492c3-5e0a-4e7e-83e8-f55aed92a756,Stanton3_L4,libs/foundry/records/starmap/pu/system/stanton/stanton3/lagrange/stanton3_l4.xml,,Default,20000,1,1,0,0,25000,0,0,0,ece7e5cd-a253-48dd-bb2a-d9671cc9279a,libs/foundry/records/starmap/pu/privateminingpoint_stanton3_l4_006.xml
PrivateMiningPoint_Stanton3_L4_007,class-or-path-mining,MiningClaim_S3L4_007,MiningClaims_Desc_001,LOC_UNINITIALIZED,LOC_UNINITIALIZED,LOC_UNINITIALIZED,e60452a5-b85c-4ab1-97e7-9cefb466f87b,ba1492c3-5e0a-4e7e-83e8-f55aed92a756,Stanton3_L4,libs/foundry/records/starmap/pu/system/stanton/stanton3/lagrange/stanton3_l4.xml,,Default,20000,1,1,0,0,25000,0,0,0,774170ec-de8d-4aa9-aef9-472f4c8a67c7,libs/foundry/records/starmap/pu/privateminingpoint_stanton3_l4_007.xml
PrivateMiningPoint_Stanton3_L4_008,class-or-path-mining,MiningClaim_S3L4_008,MiningClaims_Desc_001,LOC_UNINITIALIZED,LOC_UNINITIALIZED,LOC_UNINITIALIZED,e60452a5-b85c-4ab1-97e7-9cefb466f87b,ba1492c3-5e0a-4e7e-83e8-f55aed92a756,Stanton3_L4,libs/foundry/records/starmap/pu/system/stanton/stanton3/lagrange/stanton3_l4.xml,,Default,20000,1,1,0,0,25000,0,0,0,65623121-ac05-4d26-b7b5-e1730be358d9,libs/foundry/records/starmap/pu/privateminingpoint_stanton3_l4_008.xml
PrivateMiningPoint_Stanton3_L5_001,class-or-path-mining,MiningClaim_S3L5_001,MiningClaims_Desc_001,LOC_UNINITIALIZED,LOC_UNINITIALIZED,LOC_UNINITIALIZED,e60452a5-b85c-4ab1-97e7-9cefb466f87b,9320ba84-f110-4589-907f-e85d76e05c44,Stanton3_L5,libs/foundry/records/starmap/pu/system/stanton/stanton3/lagrange/stanton3_l5.xml,,Default,20000,1,1,0,0,25000,0,0,0,d63a4ee8-d2b6-47ec-8733-46c7d9abf353,libs/foundry/records/starmap/pu/privateminingpoint_stanton3_l5_001.xml
PrivateMiningPoint_Stanton3_L5_002,class-or-path-mining,MiningClaim_S3L5_002,MiningClaims_Desc_001,LOC_UNINITIALIZED,LOC_UNINITIALIZED,LOC_UNINITIALIZED,e60452a5-b85c-4ab1-97e7-9cefb466f87b,9320ba84-f110-4589-907f-e85d76e05c44,Stanton3_L5,libs/foundry/records/starmap/pu/system/stanton/stanton3/lagrange/stanton3_l5.xml,,Default,20000,1,1,0,0,25000,0,0,0,47937c66-42b7-4d61-8788-ea29e0ad6cd0,libs/foundry/records/starmap/pu/privateminingpoint_stanton3_l5_002.xml
PrivateMiningPoint_Stanton3_L5_003,class-or-path-mining,MiningClaim_S3L5_003,MiningClaims_Desc_001,LOC_UNINITIALIZED,LOC_UNINITIALIZED,LOC_UNINITIALIZED,e60452a5-b85c-4ab1-97e7-9cefb466f87b,9320ba84-f110-4589-907f-e85d76e05c44,Stanton3_L5,libs/foundry/records/starmap/pu/system/stanton/stanton3/lagrange/stanton3_l5.xml,,Default,20000,1,1,0,0,25000,0,0,0,7ed072c1-4c7f-4cd2-952c-9c1f6daf061d,libs/foundry/records/starmap/pu/privateminingpoint_stanton3_l5_003.xml
PrivateMiningPoint_Stanton3_L5_004,class-or-path-mining,MiningClaim_S3L5_004,MiningClaims_Desc_001,LOC_UNINITIALIZED,LOC_UNINITIALIZED,LOC_UNINITIALIZED,e60452a5-b85c-4ab1-97e7-9cefb466f87b,9320ba84-f110-4589-907f-e85d76e05c44,Stanton3_L5,libs/foundry/records/starmap/pu/system/stanton/stanton3/lagrange/stanton3_l5.xml,,Default,20000,1,1,0,0,25000,0,0,0,bcb53108-ab99-4938-b83c-69d3b012999a,libs/foundry/records/starmap/pu/privateminingpoint_stanton3_l5_004.xml
PrivateMiningPoint_Stanton3_L5_005,class-or-path-mining,MiningClaim_S3L5_005,MiningClaims_Desc_001,LOC_UNINITIALIZED,LOC_UNINITIALIZED,LOC_UNINITIALIZED,e60452a5-b85c-4ab1-97e7-9cefb466f87b,9320ba84-f110-4589-907f-e85d76e05c44,Stanton3_L5,libs/foundry/records/starmap/pu/system/stanton/stanton3/lagrange/stanton3_l5.xml,,Default,20000,1,1,0,0,25000,0,0,0,06ac4faf-65cf-46ae-8933-bb46db81ff70,libs/foundry/records/starmap/pu/privateminingpoint_stanton3_l5_005.xml
PrivateMiningPoint_Stanton3_L5_006,class-or-path-mining,MiningClaim_S3L5_006,MiningClaims_Desc_001,LOC_UNINITIALIZED,LOC_UNINITIALIZED,LOC_UNINITIALIZED,e60452a5-b85c-4ab1-97e7-9cefb466f87b,9320ba84-f110-4589-907f-e85d76e05c44,Stanton3_L5,libs/foundry/records/starmap/pu/system/stanton/stanton3/lagrange/stanton3_l5.xml,,Default,20000,1,1,0,0,25000,0,0,0,31881e14-427c-4f02-979d-e9739adeb099,libs/foundry/records/starmap/pu/privateminingpoint_stanton3_l5_006.xml
PrivateMiningPoint_Stanton3_L5_007,class-or-path-mining,MiningClaim_S3L5_007,MiningClaims_Desc_001,LOC_UNINITIALIZED,LOC_UNINITIALIZED,LOC_UNINITIALIZED,e60452a5-b85c-4ab1-97e7-9cefb466f87b,9320ba84-f110-4589-907f-e85d76e05c44,Stanton3_L5,libs/foundry/records/starmap/pu/system/stanton/stanton3/lagrange/stanton3_l5.xml,,Default,20000,1,1,0,0,25000,0,0,0,2bffebc7-b7c0-4ad1-83c1-953654b742d4,libs/foundry/records/starmap/pu/privateminingpoint_stanton3_l5_007.xml
PrivateMiningPoint_Stanton3_L5_008,class-or-path-mining,MiningClaim_S3L5_008,MiningClaims_Desc_001,LOC_UNINITIALIZED,LOC_UNINITIALIZED,LOC_UNINITIALIZED,e60452a5-b85c-4ab1-97e7-9cefb466f87b,9320ba84-f110-4589-907f-e85d76e05c44,Stanton3_L5,libs/foundry/records/starmap/pu/system/stanton/stanton3/lagrange/stanton3_l5.xml,,Default,20000,1,1,0,0,25000,0,0,0,0a6ab177-89f2-463b-9dd2-eca243383230,libs/foundry/records/starmap/pu/privateminingpoint_stanton3_l5_008.xml
PrivateMiningPoint_Stanton4_L1_001,class-or-path-mining,MiningClaim_S4L1_001,MiningClaims_Desc_001,LOC_UNINITIALIZED,LOC_UNINITIALIZED,LOC_UNINITIALIZED,e60452a5-b85c-4ab1-97e7-9cefb466f87b,82e23fbe-4478-4281-bcd6-bc68280d7976,Stanton4_L1,libs/foundry/records/starmap/pu/system/stanton/stanton4/lagrange/stanton4_l1.xml,,Default,20000,1,1,0,0,25000,0,0,0,ac301238-cb11-4884-bfd9-18dd32c2dc6c,libs/foundry/records/starmap/pu/privateminingpoint_stanton4_l1_001.xml
PrivateMiningPoint_Stanton4_L1_002,class-or-path-mining,MiningClaim_S4L1_002,MiningClaims_Desc_001,LOC_UNINITIALIZED,LOC_UNINITIALIZED,LOC_UNINITIALIZED,e60452a5-b85c-4ab1-97e7-9cefb466f87b,82e23fbe-4478-4281-bcd6-bc68280d7976,Stanton4_L1,libs/foundry/records/starmap/pu/system/stanton/stanton4/lagrange/stanton4_l1.xml,,Default,20000,1,1,0,0,25000,0,0,0,794b5424-4566-48df-829e-6fa33b4c7f72,libs/foundry/records/starmap/pu/privateminingpoint_stanton4_l1_002.xml
PrivateMiningPoint_Stanton4_L1_003,class-or-path-mining,MiningClaim_S4L1_003,MiningClaims_Desc_001,LOC_UNINITIALIZED,LOC_UNINITIALIZED,LOC_UNINITIALIZED,e60452a5-b85c-4ab1-97e7-9cefb466f87b,82e23fbe-4478-4281-bcd6-bc68280d7976,Stanton4_L1,libs/foundry/records/starmap/pu/system/stanton/stanton4/lagrange/stanton4_l1.xml,,Default,20000,1,1,0,0,25000,0,0,0,0d381ec9-215c-4199-bc23-632c50e5e032,libs/foundry/records/starmap/pu/privateminingpoint_stanton4_l1_003.xml
PrivateMiningPoint_Stanton4_L1_004,class-or-path-mining,MiningClaim_S4L1_004,MiningClaims_Desc_001,LOC_UNINITIALIZED,LOC_UNINITIALIZED,LOC_UNINITIALIZED,e60452a5-b85c-4ab1-97e7-9cefb466f87b,82e23fbe-4478-4281-bcd6-bc68280d7976,Stanton4_L1,libs/foundry/records/starmap/pu/system/stanton/stanton4/lagrange/stanton4_l1.xml,,Default,20000,1,1,0,0,25000,0,0,0,f314f990-d192-49a9-b727-7ec534da0158,libs/foundry/records/starmap/pu/privateminingpoint_stanton4_l1_004.xml
PrivateMiningPoint_Stanton4_L1_005,class-or-path-mining,MiningClaim_S4L1_005,MiningClaims_Desc_001,LOC_UNINITIALIZED,LOC_UNINITIALIZED,LOC_UNINITIALIZED,e60452a5-b85c-4ab1-97e7-9cefb466f87b,82e23fbe-4478-4281-bcd6-bc68280d7976,Stanton4_L1,libs/foundry/records/starmap/pu/system/stanton/stanton4/lagrange/stanton4_l1.xml,,Default,20000,1,1,0,0,25000,0,0,0,3c6d66db-7d40-4d91-8b66-724937a487d1,libs/foundry/records/starmap/pu/privateminingpoint_stanton4_l1_005.xml
PrivateMiningPoint_Stanton4_L1_006,class-or-path-mining,MiningClaim_S4L1_006,MiningClaims_Desc_001,LOC_UNINITIALIZED,LOC_UNINITIALIZED,LOC_UNINITIALIZED,e60452a5-b85c-4ab1-97e7-9cefb466f87b,82e23fbe-4478-4281-bcd6-bc68280d7976,Stanton4_L1,libs/foundry/records/starmap/pu/system/stanton/stanton4/lagrange/stanton4_l1.xml,,Default,20000,1,1,0,0,25000,0,0,0,e1eb2e12-2f23-4a7b-85e9-e817fe9a2624,libs/foundry/records/starmap/pu/privateminingpoint_stanton4_l1_006.xml
PrivateMiningPoint_Stanton4_L1_007,class-or-path-mining,MiningClaim_S4L1_007,MiningClaims_Desc_001,LOC_UNINITIALIZED,LOC_UNINITIALIZED,LOC_UNINITIALIZED,e60452a5-b85c-4ab1-97e7-9cefb466f87b,82e23fbe-4478-4281-bcd6-bc68280d7976,Stanton4_L1,libs/foundry/records/starmap/pu/system/stanton/stanton4/lagrange/stanton4_l1.xml,,Default,20000,1,1,0,0,25000,0,0,0,1b219169-a6a9-48cc-baaf-696f1311fa36,libs/foundry/records/starmap/pu/privateminingpoint_stanton4_l1_007.xml
PrivateMiningPoint_Stanton4_L1_008,class-or-path-mining,MiningClaim_S4L1_008,MiningClaims_Desc_001,LOC_UNINITIALIZED,LOC_UNINITIALIZED,LOC_UNINITIALIZED,e60452a5-b85c-4ab1-97e7-9cefb466f87b,82e23fbe-4478-4281-bcd6-bc68280d7976,Stanton4_L1,libs/foundry/records/starmap/pu/system/stanton/stanton4/lagrange/stanton4_l1.xml,,Default,20000,1,1,0,0,25000,0,0,0,bc99da90-ae5a-43a1-a0dc-51a9f50372ce,libs/foundry/records/starmap/pu/privateminingpoint_stanton4_l1_008.xml
PrivateMiningPoint_Stanton4_L2_001,class-or-path-mining,MiningClaim_S4L2_001,MiningClaims_Desc_001,LOC_UNINITIALIZED,LOC_UNINITIALIZED,LOC_UNINITIALIZED,e60452a5-b85c-4ab1-97e7-9cefb466f87b,46a84972-5b6f-4202-88bf-2628ee6aa6f0,Stanton4_L2_01,libs/foundry/records/starmap/pu/system/stanton/stanton1/lagrange/stanton4_l2_01.xml,,Default,20000,1,1,0,0,25000,0,0,0,33466b30-f423-4d6b-ac6c-4fa693ff2ddc,libs/foundry/records/starmap/pu/privateminingpoint_stanton4_l2_001.xml
PrivateMiningPoint_Stanton4_L2_002,class-or-path-mining,MiningClaim_S4L2_002,MiningClaims_Desc_001,LOC_UNINITIALIZED,LOC_UNINITIALIZED,LOC_UNINITIALIZED,e60452a5-b85c-4ab1-97e7-9cefb466f87b,46a84972-5b6f-4202-88bf-2628ee6aa6f0,Stanton4_L2_01,libs/foundry/records/starmap/pu/system/stanton/stanton1/lagrange/stanton4_l2_01.xml,,Default,20000,1,1,0,0,25000,0,0,0,b8b5cd61-c77c-49bb-b37f-971d5878560a,libs/foundry/records/starmap/pu/privateminingpoint_stanton4_l2_002.xml
PrivateMiningPoint_Stanton4_L2_003,class-or-path-mining,MiningClaim_S4L2_003,MiningClaims_Desc_001,LOC_UNINITIALIZED,LOC_UNINITIALIZED,LOC_UNINITIALIZED,e60452a5-b85c-4ab1-97e7-9cefb466f87b,46a84972-5b6f-4202-88bf-2628ee6aa6f0,Stanton4_L2_01,libs/foundry/records/starmap/pu/system/stanton/stanton1/lagrange/stanton4_l2_01.xml,,Default,20000,1,1,0,0,25000,0,0,0,80490e39-2415-4886-bb67-919a8230b5ed,libs/foundry/records/starmap/pu/privateminingpoint_stanton4_l2_003.xml
PrivateMiningPoint_Stanton4_L2_004,class-or-path-mining,MiningClaim_S4L2_004,MiningClaims_Desc_001,LOC_UNINITIALIZED,LOC_UNINITIALIZED,LOC_UNINITIALIZED,e60452a5-b85c-4ab1-97e7-9cefb466f87b,305bf43d-5bcb-44d3-8ee4-837c8f29669a,Stanton4_L2_02,libs/foundry/records/starmap/pu/system/stanton/stanton1/lagrange/stanton4_l2_02.xml,,Default,20000,1,1,0,0,25000,0,0,0,e8736da7-c411-4f7e-a90b-2dc56b0e70cf,libs/foundry/records/starmap/pu/privateminingpoint_stanton4_l2_004.xml
PrivateMiningPoint_Stanton4_L2_005,class-or-path-mining,MiningClaim_S4L2_005,MiningClaims_Desc_001,LOC_UNINITIALIZED,LOC_UNINITIALIZED,LOC_UNINITIALIZED,e60452a5-b85c-4ab1-97e7-9cefb466f87b,305bf43d-5bcb-44d3-8ee4-837c8f29669a,Stanton4_L2_02,libs/foundry/records/starmap/pu/system/stanton/stanton1/lagrange/stanton4_l2_02.xml,,Default,20000,1,1,0,0,25000,0,0,0,8219ddd2-080a-4ad3-b413-34a448f0f614,libs/foundry/records/starmap/pu/privateminingpoint_stanton4_l2_005.xml
PrivateMiningPoint_Stanton4_L2_006,class-or-path-mining,MiningClaim_S4L2_006,MiningClaims_Desc_001,LOC_UNINITIALIZED,LOC_UNINITIALIZED,LOC_UNINITIALIZED,e60452a5-b85c-4ab1-97e7-9cefb466f87b,305bf43d-5bcb-44d3-8ee4-837c8f29669a,Stanton4_L2_02,libs/foundry/records/starmap/pu/system/stanton/stanton1/lagrange/stanton4_l2_02.xml,,Default,20000,1,1,0,0,25000,0,0,0,6f157e1a-4ef9-4c23-a726-82a280d07e8c,libs/foundry/records/starmap/pu/privateminingpoint_stanton4_l2_006.xml
PrivateMiningPoint_Stanton4_L2_007,class-or-path-mining,MiningClaim_S4L2_007,MiningClaims_Desc_001,LOC_UNINITIALIZED,LOC_UNINITIALIZED,LOC_UNINITIALIZED,e60452a5-b85c-4ab1-97e7-9cefb466f87b,46c7db91-10f2-443e-9303-77ef044c71ee,Stanton4_L2_03,libs/foundry/records/starmap/pu/system/stanton/stanton1/lagrange/stanton4_l2_03.xml,,Default,20000,1,1,0,0,25000,0,0,0,a8f88f03-0558-427d-945c-1365c93f8771,libs/foundry/records/starmap/pu/privateminingpoint_stanton4_l2_007.xml
PrivateMiningPoint_Stanton4_L2_008,class-or-path-mining,MiningClaim_S4L2_008,MiningClaims_Desc_001,LOC_UNINITIALIZED,LOC_UNINITIALIZED,LOC_UNINITIALIZED,e60452a5-b85c-4ab1-97e7-9cefb466f87b,46c7db91-10f2-443e-9303-77ef044c71ee,Stanton4_L2_03,libs/foundry/records/starmap/pu/system/stanton/stanton1/lagrange/stanton4_l2_03.xml,,Default,20000,1,1,0,0,25000,0,0,0,99583f4d-a178-4d63-8940-ddca7a74b465,libs/foundry/records/starmap/pu/privateminingpoint_stanton4_l2_008.xml
PrivateMiningPoint_Stanton4_L3_001,class-or-path-mining,MiningClaim_S4L3_001,MiningClaims_Desc_001,LOC_UNINITIALIZED,LOC_UNINITIALIZED,LOC_UNINITIALIZED,e60452a5-b85c-4ab1-97e7-9cefb466f87b,d61da713-acdb-43c7-8605-8acb2a0fa190,Stanton4_L3,libs/foundry/records/starmap/pu/system/stanton/stanton4/lagrange/stanton4_l3.xml,,Default,20000,1,1,0,0,25000,0,0,0,21347992-7d8c-4a6d-97e7-0ba67a954b17,libs/foundry/records/starmap/pu/privateminingpoint_stanton4_l3_001.xml
PrivateMiningPoint_Stanton4_L3_002,class-or-path-mining,MiningClaim_S4L3_002,MiningClaims_Desc_001,LOC_UNINITIALIZED,LOC_UNINITIALIZED,LOC_UNINITIALIZED,e60452a5-b85c-4ab1-97e7-9cefb466f87b,d61da713-acdb-43c7-8605-8acb2a0fa190,Stanton4_L3,libs/foundry/records/starmap/pu/system/stanton/stanton4/lagrange/stanton4_l3.xml,,Default,20000,1,1,0,0,25000,0,0,0,2700fbed-cd34-4c5b-85bf-5a017f00107f,libs/foundry/records/starmap/pu/privateminingpoint_stanton4_l3_002.xml
PrivateMiningPoint_Stanton4_L3_003,class-or-path-mining,MiningClaim_S4L3_003,MiningClaims_Desc_001,LOC_UNINITIALIZED,LOC_UNINITIALIZED,LOC_UNINITIALIZED,e60452a5-b85c-4ab1-97e7-9cefb466f87b,d61da713-acdb-43c7-8605-8acb2a0fa190,Stanton4_L3,libs/foundry/records/starmap/pu/system/stanton/stanton4/lagrange/stanton4_l3.xml,,Default,20000,1,1,0,0,25000,0,0,0,613484bb-1267-4370-be25-91b86e5fadfc,libs/foundry/records/starmap/pu/privateminingpoint_stanton4_l3_003.xml
PrivateMiningPoint_Stanton4_L3_004,class-or-path-mining,MiningClaim_S4L3_004,MiningClaims_Desc_001,LOC_UNINITIALIZED,LOC_UNINITIALIZED,LOC_UNINITIALIZED,e60452a5-b85c-4ab1-97e7-9cefb466f87b,d61da713-acdb-43c7-8605-8acb2a0fa190,Stanton4_L3,libs/foundry/records/starmap/pu/system/stanton/stanton4/lagrange/stanton4_l3.xml,,Default,20000,1,1,0,0,25000,0,0,0,d681dd9a-fbf5-4034-95e2-1d9506863366,libs/foundry/records/starmap/pu/privateminingpoint_stanton4_l3_004.xml
PrivateMiningPoint_Stanton4_L3_005,class-or-path-mining,MiningClaim_S4L3_005,MiningClaims_Desc_001,LOC_UNINITIALIZED,LOC_UNINITIALIZED,LOC_UNINITIALIZED,e60452a5-b85c-4ab1-97e7-9cefb466f87b,d61da713-acdb-43c7-8605-8acb2a0fa190,Stanton4_L3,libs/foundry/records/starmap/pu/system/stanton/stanton4/lagrange/stanton4_l3.xml,,Default,20000,1,1,0,0,25000,0,0,0,a4f71fef-0437-4a38-8be2-5139ce03209a,libs/foundry/records/starmap/pu/privateminingpoint_stanton4_l3_005.xml
PrivateMiningPoint_Stanton4_L3_006,class-or-path-mining,MiningClaim_S4L3_006,MiningClaims_Desc_001,LOC_UNINITIALIZED,LOC_UNINITIALIZED,LOC_UNINITIALIZED,e60452a5-b85c-4ab1-97e7-9cefb466f87b,d61da713-acdb-43c7-8605-8acb2a0fa190,Stanton4_L3,libs/foundry/records/starmap/pu/system/stanton/stanton4/lagrange/stanton4_l3.xml,,Default,20000,1,1,0,0,25000,0,0,0,007bda95-4749-4a7e-ba98-9b45629af3fb,libs/foundry/records/starmap/pu/privateminingpoint_stanton4_l3_006.xml
PrivateMiningPoint_Stanton4_L3_007,class-or-path-mining,MiningClaim_S4L3_007,MiningClaims_Desc_001,LOC_UNINITIALIZED,LOC_UNINITIALIZED,LOC_UNINITIALIZED,e60452a5-b85c-4ab1-97e7-9cefb466f87b,d61da713-acdb-43c7-8605-8acb2a0fa190,Stanton4_L3,libs/foundry/records/starmap/pu/system/stanton/stanton4/lagrange/stanton4_l3.xml,,Default,20000,1,1,0,0,25000,0,0,0,8ba2d353-46d5-4e42-93ac-1975ad030aa3,libs/foundry/records/starmap/pu/privateminingpoint_stanton4_l3_007.xml
PrivateMiningPoint_Stanton4_L3_008,class-or-path-mining,MiningClaim_S4L3_008,MiningClaims_Desc_001,LOC_UNINITIALIZED,LOC_UNINITIALIZED,LOC_UNINITIALIZED,e60452a5-b85c-4ab1-97e7-9cefb466f87b,d61da713-acdb-43c7-8605-8acb2a0fa190,Stanton4_L3,libs/foundry/records/starmap/pu/system/stanton/stanton4/lagrange/stanton4_l3.xml,,Default,20000,1,1,0,0,25000,0,0,0,9e28275d-b581-48c0-9828-0d2a3e664a87,libs/foundry/records/starmap/pu/privateminingpoint_stanton4_l3_008.xml
PrivateMiningPoint_Stanton4_L4_001,class-or-path-mining,MiningClaim_S4L4_001,MiningClaims_Desc_001,LOC_UNINITIALIZED,LOC_UNINITIALIZED,LOC_UNINITIALIZED,e60452a5-b85c-4ab1-97e7-9cefb466f87b,5e71e60c-52cc-42b9-806a-d8d2a236df28,Stanton4_L4,libs/foundry/records/starmap/pu/system/stanton/stanton4/lagrange/stanton4_l4.xml,,Default,20000,1,1,0,0,25000,0,0,0,d7861f5e-71f7-425d-adc2-94f49215b78e,libs/foundry/records/starmap/pu/privateminingpoint_stanton4_l4_001.xml
PrivateMiningPoint_Stanton4_L4_002,class-or-path-mining,MiningClaim_S4L4_002,MiningClaims_Desc_001,LOC_UNINITIALIZED,LOC_UNINITIALIZED,LOC_UNINITIALIZED,e60452a5-b85c-4ab1-97e7-9cefb466f87b,5e71e60c-52cc-42b9-806a-d8d2a236df28,Stanton4_L4,libs/foundry/records/starmap/pu/system/stanton/stanton4/lagrange/stanton4_l4.xml,,Default,20000,1,1,0,0,25000,0,0,0,00506b11-4482-4d8a-9363-8d767875aed8,libs/foundry/records/starmap/pu/privateminingpoint_stanton4_l4_002.xml
PrivateMiningPoint_Stanton4_L4_003,class-or-path-mining,MiningClaim_S4L4_003,MiningClaims_Desc_001,LOC_UNINITIALIZED,LOC_UNINITIALIZED,LOC_UNINITIALIZED,e60452a5-b85c-4ab1-97e7-9cefb466f87b,5e71e60c-52cc-42b9-806a-d8d2a236df28,Stanton4_L4,libs/foundry/records/starmap/pu/system/stanton/stanton4/lagrange/stanton4_l4.xml,,Default,20000,1,1,0,0,25000,0,0,0,b4d82b9f-4c0c-44f0-bf2e-19de5b998c19,libs/foundry/records/starmap/pu/privateminingpoint_stanton4_l4_003.xml
PrivateMiningPoint_Stanton4_L4_004,class-or-path-mining,MiningClaim_S4L4_004,MiningClaims_Desc_001,LOC_UNINITIALIZED,LOC_UNINITIALIZED,LOC_UNINITIALIZED,e60452a5-b85c-4ab1-97e7-9cefb466f87b,5e71e60c-52cc-42b9-806a-d8d2a236df28,Stanton4_L4,libs/foundry/records/starmap/pu/system/stanton/stanton4/lagrange/stanton4_l4.xml,,Default,20000,1,1,0,0,25000,0,0,0,f3364420-45b0-4bcd-9c3f-b9b005585eea,libs/foundry/records/starmap/pu/privateminingpoint_stanton4_l4_004.xml
PrivateMiningPoint_Stanton4_L4_005,class-or-path-mining,MiningClaim_S4L4_005,MiningClaims_Desc_001,LOC_UNINITIALIZED,LOC_UNINITIALIZED,LOC_UNINITIALIZED,e60452a5-b85c-4ab1-97e7-9cefb466f87b,5e71e60c-52cc-42b9-806a-d8d2a236df28,Stanton4_L4,libs/foundry/records/starmap/pu/system/stanton/stanton4/lagrange/stanton4_l4.xml,,Default,20000,1,1,0,0,25000,0,0,0,25d1f7d9-1c44-4830-abfc-44c768176f08,libs/foundry/records/starmap/pu/privateminingpoint_stanton4_l4_005.xml
PrivateMiningPoint_Stanton4_L4_006,class-or-path-mining,MiningClaim_S4L4_006,MiningClaims_Desc_001,LOC_UNINITIALIZED,LOC_UNINITIALIZED,LOC_UNINITIALIZED,e60452a5-b85c-4ab1-97e7-9cefb466f87b,5e71e60c-52cc-42b9-806a-d8d2a236df28,Stanton4_L4,libs/foundry/records/starmap/pu/system/stanton/stanton4/lagrange/stanton4_l4.xml,,Default,20000,1,1,0,0,25000,0,0,0,bc8ca4a9-88d4-48e9-8a52-d28ecc002c9d,libs/foundry/records/starmap/pu/privateminingpoint_stanton4_l4_006.xml
PrivateMiningPoint_Stanton4_L4_007,class-or-path-mining,MiningClaim_S4L4_007,MiningClaims_Desc_001,LOC_UNINITIALIZED,LOC_UNINITIALIZED,LOC_UNINITIALIZED,e60452a5-b85c-4ab1-97e7-9cefb466f87b,5e71e60c-52cc-42b9-806a-d8d2a236df28,Stanton4_L4,libs/foundry/records/starmap/pu/system/stanton/stanton4/lagrange/stanton4_l4.xml,,Default,20000,1,1,0,0,25000,0,0,0,6c2f5499-b15d-441a-ad79-7f9d28b86a2f,libs/foundry/records/starmap/pu/privateminingpoint_stanton4_l4_007.xml
PrivateMiningPoint_Stanton4_L4_008,class-or-path-mining,MiningClaim_S4L4_008,MiningClaims_Desc_001,LOC_UNINITIALIZED,LOC_UNINITIALIZED,LOC_UNINITIALIZED,e60452a5-b85c-4ab1-97e7-9cefb466f87b,5e71e60c-52cc-42b9-806a-d8d2a236df28,Stanton4_L4,libs/foundry/records/starmap/pu/system/stanton/stanton4/lagrange/stanton4_l4.xml,,Default,20000,1,1,0,0,25000,0,0,0,e99fce1e-1333-45c6-bb98-615a5e59ef6b,libs/foundry/records/starmap/pu/privateminingpoint_stanton4_l4_008.xml
PrivateMiningPoint_Stanton4_L5_001,class-or-path-mining,MiningClaim_S4L5_001,MiningClaims_Desc_001,LOC_UNINITIALIZED,LOC_UNINITIALIZED,LOC_UNINITIALIZED,e60452a5-b85c-4ab1-97e7-9cefb466f87b,3a42031e-71a7-4bd4-ac71-8dcdad4b52ed,Stanton4_L5,libs/foundry/records/starmap/pu/system/stanton/stanton4/lagrange/stanton4_l5.xml,,Default,20000,1,1,0,0,25000,0,0,0,850f5305-5499-43d3-89c9-65998d9c920e,libs/foundry/records/starmap/pu/privateminingpoint_stanton4_l5_001.xml
PrivateMiningPoint_Stanton4_L5_002,class-or-path-mining,MiningClaim_S4L5_002,MiningClaims_Desc_001,LOC_UNINITIALIZED,LOC_UNINITIALIZED,LOC_UNINITIALIZED,e60452a5-b85c-4ab1-97e7-9cefb466f87b,3a42031e-71a7-4bd4-ac71-8dcdad4b52ed,Stanton4_L5,libs/foundry/records/starmap/pu/system/stanton/stanton4/lagrange/stanton4_l5.xml,,Default,20000,1,1,0,0,25000,0,0,0,4daa175e-9eab-4d85-a181-200c1b9f9f3e,libs/foundry/records/starmap/pu/privateminingpoint_stanton4_l5_002.xml
PrivateMiningPoint_Stanton4_L5_003,class-or-path-mining,MiningClaim_S4L5_003,MiningClaims_Desc_001,LOC_UNINITIALIZED,LOC_UNINITIALIZED,LOC_UNINITIALIZED,e60452a5-b85c-4ab1-97e7-9cefb466f87b,3a42031e-71a7-4bd4-ac71-8dcdad4b52ed,Stanton4_L5,libs/foundry/records/starmap/pu/system/stanton/stanton4/lagrange/stanton4_l5.xml,,Default,20000,1,1,0,0,25000,0,0,0,d098aefd-4a41-43cf-a454-b52137745c78,libs/foundry/records/starmap/pu/privateminingpoint_stanton4_l5_003.xml
PrivateMiningPoint_Stanton4_L5_004,class-or-path-mining,MiningClaim_S4L5_004,MiningClaims_Desc_001,LOC_UNINITIALIZED,LOC_UNINITIALIZED,LOC_UNINITIALIZED,e60452a5-b85c-4ab1-97e7-9cefb466f87b,3a42031e-71a7-4bd4-ac71-8dcdad4b52ed,Stanton4_L5,libs/foundry/records/starmap/pu/system/stanton/stanton4/lagrange/stanton4_l5.xml,,Default,20000,1,1,0,0,25000,0,0,0,6b9fd038-f958-4d00-a7f5-003d27344bc0,libs/foundry/records/starmap/pu/privateminingpoint_stanton4_l5_004.xml
PrivateMiningPoint_Stanton4_L5_005,class-or-path-mining,MiningClaim_S4L5_005,MiningClaims_Desc_001,LOC_UNINITIALIZED,LOC_UNINITIALIZED,LOC_UNINITIALIZED,e60452a5-b85c-4ab1-97e7-9cefb466f87b,3a42031e-71a7-4bd4-ac71-8dcdad4b52ed,Stanton4_L5,libs/foundry/records/starmap/pu/system/stanton/stanton4/lagrange/stanton4_l5.xml,,Default,20000,1,1,0,0,25000,0,0,0,c139e87a-5bd2-437b-a690-9c755a3d31c1,libs/foundry/records/starmap/pu/privateminingpoint_stanton4_l5_005.xml
PrivateMiningPoint_Stanton4_L5_006,class-or-path-mining,MiningClaim_S4L5_006,MiningClaims_Desc_001,LOC_UNINITIALIZED,LOC_UNINITIALIZED,LOC_UNINITIALIZED,e60452a5-b85c-4ab1-97e7-9cefb466f87b,3a42031e-71a7-4bd4-ac71-8dcdad4b52ed,Stanton4_L5,libs/foundry/records/starmap/pu/system/stanton/stanton4/lagrange/stanton4_l5.xml,,Default,20000,1,1,0,0,25000,0,0,0,5ba14b7a-71e8-491b-a67e-693f81d59f48,libs/foundry/records/starmap/pu/privateminingpoint_stanton4_l5_006.xml
PrivateMiningPoint_Stanton4_L5_007,class-or-path-mining,MiningClaim_S4L5_007,MiningClaims_Desc_001,LOC_UNINITIALIZED,LOC_UNINITIALIZED,LOC_UNINITIALIZED,e60452a5-b85c-4ab1-97e7-9cefb466f87b,3a42031e-71a7-4bd4-ac71-8dcdad4b52ed,Stanton4_L5,libs/foundry/records/starmap/pu/system/stanton/stanton4/lagrange/stanton4_l5.xml,,Default,20000,1,1,0,0,25000,0,0,0,dcf35dd7-87bf-41d4-8186-73716211af85,libs/foundry/records/starmap/pu/privateminingpoint_stanton4_l5_007.xml
PrivateMiningPoint_Stanton4_L5_008,class-or-path-mining,MiningClaim_S4L5_008,MiningClaims_Desc_001,LOC_UNINITIALIZED,LOC_UNINITIALIZED,LOC_UNINITIALIZED,e60452a5-b85c-4ab1-97e7-9cefb466f87b,3a42031e-71a7-4bd4-ac71-8dcdad4b52ed,Stanton4_L5,libs/foundry/records/starmap/pu/system/stanton/stanton4/lagrange/stanton4_l5.xml,,Default,20000,1,1,0,0,25000,0,0,0,516f9042-c274-4ef2-aaee-5cc9c8f5b07f,libs/foundry/records/starmap/pu/privateminingpoint_stanton4_l5_008.xml
PyroSolarSystem,mining-quality-location,PyroSystem,PyroSystem_Desc,LOC_UNINITIALIZED,LOC_UNINITIALIZED,LOC_UNINITIALIZED,32ed44de-920b-43ce-b55d-82cc4ef9fa59,,,,,Default,0.1,1,1,0,1,,,0,1,286cb603-b4ae-4279-80a1-d4505fee1916,libs/foundry/records/starmap/pu/pyrosolarsystem.xml
PrivateMiningPoint_Delamar_001,class-or-path-mining,MiningClaim_NB1_001,MiningClaims_Desc_001,LOC_UNINITIALIZED,LOC_UNINITIALIZED,LOC_UNINITIALIZED,e60452a5-b85c-4ab1-97e7-9cefb466f87b,0c39de63-bb45-496e-8029-0ed91580c84a,Delamar,libs/foundry/records/starmap/pu/system/nyx/delamar/starmapobject.delamar.xml,,Default,20000,1,1,0,0,25000,0,0,0,7c663520-7b01-4b17-ab30-03dde80eefa9,libs/foundry/records/starmap/pu/system/nyx/delamar/miningclaim/privateminingpoint_delamar_001.xml
PrivateMiningPoint_Delamar_002,class-or-path-mining,MiningClaim_NB1_002,MiningClaims_Desc_001,LOC_UNINITIALIZED,LOC_UNINITIALIZED,LOC_UNINITIALIZED,e60452a5-b85c-4ab1-97e7-9cefb466f87b,0c39de63-bb45-496e-8029-0ed91580c84a,Delamar,libs/foundry/records/starmap/pu/system/nyx/delamar/starmapobject.delamar.xml,,Default,20000,1,1,0,0,25000,0,0,0,548bc567-f28b-4749-ad17-93ef6df67b71,libs/foundry/records/starmap/pu/system/nyx/delamar/miningclaim/privateminingpoint_delamar_002.xml
PrivateMiningPoint_Delamar_003,class-or-path-mining,MiningClaim_NB1_003,MiningClaims_Desc_001,LOC_UNINITIALIZED,LOC_UNINITIALIZED,LOC_UNINITIALIZED,e60452a5-b85c-4ab1-97e7-9cefb466f87b,0c39de63-bb45-496e-8029-0ed91580c84a,Delamar,libs/foundry/records/starmap/pu/system/nyx/delamar/starmapobject.delamar.xml,,Default,20000,1,1,0,0,25000,0,0,0,865120e3-bda7-408f-928c-ef3afabc19c1,libs/foundry/records/starmap/pu/system/nyx/delamar/miningclaim/privateminingpoint_delamar_003.xml
PrivateMiningPoint_Delamar_004,class-or-path-mining,MiningClaim_NB1_004,MiningClaims_Desc_001,LOC_UNINITIALIZED,LOC_UNINITIALIZED,LOC_UNINITIALIZED,e60452a5-b85c-4ab1-97e7-9cefb466f87b,0c39de63-bb45-496e-8029-0ed91580c84a,Delamar,libs/foundry/records/starmap/pu/system/nyx/delamar/starmapobject.delamar.xml,,Default,20000,1,1,0,0,25000,0,0,0,5ea6a7e4-0b55-4d49-bb8b-00fe7c730684,libs/foundry/records/starmap/pu/system/nyx/delamar/miningclaim/privateminingpoint_delamar_004.xml
PrivateMiningPoint_Delamar_005,class-or-path-mining,MiningClaim_NB1_005,MiningClaims_Desc_001,LOC_UNINITIALIZED,LOC_UNINITIALIZED,LOC_UNINITIALIZED,e60452a5-b85c-4ab1-97e7-9cefb466f87b,0c39de63-bb45-496e-8029-0ed91580c84a,Delamar,libs/foundry/records/starmap/pu/system/nyx/delamar/starmapobject.delamar.xml,,Default,20000,1,1,0,0,25000,0,0,0,983c868c-dca1-48be-a5da-a22d95cc6541,libs/foundry/records/starmap/pu/system/nyx/delamar/miningclaim/privateminingpoint_delamar_005.xml
PrivateMiningPoint_Delamar_006,class-or-path-mining,MiningClaim_NB1_006,MiningClaims_Desc_001,LOC_UNINITIALIZED,LOC_UNINITIALIZED,LOC_UNINITIALIZED,e60452a5-b85c-4ab1-97e7-9cefb466f87b,0c39de63-bb45-496e-8029-0ed91580c84a,Delamar,libs/foundry/records/starmap/pu/system/nyx/delamar/starmapobject.delamar.xml,,Default,20000,1,1,0,0,25000,0,0,0,fd62f17a-c46a-4ac0-9352-28f46bd7bef4,libs/foundry/records/starmap/pu/system/nyx/delamar/miningclaim/privateminingpoint_delamar_006.xml
PrivateMiningPoint_Delamar_007,class-or-path-mining,MiningClaim_NB1_007,MiningClaims_Desc_001,LOC_UNINITIALIZED,LOC_UNINITIALIZED,LOC_UNINITIALIZED,e60452a5-b85c-4ab1-97e7-9cefb466f87b,0c39de63-bb45-496e-8029-0ed91580c84a,Delamar,libs/foundry/records/starmap/pu/system/nyx/delamar/starmapobject.delamar.xml,,Default,20000,1,1,0,0,25000,0,0,0,a82b87a6-d0d3-44c9-9509-d49128c4f941,libs/foundry/records/starmap/pu/system/nyx/delamar/miningclaim/privateminingpoint_delamar_007.xml
PrivateMiningPoint_Delamar_008,class-or-path-mining,MiningClaim_NB1_008,MiningClaims_Desc_001,LOC_UNINITIALIZED,LOC_UNINITIALIZED,LOC_UNINITIALIZED,e60452a5-b85c-4ab1-97e7-9cefb466f87b,0c39de63-bb45-496e-8029-0ed91580c84a,Delamar,libs/foundry/records/starmap/pu/system/nyx/delamar/starmapobject.delamar.xml,,Default,20000,1,1,0,0,25000,0,0,0,aaa1e82a-1017-4133-8856-40043ffea5ba,libs/foundry/records/starmap/pu/system/nyx/delamar/miningclaim/privateminingpoint_delamar_008.xml
PrivateMiningPoint_Stanton1_L1_001,class-or-path-mining,MiningClaim_S1L1_001,MiningClaims_Desc_001,LOC_UNINITIALIZED,LOC_UNINITIALIZED,LOC_UNINITIALIZED,e60452a5-b85c-4ab1-97e7-9cefb466f87b,4644d97d-9eb6-4cb5-9f44-ca52872e8aec,Stanton1_L1,libs/foundry/records/starmap/pu/system/stanton/stanton1/lagrange/stanton1_l1.xml,,Default,20000,1,1,0,0,25000,0,0,0,51bec1f8-6319-4345-8f53-2aa9247c5632,libs/foundry/records/starmap/pu/system/stanton/stanton1/miningclaim/privateminingpoint_stanton1_l1_001.xml
PrivateMiningPoint_Stanton1_L1_002,class-or-path-mining,MiningClaim_S1L1_002,MiningClaims_Desc_001,LOC_UNINITIALIZED,LOC_UNINITIALIZED,LOC_UNINITIALIZED,e60452a5-b85c-4ab1-97e7-9cefb466f87b,4644d97d-9eb6-4cb5-9f44-ca52872e8aec,Stanton1_L1,libs/foundry/records/starmap/pu/system/stanton/stanton1/lagrange/stanton1_l1.xml,,Default,20000,1,1,0,0,25000,0,0,0,fb143d40-0599-4232-a541-08b398f414cd,libs/foundry/records/starmap/pu/system/stanton/stanton1/miningclaim/privateminingpoint_stanton1_l1_002.xml
PrivateMiningPoint_Stanton1_L1_003,class-or-path-mining,MiningClaim_S1L1_003,MiningClaims_Desc_001,LOC_UNINITIALIZED,LOC_UNINITIALIZED,LOC_UNINITIALIZED,e60452a5-b85c-4ab1-97e7-9cefb466f87b,4644d97d-9eb6-4cb5-9f44-ca52872e8aec,Stanton1_L1,libs/foundry/records/starmap/pu/system/stanton/stanton1/lagrange/stanton1_l1.xml,,Default,20000,1,1,0,0,25000,0,0,0,fc3d43db-c358-40ca-9e5c-bff6a59a79d1,libs/foundry/records/starmap/pu/system/stanton/stanton1/miningclaim/privateminingpoint_stanton1_l1_003.xml
PrivateMiningPoint_Stanton1_L1_004,class-or-path-mining,MiningClaim_S1L1_004,MiningClaims_Desc_001,LOC_UNINITIALIZED,LOC_UNINITIALIZED,LOC_UNINITIALIZED,e60452a5-b85c-4ab1-97e7-9cefb466f87b,4644d97d-9eb6-4cb5-9f44-ca52872e8aec,Stanton1_L1,libs/foundry/records/starmap/pu/system/stanton/stanton1/lagrange/stanton1_l1.xml,,Default,20000,1,1,0,0,25000,0,0,0,14257739-bab1-4371-8692-9ef1083cc1de,libs/foundry/records/starmap/pu/system/stanton/stanton1/miningclaim/privateminingpoint_stanton1_l1_004.xml
PrivateMiningPoint_Stanton1_L1_005,class-or-path-mining,MiningClaim_S1L1_005,MiningClaims_Desc_001,LOC_UNINITIALIZED,LOC_UNINITIALIZED,LOC_UNINITIALIZED,e60452a5-b85c-4ab1-97e7-9cefb466f87b,4644d97d-9eb6-4cb5-9f44-ca52872e8aec,Stanton1_L1,libs/foundry/records/starmap/pu/system/stanton/stanton1/lagrange/stanton1_l1.xml,,Default,20000,1,1,0,0,25000,0,0,0,84a2b7dd-c295-46c9-b575-39b85c76c8f8,libs/foundry/records/starmap/pu/system/stanton/stanton1/miningclaim/privateminingpoint_stanton1_l1_005.xml
PrivateMiningPoint_Stanton1_L1_006,class-or-path-mining,MiningClaim_S1L1_006,MiningClaims_Desc_001,LOC_UNINITIALIZED,LOC_UNINITIALIZED,LOC_UNINITIALIZED,e60452a5-b85c-4ab1-97e7-9cefb466f87b,4644d97d-9eb6-4cb5-9f44-ca52872e8aec,Stanton1_L1,libs/foundry/records/starmap/pu/system/stanton/stanton1/lagrange/stanton1_l1.xml,,Default,20000,1,1,0,0,25000,0,0,0,bc4dcb7c-5e60-4e5d-9109-1451df094630,libs/foundry/records/starmap/pu/system/stanton/stanton1/miningclaim/privateminingpoint_stanton1_l1_006.xml
PrivateMiningPoint_Stanton1_L1_007,class-or-path-mining,MiningClaim_S1L1_007,MiningClaims_Desc_001,LOC_UNINITIALIZED,LOC_UNINITIALIZED,LOC_UNINITIALIZED,e60452a5-b85c-4ab1-97e7-9cefb466f87b,4644d97d-9eb6-4cb5-9f44-ca52872e8aec,Stanton1_L1,libs/foundry/records/starmap/pu/system/stanton/stanton1/lagrange/stanton1_l1.xml,,Default,20000,1,1,0,0,25000,0,0,0,5462aad7-e300-4401-bef2-0c25c916c19c,libs/foundry/records/starmap/pu/system/stanton/stanton1/miningclaim/privateminingpoint_stanton1_l1_007.xml
PrivateMiningPoint_Stanton1_L1_008,class-or-path-mining,MiningClaim_S1L1_008,MiningClaims_Desc_001,LOC_UNINITIALIZED,LOC_UNINITIALIZED,LOC_UNINITIALIZED,e60452a5-b85c-4ab1-97e7-9cefb466f87b,4644d97d-9eb6-4cb5-9f44-ca52872e8aec,Stanton1_L1,libs/foundry/records/starmap/pu/system/stanton/stanton1/lagrange/stanton1_l1.xml,,Default,20000,1,1,0,0,25000,0,0,0,770b273d-2529-4aaa-9230-16bfd78d1c2a,libs/foundry/records/starmap/pu/system/stanton/stanton1/miningclaim/privateminingpoint_stanton1_l1_008.xml
PrivateMiningPoint_Stanton1_L2_001,class-or-path-mining,MiningClaim_S1L2_001,MiningClaims_Desc_001,LOC_UNINITIALIZED,LOC_UNINITIALIZED,LOC_UNINITIALIZED,e60452a5-b85c-4ab1-97e7-9cefb466f87b,ebe4b6d6-9013-4ad9-bd25-7a8390262c4b,Stanton1_L2,libs/foundry/records/starmap/pu/system/stanton/stanton1/lagrange/stanton1_l2.xml,,Default,20000,1,1,0,0,25000,0,0,0,37bcd9b5-2e45-4a0d-9d87-cd0a31fabb15,libs/foundry/records/starmap/pu/system/stanton/stanton1/miningclaim/privateminingpoint_stanton1_l2_001.xml
PrivateMiningPoint_Stanton1_L2_002,class-or-path-mining,MiningClaim_S1L2_002,MiningClaims_Desc_001,LOC_UNINITIALIZED,LOC_UNINITIALIZED,LOC_UNINITIALIZED,e60452a5-b85c-4ab1-97e7-9cefb466f87b,ebe4b6d6-9013-4ad9-bd25-7a8390262c4b,Stanton1_L2,libs/foundry/records/starmap/pu/system/stanton/stanton1/lagrange/stanton1_l2.xml,,Default,20000,1,1,0,0,25000,0,0,0,eca284dc-b7a6-4a2d-ab86-68a6c0073ace,libs/foundry/records/starmap/pu/system/stanton/stanton1/miningclaim/privateminingpoint_stanton1_l2_002.xml
PrivateMiningPoint_Stanton1_L2_003,class-or-path-mining,MiningClaim_S1L2_003,MiningClaims_Desc_001,LOC_UNINITIALIZED,LOC_UNINITIALIZED,LOC_UNINITIALIZED,e60452a5-b85c-4ab1-97e7-9cefb466f87b,ebe4b6d6-9013-4ad9-bd25-7a8390262c4b,Stanton1_L2,libs/foundry/records/starmap/pu/system/stanton/stanton1/lagrange/stanton1_l2.xml,,Default,20000,1,1,0,0,25000,0,0,0,d1bffbda-a712-4197-af8b-b1869f5a7e66,libs/foundry/records/starmap/pu/system/stanton/stanton1/miningclaim/privateminingpoint_stanton1_l2_003.xml
PrivateMiningPoint_Stanton1_L2_004,class-or-path-mining,MiningClaim_S1L2_004,MiningClaims_Desc_001,LOC_UNINITIALIZED,LOC_UNINITIALIZED,LOC_UNINITIALIZED,e60452a5-b85c-4ab1-97e7-9cefb466f87b,ebe4b6d6-9013-4ad9-bd25-7a8390262c4b,Stanton1_L2,libs/foundry/records/starmap/pu/system/stanton/stanton1/lagrange/stanton1_l2.xml,,Default,20000,1,1,0,0,25000,0,0,0,bbe974fe-64d3-451c-95e5-0a5775aec9a7,libs/foundry/records/starmap/pu/system/stanton/stanton1/miningclaim/privateminingpoint_stanton1_l2_004.xml
PrivateMiningPoint_Stanton1_L2_005,class-or-path-mining,MiningClaim_S1L2_005,MiningClaims_Desc_001,LOC_UNINITIALIZED,LOC_UNINITIALIZED,LOC_UNINITIALIZED,e60452a5-b85c-4ab1-97e7-9cefb466f87b,ebe4b6d6-9013-4ad9-bd25-7a8390262c4b,Stanton1_L2,libs/foundry/records/starmap/pu/system/stanton/stanton1/lagrange/stanton1_l2.xml,,Default,20000,1,1,0,0,25000,0,0,0,a2d76baf-454b-48e1-b1f1-a38fc139f93b,libs/foundry/records/starmap/pu/system/stanton/stanton1/miningclaim/privateminingpoint_stanton1_l2_005.xml
PrivateMiningPoint_Stanton1_L2_006,class-or-path-mining,MiningClaim_S1L2_006,MiningClaims_Desc_001,LOC_UNINITIALIZED,LOC_UNINITIALIZED,LOC_UNINITIALIZED,e60452a5-b85c-4ab1-97e7-9cefb466f87b,ebe4b6d6-9013-4ad9-bd25-7a8390262c4b,Stanton1_L2,libs/foundry/records/starmap/pu/system/stanton/stanton1/lagrange/stanton1_l2.xml,,Default,20000,1,1,0,0,25000,0,0,0,2a9df83d-f5ed-4cc3-8ee2-48b238d5546d,libs/foundry/records/starmap/pu/system/stanton/stanton1/miningclaim/privateminingpoint_stanton1_l2_006.xml
PrivateMiningPoint_Stanton1_L2_007,class-or-path-mining,MiningClaim_S1L2_007,MiningClaims_Desc_001,LOC_UNINITIALIZED,LOC_UNINITIALIZED,LOC_UNINITIALIZED,e60452a5-b85c-4ab1-97e7-9cefb466f87b,ebe4b6d6-9013-4ad9-bd25-7a8390262c4b,Stanton1_L2,libs/foundry/records/starmap/pu/system/stanton/stanton1/lagrange/stanton1_l2.xml,,Default,20000,1,1,0,0,25000,0,0,0,e3857d2a-3ea7-4aec-9b9a-84199218642c,libs/foundry/records/starmap/pu/system/stanton/stanton1/miningclaim/privateminingpoint_stanton1_l2_007.xml
PrivateMiningPoint_Stanton1_L2_008,class-or-path-mining,MiningClaim_S1L2_008,MiningClaims_Desc_001,LOC_UNINITIALIZED,LOC_UNINITIALIZED,LOC_UNINITIALIZED,e60452a5-b85c-4ab1-97e7-9cefb466f87b,ebe4b6d6-9013-4ad9-bd25-7a8390262c4b,Stanton1_L2,libs/foundry/records/starmap/pu/system/stanton/stanton1/lagrange/stanton1_l2.xml,,Default,20000,1,1,0,0,25000,0,0,0,7b2c459e-d33c-4661-8a67-52487c2249a0,libs/foundry/records/starmap/pu/system/stanton/stanton1/miningclaim/privateminingpoint_stanton1_l2_008.xml
PrivateMiningPoint_Stanton1_L3_001,class-or-path-mining,MiningClaim_S1L3_001,MiningClaims_Desc_001,LOC_UNINITIALIZED,LOC_UNINITIALIZED,LOC_UNINITIALIZED,e60452a5-b85c-4ab1-97e7-9cefb466f87b,f070fde0-0792-4edf-9a77-bd693d414bd2,Stanton1_L3,libs/foundry/records/starmap/pu/system/stanton/stanton1/lagrange/stanton1_l3.xml,,Default,20000,1,1,0,0,25000,0,0,0,1847ee42-c944-4b51-a94c-148e3a078b16,libs/foundry/records/starmap/pu/system/stanton/stanton1/miningclaim/privateminingpoint_stanton1_l3_001.xml
PrivateMiningPoint_Stanton1_L3_002,class-or-path-mining,MiningClaim_S1L3_002,MiningClaims_Desc_001,LOC_UNINITIALIZED,LOC_UNINITIALIZED,LOC_UNINITIALIZED,e60452a5-b85c-4ab1-97e7-9cefb466f87b,f070fde0-0792-4edf-9a77-bd693d414bd2,Stanton1_L3,libs/foundry/records/starmap/pu/system/stanton/stanton1/lagrange/stanton1_l3.xml,,Default,20000,1,1,0,0,25000,0,0,0,8615449d-77d1-4adc-9100-4e470183f4a0,libs/foundry/records/starmap/pu/system/stanton/stanton1/miningclaim/privateminingpoint_stanton1_l3_002.xml
PrivateMiningPoint_Stanton1_L3_003,class-or-path-mining,MiningClaim_S1L3_003,MiningClaims_Desc_001,LOC_UNINITIALIZED,LOC_UNINITIALIZED,LOC_UNINITIALIZED,e60452a5-b85c-4ab1-97e7-9cefb466f87b,f070fde0-0792-4edf-9a77-bd693d414bd2,Stanton1_L3,libs/foundry/records/starmap/pu/system/stanton/stanton1/lagrange/stanton1_l3.xml,,Default,20000,1,1,0,0,25000,0,0,0,32b606ef-930a-4dc8-86f7-700b0d0909e8,libs/foundry/records/starmap/pu/system/stanton/stanton1/miningclaim/privateminingpoint_stanton1_l3_003.xml
PrivateMiningPoint_Stanton1_L3_004,class-or-path-mining,MiningClaim_S1L3_004,MiningClaims_Desc_001,LOC_UNINITIALIZED,LOC_UNINITIALIZED,LOC_UNINITIALIZED,e60452a5-b85c-4ab1-97e7-9cefb466f87b,f070fde0-0792-4edf-9a77-bd693d414bd2,Stanton1_L3,libs/foundry/records/starmap/pu/system/stanton/stanton1/lagrange/stanton1_l3.xml,,Default,20000,1,1,0,0,25000,0,0,0,5e4c5903-80a8-468e-8a19-2ee69656d619,libs/foundry/records/starmap/pu/system/stanton/stanton1/miningclaim/privateminingpoint_stanton1_l3_004.xml
PrivateMiningPoint_Stanton1_L3_005,class-or-path-mining,MiningClaim_S1L3_005,MiningClaims_Desc_001,LOC_UNINITIALIZED,LOC_UNINITIALIZED,LOC_UNINITIALIZED,e60452a5-b85c-4ab1-97e7-9cefb466f87b,f070fde0-0792-4edf-9a77-bd693d414bd2,Stanton1_L3,libs/foundry/records/starmap/pu/system/stanton/stanton1/lagrange/stanton1_l3.xml,,Default,20000,1,1,0,0,25000,0,0,0,7dc9d72b-41c1-4e5b-baab-0d489c9f7b5f,libs/foundry/records/starmap/pu/system/stanton/stanton1/miningclaim/privateminingpoint_stanton1_l3_005.xml
PrivateMiningPoint_Stanton1_L3_006,class-or-path-mining,MiningClaim_S1L3_006,MiningClaims_Desc_001,LOC_UNINITIALIZED,LOC_UNINITIALIZED,LOC_UNINITIALIZED,e60452a5-b85c-4ab1-97e7-9cefb466f87b,f070fde0-0792-4edf-9a77-bd693d414bd2,Stanton1_L3,libs/foundry/records/starmap/pu/system/stanton/stanton1/lagrange/stanton1_l3.xml,,Default,20000,1,1,0,0,25000,0,0,0,4432d098-3826-4bf1-8505-845e75104d08,libs/foundry/records/starmap/pu/system/stanton/stanton1/miningclaim/privateminingpoint_stanton1_l3_006.xml
PrivateMiningPoint_Stanton1_L3_007,class-or-path-mining,MiningClaim_S1L3_007,MiningClaims_Desc_001,LOC_UNINITIALIZED,LOC_UNINITIALIZED,LOC_UNINITIALIZED,e60452a5-b85c-4ab1-97e7-9cefb466f87b,f070fde0-0792-4edf-9a77-bd693d414bd2,Stanton1_L3,libs/foundry/records/starmap/pu/system/stanton/stanton1/lagrange/stanton1_l3.xml,,Default,20000,1,1,0,0,25000,0,0,0,93793580-5640-4e3b-ae47-20063455ee21,libs/foundry/records/starmap/pu/system/stanton/stanton1/miningclaim/privateminingpoint_stanton1_l3_007.xml
PrivateMiningPoint_Stanton1_L3_008,class-or-path-mining,MiningClaim_S1L3_008,MiningClaims_Desc_001,LOC_UNINITIALIZED,LOC_UNINITIALIZED,LOC_UNINITIALIZED,e60452a5-b85c-4ab1-97e7-9cefb466f87b,f070fde0-0792-4edf-9a77-bd693d414bd2,Stanton1_L3,libs/foundry/records/starmap/pu/system/stanton/stanton1/lagrange/stanton1_l3.xml,,Default,20000,1,1,0,0,25000,0,0,0,fd686ddb-d7b4-4139-b8d1-1d688bfdae39,libs/foundry/records/starmap/pu/system/stanton/stanton1/miningclaim/privateminingpoint_stanton1_l3_008.xml
PrivateMiningPoint_Stanton1_L4_001,class-or-path-mining,MiningClaim_S1L4_001,MiningClaims_Desc_001,LOC_UNINITIALIZED,LOC_UNINITIALIZED,LOC_UNINITIALIZED,e60452a5-b85c-4ab1-97e7-9cefb466f87b,d78e212d-934d-45a7-b4a7-15605742625d,Stanton1_L4,libs/foundry/records/starmap/pu/system/stanton/stanton1/lagrange/stanton1_l4.xml,,Default,20000,1,1,0,0,25000,0,0,0,8a97ef58-3037-43fc-881c-d47d251294a0,libs/foundry/records/starmap/pu/system/stanton/stanton1/miningclaim/privateminingpoint_stanton1_l4_001.xml
PrivateMiningPoint_Stanton1_L4_002,class-or-path-mining,MiningClaim_S1L4_002,MiningClaims_Desc_001,LOC_UNINITIALIZED,LOC_UNINITIALIZED,LOC_UNINITIALIZED,e60452a5-b85c-4ab1-97e7-9cefb466f87b,d78e212d-934d-45a7-b4a7-15605742625d,Stanton1_L4,libs/foundry/records/starmap/pu/system/stanton/stanton1/lagrange/stanton1_l4.xml,,Default,20000,1,1,0,0,25000,0,0,0,427b7407-a87a-4b68-a0df-0dbdd35aad0b,libs/foundry/records/starmap/pu/system/stanton/stanton1/miningclaim/privateminingpoint_stanton1_l4_002.xml
PrivateMiningPoint_Stanton1_L4_003,class-or-path-mining,MiningClaim_S1L4_003,MiningClaims_Desc_001,LOC_UNINITIALIZED,LOC_UNINITIALIZED,LOC_UNINITIALIZED,e60452a5-b85c-4ab1-97e7-9cefb466f87b,d78e212d-934d-45a7-b4a7-15605742625d,Stanton1_L4,libs/foundry/records/starmap/pu/system/stanton/stanton1/lagrange/stanton1_l4.xml,,Default,20000,1,1,0,0,25000,0,0,0,5684f5ce-879d-4e51-aa49-48390b47e06c,libs/foundry/records/starmap/pu/system/stanton/stanton1/miningclaim/privateminingpoint_stanton1_l4_003.xml
PrivateMiningPoint_Stanton1_L4_004,class-or-path-mining,MiningClaim_S1L4_004,MiningClaims_Desc_001,LOC_UNINITIALIZED,LOC_UNINITIALIZED,LOC_UNINITIALIZED,e60452a5-b85c-4ab1-97e7-9cefb466f87b,d78e212d-934d-45a7-b4a7-15605742625d,Stanton1_L4,libs/foundry/records/starmap/pu/system/stanton/stanton1/lagrange/stanton1_l4.xml,,Default,20000,1,1,0,0,25000,0,0,0,7997b07d-7b74-4259-aa29-014c714eb04b,libs/foundry/records/starmap/pu/system/stanton/stanton1/miningclaim/privateminingpoint_stanton1_l4_004.xml
PrivateMiningPoint_Stanton1_L4_005,class-or-path-mining,MiningClaim_S1L4_005,MiningClaims_Desc_001,LOC_UNINITIALIZED,LOC_UNINITIALIZED,LOC_UNINITIALIZED,e60452a5-b85c-4ab1-97e7-9cefb466f87b,d78e212d-934d-45a7-b4a7-15605742625d,Stanton1_L4,libs/foundry/records/starmap/pu/system/stanton/stanton1/lagrange/stanton1_l4.xml,,Default,20000,1,1,0,0,25000,0,0,0,88dd13bd-1b73-4ccc-98cf-6acefdd72f9f,libs/foundry/records/starmap/pu/system/stanton/stanton1/miningclaim/privateminingpoint_stanton1_l4_005.xml
PrivateMiningPoint_Stanton1_L4_006,class-or-path-mining,MiningClaim_S1L4_006,MiningClaims_Desc_001,LOC_UNINITIALIZED,LOC_UNINITIALIZED,LOC_UNINITIALIZED,e60452a5-b85c-4ab1-97e7-9cefb466f87b,d78e212d-934d-45a7-b4a7-15605742625d,Stanton1_L4,libs/foundry/records/starmap/pu/system/stanton/stanton1/lagrange/stanton1_l4.xml,,Default,20000,1,1,0,0,25000,0,0,0,e6c2f269-653a-4e97-a315-097c19947f5b,libs/foundry/records/starmap/pu/system/stanton/stanton1/miningclaim/privateminingpoint_stanton1_l4_006.xml
PrivateMiningPoint_Stanton1_L4_007,class-or-path-mining,MiningClaim_S1L4_007,MiningClaims_Desc_001,LOC_UNINITIALIZED,LOC_UNINITIALIZED,LOC_UNINITIALIZED,e60452a5-b85c-4ab1-97e7-9cefb466f87b,d78e212d-934d-45a7-b4a7-15605742625d,Stanton1_L4,libs/foundry/records/starmap/pu/system/stanton/stanton1/lagrange/stanton1_l4.xml,,Default,20000,1,1,0,0,25000,0,0,0,b6be1bf7-2fd7-4910-9473-05ef71b55dba,libs/foundry/records/starmap/pu/system/stanton/stanton1/miningclaim/privateminingpoint_stanton1_l4_007.xml
PrivateMiningPoint_Stanton1_L4_008,class-or-path-mining,MiningClaim_S1L4_001,MiningClaims_Desc_001,LOC_UNINITIALIZED,LOC_UNINITIALIZED,LOC_UNINITIALIZED,e60452a5-b85c-4ab1-97e7-9cefb466f87b,d78e212d-934d-45a7-b4a7-15605742625d,Stanton1_L4,libs/foundry/records/starmap/pu/system/stanton/stanton1/lagrange/stanton1_l4.xml,,Default,20000,1,1,0,0,25000,0,0,0,e4bb5fe1-bd35-439c-9256-34bf131e6ddd,libs/foundry/records/starmap/pu/system/stanton/stanton1/miningclaim/privateminingpoint_stanton1_l4_008.xml
PrivateMiningPoint_Stanton1_L5_001,class-or-path-mining,MiningClaim_S1L5_001,MiningClaims_Desc_001,LOC_UNINITIALIZED,LOC_UNINITIALIZED,LOC_UNINITIALIZED,e60452a5-b85c-4ab1-97e7-9cefb466f87b,e81301eb-b6e3-4e4c-8066-326fe9248e55,Stanton1_L5,libs/foundry/records/starmap/pu/system/stanton/stanton1/lagrange/stanton1_l5.xml,,Default,20000,1,1,0,0,25000,0,0,0,1b484be5-7ce9-4b94-a09b-4e7d57274ec7,libs/foundry/records/starmap/pu/system/stanton/stanton1/miningclaim/privateminingpoint_stanton1_l5_001.xml
PrivateMiningPoint_Stanton1_L5_002,class-or-path-mining,MiningClaim_S1L5_002,MiningClaims_Desc_001,LOC_UNINITIALIZED,LOC_UNINITIALIZED,LOC_UNINITIALIZED,e60452a5-b85c-4ab1-97e7-9cefb466f87b,e81301eb-b6e3-4e4c-8066-326fe9248e55,Stanton1_L5,libs/foundry/records/starmap/pu/system/stanton/stanton1/lagrange/stanton1_l5.xml,,Default,20000,1,1,0,0,25000,0,0,0,8569a58d-4b69-415f-99f8-4bbf2e1516df,libs/foundry/records/starmap/pu/system/stanton/stanton1/miningclaim/privateminingpoint_stanton1_l5_002.xml
PrivateMiningPoint_Stanton1_L5_003,class-or-path-mining,MiningClaim_S1L5_003,MiningClaims_Desc_001,LOC_UNINITIALIZED,LOC_UNINITIALIZED,LOC_UNINITIALIZED,e60452a5-b85c-4ab1-97e7-9cefb466f87b,e81301eb-b6e3-4e4c-8066-326fe9248e55,Stanton1_L5,libs/foundry/records/starmap/pu/system/stanton/stanton1/lagrange/stanton1_l5.xml,,Default,20000,1,1,0,0,25000,0,0,0,873202d4-b48d-4ad1-bab4-bd5584d30c3d,libs/foundry/records/starmap/pu/system/stanton/stanton1/miningclaim/privateminingpoint_stanton1_l5_003.xml
PrivateMiningPoint_Stanton1_L5_004,class-or-path-mining,MiningClaim_S1L5_004,MiningClaims_Desc_001,LOC_UNINITIALIZED,LOC_UNINITIALIZED,LOC_UNINITIALIZED,e60452a5-b85c-4ab1-97e7-9cefb466f87b,e81301eb-b6e3-4e4c-8066-326fe9248e55,Stanton1_L5,libs/foundry/records/starmap/pu/system/stanton/stanton1/lagrange/stanton1_l5.xml,,Default,20000,1,1,0,0,25000,0,0,0,759c5524-5579-4047-ae9f-46de1798f18f,libs/foundry/records/starmap/pu/system/stanton/stanton1/miningclaim/privateminingpoint_stanton1_l5_004.xml
PrivateMiningPoint_Stanton1_L5_005,class-or-path-mining,MiningClaim_S1L5_005,MiningClaims_Desc_001,LOC_UNINITIALIZED,LOC_UNINITIALIZED,LOC_UNINITIALIZED,e60452a5-b85c-4ab1-97e7-9cefb466f87b,e81301eb-b6e3-4e4c-8066-326fe9248e55,Stanton1_L5,libs/foundry/records/starmap/pu/system/stanton/stanton1/lagrange/stanton1_l5.xml,,Default,20000,1,1,0,0,25000,0,0,0,d27f2702-5b3b-42e9-876f-36f27ec83b37,libs/foundry/records/starmap/pu/system/stanton/stanton1/miningclaim/privateminingpoint_stanton1_l5_005.xml
PrivateMiningPoint_Stanton1_L5_006,class-or-path-mining,MiningClaim_S1L5_006,MiningClaims_Desc_001,LOC_UNINITIALIZED,LOC_UNINITIALIZED,LOC_UNINITIALIZED,e60452a5-b85c-4ab1-97e7-9cefb466f87b,e81301eb-b6e3-4e4c-8066-326fe9248e55,Stanton1_L5,libs/foundry/records/starmap/pu/system/stanton/stanton1/lagrange/stanton1_l5.xml,,Default,20000,1,1,0,0,25000,0,0,0,b2c0f1c4-9eb5-4254-884b-efbba03664b2,libs/foundry/records/starmap/pu/system/stanton/stanton1/miningclaim/privateminingpoint_stanton1_l5_006.xml
PrivateMiningPoint_Stanton1_L5_007,class-or-path-mining,MiningClaim_S1L5_007,MiningClaims_Desc_001,LOC_UNINITIALIZED,LOC_UNINITIALIZED,LOC_UNINITIALIZED,e60452a5-b85c-4ab1-97e7-9cefb466f87b,e81301eb-b6e3-4e4c-8066-326fe9248e55,Stanton1_L5,libs/foundry/records/starmap/pu/system/stanton/stanton1/lagrange/stanton1_l5.xml,,Default,20000,1,1,0,0,25000,0,0,0,1dc73c8f-79cf-4c8f-b02e-e8b462e99581,libs/foundry/records/starmap/pu/system/stanton/stanton1/miningclaim/privateminingpoint_stanton1_l5_007.xml
PrivateMiningPoint_Stanton1_L5_008,class-or-path-mining,MiningClaim_S1L5_008,MiningClaims_Desc_001,LOC_UNINITIALIZED,LOC_UNINITIALIZED,LOC_UNINITIALIZED,e60452a5-b85c-4ab1-97e7-9cefb466f87b,e81301eb-b6e3-4e4c-8066-326fe9248e55,Stanton1_L5,libs/foundry/records/starmap/pu/system/stanton/stanton1/lagrange/stanton1_l5.xml,,Default,20000,1,1,0,0,25000,0,0,0,827df242-c96a-420e-bc1b-eda53d9f24c0,libs/foundry/records/starmap/pu/system/stanton/stanton1/miningclaim/privateminingpoint_stanton1_l5_008.xml
Stanton1_HurdynMining_HDMSEdmond,class-or-path-mining,Stanton1_HurDynMining_001,HurDynMining_desc_shared,LOC_UNINITIALIZED,LOC_UNINITIALIZED,LOC_UNINITIALIZED,e207a1ec-1395-4c1c-8e51-b38c4420784c,551af60b-7727-4936-acc7-763d25d7a1de,Stanton1,libs/foundry/records/starmap/pu/system/stanton/stanton1/starmapobject.stanton1.xml,,Outpost,1,0,0,0,0,20000,0,1,1,37ed01a3-91b4-4cf7-a153-5fda09e63fb5,libs/foundry/records/starmap/pu/system/stanton/stanton1/stanton1_hurdynmining_hdmsedmond.xml
Stanton1_HurdynMining_HDMSHadley,class-or-path-mining,Stanton1_HurDynMining_005,HurDynMining_desc_shared,LOC_UNINITIALIZED,LOC_UNINITIALIZED,LOC_UNINITIALIZED,e207a1ec-1395-4c1c-8e51-b38c4420784c,551af60b-7727-4936-acc7-763d25d7a1de,Stanton1,libs/foundry/records/starmap/pu/system/stanton/stanton1/starmapobject.stanton1.xml,,Outpost,1,0,0,0,0,20000,0,1,1,ba706a5d-2bc2-4ff9-9dfe-1f6b814bac84,libs/foundry/records/starmap/pu/system/stanton/stanton1/stanton1_hurdynmining_hdmshadley.xml
Stanton1_HurdynMining_HDMSOparei,class-or-path-mining,Stanton1_HurDynMining_002,HurDynMining_desc_shared,LOC_UNINITIALIZED,LOC_UNINITIALIZED,LOC_UNINITIALIZED,e207a1ec-1395-4c1c-8e51-b38c4420784c,551af60b-7727-4936-acc7-763d25d7a1de,Stanton1,libs/foundry/records/starmap/pu/system/stanton/stanton1/starmapobject.stanton1.xml,,Outpost,1,0,0,0,0,20000,0,1,1,67eae7c0-2c7c-4d9c-bd0b-3e5166adceec,libs/foundry/records/starmap/pu/system/stanton/stanton1/stanton1_hurdynmining_hdmsoparei.xml
Stanton1_HurdynMining_HDMSPinewood,class-or-path-mining,Stanton1_HurDynMining_003,HurDynMining_desc_shared,LOC_UNINITIALIZED,LOC_UNINITIALIZED,LOC_UNINITIALIZED,e207a1ec-1395-4c1c-8e51-b38c4420784c,551af60b-7727-4936-acc7-763d25d7a1de,Stanton1,libs/foundry/records/starmap/pu/system/stanton/stanton1/starmapobject.stanton1.xml,,Outpost,1,0,0,0,0,20000,0,1,1,4600ee47-219a-46d3-82fb-5bdf93b0df56,libs/foundry/records/starmap/pu/system/stanton/stanton1/stanton1_hurdynmining_hdmspinewood.xml
Stanton1_HurdynMining_HDMSStanhope,class-or-path-mining,Stanton1_HurDynMining_006,HurDynMining_desc_shared,LOC_UNINITIALIZED,LOC_UNINITIALIZED,LOC_UNINITIALIZED,e207a1ec-1395-4c1c-8e51-b38c4420784c,551af60b-7727-4936-acc7-763d25d7a1de,Stanton1,libs/foundry/records/starmap/pu/system/stanton/stanton1/starmapobject.stanton1.xml,,Outpost,1,0,0,0,0,20000,0,1,1,904c526a-8d09-407b-a215-c880170252d7,libs/foundry/records/starmap/pu/system/stanton/stanton1/stanton1_hurdynmining_hdmsstanhope.xml
Stanton1_HurdynMining_HDMSThedus,class-or-path-mining,Stanton1_HurDynMining_004,HurDynMining_desc_shared,LOC_UNINITIALIZED,LOC_UNINITIALIZED,LOC_UNINITIALIZED,e207a1ec-1395-4c1c-8e51-b38c4420784c,551af60b-7727-4936-acc7-763d25d7a1de,Stanton1,libs/foundry/records/starmap/pu/system/stanton/stanton1/starmapobject.stanton1.xml,,Outpost,1,0,0,0,0,20000,0,1,1,3be2aacc-8c63-4179-a1b5-a056eda90625,libs/foundry/records/starmap/pu/system/stanton/stanton1/stanton1_hurdynmining_hdmsthedus.xml
Stanton1a_HurdynMining_HDMSBezdek,class-or-path-mining,Stanton1a_HurDynMining_001,HurDynMining_desc_shared,LOC_UNINITIALIZED,LOC_UNINITIALIZED,LOC_UNINITIALIZED,e207a1ec-1395-4c1c-8e51-b38c4420784c,f3fa9d13-3fdc-41f3-b5e5-25f0b74c0728,Stanton1a,libs/foundry/records/starmap/pu/system/stanton/stanton1a/starmapobject.stanton1a.xml,,Outpost,1,0,0,0,0,20000,0,1,1,a5a2981e-66a3-40f3-b353-4caa2a27150c,libs/foundry/records/starmap/pu/system/stanton/stanton1a/stanton1a_hurdynmining_hdmsbezdek.xml
Stanton1a_HurdynMining_HDMSLathan,class-or-path-mining,Stanton1a_HurDynMining_002,HurDynMining_desc_shared,LOC_UNINITIALIZED,LOC_UNINITIALIZED,LOC_UNINITIALIZED,e207a1ec-1395-4c1c-8e51-b38c4420784c,f3fa9d13-3fdc-41f3-b5e5-25f0b74c0728,Stanton1a,libs/foundry/records/starmap/pu/system/stanton/stanton1a/starmapobject.stanton1a.xml,,Outpost,1,0,0,0,0,20000,0,1,1,6c29dbcd-3acb-465d-ae29-400b9b2e3325,libs/foundry/records/starmap/pu/system/stanton/stanton1a/stanton1a_hurdynmining_hdmslathan.xml
Stanton1b_HurdynMining_HDMSAnderson,class-or-path-mining,Stanton1b_HurDynMining_002,HurDynMining_desc_shared,LOC_UNINITIALIZED,LOC_UNINITIALIZED,LOC_UNINITIALIZED,e207a1ec-1395-4c1c-8e51-b38c4420784c,f8f07f5b-1c0e-47c9-aa50-46963065bf18,Stanton1b,libs/foundry/records/starmap/pu/system/stanton/stanton1b/starmapobject.stanton1b.xml,,Outpost,1,0,0,0,0,20000,0,1,1,bc3d9414-ec93-410a-b1b0-b5ddc6157e5f,libs/foundry/records/starmap/pu/system/stanton/stanton1b/stanton1b_hurdynmining_hdmsanderson.xml
Stanton1b_HurdynMining_HDMSNorgaard,class-or-path-mining,Stanton1b_HurDynMining_001,HurDynMining_desc_shared,LOC_UNINITIALIZED,LOC_UNINITIALIZED,LOC_UNINITIALIZED,e207a1ec-1395-4c1c-8e51-b38c4420784c,f8f07f5b-1c0e-47c9-aa50-46963065bf18,Stanton1b,libs/foundry/records/starmap/pu/system/stanton/stanton1b/starmapobject.stanton1b.xml,,Outpost,1,0,0,0,0,20000,0,1,1,0f33f4d6-b7b9-4771-a91c-0e1821c813d1,libs/foundry/records/starmap/pu/system/stanton/stanton1b/stanton1b_hurdynmining_hdmsnorgaard.xml
Stanton1c_HurdynMining_HDMSHahn,class-or-path-mining,Stanton1c_HurDynMining_001,HurDynMining_desc_shared,LOC_UNINITIALIZED,LOC_UNINITIALIZED,LOC_UNINITIALIZED,e207a1ec-1395-4c1c-8e51-b38c4420784c,6f22b292-38d6-4429-b504-99b39514a2f8,Stanton1c,libs/foundry/records/starmap/pu/system/stanton/stanton1c/starmapobject.stanton1c.xml,,Outpost,1,0,0,0,0,20000,0,1,1,b14ae69d-1d6d-4147-abdd-df66a4e7034a,libs/foundry/records/starmap/pu/system/stanton/stanton1c/stanton1c_hurdynmining_hdmshahn.xml
Stanton1c_HurdynMining_HDMSPerlman,class-or-path-mining,Stanton1c_HurDynMining_002,HurDynMining_desc_shared,LOC_UNINITIALIZED,LOC_UNINITIALIZED,LOC_UNINITIALIZED,e207a1ec-1395-4c1c-8e51-b38c4420784c,6f22b292-38d6-4429-b504-99b39514a2f8,Stanton1c,libs/foundry/records/starmap/pu/system/stanton/stanton1c/starmapobject.stanton1c.xml,,Outpost,1,0,0,0,0,20000,0,1,1,fa86dec6-c535-4325-86be-3272754d32b8,libs/foundry/records/starmap/pu/system/stanton/stanton1c/stanton1c_hurdynmining_hdmsperlman.xml
Stanton1d_HurdynMining_HDMSRyder,class-or-path-mining,Stanton1d_HurDynMining_002,HurDynMining_desc_shared,LOC_UNINITIALIZED,LOC_UNINITIALIZED,LOC_UNINITIALIZED,e207a1ec-1395-4c1c-8e51-b38c4420784c,11368ee6-a2de-4948-a9b0-608ce565f3e3,Stanton1d,libs/foundry/records/starmap/pu/system/stanton/stanton1d/starmapobject.stanton1d.xml,,Outpost,1,0,0,0,0,20000,0,1,1,40b7719a-569b-4263-8ed6-fa32d1d2a504,libs/foundry/records/starmap/pu/system/stanton/stanton1d/stanton1d_hurdynmining_hdmsryder.xml
Stanton1d_HurdynMining_HDMSWoodruff,class-or-path-mining,Stanton1d_HurDynMining_001,HurDynMining_desc_shared,LOC_UNINITIALIZED,LOC_UNINITIALIZED,LOC_UNINITIALIZED,e207a1ec-1395-4c1c-8e51-b38c4420784c,11368ee6-a2de-4948-a9b0-608ce565f3e3,Stanton1d,libs/foundry/records/starmap/pu/system/stanton/stanton1d/starmapobject.stanton1d.xml,,Outpost,1,0,0,0,0,20000,0,1,1,9689acd1-464f-4a02-95fc-10b42be3c190,libs/foundry/records/starmap/pu/system/stanton/stanton1d/stanton1d_hurdynmining_hdmswoodruff.xml
PrivateMiningPoint_Stanton2_L1_001,class-or-path-mining,MiningClaim_S2L1_001,MiningClaims_Desc_001,LOC_UNINITIALIZED,LOC_UNINITIALIZED,LOC_UNINITIALIZED,e60452a5-b85c-4ab1-97e7-9cefb466f87b,cf2fd473-25c6-4ae5-83c7-9d3d479bc8cf,Stanton2_L1,libs/foundry/records/starmap/pu/system/stanton/stanton2/lagrange/stanton2_l1.xml,,Default,20000,1,1,0,0,25000,0,0,0,ef292b2d-1d5c-43ae-ab8c-a1284866d766,libs/foundry/records/starmap/pu/system/stanton/stanton2/miningclaim/privateminingpoint_stanton2_l1_001.xml
PrivateMiningPoint_Stanton2_L1_002,class-or-path-mining,MiningClaim_S2L1_002,MiningClaims_Desc_001,LOC_UNINITIALIZED,LOC_UNINITIALIZED,LOC_UNINITIALIZED,e60452a5-b85c-4ab1-97e7-9cefb466f87b,cf2fd473-25c6-4ae5-83c7-9d3d479bc8cf,Stanton2_L1,libs/foundry/records/starmap/pu/system/stanton/stanton2/lagrange/stanton2_l1.xml,,Default,20000,1,1,0,0,25000,0,0,0,9ba52600-3db3-4741-b4a1-fe5560dd261b,libs/foundry/records/starmap/pu/system/stanton/stanton2/miningclaim/privateminingpoint_stanton2_l1_002.xml
PrivateMiningPoint_Stanton2_L1_003,class-or-path-mining,MiningClaim_S2L1_003,MiningClaims_Desc_001,LOC_UNINITIALIZED,LOC_UNINITIALIZED,LOC_UNINITIALIZED,e60452a5-b85c-4ab1-97e7-9cefb466f87b,cf2fd473-25c6-4ae5-83c7-9d3d479bc8cf,Stanton2_L1,libs/foundry/records/starmap/pu/system/stanton/stanton2/lagrange/stanton2_l1.xml,,Default,20000,1,1,0,0,25000,0,0,0,090d363c-5538-4519-bd47-2fd5a8d02931,libs/foundry/records/starmap/pu/system/stanton/stanton2/miningclaim/privateminingpoint_stanton2_l1_003.xml
PrivateMiningPoint_Stanton2_L1_004,class-or-path-mining,MiningClaim_S2L1_004,MiningClaims_Desc_001,LOC_UNINITIALIZED,LOC_UNINITIALIZED,LOC_UNINITIALIZED,e60452a5-b85c-4ab1-97e7-9cefb466f87b,cf2fd473-25c6-4ae5-83c7-9d3d479bc8cf,Stanton2_L1,libs/foundry/records/starmap/pu/system/stanton/stanton2/lagrange/stanton2_l1.xml,,Default,20000,1,1,0,0,25000,0,0,0,0dfb89b3-4af3-43da-8466-c6a0232ce73a,libs/foundry/records/starmap/pu/system/stanton/stanton2/miningclaim/privateminingpoint_stanton2_l1_004.xml
PrivateMiningPoint_Stanton2_L1_005,class-or-path-mining,MiningClaim_S2L1_005,MiningClaims_Desc_001,LOC_UNINITIALIZED,LOC_UNINITIALIZED,LOC_UNINITIALIZED,e60452a5-b85c-4ab1-97e7-9cefb466f87b,cf2fd473-25c6-4ae5-83c7-9d3d479bc8cf,Stanton2_L1,libs/foundry/records/starmap/pu/system/stanton/stanton2/lagrange/stanton2_l1.xml,,Default,20000,1,1,0,0,25000,0,0,0,73af8f80-c660-432f-95b2-f3fe1d2ce4c1,libs/foundry/records/starmap/pu/system/stanton/stanton2/miningclaim/privateminingpoint_stanton2_l1_005.xml
PrivateMiningPoint_Stanton2_L1_006,class-or-path-mining,MiningClaim_S2L1_006,MiningClaims_Desc_001,LOC_UNINITIALIZED,LOC_UNINITIALIZED,LOC_UNINITIALIZED,e60452a5-b85c-4ab1-97e7-9cefb466f87b,cf2fd473-25c6-4ae5-83c7-9d3d479bc8cf,Stanton2_L1,libs/foundry/records/starmap/pu/system/stanton/stanton2/lagrange/stanton2_l1.xml,,Default,20000,1,1,0,0,25000,0,0,0,d31f5f2e-bdfe-4cbe-bc64-479d613b317f,libs/foundry/records/starmap/pu/system/stanton/stanton2/miningclaim/privateminingpoint_stanton2_l1_006.xml
PrivateMiningPoint_Stanton2_L1_007,class-or-path-mining,MiningClaim_S2L1_007,MiningClaims_Desc_001,LOC_UNINITIALIZED,LOC_UNINITIALIZED,LOC_UNINITIALIZED,e60452a5-b85c-4ab1-97e7-9cefb466f87b,cf2fd473-25c6-4ae5-83c7-9d3d479bc8cf,Stanton2_L1,libs/foundry/records/starmap/pu/system/stanton/stanton2/lagrange/stanton2_l1.xml,,Default,20000,1,1,0,0,25000,0,0,0,e5d12b47-b920-4ea9-adf7-b28139ce6dd6,libs/foundry/records/starmap/pu/system/stanton/stanton2/miningclaim/privateminingpoint_stanton2_l1_007.xml
PrivateMiningPoint_Stanton2_L1_008,class-or-path-mining,MiningClaim_S2L1_008,MiningClaims_Desc_001,LOC_UNINITIALIZED,LOC_UNINITIALIZED,LOC_UNINITIALIZED,e60452a5-b85c-4ab1-97e7-9cefb466f87b,cf2fd473-25c6-4ae5-83c7-9d3d479bc8cf,Stanton2_L1,libs/foundry/records/starmap/pu/system/stanton/stanton2/lagrange/stanton2_l1.xml,,Default,20000,1,1,0,0,25000,0,0,0,8a896ee1-259e-4720-89c9-c3a2562d9bb5,libs/foundry/records/starmap/pu/system/stanton/stanton2/miningclaim/privateminingpoint_stanton2_l1_008.xml
PrivateMiningPoint_Stanton2_L3_001,class-or-path-mining,MiningClaim_S2L3_001,MiningClaims_Desc_001,LOC_UNINITIALIZED,LOC_UNINITIALIZED,LOC_UNINITIALIZED,e60452a5-b85c-4ab1-97e7-9cefb466f87b,2083c403-4c40-4727-b392-49976c460028,Stanton2_L3,libs/foundry/records/starmap/pu/system/stanton/stanton2/lagrange/stanton2_l3.xml,,Default,20000,1,1,0,0,25000,0,0,0,5112a857-3640-4005-bdba-f36c1c3e23f7,libs/foundry/records/starmap/pu/system/stanton/stanton2/miningclaim/privateminingpoint_stanton2_l3_001.xml
PrivateMiningPoint_Stanton2_L3_002,class-or-path-mining,MiningClaim_S2L3_002,MiningClaims_Desc_001,LOC_UNINITIALIZED,LOC_UNINITIALIZED,LOC_UNINITIALIZED,e60452a5-b85c-4ab1-97e7-9cefb466f87b,2083c403-4c40-4727-b392-49976c460028,Stanton2_L3,libs/foundry/records/starmap/pu/system/stanton/stanton2/lagrange/stanton2_l3.xml,,Default,20000,1,1,0,0,25000,0,0,0,26162567-208c-4399-944b-59fad6185fba,libs/foundry/records/starmap/pu/system/stanton/stanton2/miningclaim/privateminingpoint_stanton2_l3_002.xml
PrivateMiningPoint_Stanton2_L3_003,class-or-path-mining,MiningClaim_S2L3_003,MiningClaims_Desc_001,LOC_UNINITIALIZED,LOC_UNINITIALIZED,LOC_UNINITIALIZED,e60452a5-b85c-4ab1-97e7-9cefb466f87b,2083c403-4c40-4727-b392-49976c460028,Stanton2_L3,libs/foundry/records/starmap/pu/system/stanton/stanton2/lagrange/stanton2_l3.xml,,Default,20000,1,1,0,0,25000,0,0,0,282c31cc-fee7-400e-be63-e43f509fa1c4,libs/foundry/records/starmap/pu/system/stanton/stanton2/miningclaim/privateminingpoint_stanton2_l3_003.xml
PrivateMiningPoint_Stanton2_L3_004,class-or-path-mining,MiningClaim_S2L3_004,MiningClaims_Desc_001,LOC_UNINITIALIZED,LOC_UNINITIALIZED,LOC_UNINITIALIZED,e60452a5-b85c-4ab1-97e7-9cefb466f87b,2083c403-4c40-4727-b392-49976c460028,Stanton2_L3,libs/foundry/records/starmap/pu/system/stanton/stanton2/lagrange/stanton2_l3.xml,,Default,20000,1,1,0,0,25000,0,0,0,98fd90eb-d262-4d3c-89d8-5228215885f9,libs/foundry/records/starmap/pu/system/stanton/stanton2/miningclaim/privateminingpoint_stanton2_l3_004.xml
PrivateMiningPoint_Stanton2_L3_005,class-or-path-mining,MiningClaim_S2L3_005,MiningClaims_Desc_001,LOC_UNINITIALIZED,LOC_UNINITIALIZED,LOC_UNINITIALIZED,e60452a5-b85c-4ab1-97e7-9cefb466f87b,2083c403-4c40-4727-b392-49976c460028,Stanton2_L3,libs/foundry/records/starmap/pu/system/stanton/stanton2/lagrange/stanton2_l3.xml,,Default,20000,1,1,0,0,25000,0,0,0,ea75323c-9d9e-4c11-b924-b2357fb1e579,libs/foundry/records/starmap/pu/system/stanton/stanton2/miningclaim/privateminingpoint_stanton2_l3_005.xml
PrivateMiningPoint_Stanton2_L3_006,class-or-path-mining,MiningClaim_S2L3_006,MiningClaims_Desc_001,LOC_UNINITIALIZED,LOC_UNINITIALIZED,LOC_UNINITIALIZED,e60452a5-b85c-4ab1-97e7-9cefb466f87b,2083c403-4c40-4727-b392-49976c460028,Stanton2_L3,libs/foundry/records/starmap/pu/system/stanton/stanton2/lagrange/stanton2_l3.xml,,Default,20000,1,1,0,0,25000,0,0,0,37fce05d-31ac-4568-b657-60353ca395ba,libs/foundry/records/starmap/pu/system/stanton/stanton2/miningclaim/privateminingpoint_stanton2_l3_006.xml
PrivateMiningPoint_Stanton2_L3_007,class-or-path-mining,MiningClaim_S2L3_007,MiningClaims_Desc_001,LOC_UNINITIALIZED,LOC_UNINITIALIZED,LOC_UNINITIALIZED,e60452a5-b85c-4ab1-97e7-9cefb466f87b,2083c403-4c40-4727-b392-49976c460028,Stanton2_L3,libs/foundry/records/starmap/pu/system/stanton/stanton2/lagrange/stanton2_l3.xml,,Default,20000,1,1,0,0,25000,0,0,0,301d04fe-2d90-4b4e-9e34-42f6c0d545c9,libs/foundry/records/starmap/pu/system/stanton/stanton2/miningclaim/privateminingpoint_stanton2_l3_007.xml
PrivateMiningPoint_Stanton2_L3_008,class-or-path-mining,MiningClaim_S2L3_008,MiningClaims_Desc_001,LOC_UNINITIALIZED,LOC_UNINITIALIZED,LOC_UNINITIALIZED,e60452a5-b85c-4ab1-97e7-9cefb466f87b,2083c403-4c40-4727-b392-49976c460028,Stanton2_L3,libs/foundry/records/starmap/pu/system/stanton/stanton2/lagrange/stanton2_l3.xml,,Default,20000,1,1,0,0,25000,0,0,0,fb2adb23-390d-4fb6-8b79-ea1f297d3335,libs/foundry/records/starmap/pu/system/stanton/stanton2/miningclaim/privateminingpoint_stanton2_l3_008.xml
PrivateMiningPoint_Stanton2_L5_001,class-or-path-mining,MiningClaim_S2L5_001,MiningClaims_Desc_001,LOC_UNINITIALIZED,LOC_UNINITIALIZED,LOC_UNINITIALIZED,e60452a5-b85c-4ab1-97e7-9cefb466f87b,ae123dcc-6258-4429-9d16-e39dac5a565b,Stanton2_L5,libs/foundry/records/starmap/pu/system/stanton/stanton2/lagrange/stanton2_l5.xml,,Default,20000,1,1,0,0,25000,0,0,0,d082657d-e7d9-4986-a83a-7cb02bd43448,libs/foundry/records/starmap/pu/system/stanton/stanton2/miningclaim/privateminingpoint_stanton2_l5_001.xml
PrivateMiningPoint_Stanton2_L5_002,class-or-path-mining,MiningClaim_S2L5_002,MiningClaims_Desc_001,LOC_UNINITIALIZED,LOC_UNINITIALIZED,LOC_UNINITIALIZED,e60452a5-b85c-4ab1-97e7-9cefb466f87b,ae123dcc-6258-4429-9d16-e39dac5a565b,Stanton2_L5,libs/foundry/records/starmap/pu/system/stanton/stanton2/lagrange/stanton2_l5.xml,,Default,20000,1,1,0,0,25000,0,0,0,909ed934-5cfd-4906-b1b7-707f594138b8,libs/foundry/records/starmap/pu/system/stanton/stanton2/miningclaim/privateminingpoint_stanton2_l5_002.xml
PrivateMiningPoint_Stanton2_L5_003,class-or-path-mining,MiningClaim_S2L5_003,MiningClaims_Desc_001,LOC_UNINITIALIZED,LOC_UNINITIALIZED,LOC_UNINITIALIZED,e60452a5-b85c-4ab1-97e7-9cefb466f87b,ae123dcc-6258-4429-9d16-e39dac5a565b,Stanton2_L5,libs/foundry/records/starmap/pu/system/stanton/stanton2/lagrange/stanton2_l5.xml,,Default,20000,1,1,0,0,25000,0,0,0,6376c232-ff99-4b15-b435-a00714062fc7,libs/foundry/records/starmap/pu/system/stanton/stanton2/miningclaim/privateminingpoint_stanton2_l5_003.xml
PrivateMiningPoint_Stanton2_L5_004,class-or-path-mining,MiningClaim_S2L5_004,MiningClaims_Desc_001,LOC_UNINITIALIZED,LOC_UNINITIALIZED,LOC_UNINITIALIZED,e60452a5-b85c-4ab1-97e7-9cefb466f87b,ae123dcc-6258-4429-9d16-e39dac5a565b,Stanton2_L5,libs/foundry/records/starmap/pu/system/stanton/stanton2/lagrange/stanton2_l5.xml,,Default,20000,1,1,0,0,25000,0,0,0,5bebf030-080a-48df-8276-3d29bda4a037,libs/foundry/records/starmap/pu/system/stanton/stanton2/miningclaim/privateminingpoint_stanton2_l5_004.xml
PrivateMiningPoint_Stanton2_L5_005,class-or-path-mining,MiningClaim_S2L5_005,MiningClaims_Desc_001,LOC_UNINITIALIZED,LOC_UNINITIALIZED,LOC_UNINITIALIZED,e60452a5-b85c-4ab1-97e7-9cefb466f87b,ae123dcc-6258-4429-9d16-e39dac5a565b,Stanton2_L5,libs/foundry/records/starmap/pu/system/stanton/stanton2/lagrange/stanton2_l5.xml,,Default,20000,1,1,0,0,25000,0,0,0,361ce540-aa05-4f43-b67b-885e4b9c32ab,libs/foundry/records/starmap/pu/system/stanton/stanton2/miningclaim/privateminingpoint_stanton2_l5_005.xml
PrivateMiningPoint_Stanton2_L5_006,class-or-path-mining,MiningClaim_S2L5_006,MiningClaims_Desc_001,LOC_UNINITIALIZED,LOC_UNINITIALIZED,LOC_UNINITIALIZED,e60452a5-b85c-4ab1-97e7-9cefb466f87b,ae123dcc-6258-4429-9d16-e39dac5a565b,Stanton2_L5,libs/foundry/records/starmap/pu/system/stanton/stanton2/lagrange/stanton2_l5.xml,,Default,20000,1,1,0,0,25000,0,0,0,578bcf0f-09cf-4154-bdb7-fa1a7ea34151,libs/foundry/records/starmap/pu/system/stanton/stanton2/miningclaim/privateminingpoint_stanton2_l5_006.xml
PrivateMiningPoint_Stanton2_L5_007,class-or-path-mining,MiningClaim_S2L5_007,MiningClaims_Desc_001,LOC_UNINITIALIZED,LOC_UNINITIALIZED,LOC_UNINITIALIZED,e60452a5-b85c-4ab1-97e7-9cefb466f87b,ae123dcc-6258-4429-9d16-e39dac5a565b,Stanton2_L5,libs/foundry/records/starmap/pu/system/stanton/stanton2/lagrange/stanton2_l5.xml,,Default,20000,1,1,0,0,25000,0,0,0,a824e3ee-867a-4332-98a5-d5c67239a8ae,libs/foundry/records/starmap/pu/system/stanton/stanton2/miningclaim/privateminingpoint_stanton2_l5_007.xml
PrivateMiningPoint_Stanton2_L5_008,class-or-path-mining,MiningClaim_S2L5_008,MiningClaims_Desc_001,LOC_UNINITIALIZED,LOC_UNINITIALIZED,LOC_UNINITIALIZED,e60452a5-b85c-4ab1-97e7-9cefb466f87b,ae123dcc-6258-4429-9d16-e39dac5a565b,Stanton2_L5,libs/foundry/records/starmap/pu/system/stanton/stanton2/lagrange/stanton2_l5.xml,,Default,20000,1,1,0,0,25000,0,0,0,51fbc709-dd4e-4cd5-9cc0-af71a9e6f962,libs/foundry/records/starmap/pu/system/stanton/stanton2/miningclaim/privateminingpoint_stanton2_l5_008.xml
Stanton2a_IndyMiner_TramMyers,class-or-path-mine,Stanton2a_IndyMine_001,Stanton2a_IndyMine_001_desc,LOC_UNINITIALIZED,LOC_UNINITIALIZED,LOC_UNINITIALIZED,e207a1ec-1395-4c1c-8e51-b38c4420784c,b41a1bc9-5bca-489b-8273-de90f18ec60d,Stanton2a,libs/foundry/records/starmap/pu/system/stanton/stanton2a/starmapobject.stanton2a.xml,,Outpost,1,0,0,0,0,20000,0,1,1,2d9af4bc-a67b-423f-b22c-a0e7602e9c0f,libs/foundry/records/starmap/pu/system/stanton/stanton2a/outpost/stanton2a_indyminer_trammyers.xml
Stanton2b_ArcCorpMining_Area141,class-or-path-mining,Stanton2b_ArcCorp_001,Stanton2b_ArcCorp_001_desc,LOC_UNINITIALIZED,LOC_UNINITIALIZED,LOC_UNINITIALIZED,e207a1ec-1395-4c1c-8e51-b38c4420784c,e658b2b1-fae7-4945-89b8-b332f235d59b,Stanton2b,libs/foundry/records/starmap/pu/system/stanton/stanton2b/starmapobject.stanton2b.xml,,Outpost,1,0,0,0,0,20000,0,1,1,22a991e5-af7a-4eeb-826f-2f625cb58586,libs/foundry/records/starmap/pu/system/stanton/stanton2b/outpost/stanton2b_arccorpmining_area141.xml
Stanton2b_IndyMiner_KudreOre,class-or-path-mine,Stanton2b_IndyMine_001,Stanton2b_IndyMine_001_desc,LOC_UNINITIALIZED,LOC_UNINITIALIZED,LOC_UNINITIALIZED,e207a1ec-1395-4c1c-8e51-b38c4420784c,e658b2b1-fae7-4945-89b8-b332f235d59b,Stanton2b,libs/foundry/records/starmap/pu/system/stanton/stanton2b/starmapobject.stanton2b.xml,,Outpost,1,0,0,0,0,20000,0,1,1,255ed755-f835-4522-8679-9a8b0501ba03,libs/foundry/records/starmap/pu/system/stanton/stanton2b/outpost/stanton2b_indyminer_kudreore.xml
Stanton2b_ShubinMining_SCD1,class-or-path-mining,Stanton2b_Shubin_001,Stanton2b_Shubin_001_desc,LOC_UNINITIALIZED,LOC_UNINITIALIZED,LOC_UNINITIALIZED,e207a1ec-1395-4c1c-8e51-b38c4420784c,e658b2b1-fae7-4945-89b8-b332f235d59b,Stanton2b,libs/foundry/records/starmap/pu/system/stanton/stanton2b/starmapobject.stanton2b.xml,,Outpost,1,0,0,0,0,20000,0,1,1,dc34b5af-e417-48d2-b47b-98b56eedf0a7,libs/foundry/records/starmap/pu/system/stanton/stanton2b/outpost/stanton2b_shubinmining_scd1.xml
Stanton2c_ArcCorpMining_Area157,class-or-path-mining,Stanton2c_ArcCorp_001,Stanton2c_ArcCorp_001_desc,LOC_UNINITIALIZED,LOC_UNINITIALIZED,LOC_UNINITIALIZED,e207a1ec-1395-4c1c-8e51-b38c4420784c,ee63a520-43df-4e1c-8af7-8b8df06b3dd2,Stanton2c,libs/foundry/records/starmap/pu/system/stanton/stanton2c/starmapobject.stanton2c.xml,,Outpost,1,0,0,0,0,20000,0,1,1,458d5f25-d74f-461f-ae8f-ea7358f9fc78,libs/foundry/records/starmap/pu/system/stanton/stanton2c/outpost/stanton2c_arccorpmining_area157.xml
Stanton2c_IndyMiner_BensonMining,class-or-path-mining;class-or-path-mine,Stanton2c_IndyMine_001,Stanton2c_IndyMine_001_desc,LOC_UNINITIALIZED,LOC_UNINITIALIZED,LOC_UNINITIALIZED,e207a1ec-1395-4c1c-8e51-b38c4420784c,ee63a520-43df-4e1c-8af7-8b8df06b3dd2,Stanton2c,libs/foundry/records/starmap/pu/system/stanton/stanton2c/starmapobject.stanton2c.xml,,Outpost,1,0,0,0,0,20000,0,1,1,7c4c08ad-64ea-4b3e-919f-6e307e4b5d0a,libs/foundry/records/starmap/pu/system/stanton/stanton2c/outpost/stanton2c_indyminer_bensonmining.xml
PrivateMiningPoint_Stanton3_L1_001,class-or-path-mining,MiningClaim_S3L1_001,MiningClaims_Desc_001,LOC_UNINITIALIZED,LOC_UNINITIALIZED,LOC_UNINITIALIZED,e60452a5-b85c-4ab1-97e7-9cefb466f87b,0b8b226a-076f-44fb-a522-dee6b0c4be4c,Stanton3_L1,libs/foundry/records/starmap/pu/system/stanton/stanton3/lagrange/stanton3_l1.xml,,Default,20000,1,1,0,0,25000,0,0,0,04206d82-a6a8-49ca-864e-8ebfe98ead21,libs/foundry/records/starmap/pu/system/stanton/stanton3/miningclaim/privateminingpoint_stanton3_l1_001.xml
PrivateMiningPoint_Stanton3_L1_002,class-or-path-mining,MiningClaim_S3L1_002,MiningClaims_Desc_001,LOC_UNINITIALIZED,LOC_UNINITIALIZED,LOC_UNINITIALIZED,e60452a5-b85c-4ab1-97e7-9cefb466f87b,0b8b226a-076f-44fb-a522-dee6b0c4be4c,Stanton3_L1,libs/foundry/records/starmap/pu/system/stanton/stanton3/lagrange/stanton3_l1.xml,,Default,20000,1,1,0,0,25000,0,0,0,d6e808cd-2133-43bb-9806-6a942fd2347b,libs/foundry/records/starmap/pu/system/stanton/stanton3/miningclaim/privateminingpoint_stanton3_l1_002.xml
PrivateMiningPoint_Stanton3_L1_003,class-or-path-mining,MiningClaim_S3L1_003,MiningClaims_Desc_001,LOC_UNINITIALIZED,LOC_UNINITIALIZED,LOC_UNINITIALIZED,e60452a5-b85c-4ab1-97e7-9cefb466f87b,0b8b226a-076f-44fb-a522-dee6b0c4be4c,Stanton3_L1,libs/foundry/records/starmap/pu/system/stanton/stanton3/lagrange/stanton3_l1.xml,,Default,20000,1,1,0,0,25000,0,0,0,4313ef0a-e1eb-4390-9c04-a81e3affc607,libs/foundry/records/starmap/pu/system/stanton/stanton3/miningclaim/privateminingpoint_stanton3_l1_003.xml
PrivateMiningPoint_Stanton3_L1_004,class-or-path-mining,MiningClaim_S3L1_004,MiningClaims_Desc_001,LOC_UNINITIALIZED,LOC_UNINITIALIZED,LOC_UNINITIALIZED,e60452a5-b85c-4ab1-97e7-9cefb466f87b,0b8b226a-076f-44fb-a522-dee6b0c4be4c,Stanton3_L1,libs/foundry/records/starmap/pu/system/stanton/stanton3/lagrange/stanton3_l1.xml,,Default,20000,1,1,0,0,25000,0,0,0,331feea3-2278-4daa-a05d-f7749d41726f,libs/foundry/records/starmap/pu/system/stanton/stanton3/miningclaim/privateminingpoint_stanton3_l1_004.xml
PrivateMiningPoint_Stanton3_L1_005,class-or-path-mining,MiningClaim_S3L1_005,MiningClaims_Desc_001,LOC_UNINITIALIZED,LOC_UNINITIALIZED,LOC_UNINITIALIZED,e60452a5-b85c-4ab1-97e7-9cefb466f87b,0b8b226a-076f-44fb-a522-dee6b0c4be4c,Stanton3_L1,libs/foundry/records/starmap/pu/system/stanton/stanton3/lagrange/stanton3_l1.xml,,Default,20000,1,1,0,0,25000,0,0,0,94e393be-e5a7-417a-b8bb-8269bdbb764f,libs/foundry/records/starmap/pu/system/stanton/stanton3/miningclaim/privateminingpoint_stanton3_l1_005.xml
PrivateMiningPoint_Stanton3_L1_006,class-or-path-mining,MiningClaim_S3L1_006,MiningClaims_Desc_001,LOC_UNINITIALIZED,LOC_UNINITIALIZED,LOC_UNINITIALIZED,e60452a5-b85c-4ab1-97e7-9cefb466f87b,0b8b226a-076f-44fb-a522-dee6b0c4be4c,Stanton3_L1,libs/foundry/records/starmap/pu/system/stanton/stanton3/lagrange/stanton3_l1.xml,,Default,20000,1,1,0,0,25000,0,0,0,25da8156-010c-418b-bc29-16d41074045a,libs/foundry/records/starmap/pu/system/stanton/stanton3/miningclaim/privateminingpoint_stanton3_l1_006.xml
PrivateMiningPoint_Stanton3_L1_007,class-or-path-mining,MiningClaim_S3L1_007,MiningClaims_Desc_001,LOC_UNINITIALIZED,LOC_UNINITIALIZED,LOC_UNINITIALIZED,e60452a5-b85c-4ab1-97e7-9cefb466f87b,0b8b226a-076f-44fb-a522-dee6b0c4be4c,Stanton3_L1,libs/foundry/records/starmap/pu/system/stanton/stanton3/lagrange/stanton3_l1.xml,,Default,20000,1,1,0,0,25000,0,0,0,4cff4194-f2a1-428a-971d-ac01c5f1292f,libs/foundry/records/starmap/pu/system/stanton/stanton3/miningclaim/privateminingpoint_stanton3_l1_007.xml
PrivateMiningPoint_Stanton3_L1_008,class-or-path-mining,MiningClaim_S3L1_008,MiningClaims_Desc_001,LOC_UNINITIALIZED,LOC_UNINITIALIZED,LOC_UNINITIALIZED,e60452a5-b85c-4ab1-97e7-9cefb466f87b,0b8b226a-076f-44fb-a522-dee6b0c4be4c,Stanton3_L1,libs/foundry/records/starmap/pu/system/stanton/stanton3/lagrange/stanton3_l1.xml,,Default,20000,1,1,0,0,25000,0,0,0,39c7ee76-f87d-46a5-9aad-481ccfe0bcf2,libs/foundry/records/starmap/pu/system/stanton/stanton3/miningclaim/privateminingpoint_stanton3_l1_008.xml
PrivateMiningPoint_Stanton3_L2_001,class-or-path-mining,MiningClaim_S3L2_001,MiningClaims_Desc_001,LOC_UNINITIALIZED,LOC_UNINITIALIZED,LOC_UNINITIALIZED,e60452a5-b85c-4ab1-97e7-9cefb466f87b,6c9dd307-7b70-451f-bb38-9e70c0177f46,Stanton3_L2,libs/foundry/records/starmap/pu/system/stanton/stanton3/lagrange/stanton3_l2.xml,,Default,20000,1,1,0,0,25000,0,0,0,ed7e110f-5c43-4877-809c-995db89c5d9d,libs/foundry/records/starmap/pu/system/stanton/stanton3/miningclaim/privateminingpoint_stanton3_l2_001.xml
PrivateMiningPoint_Stanton3_L2_002,class-or-path-mining,MiningClaim_S3L2_002,MiningClaims_Desc_001,LOC_UNINITIALIZED,LOC_UNINITIALIZED,LOC_UNINITIALIZED,e60452a5-b85c-4ab1-97e7-9cefb466f87b,6c9dd307-7b70-451f-bb38-9e70c0177f46,Stanton3_L2,libs/foundry/records/starmap/pu/system/stanton/stanton3/lagrange/stanton3_l2.xml,,Default,20000,1,1,0,0,25000,0,0,0,fcfbe9c5-6add-4692-85e5-dd0267f703eb,libs/foundry/records/starmap/pu/system/stanton/stanton3/miningclaim/privateminingpoint_stanton3_l2_002.xml
PrivateMiningPoint_Stanton3_L2_003,class-or-path-mining,MiningClaim_S3L2_003,MiningClaims_Desc_001,LOC_UNINITIALIZED,LOC_UNINITIALIZED,LOC_UNINITIALIZED,e60452a5-b85c-4ab1-97e7-9cefb466f87b,6c9dd307-7b70-451f-bb38-9e70c0177f46,Stanton3_L2,libs/foundry/records/starmap/pu/system/stanton/stanton3/lagrange/stanton3_l2.xml,,Default,20000,1,1,0,0,25000,0,0,0,c3145e2c-8fc3-4899-89d0-b588648a2b83,libs/foundry/records/starmap/pu/system/stanton/stanton3/miningclaim/privateminingpoint_stanton3_l2_003.xml
PrivateMiningPoint_Stanton3_L2_004,class-or-path-mining,MiningClaim_S3L2_004,MiningClaims_Desc_001,LOC_UNINITIALIZED,LOC_UNINITIALIZED,LOC_UNINITIALIZED,e60452a5-b85c-4ab1-97e7-9cefb466f87b,6c9dd307-7b70-451f-bb38-9e70c0177f46,Stanton3_L2,libs/foundry/records/starmap/pu/system/stanton/stanton3/lagrange/stanton3_l2.xml,,Default,20000,1,1,0,0,25000,0,0,0,6c30e16e-f38e-4e1e-9675-f541e816e035,libs/foundry/records/starmap/pu/system/stanton/stanton3/miningclaim/privateminingpoint_stanton3_l2_004.xml
PrivateMiningPoint_Stanton3_L2_005,class-or-path-mining,MiningClaim_S3L2_005,MiningClaims_Desc_001,LOC_UNINITIALIZED,LOC_UNINITIALIZED,LOC_UNINITIALIZED,e60452a5-b85c-4ab1-97e7-9cefb466f87b,6c9dd307-7b70-451f-bb38-9e70c0177f46,Stanton3_L2,libs/foundry/records/starmap/pu/system/stanton/stanton3/lagrange/stanton3_l2.xml,,Default,20000,1,1,0,0,25000,0,0,0,8a35a268-5e6a-422e-a8c4-5d9e34fb8ba4,libs/foundry/records/starmap/pu/system/stanton/stanton3/miningclaim/privateminingpoint_stanton3_l2_005.xml
PrivateMiningPoint_Stanton3_L2_006,class-or-path-mining,MiningClaim_S3L2_006,MiningClaims_Desc_001,LOC_UNINITIALIZED,LOC_UNINITIALIZED,LOC_UNINITIALIZED,e60452a5-b85c-4ab1-97e7-9cefb466f87b,6c9dd307-7b70-451f-bb38-9e70c0177f46,Stanton3_L2,libs/foundry/records/starmap/pu/system/stanton/stanton3/lagrange/stanton3_l2.xml,,Default,20000,1,1,0,0,25000,0,0,0,014d9aa7-d3b7-4985-b371-17faaafa5b67,libs/foundry/records/starmap/pu/system/stanton/stanton3/miningclaim/privateminingpoint_stanton3_l2_006.xml
PrivateMiningPoint_Stanton3_L2_007,class-or-path-mining,MiningClaim_S3L2_007,MiningClaims_Desc_001,LOC_UNINITIALIZED,LOC_UNINITIALIZED,LOC_UNINITIALIZED,e60452a5-b85c-4ab1-97e7-9cefb466f87b,6c9dd307-7b70-451f-bb38-9e70c0177f46,Stanton3_L2,libs/foundry/records/starmap/pu/system/stanton/stanton3/lagrange/stanton3_l2.xml,,Default,20000,1,1,0,0,25000,0,0,0,4a4f8f82-fd72-4a88-a7eb-91a3870f0a2e,libs/foundry/records/starmap/pu/system/stanton/stanton3/miningclaim/privateminingpoint_stanton3_l2_007.xml
PrivateMiningPoint_Stanton3_L2_008,class-or-path-mining,MiningClaim_S3L2_008,MiningClaims_Desc_001,LOC_UNINITIALIZED,LOC_UNINITIALIZED,LOC_UNINITIALIZED,e60452a5-b85c-4ab1-97e7-9cefb466f87b,6c9dd307-7b70-451f-bb38-9e70c0177f46,Stanton3_L2,libs/foundry/records/starmap/pu/system/stanton/stanton3/lagrange/stanton3_l2.xml,,Default,20000,1,1,0,0,25000,0,0,0,648244d9-0fc2-436a-b71b-9d1401d0b50f,libs/foundry/records/starmap/pu/system/stanton/stanton3/miningclaim/privateminingpoint_stanton3_l2_008.xml
Stanton3a_IndyMine_HumboldtMines,class-or-path-mine,Stanton3a_IndyMine_001,Stanton3a_IndyMine_001_desc,LOC_UNINITIALIZED,LOC_UNINITIALIZED,LOC_UNINITIALIZED,e207a1ec-1395-4c1c-8e51-b38c4420784c,452de0e6-e31d-4e2c-b249-1c4244cb713b,Stanton3a,libs/foundry/records/starmap/pu/system/stanton/stanton3a/starmapobject.stanton3a.xml,,Outpost,1,0,0,0,0,20000,0,1,1,ce406a9d-5363-4ee7-99fd-d8a6fef4e250,libs/foundry/records/starmap/pu/system/stanton/stanton3a/outpost/stanton3a_indymine_humboldtmines.xml
Stanton3a_IndyMine_LoveridgeReserve,class-or-path-mine,Stanton3a_IndyMine_002,Stanton3a_IndyMine_002_desc,LOC_UNINITIALIZED,LOC_UNINITIALIZED,LOC_UNINITIALIZED,e207a1ec-1395-4c1c-8e51-b38c4420784c,452de0e6-e31d-4e2c-b249-1c4244cb713b,Stanton3a,libs/foundry/records/starmap/pu/system/stanton/stanton3a/starmapobject.stanton3a.xml,,Outpost,1,0,0,0,0,20000,0,1,1,d5b6d2ac-d6dc-464c-a5da-7404e982dd03,libs/foundry/records/starmap/pu/system/stanton/stanton3a/outpost/stanton3a_indymine_loveridgereserve.xml
