contractId,debugName,title,blueprintPoolId,poolName,chance,trigger,blueprintSource,blueprintItems
80933e8d-c9bf-492b-b69f-c5abd24962e9,HH_Pyro_RegionB_M_CFPOutposts_EliminateAll,[LOCATION] has been greenlit,e9947de1-6160-4d62-a319-2f4693140c88,BP_MISSIONREWARD_HeadHunters_MercenaryFPS_EliminateALL_RegionAB,1,complete,blueprintmissionpools,"[{""weight"":1,""name"":""Atzkav Sniper Rifle""},{""weight"":1,""name"":""Atzkav \""Igniter\"" Sniper Rifle""},{""weight"":1,""name"":""Atzkav \""Mirage\"" Sniper Rifle""},{""weight"":1,""name"":""Calico Arms Tactical""},{""weight"":1,""name"":""Calico Core Tactical""},{""weight"":1,""name"":""Calico Legs Tactical""},{""weight"":1,""name"":""Calico Helmet Tactical""},{""weight"":1,""name"":""Atzkav Sniper Rifle Battery (8 cap)""}]"
2faacd74-10f4-4b31-8e24-cca9c78841b8,CFP_Pyro_RegionB_M_CFPXSOutposts_HH_EliminateAll,[LOCATION] needs assistance,633d4069-c160-43d2-892d-2d8222261c20,BP_MISSIONREWARD_CFP_Outpost_RegionAB,1,complete,blueprintmissionpools,"[{""weight"":1,""name"":""Karna Rifle""},{""weight"":1,""name"":""Artimex Arms""},{""weight"":1,""name"":""Artimex Core""},{""weight"":1,""name"":""Artimex Legs""},{""weight"":1,""name"":""Artimex Helmet""},{""weight"":1,""name"":""Karna Rifle Battery (35 cap)""}]"
3c33b776-e65f-46fc-930e-52e326df8ddc,CFP_Pyro_RegionA_H_CFPOutposts_MultiEliminateAllAndBoss,[LOCATION] needs help,a2da9707-9859-4da0-9f4b-90e5afe45833,BP_MISSIONREWARD_CFP_Outpost_RegionC,1,complete,blueprintmissionpools,"[{""weight"":1,""name"":""Karna Rifle""},{""weight"":1,""name"":""Artimex Core Canuto""},{""weight"":1,""name"":""Artimex Arms Canuto""},{""weight"":1,""name"":""Artimex Legs Canuto""},{""weight"":1,""name"":""Artimex Helmet Canuto""},{""weight"":1,""name"":""Karna Rifle Battery (35 cap)""}]"
7462c715-9517-451b-a32d-8e6b3ec0122d,HH_Pyro_RegionA_VLRT_Criminals_KillShip,[TARGET] needs stomping,0e810eae-7b66-45aa-a18f-ffc1aae15585,BP_REWARDS_HeadHuntersMercenaryShipRegionA,1,complete,48blueprints,"[{""weight"":1,""name"":""9-Series Longsword Cannon""},{""weight"":1,""name"":""10-Series Greatsword Cannon""},{""weight"":1,""name"":""11-Series Broadsword Cannon""},{""weight"":1,""name"":""Sledge I Mass Driver Cannon""},{""weight"":1,""name"":""Strife Mass Driver Cannon""},{""weight"":1,""name"":""Sledge II Mass Driver Cannon""},{""weight"":1,""name"":""Sledge III Mass Driver Cannon""}]"
088a00d5-8068-4061-8248-aff38b8b199c,HH_Pyro_RegionB_VLRT_Criminals_KillShip,[TARGET] needs stomping,4b340951-c7f6-49af-bcc7-9fadcecf6c8c,BP_REWARDS_HeadHuntersMercenaryShipRegionB,1,complete,48blueprints,"[{""weight"":1,""name"":""HeatSafe""},{""weight"":1,""name"":""Cryo-Star SL""},{""weight"":1,""name"":""Dominance-1 Scattergun""},{""weight"":1,""name"":""Dominance-2 Scattergun""},{""weight"":1,""name"":""Dominance-3 Scattergun""}]"
43a7a749-c185-4d71-a4d5-297f0b2072ea,HH_Pyro_RegionC_VLRT_Criminals_KillShip,[TARGET] needs stomping,de417e15-2936-497a-8f90-7a52eb2eb12a,BP_REWARDS_HeadHuntersMercenaryShipRegionC,1,complete,48blueprints,"[{""weight"":1,""name"":""VaporBlock""},{""weight"":1,""name"":""Cryo-Star SL""},{""weight"":1,""name"":""NN-13 Cannon""},{""weight"":1,""name"":""NN-14 Cannon""},{""weight"":1,""name"":""NN-15 Cannon""}]"
8d28f35c-ce26-4952-996b-b66afe6a74f2,HH_Pyro_RegionD_VLRT_Criminals_KillShip,[TARGET] needs stomping,14ac943a-df05-4bd8-9596-b268d7e7748b,BP_REWARDS_HeadHuntersMercenaryShipRegionD,1,complete,48blueprints,"[{""weight"":1,""name"":""SnowBlind""},{""weight"":1,""name"":""Cryo-Star SL""},{""weight"":1,""name"":""M6A Cannon""},{""weight"":1,""name"":""M7A Cannon""},{""weight"":1,""name"":""M8A Cannon""},{""weight"":1,""name"":""Singe Cannon (S1)""},{""weight"":1,""name"":""Singe Cannon (S2)""},{""weight"":1,""name"":""Singe Cannon (S3)""}]"
12e92b29-e5a8-4ba7-95a4-122d6c992684,HH_Pyro_RegionB_E_ChainElimAll_1Cluster_AttackCFP,A little retaliation,e9947de1-6160-4d62-a319-2f4693140c88,BP_MISSIONREWARD_HeadHunters_MercenaryFPS_EliminateALL_RegionAB,1,complete,blueprintmissionpools,"[{""weight"":1,""name"":""Atzkav Sniper Rifle""},{""weight"":1,""name"":""Atzkav \""Igniter\"" Sniper Rifle""},{""weight"":1,""name"":""Atzkav \""Mirage\"" Sniper Rifle""},{""weight"":1,""name"":""Calico Arms Tactical""},{""weight"":1,""name"":""Calico Core Tactical""},{""weight"":1,""name"":""Calico Legs Tactical""},{""weight"":1,""name"":""Calico Helmet Tactical""},{""weight"":1,""name"":""Atzkav Sniper Rifle Battery (8 cap)""}]"
5916ef35-13d3-4223-8fe3-c399a02290ce,HH_Pyro_RegionA_E_DerelictOutpostsCaves_EliminateAll,A Swift Reprisal,e9947de1-6160-4d62-a319-2f4693140c88,BP_MISSIONREWARD_HeadHunters_MercenaryFPS_EliminateALL_RegionAB,1,complete,blueprintmissionpools,"[{""weight"":1,""name"":""Atzkav Sniper Rifle""},{""weight"":1,""name"":""Atzkav \""Igniter\"" Sniper Rifle""},{""weight"":1,""name"":""Atzkav \""Mirage\"" Sniper Rifle""},{""weight"":1,""name"":""Calico Arms Tactical""},{""weight"":1,""name"":""Calico Core Tactical""},{""weight"":1,""name"":""Calico Legs Tactical""},{""weight"":1,""name"":""Calico Helmet Tactical""},{""weight"":1,""name"":""Atzkav Sniper Rifle Battery (8 cap)""}]"
4d1cc670-7249-4edc-ab59-75a26aaa78d0,Vaughn_Rockcracker_Maintenance_EliminateSpecific,A Well Deserved Break,e52bf354-8918-474d-987e-55c01bfecdd3,BP_MISSIONREWARD_RDC_Generic,1,complete,blueprintmissionpools,"[{""weight"":1,""name"":""R97 Shotgun""},{""weight"":1,""name"":""Monde Arms""},{""weight"":1,""name"":""Monde Core""},{""weight"":1,""name"":""Monde Legs""},{""weight"":1,""name"":""Monde Helmet""},{""weight"":1,""name"":""Monde Arms Hiro""},{""weight"":1,""name"":""Monde Core Hiro""},{""weight"":1,""name"":""Monde Legs Hiro""},{""weight"":1,""name"":""Monde Helmet Hiro""},{""weight"":1,""name"":""R97 Shotgun Magazine (18 cap)""}]"
12a01016-d0e9-400c-b285-0016401eebda,Vaughn_Rockcracker_Opsroom_EliminateSpecific,A Well Deserved Break,e52bf354-8918-474d-987e-55c01bfecdd3,BP_MISSIONREWARD_RDC_Generic,1,complete,blueprintmissionpools,"[{""weight"":1,""name"":""R97 Shotgun""},{""weight"":1,""name"":""Monde Arms""},{""weight"":1,""name"":""Monde Core""},{""weight"":1,""name"":""Monde Legs""},{""weight"":1,""name"":""Monde Helmet""},{""weight"":1,""name"":""Monde Arms Hiro""},{""weight"":1,""name"":""Monde Core Hiro""},{""weight"":1,""name"":""Monde Legs Hiro""},{""weight"":1,""name"":""Monde Helmet Hiro""},{""weight"":1,""name"":""R97 Shotgun Magazine (18 cap)""}]"
38a1dfde-22f0-46a2-80de-ea4949a409c6,Vaughn_Rockcracker_Power_EliminateSpecific,A Well Deserved Break,e52bf354-8918-474d-987e-55c01bfecdd3,BP_MISSIONREWARD_RDC_Generic,1,complete,blueprintmissionpools,"[{""weight"":1,""name"":""R97 Shotgun""},{""weight"":1,""name"":""Monde Arms""},{""weight"":1,""name"":""Monde Core""},{""weight"":1,""name"":""Monde Legs""},{""weight"":1,""name"":""Monde Helmet""},{""weight"":1,""name"":""Monde Arms Hiro""},{""weight"":1,""name"":""Monde Core Hiro""},{""weight"":1,""name"":""Monde Legs Hiro""},{""weight"":1,""name"":""Monde Helmet Hiro""},{""weight"":1,""name"":""R97 Shotgun Magazine (18 cap)""}]"
63550989-f035-4dc6-a8f6-c6f5c8482c33,Adagio_Salvage_Nyx_Intro,Adagio Holdings in Need of Salvagers,16a99583-68a3-4f0e-b03c-87d70f6172dc,BP_REWARDS_AdagioResourceGatheringShipSalvage,1,complete,48blueprints,"[{""weight"":1,""name"":""Trawler Scraper Module""},{""weight"":1,""name"":""Abrade Scraper Module""},{""weight"":1,""name"":""Cinch Scraper Module""},{""weight"":1,""name"":""Cinch Scraper Module""},{""weight"":1,""name"":""Cinch Scraper Module""}]"
73cf6254-785a-41c1-b7a9-bdce2f6380e0,Adagio_Salvage_Pyro_Intro,Adagio Holdings in Need of Salvagers,16a99583-68a3-4f0e-b03c-87d70f6172dc,BP_REWARDS_AdagioResourceGatheringShipSalvage,1,complete,48blueprints,"[{""weight"":1,""name"":""Trawler Scraper Module""},{""weight"":1,""name"":""Abrade Scraper Module""},{""weight"":1,""name"":""Cinch Scraper Module""},{""weight"":1,""name"":""Cinch Scraper Module""},{""weight"":1,""name"":""Cinch Scraper Module""}]"
76ed5ffe-32b6-473a-9605-19f82c5d879e,Adagio_Salvage_Stanton_Intro,Adagio Holdings in Need of Salvagers,16a99583-68a3-4f0e-b03c-87d70f6172dc,BP_REWARDS_AdagioResourceGatheringShipSalvage,1,complete,48blueprints,"[{""weight"":1,""name"":""Trawler Scraper Module""},{""weight"":1,""name"":""Abrade Scraper Module""},{""weight"":1,""name"":""Cinch Scraper Module""},{""weight"":1,""name"":""Cinch Scraper Module""},{""weight"":1,""name"":""Cinch Scraper Module""}]"
9bd0c215-ece8-42b6-9145-f50664b252d1,Rayari_Rank3_IrradiatedPearls,Additional Resources For Research,5abbcbe8-8af1-4b76-8a85-631eeff5903d,BP_MISSIONREWARD_Rayari_RecoverItem_Irradiated,0.25,complete,blueprintmissionpools,"[{""weight"":1,""name"":""Prism \""Deep Sea\"" Laser Shotgun""},{""weight"":1,""name"":""Prism \""Bonedust\"" Laser Shotgun""},{""weight"":1,""name"":""Prism \""Firesteel\"" Laser Shotgun""},{""weight"":1,""name"":""Prism Laser Shotgun""},{""weight"":1,""name"":""Stirling Exploration Suit""},{""weight"":1,""name"":""Siebe Helmet""},{""weight"":1,""name"":""Prism Laser Shotgun Battery (20 cap)""}]"
115dab47-1987-4317-8a8f-b9466976a7b6,Rayari_Rank3_YormandiEyes,Additional Resources For Research,0f03e098-cc68-4a14-abe8-7b17a8bec97e,BP_MISSIONREWARD_BountyHuntersGuild_PAF_EliminateSpecific,0.25,complete,blueprintmissionpools,"[{""weight"":1,""name"":""P8-AR Rifle""},{""weight"":1,""name"":""Palatino Arms""},{""weight"":1,""name"":""Palatino Core""},{""weight"":1,""name"":""Palatino Legs""},{""weight"":1,""name"":""Palatino Helmet""},{""weight"":1,""name"":""Palatino Arms Moonfall""},{""weight"":1,""name"":""Palatino Core Moonfall""},{""weight"":1,""name"":""Palatino Legs Moonfall""},{""weight"":1,""name"":""Palatino Helmet Moonfall""},{""weight"":1,""name"":""P8-AR Rifle Magazine (15 Cap)""}]"
d300992a-88ab-479c-b1d9-f135b2092b5b,CFP_Pyro_RegionB_E_ChainElimAll_1Cluster_ElimSpec,Alert: [LOCATION] under attack,bd54c374-923e-4095-96c1-3a76e857c35a,BP_MISSIONREWARD_CFP_ChainElim_1and2,1,complete,blueprintmissionpools,"[{""weight"":1,""name"":""Karna \""Brimstone\"" Rifle""},{""weight"":1,""name"":""Artimex Core Lodestone""},{""weight"":1,""name"":""Artimex Arms Lodestone""},{""weight"":1,""name"":""Artimex Legs Lodestone""},{""weight"":1,""name"":""Artimex Helmet Lodestone""},{""weight"":1,""name"":""Karna Rifle Battery (35 cap)""}]"
46590930-4039-d4e2-5f80-8059137a3bb8,Vaughn_Stanton1_EliminateBoss_EliminateCompetionWorkers,All Things Come To An End,6876ee7a-114b-4414-9af1-bfdcdd303204,BP_MISSIONREWARD_VaughnGenerator_EliminateBoss,1,complete,blueprintmissionpools,"[{""weight"":1,""name"":""Pulverizer LMG""},{""weight"":1,""name"":""Tripledown Pistol""},{""weight"":1,""name"":""Citadel Arms Base""},{""weight"":1,""name"":""Citadel Legs Base""},{""weight"":1,""name"":""Citadel Core Base""},{""weight"":1,""name"":""Fortifier Helmet Base""},{""weight"":1,""name"":""Carnifex Armor Core""},{""weight"":1,""name"":""Carnifex Armor Legs""},{""weight"":1,""name"":""Carnifex Armor Legs""},{""weight"":1,""name"":""Pulverizer LMG Magazine (120 Cap)""},{""weight"":1,""name"":""Tripledown Pistol Magazine (12 Cap)""}]"
41d02f67-3abc-4a67-86bc-7037c2c4b2bd,Vaughn_Stanton1_EliminateSpecific_EliminateCompetionWorkers,All Things Come To An End,67a07f1a-ca8c-400d-984a-6088ecd3b482,BP_MISSIONREWARD_VaughnGenerator_EliminateSpecific,1,complete,blueprintmissionpools,"[{""weight"":1,""name"":""Killshot Rifle""},{""weight"":1,""name"":""Deadrig Shotgun""},{""weight"":1,""name"":""Overlord Arms Supernova""},{""weight"":1,""name"":""Overlord Core Supernova""},{""weight"":1,""name"":""Overlord Legs Supernova""},{""weight"":1,""name"":""Overlord Helmet Supernova""},{""weight"":1,""name"":""Piecemeal Armor Arms""},{""weight"":1,""name"":""Piecemeal Armor Core""},{""weight"":1,""name"":""Piecemeal Armor Legs""},{""weight"":1,""name"":""Badami Helmet""},{""weight"":1,""name"":""Killshot Rifle Magazine (45 Cap)""},{""weight"":1,""name"":""Deadrig Shotgun Magazine (8 cap)""}]"
eacc9ce4-1675-4dad-b419-cab6b94e93b7,InterSec_Nyx_TSG_Solo_AssistShipInCombat,Assist People's Alliance Vessel Tranquility,ed1f79f8-28a6-4d86-9f47-ac7a8dda8564,BP_REWARDS_AssistShipInCombatA,1,complete,48blueprints,"[{""weight"":1,""name"":""Deadbolt I Cannon""},{""weight"":1,""name"":""Deadbolt II Cannon""},{""weight"":1,""name"":""Deadbolt III Cannon""},{""weight"":1,""name"":""ForceWall""},{""weight"":1,""name"":""CoverAll""},{""weight"":1,""name"":""FullBlock""}]"
eacc9ce4-1675-4dad-b419-cab6b94e93b7,InterSec_Nyx_TSG_Solo_AssistShipInCombat,Assist People's Alliance Vessel Tranquility,e7b17f94-74ef-4337-9aa9-11f25fbb4d2a,BP_REWARDS_AssistShipInCombatB,1,complete,48blueprints,"[{""weight"":1,""name"":""Tailwind Flight Suit""},{""weight"":1,""name"":""Tailwind Flight Helmet Green Streak""},{""weight"":1,""name"":""Tailwind Flight Helmet Blackbolt""}]"
9e21b3ba-2cd0-43c1-bcb7-3c9a6c20f0e1,CFP_Pyro_E_DerelictOutpostsCaves_EliminateAll,Assistance needed at [LOCATION],633d4069-c160-43d2-892d-2d8222261c20,BP_MISSIONREWARD_CFP_Outpost_RegionAB,1,complete,blueprintmissionpools,"[{""weight"":1,""name"":""Karna Rifle""},{""weight"":1,""name"":""Artimex Arms""},{""weight"":1,""name"":""Artimex Core""},{""weight"":1,""name"":""Artimex Legs""},{""weight"":1,""name"":""Artimex Helmet""},{""weight"":1,""name"":""Karna Rifle Battery (35 cap)""}]"
f83b5d86-edb1-4eee-83b9-6af438f62141,CFP_Pyro_RegionC_CFPOutpost_EliminateAll,Attack on CFP outpost,a2da9707-9859-4da0-9f4b-90e5afe45833,BP_MISSIONREWARD_CFP_Outpost_RegionC,1,complete,blueprintmissionpools,"[{""weight"":1,""name"":""Karna Rifle""},{""weight"":1,""name"":""Artimex Core Canuto""},{""weight"":1,""name"":""Artimex Arms Canuto""},{""weight"":1,""name"":""Artimex Legs Canuto""},{""weight"":1,""name"":""Artimex Helmet Canuto""},{""weight"":1,""name"":""Karna Rifle Battery (35 cap)""}]"
00f6bc40-ad77-4404-a3b7-8e5cabb19c00,HH_Pyro_RegionC_HHOutpost_EliminateAll,Back up needed at outpost,d10c81ec-fc38-4f3e-bb2d-ccea0d10c889,BP_MISSIONREWARD_HeadHunters_MercenaryFPS_EliminateALL_RegionCD,1,complete,blueprintmissionpools,"[{""weight"":1,""name"":""Yubarev Pistol""},{""weight"":1,""name"":""Yubarev \""Mirage\"" Pistol""},{""weight"":1,""name"":""Yubarev \""Igniter\"" Pistol""},{""weight"":1,""name"":""DustUp Arms Tactical""},{""weight"":1,""name"":""DustUp Core Tactical""},{""weight"":1,""name"":""DustUp Legs Tactical""},{""weight"":1,""name"":""DustUp Helmet Tactical""},{""weight"":1,""name"":""Yubarev Pistol Battery (10 cap)""}]"
92e538af-c256-412a-98c8-d75115f8f39c,BitZeros_BlackBoxRecovery_Nyx_Super,Bad at Goodbyes,4937f5e9-f42e-4d8a-a6c4-96517028c548,BP_MISSIONREWARD_BitZeros_BlackBoxRecovery,1,complete,blueprintmissionpools,"[{""weight"":1,""name"":""Lumin V SMG""},{""weight"":1,""name"":""Arrowhead Sniper Rifle""},{""weight"":1,""name"":""Aves Arms""},{""weight"":1,""name"":""Aves Core""},{""weight"":1,""name"":""Aves Legs""},{""weight"":1,""name"":""Aves Helmet""},{""weight"":1,""name"":""Aves Shrike Core""},{""weight"":1,""name"":""Aves Shrike Arms""},{""weight"":1,""name"":""Aves Shrike Legs""},{""weight"":1,""name"":""Aves Shrike Helmet""},{""weight"":1,""name"":""Lumin V SMG Battery (45 cap)""},{""weight"":1,""name"":""Arrowhead Sniper Rifle Battery (16 cap)""}]"
c498dac9-9849-4ab3-bf25-2f554a935d7a,BitZeros_BlackBoxRecovery_Stanton_Super,Bad at Goodbyes,4937f5e9-f42e-4d8a-a6c4-96517028c548,BP_MISSIONREWARD_BitZeros_BlackBoxRecovery,1,complete,blueprintmissionpools,"[{""weight"":1,""name"":""Lumin V SMG""},{""weight"":1,""name"":""Arrowhead Sniper Rifle""},{""weight"":1,""name"":""Aves Arms""},{""weight"":1,""name"":""Aves Core""},{""weight"":1,""name"":""Aves Legs""},{""weight"":1,""name"":""Aves Helmet""},{""weight"":1,""name"":""Aves Shrike Core""},{""weight"":1,""name"":""Aves Shrike Arms""},{""weight"":1,""name"":""Aves Shrike Legs""},{""weight"":1,""name"":""Aves Shrike Helmet""},{""weight"":1,""name"":""Lumin V SMG Battery (45 cap)""},{""weight"":1,""name"":""Arrowhead Sniper Rifle Battery (16 cap)""}]"
f912aaa1-24d5-4f6c-b89f-00dc201e5c98,BitZeros_RecoverItem_Nyx_Blackbox_1Box,Bleeding Edge Tech,1e31d7e8-3033-4c98-a477-c474810d48c1,BP_MISSIONREWARD_RDC_Exclusive,1,complete,blueprintmissionpools,"[{""weight"":1,""name"":""R97 \""Kismet\"" Shotgun""},{""weight"":1,""name"":""R97 \""Righteous\"" Shotgun""},{""weight"":1,""name"":""Monde Arms Delta Camo""},{""weight"":1,""name"":""Monde Legs Delta Camo""},{""weight"":1,""name"":""Monde Core Delta Camo""},{""weight"":1,""name"":""Monde Helmet Delta Camo""},{""weight"":1,""name"":""Monde Helmet Hemlock Camo""},{""weight"":1,""name"":""Monde Legs Hemlock Camo""},{""weight"":1,""name"":""Monde Core Hemlock Camo""},{""weight"":1,""name"":""Monde Arms Hemlock Camo""},{""weight"":1,""name"":""R97 Shotgun Magazine (18 cap)""}]"
f912aaa1-24d5-4f6c-b89f-00dc201e5c98,BitZeros_RecoverItem_Nyx_Blackbox_1Box,Bleeding Edge Tech,fa0be2ae-124b-4505-a45d-80175c8f0b37,BP_MISSIONREWARD_BitZeros_RecoverItem_PyroNyx,1,complete,blueprintmissionpools,"[{""weight"":1,""name"":""Custodian SMG""},{""weight"":1,""name"":""Custodian \""Midnight\"" SMG""},{""weight"":1,""name"":""Custodian \""Scorched\"" SMG""},{""weight"":1,""name"":""Arden-SL Arms""},{""weight"":1,""name"":""Arden-SL Core""},{""weight"":1,""name"":""Arden-SL Legs""},{""weight"":1,""name"":""Arden-SL Helmet""},{""weight"":1,""name"":""Custodian SMG Magazine (60 cap)""}]"
3a5746d9-8691-4c79-8143-40686750c2d7,BitZeros_RecoverItem_Stanton_Blackbox_1Box,Bleeding Edge Tech,636a76a2-0fbb-4f7f-aa69-7187f84aa961,BP_MISSIONREWARD_BitZeros_RecoverItem_Stanton,1,complete,blueprintmissionpools,"[{""weight"":1,""name"":""Lumin V SMG""},{""weight"":1,""name"":""Inquisitor Core Black""},{""weight"":1,""name"":""Inquisitor Arms Black""},{""weight"":1,""name"":""Inquisitor Legs Black""},{""weight"":1,""name"":""Morningstar Helmet Icefall""},{""weight"":1,""name"":""Inquisitor Core Grey""},{""weight"":1,""name"":""Inquisitor Arms Grey""},{""weight"":1,""name"":""Inquisitor Legs Grey""},{""weight"":1,""name"":""Lumin V SMG Battery (45 cap)""}]"
1be73883-dc91-42e8-8c37-db3b925cebe3,HH_Pyro_RegionB_VH_TheGoldenRiviera_EliminateAll,Block XenoThreat Expansion,e9947de1-6160-4d62-a319-2f4693140c88,BP_MISSIONREWARD_HeadHunters_MercenaryFPS_EliminateALL_RegionAB,1,complete,blueprintmissionpools,"[{""weight"":1,""name"":""Atzkav Sniper Rifle""},{""weight"":1,""name"":""Atzkav \""Igniter\"" Sniper Rifle""},{""weight"":1,""name"":""Atzkav \""Mirage\"" Sniper Rifle""},{""weight"":1,""name"":""Calico Arms Tactical""},{""weight"":1,""name"":""Calico Core Tactical""},{""weight"":1,""name"":""Calico Legs Tactical""},{""weight"":1,""name"":""Calico Helmet Tactical""},{""weight"":1,""name"":""Atzkav Sniper Rifle Battery (8 cap)""}]"
57333cdf-fae8-439b-9701-cc4dd1978412,NorthRock_Stanton1_EliminateBoss_NoNonHostiles,Bounty Assignment: [TARGET] (HRT),ce014e33-cfcb-45e9-a12f-06f9baff9db2,BP_MISSIONREWARD_NorthRockFPSKill_EliminateBoss,1,complete,blueprintmissionpools,"[{""weight"":1,""name"":""F55 LMG""},{""weight"":1,""name"":""LH86 Pistol""},{""weight"":1,""name"":""Defiance Arms Tactical""},{""weight"":1,""name"":""Defiance Core Tactical""},{""weight"":1,""name"":""Defiance Legs Tactical""},{""weight"":1,""name"":""Defiance Helmet Tactical""},{""weight"":1,""name"":""Lynx Arms""},{""weight"":1,""name"":""Lynx Legs""},{""weight"":1,""name"":""Lynx Core""},{""weight"":1,""name"":""Oracle Helmet""},{""weight"":1,""name"":""F55 LMG Magazine (150 cap)""},{""weight"":1,""name"":""F55 LMG Magazine (150 cap)""}]"
4d51db6a-ec13-dad7-6f58-0cd8fe90bf89,NorthRock_Stanton1_EliminateBoss_Standard,Bounty Assignment: [TARGET] (HRT),ce014e33-cfcb-45e9-a12f-06f9baff9db2,BP_MISSIONREWARD_NorthRockFPSKill_EliminateBoss,1,complete,blueprintmissionpools,"[{""weight"":1,""name"":""F55 LMG""},{""weight"":1,""name"":""LH86 Pistol""},{""weight"":1,""name"":""Defiance Arms Tactical""},{""weight"":1,""name"":""Defiance Core Tactical""},{""weight"":1,""name"":""Defiance Legs Tactical""},{""weight"":1,""name"":""Defiance Helmet Tactical""},{""weight"":1,""name"":""Lynx Arms""},{""weight"":1,""name"":""Lynx Legs""},{""weight"":1,""name"":""Lynx Core""},{""weight"":1,""name"":""Oracle Helmet""},{""weight"":1,""name"":""F55 LMG Magazine (150 cap)""},{""weight"":1,""name"":""F55 LMG Magazine (150 cap)""}]"
94be848a-e2a8-4a3e-99f9-f88e1b2a4a7a,CFP_Pyro_RegionA_CFPOutpost_Stage1_RegionLink_ToRegionB_EliminateAll,Call for Help: [LOCATION],633d4069-c160-43d2-892d-2d8222261c20,BP_MISSIONREWARD_CFP_Outpost_RegionAB,1,complete,blueprintmissionpools,"[{""weight"":1,""name"":""Karna Rifle""},{""weight"":1,""name"":""Artimex Arms""},{""weight"":1,""name"":""Artimex Core""},{""weight"":1,""name"":""Artimex Legs""},{""weight"":1,""name"":""Artimex Helmet""},{""weight"":1,""name"":""Karna Rifle Battery (35 cap)""}]"
e63fa30b-1e93-4d1a-bee8-28f359640bdb,CFP_Pyro_RegionC_CFPOutpost_Stage1_RegionLink_ToRegionA_EliminateAll,Call for Help: [LOCATION],a2da9707-9859-4da0-9f4b-90e5afe45833,BP_MISSIONREWARD_CFP_Outpost_RegionC,1,complete,blueprintmissionpools,"[{""weight"":1,""name"":""Karna Rifle""},{""weight"":1,""name"":""Artimex Core Canuto""},{""weight"":1,""name"":""Artimex Arms Canuto""},{""weight"":1,""name"":""Artimex Legs Canuto""},{""weight"":1,""name"":""Artimex Helmet Canuto""},{""weight"":1,""name"":""Karna Rifle Battery (35 cap)""}]"
7a5ecb39-de87-474b-8941-cc61cc005132,CFP_Pyro_RegionD_CFPOutpost_Stage1_RegionLink_ToRegionA_EliminateAll,Call for Help: [LOCATION],bd54c374-923e-4095-96c1-3a76e857c35a,BP_MISSIONREWARD_CFP_ChainElim_1and2,1,complete,blueprintmissionpools,"[{""weight"":1,""name"":""Karna \""Brimstone\"" Rifle""},{""weight"":1,""name"":""Artimex Core Lodestone""},{""weight"":1,""name"":""Artimex Arms Lodestone""},{""weight"":1,""name"":""Artimex Legs Lodestone""},{""weight"":1,""name"":""Artimex Helmet Lodestone""},{""weight"":1,""name"":""Karna Rifle Battery (35 cap)""}]"
d78aeb05-10f8-4314-9b98-e13f1264140a,CFP_Pyro_RegionB_VH_ChainElimAll_3Cluster_ElimSpec_XTAttack,Campaign to reclaim XenoThreat outposts,6a166ec8-afd6-4e50-82aa-8b7533f82b41,BP_MISSIONREWARD_CFP_ChainElim_3,1,complete,blueprintmissionpools,"[{""weight"":1,""name"":""Karna \""Fate\"" Rifle""},{""weight"":1,""name"":""Artimex Core (Modified)""},{""weight"":1,""name"":""Artimex Arms (Modified)""},{""weight"":1,""name"":""Karna Rifle Battery (35 cap)""}]"
a33c1bf7-2685-4fe8-96d2-aaf33c2fce12,FoxwellEnforcement_EliminateAll_NonHostiles,Carefully Clear Site,5b74b911-ef2e-4bcd-8767-84abdc6bf6f9,BP_MISSIONREWARD_FoxwellEnforcement_Generator,1,complete,blueprintmissionpools,"[{""weight"":1,""name"":""Antium Helmet Jet""},{""weight"":1,""name"":""Antium Core Maroon""},{""weight"":1,""name"":""Antium Legs Maroon""},{""weight"":1,""name"":""Antium Helmet Maroon""},{""weight"":1,""name"":""Antium Helmet Moss Camo""},{""weight"":1,""name"":""Antium Arms Moss Camo""},{""weight"":1,""name"":""Antium Core Moss Camo""},{""weight"":1,""name"":""Antium Legs Moss Camo""}]"
4472405b-dc81-4b7e-8845-bbd4b66554cf,HaulCargo_AToB_Interstellar_Small_SunB_GolDMed_Intro,Cargo Hauling Opportunity with Ling Hauling,8e69e4bd-3b6a-42a0-8b8b-808eede34d29,BP_REWARDS_LingHard,1,complete,48blueprints,"[{""weight"":1,""name"":""Spectre""},{""weight"":1,""name"":""Zephyr""},{""weight"":1,""name"":""Bolt""},{""weight"":1,""name"":""Spicule""},{""weight"":1,""name"":""Guardian""},{""weight"":1,""name"":""Citadel""},{""weight"":1,""name"":""Barbican""}]"
f7cb7b85-10ca-4e4d-b874-082611618939,HaulCargo_Multi2ToSingle_Interstellar_Medium_Souv_Intro,Cargo Hauling Opportunity with Ling Hauling,8e69e4bd-3b6a-42a0-8b8b-808eede34d29,BP_REWARDS_LingHard,1,complete,48blueprints,"[{""weight"":1,""name"":""Spectre""},{""weight"":1,""name"":""Zephyr""},{""weight"":1,""name"":""Bolt""},{""weight"":1,""name"":""Spicule""},{""weight"":1,""name"":""Guardian""},{""weight"":1,""name"":""Citadel""},{""weight"":1,""name"":""Barbican""}]"
9d219d18-aeda-494c-bad6-30fb8d092949,HaulCargo_MultiToSingle_Interstellar_Small_Souv_DistSpri_ProFoo_Stim_Intro,Cargo Hauling Opportunity with Ling Hauling,8e69e4bd-3b6a-42a0-8b8b-808eede34d29,BP_REWARDS_LingHard,1,complete,48blueprints,"[{""weight"":1,""name"":""Spectre""},{""weight"":1,""name"":""Zephyr""},{""weight"":1,""name"":""Bolt""},{""weight"":1,""name"":""Spicule""},{""weight"":1,""name"":""Guardian""},{""weight"":1,""name"":""Citadel""},{""weight"":1,""name"":""Barbican""}]"
75d44d7d-ea8b-428d-8fc4-45789946e3e0,CFP_Pyro_VeryHard_RecoverCargo,Cargo Shipment Must Be Completed,6ba44ab4-9681-4bbf-9fd6-475da08bafd5,BP_MISSIONREWARD_CitizensForProsperityRecoverCargo_Pyro,1,complete,blueprintmissionpools,"[{""weight"":1,""name"":""P8-SC SMG""},{""weight"":1,""name"":""C54 SMG""},{""weight"":1,""name"":""S71 Rifle""},{""weight"":1,""name"":""ORC-mkX Arms Woodland""},{""weight"":1,""name"":""ORC-mkX Legs Woodland""},{""weight"":1,""name"":""ORC-mkX Core Woodland""},{""weight"":1,""name"":""ORC-mkX Helmet Woodland""},{""weight"":1,""name"":""ORC-mkV Arms""},{""weight"":1,""name"":""ORC-mkV Legs""},{""weight"":1,""name"":""ORC-mkV Core""},{""weight"":1,""name"":""G-2 Helmet Woodland""},{""weight"":1,""name"":""P8-SC SMG Magazine (45 cap)""},{""weight"":1,""name"":""C54 SMG Magazine (50 cap)""},{""weight"":1,""name"":""S71 Rifle Magazine (30 cap)""}]"
10834a2c-5280-4b31-a83a-a09d78b3e994,CitizensForProsperity_DefendShip_Nyx_Super,Come to Aid of Convoy,e52bf354-8918-474d-987e-55c01bfecdd3,BP_MISSIONREWARD_RDC_Generic,1,complete,blueprintmissionpools,"[{""weight"":1,""name"":""R97 Shotgun""},{""weight"":1,""name"":""Monde Arms""},{""weight"":1,""name"":""Monde Core""},{""weight"":1,""name"":""Monde Legs""},{""weight"":1,""name"":""Monde Helmet""},{""weight"":1,""name"":""Monde Arms Hiro""},{""weight"":1,""name"":""Monde Core Hiro""},{""weight"":1,""name"":""Monde Legs Hiro""},{""weight"":1,""name"":""Monde Helmet Hiro""},{""weight"":1,""name"":""R97 Shotgun Magazine (18 cap)""}]"
a8d4bf0d-3927-4bcb-a91f-f395b462f1c2,CitizensForProsperity_DefendShip_Nyx_Hard,Convoy Caught in Brutal Attack,e52bf354-8918-474d-987e-55c01bfecdd3,BP_MISSIONREWARD_RDC_Generic,1,complete,blueprintmissionpools,"[{""weight"":1,""name"":""R97 Shotgun""},{""weight"":1,""name"":""Monde Arms""},{""weight"":1,""name"":""Monde Core""},{""weight"":1,""name"":""Monde Legs""},{""weight"":1,""name"":""Monde Helmet""},{""weight"":1,""name"":""Monde Arms Hiro""},{""weight"":1,""name"":""Monde Core Hiro""},{""weight"":1,""name"":""Monde Legs Hiro""},{""weight"":1,""name"":""Monde Helmet Hiro""},{""weight"":1,""name"":""R97 Shotgun Magazine (18 cap)""}]"
16b275fb-710e-45b6-8a35-61943afb34c2,HH_Pyro_RegionA_M_2AsteroidBase_Criminals_MultiKillship,Crash some ships,0e810eae-7b66-45aa-a18f-ffc1aae15585,BP_REWARDS_HeadHuntersMercenaryShipRegionA,1,complete,48blueprints,"[{""weight"":1,""name"":""9-Series Longsword Cannon""},{""weight"":1,""name"":""10-Series Greatsword Cannon""},{""weight"":1,""name"":""11-Series Broadsword Cannon""},{""weight"":1,""name"":""Sledge I Mass Driver Cannon""},{""weight"":1,""name"":""Strife Mass Driver Cannon""},{""weight"":1,""name"":""Sledge II Mass Driver Cannon""},{""weight"":1,""name"":""Sledge III Mass Driver Cannon""}]"
d090cc84-eaaf-4cbc-b8fc-4d16ca0b6885,HH_Pyro_RegionB_M_2AsteroidBase_Criminals_MultiKillship,Crash some ships,4b340951-c7f6-49af-bcc7-9fadcecf6c8c,BP_REWARDS_HeadHuntersMercenaryShipRegionB,1,complete,48blueprints,"[{""weight"":1,""name"":""HeatSafe""},{""weight"":1,""name"":""Cryo-Star SL""},{""weight"":1,""name"":""Dominance-1 Scattergun""},{""weight"":1,""name"":""Dominance-2 Scattergun""},{""weight"":1,""name"":""Dominance-3 Scattergun""}]"
755acda5-cce4-4f39-bc26-96c355a226e5,HH_Pyro_RegionC_M_2AsteroidBase_Criminals_MultiKillship,Crash some ships,de417e15-2936-497a-8f90-7a52eb2eb12a,BP_REWARDS_HeadHuntersMercenaryShipRegionC,1,complete,48blueprints,"[{""weight"":1,""name"":""VaporBlock""},{""weight"":1,""name"":""Cryo-Star SL""},{""weight"":1,""name"":""NN-13 Cannon""},{""weight"":1,""name"":""NN-14 Cannon""},{""weight"":1,""name"":""NN-15 Cannon""}]"
65e45729-c492-4b98-b4d1-cf6b1f1806e8,HH_Pyro_RegionD_M_2AsteroidBase_Criminals_MultiKillship,Crash some ships,14ac943a-df05-4bd8-9596-b268d7e7748b,BP_REWARDS_HeadHuntersMercenaryShipRegionD,1,complete,48blueprints,"[{""weight"":1,""name"":""SnowBlind""},{""weight"":1,""name"":""Cryo-Star SL""},{""weight"":1,""name"":""M6A Cannon""},{""weight"":1,""name"":""M7A Cannon""},{""weight"":1,""name"":""M8A Cannon""},{""weight"":1,""name"":""Singe Cannon (S1)""},{""weight"":1,""name"":""Singe Cannon (S2)""},{""weight"":1,""name"":""Singe Cannon (S3)""}]"
1080d9fc-d511-4bda-a567-161797dac491,Refueling_Nyx_Hard,CRITICAL REFUEL REQUEST: [SHIP],819a9851-9c2e-4a24-872b-b860331d32d0,BP_REWARDS_FuelNozzle,1,complete,48blueprints,"[{""weight"":1,""name"":null},{""weight"":1,""name"":null},{""weight"":1,""name"":null},{""weight"":1,""name"":null},{""weight"":1,""name"":null},{""weight"":1,""name"":null},{""weight"":1,""name"":null},{""weight"":1,""name"":null}]"
5a3fb744-787c-460c-aecb-3ae0422d744d,Refueling_Pyro_Hard,CRITICAL REFUEL REQUEST: [SHIP],819a9851-9c2e-4a24-872b-b860331d32d0,BP_REWARDS_FuelNozzle,1,complete,48blueprints,"[{""weight"":1,""name"":null},{""weight"":1,""name"":null},{""weight"":1,""name"":null},{""weight"":1,""name"":null},{""weight"":1,""name"":null},{""weight"":1,""name"":null},{""weight"":1,""name"":null},{""weight"":1,""name"":null}]"
1f2d664c-2c64-4469-85ee-037febaa382b,Refueling_Stanton_Hard,CRITICAL REFUEL REQUEST: [SHIP],819a9851-9c2e-4a24-872b-b860331d32d0,BP_REWARDS_FuelNozzle,1,complete,48blueprints,"[{""weight"":1,""name"":null},{""weight"":1,""name"":null},{""weight"":1,""name"":null},{""weight"":1,""name"":null},{""weight"":1,""name"":null},{""weight"":1,""name"":null},{""weight"":1,""name"":null},{""weight"":1,""name"":null}]"
0fc33a7c-7954-4544-bb8e-1f792ef5838f,CFP_Pyro_Hard_RecoverCargo,Crucial Supplies Need Retrieving,6ba44ab4-9681-4bbf-9fd6-475da08bafd5,BP_MISSIONREWARD_CitizensForProsperityRecoverCargo_Pyro,1,complete,blueprintmissionpools,"[{""weight"":1,""name"":""P8-SC SMG""},{""weight"":1,""name"":""C54 SMG""},{""weight"":1,""name"":""S71 Rifle""},{""weight"":1,""name"":""ORC-mkX Arms Woodland""},{""weight"":1,""name"":""ORC-mkX Legs Woodland""},{""weight"":1,""name"":""ORC-mkX Core Woodland""},{""weight"":1,""name"":""ORC-mkX Helmet Woodland""},{""weight"":1,""name"":""ORC-mkV Arms""},{""weight"":1,""name"":""ORC-mkV Legs""},{""weight"":1,""name"":""ORC-mkV Core""},{""weight"":1,""name"":""G-2 Helmet Woodland""},{""weight"":1,""name"":""P8-SC SMG Magazine (45 cap)""},{""weight"":1,""name"":""C54 SMG Magazine (50 cap)""},{""weight"":1,""name"":""S71 Rifle Magazine (30 cap)""}]"
5ad05edc-bdc0-4498-8802-3c3587a9063a,EckhartSecurity_ShipAmbush_Nyx_VeryHard,Dangerous Ambush,02642d19-8a53-481c-ab3e-f57a7f0dd7c7,BP_REWARDS_EckhartSecurityShipAmbushEasy,1,complete,48blueprints,"[{""weight"":1,""name"":""SonicLite""},{""weight"":1,""name"":""Cirrus""},{""weight"":1,""name"":""Lightstrike I Cannon""},{""weight"":1,""name"":""Lightstrike II Cannon""},{""weight"":1,""name"":""Lightstrike III Cannon""}]"
5ad05edc-bdc0-4498-8802-3c3587a9063a,EckhartSecurity_ShipAmbush_Nyx_VeryHard,Dangerous Ambush,c3bc2b3e-b943-4194-911d-f70b66741103,BP_REWARDS_EckhartSecurityShipAmbushMed,1,complete,48blueprints,"[{""weight"":1,""name"":""DeltaMax""},{""weight"":1,""name"":""GammaMax""},{""weight"":1,""name"":""FL-11 Cannon""},{""weight"":1,""name"":""FL-22 Cannon""},{""weight"":1,""name"":""FL-33 Cannon""}]"
5ad05edc-bdc0-4498-8802-3c3587a9063a,EckhartSecurity_ShipAmbush_Nyx_VeryHard,Dangerous Ambush,125d96b9-5255-4443-b825-26c69064f08d,BP_REWARDS_EckhartSecurityShipAmbushHardPlus,1,complete,48blueprints,"[{""weight"":1,""name"":""Slipstream""},{""weight"":1,""name"":""Eclipse""},{""weight"":1,""name"":""Lightstrike IV Cannon""},{""weight"":1,""name"":""Lightstrike V Cannon""},{""weight"":1,""name"":""Lightstrike VI Cannon""}]"
288f190b-045a-486f-b800-b88fe1a81ee9,BitZeros_BlackBoxRecovery_Nyx_Intro,Data Transfer,4937f5e9-f42e-4d8a-a6c4-96517028c548,BP_MISSIONREWARD_BitZeros_BlackBoxRecovery,1,complete,blueprintmissionpools,"[{""weight"":1,""name"":""Lumin V SMG""},{""weight"":1,""name"":""Arrowhead Sniper Rifle""},{""weight"":1,""name"":""Aves Arms""},{""weight"":1,""name"":""Aves Core""},{""weight"":1,""name"":""Aves Legs""},{""weight"":1,""name"":""Aves Helmet""},{""weight"":1,""name"":""Aves Shrike Core""},{""weight"":1,""name"":""Aves Shrike Arms""},{""weight"":1,""name"":""Aves Shrike Legs""},{""weight"":1,""name"":""Aves Shrike Helmet""},{""weight"":1,""name"":""Lumin V SMG Battery (45 cap)""},{""weight"":1,""name"":""Arrowhead Sniper Rifle Battery (16 cap)""}]"
6c88a1b4-493c-47f7-bfde-bbd7fcde8d2a,BitZeros_BlackBoxRecovery_Stanton_Intro,Data Transfer,4937f5e9-f42e-4d8a-a6c4-96517028c548,BP_MISSIONREWARD_BitZeros_BlackBoxRecovery,1,complete,blueprintmissionpools,"[{""weight"":1,""name"":""Lumin V SMG""},{""weight"":1,""name"":""Arrowhead Sniper Rifle""},{""weight"":1,""name"":""Aves Arms""},{""weight"":1,""name"":""Aves Core""},{""weight"":1,""name"":""Aves Legs""},{""weight"":1,""name"":""Aves Helmet""},{""weight"":1,""name"":""Aves Shrike Core""},{""weight"":1,""name"":""Aves Shrike Arms""},{""weight"":1,""name"":""Aves Shrike Legs""},{""weight"":1,""name"":""Aves Shrike Helmet""},{""weight"":1,""name"":""Lumin V SMG Battery (45 cap)""},{""weight"":1,""name"":""Arrowhead Sniper Rifle Battery (16 cap)""}]"
fc928502-87e0-46a4-8398-8944f4be08d5,HH_Pyro_RegionA_M_2AsteroidBase_Criminals_EliminateAll_RetrieveStolenGoods,Death and cargo,e9947de1-6160-4d62-a319-2f4693140c88,BP_MISSIONREWARD_HeadHunters_MercenaryFPS_EliminateALL_RegionAB,1,complete,blueprintmissionpools,"[{""weight"":1,""name"":""Atzkav Sniper Rifle""},{""weight"":1,""name"":""Atzkav \""Igniter\"" Sniper Rifle""},{""weight"":1,""name"":""Atzkav \""Mirage\"" Sniper Rifle""},{""weight"":1,""name"":""Calico Arms Tactical""},{""weight"":1,""name"":""Calico Core Tactical""},{""weight"":1,""name"":""Calico Legs Tactical""},{""weight"":1,""name"":""Calico Helmet Tactical""},{""weight"":1,""name"":""Atzkav Sniper Rifle Battery (8 cap)""}]"
4cddd442-baa5-4f34-a461-48e3d00ac4f5,HH_Pyro_RegionC_M_2AsteroidBase_Criminals_EliminateAll_RetrieveStolenGoods,Death and cargo,d10c81ec-fc38-4f3e-bb2d-ccea0d10c889,BP_MISSIONREWARD_HeadHunters_MercenaryFPS_EliminateALL_RegionCD,1,complete,blueprintmissionpools,"[{""weight"":1,""name"":""Yubarev Pistol""},{""weight"":1,""name"":""Yubarev \""Mirage\"" Pistol""},{""weight"":1,""name"":""Yubarev \""Igniter\"" Pistol""},{""weight"":1,""name"":""DustUp Arms Tactical""},{""weight"":1,""name"":""DustUp Core Tactical""},{""weight"":1,""name"":""DustUp Legs Tactical""},{""weight"":1,""name"":""DustUp Helmet Tactical""},{""weight"":1,""name"":""Yubarev Pistol Battery (10 cap)""}]"
67d02bb9-d556-49d6-82f5-218b8c572b95,HH_Pyro_RegionA_Rank0_VE_1AsteroidBase_Criminals_EliminateSpecific,Deep space hit,f05fa898-1580-4ce3-95e2-8f5c4a1d1891,BP_MISSIONREWARD_HeadHunters_MercenaryFPS_EliminateSpecific_RegionAB,1,complete,blueprintmissionpools,"[{""weight"":1,""name"":""Scalpel Sniper Rifle""},{""weight"":1,""name"":""Coda Pistol""},{""weight"":1,""name"":""Coda \""Nighthawk\"" Pistol""},{""weight"":1,""name"":""Coda \""Big Boss\"" Pistol""},{""weight"":1,""name"":""Morozov-SH Arms""},{""weight"":1,""name"":""Morozov-SH Core""},{""weight"":1,""name"":""Morozov-SH Legs""},{""weight"":1,""name"":""Morozov-SH Helmet""},{""weight"":1,""name"":""Scalpel Sniper Rifle Magazine (12 cap)""},{""weight"":1,""name"":""Coda Pistol Magazine (6 cap)""}]"
b3f28ef3-3c70-4cac-a044-9a5dcb3930f9,HH_Pyro_RegionA_VE_1AsteroidBase_Criminals_EliminateSpecific,Deep space hit,f05fa898-1580-4ce3-95e2-8f5c4a1d1891,BP_MISSIONREWARD_HeadHunters_MercenaryFPS_EliminateSpecific_RegionAB,1,complete,blueprintmissionpools,"[{""weight"":1,""name"":""Scalpel Sniper Rifle""},{""weight"":1,""name"":""Coda Pistol""},{""weight"":1,""name"":""Coda \""Nighthawk\"" Pistol""},{""weight"":1,""name"":""Coda \""Big Boss\"" Pistol""},{""weight"":1,""name"":""Morozov-SH Arms""},{""weight"":1,""name"":""Morozov-SH Core""},{""weight"":1,""name"":""Morozov-SH Legs""},{""weight"":1,""name"":""Morozov-SH Helmet""},{""weight"":1,""name"":""Scalpel Sniper Rifle Magazine (12 cap)""},{""weight"":1,""name"":""Coda Pistol Magazine (6 cap)""}]"
6928a6e1-2e9a-49ae-87f4-29dcde3b1e1f,HH_Pyro_RegionC_Rank0_VE_1AsteroidBase_Criminals_EliminateSpecific,Deep space hit,9cf3799c-2347-46a6-bd65-203f8a426f79,BP_MISSIONREWARD_HeadHunters_MercenaryFPS_EliminateSpecific_RegionCD,1,complete,blueprintmissionpools,"[{""weight"":1,""name"":""Devastator Shotgun""},{""weight"":1,""name"":""Devastator \""Warhawk\"" Shotgun""},{""weight"":1,""name"":""Devastator \""Midnight\"" Shotgun""},{""weight"":1,""name"":""Morozov-SH Core Thule""},{""weight"":1,""name"":""Morozov-SH Arms Thule""},{""weight"":1,""name"":""Morozov-SH Legs Thule""},{""weight"":1,""name"":""Morozov-SH Helmet Thule""},{""weight"":1,""name"":""Devastator Shotgun Battery (12 cap)""}]"
909c2dc6-b738-4aeb-b8ce-783b88c6a097,HH_Pyro_RegionC_VE_1AsteroidBase_Criminals_EliminateSpecific,Deep space hit,9cf3799c-2347-46a6-bd65-203f8a426f79,BP_MISSIONREWARD_HeadHunters_MercenaryFPS_EliminateSpecific_RegionCD,1,complete,blueprintmissionpools,"[{""weight"":1,""name"":""Devastator Shotgun""},{""weight"":1,""name"":""Devastator \""Warhawk\"" Shotgun""},{""weight"":1,""name"":""Devastator \""Midnight\"" Shotgun""},{""weight"":1,""name"":""Morozov-SH Core Thule""},{""weight"":1,""name"":""Morozov-SH Arms Thule""},{""weight"":1,""name"":""Morozov-SH Legs Thule""},{""weight"":1,""name"":""Morozov-SH Helmet Thule""},{""weight"":1,""name"":""Devastator Shotgun Battery (12 cap)""}]"
44f3deee-d85d-4b80-a715-755fe2cf022a,HeadHunters_DefendEntitiesAndEscort_Nyx_VeryHard,Defend [LOCATION] From Mercs,ed0b8aaa-eec6-4c72-b9e7-b0b48ab5e135,BP_REWARDS_NyxHeadhuntersEasy,1,complete,48blueprints,"[{""weight"":1,""name"":""Cryo-Star SL""},{""weight"":1,""name"":""Winter-Star SL""},{""weight"":1,""name"":""Kelvid""},{""weight"":1,""name"":""Cryo-Star""},{""weight"":1,""name"":""Winter-Star""},{""weight"":1,""name"":""BlastChill""},{""weight"":1,""name"":""FlashFreeze""},{""weight"":1,""name"":""Endo""},{""weight"":1,""name"":""Cryo-Star EX""},{""weight"":1,""name"":""Winter-Star EX""},{""weight"":1,""name"":""FullFrost""},{""weight"":1,""name"":""WhiteOut""},{""weight"":1,""name"":""Taiga""},{""weight"":1,""name"":""Cryo-Star XL""},{""weight"":1,""name"":""Winter-Star XL""},{""weight"":1,""name"":""ColdSurge""},{""weight"":1,""name"":""FrostBite""}]"
44f3deee-d85d-4b80-a715-755fe2cf022a,HeadHunters_DefendEntitiesAndEscort_Nyx_VeryHard,Defend [LOCATION] From Mercs,3373506b-2ba7-4493-af0d-f336966d1151,BP_REWARDS_NyxHeadhuntersHard,1,complete,48blueprints,"[{""weight"":1,""name"":""Tarantula GT-870 Mark 1 Cannon""},{""weight"":1,""name"":""Tarantula GT-870 Mark 2 Cannon""},{""weight"":1,""name"":""Tarantula GT-870 Mark 3 Cannon""},{""weight"":1,""name"":""YellowJacket GT-210 Gatling""},{""weight"":1,""name"":""Scorpion GT-215 Gatling""},{""weight"":1,""name"":""Mantis GT-220 Gatling""},{""weight"":1,""name"":""V880""}]"
b7963b4b-902c-4bdf-9803-7531c5204790,HeadHunters_DefendEntitiesAndEscort_Pyro_VeryHard,Defend [LOCATION] From Mercs,6b6f3678-9f0e-4188-ae68-f5c1177230be,BP_REWARDS_PyroHeadhuntersEasy,1,complete,48blueprints,"[{""weight"":1,""name"":""DuraJet""},{""weight"":1,""name"":""ZapJet""},{""weight"":1,""name"":""Defiant""},{""weight"":1,""name"":""SparkJet""},{""weight"":1,""name"":""Lotus""},{""weight"":1,""name"":""SparkJet Pro""},{""weight"":1,""name"":""TigerLilly""}]"
b7963b4b-902c-4bdf-9803-7531c5204790,HeadHunters_DefendEntitiesAndEscort_Pyro_VeryHard,Defend [LOCATION] From Mercs,9cc0425d-5101-4f8a-a89d-6d483466829e,BP_REWARDS_PyroHeadhuntersHard,1,complete,48blueprints,"[{""weight"":1,""name"":""AD4B Ballistic Gatling""},{""weight"":1,""name"":""AD5B Ballistic Gatling""},{""weight"":1,""name"":""AD6B Ballistic Gatling""},{""weight"":1,""name"":""V801-11""},{""weight"":1,""name"":""V801-12""}]"
43170126-137c-44d5-9992-caa76b6c1d38,HeadHunters_DefendEntitiesAndEscort_Stanton_VeryHard,Defend [LOCATION] From Mercs,a2cbf2c1-7691-422b-93ca-e6740f5ab4b6,BP_REWARDS_StantonHeadhuntersEasy,1,complete,48blueprints,"[{""weight"":1,""name"":""PIN""},{""weight"":1,""name"":""5SA 'Rhada'""},{""weight"":1,""name"":""6SA 'Arbiter'""},{""weight"":1,""name"":""HEX""},{""weight"":1,""name"":""WEB""},{""weight"":1,""name"":""5MA 'Chimalli'""},{""weight"":1,""name"":""6MA 'Kozane'""},{""weight"":1,""name"":""BLOC""},{""weight"":1,""name"":""STOP""},{""weight"":1,""name"":""5CA 'Akura'""},{""weight"":1,""name"":""6CA 'Bila'""},{""weight"":1,""name"":""6CA 'Bila'""},{""weight"":1,""name"":""GUARD""}]"
43170126-137c-44d5-9992-caa76b6c1d38,HeadHunters_DefendEntitiesAndEscort_Stanton_VeryHard,Defend [LOCATION] From Mercs,c5e14209-5994-4394-88df-a98f2d9bd728,BP_REWARDS_StantonHeadhuntersHard,1,complete,48blueprints,"[{""weight"":1,""name"":""SW16BR1 “Buzzsaw” Repeater""},{""weight"":1,""name"":""SW16BR2 “Sawbuck” Repeater""},{""weight"":1,""name"":""SW16BR3 “Shredder” Repeater""},{""weight"":1,""name"":""Vigilance""},{""weight"":1,""name"":""Devoue""},{""weight"":1,""name"":""Tige""}]"
54c44da2-b1b3-4067-a3b9-cfd73fad73c9,CFP_Pyro_M_XSOutposts_EliminateAll,Defend [LOCATION] from Outlaws,633d4069-c160-43d2-892d-2d8222261c20,BP_MISSIONREWARD_CFP_Outpost_RegionAB,1,complete,blueprintmissionpools,"[{""weight"":1,""name"":""Karna Rifle""},{""weight"":1,""name"":""Artimex Arms""},{""weight"":1,""name"":""Artimex Core""},{""weight"":1,""name"":""Artimex Legs""},{""weight"":1,""name"":""Artimex Helmet""},{""weight"":1,""name"":""Karna Rifle Battery (35 cap)""}]"
7d230313-8856-484a-b219-3a983488833d,CFP_Pyro_RegionB_E_ChainElimAll_1Cluster,Defend [LOCATION] from Outlaws,6a166ec8-afd6-4e50-82aa-8b7533f82b41,BP_MISSIONREWARD_CFP_ChainElim_3,1,complete,blueprintmissionpools,"[{""weight"":1,""name"":""Karna \""Fate\"" Rifle""},{""weight"":1,""name"":""Artimex Core (Modified)""},{""weight"":1,""name"":""Artimex Arms (Modified)""},{""weight"":1,""name"":""Karna Rifle Battery (35 cap)""}]"
af4ffb08-954a-4f75-9493-e3cd102af48d,InterSec_DefendShip_Nyx_Easy,Defend InterSec Operative,efacefc7-916b-4cd1-9f03-43053f6ae867,BP_MISSIONREWARD_InterSec_DefendShip,1,complete,blueprintmissionpools,"[{""weight"":1,""name"":""Pulse \""Rouge\"" Pistol""},{""weight"":1,""name"":""Testudo Arms Combustion""},{""weight"":1,""name"":""Testudo Core Combustion""},{""weight"":1,""name"":""Testudo Legs Combustion""},{""weight"":1,""name"":""Testudo Helmet Combustion""},{""weight"":1,""name"":""Pulse Laser Pistol Battery (60 Cap)""},{""weight"":1,""name"":""Testudo Backpack Combustion""}]"
1c5e4a84-749c-4747-9f37-e1ad310da801,CFP_Pyro_RegionC_CFPOutpost_HHEliminateAll,Defenders needed against Headhunters,a2da9707-9859-4da0-9f4b-90e5afe45833,BP_MISSIONREWARD_CFP_Outpost_RegionC,1,complete,blueprintmissionpools,"[{""weight"":1,""name"":""Karna Rifle""},{""weight"":1,""name"":""Artimex Core Canuto""},{""weight"":1,""name"":""Artimex Arms Canuto""},{""weight"":1,""name"":""Artimex Legs Canuto""},{""weight"":1,""name"":""Artimex Helmet Canuto""},{""weight"":1,""name"":""Karna Rifle Battery (35 cap)""}]"
cbb0aa67-fb76-47d4-8a54-6864a241e70d,CFP_Pyro_RegionD_CFPOutpost_HHEliminateAll,Defenders needed against Headhunters,e6bdf007-4469-46fd-88d7-8e139c59829a,BP_MISSIONREWARD_CFP_Outpost_RegionD,1,complete,blueprintmissionpools,"[{""weight"":1,""name"":""Karna \""Rager\"" Rifle""},{""weight"":1,""name"":""Artimex Core Wildwood""},{""weight"":1,""name"":""Artimex Arms Wildwood""},{""weight"":1,""name"":""Artimex Legs Wildwood""},{""weight"":1,""name"":""Artimex Helmet Wildwood""},{""weight"":1,""name"":""Karna Rifle Battery (35 cap)""}]"
275c47a7-9af7-4f68-bc1c-310c5f8e375c,FoxwellEnforcement_DestroyNarcotics_Hard,Destroy Dangerous Drugs,5b74b911-ef2e-4bcd-8767-84abdc6bf6f9,BP_MISSIONREWARD_FoxwellEnforcement_Generator,1,complete,blueprintmissionpools,"[{""weight"":1,""name"":""Antium Helmet Jet""},{""weight"":1,""name"":""Antium Core Maroon""},{""weight"":1,""name"":""Antium Legs Maroon""},{""weight"":1,""name"":""Antium Helmet Maroon""},{""weight"":1,""name"":""Antium Helmet Moss Camo""},{""weight"":1,""name"":""Antium Arms Moss Camo""},{""weight"":1,""name"":""Antium Core Moss Camo""},{""weight"":1,""name"":""Antium Legs Moss Camo""}]"
0697c275-c36e-4592-a78b-687bdff4597e,CFP_Pyro_RegionA_M_HHOutposts_Sabotage,Destroy Headhunter Stolen Data,cf847b27-bf3b-4d50-87c0-de3c68e4e387,BP_MISSIONREWARD_CitizensForProsperityDestroyItems_AB,1,complete,blueprintmissionpools,"[{""weight"":1,""name"":""FS-9 LMG""},{""weight"":1,""name"":""BR-2 Shotgun""},{""weight"":1,""name"":""Gallant Rifle""},{""weight"":1,""name"":""ADP Arms Woodland""},{""weight"":1,""name"":""ADP Core""},{""weight"":1,""name"":""ADP Legs Woodland""},{""weight"":1,""name"":""Balor HCH Helmet""},{""weight"":1,""name"":""ADP-mk4 Arms Woodland""},{""weight"":1,""name"":""ADP-mk4 Legs Woodland""},{""weight"":1,""name"":""ADP-mk4 Core Woodland""},{""weight"":1,""name"":""ADP-mk4 Helmet Woodland""},{""weight"":1,""name"":""FS-9 Magazine (75 cap)""},{""weight"":1,""name"":""BR-2 Shotgun Magazine (12 cap)""},{""weight"":1,""name"":""Gallant Rifle Battery (45 cap)""}]"
5cc8e348-6d8f-4aa5-9db2-1f8b931ca2dd,CFP_Pyro_RegionB_M_HHOutposts_Sabotage,Destroy Headhunter Stolen Data,cf847b27-bf3b-4d50-87c0-de3c68e4e387,BP_MISSIONREWARD_CitizensForProsperityDestroyItems_AB,1,complete,blueprintmissionpools,"[{""weight"":1,""name"":""FS-9 LMG""},{""weight"":1,""name"":""BR-2 Shotgun""},{""weight"":1,""name"":""Gallant Rifle""},{""weight"":1,""name"":""ADP Arms Woodland""},{""weight"":1,""name"":""ADP Core""},{""weight"":1,""name"":""ADP Legs Woodland""},{""weight"":1,""name"":""Balor HCH Helmet""},{""weight"":1,""name"":""ADP-mk4 Arms Woodland""},{""weight"":1,""name"":""ADP-mk4 Legs Woodland""},{""weight"":1,""name"":""ADP-mk4 Core Woodland""},{""weight"":1,""name"":""ADP-mk4 Helmet Woodland""},{""weight"":1,""name"":""FS-9 Magazine (75 cap)""},{""weight"":1,""name"":""BR-2 Shotgun Magazine (12 cap)""},{""weight"":1,""name"":""Gallant Rifle Battery (45 cap)""}]"
5cc369df-bb38-4edd-8123-6ec02ea8bf44,CFP_Pyro_RegionC_HHOutpost_Sabotage,Destroy Headhunter Stolen Data,16948a53-7be2-4869-9b21-3af06e99f8b7,BP_MISSIONREWARD_CitizensForProsperityDestroyItems_CD,1,complete,blueprintmissionpools,"[{""weight"":1,""name"":""P6-LR Sniper Rifle""},{""weight"":1,""name"":""A03 Sniper Rifle""},{""weight"":1,""name"":""CBH-3 Helmet Base""},{""weight"":1,""name"":""PAB-1 Arms""},{""weight"":1,""name"":""PAB-1 Core""},{""weight"":1,""name"":""PAB-1 Legs""},{""weight"":1,""name"":""TrueDef-Pro Arms""},{""weight"":1,""name"":""TrueDef-Pro Core Base""},{""weight"":1,""name"":""Argus Helmet""},{""weight"":1,""name"":""TrueDef-Pro Legs""},{""weight"":1,""name"":""A03 Sniper Rifle Magazine (15 cap)""},{""weight"":1,""name"":""P6-LR Magazine (8 cap)""}]"
d7696f35-b781-4c0b-8e9d-b95de9f3d43b,FoxwellEnforcement_DestroyNarcotics_Medium,Destroy Illegal Drugs,5b74b911-ef2e-4bcd-8767-84abdc6bf6f9,BP_MISSIONREWARD_FoxwellEnforcement_Generator,1,complete,blueprintmissionpools,"[{""weight"":1,""name"":""Antium Helmet Jet""},{""weight"":1,""name"":""Antium Core Maroon""},{""weight"":1,""name"":""Antium Legs Maroon""},{""weight"":1,""name"":""Antium Helmet Maroon""},{""weight"":1,""name"":""Antium Helmet Moss Camo""},{""weight"":1,""name"":""Antium Arms Moss Camo""},{""weight"":1,""name"":""Antium Core Moss Camo""},{""weight"":1,""name"":""Antium Legs Moss Camo""}]"
dadc6e2f-2fdf-4eb7-8d92-9395ae811503,CFP_Pyro_RegionA_VH_LastDitch_Sabotage,Destroy Outlaw Data Servers,cf847b27-bf3b-4d50-87c0-de3c68e4e387,BP_MISSIONREWARD_CitizensForProsperityDestroyItems_AB,1,complete,blueprintmissionpools,"[{""weight"":1,""name"":""FS-9 LMG""},{""weight"":1,""name"":""BR-2 Shotgun""},{""weight"":1,""name"":""Gallant Rifle""},{""weight"":1,""name"":""ADP Arms Woodland""},{""weight"":1,""name"":""ADP Core""},{""weight"":1,""name"":""ADP Legs Woodland""},{""weight"":1,""name"":""Balor HCH Helmet""},{""weight"":1,""name"":""ADP-mk4 Arms Woodland""},{""weight"":1,""name"":""ADP-mk4 Legs Woodland""},{""weight"":1,""name"":""ADP-mk4 Core Woodland""},{""weight"":1,""name"":""ADP-mk4 Helmet Woodland""},{""weight"":1,""name"":""FS-9 Magazine (75 cap)""},{""weight"":1,""name"":""BR-2 Shotgun Magazine (12 cap)""},{""weight"":1,""name"":""Gallant Rifle Battery (45 cap)""}]"
012adaaf-7a50-49e6-90f2-5bbc62604ee8,CFP_Pyro_RegionB_VH_XTOutposts_Sabotage,Destroy XenoThreat Data Servers,cf847b27-bf3b-4d50-87c0-de3c68e4e387,BP_MISSIONREWARD_CitizensForProsperityDestroyItems_AB,1,complete,blueprintmissionpools,"[{""weight"":1,""name"":""FS-9 LMG""},{""weight"":1,""name"":""BR-2 Shotgun""},{""weight"":1,""name"":""Gallant Rifle""},{""weight"":1,""name"":""ADP Arms Woodland""},{""weight"":1,""name"":""ADP Core""},{""weight"":1,""name"":""ADP Legs Woodland""},{""weight"":1,""name"":""Balor HCH Helmet""},{""weight"":1,""name"":""ADP-mk4 Arms Woodland""},{""weight"":1,""name"":""ADP-mk4 Legs Woodland""},{""weight"":1,""name"":""ADP-mk4 Core Woodland""},{""weight"":1,""name"":""ADP-mk4 Helmet Woodland""},{""weight"":1,""name"":""FS-9 Magazine (75 cap)""},{""weight"":1,""name"":""BR-2 Shotgun Magazine (12 cap)""},{""weight"":1,""name"":""Gallant Rifle Battery (45 cap)""}]"
0739da60-2d98-4e53-9932-3adfd8453840,CFP_Pyro_RegionB_H_XTXSOutposts_Sabotage,Destroy XenoThreat Logistic Data,cf847b27-bf3b-4d50-87c0-de3c68e4e387,BP_MISSIONREWARD_CitizensForProsperityDestroyItems_AB,1,complete,blueprintmissionpools,"[{""weight"":1,""name"":""FS-9 LMG""},{""weight"":1,""name"":""BR-2 Shotgun""},{""weight"":1,""name"":""Gallant Rifle""},{""weight"":1,""name"":""ADP Arms Woodland""},{""weight"":1,""name"":""ADP Core""},{""weight"":1,""name"":""ADP Legs Woodland""},{""weight"":1,""name"":""Balor HCH Helmet""},{""weight"":1,""name"":""ADP-mk4 Arms Woodland""},{""weight"":1,""name"":""ADP-mk4 Legs Woodland""},{""weight"":1,""name"":""ADP-mk4 Core Woodland""},{""weight"":1,""name"":""ADP-mk4 Helmet Woodland""},{""weight"":1,""name"":""FS-9 Magazine (75 cap)""},{""weight"":1,""name"":""BR-2 Shotgun Magazine (12 cap)""},{""weight"":1,""name"":""Gallant Rifle Battery (45 cap)""}]"
f788856f-7bc9-4a1c-a5fc-abb273106543,CFP_Pyro_RegionD_XTOutpost_Sabotage,Destroy XenoThreat Logistic Data,16948a53-7be2-4869-9b21-3af06e99f8b7,BP_MISSIONREWARD_CitizensForProsperityDestroyItems_CD,1,complete,blueprintmissionpools,"[{""weight"":1,""name"":""P6-LR Sniper Rifle""},{""weight"":1,""name"":""A03 Sniper Rifle""},{""weight"":1,""name"":""CBH-3 Helmet Base""},{""weight"":1,""name"":""PAB-1 Arms""},{""weight"":1,""name"":""PAB-1 Core""},{""weight"":1,""name"":""PAB-1 Legs""},{""weight"":1,""name"":""TrueDef-Pro Arms""},{""weight"":1,""name"":""TrueDef-Pro Core Base""},{""weight"":1,""name"":""Argus Helmet""},{""weight"":1,""name"":""TrueDef-Pro Legs""},{""weight"":1,""name"":""A03 Sniper Rifle Magazine (15 cap)""},{""weight"":1,""name"":""P6-LR Magazine (8 cap)""}]"
8b18d982-1e25-41a5-b159-e7e4ea5c9620,CFP_Pyro_RegionA_Rank0_VE_1AsteroidBase_Criminals_Sabotage,Disable Outlaw Stronghold at [LOCATION],cf847b27-bf3b-4d50-87c0-de3c68e4e387,BP_MISSIONREWARD_CitizensForProsperityDestroyItems_AB,1,complete,blueprintmissionpools,"[{""weight"":1,""name"":""FS-9 LMG""},{""weight"":1,""name"":""BR-2 Shotgun""},{""weight"":1,""name"":""Gallant Rifle""},{""weight"":1,""name"":""ADP Arms Woodland""},{""weight"":1,""name"":""ADP Core""},{""weight"":1,""name"":""ADP Legs Woodland""},{""weight"":1,""name"":""Balor HCH Helmet""},{""weight"":1,""name"":""ADP-mk4 Arms Woodland""},{""weight"":1,""name"":""ADP-mk4 Legs Woodland""},{""weight"":1,""name"":""ADP-mk4 Core Woodland""},{""weight"":1,""name"":""ADP-mk4 Helmet Woodland""},{""weight"":1,""name"":""FS-9 Magazine (75 cap)""},{""weight"":1,""name"":""BR-2 Shotgun Magazine (12 cap)""},{""weight"":1,""name"":""Gallant Rifle Battery (45 cap)""}]"
6dd3942c-b1c7-4466-8bd4-709261178add,CFP_Pyro_RegionA_VE_1AsteroidBase_Criminals_Sabotage,Disable Outlaw Stronghold at [LOCATION],cf847b27-bf3b-4d50-87c0-de3c68e4e387,BP_MISSIONREWARD_CitizensForProsperityDestroyItems_AB,1,complete,blueprintmissionpools,"[{""weight"":1,""name"":""FS-9 LMG""},{""weight"":1,""name"":""BR-2 Shotgun""},{""weight"":1,""name"":""Gallant Rifle""},{""weight"":1,""name"":""ADP Arms Woodland""},{""weight"":1,""name"":""ADP Core""},{""weight"":1,""name"":""ADP Legs Woodland""},{""weight"":1,""name"":""Balor HCH Helmet""},{""weight"":1,""name"":""ADP-mk4 Arms Woodland""},{""weight"":1,""name"":""ADP-mk4 Legs Woodland""},{""weight"":1,""name"":""ADP-mk4 Core Woodland""},{""weight"":1,""name"":""ADP-mk4 Helmet Woodland""},{""weight"":1,""name"":""FS-9 Magazine (75 cap)""},{""weight"":1,""name"":""BR-2 Shotgun Magazine (12 cap)""},{""weight"":1,""name"":""Gallant Rifle Battery (45 cap)""}]"
bc4031f7-3f93-4d18-b4f9-a9b6771812da,CFP_Pyro_RegionC_Rank0_VE_1AsteroidBase_Criminals_Sabotage,Disable Outlaw Stronghold at [LOCATION],16948a53-7be2-4869-9b21-3af06e99f8b7,BP_MISSIONREWARD_CitizensForProsperityDestroyItems_CD,1,complete,blueprintmissionpools,"[{""weight"":1,""name"":""P6-LR Sniper Rifle""},{""weight"":1,""name"":""A03 Sniper Rifle""},{""weight"":1,""name"":""CBH-3 Helmet Base""},{""weight"":1,""name"":""PAB-1 Arms""},{""weight"":1,""name"":""PAB-1 Core""},{""weight"":1,""name"":""PAB-1 Legs""},{""weight"":1,""name"":""TrueDef-Pro Arms""},{""weight"":1,""name"":""TrueDef-Pro Core Base""},{""weight"":1,""name"":""Argus Helmet""},{""weight"":1,""name"":""TrueDef-Pro Legs""},{""weight"":1,""name"":""A03 Sniper Rifle Magazine (15 cap)""},{""weight"":1,""name"":""P6-LR Magazine (8 cap)""}]"
5bff9fb5-f386-4e93-924c-9a99b4eb20a7,CFP_Pyro_RegionC_VE_1AsteroidBase_Criminals_Sabotage,Disable Outlaw Stronghold at [LOCATION],16948a53-7be2-4869-9b21-3af06e99f8b7,BP_MISSIONREWARD_CitizensForProsperityDestroyItems_CD,1,complete,blueprintmissionpools,"[{""weight"":1,""name"":""P6-LR Sniper Rifle""},{""weight"":1,""name"":""A03 Sniper Rifle""},{""weight"":1,""name"":""CBH-3 Helmet Base""},{""weight"":1,""name"":""PAB-1 Arms""},{""weight"":1,""name"":""PAB-1 Core""},{""weight"":1,""name"":""PAB-1 Legs""},{""weight"":1,""name"":""TrueDef-Pro Arms""},{""weight"":1,""name"":""TrueDef-Pro Core Base""},{""weight"":1,""name"":""Argus Helmet""},{""weight"":1,""name"":""TrueDef-Pro Legs""},{""weight"":1,""name"":""A03 Sniper Rifle Magazine (15 cap)""},{""weight"":1,""name"":""P6-LR Magazine (8 cap)""}]"
6e95c206-a089-40e2-acc5-79881c2c2c3c,HH_Pyro_RegionB_M_ChainElimAll_1Cluster_ElimSpec_AttackCFP,Driving CFP out,e9947de1-6160-4d62-a319-2f4693140c88,BP_MISSIONREWARD_HeadHunters_MercenaryFPS_EliminateALL_RegionAB,1,complete,blueprintmissionpools,"[{""weight"":1,""name"":""Atzkav Sniper Rifle""},{""weight"":1,""name"":""Atzkav \""Igniter\"" Sniper Rifle""},{""weight"":1,""name"":""Atzkav \""Mirage\"" Sniper Rifle""},{""weight"":1,""name"":""Calico Arms Tactical""},{""weight"":1,""name"":""Calico Core Tactical""},{""weight"":1,""name"":""Calico Legs Tactical""},{""weight"":1,""name"":""Calico Helmet Tactical""},{""weight"":1,""name"":""Atzkav Sniper Rifle Battery (8 cap)""}]"
06bc3bc0-07f5-4f2d-b102-a3d906654da7,HH_Pyro_RegionD_XTOutpost_EliminateSpecific,Drop a XenoThreat,9cf3799c-2347-46a6-bd65-203f8a426f79,BP_MISSIONREWARD_HeadHunters_MercenaryFPS_EliminateSpecific_RegionCD,1,complete,blueprintmissionpools,"[{""weight"":1,""name"":""Devastator Shotgun""},{""weight"":1,""name"":""Devastator \""Warhawk\"" Shotgun""},{""weight"":1,""name"":""Devastator \""Midnight\"" Shotgun""},{""weight"":1,""name"":""Morozov-SH Core Thule""},{""weight"":1,""name"":""Morozov-SH Arms Thule""},{""weight"":1,""name"":""Morozov-SH Legs Thule""},{""weight"":1,""name"":""Morozov-SH Helmet Thule""},{""weight"":1,""name"":""Devastator Shotgun Battery (12 cap)""}]"
bc92e499-e5ae-4a91-8c14-66b8a96ba0a0,CFP_Pyro_RegionA_E_1AsteroidBase_Criminals_BombingRun,Eliminate Fuel Stores,cf847b27-bf3b-4d50-87c0-de3c68e4e387,BP_MISSIONREWARD_CitizensForProsperityDestroyItems_AB,1,complete,blueprintmissionpools,"[{""weight"":1,""name"":""FS-9 LMG""},{""weight"":1,""name"":""BR-2 Shotgun""},{""weight"":1,""name"":""Gallant Rifle""},{""weight"":1,""name"":""ADP Arms Woodland""},{""weight"":1,""name"":""ADP Core""},{""weight"":1,""name"":""ADP Legs Woodland""},{""weight"":1,""name"":""Balor HCH Helmet""},{""weight"":1,""name"":""ADP-mk4 Arms Woodland""},{""weight"":1,""name"":""ADP-mk4 Legs Woodland""},{""weight"":1,""name"":""ADP-mk4 Core Woodland""},{""weight"":1,""name"":""ADP-mk4 Helmet Woodland""},{""weight"":1,""name"":""FS-9 Magazine (75 cap)""},{""weight"":1,""name"":""BR-2 Shotgun Magazine (12 cap)""},{""weight"":1,""name"":""Gallant Rifle Battery (45 cap)""}]"
d90427cd-7890-4bc4-9c6d-08eab3eb7576,CFP_Pyro_RegionC_E_1AsteroidBase_Criminals_BombingRun,Eliminate Fuel Stores,16948a53-7be2-4869-9b21-3af06e99f8b7,BP_MISSIONREWARD_CitizensForProsperityDestroyItems_CD,1,complete,blueprintmissionpools,"[{""weight"":1,""name"":""P6-LR Sniper Rifle""},{""weight"":1,""name"":""A03 Sniper Rifle""},{""weight"":1,""name"":""CBH-3 Helmet Base""},{""weight"":1,""name"":""PAB-1 Arms""},{""weight"":1,""name"":""PAB-1 Core""},{""weight"":1,""name"":""PAB-1 Legs""},{""weight"":1,""name"":""TrueDef-Pro Arms""},{""weight"":1,""name"":""TrueDef-Pro Core Base""},{""weight"":1,""name"":""Argus Helmet""},{""weight"":1,""name"":""TrueDef-Pro Legs""},{""weight"":1,""name"":""A03 Sniper Rifle Magazine (15 cap)""},{""weight"":1,""name"":""P6-LR Magazine (8 cap)""}]"
7d0130fe-adf0-455f-a719-0b7f4cdc9334,InterSec_Bounty_Nyx_Super,Eliminate Vanduul Ship,e52bf354-8918-474d-987e-55c01bfecdd3,BP_MISSIONREWARD_RDC_Generic,1,complete,blueprintmissionpools,"[{""weight"":1,""name"":""R97 Shotgun""},{""weight"":1,""name"":""Monde Arms""},{""weight"":1,""name"":""Monde Core""},{""weight"":1,""name"":""Monde Legs""},{""weight"":1,""name"":""Monde Helmet""},{""weight"":1,""name"":""Monde Arms Hiro""},{""weight"":1,""name"":""Monde Core Hiro""},{""weight"":1,""name"":""Monde Legs Hiro""},{""weight"":1,""name"":""Monde Helmet Hiro""},{""weight"":1,""name"":""R97 Shotgun Magazine (18 cap)""}]"
f83522ea-bbb5-4d71-ae52-23cde60b2bcf,FTL_Courier_Nyx_Fluorine_Rank0,ENTRY LVL. COURIER NEEDED IN NYX,2a22663d-da4c-4df1-a384-590fef2f2492,BP_REWARDS_FTL,1,complete,48blueprints,"[{""weight"":1,""name"":""Colossus""},{""weight"":1,""name"":""Huracan""},{""weight"":1,""name"":""Agni""},{""weight"":1,""name"":""Defiant""},{""weight"":1,""name"":""Defiant""},{""weight"":1,""name"":""Sedulity""}]"
4a019834-ea53-4350-8ae5-87ee244669ba,FTL_Courier_Nyx_MicroSatellite_Rank0,ENTRY LVL. COURIER NEEDED IN NYX,2a22663d-da4c-4df1-a384-590fef2f2492,BP_REWARDS_FTL,1,complete,48blueprints,"[{""weight"":1,""name"":""Colossus""},{""weight"":1,""name"":""Huracan""},{""weight"":1,""name"":""Agni""},{""weight"":1,""name"":""Defiant""},{""weight"":1,""name"":""Defiant""},{""weight"":1,""name"":""Sedulity""}]"
cf82c072-3c49-4b31-a9f5-009a398ab203,FTL_Courier_Stanton_AmmoCrate_Rank0,ENTRY LVL. COURIER NEEDED IN STANTON,2a22663d-da4c-4df1-a384-590fef2f2492,BP_REWARDS_FTL,1,complete,48blueprints,"[{""weight"":1,""name"":""Colossus""},{""weight"":1,""name"":""Huracan""},{""weight"":1,""name"":""Agni""},{""weight"":1,""name"":""Defiant""},{""weight"":1,""name"":""Defiant""},{""weight"":1,""name"":""Sedulity""}]"
8419c7de-5b76-4e15-af19-6e1e54f13989,FTL_Courier_Stanton_Food_Rank0,ENTRY LVL. COURIER NEEDED IN STANTON,2a22663d-da4c-4df1-a384-590fef2f2492,BP_REWARDS_FTL,1,complete,48blueprints,"[{""weight"":1,""name"":""Colossus""},{""weight"":1,""name"":""Huracan""},{""weight"":1,""name"":""Agni""},{""weight"":1,""name"":""Defiant""},{""weight"":1,""name"":""Defiant""},{""weight"":1,""name"":""Sedulity""}]"
04571ad9-f3e2-454a-9cf5-62f6c6089675,FTL_Courier_Stanton_LocalDC_Any_Rank0,ENTRY LVL. COURIER NEEDED IN STANTON,2a22663d-da4c-4df1-a384-590fef2f2492,BP_REWARDS_FTL,1,complete,48blueprints,"[{""weight"":1,""name"":""Colossus""},{""weight"":1,""name"":""Huracan""},{""weight"":1,""name"":""Agni""},{""weight"":1,""name"":""Defiant""},{""weight"":1,""name"":""Defiant""},{""weight"":1,""name"":""Sedulity""}]"
04eabfdd-ab02-43d9-864d-1d5163e870e5,CFP_Pyro_RegionD_HHXSOutpost_Sabotage-EliminateSpecific,Eradicate All Traces of Headhunter Data,16948a53-7be2-4869-9b21-3af06e99f8b7,BP_MISSIONREWARD_CitizensForProsperityDestroyItems_CD,1,complete,blueprintmissionpools,"[{""weight"":1,""name"":""P6-LR Sniper Rifle""},{""weight"":1,""name"":""A03 Sniper Rifle""},{""weight"":1,""name"":""CBH-3 Helmet Base""},{""weight"":1,""name"":""PAB-1 Arms""},{""weight"":1,""name"":""PAB-1 Core""},{""weight"":1,""name"":""PAB-1 Legs""},{""weight"":1,""name"":""TrueDef-Pro Arms""},{""weight"":1,""name"":""TrueDef-Pro Core Base""},{""weight"":1,""name"":""Argus Helmet""},{""weight"":1,""name"":""TrueDef-Pro Legs""},{""weight"":1,""name"":""A03 Sniper Rifle Magazine (15 cap)""},{""weight"":1,""name"":""P6-LR Magazine (8 cap)""}]"
e9e78a81-40cb-4b48-a248-adc9edae977e,EckhartSecurity_EscortShips_Nyx_Easy,Executive Protection Detail,7d0ecc93-a6e0-4096-acdc-dcc7969e6b96,BP_REWARDS_EckhartSecurityEscortShipsEasy,1,complete,48blueprints,"[{""weight"":1,""name"":""Shimmer""},{""weight"":1,""name"":""Obscura""},{""weight"":1,""name"":""M3A Cannon""},{""weight"":1,""name"":""M4A Cannon""},{""weight"":1,""name"":""M5A Cannon""}]"
80d87b95-635f-426e-87fd-02038f115e61,EckhartSecurity_EscortShips_Nyx_Medium,Experienced Protection Detail Needed,65744944-bca2-4467-aa8e-9a948b13a6b0,BP_REWARDS_EckhartSecurityEscortShipsMed,1,complete,48blueprints,"[{""weight"":1,""name"":""Veil""},{""weight"":1,""name"":""Sheut""},{""weight"":1,""name"":""Suckerpunch Cannon""},{""weight"":1,""name"":""Suckerpunch-L Cannon""},{""weight"":1,""name"":""Suckerpunch-XL Cannon""}]"
80d87b95-635f-426e-87fd-02038f115e61,EckhartSecurity_EscortShips_Nyx_Medium,Experienced Protection Detail Needed,7d0ecc93-a6e0-4096-acdc-dcc7969e6b96,BP_REWARDS_EckhartSecurityEscortShipsEasy,1,complete,48blueprints,"[{""weight"":1,""name"":""Shimmer""},{""weight"":1,""name"":""Obscura""},{""weight"":1,""name"":""M3A Cannon""},{""weight"":1,""name"":""M4A Cannon""},{""weight"":1,""name"":""M5A Cannon""}]"
d4d26850-d4f4-4549-a0af-a478ee0be480,TheCollector_Vehicle_L22_Wolf,Extra Special Wolf,41371e2a-09d2-4eb6-b046-69e2ce34521d,BP_REWARD_CollectorMaterial_001,1,accept,collectorwikelo,"[{""weight"":1,""name"":""Metamaterial Test #146""}]"
a70f7768-8308-4b80-bb19-f9ceb00a4386,Eckhart_Nyx_SRT_MultiDefendShip,Extremely Dangerous Defense,e52bf354-8918-474d-987e-55c01bfecdd3,BP_MISSIONREWARD_RDC_Generic,1,complete,blueprintmissionpools,"[{""weight"":1,""name"":""R97 Shotgun""},{""weight"":1,""name"":""Monde Arms""},{""weight"":1,""name"":""Monde Core""},{""weight"":1,""name"":""Monde Legs""},{""weight"":1,""name"":""Monde Helmet""},{""weight"":1,""name"":""Monde Arms Hiro""},{""weight"":1,""name"":""Monde Core Hiro""},{""weight"":1,""name"":""Monde Legs Hiro""},{""weight"":1,""name"":""Monde Helmet Hiro""},{""weight"":1,""name"":""R97 Shotgun Magazine (18 cap)""}]"
6992076b-a400-4444-a0f5-5752eb459dd5,DeadSaints_RecoverItem_Nyx_Etam_1Box,Getting Our Gear Back,1e31d7e8-3033-4c98-a477-c474810d48c1,BP_MISSIONREWARD_RDC_Exclusive,1,complete,blueprintmissionpools,"[{""weight"":1,""name"":""R97 \""Kismet\"" Shotgun""},{""weight"":1,""name"":""R97 \""Righteous\"" Shotgun""},{""weight"":1,""name"":""Monde Arms Delta Camo""},{""weight"":1,""name"":""Monde Legs Delta Camo""},{""weight"":1,""name"":""Monde Core Delta Camo""},{""weight"":1,""name"":""Monde Helmet Delta Camo""},{""weight"":1,""name"":""Monde Helmet Hemlock Camo""},{""weight"":1,""name"":""Monde Legs Hemlock Camo""},{""weight"":1,""name"":""Monde Core Hemlock Camo""},{""weight"":1,""name"":""Monde Arms Hemlock Camo""},{""weight"":1,""name"":""R97 Shotgun Magazine (18 cap)""}]"
00bd1ecc-c6df-4a7c-accf-3483eb0ee469,BitZeros_BlackBoxRecovery_Nyx_Easy,Getting To the Bottom of It,4937f5e9-f42e-4d8a-a6c4-96517028c548,BP_MISSIONREWARD_BitZeros_BlackBoxRecovery,1,complete,blueprintmissionpools,"[{""weight"":1,""name"":""Lumin V SMG""},{""weight"":1,""name"":""Arrowhead Sniper Rifle""},{""weight"":1,""name"":""Aves Arms""},{""weight"":1,""name"":""Aves Core""},{""weight"":1,""name"":""Aves Legs""},{""weight"":1,""name"":""Aves Helmet""},{""weight"":1,""name"":""Aves Shrike Core""},{""weight"":1,""name"":""Aves Shrike Arms""},{""weight"":1,""name"":""Aves Shrike Legs""},{""weight"":1,""name"":""Aves Shrike Helmet""},{""weight"":1,""name"":""Lumin V SMG Battery (45 cap)""},{""weight"":1,""name"":""Arrowhead Sniper Rifle Battery (16 cap)""}]"
5c2ef7a2-8b4f-457f-b3df-55663e7d567d,BitZeros_BlackBoxRecovery_Stanton_Easy,Getting To the Bottom of It,4937f5e9-f42e-4d8a-a6c4-96517028c548,BP_MISSIONREWARD_BitZeros_BlackBoxRecovery,1,complete,blueprintmissionpools,"[{""weight"":1,""name"":""Lumin V SMG""},{""weight"":1,""name"":""Arrowhead Sniper Rifle""},{""weight"":1,""name"":""Aves Arms""},{""weight"":1,""name"":""Aves Core""},{""weight"":1,""name"":""Aves Legs""},{""weight"":1,""name"":""Aves Helmet""},{""weight"":1,""name"":""Aves Shrike Core""},{""weight"":1,""name"":""Aves Shrike Arms""},{""weight"":1,""name"":""Aves Shrike Legs""},{""weight"":1,""name"":""Aves Shrike Helmet""},{""weight"":1,""name"":""Lumin V SMG Battery (45 cap)""},{""weight"":1,""name"":""Arrowhead Sniper Rifle Battery (16 cap)""}]"
c296798f-b311-4c0a-9dff-f25c8fa2d337,HH_Pyro_RegionA_ERT_XenoThreat_KillShip,Ghost some XenoTrash,0e810eae-7b66-45aa-a18f-ffc1aae15585,BP_REWARDS_HeadHuntersMercenaryShipRegionA,1,complete,48blueprints,"[{""weight"":1,""name"":""9-Series Longsword Cannon""},{""weight"":1,""name"":""10-Series Greatsword Cannon""},{""weight"":1,""name"":""11-Series Broadsword Cannon""},{""weight"":1,""name"":""Sledge I Mass Driver Cannon""},{""weight"":1,""name"":""Strife Mass Driver Cannon""},{""weight"":1,""name"":""Sledge II Mass Driver Cannon""},{""weight"":1,""name"":""Sledge III Mass Driver Cannon""}]"
ddade8ae-7198-477d-82c6-07e679ffbb65,HH_Pyro_RegionB_ERT_XenoThreat_KillShip,Ghost some XenoTrash,4b340951-c7f6-49af-bcc7-9fadcecf6c8c,BP_REWARDS_HeadHuntersMercenaryShipRegionB,1,complete,48blueprints,"[{""weight"":1,""name"":""HeatSafe""},{""weight"":1,""name"":""Cryo-Star SL""},{""weight"":1,""name"":""Dominance-1 Scattergun""},{""weight"":1,""name"":""Dominance-2 Scattergun""},{""weight"":1,""name"":""Dominance-3 Scattergun""}]"
526597b2-adad-4807-9b82-d56ccce3412f,HH_Pyro_RegionC_ERT_XenoThreat_KillShip,Ghost some XenoTrash,de417e15-2936-497a-8f90-7a52eb2eb12a,BP_REWARDS_HeadHuntersMercenaryShipRegionC,1,complete,48blueprints,"[{""weight"":1,""name"":""VaporBlock""},{""weight"":1,""name"":""Cryo-Star SL""},{""weight"":1,""name"":""NN-13 Cannon""},{""weight"":1,""name"":""NN-14 Cannon""},{""weight"":1,""name"":""NN-15 Cannon""}]"
bc1e5f05-8746-4887-8630-e33fdf73a2b9,HH_Pyro_RegionD_ERT_XenoThreat_KillShip,Ghost some XenoTrash,14ac943a-df05-4bd8-9596-b268d7e7748b,BP_REWARDS_HeadHuntersMercenaryShipRegionD,1,complete,48blueprints,"[{""weight"":1,""name"":""SnowBlind""},{""weight"":1,""name"":""Cryo-Star SL""},{""weight"":1,""name"":""M6A Cannon""},{""weight"":1,""name"":""M7A Cannon""},{""weight"":1,""name"":""M8A Cannon""},{""weight"":1,""name"":""Singe Cannon (S1)""},{""weight"":1,""name"":""Singe Cannon (S2)""},{""weight"":1,""name"":""Singe Cannon (S3)""}]"
a45b3499-7f96-49a3-a909-717279e8bfa0,HH_Pyro_RegionD_XTXSOutposts_ChainEliminateAll,Go on the warpath,d10c81ec-fc38-4f3e-bb2d-ccea0d10c889,BP_MISSIONREWARD_HeadHunters_MercenaryFPS_EliminateALL_RegionCD,1,complete,blueprintmissionpools,"[{""weight"":1,""name"":""Yubarev Pistol""},{""weight"":1,""name"":""Yubarev \""Mirage\"" Pistol""},{""weight"":1,""name"":""Yubarev \""Igniter\"" Pistol""},{""weight"":1,""name"":""DustUp Arms Tactical""},{""weight"":1,""name"":""DustUp Core Tactical""},{""weight"":1,""name"":""DustUp Legs Tactical""},{""weight"":1,""name"":""DustUp Helmet Tactical""},{""weight"":1,""name"":""Yubarev Pistol Battery (10 cap)""}]"
7cc2b1b0-3fce-49c2-bb55-876f96a99950,HH_Pyro_RegionD_HHXSOutpost_EliminateAll,Green light on [LOCATION],d10c81ec-fc38-4f3e-bb2d-ccea0d10c889,BP_MISSIONREWARD_HeadHunters_MercenaryFPS_EliminateALL_RegionCD,1,complete,blueprintmissionpools,"[{""weight"":1,""name"":""Yubarev Pistol""},{""weight"":1,""name"":""Yubarev \""Mirage\"" Pistol""},{""weight"":1,""name"":""Yubarev \""Igniter\"" Pistol""},{""weight"":1,""name"":""DustUp Arms Tactical""},{""weight"":1,""name"":""DustUp Core Tactical""},{""weight"":1,""name"":""DustUp Legs Tactical""},{""weight"":1,""name"":""DustUp Helmet Tactical""},{""weight"":1,""name"":""Yubarev Pistol Battery (10 cap)""}]"
4bd43a77-1ac6-4fa4-8f51-a92ef1f4f607,HH_Pyro_RegionA_VH_LastDitch_EliminateSpecific,Green light on [TARGET],f05fa898-1580-4ce3-95e2-8f5c4a1d1891,BP_MISSIONREWARD_HeadHunters_MercenaryFPS_EliminateSpecific_RegionAB,1,complete,blueprintmissionpools,"[{""weight"":1,""name"":""Scalpel Sniper Rifle""},{""weight"":1,""name"":""Coda Pistol""},{""weight"":1,""name"":""Coda \""Nighthawk\"" Pistol""},{""weight"":1,""name"":""Coda \""Big Boss\"" Pistol""},{""weight"":1,""name"":""Morozov-SH Arms""},{""weight"":1,""name"":""Morozov-SH Core""},{""weight"":1,""name"":""Morozov-SH Legs""},{""weight"":1,""name"":""Morozov-SH Helmet""},{""weight"":1,""name"":""Scalpel Sniper Rifle Magazine (12 cap)""},{""weight"":1,""name"":""Coda Pistol Magazine (6 cap)""}]"
a43e965f-7feb-4380-b74e-00d88a726b17,HeadHunters_DefendEntitiesAndEscort_Nyx_Super,Guard [LOCATION] From Rivals,ed0b8aaa-eec6-4c72-b9e7-b0b48ab5e135,BP_REWARDS_NyxHeadhuntersEasy,1,complete,48blueprints,"[{""weight"":1,""name"":""Cryo-Star SL""},{""weight"":1,""name"":""Winter-Star SL""},{""weight"":1,""name"":""Kelvid""},{""weight"":1,""name"":""Cryo-Star""},{""weight"":1,""name"":""Winter-Star""},{""weight"":1,""name"":""BlastChill""},{""weight"":1,""name"":""FlashFreeze""},{""weight"":1,""name"":""Endo""},{""weight"":1,""name"":""Cryo-Star EX""},{""weight"":1,""name"":""Winter-Star EX""},{""weight"":1,""name"":""FullFrost""},{""weight"":1,""name"":""WhiteOut""},{""weight"":1,""name"":""Taiga""},{""weight"":1,""name"":""Cryo-Star XL""},{""weight"":1,""name"":""Winter-Star XL""},{""weight"":1,""name"":""ColdSurge""},{""weight"":1,""name"":""FrostBite""}]"
a43e965f-7feb-4380-b74e-00d88a726b17,HeadHunters_DefendEntitiesAndEscort_Nyx_Super,Guard [LOCATION] From Rivals,3373506b-2ba7-4493-af0d-f336966d1151,BP_REWARDS_NyxHeadhuntersHard,1,complete,48blueprints,"[{""weight"":1,""name"":""Tarantula GT-870 Mark 1 Cannon""},{""weight"":1,""name"":""Tarantula GT-870 Mark 2 Cannon""},{""weight"":1,""name"":""Tarantula GT-870 Mark 3 Cannon""},{""weight"":1,""name"":""YellowJacket GT-210 Gatling""},{""weight"":1,""name"":""Scorpion GT-215 Gatling""},{""weight"":1,""name"":""Mantis GT-220 Gatling""},{""weight"":1,""name"":""V880""}]"
e10ab8fe-a4b4-486c-8666-8712b8f0f789,HeadHunters_DefendEntitiesAndEscort_Pyro_Super,Guard [LOCATION] From Rivals,6b6f3678-9f0e-4188-ae68-f5c1177230be,BP_REWARDS_PyroHeadhuntersEasy,1,complete,48blueprints,"[{""weight"":1,""name"":""DuraJet""},{""weight"":1,""name"":""ZapJet""},{""weight"":1,""name"":""Defiant""},{""weight"":1,""name"":""SparkJet""},{""weight"":1,""name"":""Lotus""},{""weight"":1,""name"":""SparkJet Pro""},{""weight"":1,""name"":""TigerLilly""}]"
e10ab8fe-a4b4-486c-8666-8712b8f0f789,HeadHunters_DefendEntitiesAndEscort_Pyro_Super,Guard [LOCATION] From Rivals,9cc0425d-5101-4f8a-a89d-6d483466829e,BP_REWARDS_PyroHeadhuntersHard,1,complete,48blueprints,"[{""weight"":1,""name"":""AD4B Ballistic Gatling""},{""weight"":1,""name"":""AD5B Ballistic Gatling""},{""weight"":1,""name"":""AD6B Ballistic Gatling""},{""weight"":1,""name"":""V801-11""},{""weight"":1,""name"":""V801-12""}]"
7d1322fd-86bf-498e-b420-23a2a99dc7d9,HeadHunters_DefendEntitiesAndEscort_Stanton_Super,Guard [LOCATION] From Rivals,a2cbf2c1-7691-422b-93ca-e6740f5ab4b6,BP_REWARDS_StantonHeadhuntersEasy,1,complete,48blueprints,"[{""weight"":1,""name"":""PIN""},{""weight"":1,""name"":""5SA 'Rhada'""},{""weight"":1,""name"":""6SA 'Arbiter'""},{""weight"":1,""name"":""HEX""},{""weight"":1,""name"":""WEB""},{""weight"":1,""name"":""5MA 'Chimalli'""},{""weight"":1,""name"":""6MA 'Kozane'""},{""weight"":1,""name"":""BLOC""},{""weight"":1,""name"":""STOP""},{""weight"":1,""name"":""5CA 'Akura'""},{""weight"":1,""name"":""6CA 'Bila'""},{""weight"":1,""name"":""6CA 'Bila'""},{""weight"":1,""name"":""GUARD""}]"
7d1322fd-86bf-498e-b420-23a2a99dc7d9,HeadHunters_DefendEntitiesAndEscort_Stanton_Super,Guard [LOCATION] From Rivals,c5e14209-5994-4394-88df-a98f2d9bd728,BP_REWARDS_StantonHeadhuntersHard,1,complete,48blueprints,"[{""weight"":1,""name"":""SW16BR1 “Buzzsaw” Repeater""},{""weight"":1,""name"":""SW16BR2 “Sawbuck” Repeater""},{""weight"":1,""name"":""SW16BR3 “Shredder” Repeater""},{""weight"":1,""name"":""Vigilance""},{""weight"":1,""name"":""Devoue""},{""weight"":1,""name"":""Tige""}]"
588aadf2-a064-4af2-bdd2-d771b8beca38,InterSec_DefendShip_Nyx_Super,Handle Vanduul Attack on Ship,efacefc7-916b-4cd1-9f03-43053f6ae867,BP_MISSIONREWARD_InterSec_DefendShip,1,complete,blueprintmissionpools,"[{""weight"":1,""name"":""Pulse \""Rouge\"" Pistol""},{""weight"":1,""name"":""Testudo Arms Combustion""},{""weight"":1,""name"":""Testudo Core Combustion""},{""weight"":1,""name"":""Testudo Legs Combustion""},{""weight"":1,""name"":""Testudo Helmet Combustion""},{""weight"":1,""name"":""Pulse Laser Pistol Battery (60 Cap)""},{""weight"":1,""name"":""Testudo Backpack Combustion""}]"
038c0dab-5ca0-4363-a08e-c825a081d880,CFP_Pyro_RegionB_H_CFPOutposts_HH_EliminateAll,Headhunter attack on [LOCATION],633d4069-c160-43d2-892d-2d8222261c20,BP_MISSIONREWARD_CFP_Outpost_RegionAB,1,complete,blueprintmissionpools,"[{""weight"":1,""name"":""Karna Rifle""},{""weight"":1,""name"":""Artimex Arms""},{""weight"":1,""name"":""Artimex Core""},{""weight"":1,""name"":""Artimex Legs""},{""weight"":1,""name"":""Artimex Helmet""},{""weight"":1,""name"":""Karna Rifle Battery (35 cap)""}]"
023240d7-1f35-41dd-ae2b-9ee5097a6798,CFP_Pyro_RegionB_M_ChainElimAll_1Cluster_HHAttack,Help defend [LOCATION] from Headhunters,6a166ec8-afd6-4e50-82aa-8b7533f82b41,BP_MISSIONREWARD_CFP_ChainElim_3,1,complete,blueprintmissionpools,"[{""weight"":1,""name"":""Karna \""Fate\"" Rifle""},{""weight"":1,""name"":""Artimex Core (Modified)""},{""weight"":1,""name"":""Artimex Arms (Modified)""},{""weight"":1,""name"":""Karna Rifle Battery (35 cap)""}]"
bfc725de-6d4f-4b00-940e-3b96028aae58,FoxwellEnforcement_EliminateAll_WithHelp,Help Protect Site,5b74b911-ef2e-4bcd-8767-84abdc6bf6f9,BP_MISSIONREWARD_FoxwellEnforcement_Generator,1,complete,blueprintmissionpools,"[{""weight"":1,""name"":""Antium Helmet Jet""},{""weight"":1,""name"":""Antium Core Maroon""},{""weight"":1,""name"":""Antium Legs Maroon""},{""weight"":1,""name"":""Antium Helmet Maroon""},{""weight"":1,""name"":""Antium Helmet Moss Camo""},{""weight"":1,""name"":""Antium Arms Moss Camo""},{""weight"":1,""name"":""Antium Core Moss Camo""},{""weight"":1,""name"":""Antium Legs Moss Camo""}]"
0b4c6e81-838a-4e0a-8ecd-7f2893095a8d,EckhartSecurity_DC_Stanton4_S4Compex-A_Storage_EliminateBoss,High-Risk Bounty: [TARGET],7d65ed76-f824-430a-8597-045b6b759dfb,BP_REWARDS_EckhartSecurityKillNPCBoss,1,complete,48blueprints,"[{""weight"":1,""name"":""Fierell Cascade""},{""weight"":1,""name"":""UltraFlux""},{""weight"":1,""name"":""MegaFlux""},{""weight"":1,""name"":""C-788 Cannon""},{""weight"":1,""name"":""Tigerstrike T-19P""},{""weight"":1,""name"":""Revenant Gatling""},{""weight"":1,""name"":""Draugar Gatling""}]"
6932a99c-6b2d-4144-b872-2a0222469a1c,Eckhart_Nyx_HRT_MultiDefendShip,High-Risk Ship Encounter,e52bf354-8918-474d-987e-55c01bfecdd3,BP_MISSIONREWARD_RDC_Generic,1,complete,blueprintmissionpools,"[{""weight"":1,""name"":""R97 Shotgun""},{""weight"":1,""name"":""Monde Arms""},{""weight"":1,""name"":""Monde Core""},{""weight"":1,""name"":""Monde Legs""},{""weight"":1,""name"":""Monde Helmet""},{""weight"":1,""name"":""Monde Arms Hiro""},{""weight"":1,""name"":""Monde Core Hiro""},{""weight"":1,""name"":""Monde Legs Hiro""},{""weight"":1,""name"":""Monde Helmet Hiro""},{""weight"":1,""name"":""R97 Shotgun Magazine (18 cap)""}]"
af1a800c-33eb-4f99-a8b0-377148e7795f,EckhartSecurity_ShipAmbush_Nyx_Super,Highly Dangerous Ambush,02642d19-8a53-481c-ab3e-f57a7f0dd7c7,BP_REWARDS_EckhartSecurityShipAmbushEasy,1,complete,48blueprints,"[{""weight"":1,""name"":""SonicLite""},{""weight"":1,""name"":""Cirrus""},{""weight"":1,""name"":""Lightstrike I Cannon""},{""weight"":1,""name"":""Lightstrike II Cannon""},{""weight"":1,""name"":""Lightstrike III Cannon""}]"
af1a800c-33eb-4f99-a8b0-377148e7795f,EckhartSecurity_ShipAmbush_Nyx_Super,Highly Dangerous Ambush,c3bc2b3e-b943-4194-911d-f70b66741103,BP_REWARDS_EckhartSecurityShipAmbushMed,1,complete,48blueprints,"[{""weight"":1,""name"":""DeltaMax""},{""weight"":1,""name"":""GammaMax""},{""weight"":1,""name"":""FL-11 Cannon""},{""weight"":1,""name"":""FL-22 Cannon""},{""weight"":1,""name"":""FL-33 Cannon""}]"
af1a800c-33eb-4f99-a8b0-377148e7795f,EckhartSecurity_ShipAmbush_Nyx_Super,Highly Dangerous Ambush,125d96b9-5255-4443-b825-26c69064f08d,BP_REWARDS_EckhartSecurityShipAmbushHardPlus,1,complete,48blueprints,"[{""weight"":1,""name"":""Slipstream""},{""weight"":1,""name"":""Eclipse""},{""weight"":1,""name"":""Lightstrike IV Cannon""},{""weight"":1,""name"":""Lightstrike V Cannon""},{""weight"":1,""name"":""Lightstrike VI Cannon""}]"
982d51e3-4ffc-4f4a-b32f-0ab8749515d8,HH_Pyro_RegionB_VH_ChainElimAll_3Cluster_ElimSpec_AttackCFP,Hit a CFP Complex,e9947de1-6160-4d62-a319-2f4693140c88,BP_MISSIONREWARD_HeadHunters_MercenaryFPS_EliminateALL_RegionAB,1,complete,blueprintmissionpools,"[{""weight"":1,""name"":""Atzkav Sniper Rifle""},{""weight"":1,""name"":""Atzkav \""Igniter\"" Sniper Rifle""},{""weight"":1,""name"":""Atzkav \""Mirage\"" Sniper Rifle""},{""weight"":1,""name"":""Calico Arms Tactical""},{""weight"":1,""name"":""Calico Core Tactical""},{""weight"":1,""name"":""Calico Legs Tactical""},{""weight"":1,""name"":""Calico Helmet Tactical""},{""weight"":1,""name"":""Atzkav Sniper Rifle Battery (8 cap)""}]"
6d0aaf2f-eace-4827-ad28-7a3c68454780,HH_Pyro_RegionA_MRT_CitizensForProsperity_KillShip,Hit a CFP Ship,0e810eae-7b66-45aa-a18f-ffc1aae15585,BP_REWARDS_HeadHuntersMercenaryShipRegionA,1,complete,48blueprints,"[{""weight"":1,""name"":""9-Series Longsword Cannon""},{""weight"":1,""name"":""10-Series Greatsword Cannon""},{""weight"":1,""name"":""11-Series Broadsword Cannon""},{""weight"":1,""name"":""Sledge I Mass Driver Cannon""},{""weight"":1,""name"":""Strife Mass Driver Cannon""},{""weight"":1,""name"":""Sledge II Mass Driver Cannon""},{""weight"":1,""name"":""Sledge III Mass Driver Cannon""}]"
f3b897c1-9103-43e5-9dec-3771b6edc148,HH_Pyro_RegionB_MRT_CitizensForProsperity_KillShip,Hit a CFP Ship,4b340951-c7f6-49af-bcc7-9fadcecf6c8c,BP_REWARDS_HeadHuntersMercenaryShipRegionB,1,complete,48blueprints,"[{""weight"":1,""name"":""HeatSafe""},{""weight"":1,""name"":""Cryo-Star SL""},{""weight"":1,""name"":""Dominance-1 Scattergun""},{""weight"":1,""name"":""Dominance-2 Scattergun""},{""weight"":1,""name"":""Dominance-3 Scattergun""}]"
4cb2a9b5-388a-47db-8568-8e37676aa288,HH_Pyro_RegionC_MRT_CitizensForProsperity_KillShip,Hit a CFP Ship,de417e15-2936-497a-8f90-7a52eb2eb12a,BP_REWARDS_HeadHuntersMercenaryShipRegionC,1,complete,48blueprints,"[{""weight"":1,""name"":""VaporBlock""},{""weight"":1,""name"":""Cryo-Star SL""},{""weight"":1,""name"":""NN-13 Cannon""},{""weight"":1,""name"":""NN-14 Cannon""},{""weight"":1,""name"":""NN-15 Cannon""}]"
f21844db-4cda-4ee5-bbdd-3fb2e80178d4,HH_Pyro_RegionD_MRT_CitizensForProsperity_KillShip,Hit a CFP Ship,14ac943a-df05-4bd8-9596-b268d7e7748b,BP_REWARDS_HeadHuntersMercenaryShipRegionD,1,complete,48blueprints,"[{""weight"":1,""name"":""SnowBlind""},{""weight"":1,""name"":""Cryo-Star SL""},{""weight"":1,""name"":""M6A Cannon""},{""weight"":1,""name"":""M7A Cannon""},{""weight"":1,""name"":""M8A Cannon""},{""weight"":1,""name"":""Singe Cannon (S1)""},{""weight"":1,""name"":""Singe Cannon (S2)""},{""weight"":1,""name"":""Singe Cannon (S3)""}]"
3b67f62d-a690-4ae8-a337-bab7aa486211,HH_Pyro_RegionA_VH_3AsteroidBase_XenoThreat_MultiEliminateAll_Boss,Hit on XenoThreat command,e9947de1-6160-4d62-a319-2f4693140c88,BP_MISSIONREWARD_HeadHunters_MercenaryFPS_EliminateALL_RegionAB,1,complete,blueprintmissionpools,"[{""weight"":1,""name"":""Atzkav Sniper Rifle""},{""weight"":1,""name"":""Atzkav \""Igniter\"" Sniper Rifle""},{""weight"":1,""name"":""Atzkav \""Mirage\"" Sniper Rifle""},{""weight"":1,""name"":""Calico Arms Tactical""},{""weight"":1,""name"":""Calico Core Tactical""},{""weight"":1,""name"":""Calico Legs Tactical""},{""weight"":1,""name"":""Calico Helmet Tactical""},{""weight"":1,""name"":""Atzkav Sniper Rifle Battery (8 cap)""}]"
d15502ef-9f95-44f2-9a74-608a0eab401a,HH_Pyro_RegionC_VH_3AsteroidBase_XenoThreat_MultiEliminateAll_Boss,Hit on XenoThreat command,d10c81ec-fc38-4f3e-bb2d-ccea0d10c889,BP_MISSIONREWARD_HeadHunters_MercenaryFPS_EliminateALL_RegionCD,1,complete,blueprintmissionpools,"[{""weight"":1,""name"":""Yubarev Pistol""},{""weight"":1,""name"":""Yubarev \""Mirage\"" Pistol""},{""weight"":1,""name"":""Yubarev \""Igniter\"" Pistol""},{""weight"":1,""name"":""DustUp Arms Tactical""},{""weight"":1,""name"":""DustUp Core Tactical""},{""weight"":1,""name"":""DustUp Legs Tactical""},{""weight"":1,""name"":""DustUp Helmet Tactical""},{""weight"":1,""name"":""Yubarev Pistol Battery (10 cap)""}]"
cdea5768-6bb8-43a5-b613-84dc9be80bbc,HH_Pyro_RegionB_H_XTXSOutposts_EliminateAll,Hit XenoThreat at [LOCATION],e9947de1-6160-4d62-a319-2f4693140c88,BP_MISSIONREWARD_HeadHunters_MercenaryFPS_EliminateALL_RegionAB,1,complete,blueprintmissionpools,"[{""weight"":1,""name"":""Atzkav Sniper Rifle""},{""weight"":1,""name"":""Atzkav \""Igniter\"" Sniper Rifle""},{""weight"":1,""name"":""Atzkav \""Mirage\"" Sniper Rifle""},{""weight"":1,""name"":""Calico Arms Tactical""},{""weight"":1,""name"":""Calico Core Tactical""},{""weight"":1,""name"":""Calico Legs Tactical""},{""weight"":1,""name"":""Calico Helmet Tactical""},{""weight"":1,""name"":""Atzkav Sniper Rifle Battery (8 cap)""}]"
2a2e6539-e536-4622-9cbc-d000a4bff8a3,HH_Pyro_RegionB_E_CFPXSOutposts_EliminateAll,Hitting a CFP site,e9947de1-6160-4d62-a319-2f4693140c88,BP_MISSIONREWARD_HeadHunters_MercenaryFPS_EliminateALL_RegionAB,1,complete,blueprintmissionpools,"[{""weight"":1,""name"":""Atzkav Sniper Rifle""},{""weight"":1,""name"":""Atzkav \""Igniter\"" Sniper Rifle""},{""weight"":1,""name"":""Atzkav \""Mirage\"" Sniper Rifle""},{""weight"":1,""name"":""Calico Arms Tactical""},{""weight"":1,""name"":""Calico Core Tactical""},{""weight"":1,""name"":""Calico Legs Tactical""},{""weight"":1,""name"":""Calico Helmet Tactical""},{""weight"":1,""name"":""Atzkav Sniper Rifle Battery (8 cap)""}]"
dd2e2360-d42b-4459-bf8f-21beb7faf0c6,CFP_Pyro_Easy_RecoverCargo,Intercepted Supply Run,6ba44ab4-9681-4bbf-9fd6-475da08bafd5,BP_MISSIONREWARD_CitizensForProsperityRecoverCargo_Pyro,1,complete,blueprintmissionpools,"[{""weight"":1,""name"":""P8-SC SMG""},{""weight"":1,""name"":""C54 SMG""},{""weight"":1,""name"":""S71 Rifle""},{""weight"":1,""name"":""ORC-mkX Arms Woodland""},{""weight"":1,""name"":""ORC-mkX Legs Woodland""},{""weight"":1,""name"":""ORC-mkX Core Woodland""},{""weight"":1,""name"":""ORC-mkX Helmet Woodland""},{""weight"":1,""name"":""ORC-mkV Arms""},{""weight"":1,""name"":""ORC-mkV Legs""},{""weight"":1,""name"":""ORC-mkV Core""},{""weight"":1,""name"":""G-2 Helmet Woodland""},{""weight"":1,""name"":""P8-SC SMG Magazine (45 cap)""},{""weight"":1,""name"":""C54 SMG Magazine (50 cap)""},{""weight"":1,""name"":""S71 Rifle Magazine (30 cap)""}]"
bbb52b26-4a27-4afa-aac5-9299fde95dbf,Hockrow_FacilityDelve_P3MM_Repeat,Jorrit Dossier: Project Hyperion,903fb48b-ea72-48c0-b6d1-ece7c7f1e2f3,BP_MISSIONREWARD_ASD3,1,complete,blueprintmissionpools,"[{""weight"":1,""name"":""Zenith \""Darkwave\"" Laser Sniper Rifle""},{""weight"":1,""name"":""Fresnel \""Molten\"" Energy LMG""},{""weight"":1,""name"":""Geist Armor Arms ASD Edition""},{""weight"":1,""name"":""Geist Armor Core ASD Edition""},{""weight"":1,""name"":""Geist Armor Legs ASD Edition""},{""weight"":1,""name"":""Geist Armor Helmet ASD Edition""},{""weight"":1,""name"":""Zenith Laser Sniper Rifle Battery (22 Cap)""}]"
bbb52b26-4a27-4afa-aac5-9299fde95dbf,Hockrow_FacilityDelve_P3MM_Repeat,Jorrit Dossier: Project Hyperion,9b457916-07e2-49bd-b4c0-52ac963508c9,BP_REWARDS_ASD3Vgear,1,complete,48blueprints,"[{""weight"":1,""name"":""DynaFlux""},{""weight"":1,""name"":""Bolide""},{""weight"":1,""name"":""Fulgur""}]"
3d0693fd-b4e4-4dc8-a42d-7e9acff7fd42,Hockrow_FacilityDelve_P2M1-Stanton4_Repeat,Jorrit Dossier: Updated Energy Anomaly Data,5d78a8d6-6911-4eda-97b6-9e315025147d,BP_MISSIONREWARD_ASD2A,1,complete,blueprintmissionpools,"[{""weight"":1,""name"":""Fresnel Energy LMG""},{""weight"":1,""name"":""Zenith Laser Sniper Rifle""},{""weight"":1,""name"":""Geist Armor Arms Forest""},{""weight"":1,""name"":""Geist Armor Core Forest""},{""weight"":1,""name"":""Geist Armor Legs Forest""},{""weight"":1,""name"":""Geist Armor Helmet Forest""},{""weight"":1,""name"":""Corbel Arms Mire""},{""weight"":1,""name"":""Corbel Core Mire""},{""weight"":1,""name"":""Corbel Legs Mire""},{""weight"":1,""name"":""Corbel Helmet Mire""},{""weight"":1,""name"":""Fresnel Energy LMG Battery (165 Cap)""},{""weight"":1,""name"":""Novikov Backpack Mire""}]"
80dd4f7d-b3f4-46dd-ae44-ce679e0705df,Hockrow_FacilityDelve_P2M4-Stanton4_Repeat,Jorrit Dossier: Updated Power Usage Data,e0c72a9a-38be-4850-bc0d-dc4f3ee687c2,BP_MISSIONREWARD_ASD2D,1,complete,blueprintmissionpools,"[{""weight"":1,""name"":""Fresnel \""Icebox\"" Energy LMG""},{""weight"":1,""name"":""Geist Armor Arms Rogue""},{""weight"":1,""name"":""Geist Armor Core Rogue""},{""weight"":1,""name"":""Geist Armor Legs Rogue""},{""weight"":1,""name"":""Geist Armor Helmet Rogue""},{""weight"":1,""name"":""Geist Armor Arms Whiteout""},{""weight"":1,""name"":""Geist Armor Core Whiteout""},{""weight"":1,""name"":""Geist Armor Legs Whiteout""},{""weight"":1,""name"":""Geist Armor Helmet Whiteout""},{""weight"":1,""name"":""Corbel Arms Smolder""},{""weight"":1,""name"":""Corbel Core Smolder""},{""weight"":1,""name"":""Corbel Legs Smolder""},{""weight"":1,""name"":""Corbel Helmet Smolder""},{""weight"":1,""name"":""Fresnel Energy LMG Battery (165 Cap)""},{""weight"":1,""name"":""Novikov Backpack Smolder""}]"
fe6ba414-1375-4442-816e-30c4fe36e6f1,Hockrow_FacilityDelve_P2M2-Stanton4_Repeat,Jorrit Dossier: Updated Security Data,3ebf3bfa-dde3-4782-90f6-b003b5af1877,BP_MISSIONREWARD_ASD2B,1,complete,blueprintmissionpools,"[{""weight"":1,""name"":""Fresnel \""Rockfall\"" Energy LMG""},{""weight"":1,""name"":""Zenith \""Landslide\"" Laser Sniper Rifle""},{""weight"":1,""name"":""Geist Armor Arms""},{""weight"":1,""name"":""Geist Armor Core""},{""weight"":1,""name"":""Geist Armor Legs""},{""weight"":1,""name"":""Geist Armor Helmet""},{""weight"":1,""name"":""Corbel Arms Patina""},{""weight"":1,""name"":""Corbel Core Patina""},{""weight"":1,""name"":""Corbel Legs Patina""},{""weight"":1,""name"":""Corbel Helmet Patina""},{""weight"":1,""name"":""Fresnel Energy LMG Battery (165 Cap)""},{""weight"":1,""name"":""Novikov Backpack Patina""}]"
89376110-728c-40f1-b489-8ef4ff95e4f9,Hockrow_FacilityDelve_P2M3-Stanton4_Repeat,Jorrit Dossier: Updated Seismic Data,a79a915d-5186-4f87-8140-69bca9fc335e,BP_MISSIONREWARD_ASD2C,1,complete,blueprintmissionpools,"[{""weight"":1,""name"":""Zenith \""Thunderstrike\"" Laser Sniper Rifle""},{""weight"":1,""name"":""Geist Armor Helmet Desert""},{""weight"":1,""name"":""Geist Armor Arms Desert""},{""weight"":1,""name"":""Geist Armor Core Desert""},{""weight"":1,""name"":""Geist Armor Legs Desert""},{""weight"":1,""name"":""Geist Armor Arms Whiteout""},{""weight"":1,""name"":""Geist Armor Core Whiteout""},{""weight"":1,""name"":""Geist Armor Legs Whiteout""},{""weight"":1,""name"":""Geist Armor Helmet Whiteout""},{""weight"":1,""name"":""Corbel Arms Halcyon""},{""weight"":1,""name"":""Corbel Core Halcyon""},{""weight"":1,""name"":""Corbel Legs Halcyon""},{""weight"":1,""name"":""Corbel Helmet Halcyon""},{""weight"":1,""name"":""Zenith Laser Sniper Rifle Battery (22 Cap)""},{""weight"":1,""name"":""Novikov Backpack Halcyon""}]"
7d26709b-5460-4c89-af4d-15b4d61a9fbe,FTL_Courier_Stanton_AmmoCrate_Rank1,JR. LVL. COURIER NEEDED IN STANTON,2a22663d-da4c-4df1-a384-590fef2f2492,BP_REWARDS_FTL,1,complete,48blueprints,"[{""weight"":1,""name"":""Colossus""},{""weight"":1,""name"":""Huracan""},{""weight"":1,""name"":""Agni""},{""weight"":1,""name"":""Defiant""},{""weight"":1,""name"":""Defiant""},{""weight"":1,""name"":""Sedulity""}]"
80c3155a-f57c-4d22-8bad-de66ce2b0a60,HeadHunters_DefendEntitiesAndEscort_Nyx_VeryEasy_From,Keep [LOCATION] Safe,ed0b8aaa-eec6-4c72-b9e7-b0b48ab5e135,BP_REWARDS_NyxHeadhuntersEasy,1,complete,48blueprints,"[{""weight"":1,""name"":""Cryo-Star SL""},{""weight"":1,""name"":""Winter-Star SL""},{""weight"":1,""name"":""Kelvid""},{""weight"":1,""name"":""Cryo-Star""},{""weight"":1,""name"":""Winter-Star""},{""weight"":1,""name"":""BlastChill""},{""weight"":1,""name"":""FlashFreeze""},{""weight"":1,""name"":""Endo""},{""weight"":1,""name"":""Cryo-Star EX""},{""weight"":1,""name"":""Winter-Star EX""},{""weight"":1,""name"":""FullFrost""},{""weight"":1,""name"":""WhiteOut""},{""weight"":1,""name"":""Taiga""},{""weight"":1,""name"":""Cryo-Star XL""},{""weight"":1,""name"":""Winter-Star XL""},{""weight"":1,""name"":""ColdSurge""},{""weight"":1,""name"":""FrostBite""}]"
48e5f9e7-a3de-405b-9c0e-a82247398514,HeadHunters_DefendEntitiesAndEscort_Pyro_VeryEasy_From,Keep [LOCATION] Safe,6b6f3678-9f0e-4188-ae68-f5c1177230be,BP_REWARDS_PyroHeadhuntersEasy,1,complete,48blueprints,"[{""weight"":1,""name"":""DuraJet""},{""weight"":1,""name"":""ZapJet""},{""weight"":1,""name"":""Defiant""},{""weight"":1,""name"":""SparkJet""},{""weight"":1,""name"":""Lotus""},{""weight"":1,""name"":""SparkJet Pro""},{""weight"":1,""name"":""TigerLilly""}]"
8d2c0e5b-4474-48a1-aa2e-70718de73309,HeadHunters_DefendEntitiesAndEscort_Stanton_VeryEasy_From,Keep [LOCATION] Safe,a2cbf2c1-7691-422b-93ca-e6740f5ab4b6,BP_REWARDS_StantonHeadhuntersEasy,1,complete,48blueprints,"[{""weight"":1,""name"":""PIN""},{""weight"":1,""name"":""5SA 'Rhada'""},{""weight"":1,""name"":""6SA 'Arbiter'""},{""weight"":1,""name"":""HEX""},{""weight"":1,""name"":""WEB""},{""weight"":1,""name"":""5MA 'Chimalli'""},{""weight"":1,""name"":""6MA 'Kozane'""},{""weight"":1,""name"":""BLOC""},{""weight"":1,""name"":""STOP""},{""weight"":1,""name"":""5CA 'Akura'""},{""weight"":1,""name"":""6CA 'Bila'""},{""weight"":1,""name"":""6CA 'Bila'""},{""weight"":1,""name"":""GUARD""}]"
9aced3fa-2745-48ae-882d-491aa7f2b031,HH_Pyro_RegionA_HRT_CitizensForProsperity_KillShip,Kill Order,0e810eae-7b66-45aa-a18f-ffc1aae15585,BP_REWARDS_HeadHuntersMercenaryShipRegionA,1,complete,48blueprints,"[{""weight"":1,""name"":""9-Series Longsword Cannon""},{""weight"":1,""name"":""10-Series Greatsword Cannon""},{""weight"":1,""name"":""11-Series Broadsword Cannon""},{""weight"":1,""name"":""Sledge I Mass Driver Cannon""},{""weight"":1,""name"":""Strife Mass Driver Cannon""},{""weight"":1,""name"":""Sledge II Mass Driver Cannon""},{""weight"":1,""name"":""Sledge III Mass Driver Cannon""}]"
94151a89-d345-4621-8504-d89f6c5487d6,HH_Pyro_RegionB_HRT_CitizensForProsperity_KillShip,Kill Order,4b340951-c7f6-49af-bcc7-9fadcecf6c8c,BP_REWARDS_HeadHuntersMercenaryShipRegionB,1,complete,48blueprints,"[{""weight"":1,""name"":""HeatSafe""},{""weight"":1,""name"":""Cryo-Star SL""},{""weight"":1,""name"":""Dominance-1 Scattergun""},{""weight"":1,""name"":""Dominance-2 Scattergun""},{""weight"":1,""name"":""Dominance-3 Scattergun""}]"
8b6695f0-37c0-4a3f-ad59-3a310b40c5ea,HH_Pyro_RegionC_HRT_CitizensForProsperity_KillShip,Kill Order,de417e15-2936-497a-8f90-7a52eb2eb12a,BP_REWARDS_HeadHuntersMercenaryShipRegionC,1,complete,48blueprints,"[{""weight"":1,""name"":""VaporBlock""},{""weight"":1,""name"":""Cryo-Star SL""},{""weight"":1,""name"":""NN-13 Cannon""},{""weight"":1,""name"":""NN-14 Cannon""},{""weight"":1,""name"":""NN-15 Cannon""}]"
3d49d036-67ae-4525-a8de-a0573b68dc3f,HH_Pyro_RegionD_HRT_CitizensForProsperity_KillShip,Kill Order,14ac943a-df05-4bd8-9596-b268d7e7748b,BP_REWARDS_HeadHuntersMercenaryShipRegionD,1,complete,48blueprints,"[{""weight"":1,""name"":""SnowBlind""},{""weight"":1,""name"":""Cryo-Star SL""},{""weight"":1,""name"":""M6A Cannon""},{""weight"":1,""name"":""M7A Cannon""},{""weight"":1,""name"":""M8A Cannon""},{""weight"":1,""name"":""Singe Cannon (S1)""},{""weight"":1,""name"":""Singe Cannon (S2)""},{""weight"":1,""name"":""Singe Cannon (S3)""}]"
71ac016c-3b19-439c-aa85-a053ad69b931,HH_Pyro_RegionC_DerelictOutpost_EliminateSpecific,Kill the king,9cf3799c-2347-46a6-bd65-203f8a426f79,BP_MISSIONREWARD_HeadHunters_MercenaryFPS_EliminateSpecific_RegionCD,1,complete,blueprintmissionpools,"[{""weight"":1,""name"":""Devastator Shotgun""},{""weight"":1,""name"":""Devastator \""Warhawk\"" Shotgun""},{""weight"":1,""name"":""Devastator \""Midnight\"" Shotgun""},{""weight"":1,""name"":""Morozov-SH Core Thule""},{""weight"":1,""name"":""Morozov-SH Arms Thule""},{""weight"":1,""name"":""Morozov-SH Legs Thule""},{""weight"":1,""name"":""Morozov-SH Helmet Thule""},{""weight"":1,""name"":""Devastator Shotgun Battery (12 cap)""}]"
9f87be01-d306-4663-9c63-b6f669783b48,FoxwellEnforcement_DestroyNarcotics_Easy,Knock Out New Drug Op,5b74b911-ef2e-4bcd-8767-84abdc6bf6f9,BP_MISSIONREWARD_FoxwellEnforcement_Generator,1,complete,blueprintmissionpools,"[{""weight"":1,""name"":""Antium Helmet Jet""},{""weight"":1,""name"":""Antium Core Maroon""},{""weight"":1,""name"":""Antium Legs Maroon""},{""weight"":1,""name"":""Antium Helmet Maroon""},{""weight"":1,""name"":""Antium Helmet Moss Camo""},{""weight"":1,""name"":""Antium Arms Moss Camo""},{""weight"":1,""name"":""Antium Core Moss Camo""},{""weight"":1,""name"":""Antium Legs Moss Camo""}]"
e85ccd0b-6449-4ffe-9773-c945d57295dc,EckhartSecurity_ShipAmbush_Nyx_Medium,Launch Surprise Attack,02642d19-8a53-481c-ab3e-f57a7f0dd7c7,BP_REWARDS_EckhartSecurityShipAmbushEasy,1,complete,48blueprints,"[{""weight"":1,""name"":""SonicLite""},{""weight"":1,""name"":""Cirrus""},{""weight"":1,""name"":""Lightstrike I Cannon""},{""weight"":1,""name"":""Lightstrike II Cannon""},{""weight"":1,""name"":""Lightstrike III Cannon""}]"
e85ccd0b-6449-4ffe-9773-c945d57295dc,EckhartSecurity_ShipAmbush_Nyx_Medium,Launch Surprise Attack,c3bc2b3e-b943-4194-911d-f70b66741103,BP_REWARDS_EckhartSecurityShipAmbushMed,1,complete,48blueprints,"[{""weight"":1,""name"":""DeltaMax""},{""weight"":1,""name"":""GammaMax""},{""weight"":1,""name"":""FL-11 Cannon""},{""weight"":1,""name"":""FL-22 Cannon""},{""weight"":1,""name"":""FL-33 Cannon""}]"
43a88af1-e644-480f-b0fa-928a61d3941c,BitZeros_BlackBoxRecovery_Nyx_Hard,Legendary Info?,4937f5e9-f42e-4d8a-a6c4-96517028c548,BP_MISSIONREWARD_BitZeros_BlackBoxRecovery,1,complete,blueprintmissionpools,"[{""weight"":1,""name"":""Lumin V SMG""},{""weight"":1,""name"":""Arrowhead Sniper Rifle""},{""weight"":1,""name"":""Aves Arms""},{""weight"":1,""name"":""Aves Core""},{""weight"":1,""name"":""Aves Legs""},{""weight"":1,""name"":""Aves Helmet""},{""weight"":1,""name"":""Aves Shrike Core""},{""weight"":1,""name"":""Aves Shrike Arms""},{""weight"":1,""name"":""Aves Shrike Legs""},{""weight"":1,""name"":""Aves Shrike Helmet""},{""weight"":1,""name"":""Lumin V SMG Battery (45 cap)""},{""weight"":1,""name"":""Arrowhead Sniper Rifle Battery (16 cap)""}]"
7f233479-eb61-460c-b2d1-d855ce64a5d9,BitZeros_BlackBoxRecovery_Stanton_Hard,Legendary Info?,4937f5e9-f42e-4d8a-a6c4-96517028c548,BP_MISSIONREWARD_BitZeros_BlackBoxRecovery,1,complete,blueprintmissionpools,"[{""weight"":1,""name"":""Lumin V SMG""},{""weight"":1,""name"":""Arrowhead Sniper Rifle""},{""weight"":1,""name"":""Aves Arms""},{""weight"":1,""name"":""Aves Core""},{""weight"":1,""name"":""Aves Legs""},{""weight"":1,""name"":""Aves Helmet""},{""weight"":1,""name"":""Aves Shrike Core""},{""weight"":1,""name"":""Aves Shrike Arms""},{""weight"":1,""name"":""Aves Shrike Legs""},{""weight"":1,""name"":""Aves Shrike Helmet""},{""weight"":1,""name"":""Lumin V SMG Battery (45 cap)""},{""weight"":1,""name"":""Arrowhead Sniper Rifle Battery (16 cap)""}]"
44e71db6-73d6-4ca6-83b3-b83496306b63,HaulCargo_AToB_Interstellar_Medium_DistSpri_PartyFav_ElecEq_Souv,Ling Family Rookie Cargo Haul - Medium Scale,8e69e4bd-3b6a-42a0-8b8b-808eede34d29,BP_REWARDS_LingHard,1,complete,48blueprints,"[{""weight"":1,""name"":""Spectre""},{""weight"":1,""name"":""Zephyr""},{""weight"":1,""name"":""Bolt""},{""weight"":1,""name"":""Spicule""},{""weight"":1,""name"":""Guardian""},{""weight"":1,""name"":""Citadel""},{""weight"":1,""name"":""Barbican""}]"
34ba1fc9-c6fd-4505-8dfe-bc7d67509776,HaulCargo_AToB_Interstellar_Small_SunB_GolDMed,Ling Family Rookie Cargo Haul - Small Scale,8e69e4bd-3b6a-42a0-8b8b-808eede34d29,BP_REWARDS_LingHard,1,complete,48blueprints,"[{""weight"":1,""name"":""Spectre""},{""weight"":1,""name"":""Zephyr""},{""weight"":1,""name"":""Bolt""},{""weight"":1,""name"":""Spicule""},{""weight"":1,""name"":""Guardian""},{""weight"":1,""name"":""Citadel""},{""weight"":1,""name"":""Barbican""}]"
45df5785-3b88-409f-80d8-e029c23b35d4,HaulCargo_Multi2ToSingle_Interstellar_Medium_Souv,Ling Family Rookie Cargo Haul - Small Scale,8e69e4bd-3b6a-42a0-8b8b-808eede34d29,BP_REWARDS_LingHard,1,complete,48blueprints,"[{""weight"":1,""name"":""Spectre""},{""weight"":1,""name"":""Zephyr""},{""weight"":1,""name"":""Bolt""},{""weight"":1,""name"":""Spicule""},{""weight"":1,""name"":""Guardian""},{""weight"":1,""name"":""Citadel""},{""weight"":1,""name"":""Barbican""}]"
8f29a2e2-4f34-4a9e-8335-e0b7e4d32f4c,HaulCargo_MultiToSingle_Interstellar_Small_Souv_DistSpri_ProFoo_Stim,Ling Family Rookie Cargo Haul - Small Scale,8e69e4bd-3b6a-42a0-8b8b-808eede34d29,BP_REWARDS_LingHard,1,complete,48blueprints,"[{""weight"":1,""name"":""Spectre""},{""weight"":1,""name"":""Zephyr""},{""weight"":1,""name"":""Bolt""},{""weight"":1,""name"":""Spicule""},{""weight"":1,""name"":""Guardian""},{""weight"":1,""name"":""Citadel""},{""weight"":1,""name"":""Barbican""}]"
a43da254-512c-4f81-9897-fcacde7f5245,HH_Pyro_RegionC_CFPXSOutpost_EliminateAll,Looking for a little revenge,d10c81ec-fc38-4f3e-bb2d-ccea0d10c889,BP_MISSIONREWARD_HeadHunters_MercenaryFPS_EliminateALL_RegionCD,1,complete,blueprintmissionpools,"[{""weight"":1,""name"":""Yubarev Pistol""},{""weight"":1,""name"":""Yubarev \""Mirage\"" Pistol""},{""weight"":1,""name"":""Yubarev \""Igniter\"" Pistol""},{""weight"":1,""name"":""DustUp Arms Tactical""},{""weight"":1,""name"":""DustUp Core Tactical""},{""weight"":1,""name"":""DustUp Legs Tactical""},{""weight"":1,""name"":""DustUp Helmet Tactical""},{""weight"":1,""name"":""Yubarev Pistol Battery (10 cap)""}]"
0e553862-8699-40f6-9ff1-fca8e2fe0662,EckhartSecurity_EscortShips_Nyx_VeryEasy,Low Risk Protection Detail,7d0ecc93-a6e0-4096-acdc-dcc7969e6b96,BP_REWARDS_EckhartSecurityEscortShipsEasy,1,complete,48blueprints,"[{""weight"":1,""name"":""Shimmer""},{""weight"":1,""name"":""Obscura""},{""weight"":1,""name"":""M3A Cannon""},{""weight"":1,""name"":""M4A Cannon""},{""weight"":1,""name"":""M5A Cannon""}]"
f2343763-9573-4c5f-a36e-5b0e5a15c5e3,Shubin_RG_Discovery_FPSMine_Pyro_Rank2_MediumQuantity_Apho_Had,Lrg. Purchase Order: Hand Mined Materials,5e79204c-6d26-4ddb-95c8-6940028e4d89,BP_MISSIONREWARD_Shubin_ResourceGathering_FPSMining_Pyro,1,complete,blueprintmissionpools,"[{""weight"":1,""name"":""Arclight \""Herrero\"" Pistol""},{""weight"":1,""name"":""Arclight \""Desert Shadow\"" Pistol""},{""weight"":1,""name"":""Pembroke Exploration Suit""},{""weight"":1,""name"":""Pembroke Helmet""},{""weight"":1,""name"":""Novikov Exploration Suit""},{""weight"":1,""name"":""Novikov Helmet""},{""weight"":1,""name"":""Arclight Pistol Battery (30 cap)""}]"
f0fec745-1249-42a1-8e65-8b352b07d61e,Shubin_RG_Discovery_FPSMine_Stanton_Rank2_MediumQuantity_Apho,Lrg. Purchase Order: Hand Mined Materials,ebe453ce-10cc-4811-8c68-217c5fecb79e,BP_MISSIONREWARD_Shubin_ResourceGathering_FPSMining_Stanton,1,complete,blueprintmissionpools,"[{""weight"":1,""name"":""Arclight \""Midnight\"" Pistol""},{""weight"":1,""name"":""Strata Arms""},{""weight"":1,""name"":""Strata Core""},{""weight"":1,""name"":""Strata Legs""},{""weight"":1,""name"":""Strata Helmet Shooting Star""},{""weight"":1,""name"":""Arclight Pistol Battery (30 cap)""}]"
01438a02-9c90-46e9-b9de-4d841402b9fe,Shubin_RG_Discovery_FPSMine_Stanton_Rank2_MediumQuantity_Doliv,Lrg. Purchase Order: Hand Mined Materials,ebe453ce-10cc-4811-8c68-217c5fecb79e,BP_MISSIONREWARD_Shubin_ResourceGathering_FPSMining_Stanton,1,complete,blueprintmissionpools,"[{""weight"":1,""name"":""Arclight \""Midnight\"" Pistol""},{""weight"":1,""name"":""Strata Arms""},{""weight"":1,""name"":""Strata Core""},{""weight"":1,""name"":""Strata Legs""},{""weight"":1,""name"":""Strata Helmet Shooting Star""},{""weight"":1,""name"":""Arclight Pistol Battery (30 cap)""}]"
f60cb769-10a7-474d-9158-76ff48020fa5,Shubin_RG_Discovery_FPSMine_Stanton_Rank2_MediumQuantity_Had,Lrg. Purchase Order: Hand Mined Materials,ebe453ce-10cc-4811-8c68-217c5fecb79e,BP_MISSIONREWARD_Shubin_ResourceGathering_FPSMining_Stanton,1,complete,blueprintmissionpools,"[{""weight"":1,""name"":""Arclight \""Midnight\"" Pistol""},{""weight"":1,""name"":""Strata Arms""},{""weight"":1,""name"":""Strata Core""},{""weight"":1,""name"":""Strata Legs""},{""weight"":1,""name"":""Strata Helmet Shooting Star""},{""weight"":1,""name"":""Arclight Pistol Battery (30 cap)""}]"
6071e7e0-2413-45d4-bc66-43e871ab7376,Shubin_RG_Discovery_ShipMining_Nyx_unlawful_Common_Agricium,Lrg. Purchase Order: Ship Mined Ore,c2bd6ae6-c4a1-4fb1-8421-bd2979f39f77,BP_MISSIONREWARD_Shubin_ResourceGathering_ShipMining_PyroNyx,1,complete,blueprintmissionpools,"[{""weight"":1,""name"":""Arclight \""Stormfall\"" Pistol""},{""weight"":1,""name"":""Arclight Pistol""},{""weight"":1,""name"":""Venture Arms""},{""weight"":1,""name"":""Venture Core""},{""weight"":1,""name"":""Venture Legs""},{""weight"":1,""name"":""Horizon Helmet""},{""weight"":1,""name"":""Arclight Pistol Battery (30 cap)""}]"
6071e7e0-2413-45d4-bc66-43e871ab7376,Shubin_RG_Discovery_ShipMining_Nyx_unlawful_Common_Agricium,Lrg. Purchase Order: Ship Mined Ore,32463294-45d5-4e92-a773-dce1f28a2a2b,BP_REWARDS_ShubinRank2to3,1,complete,48blueprints,"[{""weight"":1,""name"":""Pitman Mining Laser""},{""weight"":1,""name"":""Hofstede-S1 Mining Laser""},{""weight"":1,""name"":""Klein-S1 Mining Laser""},{""weight"":1,""name"":""Helix I Mining Laser""},{""weight"":1,""name"":""Impact I Mining Laser""},{""weight"":1,""name"":""Arbor MH1 Mining Laser""},{""weight"":1,""name"":""Lancet MH1 Mining Laser""},{""weight"":1,""name"":""BroadSpec-Go""},{""weight"":1,""name"":""BroadSpec""},{""weight"":1,""name"":""BroadSpec""},{""weight"":1,""name"":""BroadSpec-Max""}]"
41ecd560-82df-4659-b584-2d5636d51a81,Shubin_RG_Discovery_ShipMining_Nyx_unlawful_Common_Beryl,Lrg. Purchase Order: Ship Mined Ore,c2bd6ae6-c4a1-4fb1-8421-bd2979f39f77,BP_MISSIONREWARD_Shubin_ResourceGathering_ShipMining_PyroNyx,1,complete,blueprintmissionpools,"[{""weight"":1,""name"":""Arclight \""Stormfall\"" Pistol""},{""weight"":1,""name"":""Arclight Pistol""},{""weight"":1,""name"":""Venture Arms""},{""weight"":1,""name"":""Venture Core""},{""weight"":1,""name"":""Venture Legs""},{""weight"":1,""name"":""Horizon Helmet""},{""weight"":1,""name"":""Arclight Pistol Battery (30 cap)""}]"
41ecd560-82df-4659-b584-2d5636d51a81,Shubin_RG_Discovery_ShipMining_Nyx_unlawful_Common_Beryl,Lrg. Purchase Order: Ship Mined Ore,32463294-45d5-4e92-a773-dce1f28a2a2b,BP_REWARDS_ShubinRank2to3,1,complete,48blueprints,"[{""weight"":1,""name"":""Pitman Mining Laser""},{""weight"":1,""name"":""Hofstede-S1 Mining Laser""},{""weight"":1,""name"":""Klein-S1 Mining Laser""},{""weight"":1,""name"":""Helix I Mining Laser""},{""weight"":1,""name"":""Impact I Mining Laser""},{""weight"":1,""name"":""Arbor MH1 Mining Laser""},{""weight"":1,""name"":""Lancet MH1 Mining Laser""},{""weight"":1,""name"":""BroadSpec-Go""},{""weight"":1,""name"":""BroadSpec""},{""weight"":1,""name"":""BroadSpec""},{""weight"":1,""name"":""BroadSpec-Max""}]"
990b2c3d-2032-45a0-a19d-302997248791,Shubin_RG_Discovery_ShipMining_Nyx_unlawful_Common_Borase,Lrg. Purchase Order: Ship Mined Ore,c2bd6ae6-c4a1-4fb1-8421-bd2979f39f77,BP_MISSIONREWARD_Shubin_ResourceGathering_ShipMining_PyroNyx,1,complete,blueprintmissionpools,"[{""weight"":1,""name"":""Arclight \""Stormfall\"" Pistol""},{""weight"":1,""name"":""Arclight Pistol""},{""weight"":1,""name"":""Venture Arms""},{""weight"":1,""name"":""Venture Core""},{""weight"":1,""name"":""Venture Legs""},{""weight"":1,""name"":""Horizon Helmet""},{""weight"":1,""name"":""Arclight Pistol Battery (30 cap)""}]"
990b2c3d-2032-45a0-a19d-302997248791,Shubin_RG_Discovery_ShipMining_Nyx_unlawful_Common_Borase,Lrg. Purchase Order: Ship Mined Ore,32463294-45d5-4e92-a773-dce1f28a2a2b,BP_REWARDS_ShubinRank2to3,1,complete,48blueprints,"[{""weight"":1,""name"":""Pitman Mining Laser""},{""weight"":1,""name"":""Hofstede-S1 Mining Laser""},{""weight"":1,""name"":""Klein-S1 Mining Laser""},{""weight"":1,""name"":""Helix I Mining Laser""},{""weight"":1,""name"":""Impact I Mining Laser""},{""weight"":1,""name"":""Arbor MH1 Mining Laser""},{""weight"":1,""name"":""Lancet MH1 Mining Laser""},{""weight"":1,""name"":""BroadSpec-Go""},{""weight"":1,""name"":""BroadSpec""},{""weight"":1,""name"":""BroadSpec""},{""weight"":1,""name"":""BroadSpec-Max""}]"
86133d74-3b18-4347-9497-21916094986d,Shubin_RG_Discovery_ShipMining_Nyx_unlawful_Uncommon_Hephaestanite_Laranite,Lrg. Purchase Order: Ship Mined Ore,c2bd6ae6-c4a1-4fb1-8421-bd2979f39f77,BP_MISSIONREWARD_Shubin_ResourceGathering_ShipMining_PyroNyx,1,complete,blueprintmissionpools,"[{""weight"":1,""name"":""Arclight \""Stormfall\"" Pistol""},{""weight"":1,""name"":""Arclight Pistol""},{""weight"":1,""name"":""Venture Arms""},{""weight"":1,""name"":""Venture Core""},{""weight"":1,""name"":""Venture Legs""},{""weight"":1,""name"":""Horizon Helmet""},{""weight"":1,""name"":""Arclight Pistol Battery (30 cap)""}]"
86133d74-3b18-4347-9497-21916094986d,Shubin_RG_Discovery_ShipMining_Nyx_unlawful_Uncommon_Hephaestanite_Laranite,Lrg. Purchase Order: Ship Mined Ore,32463294-45d5-4e92-a773-dce1f28a2a2b,BP_REWARDS_ShubinRank2to3,1,complete,48blueprints,"[{""weight"":1,""name"":""Pitman Mining Laser""},{""weight"":1,""name"":""Hofstede-S1 Mining Laser""},{""weight"":1,""name"":""Klein-S1 Mining Laser""},{""weight"":1,""name"":""Helix I Mining Laser""},{""weight"":1,""name"":""Impact I Mining Laser""},{""weight"":1,""name"":""Arbor MH1 Mining Laser""},{""weight"":1,""name"":""Lancet MH1 Mining Laser""},{""weight"":1,""name"":""BroadSpec-Go""},{""weight"":1,""name"":""BroadSpec""},{""weight"":1,""name"":""BroadSpec""},{""weight"":1,""name"":""BroadSpec-Max""}]"
efbc2237-6e78-476b-82a5-2375b7a45d85,Shubin_RG_Discovery_ShipMining_Nyx_unlawful_Uncommon_Torite,Lrg. Purchase Order: Ship Mined Ore,c2bd6ae6-c4a1-4fb1-8421-bd2979f39f77,BP_MISSIONREWARD_Shubin_ResourceGathering_ShipMining_PyroNyx,1,complete,blueprintmissionpools,"[{""weight"":1,""name"":""Arclight \""Stormfall\"" Pistol""},{""weight"":1,""name"":""Arclight Pistol""},{""weight"":1,""name"":""Venture Arms""},{""weight"":1,""name"":""Venture Core""},{""weight"":1,""name"":""Venture Legs""},{""weight"":1,""name"":""Horizon Helmet""},{""weight"":1,""name"":""Arclight Pistol Battery (30 cap)""}]"
efbc2237-6e78-476b-82a5-2375b7a45d85,Shubin_RG_Discovery_ShipMining_Nyx_unlawful_Uncommon_Torite,Lrg. Purchase Order: Ship Mined Ore,32463294-45d5-4e92-a773-dce1f28a2a2b,BP_REWARDS_ShubinRank2to3,1,complete,48blueprints,"[{""weight"":1,""name"":""Pitman Mining Laser""},{""weight"":1,""name"":""Hofstede-S1 Mining Laser""},{""weight"":1,""name"":""Klein-S1 Mining Laser""},{""weight"":1,""name"":""Helix I Mining Laser""},{""weight"":1,""name"":""Impact I Mining Laser""},{""weight"":1,""name"":""Arbor MH1 Mining Laser""},{""weight"":1,""name"":""Lancet MH1 Mining Laser""},{""weight"":1,""name"":""BroadSpec-Go""},{""weight"":1,""name"":""BroadSpec""},{""weight"":1,""name"":""BroadSpec""},{""weight"":1,""name"":""BroadSpec-Max""}]"
69cf76d9-3d53-4f6a-8ef0-09e5a9d15739,Shubin_RG_Discovery_ShipMining_Pyro_Aluminum_Copper_Silicon_Tin_Beryl_Agricium_Borase,Lrg. Purchase Order: Ship Mined Ore,c2bd6ae6-c4a1-4fb1-8421-bd2979f39f77,BP_MISSIONREWARD_Shubin_ResourceGathering_ShipMining_PyroNyx,1,complete,blueprintmissionpools,"[{""weight"":1,""name"":""Arclight \""Stormfall\"" Pistol""},{""weight"":1,""name"":""Arclight Pistol""},{""weight"":1,""name"":""Venture Arms""},{""weight"":1,""name"":""Venture Core""},{""weight"":1,""name"":""Venture Legs""},{""weight"":1,""name"":""Horizon Helmet""},{""weight"":1,""name"":""Arclight Pistol Battery (30 cap)""}]"
69cf76d9-3d53-4f6a-8ef0-09e5a9d15739,Shubin_RG_Discovery_ShipMining_Pyro_Aluminum_Copper_Silicon_Tin_Beryl_Agricium_Borase,Lrg. Purchase Order: Ship Mined Ore,32463294-45d5-4e92-a773-dce1f28a2a2b,BP_REWARDS_ShubinRank2to3,1,complete,48blueprints,"[{""weight"":1,""name"":""Pitman Mining Laser""},{""weight"":1,""name"":""Hofstede-S1 Mining Laser""},{""weight"":1,""name"":""Klein-S1 Mining Laser""},{""weight"":1,""name"":""Helix I Mining Laser""},{""weight"":1,""name"":""Impact I Mining Laser""},{""weight"":1,""name"":""Arbor MH1 Mining Laser""},{""weight"":1,""name"":""Lancet MH1 Mining Laser""},{""weight"":1,""name"":""BroadSpec-Go""},{""weight"":1,""name"":""BroadSpec""},{""weight"":1,""name"":""BroadSpec""},{""weight"":1,""name"":""BroadSpec-Max""}]"
3d23e5eb-3053-464f-bdc1-6de6e86f12c5,Shubin_RG_Discovery_ShipMining_Pyro_Lindinium,Lrg. Purchase Order: Ship Mined Ore,c2bd6ae6-c4a1-4fb1-8421-bd2979f39f77,BP_MISSIONREWARD_Shubin_ResourceGathering_ShipMining_PyroNyx,1,complete,blueprintmissionpools,"[{""weight"":1,""name"":""Arclight \""Stormfall\"" Pistol""},{""weight"":1,""name"":""Arclight Pistol""},{""weight"":1,""name"":""Venture Arms""},{""weight"":1,""name"":""Venture Core""},{""weight"":1,""name"":""Venture Legs""},{""weight"":1,""name"":""Horizon Helmet""},{""weight"":1,""name"":""Arclight Pistol Battery (30 cap)""}]"
3d23e5eb-3053-464f-bdc1-6de6e86f12c5,Shubin_RG_Discovery_ShipMining_Pyro_Lindinium,Lrg. Purchase Order: Ship Mined Ore,e3254ad6-ef4d-4719-871f-f13a832038f5,BP_REWARDS_ShubinRank4,1,complete,48blueprints,"[{""weight"":1,""name"":""Arbor MH2 Mining Laser""},{""weight"":1,""name"":""Lancet MH2 Mining Laser""},{""weight"":1,""name"":""Hofstede-S2 Mining Laser""},{""weight"":1,""name"":""Klein-S2 Mining Laser""},{""weight"":1,""name"":""Helix II Mining Laser""},{""weight"":1,""name"":""Impact II Mining Laser""},{""weight"":1,""name"":""FullSpec-Go""},{""weight"":1,""name"":""FullSpec""},{""weight"":1,""name"":""FullSpec-Max""}]"
3d23e5eb-3053-464f-bdc1-6de6e86f12c5,Shubin_RG_Discovery_ShipMining_Pyro_Lindinium,Lrg. Purchase Order: Ship Mined Ore,253e9697-5605-4732-b4fa-56af7a3dc140,BP_REWARDS_ShubinRank0to1,1,complete,48blueprints,"[{""weight"":1,""name"":""Arbor MHV Mining Laser""},{""weight"":1,""name"":""S00 Hofstede""},{""weight"":1,""name"":""Lawson Mining Laser""},{""weight"":1,""name"":""S0 Helix""},{""weight"":1,""name"":""Surveyor-Go""},{""weight"":1,""name"":""Surveyor-Lite""},{""weight"":1,""name"":""Surveyor""},{""weight"":1,""name"":""Surveyor-Max""}]"
3d23e5eb-3053-464f-bdc1-6de6e86f12c5,Shubin_RG_Discovery_ShipMining_Pyro_Lindinium,Lrg. Purchase Order: Ship Mined Ore,32463294-45d5-4e92-a773-dce1f28a2a2b,BP_REWARDS_ShubinRank2to3,1,complete,48blueprints,"[{""weight"":1,""name"":""Pitman Mining Laser""},{""weight"":1,""name"":""Hofstede-S1 Mining Laser""},{""weight"":1,""name"":""Klein-S1 Mining Laser""},{""weight"":1,""name"":""Helix I Mining Laser""},{""weight"":1,""name"":""Impact I Mining Laser""},{""weight"":1,""name"":""Arbor MH1 Mining Laser""},{""weight"":1,""name"":""Lancet MH1 Mining Laser""},{""weight"":1,""name"":""BroadSpec-Go""},{""weight"":1,""name"":""BroadSpec""},{""weight"":1,""name"":""BroadSpec""},{""weight"":1,""name"":""BroadSpec-Max""}]"
a7a9984b-c093-4ad2-a346-3dda239598f5,Shubin_RG_Discovery_ShipMining_Pyro_Quartz_Iron_Silicon_Ice_Titainum_Hephestanite_Borase,Lrg. Purchase Order: Ship Mined Ore,c2bd6ae6-c4a1-4fb1-8421-bd2979f39f77,BP_MISSIONREWARD_Shubin_ResourceGathering_ShipMining_PyroNyx,1,complete,blueprintmissionpools,"[{""weight"":1,""name"":""Arclight \""Stormfall\"" Pistol""},{""weight"":1,""name"":""Arclight Pistol""},{""weight"":1,""name"":""Venture Arms""},{""weight"":1,""name"":""Venture Core""},{""weight"":1,""name"":""Venture Legs""},{""weight"":1,""name"":""Horizon Helmet""},{""weight"":1,""name"":""Arclight Pistol Battery (30 cap)""}]"
a7a9984b-c093-4ad2-a346-3dda239598f5,Shubin_RG_Discovery_ShipMining_Pyro_Quartz_Iron_Silicon_Ice_Titainum_Hephestanite_Borase,Lrg. Purchase Order: Ship Mined Ore,32463294-45d5-4e92-a773-dce1f28a2a2b,BP_REWARDS_ShubinRank2to3,1,complete,48blueprints,"[{""weight"":1,""name"":""Pitman Mining Laser""},{""weight"":1,""name"":""Hofstede-S1 Mining Laser""},{""weight"":1,""name"":""Klein-S1 Mining Laser""},{""weight"":1,""name"":""Helix I Mining Laser""},{""weight"":1,""name"":""Impact I Mining Laser""},{""weight"":1,""name"":""Arbor MH1 Mining Laser""},{""weight"":1,""name"":""Lancet MH1 Mining Laser""},{""weight"":1,""name"":""BroadSpec-Go""},{""weight"":1,""name"":""BroadSpec""},{""weight"":1,""name"":""BroadSpec""},{""weight"":1,""name"":""BroadSpec-Max""}]"
4d46a0e8-74ac-4bb2-a0f9-a28c9ff6b21c,Shubin_RG_Discovery_ShipMining_Pyro_Torite_Beryl,Lrg. Purchase Order: Ship Mined Ore,c2bd6ae6-c4a1-4fb1-8421-bd2979f39f77,BP_MISSIONREWARD_Shubin_ResourceGathering_ShipMining_PyroNyx,1,complete,blueprintmissionpools,"[{""weight"":1,""name"":""Arclight \""Stormfall\"" Pistol""},{""weight"":1,""name"":""Arclight Pistol""},{""weight"":1,""name"":""Venture Arms""},{""weight"":1,""name"":""Venture Core""},{""weight"":1,""name"":""Venture Legs""},{""weight"":1,""name"":""Horizon Helmet""},{""weight"":1,""name"":""Arclight Pistol Battery (30 cap)""}]"
4d46a0e8-74ac-4bb2-a0f9-a28c9ff6b21c,Shubin_RG_Discovery_ShipMining_Pyro_Torite_Beryl,Lrg. Purchase Order: Ship Mined Ore,e3254ad6-ef4d-4719-871f-f13a832038f5,BP_REWARDS_ShubinRank4,1,complete,48blueprints,"[{""weight"":1,""name"":""Arbor MH2 Mining Laser""},{""weight"":1,""name"":""Lancet MH2 Mining Laser""},{""weight"":1,""name"":""Hofstede-S2 Mining Laser""},{""weight"":1,""name"":""Klein-S2 Mining Laser""},{""weight"":1,""name"":""Helix II Mining Laser""},{""weight"":1,""name"":""Impact II Mining Laser""},{""weight"":1,""name"":""FullSpec-Go""},{""weight"":1,""name"":""FullSpec""},{""weight"":1,""name"":""FullSpec-Max""}]"
4d46a0e8-74ac-4bb2-a0f9-a28c9ff6b21c,Shubin_RG_Discovery_ShipMining_Pyro_Torite_Beryl,Lrg. Purchase Order: Ship Mined Ore,253e9697-5605-4732-b4fa-56af7a3dc140,BP_REWARDS_ShubinRank0to1,1,complete,48blueprints,"[{""weight"":1,""name"":""Arbor MHV Mining Laser""},{""weight"":1,""name"":""S00 Hofstede""},{""weight"":1,""name"":""Lawson Mining Laser""},{""weight"":1,""name"":""S0 Helix""},{""weight"":1,""name"":""Surveyor-Go""},{""weight"":1,""name"":""Surveyor-Lite""},{""weight"":1,""name"":""Surveyor""},{""weight"":1,""name"":""Surveyor-Max""}]"
4d46a0e8-74ac-4bb2-a0f9-a28c9ff6b21c,Shubin_RG_Discovery_ShipMining_Pyro_Torite_Beryl,Lrg. Purchase Order: Ship Mined Ore,32463294-45d5-4e92-a773-dce1f28a2a2b,BP_REWARDS_ShubinRank2to3,1,complete,48blueprints,"[{""weight"":1,""name"":""Pitman Mining Laser""},{""weight"":1,""name"":""Hofstede-S1 Mining Laser""},{""weight"":1,""name"":""Klein-S1 Mining Laser""},{""weight"":1,""name"":""Helix I Mining Laser""},{""weight"":1,""name"":""Impact I Mining Laser""},{""weight"":1,""name"":""Arbor MH1 Mining Laser""},{""weight"":1,""name"":""Lancet MH1 Mining Laser""},{""weight"":1,""name"":""BroadSpec-Go""},{""weight"":1,""name"":""BroadSpec""},{""weight"":1,""name"":""BroadSpec""},{""weight"":1,""name"":""BroadSpec-Max""}]"
2fc64955-e31a-4dd3-807a-c93a5ac51bcb,Shubin_RG_Discovery_ShipMining_Pyro_unlawful_Common_Agricium,Lrg. Purchase Order: Ship Mined Ore,c2bd6ae6-c4a1-4fb1-8421-bd2979f39f77,BP_MISSIONREWARD_Shubin_ResourceGathering_ShipMining_PyroNyx,1,complete,blueprintmissionpools,"[{""weight"":1,""name"":""Arclight \""Stormfall\"" Pistol""},{""weight"":1,""name"":""Arclight Pistol""},{""weight"":1,""name"":""Venture Arms""},{""weight"":1,""name"":""Venture Core""},{""weight"":1,""name"":""Venture Legs""},{""weight"":1,""name"":""Horizon Helmet""},{""weight"":1,""name"":""Arclight Pistol Battery (30 cap)""}]"
2fc64955-e31a-4dd3-807a-c93a5ac51bcb,Shubin_RG_Discovery_ShipMining_Pyro_unlawful_Common_Agricium,Lrg. Purchase Order: Ship Mined Ore,32463294-45d5-4e92-a773-dce1f28a2a2b,BP_REWARDS_ShubinRank2to3,1,complete,48blueprints,"[{""weight"":1,""name"":""Pitman Mining Laser""},{""weight"":1,""name"":""Hofstede-S1 Mining Laser""},{""weight"":1,""name"":""Klein-S1 Mining Laser""},{""weight"":1,""name"":""Helix I Mining Laser""},{""weight"":1,""name"":""Impact I Mining Laser""},{""weight"":1,""name"":""Arbor MH1 Mining Laser""},{""weight"":1,""name"":""Lancet MH1 Mining Laser""},{""weight"":1,""name"":""BroadSpec-Go""},{""weight"":1,""name"":""BroadSpec""},{""weight"":1,""name"":""BroadSpec""},{""weight"":1,""name"":""BroadSpec-Max""}]"
436204e1-e129-4608-b517-817f97e89be7,Shubin_RG_Discovery_ShipMining_Pyro_unlawful_Common_Agricium_Laranite,Lrg. Purchase Order: Ship Mined Ore,c2bd6ae6-c4a1-4fb1-8421-bd2979f39f77,BP_MISSIONREWARD_Shubin_ResourceGathering_ShipMining_PyroNyx,1,complete,blueprintmissionpools,"[{""weight"":1,""name"":""Arclight \""Stormfall\"" Pistol""},{""weight"":1,""name"":""Arclight Pistol""},{""weight"":1,""name"":""Venture Arms""},{""weight"":1,""name"":""Venture Core""},{""weight"":1,""name"":""Venture Legs""},{""weight"":1,""name"":""Horizon Helmet""},{""weight"":1,""name"":""Arclight Pistol Battery (30 cap)""}]"
436204e1-e129-4608-b517-817f97e89be7,Shubin_RG_Discovery_ShipMining_Pyro_unlawful_Common_Agricium_Laranite,Lrg. Purchase Order: Ship Mined Ore,32463294-45d5-4e92-a773-dce1f28a2a2b,BP_REWARDS_ShubinRank2to3,1,complete,48blueprints,"[{""weight"":1,""name"":""Pitman Mining Laser""},{""weight"":1,""name"":""Hofstede-S1 Mining Laser""},{""weight"":1,""name"":""Klein-S1 Mining Laser""},{""weight"":1,""name"":""Helix I Mining Laser""},{""weight"":1,""name"":""Impact I Mining Laser""},{""weight"":1,""name"":""Arbor MH1 Mining Laser""},{""weight"":1,""name"":""Lancet MH1 Mining Laser""},{""weight"":1,""name"":""BroadSpec-Go""},{""weight"":1,""name"":""BroadSpec""},{""weight"":1,""name"":""BroadSpec""},{""weight"":1,""name"":""BroadSpec-Max""}]"
f7004cfd-0408-4a2d-a7d7-71feea68993a,Shubin_RG_Discovery_ShipMining_Pyro_unlawful_Common_Beryl,Lrg. Purchase Order: Ship Mined Ore,c2bd6ae6-c4a1-4fb1-8421-bd2979f39f77,BP_MISSIONREWARD_Shubin_ResourceGathering_ShipMining_PyroNyx,1,complete,blueprintmissionpools,"[{""weight"":1,""name"":""Arclight \""Stormfall\"" Pistol""},{""weight"":1,""name"":""Arclight Pistol""},{""weight"":1,""name"":""Venture Arms""},{""weight"":1,""name"":""Venture Core""},{""weight"":1,""name"":""Venture Legs""},{""weight"":1,""name"":""Horizon Helmet""},{""weight"":1,""name"":""Arclight Pistol Battery (30 cap)""}]"
f7004cfd-0408-4a2d-a7d7-71feea68993a,Shubin_RG_Discovery_ShipMining_Pyro_unlawful_Common_Beryl,Lrg. Purchase Order: Ship Mined Ore,32463294-45d5-4e92-a773-dce1f28a2a2b,BP_REWARDS_ShubinRank2to3,1,complete,48blueprints,"[{""weight"":1,""name"":""Pitman Mining Laser""},{""weight"":1,""name"":""Hofstede-S1 Mining Laser""},{""weight"":1,""name"":""Klein-S1 Mining Laser""},{""weight"":1,""name"":""Helix I Mining Laser""},{""weight"":1,""name"":""Impact I Mining Laser""},{""weight"":1,""name"":""Arbor MH1 Mining Laser""},{""weight"":1,""name"":""Lancet MH1 Mining Laser""},{""weight"":1,""name"":""BroadSpec-Go""},{""weight"":1,""name"":""BroadSpec""},{""weight"":1,""name"":""BroadSpec""},{""weight"":1,""name"":""BroadSpec-Max""}]"
6dbc9e9d-e227-4a00-af00-4e7d42f13cf0,Shubin_RG_Discovery_ShipMining_Pyro_unlawful_Common_Borase,Lrg. Purchase Order: Ship Mined Ore,c2bd6ae6-c4a1-4fb1-8421-bd2979f39f77,BP_MISSIONREWARD_Shubin_ResourceGathering_ShipMining_PyroNyx,1,complete,blueprintmissionpools,"[{""weight"":1,""name"":""Arclight \""Stormfall\"" Pistol""},{""weight"":1,""name"":""Arclight Pistol""},{""weight"":1,""name"":""Venture Arms""},{""weight"":1,""name"":""Venture Core""},{""weight"":1,""name"":""Venture Legs""},{""weight"":1,""name"":""Horizon Helmet""},{""weight"":1,""name"":""Arclight Pistol Battery (30 cap)""}]"
6dbc9e9d-e227-4a00-af00-4e7d42f13cf0,Shubin_RG_Discovery_ShipMining_Pyro_unlawful_Common_Borase,Lrg. Purchase Order: Ship Mined Ore,32463294-45d5-4e92-a773-dce1f28a2a2b,BP_REWARDS_ShubinRank2to3,1,complete,48blueprints,"[{""weight"":1,""name"":""Pitman Mining Laser""},{""weight"":1,""name"":""Hofstede-S1 Mining Laser""},{""weight"":1,""name"":""Klein-S1 Mining Laser""},{""weight"":1,""name"":""Helix I Mining Laser""},{""weight"":1,""name"":""Impact I Mining Laser""},{""weight"":1,""name"":""Arbor MH1 Mining Laser""},{""weight"":1,""name"":""Lancet MH1 Mining Laser""},{""weight"":1,""name"":""BroadSpec-Go""},{""weight"":1,""name"":""BroadSpec""},{""weight"":1,""name"":""BroadSpec""},{""weight"":1,""name"":""BroadSpec-Max""}]"
93ba2efb-b310-4f2a-9351-b0aec5043914,Shubin_RG_Discovery_ShipMining_Pyro_unlawful_Common_Hephaestanite,Lrg. Purchase Order: Ship Mined Ore,c2bd6ae6-c4a1-4fb1-8421-bd2979f39f77,BP_MISSIONREWARD_Shubin_ResourceGathering_ShipMining_PyroNyx,1,complete,blueprintmissionpools,"[{""weight"":1,""name"":""Arclight \""Stormfall\"" Pistol""},{""weight"":1,""name"":""Arclight Pistol""},{""weight"":1,""name"":""Venture Arms""},{""weight"":1,""name"":""Venture Core""},{""weight"":1,""name"":""Venture Legs""},{""weight"":1,""name"":""Horizon Helmet""},{""weight"":1,""name"":""Arclight Pistol Battery (30 cap)""}]"
93ba2efb-b310-4f2a-9351-b0aec5043914,Shubin_RG_Discovery_ShipMining_Pyro_unlawful_Common_Hephaestanite,Lrg. Purchase Order: Ship Mined Ore,32463294-45d5-4e92-a773-dce1f28a2a2b,BP_REWARDS_ShubinRank2to3,1,complete,48blueprints,"[{""weight"":1,""name"":""Pitman Mining Laser""},{""weight"":1,""name"":""Hofstede-S1 Mining Laser""},{""weight"":1,""name"":""Klein-S1 Mining Laser""},{""weight"":1,""name"":""Helix I Mining Laser""},{""weight"":1,""name"":""Impact I Mining Laser""},{""weight"":1,""name"":""Arbor MH1 Mining Laser""},{""weight"":1,""name"":""Lancet MH1 Mining Laser""},{""weight"":1,""name"":""BroadSpec-Go""},{""weight"":1,""name"":""BroadSpec""},{""weight"":1,""name"":""BroadSpec""},{""weight"":1,""name"":""BroadSpec-Max""}]"
b6eff75e-6840-4db4-91f3-b12896e83443,Shubin_RG_Discovery_ShipMining_Pyro_unlawful_Common_Laranite,Lrg. Purchase Order: Ship Mined Ore,c2bd6ae6-c4a1-4fb1-8421-bd2979f39f77,BP_MISSIONREWARD_Shubin_ResourceGathering_ShipMining_PyroNyx,1,complete,blueprintmissionpools,"[{""weight"":1,""name"":""Arclight \""Stormfall\"" Pistol""},{""weight"":1,""name"":""Arclight Pistol""},{""weight"":1,""name"":""Venture Arms""},{""weight"":1,""name"":""Venture Core""},{""weight"":1,""name"":""Venture Legs""},{""weight"":1,""name"":""Horizon Helmet""},{""weight"":1,""name"":""Arclight Pistol Battery (30 cap)""}]"
b6eff75e-6840-4db4-91f3-b12896e83443,Shubin_RG_Discovery_ShipMining_Pyro_unlawful_Common_Laranite,Lrg. Purchase Order: Ship Mined Ore,32463294-45d5-4e92-a773-dce1f28a2a2b,BP_REWARDS_ShubinRank2to3,1,complete,48blueprints,"[{""weight"":1,""name"":""Pitman Mining Laser""},{""weight"":1,""name"":""Hofstede-S1 Mining Laser""},{""weight"":1,""name"":""Klein-S1 Mining Laser""},{""weight"":1,""name"":""Helix I Mining Laser""},{""weight"":1,""name"":""Impact I Mining Laser""},{""weight"":1,""name"":""Arbor MH1 Mining Laser""},{""weight"":1,""name"":""Lancet MH1 Mining Laser""},{""weight"":1,""name"":""BroadSpec-Go""},{""weight"":1,""name"":""BroadSpec""},{""weight"":1,""name"":""BroadSpec""},{""weight"":1,""name"":""BroadSpec-Max""}]"
15b17f37-fb50-481e-973a-fdce837d51f2,Shubin_RG_Discovery_ShipMining_Stanton_Aluminum_Copper_Beryl_Agricium_Borase,Lrg. Purchase Order: Ship Mined Ore,40438f39-f78c-41bc-a8de-d6f4f4c2daec,BP_MISSIONREWARD_Shubin_ResourceGathering_ShipMining_Stanton,1,complete,blueprintmissionpools,"[{""weight"":1,""name"":""Arclight \""Nightstalker\"" Pistol""},{""weight"":1,""name"":""Aril Arms""},{""weight"":1,""name"":""Aril Core""},{""weight"":1,""name"":""Aril Legs""},{""weight"":1,""name"":""Aril Helmet""},{""weight"":1,""name"":""Arclight \""Warhawk\"" Pistol""},{""weight"":1,""name"":""Arclight Pistol Battery (30 cap)""}]"
15b17f37-fb50-481e-973a-fdce837d51f2,Shubin_RG_Discovery_ShipMining_Stanton_Aluminum_Copper_Beryl_Agricium_Borase,Lrg. Purchase Order: Ship Mined Ore,32463294-45d5-4e92-a773-dce1f28a2a2b,BP_REWARDS_ShubinRank2to3,1,complete,48blueprints,"[{""weight"":1,""name"":""Pitman Mining Laser""},{""weight"":1,""name"":""Hofstede-S1 Mining Laser""},{""weight"":1,""name"":""Klein-S1 Mining Laser""},{""weight"":1,""name"":""Helix I Mining Laser""},{""weight"":1,""name"":""Impact I Mining Laser""},{""weight"":1,""name"":""Arbor MH1 Mining Laser""},{""weight"":1,""name"":""Lancet MH1 Mining Laser""},{""weight"":1,""name"":""BroadSpec-Go""},{""weight"":1,""name"":""BroadSpec""},{""weight"":1,""name"":""BroadSpec""},{""weight"":1,""name"":""BroadSpec-Max""}]"
f27d6b17-cd28-4f82-aa60-cc25bcc2b57f,Shubin_RG_Discovery_ShipMining_Stanton_Aluminum_Copper_Titainum_Beryl_Agricium_Borase,Lrg. Purchase Order: Ship Mined Ore,40438f39-f78c-41bc-a8de-d6f4f4c2daec,BP_MISSIONREWARD_Shubin_ResourceGathering_ShipMining_Stanton,1,complete,blueprintmissionpools,"[{""weight"":1,""name"":""Arclight \""Nightstalker\"" Pistol""},{""weight"":1,""name"":""Aril Arms""},{""weight"":1,""name"":""Aril Core""},{""weight"":1,""name"":""Aril Legs""},{""weight"":1,""name"":""Aril Helmet""},{""weight"":1,""name"":""Arclight \""Warhawk\"" Pistol""},{""weight"":1,""name"":""Arclight Pistol Battery (30 cap)""}]"
f27d6b17-cd28-4f82-aa60-cc25bcc2b57f,Shubin_RG_Discovery_ShipMining_Stanton_Aluminum_Copper_Titainum_Beryl_Agricium_Borase,Lrg. Purchase Order: Ship Mined Ore,32463294-45d5-4e92-a773-dce1f28a2a2b,BP_REWARDS_ShubinRank2to3,1,complete,48blueprints,"[{""weight"":1,""name"":""Pitman Mining Laser""},{""weight"":1,""name"":""Hofstede-S1 Mining Laser""},{""weight"":1,""name"":""Klein-S1 Mining Laser""},{""weight"":1,""name"":""Helix I Mining Laser""},{""weight"":1,""name"":""Impact I Mining Laser""},{""weight"":1,""name"":""Arbor MH1 Mining Laser""},{""weight"":1,""name"":""Lancet MH1 Mining Laser""},{""weight"":1,""name"":""BroadSpec-Go""},{""weight"":1,""name"":""BroadSpec""},{""weight"":1,""name"":""BroadSpec""},{""weight"":1,""name"":""BroadSpec-Max""}]"
fa57f9f0-bf04-4b3b-9770-01f9de6ef1d3,Shubin_RG_Discovery_ShipMining_Stanton_Aluminum_Quartz_Copper_Beryl_Agricium_Borase,Lrg. Purchase Order: Ship Mined Ore,40438f39-f78c-41bc-a8de-d6f4f4c2daec,BP_MISSIONREWARD_Shubin_ResourceGathering_ShipMining_Stanton,1,complete,blueprintmissionpools,"[{""weight"":1,""name"":""Arclight \""Nightstalker\"" Pistol""},{""weight"":1,""name"":""Aril Arms""},{""weight"":1,""name"":""Aril Core""},{""weight"":1,""name"":""Aril Legs""},{""weight"":1,""name"":""Aril Helmet""},{""weight"":1,""name"":""Arclight \""Warhawk\"" Pistol""},{""weight"":1,""name"":""Arclight Pistol Battery (30 cap)""}]"
fa57f9f0-bf04-4b3b-9770-01f9de6ef1d3,Shubin_RG_Discovery_ShipMining_Stanton_Aluminum_Quartz_Copper_Beryl_Agricium_Borase,Lrg. Purchase Order: Ship Mined Ore,32463294-45d5-4e92-a773-dce1f28a2a2b,BP_REWARDS_ShubinRank2to3,1,complete,48blueprints,"[{""weight"":1,""name"":""Pitman Mining Laser""},{""weight"":1,""name"":""Hofstede-S1 Mining Laser""},{""weight"":1,""name"":""Klein-S1 Mining Laser""},{""weight"":1,""name"":""Helix I Mining Laser""},{""weight"":1,""name"":""Impact I Mining Laser""},{""weight"":1,""name"":""Arbor MH1 Mining Laser""},{""weight"":1,""name"":""Lancet MH1 Mining Laser""},{""weight"":1,""name"":""BroadSpec-Go""},{""weight"":1,""name"":""BroadSpec""},{""weight"":1,""name"":""BroadSpec""},{""weight"":1,""name"":""BroadSpec-Max""}]"
b2cb6cd1-f90d-403f-8d2e-700e7bb7063c,Shubin_RG_Discovery_ShipMining_Stanton_Aluminum_Quartz_Copper_Corundum_Titainum_Beryl_Hephestanite_Agricium_Laranite_Borase,Lrg. Purchase Order: Ship Mined Ore,40438f39-f78c-41bc-a8de-d6f4f4c2daec,BP_MISSIONREWARD_Shubin_ResourceGathering_ShipMining_Stanton,1,complete,blueprintmissionpools,"[{""weight"":1,""name"":""Arclight \""Nightstalker\"" Pistol""},{""weight"":1,""name"":""Aril Arms""},{""weight"":1,""name"":""Aril Core""},{""weight"":1,""name"":""Aril Legs""},{""weight"":1,""name"":""Aril Helmet""},{""weight"":1,""name"":""Arclight \""Warhawk\"" Pistol""},{""weight"":1,""name"":""Arclight Pistol Battery (30 cap)""}]"
b2cb6cd1-f90d-403f-8d2e-700e7bb7063c,Shubin_RG_Discovery_ShipMining_Stanton_Aluminum_Quartz_Copper_Corundum_Titainum_Beryl_Hephestanite_Agricium_Laranite_Borase,Lrg. Purchase Order: Ship Mined Ore,32463294-45d5-4e92-a773-dce1f28a2a2b,BP_REWARDS_ShubinRank2to3,1,complete,48blueprints,"[{""weight"":1,""name"":""Pitman Mining Laser""},{""weight"":1,""name"":""Hofstede-S1 Mining Laser""},{""weight"":1,""name"":""Klein-S1 Mining Laser""},{""weight"":1,""name"":""Helix I Mining Laser""},{""weight"":1,""name"":""Impact I Mining Laser""},{""weight"":1,""name"":""Arbor MH1 Mining Laser""},{""weight"":1,""name"":""Lancet MH1 Mining Laser""},{""weight"":1,""name"":""BroadSpec-Go""},{""weight"":1,""name"":""BroadSpec""},{""weight"":1,""name"":""BroadSpec""},{""weight"":1,""name"":""BroadSpec-Max""}]"
ee5811f1-c3ae-4d67-8931-72cd778b5237,Shubin_RG_Discovery_ShipMining_Stanton_Aluminum_Quartz_Iron_Tungsten_Corundum_Titainum_Hephestanite_Borase,Lrg. Purchase Order: Ship Mined Ore,40438f39-f78c-41bc-a8de-d6f4f4c2daec,BP_MISSIONREWARD_Shubin_ResourceGathering_ShipMining_Stanton,1,complete,blueprintmissionpools,"[{""weight"":1,""name"":""Arclight \""Nightstalker\"" Pistol""},{""weight"":1,""name"":""Aril Arms""},{""weight"":1,""name"":""Aril Core""},{""weight"":1,""name"":""Aril Legs""},{""weight"":1,""name"":""Aril Helmet""},{""weight"":1,""name"":""Arclight \""Warhawk\"" Pistol""},{""weight"":1,""name"":""Arclight Pistol Battery (30 cap)""}]"
ee5811f1-c3ae-4d67-8931-72cd778b5237,Shubin_RG_Discovery_ShipMining_Stanton_Aluminum_Quartz_Iron_Tungsten_Corundum_Titainum_Hephestanite_Borase,Lrg. Purchase Order: Ship Mined Ore,32463294-45d5-4e92-a773-dce1f28a2a2b,BP_REWARDS_ShubinRank2to3,1,complete,48blueprints,"[{""weight"":1,""name"":""Pitman Mining Laser""},{""weight"":1,""name"":""Hofstede-S1 Mining Laser""},{""weight"":1,""name"":""Klein-S1 Mining Laser""},{""weight"":1,""name"":""Helix I Mining Laser""},{""weight"":1,""name"":""Impact I Mining Laser""},{""weight"":1,""name"":""Arbor MH1 Mining Laser""},{""weight"":1,""name"":""Lancet MH1 Mining Laser""},{""weight"":1,""name"":""BroadSpec-Go""},{""weight"":1,""name"":""BroadSpec""},{""weight"":1,""name"":""BroadSpec""},{""weight"":1,""name"":""BroadSpec-Max""}]"
bec7aa48-5abc-4396-8083-646ebfc499c2,Shubin_RG_Discovery_ShipMining_Stanton_Aluminum_Quartz_Iron_Tungsten_Titainum_Beryl,Lrg. Purchase Order: Ship Mined Ore,40438f39-f78c-41bc-a8de-d6f4f4c2daec,BP_MISSIONREWARD_Shubin_ResourceGathering_ShipMining_Stanton,1,complete,blueprintmissionpools,"[{""weight"":1,""name"":""Arclight \""Nightstalker\"" Pistol""},{""weight"":1,""name"":""Aril Arms""},{""weight"":1,""name"":""Aril Core""},{""weight"":1,""name"":""Aril Legs""},{""weight"":1,""name"":""Aril Helmet""},{""weight"":1,""name"":""Arclight \""Warhawk\"" Pistol""},{""weight"":1,""name"":""Arclight Pistol Battery (30 cap)""}]"
bec7aa48-5abc-4396-8083-646ebfc499c2,Shubin_RG_Discovery_ShipMining_Stanton_Aluminum_Quartz_Iron_Tungsten_Titainum_Beryl,Lrg. Purchase Order: Ship Mined Ore,32463294-45d5-4e92-a773-dce1f28a2a2b,BP_REWARDS_ShubinRank2to3,1,complete,48blueprints,"[{""weight"":1,""name"":""Pitman Mining Laser""},{""weight"":1,""name"":""Hofstede-S1 Mining Laser""},{""weight"":1,""name"":""Klein-S1 Mining Laser""},{""weight"":1,""name"":""Helix I Mining Laser""},{""weight"":1,""name"":""Impact I Mining Laser""},{""weight"":1,""name"":""Arbor MH1 Mining Laser""},{""weight"":1,""name"":""Lancet MH1 Mining Laser""},{""weight"":1,""name"":""BroadSpec-Go""},{""weight"":1,""name"":""BroadSpec""},{""weight"":1,""name"":""BroadSpec""},{""weight"":1,""name"":""BroadSpec-Max""}]"
79ef41ad-872d-4c56-a0f8-3cd26a021322,Shubin_RG_Discovery_ShipMining_Stanton_Lawful_Common_Agricium,Lrg. Purchase Order: Ship Mined Ore,40438f39-f78c-41bc-a8de-d6f4f4c2daec,BP_MISSIONREWARD_Shubin_ResourceGathering_ShipMining_Stanton,1,complete,blueprintmissionpools,"[{""weight"":1,""name"":""Arclight \""Nightstalker\"" Pistol""},{""weight"":1,""name"":""Aril Arms""},{""weight"":1,""name"":""Aril Core""},{""weight"":1,""name"":""Aril Legs""},{""weight"":1,""name"":""Aril Helmet""},{""weight"":1,""name"":""Arclight \""Warhawk\"" Pistol""},{""weight"":1,""name"":""Arclight Pistol Battery (30 cap)""}]"
79ef41ad-872d-4c56-a0f8-3cd26a021322,Shubin_RG_Discovery_ShipMining_Stanton_Lawful_Common_Agricium,Lrg. Purchase Order: Ship Mined Ore,32463294-45d5-4e92-a773-dce1f28a2a2b,BP_REWARDS_ShubinRank2to3,1,complete,48blueprints,"[{""weight"":1,""name"":""Pitman Mining Laser""},{""weight"":1,""name"":""Hofstede-S1 Mining Laser""},{""weight"":1,""name"":""Klein-S1 Mining Laser""},{""weight"":1,""name"":""Helix I Mining Laser""},{""weight"":1,""name"":""Impact I Mining Laser""},{""weight"":1,""name"":""Arbor MH1 Mining Laser""},{""weight"":1,""name"":""Lancet MH1 Mining Laser""},{""weight"":1,""name"":""BroadSpec-Go""},{""weight"":1,""name"":""BroadSpec""},{""weight"":1,""name"":""BroadSpec""},{""weight"":1,""name"":""BroadSpec-Max""}]"
e771bc29-0f54-4ef6-8d45-7a27346c6dc1,Shubin_RG_Discovery_ShipMining_Stanton_Lawful_Common_Beryl,Lrg. Purchase Order: Ship Mined Ore,40438f39-f78c-41bc-a8de-d6f4f4c2daec,BP_MISSIONREWARD_Shubin_ResourceGathering_ShipMining_Stanton,1,complete,blueprintmissionpools,"[{""weight"":1,""name"":""Arclight \""Nightstalker\"" Pistol""},{""weight"":1,""name"":""Aril Arms""},{""weight"":1,""name"":""Aril Core""},{""weight"":1,""name"":""Aril Legs""},{""weight"":1,""name"":""Aril Helmet""},{""weight"":1,""name"":""Arclight \""Warhawk\"" Pistol""},{""weight"":1,""name"":""Arclight Pistol Battery (30 cap)""}]"
e771bc29-0f54-4ef6-8d45-7a27346c6dc1,Shubin_RG_Discovery_ShipMining_Stanton_Lawful_Common_Beryl,Lrg. Purchase Order: Ship Mined Ore,32463294-45d5-4e92-a773-dce1f28a2a2b,BP_REWARDS_ShubinRank2to3,1,complete,48blueprints,"[{""weight"":1,""name"":""Pitman Mining Laser""},{""weight"":1,""name"":""Hofstede-S1 Mining Laser""},{""weight"":1,""name"":""Klein-S1 Mining Laser""},{""weight"":1,""name"":""Helix I Mining Laser""},{""weight"":1,""name"":""Impact I Mining Laser""},{""weight"":1,""name"":""Arbor MH1 Mining Laser""},{""weight"":1,""name"":""Lancet MH1 Mining Laser""},{""weight"":1,""name"":""BroadSpec-Go""},{""weight"":1,""name"":""BroadSpec""},{""weight"":1,""name"":""BroadSpec""},{""weight"":1,""name"":""BroadSpec-Max""}]"
4dd95e4f-f78a-47fd-8984-6335cc78355f,Shubin_RG_Discovery_ShipMining_Stanton_Lawful_Common_Borase,Lrg. Purchase Order: Ship Mined Ore,40438f39-f78c-41bc-a8de-d6f4f4c2daec,BP_MISSIONREWARD_Shubin_ResourceGathering_ShipMining_Stanton,1,complete,blueprintmissionpools,"[{""weight"":1,""name"":""Arclight \""Nightstalker\"" Pistol""},{""weight"":1,""name"":""Aril Arms""},{""weight"":1,""name"":""Aril Core""},{""weight"":1,""name"":""Aril Legs""},{""weight"":1,""name"":""Aril Helmet""},{""weight"":1,""name"":""Arclight \""Warhawk\"" Pistol""},{""weight"":1,""name"":""Arclight Pistol Battery (30 cap)""}]"
4dd95e4f-f78a-47fd-8984-6335cc78355f,Shubin_RG_Discovery_ShipMining_Stanton_Lawful_Common_Borase,Lrg. Purchase Order: Ship Mined Ore,32463294-45d5-4e92-a773-dce1f28a2a2b,BP_REWARDS_ShubinRank2to3,1,complete,48blueprints,"[{""weight"":1,""name"":""Pitman Mining Laser""},{""weight"":1,""name"":""Hofstede-S1 Mining Laser""},{""weight"":1,""name"":""Klein-S1 Mining Laser""},{""weight"":1,""name"":""Helix I Mining Laser""},{""weight"":1,""name"":""Impact I Mining Laser""},{""weight"":1,""name"":""Arbor MH1 Mining Laser""},{""weight"":1,""name"":""Lancet MH1 Mining Laser""},{""weight"":1,""name"":""BroadSpec-Go""},{""weight"":1,""name"":""BroadSpec""},{""weight"":1,""name"":""BroadSpec""},{""weight"":1,""name"":""BroadSpec-Max""}]"
14415f7e-db69-4cb7-98cd-868ed3eb71b8,Shubin_RG_Discovery_ShipMining_Stanton_Lawful_Common_Hephaestanite,Lrg. Purchase Order: Ship Mined Ore,40438f39-f78c-41bc-a8de-d6f4f4c2daec,BP_MISSIONREWARD_Shubin_ResourceGathering_ShipMining_Stanton,1,complete,blueprintmissionpools,"[{""weight"":1,""name"":""Arclight \""Nightstalker\"" Pistol""},{""weight"":1,""name"":""Aril Arms""},{""weight"":1,""name"":""Aril Core""},{""weight"":1,""name"":""Aril Legs""},{""weight"":1,""name"":""Aril Helmet""},{""weight"":1,""name"":""Arclight \""Warhawk\"" Pistol""},{""weight"":1,""name"":""Arclight Pistol Battery (30 cap)""}]"
14415f7e-db69-4cb7-98cd-868ed3eb71b8,Shubin_RG_Discovery_ShipMining_Stanton_Lawful_Common_Hephaestanite,Lrg. Purchase Order: Ship Mined Ore,32463294-45d5-4e92-a773-dce1f28a2a2b,BP_REWARDS_ShubinRank2to3,1,complete,48blueprints,"[{""weight"":1,""name"":""Pitman Mining Laser""},{""weight"":1,""name"":""Hofstede-S1 Mining Laser""},{""weight"":1,""name"":""Klein-S1 Mining Laser""},{""weight"":1,""name"":""Helix I Mining Laser""},{""weight"":1,""name"":""Impact I Mining Laser""},{""weight"":1,""name"":""Arbor MH1 Mining Laser""},{""weight"":1,""name"":""Lancet MH1 Mining Laser""},{""weight"":1,""name"":""BroadSpec-Go""},{""weight"":1,""name"":""BroadSpec""},{""weight"":1,""name"":""BroadSpec""},{""weight"":1,""name"":""BroadSpec-Max""}]"
071cb347-d501-4d45-a460-8b7339c43e26,Shubin_RG_Discovery_ShipMining_Stanton_Lawful_Common_Laranite,Lrg. Purchase Order: Ship Mined Ore,40438f39-f78c-41bc-a8de-d6f4f4c2daec,BP_MISSIONREWARD_Shubin_ResourceGathering_ShipMining_Stanton,1,complete,blueprintmissionpools,"[{""weight"":1,""name"":""Arclight \""Nightstalker\"" Pistol""},{""weight"":1,""name"":""Aril Arms""},{""weight"":1,""name"":""Aril Core""},{""weight"":1,""name"":""Aril Legs""},{""weight"":1,""name"":""Aril Helmet""},{""weight"":1,""name"":""Arclight \""Warhawk\"" Pistol""},{""weight"":1,""name"":""Arclight Pistol Battery (30 cap)""}]"
071cb347-d501-4d45-a460-8b7339c43e26,Shubin_RG_Discovery_ShipMining_Stanton_Lawful_Common_Laranite,Lrg. Purchase Order: Ship Mined Ore,32463294-45d5-4e92-a773-dce1f28a2a2b,BP_REWARDS_ShubinRank2to3,1,complete,48blueprints,"[{""weight"":1,""name"":""Pitman Mining Laser""},{""weight"":1,""name"":""Hofstede-S1 Mining Laser""},{""weight"":1,""name"":""Klein-S1 Mining Laser""},{""weight"":1,""name"":""Helix I Mining Laser""},{""weight"":1,""name"":""Impact I Mining Laser""},{""weight"":1,""name"":""Arbor MH1 Mining Laser""},{""weight"":1,""name"":""Lancet MH1 Mining Laser""},{""weight"":1,""name"":""BroadSpec-Go""},{""weight"":1,""name"":""BroadSpec""},{""weight"":1,""name"":""BroadSpec""},{""weight"":1,""name"":""BroadSpec-Max""}]"
5fc436ef-fe18-4ec4-aff3-86ddde27eda4,Shubin_RG_Discovery_ShipMining_Stanton_Lawful_Uncommon_Beryl_Agricium,Lrg. Purchase Order: Ship Mined Ore,40438f39-f78c-41bc-a8de-d6f4f4c2daec,BP_MISSIONREWARD_Shubin_ResourceGathering_ShipMining_Stanton,1,complete,blueprintmissionpools,"[{""weight"":1,""name"":""Arclight \""Nightstalker\"" Pistol""},{""weight"":1,""name"":""Aril Arms""},{""weight"":1,""name"":""Aril Core""},{""weight"":1,""name"":""Aril Legs""},{""weight"":1,""name"":""Aril Helmet""},{""weight"":1,""name"":""Arclight \""Warhawk\"" Pistol""},{""weight"":1,""name"":""Arclight Pistol Battery (30 cap)""}]"
5fc436ef-fe18-4ec4-aff3-86ddde27eda4,Shubin_RG_Discovery_ShipMining_Stanton_Lawful_Uncommon_Beryl_Agricium,Lrg. Purchase Order: Ship Mined Ore,32463294-45d5-4e92-a773-dce1f28a2a2b,BP_REWARDS_ShubinRank2to3,1,complete,48blueprints,"[{""weight"":1,""name"":""Pitman Mining Laser""},{""weight"":1,""name"":""Hofstede-S1 Mining Laser""},{""weight"":1,""name"":""Klein-S1 Mining Laser""},{""weight"":1,""name"":""Helix I Mining Laser""},{""weight"":1,""name"":""Impact I Mining Laser""},{""weight"":1,""name"":""Arbor MH1 Mining Laser""},{""weight"":1,""name"":""Lancet MH1 Mining Laser""},{""weight"":1,""name"":""BroadSpec-Go""},{""weight"":1,""name"":""BroadSpec""},{""weight"":1,""name"":""BroadSpec""},{""weight"":1,""name"":""BroadSpec-Max""}]"
39f2c7b1-3fb4-444e-a702-f77fdd2316b8,Shubin_RG_Discovery_ShipMining_Stanton_Lawful_Uncommon_Hephaestanite_Borase,Lrg. Purchase Order: Ship Mined Ore,40438f39-f78c-41bc-a8de-d6f4f4c2daec,BP_MISSIONREWARD_Shubin_ResourceGathering_ShipMining_Stanton,1,complete,blueprintmissionpools,"[{""weight"":1,""name"":""Arclight \""Nightstalker\"" Pistol""},{""weight"":1,""name"":""Aril Arms""},{""weight"":1,""name"":""Aril Core""},{""weight"":1,""name"":""Aril Legs""},{""weight"":1,""name"":""Aril Helmet""},{""weight"":1,""name"":""Arclight \""Warhawk\"" Pistol""},{""weight"":1,""name"":""Arclight Pistol Battery (30 cap)""}]"
39f2c7b1-3fb4-444e-a702-f77fdd2316b8,Shubin_RG_Discovery_ShipMining_Stanton_Lawful_Uncommon_Hephaestanite_Borase,Lrg. Purchase Order: Ship Mined Ore,32463294-45d5-4e92-a773-dce1f28a2a2b,BP_REWARDS_ShubinRank2to3,1,complete,48blueprints,"[{""weight"":1,""name"":""Pitman Mining Laser""},{""weight"":1,""name"":""Hofstede-S1 Mining Laser""},{""weight"":1,""name"":""Klein-S1 Mining Laser""},{""weight"":1,""name"":""Helix I Mining Laser""},{""weight"":1,""name"":""Impact I Mining Laser""},{""weight"":1,""name"":""Arbor MH1 Mining Laser""},{""weight"":1,""name"":""Lancet MH1 Mining Laser""},{""weight"":1,""name"":""BroadSpec-Go""},{""weight"":1,""name"":""BroadSpec""},{""weight"":1,""name"":""BroadSpec""},{""weight"":1,""name"":""BroadSpec-Max""}]"
b1dfd281-4989-47a1-ab2f-e6c116bd9a86,Shubin_RG_Discovery_ShipMining_Stanton_Lindinium,Lrg. Purchase Order: Ship Mined Ore,40438f39-f78c-41bc-a8de-d6f4f4c2daec,BP_MISSIONREWARD_Shubin_ResourceGathering_ShipMining_Stanton,1,complete,blueprintmissionpools,"[{""weight"":1,""name"":""Arclight \""Nightstalker\"" Pistol""},{""weight"":1,""name"":""Aril Arms""},{""weight"":1,""name"":""Aril Core""},{""weight"":1,""name"":""Aril Legs""},{""weight"":1,""name"":""Aril Helmet""},{""weight"":1,""name"":""Arclight \""Warhawk\"" Pistol""},{""weight"":1,""name"":""Arclight Pistol Battery (30 cap)""}]"
b1dfd281-4989-47a1-ab2f-e6c116bd9a86,Shubin_RG_Discovery_ShipMining_Stanton_Lindinium,Lrg. Purchase Order: Ship Mined Ore,e3254ad6-ef4d-4719-871f-f13a832038f5,BP_REWARDS_ShubinRank4,1,complete,48blueprints,"[{""weight"":1,""name"":""Arbor MH2 Mining Laser""},{""weight"":1,""name"":""Lancet MH2 Mining Laser""},{""weight"":1,""name"":""Hofstede-S2 Mining Laser""},{""weight"":1,""name"":""Klein-S2 Mining Laser""},{""weight"":1,""name"":""Helix II Mining Laser""},{""weight"":1,""name"":""Impact II Mining Laser""},{""weight"":1,""name"":""FullSpec-Go""},{""weight"":1,""name"":""FullSpec""},{""weight"":1,""name"":""FullSpec-Max""}]"
b1dfd281-4989-47a1-ab2f-e6c116bd9a86,Shubin_RG_Discovery_ShipMining_Stanton_Lindinium,Lrg. Purchase Order: Ship Mined Ore,253e9697-5605-4732-b4fa-56af7a3dc140,BP_REWARDS_ShubinRank0to1,1,complete,48blueprints,"[{""weight"":1,""name"":""Arbor MHV Mining Laser""},{""weight"":1,""name"":""S00 Hofstede""},{""weight"":1,""name"":""Lawson Mining Laser""},{""weight"":1,""name"":""S0 Helix""},{""weight"":1,""name"":""Surveyor-Go""},{""weight"":1,""name"":""Surveyor-Lite""},{""weight"":1,""name"":""Surveyor""},{""weight"":1,""name"":""Surveyor-Max""}]"
b1dfd281-4989-47a1-ab2f-e6c116bd9a86,Shubin_RG_Discovery_ShipMining_Stanton_Lindinium,Lrg. Purchase Order: Ship Mined Ore,32463294-45d5-4e92-a773-dce1f28a2a2b,BP_REWARDS_ShubinRank2to3,1,complete,48blueprints,"[{""weight"":1,""name"":""Pitman Mining Laser""},{""weight"":1,""name"":""Hofstede-S1 Mining Laser""},{""weight"":1,""name"":""Klein-S1 Mining Laser""},{""weight"":1,""name"":""Helix I Mining Laser""},{""weight"":1,""name"":""Impact I Mining Laser""},{""weight"":1,""name"":""Arbor MH1 Mining Laser""},{""weight"":1,""name"":""Lancet MH1 Mining Laser""},{""weight"":1,""name"":""BroadSpec-Go""},{""weight"":1,""name"":""BroadSpec""},{""weight"":1,""name"":""BroadSpec""},{""weight"":1,""name"":""BroadSpec-Max""}]"
06b3a4fb-2465-4ac1-88b4-e23c7c2cfcb3,Shubin_RG_Discovery_ShipMining_Stanton_Quartz_Copper_Beryl_Hephestanite_Agricium_Borase,Lrg. Purchase Order: Ship Mined Ore,40438f39-f78c-41bc-a8de-d6f4f4c2daec,BP_MISSIONREWARD_Shubin_ResourceGathering_ShipMining_Stanton,1,complete,blueprintmissionpools,"[{""weight"":1,""name"":""Arclight \""Nightstalker\"" Pistol""},{""weight"":1,""name"":""Aril Arms""},{""weight"":1,""name"":""Aril Core""},{""weight"":1,""name"":""Aril Legs""},{""weight"":1,""name"":""Aril Helmet""},{""weight"":1,""name"":""Arclight \""Warhawk\"" Pistol""},{""weight"":1,""name"":""Arclight Pistol Battery (30 cap)""}]"
06b3a4fb-2465-4ac1-88b4-e23c7c2cfcb3,Shubin_RG_Discovery_ShipMining_Stanton_Quartz_Copper_Beryl_Hephestanite_Agricium_Borase,Lrg. Purchase Order: Ship Mined Ore,32463294-45d5-4e92-a773-dce1f28a2a2b,BP_REWARDS_ShubinRank2to3,1,complete,48blueprints,"[{""weight"":1,""name"":""Pitman Mining Laser""},{""weight"":1,""name"":""Hofstede-S1 Mining Laser""},{""weight"":1,""name"":""Klein-S1 Mining Laser""},{""weight"":1,""name"":""Helix I Mining Laser""},{""weight"":1,""name"":""Impact I Mining Laser""},{""weight"":1,""name"":""Arbor MH1 Mining Laser""},{""weight"":1,""name"":""Lancet MH1 Mining Laser""},{""weight"":1,""name"":""BroadSpec-Go""},{""weight"":1,""name"":""BroadSpec""},{""weight"":1,""name"":""BroadSpec""},{""weight"":1,""name"":""BroadSpec-Max""}]"
21b3c23b-8f6d-4803-9a54-d5494327a0e1,Shubin_RG_Discovery_ShipMining_Stanton_Torite_Bexalite,Lrg. Purchase Order: Ship Mined Ore,40438f39-f78c-41bc-a8de-d6f4f4c2daec,BP_MISSIONREWARD_Shubin_ResourceGathering_ShipMining_Stanton,1,complete,blueprintmissionpools,"[{""weight"":1,""name"":""Arclight \""Nightstalker\"" Pistol""},{""weight"":1,""name"":""Aril Arms""},{""weight"":1,""name"":""Aril Core""},{""weight"":1,""name"":""Aril Legs""},{""weight"":1,""name"":""Aril Helmet""},{""weight"":1,""name"":""Arclight \""Warhawk\"" Pistol""},{""weight"":1,""name"":""Arclight Pistol Battery (30 cap)""}]"
21b3c23b-8f6d-4803-9a54-d5494327a0e1,Shubin_RG_Discovery_ShipMining_Stanton_Torite_Bexalite,Lrg. Purchase Order: Ship Mined Ore,e3254ad6-ef4d-4719-871f-f13a832038f5,BP_REWARDS_ShubinRank4,1,complete,48blueprints,"[{""weight"":1,""name"":""Arbor MH2 Mining Laser""},{""weight"":1,""name"":""Lancet MH2 Mining Laser""},{""weight"":1,""name"":""Hofstede-S2 Mining Laser""},{""weight"":1,""name"":""Klein-S2 Mining Laser""},{""weight"":1,""name"":""Helix II Mining Laser""},{""weight"":1,""name"":""Impact II Mining Laser""},{""weight"":1,""name"":""FullSpec-Go""},{""weight"":1,""name"":""FullSpec""},{""weight"":1,""name"":""FullSpec-Max""}]"
21b3c23b-8f6d-4803-9a54-d5494327a0e1,Shubin_RG_Discovery_ShipMining_Stanton_Torite_Bexalite,Lrg. Purchase Order: Ship Mined Ore,253e9697-5605-4732-b4fa-56af7a3dc140,BP_REWARDS_ShubinRank0to1,1,complete,48blueprints,"[{""weight"":1,""name"":""Arbor MHV Mining Laser""},{""weight"":1,""name"":""S00 Hofstede""},{""weight"":1,""name"":""Lawson Mining Laser""},{""weight"":1,""name"":""S0 Helix""},{""weight"":1,""name"":""Surveyor-Go""},{""weight"":1,""name"":""Surveyor-Lite""},{""weight"":1,""name"":""Surveyor""},{""weight"":1,""name"":""Surveyor-Max""}]"
21b3c23b-8f6d-4803-9a54-d5494327a0e1,Shubin_RG_Discovery_ShipMining_Stanton_Torite_Bexalite,Lrg. Purchase Order: Ship Mined Ore,32463294-45d5-4e92-a773-dce1f28a2a2b,BP_REWARDS_ShubinRank2to3,1,complete,48blueprints,"[{""weight"":1,""name"":""Pitman Mining Laser""},{""weight"":1,""name"":""Hofstede-S1 Mining Laser""},{""weight"":1,""name"":""Klein-S1 Mining Laser""},{""weight"":1,""name"":""Helix I Mining Laser""},{""weight"":1,""name"":""Impact I Mining Laser""},{""weight"":1,""name"":""Arbor MH1 Mining Laser""},{""weight"":1,""name"":""Lancet MH1 Mining Laser""},{""weight"":1,""name"":""BroadSpec-Go""},{""weight"":1,""name"":""BroadSpec""},{""weight"":1,""name"":""BroadSpec""},{""weight"":1,""name"":""BroadSpec-Max""}]"
c3d7f66e-ca09-45f7-97de-0e9121f58639,HaulCargo_AToB_Interstellar_Bulk_Ag_Med_Iod,Master Rank - Direct Bulk Cargo Haul,907989eb-9ee8-46a8-b794-032da6bd8a5d,BP_REWARDS_CovalexSuper,1,complete,48blueprints,"[{""weight"":1,""name"":""VK-00""},{""weight"":1,""name"":""Siren""},{""weight"":1,""name"":""XL-1""},{""weight"":1,""name"":""Yeager""},{""weight"":1,""name"":""Balandin""},{""weight"":1,""name"":""TS-2""},{""weight"":1,""name"":""Palisade""},{""weight"":1,""name"":""Rampart""},{""weight"":1,""name"":""Parapet""}]"
d437b432-f18b-4cd8-b932-c9e3e72b1d34,HaulCargo_AToB_Interstellar_Bulk_Ag_Med_Iodine,Master Rank - Direct Bulk Cargo Haul,907989eb-9ee8-46a8-b794-032da6bd8a5d,BP_REWARDS_CovalexSuper,1,complete,48blueprints,"[{""weight"":1,""name"":""VK-00""},{""weight"":1,""name"":""Siren""},{""weight"":1,""name"":""XL-1""},{""weight"":1,""name"":""Yeager""},{""weight"":1,""name"":""Balandin""},{""weight"":1,""name"":""TS-2""},{""weight"":1,""name"":""Palisade""},{""weight"":1,""name"":""Rampart""},{""weight"":1,""name"":""Parapet""}]"
69a17b80-b5cd-4644-8598-f6bdea857fe3,HaulCargo_AToB_Interstellar_Bulk_Ammon_PlasFu_Arg_PreIce_CM,Master Rank - Direct Bulk Cargo Haul,907989eb-9ee8-46a8-b794-032da6bd8a5d,BP_REWARDS_CovalexSuper,1,complete,48blueprints,"[{""weight"":1,""name"":""VK-00""},{""weight"":1,""name"":""Siren""},{""weight"":1,""name"":""XL-1""},{""weight"":1,""name"":""Yeager""},{""weight"":1,""name"":""Balandin""},{""weight"":1,""name"":""TS-2""},{""weight"":1,""name"":""Palisade""},{""weight"":1,""name"":""Rampart""},{""weight"":1,""name"":""Parapet""}]"
4292f5a2-bc07-4df4-b3f7-cf3a43acbdd5,HaulCargo_AToB_Interstellar_Bulk_Arg_PlasFu_PreIce_Atlas,Master Rank - Direct Bulk Cargo Haul,907989eb-9ee8-46a8-b794-032da6bd8a5d,BP_REWARDS_CovalexSuper,1,complete,48blueprints,"[{""weight"":1,""name"":""VK-00""},{""weight"":1,""name"":""Siren""},{""weight"":1,""name"":""XL-1""},{""weight"":1,""name"":""Yeager""},{""weight"":1,""name"":""Balandin""},{""weight"":1,""name"":""TS-2""},{""weight"":1,""name"":""Palisade""},{""weight"":1,""name"":""Rampart""},{""weight"":1,""name"":""Parapet""}]"
61967331-20e5-409b-9a75-f7aa0253c4fe,HaulCargo_AToB_Interstellar_Bulk_Iron_Copper_Atlas,Master Rank - Direct Bulk Cargo Haul,907989eb-9ee8-46a8-b794-032da6bd8a5d,BP_REWARDS_CovalexSuper,1,complete,48blueprints,"[{""weight"":1,""name"":""VK-00""},{""weight"":1,""name"":""Siren""},{""weight"":1,""name"":""XL-1""},{""weight"":1,""name"":""Yeager""},{""weight"":1,""name"":""Balandin""},{""weight"":1,""name"":""TS-2""},{""weight"":1,""name"":""Palisade""},{""weight"":1,""name"":""Rampart""},{""weight"":1,""name"":""Parapet""}]"
416b5ed7-5e08-47e4-afa7-da00eef0a5fe,HaulCargo_AToB_Interstellar_Bulk_Plas_Scr_Cob,Master Rank - Direct Bulk Cargo Haul,907989eb-9ee8-46a8-b794-032da6bd8a5d,BP_REWARDS_CovalexSuper,1,complete,48blueprints,"[{""weight"":1,""name"":""VK-00""},{""weight"":1,""name"":""Siren""},{""weight"":1,""name"":""XL-1""},{""weight"":1,""name"":""Yeager""},{""weight"":1,""name"":""Balandin""},{""weight"":1,""name"":""TS-2""},{""weight"":1,""name"":""Palisade""},{""weight"":1,""name"":""Rampart""},{""weight"":1,""name"":""Parapet""}]"
c4de1ea8-9853-4caf-9e49-a6f35e0a6c72,HaulCargo_AToB_Interstellar_Bulk_Plas_Scra_Cob,Master Rank - Direct Bulk Cargo Haul,907989eb-9ee8-46a8-b794-032da6bd8a5d,BP_REWARDS_CovalexSuper,1,complete,48blueprints,"[{""weight"":1,""name"":""VK-00""},{""weight"":1,""name"":""Siren""},{""weight"":1,""name"":""XL-1""},{""weight"":1,""name"":""Yeager""},{""weight"":1,""name"":""Balandin""},{""weight"":1,""name"":""TS-2""},{""weight"":1,""name"":""Palisade""},{""weight"":1,""name"":""Rampart""},{""weight"":1,""name"":""Parapet""}]"
0b400963-0b00-456a-bbc9-c036063cb6d8,HaulCargo_AToB_Interstellar_Bulk_Plas_ShipAm_RMC_LARIN,Master Rank - Direct Bulk Cargo Haul,907989eb-9ee8-46a8-b794-032da6bd8a5d,BP_REWARDS_CovalexSuper,1,complete,48blueprints,"[{""weight"":1,""name"":""VK-00""},{""weight"":1,""name"":""Siren""},{""weight"":1,""name"":""XL-1""},{""weight"":1,""name"":""Yeager""},{""weight"":1,""name"":""Balandin""},{""weight"":1,""name"":""TS-2""},{""weight"":1,""name"":""Palisade""},{""weight"":1,""name"":""Rampart""},{""weight"":1,""name"":""Parapet""}]"
c10d9de6-bb8e-4cce-9fa0-ad0ed691a94e,HaulCargo_AToB_Interstellar_Bulk_Plas_ShipAmm_RMC,Master Rank - Direct Bulk Cargo Haul,907989eb-9ee8-46a8-b794-032da6bd8a5d,BP_REWARDS_CovalexSuper,1,complete,48blueprints,"[{""weight"":1,""name"":""VK-00""},{""weight"":1,""name"":""Siren""},{""weight"":1,""name"":""XL-1""},{""weight"":1,""name"":""Yeager""},{""weight"":1,""name"":""Balandin""},{""weight"":1,""name"":""TS-2""},{""weight"":1,""name"":""Palisade""},{""weight"":1,""name"":""Rampart""},{""weight"":1,""name"":""Parapet""}]"
4b91c6f3-360f-4fe6-b704-6c664a950d75,HaulCargo_AToB_Interstellar_Bulk_PreIce_Tung_Lara,Master Rank - Direct Bulk Cargo Haul,907989eb-9ee8-46a8-b794-032da6bd8a5d,BP_REWARDS_CovalexSuper,1,complete,48blueprints,"[{""weight"":1,""name"":""VK-00""},{""weight"":1,""name"":""Siren""},{""weight"":1,""name"":""XL-1""},{""weight"":1,""name"":""Yeager""},{""weight"":1,""name"":""Balandin""},{""weight"":1,""name"":""TS-2""},{""weight"":1,""name"":""Palisade""},{""weight"":1,""name"":""Rampart""},{""weight"":1,""name"":""Parapet""}]"
64609b77-29e3-44d0-99df-c78a093851e1,HaulCargo_AToB_Interstellar_Bulk_ProFoo_TherFoam_FreFood,Master Rank - Direct Bulk Cargo Haul,907989eb-9ee8-46a8-b794-032da6bd8a5d,BP_REWARDS_CovalexSuper,1,complete,48blueprints,"[{""weight"":1,""name"":""VK-00""},{""weight"":1,""name"":""Siren""},{""weight"":1,""name"":""XL-1""},{""weight"":1,""name"":""Yeager""},{""weight"":1,""name"":""Balandin""},{""weight"":1,""name"":""TS-2""},{""weight"":1,""name"":""Palisade""},{""weight"":1,""name"":""Rampart""},{""weight"":1,""name"":""Parapet""}]"
b398f60a-f591-4462-a2c2-5f22df911639,HaulCargo_AToB_Interstellar_Bulk_Quar_Carb_Copp_DisSpir_OrgaMass,Master Rank - Direct Bulk Cargo Haul,907989eb-9ee8-46a8-b794-032da6bd8a5d,BP_REWARDS_CovalexSuper,1,complete,48blueprints,"[{""weight"":1,""name"":""VK-00""},{""weight"":1,""name"":""Siren""},{""weight"":1,""name"":""XL-1""},{""weight"":1,""name"":""Yeager""},{""weight"":1,""name"":""Balandin""},{""weight"":1,""name"":""TS-2""},{""weight"":1,""name"":""Palisade""},{""weight"":1,""name"":""Rampart""},{""weight"":1,""name"":""Parapet""}]"
5d268648-079b-4673-8c25-fa9286f5493f,HaulCargo_AToB_Interstellar_Bulk_Quart_DisSpir_Stim_OrganMass,Master Rank - Direct Bulk Cargo Haul,907989eb-9ee8-46a8-b794-032da6bd8a5d,BP_REWARDS_CovalexSuper,1,complete,48blueprints,"[{""weight"":1,""name"":""VK-00""},{""weight"":1,""name"":""Siren""},{""weight"":1,""name"":""XL-1""},{""weight"":1,""name"":""Yeager""},{""weight"":1,""name"":""Balandin""},{""weight"":1,""name"":""TS-2""},{""weight"":1,""name"":""Palisade""},{""weight"":1,""name"":""Rampart""},{""weight"":1,""name"":""Parapet""}]"
7f658b85-c9dc-4877-b81b-b1341c7de428,HaulCargo_AToB_Interstellar_Bulk_tita_Hydro_Merc_Agri,Master Rank - Direct Bulk Cargo Haul,907989eb-9ee8-46a8-b794-032da6bd8a5d,BP_REWARDS_CovalexSuper,1,complete,48blueprints,"[{""weight"":1,""name"":""VK-00""},{""weight"":1,""name"":""Siren""},{""weight"":1,""name"":""XL-1""},{""weight"":1,""name"":""Yeager""},{""weight"":1,""name"":""Balandin""},{""weight"":1,""name"":""TS-2""},{""weight"":1,""name"":""Palisade""},{""weight"":1,""name"":""Rampart""},{""weight"":1,""name"":""Parapet""}]"
0461cdb8-aa0a-4354-a903-9f57668d6add,HaulCargo_MultiToSingle_Interstellar_Large_preIce_AggSup_Scr_FreFoo,Master Rank - Large Cargo Haul,907989eb-9ee8-46a8-b794-032da6bd8a5d,BP_REWARDS_CovalexSuper,1,complete,48blueprints,"[{""weight"":1,""name"":""VK-00""},{""weight"":1,""name"":""Siren""},{""weight"":1,""name"":""XL-1""},{""weight"":1,""name"":""Yeager""},{""weight"":1,""name"":""Balandin""},{""weight"":1,""name"":""TS-2""},{""weight"":1,""name"":""Palisade""},{""weight"":1,""name"":""Rampart""},{""weight"":1,""name"":""Parapet""}]"
2701ce42-2812-4ee2-b170-250a73d3c82a,HaulCargo_SingleToMulti_Interstellar_Bulk_OrganiMass,Master Rank - Large Cargo Haul,907989eb-9ee8-46a8-b794-032da6bd8a5d,BP_REWARDS_CovalexSuper,1,complete,48blueprints,"[{""weight"":1,""name"":""VK-00""},{""weight"":1,""name"":""Siren""},{""weight"":1,""name"":""XL-1""},{""weight"":1,""name"":""Yeager""},{""weight"":1,""name"":""Balandin""},{""weight"":1,""name"":""TS-2""},{""weight"":1,""name"":""Palisade""},{""weight"":1,""name"":""Rampart""},{""weight"":1,""name"":""Parapet""}]"
2079d6bb-df97-4cae-a588-4cf77c4cbcc9,Shubin_RG_Discovery_FPSMine_Pyro_Rank1_MediumQuantity_Doliv,Med. Purchase Order: Hand Mined Materials,5e79204c-6d26-4ddb-95c8-6940028e4d89,BP_MISSIONREWARD_Shubin_ResourceGathering_FPSMining_Pyro,1,complete,blueprintmissionpools,"[{""weight"":1,""name"":""Arclight \""Herrero\"" Pistol""},{""weight"":1,""name"":""Arclight \""Desert Shadow\"" Pistol""},{""weight"":1,""name"":""Pembroke Exploration Suit""},{""weight"":1,""name"":""Pembroke Helmet""},{""weight"":1,""name"":""Novikov Exploration Suit""},{""weight"":1,""name"":""Novikov Helmet""},{""weight"":1,""name"":""Arclight Pistol Battery (30 cap)""}]"
0eddd66a-e377-443a-a83d-b3f9f4087eda,Shubin_RG_Discovery_FPSMine_Stanton_Rank1_MediumQuantity_Apho,Med. Purchase Order: Hand Mined Materials,ebe453ce-10cc-4811-8c68-217c5fecb79e,BP_MISSIONREWARD_Shubin_ResourceGathering_FPSMining_Stanton,1,complete,blueprintmissionpools,"[{""weight"":1,""name"":""Arclight \""Midnight\"" Pistol""},{""weight"":1,""name"":""Strata Arms""},{""weight"":1,""name"":""Strata Core""},{""weight"":1,""name"":""Strata Legs""},{""weight"":1,""name"":""Strata Helmet Shooting Star""},{""weight"":1,""name"":""Arclight Pistol Battery (30 cap)""}]"
6fdbb285-4279-450d-86af-c452a31c388e,Shubin_RG_Discovery_FPSMine_Stanton_Rank1_MediumQuantity_Doliv,Med. Purchase Order: Hand Mined Materials,ebe453ce-10cc-4811-8c68-217c5fecb79e,BP_MISSIONREWARD_Shubin_ResourceGathering_FPSMining_Stanton,1,complete,blueprintmissionpools,"[{""weight"":1,""name"":""Arclight \""Midnight\"" Pistol""},{""weight"":1,""name"":""Strata Arms""},{""weight"":1,""name"":""Strata Core""},{""weight"":1,""name"":""Strata Legs""},{""weight"":1,""name"":""Strata Helmet Shooting Star""},{""weight"":1,""name"":""Arclight Pistol Battery (30 cap)""}]"
cab436ab-95ba-4c9f-aa9b-ea51563e8f21,Shubin_RG_Discovery_FPSMine_Stanton_Rank1_MediumQuantity_Had,Med. Purchase Order: Hand Mined Materials,ebe453ce-10cc-4811-8c68-217c5fecb79e,BP_MISSIONREWARD_Shubin_ResourceGathering_FPSMining_Stanton,1,complete,blueprintmissionpools,"[{""weight"":1,""name"":""Arclight \""Midnight\"" Pistol""},{""weight"":1,""name"":""Strata Arms""},{""weight"":1,""name"":""Strata Core""},{""weight"":1,""name"":""Strata Legs""},{""weight"":1,""name"":""Strata Helmet Shooting Star""},{""weight"":1,""name"":""Arclight Pistol Battery (30 cap)""}]"
6bb34cd6-89a5-49e0-bdee-1ebc7e597a12,Shubin_RG_Discovery_ShipMining_Nyx_unlawful_Common_Aluminium,Med. Purchase Order: Ship Mined Ore,c2bd6ae6-c4a1-4fb1-8421-bd2979f39f77,BP_MISSIONREWARD_Shubin_ResourceGathering_ShipMining_PyroNyx,1,complete,blueprintmissionpools,"[{""weight"":1,""name"":""Arclight \""Stormfall\"" Pistol""},{""weight"":1,""name"":""Arclight Pistol""},{""weight"":1,""name"":""Venture Arms""},{""weight"":1,""name"":""Venture Core""},{""weight"":1,""name"":""Venture Legs""},{""weight"":1,""name"":""Horizon Helmet""},{""weight"":1,""name"":""Arclight Pistol Battery (30 cap)""}]"
6bb34cd6-89a5-49e0-bdee-1ebc7e597a12,Shubin_RG_Discovery_ShipMining_Nyx_unlawful_Common_Aluminium,Med. Purchase Order: Ship Mined Ore,32463294-45d5-4e92-a773-dce1f28a2a2b,BP_REWARDS_ShubinRank2to3,1,complete,48blueprints,"[{""weight"":1,""name"":""Pitman Mining Laser""},{""weight"":1,""name"":""Hofstede-S1 Mining Laser""},{""weight"":1,""name"":""Klein-S1 Mining Laser""},{""weight"":1,""name"":""Helix I Mining Laser""},{""weight"":1,""name"":""Impact I Mining Laser""},{""weight"":1,""name"":""Arbor MH1 Mining Laser""},{""weight"":1,""name"":""Lancet MH1 Mining Laser""},{""weight"":1,""name"":""BroadSpec-Go""},{""weight"":1,""name"":""BroadSpec""},{""weight"":1,""name"":""BroadSpec""},{""weight"":1,""name"":""BroadSpec-Max""}]"
03a81b35-c687-471e-8baf-0d44f485320c,Shubin_RG_Discovery_ShipMining_Pyro_Unlawful_Common_Aluminium_Copper_Silicon_Tin,Med. Purchase Order: Ship Mined Ore,c2bd6ae6-c4a1-4fb1-8421-bd2979f39f77,BP_MISSIONREWARD_Shubin_ResourceGathering_ShipMining_PyroNyx,1,complete,blueprintmissionpools,"[{""weight"":1,""name"":""Arclight \""Stormfall\"" Pistol""},{""weight"":1,""name"":""Arclight Pistol""},{""weight"":1,""name"":""Venture Arms""},{""weight"":1,""name"":""Venture Core""},{""weight"":1,""name"":""Venture Legs""},{""weight"":1,""name"":""Horizon Helmet""},{""weight"":1,""name"":""Arclight Pistol Battery (30 cap)""}]"
03a81b35-c687-471e-8baf-0d44f485320c,Shubin_RG_Discovery_ShipMining_Pyro_Unlawful_Common_Aluminium_Copper_Silicon_Tin,Med. Purchase Order: Ship Mined Ore,32463294-45d5-4e92-a773-dce1f28a2a2b,BP_REWARDS_ShubinRank2to3,1,complete,48blueprints,"[{""weight"":1,""name"":""Pitman Mining Laser""},{""weight"":1,""name"":""Hofstede-S1 Mining Laser""},{""weight"":1,""name"":""Klein-S1 Mining Laser""},{""weight"":1,""name"":""Helix I Mining Laser""},{""weight"":1,""name"":""Impact I Mining Laser""},{""weight"":1,""name"":""Arbor MH1 Mining Laser""},{""weight"":1,""name"":""Lancet MH1 Mining Laser""},{""weight"":1,""name"":""BroadSpec-Go""},{""weight"":1,""name"":""BroadSpec""},{""weight"":1,""name"":""BroadSpec""},{""weight"":1,""name"":""BroadSpec-Max""}]"
056640ec-c485-4991-9436-143acec96d42,Shubin_RG_Discovery_ShipMining_Pyro_unlawful_Common_Aluminium,Med. Purchase Order: Ship Mined Ore,c2bd6ae6-c4a1-4fb1-8421-bd2979f39f77,BP_MISSIONREWARD_Shubin_ResourceGathering_ShipMining_PyroNyx,1,complete,blueprintmissionpools,"[{""weight"":1,""name"":""Arclight \""Stormfall\"" Pistol""},{""weight"":1,""name"":""Arclight Pistol""},{""weight"":1,""name"":""Venture Arms""},{""weight"":1,""name"":""Venture Core""},{""weight"":1,""name"":""Venture Legs""},{""weight"":1,""name"":""Horizon Helmet""},{""weight"":1,""name"":""Arclight Pistol Battery (30 cap)""}]"
056640ec-c485-4991-9436-143acec96d42,Shubin_RG_Discovery_ShipMining_Pyro_unlawful_Common_Aluminium,Med. Purchase Order: Ship Mined Ore,32463294-45d5-4e92-a773-dce1f28a2a2b,BP_REWARDS_ShubinRank2to3,1,complete,48blueprints,"[{""weight"":1,""name"":""Pitman Mining Laser""},{""weight"":1,""name"":""Hofstede-S1 Mining Laser""},{""weight"":1,""name"":""Klein-S1 Mining Laser""},{""weight"":1,""name"":""Helix I Mining Laser""},{""weight"":1,""name"":""Impact I Mining Laser""},{""weight"":1,""name"":""Arbor MH1 Mining Laser""},{""weight"":1,""name"":""Lancet MH1 Mining Laser""},{""weight"":1,""name"":""BroadSpec-Go""},{""weight"":1,""name"":""BroadSpec""},{""weight"":1,""name"":""BroadSpec""},{""weight"":1,""name"":""BroadSpec-Max""}]"
f7f795d3-1814-4257-a213-d80057d5c6a7,Shubin_RG_Discovery_ShipMining_Pyro_unlawful_Common_Copper,Med. Purchase Order: Ship Mined Ore,c2bd6ae6-c4a1-4fb1-8421-bd2979f39f77,BP_MISSIONREWARD_Shubin_ResourceGathering_ShipMining_PyroNyx,1,complete,blueprintmissionpools,"[{""weight"":1,""name"":""Arclight \""Stormfall\"" Pistol""},{""weight"":1,""name"":""Arclight Pistol""},{""weight"":1,""name"":""Venture Arms""},{""weight"":1,""name"":""Venture Core""},{""weight"":1,""name"":""Venture Legs""},{""weight"":1,""name"":""Horizon Helmet""},{""weight"":1,""name"":""Arclight Pistol Battery (30 cap)""}]"
f7f795d3-1814-4257-a213-d80057d5c6a7,Shubin_RG_Discovery_ShipMining_Pyro_unlawful_Common_Copper,Med. Purchase Order: Ship Mined Ore,32463294-45d5-4e92-a773-dce1f28a2a2b,BP_REWARDS_ShubinRank2to3,1,complete,48blueprints,"[{""weight"":1,""name"":""Pitman Mining Laser""},{""weight"":1,""name"":""Hofstede-S1 Mining Laser""},{""weight"":1,""name"":""Klein-S1 Mining Laser""},{""weight"":1,""name"":""Helix I Mining Laser""},{""weight"":1,""name"":""Impact I Mining Laser""},{""weight"":1,""name"":""Arbor MH1 Mining Laser""},{""weight"":1,""name"":""Lancet MH1 Mining Laser""},{""weight"":1,""name"":""BroadSpec-Go""},{""weight"":1,""name"":""BroadSpec""},{""weight"":1,""name"":""BroadSpec""},{""weight"":1,""name"":""BroadSpec-Max""}]"
6364bd24-f431-4c45-b128-e2ad7379ecf1,Shubin_RG_Discovery_ShipMining_Pyro_unlawful_Common_Corundum,Med. Purchase Order: Ship Mined Ore,c2bd6ae6-c4a1-4fb1-8421-bd2979f39f77,BP_MISSIONREWARD_Shubin_ResourceGathering_ShipMining_PyroNyx,1,complete,blueprintmissionpools,"[{""weight"":1,""name"":""Arclight \""Stormfall\"" Pistol""},{""weight"":1,""name"":""Arclight Pistol""},{""weight"":1,""name"":""Venture Arms""},{""weight"":1,""name"":""Venture Core""},{""weight"":1,""name"":""Venture Legs""},{""weight"":1,""name"":""Horizon Helmet""},{""weight"":1,""name"":""Arclight Pistol Battery (30 cap)""}]"
6364bd24-f431-4c45-b128-e2ad7379ecf1,Shubin_RG_Discovery_ShipMining_Pyro_unlawful_Common_Corundum,Med. Purchase Order: Ship Mined Ore,32463294-45d5-4e92-a773-dce1f28a2a2b,BP_REWARDS_ShubinRank2to3,1,complete,48blueprints,"[{""weight"":1,""name"":""Pitman Mining Laser""},{""weight"":1,""name"":""Hofstede-S1 Mining Laser""},{""weight"":1,""name"":""Klein-S1 Mining Laser""},{""weight"":1,""name"":""Helix I Mining Laser""},{""weight"":1,""name"":""Impact I Mining Laser""},{""weight"":1,""name"":""Arbor MH1 Mining Laser""},{""weight"":1,""name"":""Lancet MH1 Mining Laser""},{""weight"":1,""name"":""BroadSpec-Go""},{""weight"":1,""name"":""BroadSpec""},{""weight"":1,""name"":""BroadSpec""},{""weight"":1,""name"":""BroadSpec-Max""}]"
0adf4c25-97af-4180-923a-42d65ba185be,Shubin_RG_Discovery_ShipMining_Pyro_unlawful_Common_Ice,Med. Purchase Order: Ship Mined Ore,c2bd6ae6-c4a1-4fb1-8421-bd2979f39f77,BP_MISSIONREWARD_Shubin_ResourceGathering_ShipMining_PyroNyx,1,complete,blueprintmissionpools,"[{""weight"":1,""name"":""Arclight \""Stormfall\"" Pistol""},{""weight"":1,""name"":""Arclight Pistol""},{""weight"":1,""name"":""Venture Arms""},{""weight"":1,""name"":""Venture Core""},{""weight"":1,""name"":""Venture Legs""},{""weight"":1,""name"":""Horizon Helmet""},{""weight"":1,""name"":""Arclight Pistol Battery (30 cap)""}]"
0adf4c25-97af-4180-923a-42d65ba185be,Shubin_RG_Discovery_ShipMining_Pyro_unlawful_Common_Ice,Med. Purchase Order: Ship Mined Ore,32463294-45d5-4e92-a773-dce1f28a2a2b,BP_REWARDS_ShubinRank2to3,1,complete,48blueprints,"[{""weight"":1,""name"":""Pitman Mining Laser""},{""weight"":1,""name"":""Hofstede-S1 Mining Laser""},{""weight"":1,""name"":""Klein-S1 Mining Laser""},{""weight"":1,""name"":""Helix I Mining Laser""},{""weight"":1,""name"":""Impact I Mining Laser""},{""weight"":1,""name"":""Arbor MH1 Mining Laser""},{""weight"":1,""name"":""Lancet MH1 Mining Laser""},{""weight"":1,""name"":""BroadSpec-Go""},{""weight"":1,""name"":""BroadSpec""},{""weight"":1,""name"":""BroadSpec""},{""weight"":1,""name"":""BroadSpec-Max""}]"
d79f1f13-d99a-48b8-b602-d2704cb38d67,Shubin_RG_Discovery_ShipMining_Pyro_unlawful_Common_Iron,Med. Purchase Order: Ship Mined Ore,c2bd6ae6-c4a1-4fb1-8421-bd2979f39f77,BP_MISSIONREWARD_Shubin_ResourceGathering_ShipMining_PyroNyx,1,complete,blueprintmissionpools,"[{""weight"":1,""name"":""Arclight \""Stormfall\"" Pistol""},{""weight"":1,""name"":""Arclight Pistol""},{""weight"":1,""name"":""Venture Arms""},{""weight"":1,""name"":""Venture Core""},{""weight"":1,""name"":""Venture Legs""},{""weight"":1,""name"":""Horizon Helmet""},{""weight"":1,""name"":""Arclight Pistol Battery (30 cap)""}]"
d79f1f13-d99a-48b8-b602-d2704cb38d67,Shubin_RG_Discovery_ShipMining_Pyro_unlawful_Common_Iron,Med. Purchase Order: Ship Mined Ore,32463294-45d5-4e92-a773-dce1f28a2a2b,BP_REWARDS_ShubinRank2to3,1,complete,48blueprints,"[{""weight"":1,""name"":""Pitman Mining Laser""},{""weight"":1,""name"":""Hofstede-S1 Mining Laser""},{""weight"":1,""name"":""Klein-S1 Mining Laser""},{""weight"":1,""name"":""Helix I Mining Laser""},{""weight"":1,""name"":""Impact I Mining Laser""},{""weight"":1,""name"":""Arbor MH1 Mining Laser""},{""weight"":1,""name"":""Lancet MH1 Mining Laser""},{""weight"":1,""name"":""BroadSpec-Go""},{""weight"":1,""name"":""BroadSpec""},{""weight"":1,""name"":""BroadSpec""},{""weight"":1,""name"":""BroadSpec-Max""}]"
bb87d679-7918-4194-bdcb-b25113a63ab5,Shubin_RG_Discovery_ShipMining_Pyro_unlawful_Common_Quartz,Med. Purchase Order: Ship Mined Ore,c2bd6ae6-c4a1-4fb1-8421-bd2979f39f77,BP_MISSIONREWARD_Shubin_ResourceGathering_ShipMining_PyroNyx,1,complete,blueprintmissionpools,"[{""weight"":1,""name"":""Arclight \""Stormfall\"" Pistol""},{""weight"":1,""name"":""Arclight Pistol""},{""weight"":1,""name"":""Venture Arms""},{""weight"":1,""name"":""Venture Core""},{""weight"":1,""name"":""Venture Legs""},{""weight"":1,""name"":""Horizon Helmet""},{""weight"":1,""name"":""Arclight Pistol Battery (30 cap)""}]"
bb87d679-7918-4194-bdcb-b25113a63ab5,Shubin_RG_Discovery_ShipMining_Pyro_unlawful_Common_Quartz,Med. Purchase Order: Ship Mined Ore,32463294-45d5-4e92-a773-dce1f28a2a2b,BP_REWARDS_ShubinRank2to3,1,complete,48blueprints,"[{""weight"":1,""name"":""Pitman Mining Laser""},{""weight"":1,""name"":""Hofstede-S1 Mining Laser""},{""weight"":1,""name"":""Klein-S1 Mining Laser""},{""weight"":1,""name"":""Helix I Mining Laser""},{""weight"":1,""name"":""Impact I Mining Laser""},{""weight"":1,""name"":""Arbor MH1 Mining Laser""},{""weight"":1,""name"":""Lancet MH1 Mining Laser""},{""weight"":1,""name"":""BroadSpec-Go""},{""weight"":1,""name"":""BroadSpec""},{""weight"":1,""name"":""BroadSpec""},{""weight"":1,""name"":""BroadSpec-Max""}]"
c98e0f2d-5dcd-447f-88c8-05e44f7d4f9e,Shubin_RG_Discovery_ShipMining_Pyro_unlawful_Common_Quartz_Ice,Med. Purchase Order: Ship Mined Ore,c2bd6ae6-c4a1-4fb1-8421-bd2979f39f77,BP_MISSIONREWARD_Shubin_ResourceGathering_ShipMining_PyroNyx,1,complete,blueprintmissionpools,"[{""weight"":1,""name"":""Arclight \""Stormfall\"" Pistol""},{""weight"":1,""name"":""Arclight Pistol""},{""weight"":1,""name"":""Venture Arms""},{""weight"":1,""name"":""Venture Core""},{""weight"":1,""name"":""Venture Legs""},{""weight"":1,""name"":""Horizon Helmet""},{""weight"":1,""name"":""Arclight Pistol Battery (30 cap)""}]"
c98e0f2d-5dcd-447f-88c8-05e44f7d4f9e,Shubin_RG_Discovery_ShipMining_Pyro_unlawful_Common_Quartz_Ice,Med. Purchase Order: Ship Mined Ore,32463294-45d5-4e92-a773-dce1f28a2a2b,BP_REWARDS_ShubinRank2to3,1,complete,48blueprints,"[{""weight"":1,""name"":""Pitman Mining Laser""},{""weight"":1,""name"":""Hofstede-S1 Mining Laser""},{""weight"":1,""name"":""Klein-S1 Mining Laser""},{""weight"":1,""name"":""Helix I Mining Laser""},{""weight"":1,""name"":""Impact I Mining Laser""},{""weight"":1,""name"":""Arbor MH1 Mining Laser""},{""weight"":1,""name"":""Lancet MH1 Mining Laser""},{""weight"":1,""name"":""BroadSpec-Go""},{""weight"":1,""name"":""BroadSpec""},{""weight"":1,""name"":""BroadSpec""},{""weight"":1,""name"":""BroadSpec-Max""}]"
5768b3e5-d083-4554-ac02-e34452f63ac3,Shubin_RG_Discovery_ShipMining_Pyro_unlawful_Common_Silicon,Med. Purchase Order: Ship Mined Ore,c2bd6ae6-c4a1-4fb1-8421-bd2979f39f77,BP_MISSIONREWARD_Shubin_ResourceGathering_ShipMining_PyroNyx,1,complete,blueprintmissionpools,"[{""weight"":1,""name"":""Arclight \""Stormfall\"" Pistol""},{""weight"":1,""name"":""Arclight Pistol""},{""weight"":1,""name"":""Venture Arms""},{""weight"":1,""name"":""Venture Core""},{""weight"":1,""name"":""Venture Legs""},{""weight"":1,""name"":""Horizon Helmet""},{""weight"":1,""name"":""Arclight Pistol Battery (30 cap)""}]"
5768b3e5-d083-4554-ac02-e34452f63ac3,Shubin_RG_Discovery_ShipMining_Pyro_unlawful_Common_Silicon,Med. Purchase Order: Ship Mined Ore,32463294-45d5-4e92-a773-dce1f28a2a2b,BP_REWARDS_ShubinRank2to3,1,complete,48blueprints,"[{""weight"":1,""name"":""Pitman Mining Laser""},{""weight"":1,""name"":""Hofstede-S1 Mining Laser""},{""weight"":1,""name"":""Klein-S1 Mining Laser""},{""weight"":1,""name"":""Helix I Mining Laser""},{""weight"":1,""name"":""Impact I Mining Laser""},{""weight"":1,""name"":""Arbor MH1 Mining Laser""},{""weight"":1,""name"":""Lancet MH1 Mining Laser""},{""weight"":1,""name"":""BroadSpec-Go""},{""weight"":1,""name"":""BroadSpec""},{""weight"":1,""name"":""BroadSpec""},{""weight"":1,""name"":""BroadSpec-Max""}]"
29747e0a-392e-461f-ab1a-026856e5d9e4,Shubin_RG_Discovery_ShipMining_Pyro_unlawful_Common_Tin,Med. Purchase Order: Ship Mined Ore,c2bd6ae6-c4a1-4fb1-8421-bd2979f39f77,BP_MISSIONREWARD_Shubin_ResourceGathering_ShipMining_PyroNyx,1,complete,blueprintmissionpools,"[{""weight"":1,""name"":""Arclight \""Stormfall\"" Pistol""},{""weight"":1,""name"":""Arclight Pistol""},{""weight"":1,""name"":""Venture Arms""},{""weight"":1,""name"":""Venture Core""},{""weight"":1,""name"":""Venture Legs""},{""weight"":1,""name"":""Horizon Helmet""},{""weight"":1,""name"":""Arclight Pistol Battery (30 cap)""}]"
29747e0a-392e-461f-ab1a-026856e5d9e4,Shubin_RG_Discovery_ShipMining_Pyro_unlawful_Common_Tin,Med. Purchase Order: Ship Mined Ore,32463294-45d5-4e92-a773-dce1f28a2a2b,BP_REWARDS_ShubinRank2to3,1,complete,48blueprints,"[{""weight"":1,""name"":""Pitman Mining Laser""},{""weight"":1,""name"":""Hofstede-S1 Mining Laser""},{""weight"":1,""name"":""Klein-S1 Mining Laser""},{""weight"":1,""name"":""Helix I Mining Laser""},{""weight"":1,""name"":""Impact I Mining Laser""},{""weight"":1,""name"":""Arbor MH1 Mining Laser""},{""weight"":1,""name"":""Lancet MH1 Mining Laser""},{""weight"":1,""name"":""BroadSpec-Go""},{""weight"":1,""name"":""BroadSpec""},{""weight"":1,""name"":""BroadSpec""},{""weight"":1,""name"":""BroadSpec-Max""}]"
5e4c696e-dbf5-45d6-aef8-1ea9473d7137,Shubin_RG_Discovery_ShipMining_Pyro_unlawful_Common_Titanium,Med. Purchase Order: Ship Mined Ore,c2bd6ae6-c4a1-4fb1-8421-bd2979f39f77,BP_MISSIONREWARD_Shubin_ResourceGathering_ShipMining_PyroNyx,1,complete,blueprintmissionpools,"[{""weight"":1,""name"":""Arclight \""Stormfall\"" Pistol""},{""weight"":1,""name"":""Arclight Pistol""},{""weight"":1,""name"":""Venture Arms""},{""weight"":1,""name"":""Venture Core""},{""weight"":1,""name"":""Venture Legs""},{""weight"":1,""name"":""Horizon Helmet""},{""weight"":1,""name"":""Arclight Pistol Battery (30 cap)""}]"
5e4c696e-dbf5-45d6-aef8-1ea9473d7137,Shubin_RG_Discovery_ShipMining_Pyro_unlawful_Common_Titanium,Med. Purchase Order: Ship Mined Ore,32463294-45d5-4e92-a773-dce1f28a2a2b,BP_REWARDS_ShubinRank2to3,1,complete,48blueprints,"[{""weight"":1,""name"":""Pitman Mining Laser""},{""weight"":1,""name"":""Hofstede-S1 Mining Laser""},{""weight"":1,""name"":""Klein-S1 Mining Laser""},{""weight"":1,""name"":""Helix I Mining Laser""},{""weight"":1,""name"":""Impact I Mining Laser""},{""weight"":1,""name"":""Arbor MH1 Mining Laser""},{""weight"":1,""name"":""Lancet MH1 Mining Laser""},{""weight"":1,""name"":""BroadSpec-Go""},{""weight"":1,""name"":""BroadSpec""},{""weight"":1,""name"":""BroadSpec""},{""weight"":1,""name"":""BroadSpec-Max""}]"
137d5910-c9b3-40ca-9e6d-016e11a2bf94,Shubin_RG_Discovery_ShipMining_Pyro_unlawful_Common_Tungsten,Med. Purchase Order: Ship Mined Ore,c2bd6ae6-c4a1-4fb1-8421-bd2979f39f77,BP_MISSIONREWARD_Shubin_ResourceGathering_ShipMining_PyroNyx,1,complete,blueprintmissionpools,"[{""weight"":1,""name"":""Arclight \""Stormfall\"" Pistol""},{""weight"":1,""name"":""Arclight Pistol""},{""weight"":1,""name"":""Venture Arms""},{""weight"":1,""name"":""Venture Core""},{""weight"":1,""name"":""Venture Legs""},{""weight"":1,""name"":""Horizon Helmet""},{""weight"":1,""name"":""Arclight Pistol Battery (30 cap)""}]"
137d5910-c9b3-40ca-9e6d-016e11a2bf94,Shubin_RG_Discovery_ShipMining_Pyro_unlawful_Common_Tungsten,Med. Purchase Order: Ship Mined Ore,32463294-45d5-4e92-a773-dce1f28a2a2b,BP_REWARDS_ShubinRank2to3,1,complete,48blueprints,"[{""weight"":1,""name"":""Pitman Mining Laser""},{""weight"":1,""name"":""Hofstede-S1 Mining Laser""},{""weight"":1,""name"":""Klein-S1 Mining Laser""},{""weight"":1,""name"":""Helix I Mining Laser""},{""weight"":1,""name"":""Impact I Mining Laser""},{""weight"":1,""name"":""Arbor MH1 Mining Laser""},{""weight"":1,""name"":""Lancet MH1 Mining Laser""},{""weight"":1,""name"":""BroadSpec-Go""},{""weight"":1,""name"":""BroadSpec""},{""weight"":1,""name"":""BroadSpec""},{""weight"":1,""name"":""BroadSpec-Max""}]"
36fd6e5f-5d7d-4ac7-9f11-cc9d214f5667,Shubin_RG_Discovery_ShipMining_Stanton_Lawful_Aluminium_Quartz_Iron_Copper_Corundum_Titainum,Med. Purchase Order: Ship Mined Ore,40438f39-f78c-41bc-a8de-d6f4f4c2daec,BP_MISSIONREWARD_Shubin_ResourceGathering_ShipMining_Stanton,1,complete,blueprintmissionpools,"[{""weight"":1,""name"":""Arclight \""Nightstalker\"" Pistol""},{""weight"":1,""name"":""Aril Arms""},{""weight"":1,""name"":""Aril Core""},{""weight"":1,""name"":""Aril Legs""},{""weight"":1,""name"":""Aril Helmet""},{""weight"":1,""name"":""Arclight \""Warhawk\"" Pistol""},{""weight"":1,""name"":""Arclight Pistol Battery (30 cap)""}]"
36fd6e5f-5d7d-4ac7-9f11-cc9d214f5667,Shubin_RG_Discovery_ShipMining_Stanton_Lawful_Aluminium_Quartz_Iron_Copper_Corundum_Titainum,Med. Purchase Order: Ship Mined Ore,32463294-45d5-4e92-a773-dce1f28a2a2b,BP_REWARDS_ShubinRank2to3,1,complete,48blueprints,"[{""weight"":1,""name"":""Pitman Mining Laser""},{""weight"":1,""name"":""Hofstede-S1 Mining Laser""},{""weight"":1,""name"":""Klein-S1 Mining Laser""},{""weight"":1,""name"":""Helix I Mining Laser""},{""weight"":1,""name"":""Impact I Mining Laser""},{""weight"":1,""name"":""Arbor MH1 Mining Laser""},{""weight"":1,""name"":""Lancet MH1 Mining Laser""},{""weight"":1,""name"":""BroadSpec-Go""},{""weight"":1,""name"":""BroadSpec""},{""weight"":1,""name"":""BroadSpec""},{""weight"":1,""name"":""BroadSpec-Max""}]"
03b0755a-3c16-40bf-948d-15a38ec9c51e,Shubin_RG_Discovery_ShipMining_Stanton_Lawful_Common_Aluminium,Med. Purchase Order: Ship Mined Ore,40438f39-f78c-41bc-a8de-d6f4f4c2daec,BP_MISSIONREWARD_Shubin_ResourceGathering_ShipMining_Stanton,1,complete,blueprintmissionpools,"[{""weight"":1,""name"":""Arclight \""Nightstalker\"" Pistol""},{""weight"":1,""name"":""Aril Arms""},{""weight"":1,""name"":""Aril Core""},{""weight"":1,""name"":""Aril Legs""},{""weight"":1,""name"":""Aril Helmet""},{""weight"":1,""name"":""Arclight \""Warhawk\"" Pistol""},{""weight"":1,""name"":""Arclight Pistol Battery (30 cap)""}]"
03b0755a-3c16-40bf-948d-15a38ec9c51e,Shubin_RG_Discovery_ShipMining_Stanton_Lawful_Common_Aluminium,Med. Purchase Order: Ship Mined Ore,32463294-45d5-4e92-a773-dce1f28a2a2b,BP_REWARDS_ShubinRank2to3,1,complete,48blueprints,"[{""weight"":1,""name"":""Pitman Mining Laser""},{""weight"":1,""name"":""Hofstede-S1 Mining Laser""},{""weight"":1,""name"":""Klein-S1 Mining Laser""},{""weight"":1,""name"":""Helix I Mining Laser""},{""weight"":1,""name"":""Impact I Mining Laser""},{""weight"":1,""name"":""Arbor MH1 Mining Laser""},{""weight"":1,""name"":""Lancet MH1 Mining Laser""},{""weight"":1,""name"":""BroadSpec-Go""},{""weight"":1,""name"":""BroadSpec""},{""weight"":1,""name"":""BroadSpec""},{""weight"":1,""name"":""BroadSpec-Max""}]"
ad39aee9-45b8-42f8-9ac7-714c794a55d3,Shubin_RG_Discovery_ShipMining_Stanton_Lawful_Common_Aluminium_Copper,Med. Purchase Order: Ship Mined Ore,40438f39-f78c-41bc-a8de-d6f4f4c2daec,BP_MISSIONREWARD_Shubin_ResourceGathering_ShipMining_Stanton,1,complete,blueprintmissionpools,"[{""weight"":1,""name"":""Arclight \""Nightstalker\"" Pistol""},{""weight"":1,""name"":""Aril Arms""},{""weight"":1,""name"":""Aril Core""},{""weight"":1,""name"":""Aril Legs""},{""weight"":1,""name"":""Aril Helmet""},{""weight"":1,""name"":""Arclight \""Warhawk\"" Pistol""},{""weight"":1,""name"":""Arclight Pistol Battery (30 cap)""}]"
ad39aee9-45b8-42f8-9ac7-714c794a55d3,Shubin_RG_Discovery_ShipMining_Stanton_Lawful_Common_Aluminium_Copper,Med. Purchase Order: Ship Mined Ore,32463294-45d5-4e92-a773-dce1f28a2a2b,BP_REWARDS_ShubinRank2to3,1,complete,48blueprints,"[{""weight"":1,""name"":""Pitman Mining Laser""},{""weight"":1,""name"":""Hofstede-S1 Mining Laser""},{""weight"":1,""name"":""Klein-S1 Mining Laser""},{""weight"":1,""name"":""Helix I Mining Laser""},{""weight"":1,""name"":""Impact I Mining Laser""},{""weight"":1,""name"":""Arbor MH1 Mining Laser""},{""weight"":1,""name"":""Lancet MH1 Mining Laser""},{""weight"":1,""name"":""BroadSpec-Go""},{""weight"":1,""name"":""BroadSpec""},{""weight"":1,""name"":""BroadSpec""},{""weight"":1,""name"":""BroadSpec-Max""}]"
8cab68aa-38ec-4ba9-917b-271e67c10944,Shubin_RG_Discovery_ShipMining_Stanton_Lawful_Common_Aluminium_Quartz_Copper,Med. Purchase Order: Ship Mined Ore,40438f39-f78c-41bc-a8de-d6f4f4c2daec,BP_MISSIONREWARD_Shubin_ResourceGathering_ShipMining_Stanton,1,complete,blueprintmissionpools,"[{""weight"":1,""name"":""Arclight \""Nightstalker\"" Pistol""},{""weight"":1,""name"":""Aril Arms""},{""weight"":1,""name"":""Aril Core""},{""weight"":1,""name"":""Aril Legs""},{""weight"":1,""name"":""Aril Helmet""},{""weight"":1,""name"":""Arclight \""Warhawk\"" Pistol""},{""weight"":1,""name"":""Arclight Pistol Battery (30 cap)""}]"
8cab68aa-38ec-4ba9-917b-271e67c10944,Shubin_RG_Discovery_ShipMining_Stanton_Lawful_Common_Aluminium_Quartz_Copper,Med. Purchase Order: Ship Mined Ore,32463294-45d5-4e92-a773-dce1f28a2a2b,BP_REWARDS_ShubinRank2to3,1,complete,48blueprints,"[{""weight"":1,""name"":""Pitman Mining Laser""},{""weight"":1,""name"":""Hofstede-S1 Mining Laser""},{""weight"":1,""name"":""Klein-S1 Mining Laser""},{""weight"":1,""name"":""Helix I Mining Laser""},{""weight"":1,""name"":""Impact I Mining Laser""},{""weight"":1,""name"":""Arbor MH1 Mining Laser""},{""weight"":1,""name"":""Lancet MH1 Mining Laser""},{""weight"":1,""name"":""BroadSpec-Go""},{""weight"":1,""name"":""BroadSpec""},{""weight"":1,""name"":""BroadSpec""},{""weight"":1,""name"":""BroadSpec-Max""}]"
b4267767-eacd-4763-aba6-d12b1fb1b6fc,Shubin_RG_Discovery_ShipMining_Stanton_Lawful_Common_Aluminium_Quartz_Iron_Copper_Tungsten_Corundum_Titanium,Med. Purchase Order: Ship Mined Ore,40438f39-f78c-41bc-a8de-d6f4f4c2daec,BP_MISSIONREWARD_Shubin_ResourceGathering_ShipMining_Stanton,1,complete,blueprintmissionpools,"[{""weight"":1,""name"":""Arclight \""Nightstalker\"" Pistol""},{""weight"":1,""name"":""Aril Arms""},{""weight"":1,""name"":""Aril Core""},{""weight"":1,""name"":""Aril Legs""},{""weight"":1,""name"":""Aril Helmet""},{""weight"":1,""name"":""Arclight \""Warhawk\"" Pistol""},{""weight"":1,""name"":""Arclight Pistol Battery (30 cap)""}]"
b4267767-eacd-4763-aba6-d12b1fb1b6fc,Shubin_RG_Discovery_ShipMining_Stanton_Lawful_Common_Aluminium_Quartz_Iron_Copper_Tungsten_Corundum_Titanium,Med. Purchase Order: Ship Mined Ore,32463294-45d5-4e92-a773-dce1f28a2a2b,BP_REWARDS_ShubinRank2to3,1,complete,48blueprints,"[{""weight"":1,""name"":""Pitman Mining Laser""},{""weight"":1,""name"":""Hofstede-S1 Mining Laser""},{""weight"":1,""name"":""Klein-S1 Mining Laser""},{""weight"":1,""name"":""Helix I Mining Laser""},{""weight"":1,""name"":""Impact I Mining Laser""},{""weight"":1,""name"":""Arbor MH1 Mining Laser""},{""weight"":1,""name"":""Lancet MH1 Mining Laser""},{""weight"":1,""name"":""BroadSpec-Go""},{""weight"":1,""name"":""BroadSpec""},{""weight"":1,""name"":""BroadSpec""},{""weight"":1,""name"":""BroadSpec-Max""}]"
ed018937-7cca-449c-9183-475fd45aebd9,Shubin_RG_Discovery_ShipMining_Stanton_Lawful_Common_Aluminium_Quartz_Iron_Tungsten_Titanium,Med. Purchase Order: Ship Mined Ore,40438f39-f78c-41bc-a8de-d6f4f4c2daec,BP_MISSIONREWARD_Shubin_ResourceGathering_ShipMining_Stanton,1,complete,blueprintmissionpools,"[{""weight"":1,""name"":""Arclight \""Nightstalker\"" Pistol""},{""weight"":1,""name"":""Aril Arms""},{""weight"":1,""name"":""Aril Core""},{""weight"":1,""name"":""Aril Legs""},{""weight"":1,""name"":""Aril Helmet""},{""weight"":1,""name"":""Arclight \""Warhawk\"" Pistol""},{""weight"":1,""name"":""Arclight Pistol Battery (30 cap)""}]"
ed018937-7cca-449c-9183-475fd45aebd9,Shubin_RG_Discovery_ShipMining_Stanton_Lawful_Common_Aluminium_Quartz_Iron_Tungsten_Titanium,Med. Purchase Order: Ship Mined Ore,32463294-45d5-4e92-a773-dce1f28a2a2b,BP_REWARDS_ShubinRank2to3,1,complete,48blueprints,"[{""weight"":1,""name"":""Pitman Mining Laser""},{""weight"":1,""name"":""Hofstede-S1 Mining Laser""},{""weight"":1,""name"":""Klein-S1 Mining Laser""},{""weight"":1,""name"":""Helix I Mining Laser""},{""weight"":1,""name"":""Impact I Mining Laser""},{""weight"":1,""name"":""Arbor MH1 Mining Laser""},{""weight"":1,""name"":""Lancet MH1 Mining Laser""},{""weight"":1,""name"":""BroadSpec-Go""},{""weight"":1,""name"":""BroadSpec""},{""weight"":1,""name"":""BroadSpec""},{""weight"":1,""name"":""BroadSpec-Max""}]"
90b28cd7-11c5-4ab3-8bfe-967dbe57fc57,Shubin_RG_Discovery_ShipMining_Stanton_Lawful_Common_Aluminium_Titainum,Med. Purchase Order: Ship Mined Ore,40438f39-f78c-41bc-a8de-d6f4f4c2daec,BP_MISSIONREWARD_Shubin_ResourceGathering_ShipMining_Stanton,1,complete,blueprintmissionpools,"[{""weight"":1,""name"":""Arclight \""Nightstalker\"" Pistol""},{""weight"":1,""name"":""Aril Arms""},{""weight"":1,""name"":""Aril Core""},{""weight"":1,""name"":""Aril Legs""},{""weight"":1,""name"":""Aril Helmet""},{""weight"":1,""name"":""Arclight \""Warhawk\"" Pistol""},{""weight"":1,""name"":""Arclight Pistol Battery (30 cap)""}]"
90b28cd7-11c5-4ab3-8bfe-967dbe57fc57,Shubin_RG_Discovery_ShipMining_Stanton_Lawful_Common_Aluminium_Titainum,Med. Purchase Order: Ship Mined Ore,32463294-45d5-4e92-a773-dce1f28a2a2b,BP_REWARDS_ShubinRank2to3,1,complete,48blueprints,"[{""weight"":1,""name"":""Pitman Mining Laser""},{""weight"":1,""name"":""Hofstede-S1 Mining Laser""},{""weight"":1,""name"":""Klein-S1 Mining Laser""},{""weight"":1,""name"":""Helix I Mining Laser""},{""weight"":1,""name"":""Impact I Mining Laser""},{""weight"":1,""name"":""Arbor MH1 Mining Laser""},{""weight"":1,""name"":""Lancet MH1 Mining Laser""},{""weight"":1,""name"":""BroadSpec-Go""},{""weight"":1,""name"":""BroadSpec""},{""weight"":1,""name"":""BroadSpec""},{""weight"":1,""name"":""BroadSpec-Max""}]"
de933560-eb7d-4f03-ae52-523d3a4b6174,Shubin_RG_Discovery_ShipMining_Stanton_Lawful_Common_Copper,Med. Purchase Order: Ship Mined Ore,40438f39-f78c-41bc-a8de-d6f4f4c2daec,BP_MISSIONREWARD_Shubin_ResourceGathering_ShipMining_Stanton,1,complete,blueprintmissionpools,"[{""weight"":1,""name"":""Arclight \""Nightstalker\"" Pistol""},{""weight"":1,""name"":""Aril Arms""},{""weight"":1,""name"":""Aril Core""},{""weight"":1,""name"":""Aril Legs""},{""weight"":1,""name"":""Aril Helmet""},{""weight"":1,""name"":""Arclight \""Warhawk\"" Pistol""},{""weight"":1,""name"":""Arclight Pistol Battery (30 cap)""}]"
de933560-eb7d-4f03-ae52-523d3a4b6174,Shubin_RG_Discovery_ShipMining_Stanton_Lawful_Common_Copper,Med. Purchase Order: Ship Mined Ore,32463294-45d5-4e92-a773-dce1f28a2a2b,BP_REWARDS_ShubinRank2to3,1,complete,48blueprints,"[{""weight"":1,""name"":""Pitman Mining Laser""},{""weight"":1,""name"":""Hofstede-S1 Mining Laser""},{""weight"":1,""name"":""Klein-S1 Mining Laser""},{""weight"":1,""name"":""Helix I Mining Laser""},{""weight"":1,""name"":""Impact I Mining Laser""},{""weight"":1,""name"":""Arbor MH1 Mining Laser""},{""weight"":1,""name"":""Lancet MH1 Mining Laser""},{""weight"":1,""name"":""BroadSpec-Go""},{""weight"":1,""name"":""BroadSpec""},{""weight"":1,""name"":""BroadSpec""},{""weight"":1,""name"":""BroadSpec-Max""}]"
29d547e5-a4ca-46fd-9141-e1418d6d2145,Shubin_RG_Discovery_ShipMining_Stanton_Lawful_Common_Corundum,Med. Purchase Order: Ship Mined Ore,40438f39-f78c-41bc-a8de-d6f4f4c2daec,BP_MISSIONREWARD_Shubin_ResourceGathering_ShipMining_Stanton,1,complete,blueprintmissionpools,"[{""weight"":1,""name"":""Arclight \""Nightstalker\"" Pistol""},{""weight"":1,""name"":""Aril Arms""},{""weight"":1,""name"":""Aril Core""},{""weight"":1,""name"":""Aril Legs""},{""weight"":1,""name"":""Aril Helmet""},{""weight"":1,""name"":""Arclight \""Warhawk\"" Pistol""},{""weight"":1,""name"":""Arclight Pistol Battery (30 cap)""}]"
29d547e5-a4ca-46fd-9141-e1418d6d2145,Shubin_RG_Discovery_ShipMining_Stanton_Lawful_Common_Corundum,Med. Purchase Order: Ship Mined Ore,32463294-45d5-4e92-a773-dce1f28a2a2b,BP_REWARDS_ShubinRank2to3,1,complete,48blueprints,"[{""weight"":1,""name"":""Pitman Mining Laser""},{""weight"":1,""name"":""Hofstede-S1 Mining Laser""},{""weight"":1,""name"":""Klein-S1 Mining Laser""},{""weight"":1,""name"":""Helix I Mining Laser""},{""weight"":1,""name"":""Impact I Mining Laser""},{""weight"":1,""name"":""Arbor MH1 Mining Laser""},{""weight"":1,""name"":""Lancet MH1 Mining Laser""},{""weight"":1,""name"":""BroadSpec-Go""},{""weight"":1,""name"":""BroadSpec""},{""weight"":1,""name"":""BroadSpec""},{""weight"":1,""name"":""BroadSpec-Max""}]"
62bc2a8d-d040-430a-9d4d-54e1ad8b03c3,Shubin_RG_Discovery_ShipMining_Stanton_Lawful_Common_Iron,Med. Purchase Order: Ship Mined Ore,40438f39-f78c-41bc-a8de-d6f4f4c2daec,BP_MISSIONREWARD_Shubin_ResourceGathering_ShipMining_Stanton,1,complete,blueprintmissionpools,"[{""weight"":1,""name"":""Arclight \""Nightstalker\"" Pistol""},{""weight"":1,""name"":""Aril Arms""},{""weight"":1,""name"":""Aril Core""},{""weight"":1,""name"":""Aril Legs""},{""weight"":1,""name"":""Aril Helmet""},{""weight"":1,""name"":""Arclight \""Warhawk\"" Pistol""},{""weight"":1,""name"":""Arclight Pistol Battery (30 cap)""}]"
62bc2a8d-d040-430a-9d4d-54e1ad8b03c3,Shubin_RG_Discovery_ShipMining_Stanton_Lawful_Common_Iron,Med. Purchase Order: Ship Mined Ore,32463294-45d5-4e92-a773-dce1f28a2a2b,BP_REWARDS_ShubinRank2to3,1,complete,48blueprints,"[{""weight"":1,""name"":""Pitman Mining Laser""},{""weight"":1,""name"":""Hofstede-S1 Mining Laser""},{""weight"":1,""name"":""Klein-S1 Mining Laser""},{""weight"":1,""name"":""Helix I Mining Laser""},{""weight"":1,""name"":""Impact I Mining Laser""},{""weight"":1,""name"":""Arbor MH1 Mining Laser""},{""weight"":1,""name"":""Lancet MH1 Mining Laser""},{""weight"":1,""name"":""BroadSpec-Go""},{""weight"":1,""name"":""BroadSpec""},{""weight"":1,""name"":""BroadSpec""},{""weight"":1,""name"":""BroadSpec-Max""}]"
d25d9e0a-f880-4d98-ac33-c3ade041736e,Shubin_RG_Discovery_ShipMining_Stanton_Lawful_Common_Iron_Titanium,Med. Purchase Order: Ship Mined Ore,40438f39-f78c-41bc-a8de-d6f4f4c2daec,BP_MISSIONREWARD_Shubin_ResourceGathering_ShipMining_Stanton,1,complete,blueprintmissionpools,"[{""weight"":1,""name"":""Arclight \""Nightstalker\"" Pistol""},{""weight"":1,""name"":""Aril Arms""},{""weight"":1,""name"":""Aril Core""},{""weight"":1,""name"":""Aril Legs""},{""weight"":1,""name"":""Aril Helmet""},{""weight"":1,""name"":""Arclight \""Warhawk\"" Pistol""},{""weight"":1,""name"":""Arclight Pistol Battery (30 cap)""}]"
d25d9e0a-f880-4d98-ac33-c3ade041736e,Shubin_RG_Discovery_ShipMining_Stanton_Lawful_Common_Iron_Titanium,Med. Purchase Order: Ship Mined Ore,32463294-45d5-4e92-a773-dce1f28a2a2b,BP_REWARDS_ShubinRank2to3,1,complete,48blueprints,"[{""weight"":1,""name"":""Pitman Mining Laser""},{""weight"":1,""name"":""Hofstede-S1 Mining Laser""},{""weight"":1,""name"":""Klein-S1 Mining Laser""},{""weight"":1,""name"":""Helix I Mining Laser""},{""weight"":1,""name"":""Impact I Mining Laser""},{""weight"":1,""name"":""Arbor MH1 Mining Laser""},{""weight"":1,""name"":""Lancet MH1 Mining Laser""},{""weight"":1,""name"":""BroadSpec-Go""},{""weight"":1,""name"":""BroadSpec""},{""weight"":1,""name"":""BroadSpec""},{""weight"":1,""name"":""BroadSpec-Max""}]"
d66de97c-a3d4-4a0b-aafb-93e4611fb353,Shubin_RG_Discovery_ShipMining_Stanton_Lawful_Common_Quartz,Med. Purchase Order: Ship Mined Ore,40438f39-f78c-41bc-a8de-d6f4f4c2daec,BP_MISSIONREWARD_Shubin_ResourceGathering_ShipMining_Stanton,1,complete,blueprintmissionpools,"[{""weight"":1,""name"":""Arclight \""Nightstalker\"" Pistol""},{""weight"":1,""name"":""Aril Arms""},{""weight"":1,""name"":""Aril Core""},{""weight"":1,""name"":""Aril Legs""},{""weight"":1,""name"":""Aril Helmet""},{""weight"":1,""name"":""Arclight \""Warhawk\"" Pistol""},{""weight"":1,""name"":""Arclight Pistol Battery (30 cap)""}]"
d66de97c-a3d4-4a0b-aafb-93e4611fb353,Shubin_RG_Discovery_ShipMining_Stanton_Lawful_Common_Quartz,Med. Purchase Order: Ship Mined Ore,32463294-45d5-4e92-a773-dce1f28a2a2b,BP_REWARDS_ShubinRank2to3,1,complete,48blueprints,"[{""weight"":1,""name"":""Pitman Mining Laser""},{""weight"":1,""name"":""Hofstede-S1 Mining Laser""},{""weight"":1,""name"":""Klein-S1 Mining Laser""},{""weight"":1,""name"":""Helix I Mining Laser""},{""weight"":1,""name"":""Impact I Mining Laser""},{""weight"":1,""name"":""Arbor MH1 Mining Laser""},{""weight"":1,""name"":""Lancet MH1 Mining Laser""},{""weight"":1,""name"":""BroadSpec-Go""},{""weight"":1,""name"":""BroadSpec""},{""weight"":1,""name"":""BroadSpec""},{""weight"":1,""name"":""BroadSpec-Max""}]"
d3d9b9e4-edbe-47b7-9b9b-1dee63ccd086,Shubin_RG_Discovery_ShipMining_Stanton_Lawful_Common_Quartz_Copper,Med. Purchase Order: Ship Mined Ore,40438f39-f78c-41bc-a8de-d6f4f4c2daec,BP_MISSIONREWARD_Shubin_ResourceGathering_ShipMining_Stanton,1,complete,blueprintmissionpools,"[{""weight"":1,""name"":""Arclight \""Nightstalker\"" Pistol""},{""weight"":1,""name"":""Aril Arms""},{""weight"":1,""name"":""Aril Core""},{""weight"":1,""name"":""Aril Legs""},{""weight"":1,""name"":""Aril Helmet""},{""weight"":1,""name"":""Arclight \""Warhawk\"" Pistol""},{""weight"":1,""name"":""Arclight Pistol Battery (30 cap)""}]"
d3d9b9e4-edbe-47b7-9b9b-1dee63ccd086,Shubin_RG_Discovery_ShipMining_Stanton_Lawful_Common_Quartz_Copper,Med. Purchase Order: Ship Mined Ore,32463294-45d5-4e92-a773-dce1f28a2a2b,BP_REWARDS_ShubinRank2to3,1,complete,48blueprints,"[{""weight"":1,""name"":""Pitman Mining Laser""},{""weight"":1,""name"":""Hofstede-S1 Mining Laser""},{""weight"":1,""name"":""Klein-S1 Mining Laser""},{""weight"":1,""name"":""Helix I Mining Laser""},{""weight"":1,""name"":""Impact I Mining Laser""},{""weight"":1,""name"":""Arbor MH1 Mining Laser""},{""weight"":1,""name"":""Lancet MH1 Mining Laser""},{""weight"":1,""name"":""BroadSpec-Go""},{""weight"":1,""name"":""BroadSpec""},{""weight"":1,""name"":""BroadSpec""},{""weight"":1,""name"":""BroadSpec-Max""}]"
0a137b9b-f401-48f1-b2bc-a8bd8f960102,Shubin_RG_Discovery_ShipMining_Stanton_Lawful_Common_Quartz_Titanium,Med. Purchase Order: Ship Mined Ore,40438f39-f78c-41bc-a8de-d6f4f4c2daec,BP_MISSIONREWARD_Shubin_ResourceGathering_ShipMining_Stanton,1,complete,blueprintmissionpools,"[{""weight"":1,""name"":""Arclight \""Nightstalker\"" Pistol""},{""weight"":1,""name"":""Aril Arms""},{""weight"":1,""name"":""Aril Core""},{""weight"":1,""name"":""Aril Legs""},{""weight"":1,""name"":""Aril Helmet""},{""weight"":1,""name"":""Arclight \""Warhawk\"" Pistol""},{""weight"":1,""name"":""Arclight Pistol Battery (30 cap)""}]"
0a137b9b-f401-48f1-b2bc-a8bd8f960102,Shubin_RG_Discovery_ShipMining_Stanton_Lawful_Common_Quartz_Titanium,Med. Purchase Order: Ship Mined Ore,32463294-45d5-4e92-a773-dce1f28a2a2b,BP_REWARDS_ShubinRank2to3,1,complete,48blueprints,"[{""weight"":1,""name"":""Pitman Mining Laser""},{""weight"":1,""name"":""Hofstede-S1 Mining Laser""},{""weight"":1,""name"":""Klein-S1 Mining Laser""},{""weight"":1,""name"":""Helix I Mining Laser""},{""weight"":1,""name"":""Impact I Mining Laser""},{""weight"":1,""name"":""Arbor MH1 Mining Laser""},{""weight"":1,""name"":""Lancet MH1 Mining Laser""},{""weight"":1,""name"":""BroadSpec-Go""},{""weight"":1,""name"":""BroadSpec""},{""weight"":1,""name"":""BroadSpec""},{""weight"":1,""name"":""BroadSpec-Max""}]"
08c7238e-9eef-49fb-a512-8496d5c2f156,Shubin_RG_Discovery_ShipMining_Stanton_Lawful_Common_Titanium,Med. Purchase Order: Ship Mined Ore,40438f39-f78c-41bc-a8de-d6f4f4c2daec,BP_MISSIONREWARD_Shubin_ResourceGathering_ShipMining_Stanton,1,complete,blueprintmissionpools,"[{""weight"":1,""name"":""Arclight \""Nightstalker\"" Pistol""},{""weight"":1,""name"":""Aril Arms""},{""weight"":1,""name"":""Aril Core""},{""weight"":1,""name"":""Aril Legs""},{""weight"":1,""name"":""Aril Helmet""},{""weight"":1,""name"":""Arclight \""Warhawk\"" Pistol""},{""weight"":1,""name"":""Arclight Pistol Battery (30 cap)""}]"
08c7238e-9eef-49fb-a512-8496d5c2f156,Shubin_RG_Discovery_ShipMining_Stanton_Lawful_Common_Titanium,Med. Purchase Order: Ship Mined Ore,32463294-45d5-4e92-a773-dce1f28a2a2b,BP_REWARDS_ShubinRank2to3,1,complete,48blueprints,"[{""weight"":1,""name"":""Pitman Mining Laser""},{""weight"":1,""name"":""Hofstede-S1 Mining Laser""},{""weight"":1,""name"":""Klein-S1 Mining Laser""},{""weight"":1,""name"":""Helix I Mining Laser""},{""weight"":1,""name"":""Impact I Mining Laser""},{""weight"":1,""name"":""Arbor MH1 Mining Laser""},{""weight"":1,""name"":""Lancet MH1 Mining Laser""},{""weight"":1,""name"":""BroadSpec-Go""},{""weight"":1,""name"":""BroadSpec""},{""weight"":1,""name"":""BroadSpec""},{""weight"":1,""name"":""BroadSpec-Max""}]"
32118dc0-d98f-4eee-aa2b-18dc1e797f83,Shubin_RG_Discovery_ShipMining_Stanton_Lawful_Common_Tungsten,Med. Purchase Order: Ship Mined Ore,40438f39-f78c-41bc-a8de-d6f4f4c2daec,BP_MISSIONREWARD_Shubin_ResourceGathering_ShipMining_Stanton,1,complete,blueprintmissionpools,"[{""weight"":1,""name"":""Arclight \""Nightstalker\"" Pistol""},{""weight"":1,""name"":""Aril Arms""},{""weight"":1,""name"":""Aril Core""},{""weight"":1,""name"":""Aril Legs""},{""weight"":1,""name"":""Aril Helmet""},{""weight"":1,""name"":""Arclight \""Warhawk\"" Pistol""},{""weight"":1,""name"":""Arclight Pistol Battery (30 cap)""}]"
32118dc0-d98f-4eee-aa2b-18dc1e797f83,Shubin_RG_Discovery_ShipMining_Stanton_Lawful_Common_Tungsten,Med. Purchase Order: Ship Mined Ore,32463294-45d5-4e92-a773-dce1f28a2a2b,BP_REWARDS_ShubinRank2to3,1,complete,48blueprints,"[{""weight"":1,""name"":""Pitman Mining Laser""},{""weight"":1,""name"":""Hofstede-S1 Mining Laser""},{""weight"":1,""name"":""Klein-S1 Mining Laser""},{""weight"":1,""name"":""Helix I Mining Laser""},{""weight"":1,""name"":""Impact I Mining Laser""},{""weight"":1,""name"":""Arbor MH1 Mining Laser""},{""weight"":1,""name"":""Lancet MH1 Mining Laser""},{""weight"":1,""name"":""BroadSpec-Go""},{""weight"":1,""name"":""BroadSpec""},{""weight"":1,""name"":""BroadSpec""},{""weight"":1,""name"":""BroadSpec-Max""}]"
61e22b30-7d4f-4162-9530-d0ce31fc7c7b,Shubin_RG_Discovery_ShipMining_Stanton_Lawful_Common_Tungsten_Corundum,Med. Purchase Order: Ship Mined Ore,40438f39-f78c-41bc-a8de-d6f4f4c2daec,BP_MISSIONREWARD_Shubin_ResourceGathering_ShipMining_Stanton,1,complete,blueprintmissionpools,"[{""weight"":1,""name"":""Arclight \""Nightstalker\"" Pistol""},{""weight"":1,""name"":""Aril Arms""},{""weight"":1,""name"":""Aril Core""},{""weight"":1,""name"":""Aril Legs""},{""weight"":1,""name"":""Aril Helmet""},{""weight"":1,""name"":""Arclight \""Warhawk\"" Pistol""},{""weight"":1,""name"":""Arclight Pistol Battery (30 cap)""}]"
61e22b30-7d4f-4162-9530-d0ce31fc7c7b,Shubin_RG_Discovery_ShipMining_Stanton_Lawful_Common_Tungsten_Corundum,Med. Purchase Order: Ship Mined Ore,32463294-45d5-4e92-a773-dce1f28a2a2b,BP_REWARDS_ShubinRank2to3,1,complete,48blueprints,"[{""weight"":1,""name"":""Pitman Mining Laser""},{""weight"":1,""name"":""Hofstede-S1 Mining Laser""},{""weight"":1,""name"":""Klein-S1 Mining Laser""},{""weight"":1,""name"":""Helix I Mining Laser""},{""weight"":1,""name"":""Impact I Mining Laser""},{""weight"":1,""name"":""Arbor MH1 Mining Laser""},{""weight"":1,""name"":""Lancet MH1 Mining Laser""},{""weight"":1,""name"":""BroadSpec-Go""},{""weight"":1,""name"":""BroadSpec""},{""weight"":1,""name"":""BroadSpec""},{""weight"":1,""name"":""BroadSpec-Max""}]"
72ce1dd9-475b-43cb-bba3-14acbb6ce666,Shubin_RG_Discovery_ShipMining_Nyx/Stanton_Riccite,Mjr. Purchase Order: Ship Mined Ore,40438f39-f78c-41bc-a8de-d6f4f4c2daec,BP_MISSIONREWARD_Shubin_ResourceGathering_ShipMining_Stanton,1,complete,blueprintmissionpools,"[{""weight"":1,""name"":""Arclight \""Nightstalker\"" Pistol""},{""weight"":1,""name"":""Aril Arms""},{""weight"":1,""name"":""Aril Core""},{""weight"":1,""name"":""Aril Legs""},{""weight"":1,""name"":""Aril Helmet""},{""weight"":1,""name"":""Arclight \""Warhawk\"" Pistol""},{""weight"":1,""name"":""Arclight Pistol Battery (30 cap)""}]"
72ce1dd9-475b-43cb-bba3-14acbb6ce666,Shubin_RG_Discovery_ShipMining_Nyx/Stanton_Riccite,Mjr. Purchase Order: Ship Mined Ore,e3254ad6-ef4d-4719-871f-f13a832038f5,BP_REWARDS_ShubinRank4,1,complete,48blueprints,"[{""weight"":1,""name"":""Arbor MH2 Mining Laser""},{""weight"":1,""name"":""Lancet MH2 Mining Laser""},{""weight"":1,""name"":""Hofstede-S2 Mining Laser""},{""weight"":1,""name"":""Klein-S2 Mining Laser""},{""weight"":1,""name"":""Helix II Mining Laser""},{""weight"":1,""name"":""Impact II Mining Laser""},{""weight"":1,""name"":""FullSpec-Go""},{""weight"":1,""name"":""FullSpec""},{""weight"":1,""name"":""FullSpec-Max""}]"
72ce1dd9-475b-43cb-bba3-14acbb6ce666,Shubin_RG_Discovery_ShipMining_Nyx/Stanton_Riccite,Mjr. Purchase Order: Ship Mined Ore,253e9697-5605-4732-b4fa-56af7a3dc140,BP_REWARDS_ShubinRank0to1,1,complete,48blueprints,"[{""weight"":1,""name"":""Arbor MHV Mining Laser""},{""weight"":1,""name"":""S00 Hofstede""},{""weight"":1,""name"":""Lawson Mining Laser""},{""weight"":1,""name"":""S0 Helix""},{""weight"":1,""name"":""Surveyor-Go""},{""weight"":1,""name"":""Surveyor-Lite""},{""weight"":1,""name"":""Surveyor""},{""weight"":1,""name"":""Surveyor-Max""}]"
72ce1dd9-475b-43cb-bba3-14acbb6ce666,Shubin_RG_Discovery_ShipMining_Nyx/Stanton_Riccite,Mjr. Purchase Order: Ship Mined Ore,32463294-45d5-4e92-a773-dce1f28a2a2b,BP_REWARDS_ShubinRank2to3,1,complete,48blueprints,"[{""weight"":1,""name"":""Pitman Mining Laser""},{""weight"":1,""name"":""Hofstede-S1 Mining Laser""},{""weight"":1,""name"":""Klein-S1 Mining Laser""},{""weight"":1,""name"":""Helix I Mining Laser""},{""weight"":1,""name"":""Impact I Mining Laser""},{""weight"":1,""name"":""Arbor MH1 Mining Laser""},{""weight"":1,""name"":""Lancet MH1 Mining Laser""},{""weight"":1,""name"":""BroadSpec-Go""},{""weight"":1,""name"":""BroadSpec""},{""weight"":1,""name"":""BroadSpec""},{""weight"":1,""name"":""BroadSpec-Max""}]"
f5a9f559-87e2-428b-be74-8e77ab0bfd0b,Shubin_RG_Discovery_ShipMining_Nyx/Stanton_Stileron,Mjr. Purchase Order: Ship Mined Ore,40438f39-f78c-41bc-a8de-d6f4f4c2daec,BP_MISSIONREWARD_Shubin_ResourceGathering_ShipMining_Stanton,1,complete,blueprintmissionpools,"[{""weight"":1,""name"":""Arclight \""Nightstalker\"" Pistol""},{""weight"":1,""name"":""Aril Arms""},{""weight"":1,""name"":""Aril Core""},{""weight"":1,""name"":""Aril Legs""},{""weight"":1,""name"":""Aril Helmet""},{""weight"":1,""name"":""Arclight \""Warhawk\"" Pistol""},{""weight"":1,""name"":""Arclight Pistol Battery (30 cap)""}]"
f5a9f559-87e2-428b-be74-8e77ab0bfd0b,Shubin_RG_Discovery_ShipMining_Nyx/Stanton_Stileron,Mjr. Purchase Order: Ship Mined Ore,e3254ad6-ef4d-4719-871f-f13a832038f5,BP_REWARDS_ShubinRank4,1,complete,48blueprints,"[{""weight"":1,""name"":""Arbor MH2 Mining Laser""},{""weight"":1,""name"":""Lancet MH2 Mining Laser""},{""weight"":1,""name"":""Hofstede-S2 Mining Laser""},{""weight"":1,""name"":""Klein-S2 Mining Laser""},{""weight"":1,""name"":""Helix II Mining Laser""},{""weight"":1,""name"":""Impact II Mining Laser""},{""weight"":1,""name"":""FullSpec-Go""},{""weight"":1,""name"":""FullSpec""},{""weight"":1,""name"":""FullSpec-Max""}]"
f5a9f559-87e2-428b-be74-8e77ab0bfd0b,Shubin_RG_Discovery_ShipMining_Nyx/Stanton_Stileron,Mjr. Purchase Order: Ship Mined Ore,253e9697-5605-4732-b4fa-56af7a3dc140,BP_REWARDS_ShubinRank0to1,1,complete,48blueprints,"[{""weight"":1,""name"":""Arbor MHV Mining Laser""},{""weight"":1,""name"":""S00 Hofstede""},{""weight"":1,""name"":""Lawson Mining Laser""},{""weight"":1,""name"":""S0 Helix""},{""weight"":1,""name"":""Surveyor-Go""},{""weight"":1,""name"":""Surveyor-Lite""},{""weight"":1,""name"":""Surveyor""},{""weight"":1,""name"":""Surveyor-Max""}]"
f5a9f559-87e2-428b-be74-8e77ab0bfd0b,Shubin_RG_Discovery_ShipMining_Nyx/Stanton_Stileron,Mjr. Purchase Order: Ship Mined Ore,32463294-45d5-4e92-a773-dce1f28a2a2b,BP_REWARDS_ShubinRank2to3,1,complete,48blueprints,"[{""weight"":1,""name"":""Pitman Mining Laser""},{""weight"":1,""name"":""Hofstede-S1 Mining Laser""},{""weight"":1,""name"":""Klein-S1 Mining Laser""},{""weight"":1,""name"":""Helix I Mining Laser""},{""weight"":1,""name"":""Impact I Mining Laser""},{""weight"":1,""name"":""Arbor MH1 Mining Laser""},{""weight"":1,""name"":""Lancet MH1 Mining Laser""},{""weight"":1,""name"":""BroadSpec-Go""},{""weight"":1,""name"":""BroadSpec""},{""weight"":1,""name"":""BroadSpec""},{""weight"":1,""name"":""BroadSpec-Max""}]"
2cedb61f-1030-4c09-8b8b-005122d965df,Shubin_RG_Discovery_ShipMining_Nyx_Quantanium,Mjr. Purchase Order: Ship Mined Ore,c2bd6ae6-c4a1-4fb1-8421-bd2979f39f77,BP_MISSIONREWARD_Shubin_ResourceGathering_ShipMining_PyroNyx,1,complete,blueprintmissionpools,"[{""weight"":1,""name"":""Arclight \""Stormfall\"" Pistol""},{""weight"":1,""name"":""Arclight Pistol""},{""weight"":1,""name"":""Venture Arms""},{""weight"":1,""name"":""Venture Core""},{""weight"":1,""name"":""Venture Legs""},{""weight"":1,""name"":""Horizon Helmet""},{""weight"":1,""name"":""Arclight Pistol Battery (30 cap)""}]"
2cedb61f-1030-4c09-8b8b-005122d965df,Shubin_RG_Discovery_ShipMining_Nyx_Quantanium,Mjr. Purchase Order: Ship Mined Ore,e3254ad6-ef4d-4719-871f-f13a832038f5,BP_REWARDS_ShubinRank4,1,complete,48blueprints,"[{""weight"":1,""name"":""Arbor MH2 Mining Laser""},{""weight"":1,""name"":""Lancet MH2 Mining Laser""},{""weight"":1,""name"":""Hofstede-S2 Mining Laser""},{""weight"":1,""name"":""Klein-S2 Mining Laser""},{""weight"":1,""name"":""Helix II Mining Laser""},{""weight"":1,""name"":""Impact II Mining Laser""},{""weight"":1,""name"":""FullSpec-Go""},{""weight"":1,""name"":""FullSpec""},{""weight"":1,""name"":""FullSpec-Max""}]"
2cedb61f-1030-4c09-8b8b-005122d965df,Shubin_RG_Discovery_ShipMining_Nyx_Quantanium,Mjr. Purchase Order: Ship Mined Ore,253e9697-5605-4732-b4fa-56af7a3dc140,BP_REWARDS_ShubinRank0to1,1,complete,48blueprints,"[{""weight"":1,""name"":""Arbor MHV Mining Laser""},{""weight"":1,""name"":""S00 Hofstede""},{""weight"":1,""name"":""Lawson Mining Laser""},{""weight"":1,""name"":""S0 Helix""},{""weight"":1,""name"":""Surveyor-Go""},{""weight"":1,""name"":""Surveyor-Lite""},{""weight"":1,""name"":""Surveyor""},{""weight"":1,""name"":""Surveyor-Max""}]"
2cedb61f-1030-4c09-8b8b-005122d965df,Shubin_RG_Discovery_ShipMining_Nyx_Quantanium,Mjr. Purchase Order: Ship Mined Ore,32463294-45d5-4e92-a773-dce1f28a2a2b,BP_REWARDS_ShubinRank2to3,1,complete,48blueprints,"[{""weight"":1,""name"":""Pitman Mining Laser""},{""weight"":1,""name"":""Hofstede-S1 Mining Laser""},{""weight"":1,""name"":""Klein-S1 Mining Laser""},{""weight"":1,""name"":""Helix I Mining Laser""},{""weight"":1,""name"":""Impact I Mining Laser""},{""weight"":1,""name"":""Arbor MH1 Mining Laser""},{""weight"":1,""name"":""Lancet MH1 Mining Laser""},{""weight"":1,""name"":""BroadSpec-Go""},{""weight"":1,""name"":""BroadSpec""},{""weight"":1,""name"":""BroadSpec""},{""weight"":1,""name"":""BroadSpec-Max""}]"
c606dfca-427b-4eda-8df9-86887fa4197d,Shubin_RG_Discovery_ShipMining_Nyx_Savrilium,Mjr. Purchase Order: Ship Mined Ore,c2bd6ae6-c4a1-4fb1-8421-bd2979f39f77,BP_MISSIONREWARD_Shubin_ResourceGathering_ShipMining_PyroNyx,1,complete,blueprintmissionpools,"[{""weight"":1,""name"":""Arclight \""Stormfall\"" Pistol""},{""weight"":1,""name"":""Arclight Pistol""},{""weight"":1,""name"":""Venture Arms""},{""weight"":1,""name"":""Venture Core""},{""weight"":1,""name"":""Venture Legs""},{""weight"":1,""name"":""Horizon Helmet""},{""weight"":1,""name"":""Arclight Pistol Battery (30 cap)""}]"
c606dfca-427b-4eda-8df9-86887fa4197d,Shubin_RG_Discovery_ShipMining_Nyx_Savrilium,Mjr. Purchase Order: Ship Mined Ore,e3254ad6-ef4d-4719-871f-f13a832038f5,BP_REWARDS_ShubinRank4,1,complete,48blueprints,"[{""weight"":1,""name"":""Arbor MH2 Mining Laser""},{""weight"":1,""name"":""Lancet MH2 Mining Laser""},{""weight"":1,""name"":""Hofstede-S2 Mining Laser""},{""weight"":1,""name"":""Klein-S2 Mining Laser""},{""weight"":1,""name"":""Helix II Mining Laser""},{""weight"":1,""name"":""Impact II Mining Laser""},{""weight"":1,""name"":""FullSpec-Go""},{""weight"":1,""name"":""FullSpec""},{""weight"":1,""name"":""FullSpec-Max""}]"
c606dfca-427b-4eda-8df9-86887fa4197d,Shubin_RG_Discovery_ShipMining_Nyx_Savrilium,Mjr. Purchase Order: Ship Mined Ore,253e9697-5605-4732-b4fa-56af7a3dc140,BP_REWARDS_ShubinRank0to1,1,complete,48blueprints,"[{""weight"":1,""name"":""Arbor MHV Mining Laser""},{""weight"":1,""name"":""S00 Hofstede""},{""weight"":1,""name"":""Lawson Mining Laser""},{""weight"":1,""name"":""S0 Helix""},{""weight"":1,""name"":""Surveyor-Go""},{""weight"":1,""name"":""Surveyor-Lite""},{""weight"":1,""name"":""Surveyor""},{""weight"":1,""name"":""Surveyor-Max""}]"
c606dfca-427b-4eda-8df9-86887fa4197d,Shubin_RG_Discovery_ShipMining_Nyx_Savrilium,Mjr. Purchase Order: Ship Mined Ore,32463294-45d5-4e92-a773-dce1f28a2a2b,BP_REWARDS_ShubinRank2to3,1,complete,48blueprints,"[{""weight"":1,""name"":""Pitman Mining Laser""},{""weight"":1,""name"":""Hofstede-S1 Mining Laser""},{""weight"":1,""name"":""Klein-S1 Mining Laser""},{""weight"":1,""name"":""Helix I Mining Laser""},{""weight"":1,""name"":""Impact I Mining Laser""},{""weight"":1,""name"":""Arbor MH1 Mining Laser""},{""weight"":1,""name"":""Lancet MH1 Mining Laser""},{""weight"":1,""name"":""BroadSpec-Go""},{""weight"":1,""name"":""BroadSpec""},{""weight"":1,""name"":""BroadSpec""},{""weight"":1,""name"":""BroadSpec-Max""}]"
87d25f08-faf7-472d-9b9b-7345ebb4f809,Shubin_RG_Discovery_ShipMining_Pyro/Stanton_Savrilium,Mjr. Purchase Order: Ship Mined Ore,c2bd6ae6-c4a1-4fb1-8421-bd2979f39f77,BP_MISSIONREWARD_Shubin_ResourceGathering_ShipMining_PyroNyx,1,complete,blueprintmissionpools,"[{""weight"":1,""name"":""Arclight \""Stormfall\"" Pistol""},{""weight"":1,""name"":""Arclight Pistol""},{""weight"":1,""name"":""Venture Arms""},{""weight"":1,""name"":""Venture Core""},{""weight"":1,""name"":""Venture Legs""},{""weight"":1,""name"":""Horizon Helmet""},{""weight"":1,""name"":""Arclight Pistol Battery (30 cap)""}]"
87d25f08-faf7-472d-9b9b-7345ebb4f809,Shubin_RG_Discovery_ShipMining_Pyro/Stanton_Savrilium,Mjr. Purchase Order: Ship Mined Ore,e3254ad6-ef4d-4719-871f-f13a832038f5,BP_REWARDS_ShubinRank4,1,complete,48blueprints,"[{""weight"":1,""name"":""Arbor MH2 Mining Laser""},{""weight"":1,""name"":""Lancet MH2 Mining Laser""},{""weight"":1,""name"":""Hofstede-S2 Mining Laser""},{""weight"":1,""name"":""Klein-S2 Mining Laser""},{""weight"":1,""name"":""Helix II Mining Laser""},{""weight"":1,""name"":""Impact II Mining Laser""},{""weight"":1,""name"":""FullSpec-Go""},{""weight"":1,""name"":""FullSpec""},{""weight"":1,""name"":""FullSpec-Max""}]"
87d25f08-faf7-472d-9b9b-7345ebb4f809,Shubin_RG_Discovery_ShipMining_Pyro/Stanton_Savrilium,Mjr. Purchase Order: Ship Mined Ore,253e9697-5605-4732-b4fa-56af7a3dc140,BP_REWARDS_ShubinRank0to1,1,complete,48blueprints,"[{""weight"":1,""name"":""Arbor MHV Mining Laser""},{""weight"":1,""name"":""S00 Hofstede""},{""weight"":1,""name"":""Lawson Mining Laser""},{""weight"":1,""name"":""S0 Helix""},{""weight"":1,""name"":""Surveyor-Go""},{""weight"":1,""name"":""Surveyor-Lite""},{""weight"":1,""name"":""Surveyor""},{""weight"":1,""name"":""Surveyor-Max""}]"
87d25f08-faf7-472d-9b9b-7345ebb4f809,Shubin_RG_Discovery_ShipMining_Pyro/Stanton_Savrilium,Mjr. Purchase Order: Ship Mined Ore,32463294-45d5-4e92-a773-dce1f28a2a2b,BP_REWARDS_ShubinRank2to3,1,complete,48blueprints,"[{""weight"":1,""name"":""Pitman Mining Laser""},{""weight"":1,""name"":""Hofstede-S1 Mining Laser""},{""weight"":1,""name"":""Klein-S1 Mining Laser""},{""weight"":1,""name"":""Helix I Mining Laser""},{""weight"":1,""name"":""Impact I Mining Laser""},{""weight"":1,""name"":""Arbor MH1 Mining Laser""},{""weight"":1,""name"":""Lancet MH1 Mining Laser""},{""weight"":1,""name"":""BroadSpec-Go""},{""weight"":1,""name"":""BroadSpec""},{""weight"":1,""name"":""BroadSpec""},{""weight"":1,""name"":""BroadSpec-Max""}]"
988de0b9-77d5-486b-b8ca-1d8bcbf834af,Shubin_RG_Discovery_ShipMining_Pyro_Riccite,Mjr. Purchase Order: Ship Mined Ore,c2bd6ae6-c4a1-4fb1-8421-bd2979f39f77,BP_MISSIONREWARD_Shubin_ResourceGathering_ShipMining_PyroNyx,1,complete,blueprintmissionpools,"[{""weight"":1,""name"":""Arclight \""Stormfall\"" Pistol""},{""weight"":1,""name"":""Arclight Pistol""},{""weight"":1,""name"":""Venture Arms""},{""weight"":1,""name"":""Venture Core""},{""weight"":1,""name"":""Venture Legs""},{""weight"":1,""name"":""Horizon Helmet""},{""weight"":1,""name"":""Arclight Pistol Battery (30 cap)""}]"
988de0b9-77d5-486b-b8ca-1d8bcbf834af,Shubin_RG_Discovery_ShipMining_Pyro_Riccite,Mjr. Purchase Order: Ship Mined Ore,e3254ad6-ef4d-4719-871f-f13a832038f5,BP_REWARDS_ShubinRank4,1,complete,48blueprints,"[{""weight"":1,""name"":""Arbor MH2 Mining Laser""},{""weight"":1,""name"":""Lancet MH2 Mining Laser""},{""weight"":1,""name"":""Hofstede-S2 Mining Laser""},{""weight"":1,""name"":""Klein-S2 Mining Laser""},{""weight"":1,""name"":""Helix II Mining Laser""},{""weight"":1,""name"":""Impact II Mining Laser""},{""weight"":1,""name"":""FullSpec-Go""},{""weight"":1,""name"":""FullSpec""},{""weight"":1,""name"":""FullSpec-Max""}]"
988de0b9-77d5-486b-b8ca-1d8bcbf834af,Shubin_RG_Discovery_ShipMining_Pyro_Riccite,Mjr. Purchase Order: Ship Mined Ore,253e9697-5605-4732-b4fa-56af7a3dc140,BP_REWARDS_ShubinRank0to1,1,complete,48blueprints,"[{""weight"":1,""name"":""Arbor MHV Mining Laser""},{""weight"":1,""name"":""S00 Hofstede""},{""weight"":1,""name"":""Lawson Mining Laser""},{""weight"":1,""name"":""S0 Helix""},{""weight"":1,""name"":""Surveyor-Go""},{""weight"":1,""name"":""Surveyor-Lite""},{""weight"":1,""name"":""Surveyor""},{""weight"":1,""name"":""Surveyor-Max""}]"
988de0b9-77d5-486b-b8ca-1d8bcbf834af,Shubin_RG_Discovery_ShipMining_Pyro_Riccite,Mjr. Purchase Order: Ship Mined Ore,32463294-45d5-4e92-a773-dce1f28a2a2b,BP_REWARDS_ShubinRank2to3,1,complete,48blueprints,"[{""weight"":1,""name"":""Pitman Mining Laser""},{""weight"":1,""name"":""Hofstede-S1 Mining Laser""},{""weight"":1,""name"":""Klein-S1 Mining Laser""},{""weight"":1,""name"":""Helix I Mining Laser""},{""weight"":1,""name"":""Impact I Mining Laser""},{""weight"":1,""name"":""Arbor MH1 Mining Laser""},{""weight"":1,""name"":""Lancet MH1 Mining Laser""},{""weight"":1,""name"":""BroadSpec-Go""},{""weight"":1,""name"":""BroadSpec""},{""weight"":1,""name"":""BroadSpec""},{""weight"":1,""name"":""BroadSpec-Max""}]"
b3e623f4-d72a-47f2-988b-b22881621fb2,Shubin_RG_Discovery_ShipMining_Pyro_Stileron,Mjr. Purchase Order: Ship Mined Ore,c2bd6ae6-c4a1-4fb1-8421-bd2979f39f77,BP_MISSIONREWARD_Shubin_ResourceGathering_ShipMining_PyroNyx,1,complete,blueprintmissionpools,"[{""weight"":1,""name"":""Arclight \""Stormfall\"" Pistol""},{""weight"":1,""name"":""Arclight Pistol""},{""weight"":1,""name"":""Venture Arms""},{""weight"":1,""name"":""Venture Core""},{""weight"":1,""name"":""Venture Legs""},{""weight"":1,""name"":""Horizon Helmet""},{""weight"":1,""name"":""Arclight Pistol Battery (30 cap)""}]"
b3e623f4-d72a-47f2-988b-b22881621fb2,Shubin_RG_Discovery_ShipMining_Pyro_Stileron,Mjr. Purchase Order: Ship Mined Ore,e3254ad6-ef4d-4719-871f-f13a832038f5,BP_REWARDS_ShubinRank4,1,complete,48blueprints,"[{""weight"":1,""name"":""Arbor MH2 Mining Laser""},{""weight"":1,""name"":""Lancet MH2 Mining Laser""},{""weight"":1,""name"":""Hofstede-S2 Mining Laser""},{""weight"":1,""name"":""Klein-S2 Mining Laser""},{""weight"":1,""name"":""Helix II Mining Laser""},{""weight"":1,""name"":""Impact II Mining Laser""},{""weight"":1,""name"":""FullSpec-Go""},{""weight"":1,""name"":""FullSpec""},{""weight"":1,""name"":""FullSpec-Max""}]"
b3e623f4-d72a-47f2-988b-b22881621fb2,Shubin_RG_Discovery_ShipMining_Pyro_Stileron,Mjr. Purchase Order: Ship Mined Ore,253e9697-5605-4732-b4fa-56af7a3dc140,BP_REWARDS_ShubinRank0to1,1,complete,48blueprints,"[{""weight"":1,""name"":""Arbor MHV Mining Laser""},{""weight"":1,""name"":""S00 Hofstede""},{""weight"":1,""name"":""Lawson Mining Laser""},{""weight"":1,""name"":""S0 Helix""},{""weight"":1,""name"":""Surveyor-Go""},{""weight"":1,""name"":""Surveyor-Lite""},{""weight"":1,""name"":""Surveyor""},{""weight"":1,""name"":""Surveyor-Max""}]"
b3e623f4-d72a-47f2-988b-b22881621fb2,Shubin_RG_Discovery_ShipMining_Pyro_Stileron,Mjr. Purchase Order: Ship Mined Ore,32463294-45d5-4e92-a773-dce1f28a2a2b,BP_REWARDS_ShubinRank2to3,1,complete,48blueprints,"[{""weight"":1,""name"":""Pitman Mining Laser""},{""weight"":1,""name"":""Hofstede-S1 Mining Laser""},{""weight"":1,""name"":""Klein-S1 Mining Laser""},{""weight"":1,""name"":""Helix I Mining Laser""},{""weight"":1,""name"":""Impact I Mining Laser""},{""weight"":1,""name"":""Arbor MH1 Mining Laser""},{""weight"":1,""name"":""Lancet MH1 Mining Laser""},{""weight"":1,""name"":""BroadSpec-Go""},{""weight"":1,""name"":""BroadSpec""},{""weight"":1,""name"":""BroadSpec""},{""weight"":1,""name"":""BroadSpec-Max""}]"
bd17af79-8ffc-4b6c-8489-6b0244fcbb06,Shubin_RG_Discovery_ShipMining_Stanton_Quantanium,Mjr. Purchase Order: Ship Mined Ore,40438f39-f78c-41bc-a8de-d6f4f4c2daec,BP_MISSIONREWARD_Shubin_ResourceGathering_ShipMining_Stanton,1,complete,blueprintmissionpools,"[{""weight"":1,""name"":""Arclight \""Nightstalker\"" Pistol""},{""weight"":1,""name"":""Aril Arms""},{""weight"":1,""name"":""Aril Core""},{""weight"":1,""name"":""Aril Legs""},{""weight"":1,""name"":""Aril Helmet""},{""weight"":1,""name"":""Arclight \""Warhawk\"" Pistol""},{""weight"":1,""name"":""Arclight Pistol Battery (30 cap)""}]"
bd17af79-8ffc-4b6c-8489-6b0244fcbb06,Shubin_RG_Discovery_ShipMining_Stanton_Quantanium,Mjr. Purchase Order: Ship Mined Ore,e3254ad6-ef4d-4719-871f-f13a832038f5,BP_REWARDS_ShubinRank4,1,complete,48blueprints,"[{""weight"":1,""name"":""Arbor MH2 Mining Laser""},{""weight"":1,""name"":""Lancet MH2 Mining Laser""},{""weight"":1,""name"":""Hofstede-S2 Mining Laser""},{""weight"":1,""name"":""Klein-S2 Mining Laser""},{""weight"":1,""name"":""Helix II Mining Laser""},{""weight"":1,""name"":""Impact II Mining Laser""},{""weight"":1,""name"":""FullSpec-Go""},{""weight"":1,""name"":""FullSpec""},{""weight"":1,""name"":""FullSpec-Max""}]"
bd17af79-8ffc-4b6c-8489-6b0244fcbb06,Shubin_RG_Discovery_ShipMining_Stanton_Quantanium,Mjr. Purchase Order: Ship Mined Ore,253e9697-5605-4732-b4fa-56af7a3dc140,BP_REWARDS_ShubinRank0to1,1,complete,48blueprints,"[{""weight"":1,""name"":""Arbor MHV Mining Laser""},{""weight"":1,""name"":""S00 Hofstede""},{""weight"":1,""name"":""Lawson Mining Laser""},{""weight"":1,""name"":""S0 Helix""},{""weight"":1,""name"":""Surveyor-Go""},{""weight"":1,""name"":""Surveyor-Lite""},{""weight"":1,""name"":""Surveyor""},{""weight"":1,""name"":""Surveyor-Max""}]"
bd17af79-8ffc-4b6c-8489-6b0244fcbb06,Shubin_RG_Discovery_ShipMining_Stanton_Quantanium,Mjr. Purchase Order: Ship Mined Ore,32463294-45d5-4e92-a773-dce1f28a2a2b,BP_REWARDS_ShubinRank2to3,1,complete,48blueprints,"[{""weight"":1,""name"":""Pitman Mining Laser""},{""weight"":1,""name"":""Hofstede-S1 Mining Laser""},{""weight"":1,""name"":""Klein-S1 Mining Laser""},{""weight"":1,""name"":""Helix I Mining Laser""},{""weight"":1,""name"":""Impact I Mining Laser""},{""weight"":1,""name"":""Arbor MH1 Mining Laser""},{""weight"":1,""name"":""Lancet MH1 Mining Laser""},{""weight"":1,""name"":""BroadSpec-Go""},{""weight"":1,""name"":""BroadSpec""},{""weight"":1,""name"":""BroadSpec""},{""weight"":1,""name"":""BroadSpec-Max""}]"
6c4bd89b-9105-40db-b19e-038cecd41a51,HH_Pyro_RegionA_M_CFPOutposts_EliminateSpecific,Need a CFP taken down,f05fa898-1580-4ce3-95e2-8f5c4a1d1891,BP_MISSIONREWARD_HeadHunters_MercenaryFPS_EliminateSpecific_RegionAB,1,complete,blueprintmissionpools,"[{""weight"":1,""name"":""Scalpel Sniper Rifle""},{""weight"":1,""name"":""Coda Pistol""},{""weight"":1,""name"":""Coda \""Nighthawk\"" Pistol""},{""weight"":1,""name"":""Coda \""Big Boss\"" Pistol""},{""weight"":1,""name"":""Morozov-SH Arms""},{""weight"":1,""name"":""Morozov-SH Core""},{""weight"":1,""name"":""Morozov-SH Legs""},{""weight"":1,""name"":""Morozov-SH Helmet""},{""weight"":1,""name"":""Scalpel Sniper Rifle Magazine (12 cap)""},{""weight"":1,""name"":""Coda Pistol Magazine (6 cap)""}]"
9d78a780-92f7-4b3e-9911-14f80b8f177a,HH_Pyro_RegionC_CFPOutpost_EliminateSpecific,Need a CFP taken down,9cf3799c-2347-46a6-bd65-203f8a426f79,BP_MISSIONREWARD_HeadHunters_MercenaryFPS_EliminateSpecific_RegionCD,1,complete,blueprintmissionpools,"[{""weight"":1,""name"":""Devastator Shotgun""},{""weight"":1,""name"":""Devastator \""Warhawk\"" Shotgun""},{""weight"":1,""name"":""Devastator \""Midnight\"" Shotgun""},{""weight"":1,""name"":""Morozov-SH Core Thule""},{""weight"":1,""name"":""Morozov-SH Arms Thule""},{""weight"":1,""name"":""Morozov-SH Legs Thule""},{""weight"":1,""name"":""Morozov-SH Helmet Thule""},{""weight"":1,""name"":""Devastator Shotgun Battery (12 cap)""}]"
e4b5cdf8-6ee0-429e-9cfe-64354a379cce,HH_Pyro_RegionA_M_2AsteroidBase_Criminals_EliminateBoss,Need a death at [LOCATION],b81b328f-28a5-4d76-b06a-604cc7d5f2b0,BP_MISSIONREWARD_HeadHunters_MercenaryFPS_EliminateBoss,1,complete,blueprintmissionpools,"[{""weight"":1,""name"":""Ravager-212 Twin Shotgun""},{""weight"":1,""name"":""Ripper \""Sunblock\"" SMG""},{""weight"":1,""name"":""Dust Devil Armor Arms""},{""weight"":1,""name"":""Dust Devil Armor Core""},{""weight"":1,""name"":""Dust Devil Armor Legs""},{""weight"":1,""name"":""Manticore Helmet""},{""weight"":1,""name"":""Ravager-212 Twin Shotgun Magazine (16 cap)""},{""weight"":1,""name"":""Deadrig Shotgun Magazine (8 cap)""}]"
34ed9d72-d537-418a-b0f1-35a19401acb7,HH_Pyro_RegionA_E_1AsteroidBase_Criminals_EliminateAll,Need a hitter,e9947de1-6160-4d62-a319-2f4693140c88,BP_MISSIONREWARD_HeadHunters_MercenaryFPS_EliminateALL_RegionAB,1,complete,blueprintmissionpools,"[{""weight"":1,""name"":""Atzkav Sniper Rifle""},{""weight"":1,""name"":""Atzkav \""Igniter\"" Sniper Rifle""},{""weight"":1,""name"":""Atzkav \""Mirage\"" Sniper Rifle""},{""weight"":1,""name"":""Calico Arms Tactical""},{""weight"":1,""name"":""Calico Core Tactical""},{""weight"":1,""name"":""Calico Legs Tactical""},{""weight"":1,""name"":""Calico Helmet Tactical""},{""weight"":1,""name"":""Atzkav Sniper Rifle Battery (8 cap)""}]"
2c794f71-0c84-4c6e-ad75-b4c0577a1111,HH_Pyro_RegionC_E_1AsteroidBase_Criminals_EliminateAll,Need a hitter,d10c81ec-fc38-4f3e-bb2d-ccea0d10c889,BP_MISSIONREWARD_HeadHunters_MercenaryFPS_EliminateALL_RegionCD,1,complete,blueprintmissionpools,"[{""weight"":1,""name"":""Yubarev Pistol""},{""weight"":1,""name"":""Yubarev \""Mirage\"" Pistol""},{""weight"":1,""name"":""Yubarev \""Igniter\"" Pistol""},{""weight"":1,""name"":""DustUp Arms Tactical""},{""weight"":1,""name"":""DustUp Core Tactical""},{""weight"":1,""name"":""DustUp Legs Tactical""},{""weight"":1,""name"":""DustUp Helmet Tactical""},{""weight"":1,""name"":""Yubarev Pistol Battery (10 cap)""}]"
c18a747a-ba1e-4946-bf9a-be7d5290ed52,CFP_Pyro_RegionB_M_ChainElimAll_3Cluster_ElimSpec,Need multiple CFP outposts retaken,6a166ec8-afd6-4e50-82aa-8b7533f82b41,BP_MISSIONREWARD_CFP_ChainElim_3,1,complete,blueprintmissionpools,"[{""weight"":1,""name"":""Karna \""Fate\"" Rifle""},{""weight"":1,""name"":""Artimex Core (Modified)""},{""weight"":1,""name"":""Artimex Arms (Modified)""},{""weight"":1,""name"":""Karna Rifle Battery (35 cap)""}]"
0137aa6a-c647-4e30-92d5-5bd91acbd270,Rayari_Rank1_Gems_Single_Jaclium,Need Resource for Research,7c495074-f31a-4f52-bde2-c912b183ac81,BP_MISSIONREWARD_Rayari_RecoverItem_HathorLoot,0.25,complete,blueprintmissionpools,"[{""weight"":1,""name"":""Pulse Laser Pistol""},{""weight"":1,""name"":""Pulse \""Blacklist\"" Pistol""},{""weight"":1,""name"":""Pulse \""Rouge\"" Pistol""},{""weight"":1,""name"":""Quartz Energy SMG""},{""weight"":1,""name"":""Quartz \""Deadfall\"" Energy SMG""},{""weight"":1,""name"":""Quartz \""Black Op\"" Energy SMG""},{""weight"":1,""name"":""Quartz \""Lumen\"" Energy SMG""},{""weight"":1,""name"":""Quartz Energy SMG Battery (45 cap)""},{""weight"":1,""name"":""Pulse Laser Pistol Battery (60 Cap)""}]"
cb582593-5230-4146-9e15-6e04e8cdcdac,Rayari_Rank1_Gems_Single_Saldynium,Need Resource for Research,7c495074-f31a-4f52-bde2-c912b183ac81,BP_MISSIONREWARD_Rayari_RecoverItem_HathorLoot,0.25,complete,blueprintmissionpools,"[{""weight"":1,""name"":""Pulse Laser Pistol""},{""weight"":1,""name"":""Pulse \""Blacklist\"" Pistol""},{""weight"":1,""name"":""Pulse \""Rouge\"" Pistol""},{""weight"":1,""name"":""Quartz Energy SMG""},{""weight"":1,""name"":""Quartz \""Deadfall\"" Energy SMG""},{""weight"":1,""name"":""Quartz \""Black Op\"" Energy SMG""},{""weight"":1,""name"":""Quartz \""Lumen\"" Energy SMG""},{""weight"":1,""name"":""Quartz Energy SMG Battery (45 cap)""},{""weight"":1,""name"":""Pulse Laser Pistol Battery (60 Cap)""}]"
5e4608e6-cf31-4f36-a82a-9e8540934e0b,Rayari_Rank2_Gems_Single_Carinite,Need Resource for Research,7c495074-f31a-4f52-bde2-c912b183ac81,BP_MISSIONREWARD_Rayari_RecoverItem_HathorLoot,0.25,complete,blueprintmissionpools,"[{""weight"":1,""name"":""Pulse Laser Pistol""},{""weight"":1,""name"":""Pulse \""Blacklist\"" Pistol""},{""weight"":1,""name"":""Pulse \""Rouge\"" Pistol""},{""weight"":1,""name"":""Quartz Energy SMG""},{""weight"":1,""name"":""Quartz \""Deadfall\"" Energy SMG""},{""weight"":1,""name"":""Quartz \""Black Op\"" Energy SMG""},{""weight"":1,""name"":""Quartz \""Lumen\"" Energy SMG""},{""weight"":1,""name"":""Quartz Energy SMG Battery (45 cap)""},{""weight"":1,""name"":""Pulse Laser Pistol Battery (60 Cap)""}]"
f567dcc0-309e-45e4-95ad-72324580fd5e,HH_Pyro_RegionA_E_DerelictOutpostsCaves_EliminateSpecific,Need someone taken out,f05fa898-1580-4ce3-95e2-8f5c4a1d1891,BP_MISSIONREWARD_HeadHunters_MercenaryFPS_EliminateSpecific_RegionAB,1,complete,blueprintmissionpools,"[{""weight"":1,""name"":""Scalpel Sniper Rifle""},{""weight"":1,""name"":""Coda Pistol""},{""weight"":1,""name"":""Coda \""Nighthawk\"" Pistol""},{""weight"":1,""name"":""Coda \""Big Boss\"" Pistol""},{""weight"":1,""name"":""Morozov-SH Arms""},{""weight"":1,""name"":""Morozov-SH Core""},{""weight"":1,""name"":""Morozov-SH Legs""},{""weight"":1,""name"":""Morozov-SH Helmet""},{""weight"":1,""name"":""Scalpel Sniper Rifle Magazine (12 cap)""},{""weight"":1,""name"":""Coda Pistol Magazine (6 cap)""}]"
d7e8b51c-fff5-4ef1-b262-149a9ec2892b,InterSec_Bounty_Nyx_Medium,Neutralize UEE Threat: [TARGET],e52bf354-8918-474d-987e-55c01bfecdd3,BP_MISSIONREWARD_RDC_Generic,1,complete,blueprintmissionpools,"[{""weight"":1,""name"":""R97 Shotgun""},{""weight"":1,""name"":""Monde Arms""},{""weight"":1,""name"":""Monde Core""},{""weight"":1,""name"":""Monde Legs""},{""weight"":1,""name"":""Monde Helmet""},{""weight"":1,""name"":""Monde Arms Hiro""},{""weight"":1,""name"":""Monde Core Hiro""},{""weight"":1,""name"":""Monde Legs Hiro""},{""weight"":1,""name"":""Monde Helmet Hiro""},{""weight"":1,""name"":""R97 Shotgun Magazine (18 cap)""}]"
e1a53689-3982-4566-8656-27e562ae218f,InterSec_Bounty_Nyx_VeryHard,Neutralize Vanduul Target,e52bf354-8918-474d-987e-55c01bfecdd3,BP_MISSIONREWARD_RDC_Generic,1,complete,blueprintmissionpools,"[{""weight"":1,""name"":""R97 Shotgun""},{""weight"":1,""name"":""Monde Arms""},{""weight"":1,""name"":""Monde Core""},{""weight"":1,""name"":""Monde Legs""},{""weight"":1,""name"":""Monde Helmet""},{""weight"":1,""name"":""Monde Arms Hiro""},{""weight"":1,""name"":""Monde Core Hiro""},{""weight"":1,""name"":""Monde Legs Hiro""},{""weight"":1,""name"":""Monde Helmet Hiro""},{""weight"":1,""name"":""R97 Shotgun Magazine (18 cap)""}]"
1850226f-16e3-4160-9172-698e5397ed18,InterSec_Bounty_Nyx_Intro,New Defense Contract: [TARGET] Elimination,e52bf354-8918-474d-987e-55c01bfecdd3,BP_MISSIONREWARD_RDC_Generic,1,complete,blueprintmissionpools,"[{""weight"":1,""name"":""R97 Shotgun""},{""weight"":1,""name"":""Monde Arms""},{""weight"":1,""name"":""Monde Core""},{""weight"":1,""name"":""Monde Legs""},{""weight"":1,""name"":""Monde Helmet""},{""weight"":1,""name"":""Monde Arms Hiro""},{""weight"":1,""name"":""Monde Core Hiro""},{""weight"":1,""name"":""Monde Legs Hiro""},{""weight"":1,""name"":""Monde Helmet Hiro""},{""weight"":1,""name"":""R97 Shotgun Magazine (18 cap)""}]"
e25f601a-6734-4703-944c-69991778367d,EckhartSecurity_ShipAmbush_Nyx_Intro,New Opportunity - Ambush Strike,02642d19-8a53-481c-ab3e-f57a7f0dd7c7,BP_REWARDS_EckhartSecurityShipAmbushEasy,1,complete,48blueprints,"[{""weight"":1,""name"":""SonicLite""},{""weight"":1,""name"":""Cirrus""},{""weight"":1,""name"":""Lightstrike I Cannon""},{""weight"":1,""name"":""Lightstrike II Cannon""},{""weight"":1,""name"":""Lightstrike III Cannon""}]"
2b4a7a21-7932-4304-8e10-1d2026300271,InterSec_DefendShip_Nyx_Medium,Operative Extraction,efacefc7-916b-4cd1-9f03-43053f6ae867,BP_MISSIONREWARD_InterSec_DefendShip,1,complete,blueprintmissionpools,"[{""weight"":1,""name"":""Pulse \""Rouge\"" Pistol""},{""weight"":1,""name"":""Testudo Arms Combustion""},{""weight"":1,""name"":""Testudo Core Combustion""},{""weight"":1,""name"":""Testudo Legs Combustion""},{""weight"":1,""name"":""Testudo Helmet Combustion""},{""weight"":1,""name"":""Pulse Laser Pistol Battery (60 Cap)""},{""weight"":1,""name"":""Testudo Backpack Combustion""}]"
dba10330-cde8-4e2b-8d2e-7614bbdc5bc6,FoxwellEnforcement_Stanton_DefendShipNamed_M,Orange Level Contract: [SHIP] Needs Assistance,5b74b911-ef2e-4bcd-8767-84abdc6bf6f9,BP_MISSIONREWARD_FoxwellEnforcement_Generator,1,complete,blueprintmissionpools,"[{""weight"":1,""name"":""Antium Helmet Jet""},{""weight"":1,""name"":""Antium Core Maroon""},{""weight"":1,""name"":""Antium Legs Maroon""},{""weight"":1,""name"":""Antium Helmet Maroon""},{""weight"":1,""name"":""Antium Helmet Moss Camo""},{""weight"":1,""name"":""Antium Arms Moss Camo""},{""weight"":1,""name"":""Antium Core Moss Camo""},{""weight"":1,""name"":""Antium Legs Moss Camo""}]"
5365d562-a6c2-4bb4-af8e-346cf3430b62,FoxwellEnforcement_BombingRun_Stanton_H,Orange Level Contract: Destroy Outlaw Infrastructure,5b74b911-ef2e-4bcd-8767-84abdc6bf6f9,BP_MISSIONREWARD_FoxwellEnforcement_Generator,1,complete,blueprintmissionpools,"[{""weight"":1,""name"":""Antium Helmet Jet""},{""weight"":1,""name"":""Antium Core Maroon""},{""weight"":1,""name"":""Antium Legs Maroon""},{""weight"":1,""name"":""Antium Helmet Maroon""},{""weight"":1,""name"":""Antium Helmet Moss Camo""},{""weight"":1,""name"":""Antium Arms Moss Camo""},{""weight"":1,""name"":""Antium Core Moss Camo""},{""weight"":1,""name"":""Antium Legs Moss Camo""}]"
30166c56-392f-4090-91ae-189a538275d5,FoxwellEnforcement_ShipWaveAttack_ClearOutHostiles_Stanton_M,Orange Level Contract: Destroy Outlaw Threat,e489ca64-3152-4ef3-8e86-10e05120d84d,BP_MISSIONREWARD_Foxwell_DefendEntitiesAndEscort,1,complete,blueprintmissionpools,"[{""weight"":1,""name"":""Parallax Energy Assault Rifle""},{""weight"":1,""name"":""Antium Arms""},{""weight"":1,""name"":""Antium Core""},{""weight"":1,""name"":""Antium Legs""},{""weight"":1,""name"":""Antium Helmet""},{""weight"":1,""name"":""Parallax Rifle Battery (80 Cap)""}]"
9ef512ad-9832-4fa9-bad7-60e99268df74,Foxwell_Legal_DestroySatellite,Orange Level Contract: Handle Security Threat,5b74b911-ef2e-4bcd-8767-84abdc6bf6f9,BP_MISSIONREWARD_FoxwellEnforcement_Generator,1,complete,blueprintmissionpools,"[{""weight"":1,""name"":""Antium Helmet Jet""},{""weight"":1,""name"":""Antium Core Maroon""},{""weight"":1,""name"":""Antium Legs Maroon""},{""weight"":1,""name"":""Antium Helmet Maroon""},{""weight"":1,""name"":""Antium Helmet Moss Camo""},{""weight"":1,""name"":""Antium Arms Moss Camo""},{""weight"":1,""name"":""Antium Core Moss Camo""},{""weight"":1,""name"":""Antium Legs Moss Camo""}]"
62f48881-77c5-42ff-9acb-119d2a2db812,FoxwellEnforcement_Patrol_Pyro_Hard,Orange Level Contract: Potential Security Threat,2fefd608-1c2c-4b0f-9c48-24b797f3ba3f,BP_MISSIONREWARD_FoxwellEnforcement_Patrol,1,complete,blueprintmissionpools,"[{""weight"":1,""name"":""Parallax \""Sanguine\"" Energy Assault Rifle""},{""weight"":1,""name"":""Antium Arms Sand""},{""weight"":1,""name"":""Antium Core Sand""},{""weight"":1,""name"":""Antium Legs Sand""},{""weight"":1,""name"":""Antium Helmet Sand""},{""weight"":1,""name"":""Parallax Rifle Battery (80 Cap)""}]"
82414003-38be-42d6-ba61-5d9d96e2f86a,FoxwellEnforcement_Patrol_Stanton_Hard,Orange Level Contract: Potential Security Threat,2fefd608-1c2c-4b0f-9c48-24b797f3ba3f,BP_MISSIONREWARD_FoxwellEnforcement_Patrol,1,complete,blueprintmissionpools,"[{""weight"":1,""name"":""Parallax \""Sanguine\"" Energy Assault Rifle""},{""weight"":1,""name"":""Antium Arms Sand""},{""weight"":1,""name"":""Antium Core Sand""},{""weight"":1,""name"":""Antium Legs Sand""},{""weight"":1,""name"":""Antium Helmet Sand""},{""weight"":1,""name"":""Parallax Rifle Battery (80 Cap)""}]"
301b7033-5331-4bd0-b545-39970c02dfd4,FoxwellEnforcement_EscortShips_Pyro_Hard,Orange Level Contract: Protect Our Client’s Interests,ad7ee842-5a39-4f35-a337-91b8e274179f,BP_MISSIONREWARD_FoxwellEnforcement_EscortShips,1,complete,blueprintmissionpools,"[{""weight"":1,""name"":""Parallax \""Shock Trooper\"" Energy Assault Rifle""},{""weight"":1,""name"":""Antium Arms Storm""},{""weight"":1,""name"":""Antium Core Storm""},{""weight"":1,""name"":""Antium Legs Storm""},{""weight"":1,""name"":""Antium Helmet Storm""},{""weight"":1,""name"":""Parallax Rifle Battery (80 Cap)""}]"
76508013-bcb6-4bb1-9869-00c3ba42c30b,FoxwellEnforcement_EscortShips_Stanton_Hard,Orange Level Contract: Protect Our Client’s Interests,ad7ee842-5a39-4f35-a337-91b8e274179f,BP_MISSIONREWARD_FoxwellEnforcement_EscortShips,1,complete,blueprintmissionpools,"[{""weight"":1,""name"":""Parallax \""Shock Trooper\"" Energy Assault Rifle""},{""weight"":1,""name"":""Antium Arms Storm""},{""weight"":1,""name"":""Antium Core Storm""},{""weight"":1,""name"":""Antium Legs Storm""},{""weight"":1,""name"":""Antium Helmet Storm""},{""weight"":1,""name"":""Parallax Rifle Battery (80 Cap)""}]"
6e8b61d3-a08a-4f8e-aa61-0a84b6e35754,FoxwellEnforcement_ShipAmbush_Pyro_Hard,Orange Level Contract: Return the Favor,af21edb5-3938-45ac-8a35-130e52463f44,BP_MISSIONREWARD_FoxwellEnforcement_Ambush,1,complete,blueprintmissionpools,"[{""weight"":1,""name"":""Parallax \""Sunstone\"" Energy Assault Rifle""},{""weight"":1,""name"":""Antium Arms Jet""},{""weight"":1,""name"":""Antium Core Jet""},{""weight"":1,""name"":""Antium Legs Jet""},{""weight"":1,""name"":""Antium Core Jet""},{""weight"":1,""name"":""Parallax Rifle Battery (80 Cap)""}]"
c2804559-530e-48f6-b5b3-fbe1db6c47ef,FoxwellEnforcement_ShipAmbush_Stanton_Hard,Orange Level Contract: Return the Favor,af21edb5-3938-45ac-8a35-130e52463f44,BP_MISSIONREWARD_FoxwellEnforcement_Ambush,1,complete,blueprintmissionpools,"[{""weight"":1,""name"":""Parallax \""Sunstone\"" Energy Assault Rifle""},{""weight"":1,""name"":""Antium Arms Jet""},{""weight"":1,""name"":""Antium Core Jet""},{""weight"":1,""name"":""Antium Legs Jet""},{""weight"":1,""name"":""Antium Core Jet""},{""weight"":1,""name"":""Parallax Rifle Battery (80 Cap)""}]"
a2045b8a-2861-4530-923b-6237baa81c38,FoxwellEnforcement_Patrol_Pyro_Medium,Orange Level Contract: Security Patrol,2fefd608-1c2c-4b0f-9c48-24b797f3ba3f,BP_MISSIONREWARD_FoxwellEnforcement_Patrol,1,complete,blueprintmissionpools,"[{""weight"":1,""name"":""Parallax \""Sanguine\"" Energy Assault Rifle""},{""weight"":1,""name"":""Antium Arms Sand""},{""weight"":1,""name"":""Antium Core Sand""},{""weight"":1,""name"":""Antium Legs Sand""},{""weight"":1,""name"":""Antium Helmet Sand""},{""weight"":1,""name"":""Parallax Rifle Battery (80 Cap)""}]"
c017ad03-e29b-4aea-93f4-a4f9f3407abc,FoxwellEnforcement_Patrol_Stanton_Medium,Orange Level Contract: Security Patrol,2fefd608-1c2c-4b0f-9c48-24b797f3ba3f,BP_MISSIONREWARD_FoxwellEnforcement_Patrol,1,complete,blueprintmissionpools,"[{""weight"":1,""name"":""Parallax \""Sanguine\"" Energy Assault Rifle""},{""weight"":1,""name"":""Antium Arms Sand""},{""weight"":1,""name"":""Antium Core Sand""},{""weight"":1,""name"":""Antium Legs Sand""},{""weight"":1,""name"":""Antium Helmet Sand""},{""weight"":1,""name"":""Parallax Rifle Battery (80 Cap)""}]"
d198028e-178b-4f77-b76f-28a35664d90b,FoxwellEnforcement_EscortShips_Pyro_Medium,Orange Level Contract: Ship Protection Needed,ad7ee842-5a39-4f35-a337-91b8e274179f,BP_MISSIONREWARD_FoxwellEnforcement_EscortShips,1,complete,blueprintmissionpools,"[{""weight"":1,""name"":""Parallax \""Shock Trooper\"" Energy Assault Rifle""},{""weight"":1,""name"":""Antium Arms Storm""},{""weight"":1,""name"":""Antium Core Storm""},{""weight"":1,""name"":""Antium Legs Storm""},{""weight"":1,""name"":""Antium Helmet Storm""},{""weight"":1,""name"":""Parallax Rifle Battery (80 Cap)""}]"
e3cfd26a-39e5-4af4-8c18-635d19a9c740,FoxwellEnforcement_EscortShips_Stanton_Medium,Orange Level Contract: Ship Protection Needed,ad7ee842-5a39-4f35-a337-91b8e274179f,BP_MISSIONREWARD_FoxwellEnforcement_EscortShips,1,complete,blueprintmissionpools,"[{""weight"":1,""name"":""Parallax \""Shock Trooper\"" Energy Assault Rifle""},{""weight"":1,""name"":""Antium Arms Storm""},{""weight"":1,""name"":""Antium Core Storm""},{""weight"":1,""name"":""Antium Legs Storm""},{""weight"":1,""name"":""Antium Helmet Storm""},{""weight"":1,""name"":""Parallax Rifle Battery (80 Cap)""}]"
b0da62b2-a43c-42e6-9588-a293f890ce4e,FoxwellEnforcement_ShipAmbush_Pyro_Medium,Orange Level Contract: Spring a Trap,af21edb5-3938-45ac-8a35-130e52463f44,BP_MISSIONREWARD_FoxwellEnforcement_Ambush,1,complete,blueprintmissionpools,"[{""weight"":1,""name"":""Parallax \""Sunstone\"" Energy Assault Rifle""},{""weight"":1,""name"":""Antium Arms Jet""},{""weight"":1,""name"":""Antium Core Jet""},{""weight"":1,""name"":""Antium Legs Jet""},{""weight"":1,""name"":""Antium Core Jet""},{""weight"":1,""name"":""Parallax Rifle Battery (80 Cap)""}]"
dda8c4fb-b0fd-44af-9276-b13f0c781e90,FoxwellEnforcement_ShipAmbush_Stanton_Medium,Orange Level Contract: Spring a Trap,af21edb5-3938-45ac-8a35-130e52463f44,BP_MISSIONREWARD_FoxwellEnforcement_Ambush,1,complete,blueprintmissionpools,"[{""weight"":1,""name"":""Parallax \""Sunstone\"" Energy Assault Rifle""},{""weight"":1,""name"":""Antium Arms Jet""},{""weight"":1,""name"":""Antium Core Jet""},{""weight"":1,""name"":""Antium Legs Jet""},{""weight"":1,""name"":""Antium Core Jet""},{""weight"":1,""name"":""Parallax Rifle Battery (80 Cap)""}]"
b7f13ef2-3122-4d78-9777-fdf36e7bd3dc,FoxwellEnforcement_ShipWaveAttack_ClearOutHostiles_Stanton_H,Orange Level Contract: Take Out Criminal Fleet,e489ca64-3152-4ef3-8e86-10e05120d84d,BP_MISSIONREWARD_Foxwell_DefendEntitiesAndEscort,1,complete,blueprintmissionpools,"[{""weight"":1,""name"":""Parallax Energy Assault Rifle""},{""weight"":1,""name"":""Antium Arms""},{""weight"":1,""name"":""Antium Core""},{""weight"":1,""name"":""Antium Legs""},{""weight"":1,""name"":""Antium Helmet""},{""weight"":1,""name"":""Parallax Rifle Battery (80 Cap)""}]"
54dcd780-5050-45be-85ec-fa983185abfc,FoxwellEnforcement_BombingRun_Stanton_M,Orange Level Contract: Take Out Fuel Supplies,5b74b911-ef2e-4bcd-8767-84abdc6bf6f9,BP_MISSIONREWARD_FoxwellEnforcement_Generator,1,complete,blueprintmissionpools,"[{""weight"":1,""name"":""Antium Helmet Jet""},{""weight"":1,""name"":""Antium Core Maroon""},{""weight"":1,""name"":""Antium Legs Maroon""},{""weight"":1,""name"":""Antium Helmet Maroon""},{""weight"":1,""name"":""Antium Helmet Moss Camo""},{""weight"":1,""name"":""Antium Arms Moss Camo""},{""weight"":1,""name"":""Antium Core Moss Camo""},{""weight"":1,""name"":""Antium Legs Moss Camo""}]"
eda80f06-4a44-471c-8b4f-a195a6a988c9,Foxwell_DefendDestructibleEntities_Stanton_Medium,Orange Lvl. Contract: Defend Fuel Tanks,e489ca64-3152-4ef3-8e86-10e05120d84d,BP_MISSIONREWARD_Foxwell_DefendEntitiesAndEscort,1,complete,blueprintmissionpools,"[{""weight"":1,""name"":""Parallax Energy Assault Rifle""},{""weight"":1,""name"":""Antium Arms""},{""weight"":1,""name"":""Antium Core""},{""weight"":1,""name"":""Antium Legs""},{""weight"":1,""name"":""Antium Helmet""},{""weight"":1,""name"":""Parallax Rifle Battery (80 Cap)""}]"
cccbe08f-e098-4ca4-ba12-774d16e68e6e,Foxwell_DefendEntitiesAndEscort_Nyx_Medium,Orange Lvl. Contract: Defend Fuel Tanks and Escort Employees,918ba6a6-772e-49c9-9d80-3f0c637a85e5,BP_REWARDS_NyxFoxwellEasy,1,complete,48blueprints,"[{""weight"":1,""name"":""Frost-Star SL""},{""weight"":1,""name"":""Fridan""},{""weight"":1,""name"":""Tepilo""},{""weight"":1,""name"":""Frost-Star""},{""weight"":1,""name"":""ArcticStorm""},{""weight"":1,""name"":""Berian""},{""weight"":1,""name"":""Gelid""},{""weight"":1,""name"":""Frost-Star EX""},{""weight"":1,""name"":""ColdSnap""},{""weight"":1,""name"":""Aufeis""},{""weight"":1,""name"":""Graupel""},{""weight"":1,""name"":""Frost-Star XL""},{""weight"":1,""name"":""FrostBurn""},{""weight"":1,""name"":""Draug""},{""weight"":1,""name"":""Elsen""},{""weight"":1,""name"":""Kragen""}]"
b1b9630e-06d9-4760-a2be-1899fdb97fb7,Foxwell_DefendEntitiesAndEscort_Pyro_Medium,Orange Lvl. Contract: Defend Fuel Tanks and Escort Employees,82426625-1081-4bc2-a72f-04f8e6c7d463,BP_REWARDS_PyroFoxwellEasy,1,complete,48blueprints,"[{""weight"":1,""name"":""IonWave""},{""weight"":1,""name"":""Radix""},{""weight"":1,""name"":""IonBurst""},{""weight"":1,""name"":""PowerBolt""},{""weight"":1,""name"":""LightBlossom""},{""weight"":1,""name"":""MagnaBloom""},{""weight"":1,""name"":""FullForce""},{""weight"":1,""name"":""IonSurge""},{""weight"":1,""name"":""FullForce""},{""weight"":1,""name"":""Radiance""},{""weight"":1,""name"":""FullForce Pro""},{""weight"":1,""name"":""IonSurge Pro""},{""weight"":1,""name"":""Celestial""},{""weight"":1,""name"":""NewDawn""}]"
128b6848-f56e-4880-a66c-f269f268495c,Foxwell_DefendEntitiesAndEscort_Stanton_Medium,Orange Lvl. Contract: Defend Fuel Tanks and Escort Employees,f045d6b4-1c56-4975-b78f-a876a1c23cd3,BP_REWARDS_StantonFoxwellEasy,1,complete,48blueprints,"[{""weight"":1,""name"":""7SA 'Concord'""},{""weight"":1,""name"":""INK""},{""weight"":1,""name"":""7MA 'Lorica'""},{""weight"":1,""name"":""RPEL""},{""weight"":1,""name"":""7CA 'Nargun'""},{""weight"":1,""name"":""HAVEN""}]"
31d2d60e-aa5f-4c43-b39b-caf3195b67a7,Foxwell_DefendDestructibleEntities_Stanton_Hard,Orange Lvl. Contract: Protect Fuel Tanks,e489ca64-3152-4ef3-8e86-10e05120d84d,BP_MISSIONREWARD_Foxwell_DefendEntitiesAndEscort,1,complete,blueprintmissionpools,"[{""weight"":1,""name"":""Parallax Energy Assault Rifle""},{""weight"":1,""name"":""Antium Arms""},{""weight"":1,""name"":""Antium Core""},{""weight"":1,""name"":""Antium Legs""},{""weight"":1,""name"":""Antium Helmet""},{""weight"":1,""name"":""Parallax Rifle Battery (80 Cap)""}]"
26c217bd-922e-49c6-9b7c-d95a11178b20,Foxwell_DefendEntitiesAndEscort_Nyx_Hard,Orange Lvl. Contract: Protect Fuel Tanks and Escort Employees,918ba6a6-772e-49c9-9d80-3f0c637a85e5,BP_REWARDS_NyxFoxwellEasy,1,complete,48blueprints,"[{""weight"":1,""name"":""Frost-Star SL""},{""weight"":1,""name"":""Fridan""},{""weight"":1,""name"":""Tepilo""},{""weight"":1,""name"":""Frost-Star""},{""weight"":1,""name"":""ArcticStorm""},{""weight"":1,""name"":""Berian""},{""weight"":1,""name"":""Gelid""},{""weight"":1,""name"":""Frost-Star EX""},{""weight"":1,""name"":""ColdSnap""},{""weight"":1,""name"":""Aufeis""},{""weight"":1,""name"":""Graupel""},{""weight"":1,""name"":""Frost-Star XL""},{""weight"":1,""name"":""FrostBurn""},{""weight"":1,""name"":""Draug""},{""weight"":1,""name"":""Elsen""},{""weight"":1,""name"":""Kragen""}]"
26c217bd-922e-49c6-9b7c-d95a11178b20,Foxwell_DefendEntitiesAndEscort_Nyx_Hard,Orange Lvl. Contract: Protect Fuel Tanks and Escort Employees,d3ddab48-c45a-4488-a416-887f2dc869fe,BP_REWARDS_NyxFoxwellHard,1,complete,48blueprints,"[{""weight"":1,""name"":""CF-117 Bulldog Repeater""},{""weight"":1,""name"":""CF-227 Badger Repeater""},{""weight"":1,""name"":""CF-337 Panther Repeater""},{""weight"":1,""name"":""CF-447 Rhino Repeater""},{""weight"":1,""name"":""CF-557 Galdereen Repeater""},{""weight"":1,""name"":""CF-667 Mammoth Repeater""},{""weight"":1,""name"":""V60-26""}]"
22a5240e-d007-40b7-a2e3-027065c19537,Foxwell_DefendEntitiesAndEscort_Pyro_Hard,Orange Lvl. Contract: Protect Fuel Tanks and Escort Employees,82426625-1081-4bc2-a72f-04f8e6c7d463,BP_REWARDS_PyroFoxwellEasy,1,complete,48blueprints,"[{""weight"":1,""name"":""IonWave""},{""weight"":1,""name"":""Radix""},{""weight"":1,""name"":""IonBurst""},{""weight"":1,""name"":""PowerBolt""},{""weight"":1,""name"":""LightBlossom""},{""weight"":1,""name"":""MagnaBloom""},{""weight"":1,""name"":""FullForce""},{""weight"":1,""name"":""IonSurge""},{""weight"":1,""name"":""FullForce""},{""weight"":1,""name"":""Radiance""},{""weight"":1,""name"":""FullForce Pro""},{""weight"":1,""name"":""IonSurge Pro""},{""weight"":1,""name"":""Celestial""},{""weight"":1,""name"":""NewDawn""}]"
22a5240e-d007-40b7-a2e3-027065c19537,Foxwell_DefendEntitiesAndEscort_Pyro_Hard,Orange Lvl. Contract: Protect Fuel Tanks and Escort Employees,f99fb032-c235-42c8-9e05-cb3443c26e55,BP_REWARDS_PyroFoxwellHard,1,complete,48blueprints,"[{""weight"":1,""name"":""Glacier""},{""weight"":1,""name"":""Avalanche""},{""weight"":1,""name"":""Blizzard""},{""weight"":1,""name"":""DR Model-XJ1 Repeater""},{""weight"":1,""name"":""DR Model-XJ2 Repeater""},{""weight"":1,""name"":""DR Model-XJ3 Repeater""}]"
1aa27fc8-08fe-4410-8f7a-79f09b64e2a0,Foxwell_DefendEntitiesAndEscort_Stanton_Hard,Orange Lvl. Contract: Protect Fuel Tanks and Escort Employees,f045d6b4-1c56-4975-b78f-a876a1c23cd3,BP_REWARDS_StantonFoxwellEasy,1,complete,48blueprints,"[{""weight"":1,""name"":""7SA 'Concord'""},{""weight"":1,""name"":""INK""},{""weight"":1,""name"":""7MA 'Lorica'""},{""weight"":1,""name"":""RPEL""},{""weight"":1,""name"":""7CA 'Nargun'""},{""weight"":1,""name"":""HAVEN""}]"
1aa27fc8-08fe-4410-8f7a-79f09b64e2a0,Foxwell_DefendEntitiesAndEscort_Stanton_Hard,Orange Lvl. Contract: Protect Fuel Tanks and Escort Employees,9bfa7f79-7301-49f8-a370-0e27c8a741df,BP_REWARDS_StantonFoxwellHard,1,complete,48blueprints,"[{""weight"":1,""name"":""Attrition-4 Repeater""},{""weight"":1,""name"":""Attrition-5 Repeater""},{""weight"":1,""name"":""Attrition-6 Repeater""},{""weight"":1,""name"":""FR-86""},{""weight"":1,""name"":""Sens""},{""weight"":1,""name"":""Tige""}]"
8c9b2f0e-6dae-4e6d-a3ab-b414eeec9861,BitZeros_BlackBoxRecovery_Nyx_VeryHard,Our Version of The Truth,4937f5e9-f42e-4d8a-a6c4-96517028c548,BP_MISSIONREWARD_BitZeros_BlackBoxRecovery,1,complete,blueprintmissionpools,"[{""weight"":1,""name"":""Lumin V SMG""},{""weight"":1,""name"":""Arrowhead Sniper Rifle""},{""weight"":1,""name"":""Aves Arms""},{""weight"":1,""name"":""Aves Core""},{""weight"":1,""name"":""Aves Legs""},{""weight"":1,""name"":""Aves Helmet""},{""weight"":1,""name"":""Aves Shrike Core""},{""weight"":1,""name"":""Aves Shrike Arms""},{""weight"":1,""name"":""Aves Shrike Legs""},{""weight"":1,""name"":""Aves Shrike Helmet""},{""weight"":1,""name"":""Lumin V SMG Battery (45 cap)""},{""weight"":1,""name"":""Arrowhead Sniper Rifle Battery (16 cap)""}]"
9277c342-efc1-4b6c-9919-4bf7343b96d9,BitZeros_BlackBoxRecovery_Stanton_VeryHard,Our Version of The Truth,4937f5e9-f42e-4d8a-a6c4-96517028c548,BP_MISSIONREWARD_BitZeros_BlackBoxRecovery,1,complete,blueprintmissionpools,"[{""weight"":1,""name"":""Lumin V SMG""},{""weight"":1,""name"":""Arrowhead Sniper Rifle""},{""weight"":1,""name"":""Aves Arms""},{""weight"":1,""name"":""Aves Core""},{""weight"":1,""name"":""Aves Legs""},{""weight"":1,""name"":""Aves Helmet""},{""weight"":1,""name"":""Aves Shrike Core""},{""weight"":1,""name"":""Aves Shrike Arms""},{""weight"":1,""name"":""Aves Shrike Legs""},{""weight"":1,""name"":""Aves Shrike Helmet""},{""weight"":1,""name"":""Lumin V SMG Battery (45 cap)""},{""weight"":1,""name"":""Arrowhead Sniper Rifle Battery (16 cap)""}]"
ddc816b2-f3ee-4a0e-903a-385bb8eb3f0c,CFP_Pyro_RegionB_M_ChainElimAll_2Cluster_ElimSpec,Outlaw attack at [LOCATION],bd54c374-923e-4095-96c1-3a76e857c35a,BP_MISSIONREWARD_CFP_ChainElim_1and2,1,complete,blueprintmissionpools,"[{""weight"":1,""name"":""Karna \""Brimstone\"" Rifle""},{""weight"":1,""name"":""Artimex Core Lodestone""},{""weight"":1,""name"":""Artimex Arms Lodestone""},{""weight"":1,""name"":""Artimex Legs Lodestone""},{""weight"":1,""name"":""Artimex Helmet Lodestone""},{""weight"":1,""name"":""Karna Rifle Battery (35 cap)""}]"
c30907e2-b089-4788-940d-e3cabe2f363d,HH_Pyro_RegionC_CFPOutposts_ChainEliminateSpecific,Paid Target in CFP,9cf3799c-2347-46a6-bd65-203f8a426f79,BP_MISSIONREWARD_HeadHunters_MercenaryFPS_EliminateSpecific_RegionCD,1,complete,blueprintmissionpools,"[{""weight"":1,""name"":""Devastator Shotgun""},{""weight"":1,""name"":""Devastator \""Warhawk\"" Shotgun""},{""weight"":1,""name"":""Devastator \""Midnight\"" Shotgun""},{""weight"":1,""name"":""Morozov-SH Core Thule""},{""weight"":1,""name"":""Morozov-SH Arms Thule""},{""weight"":1,""name"":""Morozov-SH Legs Thule""},{""weight"":1,""name"":""Morozov-SH Helmet Thule""},{""weight"":1,""name"":""Devastator Shotgun Battery (12 cap)""}]"
5673cea0-752a-4c64-bbab-f313a5274cd9,InterSec_Patrol_Nyx_Hard,Patrol Dangerous Sector,1fdd6657-5947-4f64-ab2b-3b001d88f1f7,BP_MISSIONREWARD_InterSec_Patrol,1,complete,blueprintmissionpools,"[{""weight"":1,""name"":""Quartz \""Lumen\"" Energy SMG""},{""weight"":1,""name"":""Testudo Arms Nightveil""},{""weight"":1,""name"":""Testudo Core Nightveil""},{""weight"":1,""name"":""Testudo Legs Nightveil""},{""weight"":1,""name"":""Testudo Helmet Nightveil""},{""weight"":1,""name"":""Quartz \""Deadfall\"" Energy SMG""},{""weight"":1,""name"":""Testudo Arms Turfwar""},{""weight"":1,""name"":""Testudo Core Turfwar""},{""weight"":1,""name"":""Testudo Legs Turfwar""},{""weight"":1,""name"":""Testudo Helmet Turfwar""},{""weight"":1,""name"":""Quartz Energy SMG Battery (45 cap)""},{""weight"":1,""name"":""Testudo Backpack Turfwar""},{""weight"":1,""name"":""Testudo Backpack Nightveil""}]"
afbd5caf-585e-4f1e-b357-afea66248852,InterSec_Patrol_Nyx_VeryHard,Patrol to Prevent Possible Attack,1fdd6657-5947-4f64-ab2b-3b001d88f1f7,BP_MISSIONREWARD_InterSec_Patrol,1,complete,blueprintmissionpools,"[{""weight"":1,""name"":""Quartz \""Lumen\"" Energy SMG""},{""weight"":1,""name"":""Testudo Arms Nightveil""},{""weight"":1,""name"":""Testudo Core Nightveil""},{""weight"":1,""name"":""Testudo Legs Nightveil""},{""weight"":1,""name"":""Testudo Helmet Nightveil""},{""weight"":1,""name"":""Quartz \""Deadfall\"" Energy SMG""},{""weight"":1,""name"":""Testudo Arms Turfwar""},{""weight"":1,""name"":""Testudo Core Turfwar""},{""weight"":1,""name"":""Testudo Legs Turfwar""},{""weight"":1,""name"":""Testudo Helmet Turfwar""},{""weight"":1,""name"":""Quartz Energy SMG Battery (45 cap)""},{""weight"":1,""name"":""Testudo Backpack Turfwar""},{""weight"":1,""name"":""Testudo Backpack Nightveil""}]"
c3fa11ea-d56f-4b04-a967-d90b65762f93,InterSec_Patrol_Nyx_Super,Patrol Vanduul Hunting Ground,1fdd6657-5947-4f64-ab2b-3b001d88f1f7,BP_MISSIONREWARD_InterSec_Patrol,1,complete,blueprintmissionpools,"[{""weight"":1,""name"":""Quartz \""Lumen\"" Energy SMG""},{""weight"":1,""name"":""Testudo Arms Nightveil""},{""weight"":1,""name"":""Testudo Core Nightveil""},{""weight"":1,""name"":""Testudo Legs Nightveil""},{""weight"":1,""name"":""Testudo Helmet Nightveil""},{""weight"":1,""name"":""Quartz \""Deadfall\"" Energy SMG""},{""weight"":1,""name"":""Testudo Arms Turfwar""},{""weight"":1,""name"":""Testudo Core Turfwar""},{""weight"":1,""name"":""Testudo Legs Turfwar""},{""weight"":1,""name"":""Testudo Helmet Turfwar""},{""weight"":1,""name"":""Quartz Energy SMG Battery (45 cap)""},{""weight"":1,""name"":""Testudo Backpack Turfwar""},{""weight"":1,""name"":""Testudo Backpack Nightveil""}]"
f4ee5c4c-db01-4b6c-930e-b266ce5b39db,BitZeros_BlackBoxRecovery_Nyx_VeryEasy,"Pick Up, Put Down",4937f5e9-f42e-4d8a-a6c4-96517028c548,BP_MISSIONREWARD_BitZeros_BlackBoxRecovery,1,complete,blueprintmissionpools,"[{""weight"":1,""name"":""Lumin V SMG""},{""weight"":1,""name"":""Arrowhead Sniper Rifle""},{""weight"":1,""name"":""Aves Arms""},{""weight"":1,""name"":""Aves Core""},{""weight"":1,""name"":""Aves Legs""},{""weight"":1,""name"":""Aves Helmet""},{""weight"":1,""name"":""Aves Shrike Core""},{""weight"":1,""name"":""Aves Shrike Arms""},{""weight"":1,""name"":""Aves Shrike Legs""},{""weight"":1,""name"":""Aves Shrike Helmet""},{""weight"":1,""name"":""Lumin V SMG Battery (45 cap)""},{""weight"":1,""name"":""Arrowhead Sniper Rifle Battery (16 cap)""}]"
b90bd8e0-f6e0-4129-8909-91fb6dafa978,BitZeros_BlackBoxRecovery_Stanton_VeryEasy,"Pick Up, Put Down",4937f5e9-f42e-4d8a-a6c4-96517028c548,BP_MISSIONREWARD_BitZeros_BlackBoxRecovery,1,complete,blueprintmissionpools,"[{""weight"":1,""name"":""Lumin V SMG""},{""weight"":1,""name"":""Arrowhead Sniper Rifle""},{""weight"":1,""name"":""Aves Arms""},{""weight"":1,""name"":""Aves Core""},{""weight"":1,""name"":""Aves Legs""},{""weight"":1,""name"":""Aves Helmet""},{""weight"":1,""name"":""Aves Shrike Core""},{""weight"":1,""name"":""Aves Shrike Arms""},{""weight"":1,""name"":""Aves Shrike Legs""},{""weight"":1,""name"":""Aves Shrike Helmet""},{""weight"":1,""name"":""Lumin V SMG Battery (45 cap)""},{""weight"":1,""name"":""Arrowhead Sniper Rifle Battery (16 cap)""}]"
cc66e468-7ab9-4a89-8888-3c3aa75ab36f,CitizensForProsperity_DefendShip_Nyx_VeryEasy,Pilot in Distress,e52bf354-8918-474d-987e-55c01bfecdd3,BP_MISSIONREWARD_RDC_Generic,1,complete,blueprintmissionpools,"[{""weight"":1,""name"":""R97 Shotgun""},{""weight"":1,""name"":""Monde Arms""},{""weight"":1,""name"":""Monde Core""},{""weight"":1,""name"":""Monde Legs""},{""weight"":1,""name"":""Monde Helmet""},{""weight"":1,""name"":""Monde Arms Hiro""},{""weight"":1,""name"":""Monde Core Hiro""},{""weight"":1,""name"":""Monde Legs Hiro""},{""weight"":1,""name"":""Monde Helmet Hiro""},{""weight"":1,""name"":""R97 Shotgun Magazine (18 cap)""}]"
e45b6dbf-b35b-43d1-b768-41f91953bf60,CitizensForProsperity_DefendShip_Nyx_Easy,Pilot Seeking Combat Support,e52bf354-8918-474d-987e-55c01bfecdd3,BP_MISSIONREWARD_RDC_Generic,1,complete,blueprintmissionpools,"[{""weight"":1,""name"":""R97 Shotgun""},{""weight"":1,""name"":""Monde Arms""},{""weight"":1,""name"":""Monde Core""},{""weight"":1,""name"":""Monde Legs""},{""weight"":1,""name"":""Monde Helmet""},{""weight"":1,""name"":""Monde Arms Hiro""},{""weight"":1,""name"":""Monde Core Hiro""},{""weight"":1,""name"":""Monde Legs Hiro""},{""weight"":1,""name"":""Monde Helmet Hiro""},{""weight"":1,""name"":""R97 Shotgun Magazine (18 cap)""}]"
a57db8d3-0d2a-457c-be2c-671a4c4bf664,InterSec_DefendShip_Nyx_VeryHard,Pilot Under Fire From Vanduul,efacefc7-916b-4cd1-9f03-43053f6ae867,BP_MISSIONREWARD_InterSec_DefendShip,1,complete,blueprintmissionpools,"[{""weight"":1,""name"":""Pulse \""Rouge\"" Pistol""},{""weight"":1,""name"":""Testudo Arms Combustion""},{""weight"":1,""name"":""Testudo Core Combustion""},{""weight"":1,""name"":""Testudo Legs Combustion""},{""weight"":1,""name"":""Testudo Helmet Combustion""},{""weight"":1,""name"":""Pulse Laser Pistol Battery (60 Cap)""},{""weight"":1,""name"":""Testudo Backpack Combustion""}]"
60826e88-0e47-4527-a92f-da99b70240e0,HH_Pyro_RegionC_CFPXSOutpost_EliminateSpecific,Plug a traitor,9cf3799c-2347-46a6-bd65-203f8a426f79,BP_MISSIONREWARD_HeadHunters_MercenaryFPS_EliminateSpecific_RegionCD,1,complete,blueprintmissionpools,"[{""weight"":1,""name"":""Devastator Shotgun""},{""weight"":1,""name"":""Devastator \""Warhawk\"" Shotgun""},{""weight"":1,""name"":""Devastator \""Midnight\"" Shotgun""},{""weight"":1,""name"":""Morozov-SH Core Thule""},{""weight"":1,""name"":""Morozov-SH Arms Thule""},{""weight"":1,""name"":""Morozov-SH Legs Thule""},{""weight"":1,""name"":""Morozov-SH Helmet Thule""},{""weight"":1,""name"":""Devastator Shotgun Battery (12 cap)""}]"
94079b3a-b689-40ce-b8bf-f1371e4f6398,FoxwellEnforcement_EliminateSpecific_NonHostiles,Precision Strike on [TARGET],5b74b911-ef2e-4bcd-8767-84abdc6bf6f9,BP_MISSIONREWARD_FoxwellEnforcement_Generator,1,complete,blueprintmissionpools,"[{""weight"":1,""name"":""Antium Helmet Jet""},{""weight"":1,""name"":""Antium Core Maroon""},{""weight"":1,""name"":""Antium Legs Maroon""},{""weight"":1,""name"":""Antium Helmet Maroon""},{""weight"":1,""name"":""Antium Helmet Moss Camo""},{""weight"":1,""name"":""Antium Arms Moss Camo""},{""weight"":1,""name"":""Antium Core Moss Camo""},{""weight"":1,""name"":""Antium Legs Moss Camo""}]"
36431200-e22d-4161-a018-a544565f9e1a,InterSec_Bounty_Nyx_Hard,Preemptive Strike On [TARGET],e52bf354-8918-474d-987e-55c01bfecdd3,BP_MISSIONREWARD_RDC_Generic,1,complete,blueprintmissionpools,"[{""weight"":1,""name"":""R97 Shotgun""},{""weight"":1,""name"":""Monde Arms""},{""weight"":1,""name"":""Monde Core""},{""weight"":1,""name"":""Monde Legs""},{""weight"":1,""name"":""Monde Helmet""},{""weight"":1,""name"":""Monde Arms Hiro""},{""weight"":1,""name"":""Monde Core Hiro""},{""weight"":1,""name"":""Monde Legs Hiro""},{""weight"":1,""name"":""Monde Helmet Hiro""},{""weight"":1,""name"":""R97 Shotgun Magazine (18 cap)""}]"
927f4e62-c90e-4366-a31d-9183c377806e,HH_Pyro_RegionA_VHRT_CitizensForProsperity_KillShip,Primo Target,0e810eae-7b66-45aa-a18f-ffc1aae15585,BP_REWARDS_HeadHuntersMercenaryShipRegionA,1,complete,48blueprints,"[{""weight"":1,""name"":""9-Series Longsword Cannon""},{""weight"":1,""name"":""10-Series Greatsword Cannon""},{""weight"":1,""name"":""11-Series Broadsword Cannon""},{""weight"":1,""name"":""Sledge I Mass Driver Cannon""},{""weight"":1,""name"":""Strife Mass Driver Cannon""},{""weight"":1,""name"":""Sledge II Mass Driver Cannon""},{""weight"":1,""name"":""Sledge III Mass Driver Cannon""}]"
da6f602d-fc21-4d2e-9b82-efc6f92d6521,HH_Pyro_RegionB_VHRT_CitizensForProsperity_KillShip,Primo Target,4b340951-c7f6-49af-bcc7-9fadcecf6c8c,BP_REWARDS_HeadHuntersMercenaryShipRegionB,1,complete,48blueprints,"[{""weight"":1,""name"":""HeatSafe""},{""weight"":1,""name"":""Cryo-Star SL""},{""weight"":1,""name"":""Dominance-1 Scattergun""},{""weight"":1,""name"":""Dominance-2 Scattergun""},{""weight"":1,""name"":""Dominance-3 Scattergun""}]"
dcf7e7cf-e117-44ed-a1dc-97b4010a2da2,HH_Pyro_RegionC_VHRT_CitizensForProsperity_KillShip,Primo Target,de417e15-2936-497a-8f90-7a52eb2eb12a,BP_REWARDS_HeadHuntersMercenaryShipRegionC,1,complete,48blueprints,"[{""weight"":1,""name"":""VaporBlock""},{""weight"":1,""name"":""Cryo-Star SL""},{""weight"":1,""name"":""NN-13 Cannon""},{""weight"":1,""name"":""NN-14 Cannon""},{""weight"":1,""name"":""NN-15 Cannon""}]"
5222f94d-4fa0-437d-9a05-b59c16215007,HH_Pyro_RegionD_VHRT_CitizensForProsperity_KillShip,Primo Target,14ac943a-df05-4bd8-9596-b268d7e7748b,BP_REWARDS_HeadHuntersMercenaryShipRegionD,1,complete,48blueprints,"[{""weight"":1,""name"":""SnowBlind""},{""weight"":1,""name"":""Cryo-Star SL""},{""weight"":1,""name"":""M6A Cannon""},{""weight"":1,""name"":""M7A Cannon""},{""weight"":1,""name"":""M8A Cannon""},{""weight"":1,""name"":""Singe Cannon (S1)""},{""weight"":1,""name"":""Singe Cannon (S2)""},{""weight"":1,""name"":""Singe Cannon (S3)""}]"
efaadba5-667f-4ca5-a2ff-84b743704a1f,CFP_Pyro_RegionB_M_ChainElimAll_1Cluster_XTAttack,Protect [LOCATION] from XenoThreat Attack,6a166ec8-afd6-4e50-82aa-8b7533f82b41,BP_MISSIONREWARD_CFP_ChainElim_3,1,complete,blueprintmissionpools,"[{""weight"":1,""name"":""Karna \""Fate\"" Rifle""},{""weight"":1,""name"":""Artimex Core (Modified)""},{""weight"":1,""name"":""Artimex Arms (Modified)""},{""weight"":1,""name"":""Karna Rifle Battery (35 cap)""}]"
f5519744-fb8c-45ea-bfb5-6e31d2afe8c4,CFP_Pyro_RegionB_VH_CFPOutposts_XT_EliminateAll,Protect [LOCATION] from XenoThreat Incursion,633d4069-c160-43d2-892d-2d8222261c20,BP_MISSIONREWARD_CFP_Outpost_RegionAB,1,complete,blueprintmissionpools,"[{""weight"":1,""name"":""Karna Rifle""},{""weight"":1,""name"":""Artimex Arms""},{""weight"":1,""name"":""Artimex Core""},{""weight"":1,""name"":""Artimex Legs""},{""weight"":1,""name"":""Artimex Helmet""},{""weight"":1,""name"":""Karna Rifle Battery (35 cap)""}]"
f09b6204-cab2-4081-b14f-48e2a5631501,CFP_Pyro_RegionB_H_CFPXSOutposts_XT_EliminateAll,Protect [LOCATION] from XenoThreat Raid,633d4069-c160-43d2-892d-2d8222261c20,BP_MISSIONREWARD_CFP_Outpost_RegionAB,1,complete,blueprintmissionpools,"[{""weight"":1,""name"":""Karna Rifle""},{""weight"":1,""name"":""Artimex Arms""},{""weight"":1,""name"":""Artimex Core""},{""weight"":1,""name"":""Artimex Legs""},{""weight"":1,""name"":""Artimex Helmet""},{""weight"":1,""name"":""Karna Rifle Battery (35 cap)""}]"
a945ab4e-ea8f-4e5b-886f-fd02a68f439c,InterSec_DefendShip_Nyx_Hard,Protect Vital Asset,efacefc7-916b-4cd1-9f03-43053f6ae867,BP_MISSIONREWARD_InterSec_DefendShip,1,complete,blueprintmissionpools,"[{""weight"":1,""name"":""Pulse \""Rouge\"" Pistol""},{""weight"":1,""name"":""Testudo Arms Combustion""},{""weight"":1,""name"":""Testudo Core Combustion""},{""weight"":1,""name"":""Testudo Legs Combustion""},{""weight"":1,""name"":""Testudo Helmet Combustion""},{""weight"":1,""name"":""Pulse Laser Pistol Battery (60 Cap)""},{""weight"":1,""name"":""Testudo Backpack Combustion""}]"
c606f7ba-034c-4ce1-9e3b-9e989bf397e7,CFP_Pyro_RegionC_CFPOutpost_XTEliminateAll,Protecting outpost from XenoThreat,a2da9707-9859-4da0-9f4b-90e5afe45833,BP_MISSIONREWARD_CFP_Outpost_RegionC,1,complete,blueprintmissionpools,"[{""weight"":1,""name"":""Karna Rifle""},{""weight"":1,""name"":""Artimex Core Canuto""},{""weight"":1,""name"":""Artimex Arms Canuto""},{""weight"":1,""name"":""Artimex Legs Canuto""},{""weight"":1,""name"":""Artimex Helmet Canuto""},{""weight"":1,""name"":""Karna Rifle Battery (35 cap)""}]"
67d23e1e-b328-42b9-9d90-685a1f78ba39,EckhartSecurity_EscortShips_Nyx_VeryHard,Protection Detail Needed. High Risk.,0624864b-bb2d-4dd3-87cb-3b9599285fbe,BP_REWARDS_EckhartSecurityEscortShipsHardPlus,1,complete,48blueprints,"[{""weight"":1,""name"":""Havoc Scattergun""},{""weight"":1,""name"":""Hellion Scattergun""},{""weight"":1,""name"":""Predator Scattergun""},{""weight"":1,""name"":""Mirage""},{""weight"":1,""name"":""Umbra""},{""weight"":1,""name"":""Quarreler Cannon""}]"
67d23e1e-b328-42b9-9d90-685a1f78ba39,EckhartSecurity_EscortShips_Nyx_VeryHard,Protection Detail Needed. High Risk.,65744944-bca2-4467-aa8e-9a948b13a6b0,BP_REWARDS_EckhartSecurityEscortShipsMed,1,complete,48blueprints,"[{""weight"":1,""name"":""Veil""},{""weight"":1,""name"":""Sheut""},{""weight"":1,""name"":""Suckerpunch Cannon""},{""weight"":1,""name"":""Suckerpunch-L Cannon""},{""weight"":1,""name"":""Suckerpunch-XL Cannon""}]"
67d23e1e-b328-42b9-9d90-685a1f78ba39,EckhartSecurity_EscortShips_Nyx_VeryHard,Protection Detail Needed. High Risk.,7d0ecc93-a6e0-4096-acdc-dcc7969e6b96,BP_REWARDS_EckhartSecurityEscortShipsEasy,1,complete,48blueprints,"[{""weight"":1,""name"":""Shimmer""},{""weight"":1,""name"":""Obscura""},{""weight"":1,""name"":""M3A Cannon""},{""weight"":1,""name"":""M4A Cannon""},{""weight"":1,""name"":""M5A Cannon""}]"
de72f185-824b-4c66-84b9-b5731e168a53,HeadHunters_DefendEntitiesAndEscort_Nyx_Easy,Provide Protection at [LOCATION],ed0b8aaa-eec6-4c72-b9e7-b0b48ab5e135,BP_REWARDS_NyxHeadhuntersEasy,1,complete,48blueprints,"[{""weight"":1,""name"":""Cryo-Star SL""},{""weight"":1,""name"":""Winter-Star SL""},{""weight"":1,""name"":""Kelvid""},{""weight"":1,""name"":""Cryo-Star""},{""weight"":1,""name"":""Winter-Star""},{""weight"":1,""name"":""BlastChill""},{""weight"":1,""name"":""FlashFreeze""},{""weight"":1,""name"":""Endo""},{""weight"":1,""name"":""Cryo-Star EX""},{""weight"":1,""name"":""Winter-Star EX""},{""weight"":1,""name"":""FullFrost""},{""weight"":1,""name"":""WhiteOut""},{""weight"":1,""name"":""Taiga""},{""weight"":1,""name"":""Cryo-Star XL""},{""weight"":1,""name"":""Winter-Star XL""},{""weight"":1,""name"":""ColdSurge""},{""weight"":1,""name"":""FrostBite""}]"
3bf00ca0-410d-41b1-8d84-e678b3ffbf38,HeadHunters_DefendEntitiesAndEscort_Pyro_Easy,Provide Protection at [LOCATION],6b6f3678-9f0e-4188-ae68-f5c1177230be,BP_REWARDS_PyroHeadhuntersEasy,1,complete,48blueprints,"[{""weight"":1,""name"":""DuraJet""},{""weight"":1,""name"":""ZapJet""},{""weight"":1,""name"":""Defiant""},{""weight"":1,""name"":""SparkJet""},{""weight"":1,""name"":""Lotus""},{""weight"":1,""name"":""SparkJet Pro""},{""weight"":1,""name"":""TigerLilly""}]"
22f4983f-3637-441f-ac3f-2ff1e0a5d272,HeadHunters_DefendEntitiesAndEscort_Stanton_Easy,Provide Protection at [LOCATION],a2cbf2c1-7691-422b-93ca-e6740f5ab4b6,BP_REWARDS_StantonHeadhuntersEasy,1,complete,48blueprints,"[{""weight"":1,""name"":""PIN""},{""weight"":1,""name"":""5SA 'Rhada'""},{""weight"":1,""name"":""6SA 'Arbiter'""},{""weight"":1,""name"":""HEX""},{""weight"":1,""name"":""WEB""},{""weight"":1,""name"":""5MA 'Chimalli'""},{""weight"":1,""name"":""6MA 'Kozane'""},{""weight"":1,""name"":""BLOC""},{""weight"":1,""name"":""STOP""},{""weight"":1,""name"":""5CA 'Akura'""},{""weight"":1,""name"":""6CA 'Bila'""},{""weight"":1,""name"":""6CA 'Bila'""},{""weight"":1,""name"":""GUARD""}]"
b420cb29-8e79-4965-ba20-78047e8fd265,RCD_Exclusive,QV Breaker Station Mining Rights (Exclusive),1e31d7e8-3033-4c98-a477-c474810d48c1,BP_MISSIONREWARD_RDC_Exclusive,1,complete,blueprintmissionpools,"[{""weight"":1,""name"":""R97 \""Kismet\"" Shotgun""},{""weight"":1,""name"":""R97 \""Righteous\"" Shotgun""},{""weight"":1,""name"":""Monde Arms Delta Camo""},{""weight"":1,""name"":""Monde Legs Delta Camo""},{""weight"":1,""name"":""Monde Core Delta Camo""},{""weight"":1,""name"":""Monde Helmet Delta Camo""},{""weight"":1,""name"":""Monde Helmet Hemlock Camo""},{""weight"":1,""name"":""Monde Legs Hemlock Camo""},{""weight"":1,""name"":""Monde Core Hemlock Camo""},{""weight"":1,""name"":""Monde Arms Hemlock Camo""},{""weight"":1,""name"":""R97 Shotgun Magazine (18 cap)""}]"
8f89a2d4-8994-462a-a711-7eca01a3edeb,RCD_Contested,QV Breaker Station Mining Rights (Shared),1e31d7e8-3033-4c98-a477-c474810d48c1,BP_MISSIONREWARD_RDC_Exclusive,1,complete,blueprintmissionpools,"[{""weight"":1,""name"":""R97 \""Kismet\"" Shotgun""},{""weight"":1,""name"":""R97 \""Righteous\"" Shotgun""},{""weight"":1,""name"":""Monde Arms Delta Camo""},{""weight"":1,""name"":""Monde Legs Delta Camo""},{""weight"":1,""name"":""Monde Core Delta Camo""},{""weight"":1,""name"":""Monde Helmet Delta Camo""},{""weight"":1,""name"":""Monde Helmet Hemlock Camo""},{""weight"":1,""name"":""Monde Legs Hemlock Camo""},{""weight"":1,""name"":""Monde Core Hemlock Camo""},{""weight"":1,""name"":""Monde Arms Hemlock Camo""},{""weight"":1,""name"":""R97 Shotgun Magazine (18 cap)""}]"
0fed970e-9222-490a-b1d8-993c9d896b58,CFP_Pyro_XSOutpost_HHEliminateAll,Reclaim Headhunter Outpost,633d4069-c160-43d2-892d-2d8222261c20,BP_MISSIONREWARD_CFP_Outpost_RegionAB,1,complete,blueprintmissionpools,"[{""weight"":1,""name"":""Karna Rifle""},{""weight"":1,""name"":""Artimex Arms""},{""weight"":1,""name"":""Artimex Core""},{""weight"":1,""name"":""Artimex Legs""},{""weight"":1,""name"":""Artimex Helmet""},{""weight"":1,""name"":""Karna Rifle Battery (35 cap)""}]"
4cd24c49-870e-48af-9a37-3f55dad7316a,CFP_Pyro_RegionC_XSOutpost_XTEliminateAll,Reclaim XenoThreat Outpost,a2da9707-9859-4da0-9f4b-90e5afe45833,BP_MISSIONREWARD_CFP_Outpost_RegionC,1,complete,blueprintmissionpools,"[{""weight"":1,""name"":""Karna Rifle""},{""weight"":1,""name"":""Artimex Core Canuto""},{""weight"":1,""name"":""Artimex Arms Canuto""},{""weight"":1,""name"":""Artimex Legs Canuto""},{""weight"":1,""name"":""Artimex Helmet Canuto""},{""weight"":1,""name"":""Karna Rifle Battery (35 cap)""}]"
cdbd2484-129b-4aef-a22c-42c52ae02cdc,CFP_Pyro_RegionB_VH_ChainElimAll_3Cluster_ElimSpec_HHAttack,Reclaiming Clusters from Headhunters,6a166ec8-afd6-4e50-82aa-8b7533f82b41,BP_MISSIONREWARD_CFP_ChainElim_3,1,complete,blueprintmissionpools,"[{""weight"":1,""name"":""Karna \""Fate\"" Rifle""},{""weight"":1,""name"":""Artimex Core (Modified)""},{""weight"":1,""name"":""Artimex Arms (Modified)""},{""weight"":1,""name"":""Karna Rifle Battery (35 cap)""}]"
229c9217-0b98-406b-bb78-91a95cafb678,CFP_Pyro_RegionB_H_ChainElimAll_2Cluster_ElimSpec_XTAttack,Reclaiming Outposts from XenoThreat,bd54c374-923e-4095-96c1-3a76e857c35a,BP_MISSIONREWARD_CFP_ChainElim_1and2,1,complete,blueprintmissionpools,"[{""weight"":1,""name"":""Karna \""Brimstone\"" Rifle""},{""weight"":1,""name"":""Artimex Core Lodestone""},{""weight"":1,""name"":""Artimex Arms Lodestone""},{""weight"":1,""name"":""Artimex Legs Lodestone""},{""weight"":1,""name"":""Artimex Helmet Lodestone""},{""weight"":1,""name"":""Karna Rifle Battery (35 cap)""}]"
706aedbf-efdb-44f6-b075-f5d0d775ce37,IDS_ResourceGathering_CryoP,Recover Vanduul Corpses,36e8ac4d-8962-4b03-89e7-cd7a06fc4adc,BP_MISSIONREWARD_InterSec_ResourceGathering,1,complete,blueprintmissionpools,"[{""weight"":1,""name"":""Pulse Laser Pistol""},{""weight"":1,""name"":""Testudo Arms Earthshake""},{""weight"":1,""name"":""Testudo Core Earthshake""},{""weight"":1,""name"":""Testudo Legs Earthshake""},{""weight"":1,""name"":""Testudo Helmet Earthshake""},{""weight"":1,""name"":""Pulse Laser Pistol Battery (60 Cap)""},{""weight"":1,""name"":""Testudo Backpack Earthshake""}]"
0a3c40b0-f0e7-473f-bf75-fc7f4f0b5ffc,IDS_ResourceGathering_Tech,Recover Vanduul Tech,36e8ac4d-8962-4b03-89e7-cd7a06fc4adc,BP_MISSIONREWARD_InterSec_ResourceGathering,1,complete,blueprintmissionpools,"[{""weight"":1,""name"":""Pulse Laser Pistol""},{""weight"":1,""name"":""Testudo Arms Earthshake""},{""weight"":1,""name"":""Testudo Core Earthshake""},{""weight"":1,""name"":""Testudo Legs Earthshake""},{""weight"":1,""name"":""Testudo Helmet Earthshake""},{""weight"":1,""name"":""Pulse Laser Pistol Battery (60 Cap)""},{""weight"":1,""name"":""Testudo Backpack Earthshake""}]"
befb9ad9-6ddc-4304-a696-95fa214a6800,CFP_Pyro_Medium_RecoverCargo,Recovering Valuable Supplies,6ba44ab4-9681-4bbf-9fd6-475da08bafd5,BP_MISSIONREWARD_CitizensForProsperityRecoverCargo_Pyro,1,complete,blueprintmissionpools,"[{""weight"":1,""name"":""P8-SC SMG""},{""weight"":1,""name"":""C54 SMG""},{""weight"":1,""name"":""S71 Rifle""},{""weight"":1,""name"":""ORC-mkX Arms Woodland""},{""weight"":1,""name"":""ORC-mkX Legs Woodland""},{""weight"":1,""name"":""ORC-mkX Core Woodland""},{""weight"":1,""name"":""ORC-mkX Helmet Woodland""},{""weight"":1,""name"":""ORC-mkV Arms""},{""weight"":1,""name"":""ORC-mkV Legs""},{""weight"":1,""name"":""ORC-mkV Core""},{""weight"":1,""name"":""G-2 Helmet Woodland""},{""weight"":1,""name"":""P8-SC SMG Magazine (45 cap)""},{""weight"":1,""name"":""C54 SMG Magazine (50 cap)""},{""weight"":1,""name"":""S71 Rifle Magazine (30 cap)""}]"
3e7d0f51-7185-4674-bdc5-50ca2d0798b5,FoxwellEnforcement_ShipAmbush_Pyro_VeryHard,Red Level Contract: Ambush Attack Squad,af21edb5-3938-45ac-8a35-130e52463f44,BP_MISSIONREWARD_FoxwellEnforcement_Ambush,1,complete,blueprintmissionpools,"[{""weight"":1,""name"":""Parallax \""Sunstone\"" Energy Assault Rifle""},{""weight"":1,""name"":""Antium Arms Jet""},{""weight"":1,""name"":""Antium Core Jet""},{""weight"":1,""name"":""Antium Legs Jet""},{""weight"":1,""name"":""Antium Core Jet""},{""weight"":1,""name"":""Parallax Rifle Battery (80 Cap)""}]"
d4b57d33-a3da-4902-8695-16732ea20b41,FoxwellEnforcement_ShipAmbush_Stanton_VeryHard,Red Level Contract: Ambush Attack Squad,af21edb5-3938-45ac-8a35-130e52463f44,BP_MISSIONREWARD_FoxwellEnforcement_Ambush,1,complete,blueprintmissionpools,"[{""weight"":1,""name"":""Parallax \""Sunstone\"" Energy Assault Rifle""},{""weight"":1,""name"":""Antium Arms Jet""},{""weight"":1,""name"":""Antium Core Jet""},{""weight"":1,""name"":""Antium Legs Jet""},{""weight"":1,""name"":""Antium Core Jet""},{""weight"":1,""name"":""Parallax Rifle Battery (80 Cap)""}]"
50b65c1a-14ad-4e69-bba6-efac087a3735,Foxwell_PAF_HaulCargo_Multi2ToSingle_Small_Aluminum,"Red Level Contract: Clear PAFs, Recover Cargo, and Deliver to OLP",5b74b911-ef2e-4bcd-8767-84abdc6bf6f9,BP_MISSIONREWARD_FoxwellEnforcement_Generator,1,complete,blueprintmissionpools,"[{""weight"":1,""name"":""Antium Helmet Jet""},{""weight"":1,""name"":""Antium Core Maroon""},{""weight"":1,""name"":""Antium Legs Maroon""},{""weight"":1,""name"":""Antium Helmet Maroon""},{""weight"":1,""name"":""Antium Helmet Moss Camo""},{""weight"":1,""name"":""Antium Arms Moss Camo""},{""weight"":1,""name"":""Antium Core Moss Camo""},{""weight"":1,""name"":""Antium Legs Moss Camo""}]"
2e13f91f-c78d-4160-bdb8-7d69cd43d652,FoxwellEnforcement_BombingRun_Stanton_S,Red Level Contract: Destroy Outlaw Infrastructure,5b74b911-ef2e-4bcd-8767-84abdc6bf6f9,BP_MISSIONREWARD_FoxwellEnforcement_Generator,1,complete,blueprintmissionpools,"[{""weight"":1,""name"":""Antium Helmet Jet""},{""weight"":1,""name"":""Antium Core Maroon""},{""weight"":1,""name"":""Antium Legs Maroon""},{""weight"":1,""name"":""Antium Helmet Maroon""},{""weight"":1,""name"":""Antium Helmet Moss Camo""},{""weight"":1,""name"":""Antium Arms Moss Camo""},{""weight"":1,""name"":""Antium Core Moss Camo""},{""weight"":1,""name"":""Antium Legs Moss Camo""}]"
f09d79bc-250a-4001-88ff-203b191ddbd2,FoxwellEnforcement_BombingRun_Stanton_VH,Red Level Contract: Fuel Container Demolition,5b74b911-ef2e-4bcd-8767-84abdc6bf6f9,BP_MISSIONREWARD_FoxwellEnforcement_Generator,1,complete,blueprintmissionpools,"[{""weight"":1,""name"":""Antium Helmet Jet""},{""weight"":1,""name"":""Antium Core Maroon""},{""weight"":1,""name"":""Antium Legs Maroon""},{""weight"":1,""name"":""Antium Helmet Maroon""},{""weight"":1,""name"":""Antium Helmet Moss Camo""},{""weight"":1,""name"":""Antium Arms Moss Camo""},{""weight"":1,""name"":""Antium Core Moss Camo""},{""weight"":1,""name"":""Antium Legs Moss Camo""}]"
696ffb18-5211-4e4d-bb67-5e31eb562a9d,FoxwellEnforcement_Patrol_Pyro_VeryHard,Red Level Contract: High-Risk Security Patrol,2fefd608-1c2c-4b0f-9c48-24b797f3ba3f,BP_MISSIONREWARD_FoxwellEnforcement_Patrol,1,complete,blueprintmissionpools,"[{""weight"":1,""name"":""Parallax \""Sanguine\"" Energy Assault Rifle""},{""weight"":1,""name"":""Antium Arms Sand""},{""weight"":1,""name"":""Antium Core Sand""},{""weight"":1,""name"":""Antium Legs Sand""},{""weight"":1,""name"":""Antium Helmet Sand""},{""weight"":1,""name"":""Parallax Rifle Battery (80 Cap)""}]"
cf2bff54-209a-427d-a137-bce73d6a7cae,FoxwellEnforcement_Patrol_Stanton_VeryHard,Red Level Contract: High-Risk Security Patrol,2fefd608-1c2c-4b0f-9c48-24b797f3ba3f,BP_MISSIONREWARD_FoxwellEnforcement_Patrol,1,complete,blueprintmissionpools,"[{""weight"":1,""name"":""Parallax \""Sanguine\"" Energy Assault Rifle""},{""weight"":1,""name"":""Antium Arms Sand""},{""weight"":1,""name"":""Antium Core Sand""},{""weight"":1,""name"":""Antium Legs Sand""},{""weight"":1,""name"":""Antium Helmet Sand""},{""weight"":1,""name"":""Parallax Rifle Battery (80 Cap)""}]"
b0d47978-50bb-404a-b529-4084f6e6ac38,Foxwell_PAF_HaulCargo_AtoB_Small_AgriculturalSupplies,Red Level Contract: Recoup Stolen Cargo Haul,5b74b911-ef2e-4bcd-8767-84abdc6bf6f9,BP_MISSIONREWARD_FoxwellEnforcement_Generator,1,complete,blueprintmissionpools,"[{""weight"":1,""name"":""Antium Helmet Jet""},{""weight"":1,""name"":""Antium Core Maroon""},{""weight"":1,""name"":""Antium Legs Maroon""},{""weight"":1,""name"":""Antium Helmet Maroon""},{""weight"":1,""name"":""Antium Helmet Moss Camo""},{""weight"":1,""name"":""Antium Arms Moss Camo""},{""weight"":1,""name"":""Antium Core Moss Camo""},{""weight"":1,""name"":""Antium Legs Moss Camo""}]"
f0a6adc6-ef64-4d4f-bf35-5368c870d7ad,Foxwell_OLP_HaulCargo_AtoB_Small_Carbon,Red Level Contract: Retrieve Cargo Haul,5b74b911-ef2e-4bcd-8767-84abdc6bf6f9,BP_MISSIONREWARD_FoxwellEnforcement_Generator,1,complete,blueprintmissionpools,"[{""weight"":1,""name"":""Antium Helmet Jet""},{""weight"":1,""name"":""Antium Core Maroon""},{""weight"":1,""name"":""Antium Legs Maroon""},{""weight"":1,""name"":""Antium Helmet Maroon""},{""weight"":1,""name"":""Antium Helmet Moss Camo""},{""weight"":1,""name"":""Antium Arms Moss Camo""},{""weight"":1,""name"":""Antium Core Moss Camo""},{""weight"":1,""name"":""Antium Legs Moss Camo""}]"
8445139c-9b30-4789-8003-39f32fc5ebd5,FoxwellEnforcement_EscortShips_Pyro_VeryHard,Red Level Contract: Save Ships at [LOCATION],ad7ee842-5a39-4f35-a337-91b8e274179f,BP_MISSIONREWARD_FoxwellEnforcement_EscortShips,1,complete,blueprintmissionpools,"[{""weight"":1,""name"":""Parallax \""Shock Trooper\"" Energy Assault Rifle""},{""weight"":1,""name"":""Antium Arms Storm""},{""weight"":1,""name"":""Antium Core Storm""},{""weight"":1,""name"":""Antium Legs Storm""},{""weight"":1,""name"":""Antium Helmet Storm""},{""weight"":1,""name"":""Parallax Rifle Battery (80 Cap)""}]"
d9529d19-9752-4893-a812-e266cf5ef9c9,FoxwellEnforcement_EscortShips_Stanton_VeryHard,Red Level Contract: Save Ships at [LOCATION],ad7ee842-5a39-4f35-a337-91b8e274179f,BP_MISSIONREWARD_FoxwellEnforcement_EscortShips,1,complete,blueprintmissionpools,"[{""weight"":1,""name"":""Parallax \""Shock Trooper\"" Energy Assault Rifle""},{""weight"":1,""name"":""Antium Arms Storm""},{""weight"":1,""name"":""Antium Core Storm""},{""weight"":1,""name"":""Antium Legs Storm""},{""weight"":1,""name"":""Antium Helmet Storm""},{""weight"":1,""name"":""Parallax Rifle Battery (80 Cap)""}]"
1c7c6b3b-424a-4909-8902-de4dc38e8a83,FoxwellEnforcement_Patrol_Pyro_Super,Red Level Contract: Secure Threatened Space,2fefd608-1c2c-4b0f-9c48-24b797f3ba3f,BP_MISSIONREWARD_FoxwellEnforcement_Patrol,1,complete,blueprintmissionpools,"[{""weight"":1,""name"":""Parallax \""Sanguine\"" Energy Assault Rifle""},{""weight"":1,""name"":""Antium Arms Sand""},{""weight"":1,""name"":""Antium Core Sand""},{""weight"":1,""name"":""Antium Legs Sand""},{""weight"":1,""name"":""Antium Helmet Sand""},{""weight"":1,""name"":""Parallax Rifle Battery (80 Cap)""}]"
c4f5649b-5aba-412b-bca2-78b073d36b4d,FoxwellEnforcement_Patrol_Stanton_Super,Red Level Contract: Secure Threatened Space,2fefd608-1c2c-4b0f-9c48-24b797f3ba3f,BP_MISSIONREWARD_FoxwellEnforcement_Patrol,1,complete,blueprintmissionpools,"[{""weight"":1,""name"":""Parallax \""Sanguine\"" Energy Assault Rifle""},{""weight"":1,""name"":""Antium Arms Sand""},{""weight"":1,""name"":""Antium Core Sand""},{""weight"":1,""name"":""Antium Legs Sand""},{""weight"":1,""name"":""Antium Helmet Sand""},{""weight"":1,""name"":""Parallax Rifle Battery (80 Cap)""}]"
8d62d6b9-22ee-4b1f-86d1-c65089faa5c5,FoxwellEnforcement_Stanton_DefendShipNamed_H,Red Level Contract: Ship Under Attack,5b74b911-ef2e-4bcd-8767-84abdc6bf6f9,BP_MISSIONREWARD_FoxwellEnforcement_Generator,1,complete,blueprintmissionpools,"[{""weight"":1,""name"":""Antium Helmet Jet""},{""weight"":1,""name"":""Antium Core Maroon""},{""weight"":1,""name"":""Antium Legs Maroon""},{""weight"":1,""name"":""Antium Helmet Maroon""},{""weight"":1,""name"":""Antium Helmet Moss Camo""},{""weight"":1,""name"":""Antium Arms Moss Camo""},{""weight"":1,""name"":""Antium Core Moss Camo""},{""weight"":1,""name"":""Antium Legs Moss Camo""}]"
d7a03794-21f6-4851-983e-877506189ace,FoxwellEnforcement_Stanton_DefendShipNamed_H_NearLocation,Red Level Contract: Ship Under Attack,5b74b911-ef2e-4bcd-8767-84abdc6bf6f9,BP_MISSIONREWARD_FoxwellEnforcement_Generator,1,complete,blueprintmissionpools,"[{""weight"":1,""name"":""Antium Helmet Jet""},{""weight"":1,""name"":""Antium Core Maroon""},{""weight"":1,""name"":""Antium Legs Maroon""},{""weight"":1,""name"":""Antium Helmet Maroon""},{""weight"":1,""name"":""Antium Helmet Moss Camo""},{""weight"":1,""name"":""Antium Arms Moss Camo""},{""weight"":1,""name"":""Antium Core Moss Camo""},{""weight"":1,""name"":""Antium Legs Moss Camo""}]"
0cc98d1f-3173-4386-b574-73c37e81cf0d,FoxwellEnforcement_EscortShips_Pyro_Super,Red Level Contract: Support VIP Clients,ad7ee842-5a39-4f35-a337-91b8e274179f,BP_MISSIONREWARD_FoxwellEnforcement_EscortShips,1,complete,blueprintmissionpools,"[{""weight"":1,""name"":""Parallax \""Shock Trooper\"" Energy Assault Rifle""},{""weight"":1,""name"":""Antium Arms Storm""},{""weight"":1,""name"":""Antium Core Storm""},{""weight"":1,""name"":""Antium Legs Storm""},{""weight"":1,""name"":""Antium Helmet Storm""},{""weight"":1,""name"":""Parallax Rifle Battery (80 Cap)""}]"
b2745a15-5b6b-422e-a382-9dd8c952ba1c,FoxwellEnforcement_EscortShips_Stanton_Super,Red Level Contract: Support VIP Clients,ad7ee842-5a39-4f35-a337-91b8e274179f,BP_MISSIONREWARD_FoxwellEnforcement_EscortShips,1,complete,blueprintmissionpools,"[{""weight"":1,""name"":""Parallax \""Shock Trooper\"" Energy Assault Rifle""},{""weight"":1,""name"":""Antium Arms Storm""},{""weight"":1,""name"":""Antium Core Storm""},{""weight"":1,""name"":""Antium Legs Storm""},{""weight"":1,""name"":""Antium Helmet Storm""},{""weight"":1,""name"":""Parallax Rifle Battery (80 Cap)""}]"
2d2c0eed-a792-4a1d-a98e-e602777503ac,FoxwellEnforcement_ShipAmbush_Pyro_Super,Red Level Contract: Surprise Attack,af21edb5-3938-45ac-8a35-130e52463f44,BP_MISSIONREWARD_FoxwellEnforcement_Ambush,1,complete,blueprintmissionpools,"[{""weight"":1,""name"":""Parallax \""Sunstone\"" Energy Assault Rifle""},{""weight"":1,""name"":""Antium Arms Jet""},{""weight"":1,""name"":""Antium Core Jet""},{""weight"":1,""name"":""Antium Legs Jet""},{""weight"":1,""name"":""Antium Core Jet""},{""weight"":1,""name"":""Parallax Rifle Battery (80 Cap)""}]"
11cdb9d5-6249-4949-b05a-684853f9e60d,FoxwellEnforcement_ShipAmbush_Stanton_Super,Red Level Contract: Surprise Attack,af21edb5-3938-45ac-8a35-130e52463f44,BP_MISSIONREWARD_FoxwellEnforcement_Ambush,1,complete,blueprintmissionpools,"[{""weight"":1,""name"":""Parallax \""Sunstone\"" Energy Assault Rifle""},{""weight"":1,""name"":""Antium Arms Jet""},{""weight"":1,""name"":""Antium Core Jet""},{""weight"":1,""name"":""Antium Legs Jet""},{""weight"":1,""name"":""Antium Core Jet""},{""weight"":1,""name"":""Parallax Rifle Battery (80 Cap)""}]"
802b6f6f-8b6c-47b7-80e5-06663b7a06c4,Foxwell_DefendDestructibleEntities_Stanton_VeryHard,Red Lvl. Contract: Defend Fuel Tanks,e489ca64-3152-4ef3-8e86-10e05120d84d,BP_MISSIONREWARD_Foxwell_DefendEntitiesAndEscort,1,complete,blueprintmissionpools,"[{""weight"":1,""name"":""Parallax Energy Assault Rifle""},{""weight"":1,""name"":""Antium Arms""},{""weight"":1,""name"":""Antium Core""},{""weight"":1,""name"":""Antium Legs""},{""weight"":1,""name"":""Antium Helmet""},{""weight"":1,""name"":""Parallax Rifle Battery (80 Cap)""}]"
bfd0c42f-ad46-480f-8b73-d82236499dd3,Foxwell_DefendEntitiesAndEscort_Nyx_VeryHard,Red Lvl. Contract: Defend Fuel Tanks and Escort Employees,918ba6a6-772e-49c9-9d80-3f0c637a85e5,BP_REWARDS_NyxFoxwellEasy,1,complete,48blueprints,"[{""weight"":1,""name"":""Frost-Star SL""},{""weight"":1,""name"":""Fridan""},{""weight"":1,""name"":""Tepilo""},{""weight"":1,""name"":""Frost-Star""},{""weight"":1,""name"":""ArcticStorm""},{""weight"":1,""name"":""Berian""},{""weight"":1,""name"":""Gelid""},{""weight"":1,""name"":""Frost-Star EX""},{""weight"":1,""name"":""ColdSnap""},{""weight"":1,""name"":""Aufeis""},{""weight"":1,""name"":""Graupel""},{""weight"":1,""name"":""Frost-Star XL""},{""weight"":1,""name"":""FrostBurn""},{""weight"":1,""name"":""Draug""},{""weight"":1,""name"":""Elsen""},{""weight"":1,""name"":""Kragen""}]"
bfd0c42f-ad46-480f-8b73-d82236499dd3,Foxwell_DefendEntitiesAndEscort_Nyx_VeryHard,Red Lvl. Contract: Defend Fuel Tanks and Escort Employees,d3ddab48-c45a-4488-a416-887f2dc869fe,BP_REWARDS_NyxFoxwellHard,1,complete,48blueprints,"[{""weight"":1,""name"":""CF-117 Bulldog Repeater""},{""weight"":1,""name"":""CF-227 Badger Repeater""},{""weight"":1,""name"":""CF-337 Panther Repeater""},{""weight"":1,""name"":""CF-447 Rhino Repeater""},{""weight"":1,""name"":""CF-557 Galdereen Repeater""},{""weight"":1,""name"":""CF-667 Mammoth Repeater""},{""weight"":1,""name"":""V60-26""}]"
3bff1eba-cb09-412c-a755-42292b3e0679,Foxwell_DefendEntitiesAndEscort_Pyro_VeryHard,Red Lvl. Contract: Defend Fuel Tanks and Escort Employees,82426625-1081-4bc2-a72f-04f8e6c7d463,BP_REWARDS_PyroFoxwellEasy,1,complete,48blueprints,"[{""weight"":1,""name"":""IonWave""},{""weight"":1,""name"":""Radix""},{""weight"":1,""name"":""IonBurst""},{""weight"":1,""name"":""PowerBolt""},{""weight"":1,""name"":""LightBlossom""},{""weight"":1,""name"":""MagnaBloom""},{""weight"":1,""name"":""FullForce""},{""weight"":1,""name"":""IonSurge""},{""weight"":1,""name"":""FullForce""},{""weight"":1,""name"":""Radiance""},{""weight"":1,""name"":""FullForce Pro""},{""weight"":1,""name"":""IonSurge Pro""},{""weight"":1,""name"":""Celestial""},{""weight"":1,""name"":""NewDawn""}]"
3bff1eba-cb09-412c-a755-42292b3e0679,Foxwell_DefendEntitiesAndEscort_Pyro_VeryHard,Red Lvl. Contract: Defend Fuel Tanks and Escort Employees,f99fb032-c235-42c8-9e05-cb3443c26e55,BP_REWARDS_PyroFoxwellHard,1,complete,48blueprints,"[{""weight"":1,""name"":""Glacier""},{""weight"":1,""name"":""Avalanche""},{""weight"":1,""name"":""Blizzard""},{""weight"":1,""name"":""DR Model-XJ1 Repeater""},{""weight"":1,""name"":""DR Model-XJ2 Repeater""},{""weight"":1,""name"":""DR Model-XJ3 Repeater""}]"
c3969f5d-942e-4b32-a065-4ceb97ae971a,Foxwell_DefendEntitiesAndEscort_Stanton_VeryHard,Red Lvl. Contract: Defend Fuel Tanks and Escort Employees,f045d6b4-1c56-4975-b78f-a876a1c23cd3,BP_REWARDS_StantonFoxwellEasy,1,complete,48blueprints,"[{""weight"":1,""name"":""7SA 'Concord'""},{""weight"":1,""name"":""INK""},{""weight"":1,""name"":""7MA 'Lorica'""},{""weight"":1,""name"":""RPEL""},{""weight"":1,""name"":""7CA 'Nargun'""},{""weight"":1,""name"":""HAVEN""}]"
c3969f5d-942e-4b32-a065-4ceb97ae971a,Foxwell_DefendEntitiesAndEscort_Stanton_VeryHard,Red Lvl. Contract: Defend Fuel Tanks and Escort Employees,9bfa7f79-7301-49f8-a370-0e27c8a741df,BP_REWARDS_StantonFoxwellHard,1,complete,48blueprints,"[{""weight"":1,""name"":""Attrition-4 Repeater""},{""weight"":1,""name"":""Attrition-5 Repeater""},{""weight"":1,""name"":""Attrition-6 Repeater""},{""weight"":1,""name"":""FR-86""},{""weight"":1,""name"":""Sens""},{""weight"":1,""name"":""Tige""}]"
c1c16bc6-a55a-4af0-adbb-7fc63f1dfdb5,Foxwell_DefendDestructibleEntities_Stanton_Super,Red Lvl. Contract: Protect Fuel Tanks,e489ca64-3152-4ef3-8e86-10e05120d84d,BP_MISSIONREWARD_Foxwell_DefendEntitiesAndEscort,1,complete,blueprintmissionpools,"[{""weight"":1,""name"":""Parallax Energy Assault Rifle""},{""weight"":1,""name"":""Antium Arms""},{""weight"":1,""name"":""Antium Core""},{""weight"":1,""name"":""Antium Legs""},{""weight"":1,""name"":""Antium Helmet""},{""weight"":1,""name"":""Parallax Rifle Battery (80 Cap)""}]"
9785cd75-415d-4cdf-98d6-d66e0b957813,Foxwell_DefendEntitiesAndEscort_Nyx_Super,Red Lvl. Contract: Protect Fuel Tanks and Escort Employees,918ba6a6-772e-49c9-9d80-3f0c637a85e5,BP_REWARDS_NyxFoxwellEasy,1,complete,48blueprints,"[{""weight"":1,""name"":""Frost-Star SL""},{""weight"":1,""name"":""Fridan""},{""weight"":1,""name"":""Tepilo""},{""weight"":1,""name"":""Frost-Star""},{""weight"":1,""name"":""ArcticStorm""},{""weight"":1,""name"":""Berian""},{""weight"":1,""name"":""Gelid""},{""weight"":1,""name"":""Frost-Star EX""},{""weight"":1,""name"":""ColdSnap""},{""weight"":1,""name"":""Aufeis""},{""weight"":1,""name"":""Graupel""},{""weight"":1,""name"":""Frost-Star XL""},{""weight"":1,""name"":""FrostBurn""},{""weight"":1,""name"":""Draug""},{""weight"":1,""name"":""Elsen""},{""weight"":1,""name"":""Kragen""}]"
9785cd75-415d-4cdf-98d6-d66e0b957813,Foxwell_DefendEntitiesAndEscort_Nyx_Super,Red Lvl. Contract: Protect Fuel Tanks and Escort Employees,d3ddab48-c45a-4488-a416-887f2dc869fe,BP_REWARDS_NyxFoxwellHard,1,complete,48blueprints,"[{""weight"":1,""name"":""CF-117 Bulldog Repeater""},{""weight"":1,""name"":""CF-227 Badger Repeater""},{""weight"":1,""name"":""CF-337 Panther Repeater""},{""weight"":1,""name"":""CF-447 Rhino Repeater""},{""weight"":1,""name"":""CF-557 Galdereen Repeater""},{""weight"":1,""name"":""CF-667 Mammoth Repeater""},{""weight"":1,""name"":""V60-26""}]"
a5de5995-825a-408b-bedb-3e386192c8b1,Foxwell_DefendEntitiesAndEscort_Pyro_Super,Red Lvl. Contract: Protect Fuel Tanks and Escort Employees,82426625-1081-4bc2-a72f-04f8e6c7d463,BP_REWARDS_PyroFoxwellEasy,1,complete,48blueprints,"[{""weight"":1,""name"":""IonWave""},{""weight"":1,""name"":""Radix""},{""weight"":1,""name"":""IonBurst""},{""weight"":1,""name"":""PowerBolt""},{""weight"":1,""name"":""LightBlossom""},{""weight"":1,""name"":""MagnaBloom""},{""weight"":1,""name"":""FullForce""},{""weight"":1,""name"":""IonSurge""},{""weight"":1,""name"":""FullForce""},{""weight"":1,""name"":""Radiance""},{""weight"":1,""name"":""FullForce Pro""},{""weight"":1,""name"":""IonSurge Pro""},{""weight"":1,""name"":""Celestial""},{""weight"":1,""name"":""NewDawn""}]"
a5de5995-825a-408b-bedb-3e386192c8b1,Foxwell_DefendEntitiesAndEscort_Pyro_Super,Red Lvl. Contract: Protect Fuel Tanks and Escort Employees,f99fb032-c235-42c8-9e05-cb3443c26e55,BP_REWARDS_PyroFoxwellHard,1,complete,48blueprints,"[{""weight"":1,""name"":""Glacier""},{""weight"":1,""name"":""Avalanche""},{""weight"":1,""name"":""Blizzard""},{""weight"":1,""name"":""DR Model-XJ1 Repeater""},{""weight"":1,""name"":""DR Model-XJ2 Repeater""},{""weight"":1,""name"":""DR Model-XJ3 Repeater""}]"
6d1aacc1-5c0c-433a-bfa9-6f3d3a425a1b,Foxwell_DefendEntitiesAndEscort_Stanton_Super,Red Lvl. Contract: Protect Fuel Tanks and Escort Employees,f045d6b4-1c56-4975-b78f-a876a1c23cd3,BP_REWARDS_StantonFoxwellEasy,1,complete,48blueprints,"[{""weight"":1,""name"":""7SA 'Concord'""},{""weight"":1,""name"":""INK""},{""weight"":1,""name"":""7MA 'Lorica'""},{""weight"":1,""name"":""RPEL""},{""weight"":1,""name"":""7CA 'Nargun'""},{""weight"":1,""name"":""HAVEN""}]"
6d1aacc1-5c0c-433a-bfa9-6f3d3a425a1b,Foxwell_DefendEntitiesAndEscort_Stanton_Super,Red Lvl. Contract: Protect Fuel Tanks and Escort Employees,9bfa7f79-7301-49f8-a370-0e27c8a741df,BP_REWARDS_StantonFoxwellHard,1,complete,48blueprints,"[{""weight"":1,""name"":""Attrition-4 Repeater""},{""weight"":1,""name"":""Attrition-5 Repeater""},{""weight"":1,""name"":""Attrition-6 Repeater""},{""weight"":1,""name"":""FR-86""},{""weight"":1,""name"":""Sens""},{""weight"":1,""name"":""Tige""}]"
4445c5ea-6f35-43e1-89e7-8264bd442f89,CFP_Pyro_RegionA_M_2AsteroidBase_Criminals_BombingRun_Sabotage,Reduce Outlaw's Operational Readiness,cf847b27-bf3b-4d50-87c0-de3c68e4e387,BP_MISSIONREWARD_CitizensForProsperityDestroyItems_AB,1,complete,blueprintmissionpools,"[{""weight"":1,""name"":""FS-9 LMG""},{""weight"":1,""name"":""BR-2 Shotgun""},{""weight"":1,""name"":""Gallant Rifle""},{""weight"":1,""name"":""ADP Arms Woodland""},{""weight"":1,""name"":""ADP Core""},{""weight"":1,""name"":""ADP Legs Woodland""},{""weight"":1,""name"":""Balor HCH Helmet""},{""weight"":1,""name"":""ADP-mk4 Arms Woodland""},{""weight"":1,""name"":""ADP-mk4 Legs Woodland""},{""weight"":1,""name"":""ADP-mk4 Core Woodland""},{""weight"":1,""name"":""ADP-mk4 Helmet Woodland""},{""weight"":1,""name"":""FS-9 Magazine (75 cap)""},{""weight"":1,""name"":""BR-2 Shotgun Magazine (12 cap)""},{""weight"":1,""name"":""Gallant Rifle Battery (45 cap)""}]"
e57dd61a-caf5-4b37-a48a-2e9bbae20dae,CFP_Pyro_RegionC_M_2AsteroidBase_Criminals_BombingRun_Sabotage,Reduce Outlaw's Operational Readiness,16948a53-7be2-4869-9b21-3af06e99f8b7,BP_MISSIONREWARD_CitizensForProsperityDestroyItems_CD,1,complete,blueprintmissionpools,"[{""weight"":1,""name"":""P6-LR Sniper Rifle""},{""weight"":1,""name"":""A03 Sniper Rifle""},{""weight"":1,""name"":""CBH-3 Helmet Base""},{""weight"":1,""name"":""PAB-1 Arms""},{""weight"":1,""name"":""PAB-1 Core""},{""weight"":1,""name"":""PAB-1 Legs""},{""weight"":1,""name"":""TrueDef-Pro Arms""},{""weight"":1,""name"":""TrueDef-Pro Core Base""},{""weight"":1,""name"":""Argus Helmet""},{""weight"":1,""name"":""TrueDef-Pro Legs""},{""weight"":1,""name"":""A03 Sniper Rifle Magazine (15 cap)""},{""weight"":1,""name"":""P6-LR Magazine (8 cap)""}]"
67a43a4e-3da9-4a30-80d8-b39e597cef79,HighpointWildernessSpecialists_KillAnimals_Nyx_Easy,Reduce Valakkar Breaker Station Population,e52bf354-8918-474d-987e-55c01bfecdd3,BP_MISSIONREWARD_RDC_Generic,1,complete,blueprintmissionpools,"[{""weight"":1,""name"":""R97 Shotgun""},{""weight"":1,""name"":""Monde Arms""},{""weight"":1,""name"":""Monde Core""},{""weight"":1,""name"":""Monde Legs""},{""weight"":1,""name"":""Monde Helmet""},{""weight"":1,""name"":""Monde Arms Hiro""},{""weight"":1,""name"":""Monde Core Hiro""},{""weight"":1,""name"":""Monde Legs Hiro""},{""weight"":1,""name"":""Monde Helmet Hiro""},{""weight"":1,""name"":""R97 Shotgun Magazine (18 cap)""}]"
02f841ac-ebed-47b6-89e6-8973b37398be,Refueling_Decoy_Nyx,REFUEL REQUEST: [SHIP],819a9851-9c2e-4a24-872b-b860331d32d0,BP_REWARDS_FuelNozzle,1,complete,48blueprints,"[{""weight"":1,""name"":null},{""weight"":1,""name"":null},{""weight"":1,""name"":null},{""weight"":1,""name"":null},{""weight"":1,""name"":null},{""weight"":1,""name"":null},{""weight"":1,""name"":null},{""weight"":1,""name"":null}]"
9bbba062-857d-4d81-bc71-773eb8d2db41,Refueling_Decoy_Pyro,REFUEL REQUEST: [SHIP],819a9851-9c2e-4a24-872b-b860331d32d0,BP_REWARDS_FuelNozzle,1,complete,48blueprints,"[{""weight"":1,""name"":null},{""weight"":1,""name"":null},{""weight"":1,""name"":null},{""weight"":1,""name"":null},{""weight"":1,""name"":null},{""weight"":1,""name"":null},{""weight"":1,""name"":null},{""weight"":1,""name"":null}]"
90da5507-58fa-45a6-8388-f2bb84d4b814,Refueling_Decoy_Stanton,REFUEL REQUEST: [SHIP],819a9851-9c2e-4a24-872b-b860331d32d0,BP_REWARDS_FuelNozzle,1,complete,48blueprints,"[{""weight"":1,""name"":null},{""weight"":1,""name"":null},{""weight"":1,""name"":null},{""weight"":1,""name"":null},{""weight"":1,""name"":null},{""weight"":1,""name"":null},{""weight"":1,""name"":null},{""weight"":1,""name"":null}]"
b8e75d60-5b51-43cb-b1ac-07cbe383031a,Refueling_Nyx_Easy,REFUEL REQUEST: [SHIP],819a9851-9c2e-4a24-872b-b860331d32d0,BP_REWARDS_FuelNozzle,1,complete,48blueprints,"[{""weight"":1,""name"":null},{""weight"":1,""name"":null},{""weight"":1,""name"":null},{""weight"":1,""name"":null},{""weight"":1,""name"":null},{""weight"":1,""name"":null},{""weight"":1,""name"":null},{""weight"":1,""name"":null}]"
4b0ba86c-4796-4d32-8bab-7e39d0dd83cd,Refueling_Pyro_Easy,REFUEL REQUEST: [SHIP],819a9851-9c2e-4a24-872b-b860331d32d0,BP_REWARDS_FuelNozzle,1,complete,48blueprints,"[{""weight"":1,""name"":null},{""weight"":1,""name"":null},{""weight"":1,""name"":null},{""weight"":1,""name"":null},{""weight"":1,""name"":null},{""weight"":1,""name"":null},{""weight"":1,""name"":null},{""weight"":1,""name"":null}]"
6d1b2fe3-ed6b-4b94-9b6f-18fd3dccf2a0,Refueling_Stanton_Easy,REFUEL REQUEST: [SHIP],819a9851-9c2e-4a24-872b-b860331d32d0,BP_REWARDS_FuelNozzle,1,complete,48blueprints,"[{""weight"":1,""name"":null},{""weight"":1,""name"":null},{""weight"":1,""name"":null},{""weight"":1,""name"":null},{""weight"":1,""name"":null},{""weight"":1,""name"":null},{""weight"":1,""name"":null},{""weight"":1,""name"":null}]"
e845bc01-f15b-4160-901f-9c5c56a7e131,HH_Pyro_RegionC_DerelictOutpost_EliminateAll,Reputation Management,d10c81ec-fc38-4f3e-bb2d-ccea0d10c889,BP_MISSIONREWARD_HeadHunters_MercenaryFPS_EliminateALL_RegionCD,1,complete,blueprintmissionpools,"[{""weight"":1,""name"":""Yubarev Pistol""},{""weight"":1,""name"":""Yubarev \""Mirage\"" Pistol""},{""weight"":1,""name"":""Yubarev \""Igniter\"" Pistol""},{""weight"":1,""name"":""DustUp Arms Tactical""},{""weight"":1,""name"":""DustUp Core Tactical""},{""weight"":1,""name"":""DustUp Legs Tactical""},{""weight"":1,""name"":""DustUp Helmet Tactical""},{""weight"":1,""name"":""Yubarev Pistol Battery (10 cap)""}]"
edcf35b6-ac93-40af-ae5f-4aba6ae1a060,HH_Pyro_RegionD_XTOutpost_EliminateAll,Reputation Management,d10c81ec-fc38-4f3e-bb2d-ccea0d10c889,BP_MISSIONREWARD_HeadHunters_MercenaryFPS_EliminateALL_RegionCD,1,complete,blueprintmissionpools,"[{""weight"":1,""name"":""Yubarev Pistol""},{""weight"":1,""name"":""Yubarev \""Mirage\"" Pistol""},{""weight"":1,""name"":""Yubarev \""Igniter\"" Pistol""},{""weight"":1,""name"":""DustUp Arms Tactical""},{""weight"":1,""name"":""DustUp Core Tactical""},{""weight"":1,""name"":""DustUp Legs Tactical""},{""weight"":1,""name"":""DustUp Helmet Tactical""},{""weight"":1,""name"":""Yubarev Pistol Battery (10 cap)""}]"
1de8482e-8162-490a-a4ad-754e8e2a328b,CitizensForProsperity_DefendShip_Nyx_VeryHard,Respond to Distress Beacon,e52bf354-8918-474d-987e-55c01bfecdd3,BP_MISSIONREWARD_RDC_Generic,1,complete,blueprintmissionpools,"[{""weight"":1,""name"":""R97 Shotgun""},{""weight"":1,""name"":""Monde Arms""},{""weight"":1,""name"":""Monde Core""},{""weight"":1,""name"":""Monde Legs""},{""weight"":1,""name"":""Monde Helmet""},{""weight"":1,""name"":""Monde Arms Hiro""},{""weight"":1,""name"":""Monde Core Hiro""},{""weight"":1,""name"":""Monde Legs Hiro""},{""weight"":1,""name"":""Monde Helmet Hiro""},{""weight"":1,""name"":""R97 Shotgun Magazine (18 cap)""}]"
ef25b98a-e749-4151-a54b-c97600b393f7,CFP_Pyro_RegionB_H_ChainElimAll_2Cluster_ElimSpec_HHAttack,Retaking Outposts from Headhunters,bd54c374-923e-4095-96c1-3a76e857c35a,BP_MISSIONREWARD_CFP_ChainElim_1and2,1,complete,blueprintmissionpools,"[{""weight"":1,""name"":""Karna \""Brimstone\"" Rifle""},{""weight"":1,""name"":""Artimex Core Lodestone""},{""weight"":1,""name"":""Artimex Arms Lodestone""},{""weight"":1,""name"":""Artimex Legs Lodestone""},{""weight"":1,""name"":""Artimex Helmet Lodestone""},{""weight"":1,""name"":""Karna Rifle Battery (35 cap)""}]"
4f735fe1-caec-4c9d-acba-606d8e096ba6,IDS_RecoverEncryptedData,Retrieve Additional Smuggler Intel,c9b51f5a-6073-49f8-bd40-b240d7d35ceb,BP_MISSIONREWARD_IDS_RecoverEncryptedData,1,complete,blueprintmissionpools,"[{""weight"":1,""name"":""Pulse \""Blacklist\"" Pistol""},{""weight"":1,""name"":""Quartz Energy SMG""},{""weight"":1,""name"":""Quartz \""Black Op\"" Energy SMG""},{""weight"":1,""name"":""Testudo Arms""},{""weight"":1,""name"":""Testudo Core""},{""weight"":1,""name"":""Testudo Legs""},{""weight"":1,""name"":""Testudo Helmet""},{""weight"":1,""name"":""Testudo Helmet Clanguard""},{""weight"":1,""name"":""Testudo Core Clanguard""},{""weight"":1,""name"":""Testudo Legs Clanguard""},{""weight"":1,""name"":""Testudo Arms Clanguard""},{""weight"":1,""name"":""Quartz Energy SMG Battery (45 cap)""},{""weight"":1,""name"":""Pulse Laser Pistol Battery (60 Cap)""},{""weight"":1,""name"":""Testudo Backpack""}]"
4f735fe1-caec-4c9d-acba-606d8e096ba6,IDS_RecoverEncryptedData,Retrieve Additional Smuggler Intel,1817df4b-2d1c-4735-872d-cb471cf07201,BP_REWARDS_IDSRecoverEncryptedDataVgear,1,complete,48blueprints,"[{""weight"":1,""name"":""Attrition-1 Repeater""},{""weight"":1,""name"":""Attrition-2 Repeater""},{""weight"":1,""name"":""Attrition-3 Repeater""}]"
09f5d6ae-c1a2-4dba-ba0d-886c33ea1af6,Adagio_RG_ShipSalvage_Nyx_Rank2_RMC_CMats_Components_Unique,Salvager Needed (Lrg. Special Order of RMC / UCM / Components),16a99583-68a3-4f0e-b03c-87d70f6172dc,BP_REWARDS_AdagioResourceGatheringShipSalvage,1,complete,48blueprints,"[{""weight"":1,""name"":""Trawler Scraper Module""},{""weight"":1,""name"":""Abrade Scraper Module""},{""weight"":1,""name"":""Cinch Scraper Module""},{""weight"":1,""name"":""Cinch Scraper Module""},{""weight"":1,""name"":""Cinch Scraper Module""}]"
c2bf4edf-eb40-4abb-a81d-03bac07badd8,Adagio_RG_ShipSalvage_Pyro_Rank2_RMC_CMats_Components_Unique,Salvager Needed (Lrg. Special Order of RMC / UCM / Components),16a99583-68a3-4f0e-b03c-87d70f6172dc,BP_REWARDS_AdagioResourceGatheringShipSalvage,1,complete,48blueprints,"[{""weight"":1,""name"":""Trawler Scraper Module""},{""weight"":1,""name"":""Abrade Scraper Module""},{""weight"":1,""name"":""Cinch Scraper Module""},{""weight"":1,""name"":""Cinch Scraper Module""},{""weight"":1,""name"":""Cinch Scraper Module""}]"
993fbe39-f45a-456a-a94a-a65714c1db49,Adagio_RG_ShipSalvage_Stanton_Rank2_Components_Unique,Salvager Needed (Lrg. Special Order of RMC / UCM / Components),16a99583-68a3-4f0e-b03c-87d70f6172dc,BP_REWARDS_AdagioResourceGatheringShipSalvage,1,complete,48blueprints,"[{""weight"":1,""name"":""Trawler Scraper Module""},{""weight"":1,""name"":""Abrade Scraper Module""},{""weight"":1,""name"":""Cinch Scraper Module""},{""weight"":1,""name"":""Cinch Scraper Module""},{""weight"":1,""name"":""Cinch Scraper Module""}]"
acf17ba4-4007-466c-9081-72aee28232b3,Adagio_RG_ShipSalvage_Nyx_Rank2_RMC_CMats_IndustrialComponents,Salvager Needed (Lrg. Supply of RMC / UCM / Components),16a99583-68a3-4f0e-b03c-87d70f6172dc,BP_REWARDS_AdagioResourceGatheringShipSalvage,1,complete,48blueprints,"[{""weight"":1,""name"":""Trawler Scraper Module""},{""weight"":1,""name"":""Abrade Scraper Module""},{""weight"":1,""name"":""Cinch Scraper Module""},{""weight"":1,""name"":""Cinch Scraper Module""},{""weight"":1,""name"":""Cinch Scraper Module""}]"
7858db48-7eb6-4a6c-b56b-5df1c5235d1d,Adagio_RG_ShipSalvage_Pyro_Rank2_RMC_CMats_MilitaryComponents,Salvager Needed (Lrg. Supply of RMC / UCM / Components),16a99583-68a3-4f0e-b03c-87d70f6172dc,BP_REWARDS_AdagioResourceGatheringShipSalvage,1,complete,48blueprints,"[{""weight"":1,""name"":""Trawler Scraper Module""},{""weight"":1,""name"":""Abrade Scraper Module""},{""weight"":1,""name"":""Cinch Scraper Module""},{""weight"":1,""name"":""Cinch Scraper Module""},{""weight"":1,""name"":""Cinch Scraper Module""}]"
1331671c-4bbd-47bc-b71e-c19def138faa,Adagio_RG_ShipSalvage_Stanton_Rank2_RMC_CMats_CivilianComponents,Salvager Needed (Lrg. Supply of RMC / UCM / Components),16a99583-68a3-4f0e-b03c-87d70f6172dc,BP_REWARDS_AdagioResourceGatheringShipSalvage,1,complete,48blueprints,"[{""weight"":1,""name"":""Trawler Scraper Module""},{""weight"":1,""name"":""Abrade Scraper Module""},{""weight"":1,""name"":""Cinch Scraper Module""},{""weight"":1,""name"":""Cinch Scraper Module""},{""weight"":1,""name"":""Cinch Scraper Module""}]"
44b632f2-e2e2-42e3-b0d5-a19889263c15,Adagio_RG_ShipSalvage_Nyx_Rank1_RMC_CMats_Components_Unique,Salvager Needed (Med. Special Order of RMC / UCM / Components),16a99583-68a3-4f0e-b03c-87d70f6172dc,BP_REWARDS_AdagioResourceGatheringShipSalvage,1,complete,48blueprints,"[{""weight"":1,""name"":""Trawler Scraper Module""},{""weight"":1,""name"":""Abrade Scraper Module""},{""weight"":1,""name"":""Cinch Scraper Module""},{""weight"":1,""name"":""Cinch Scraper Module""},{""weight"":1,""name"":""Cinch Scraper Module""}]"
28e535c8-740f-47cc-adcb-6238a0b5b724,Adagio_RG_ShipSalvage_Pyro_Rank1_RMC_CMats_Component_Unique,Salvager Needed (Med. Special Order of RMC / UCM / Components),16a99583-68a3-4f0e-b03c-87d70f6172dc,BP_REWARDS_AdagioResourceGatheringShipSalvage,1,complete,48blueprints,"[{""weight"":1,""name"":""Trawler Scraper Module""},{""weight"":1,""name"":""Abrade Scraper Module""},{""weight"":1,""name"":""Cinch Scraper Module""},{""weight"":1,""name"":""Cinch Scraper Module""},{""weight"":1,""name"":""Cinch Scraper Module""}]"
fe5b519c-1149-454c-a680-8d2788c3f487,Adagio_RG_ShipSalvage_Stanton_Rank1_RMC_CMats_Component_Unique,Salvager Needed (Med. Special Order of RMC / UCM / Components),16a99583-68a3-4f0e-b03c-87d70f6172dc,BP_REWARDS_AdagioResourceGatheringShipSalvage,1,complete,48blueprints,"[{""weight"":1,""name"":""Trawler Scraper Module""},{""weight"":1,""name"":""Abrade Scraper Module""},{""weight"":1,""name"":""Cinch Scraper Module""},{""weight"":1,""name"":""Cinch Scraper Module""},{""weight"":1,""name"":""Cinch Scraper Module""}]"
813ea00d-3766-46fd-802f-a9e5775de6b3,Adagio_RG_ShipSalvage_Nyx_Rank1_RMC_CMats_S1Components,Salvager Needed (Med. Supply of RMC / UCM / Components),16a99583-68a3-4f0e-b03c-87d70f6172dc,BP_REWARDS_AdagioResourceGatheringShipSalvage,1,complete,48blueprints,"[{""weight"":1,""name"":""Trawler Scraper Module""},{""weight"":1,""name"":""Abrade Scraper Module""},{""weight"":1,""name"":""Cinch Scraper Module""},{""weight"":1,""name"":""Cinch Scraper Module""},{""weight"":1,""name"":""Cinch Scraper Module""}]"
a2e30021-9bbd-4cbe-a014-3a851c86331c,Adagio_RG_ShipSalvage_Pyro_Rank1_RMC_CMats_S1Component,Salvager Needed (Med. Supply of RMC / UCM / Components),16a99583-68a3-4f0e-b03c-87d70f6172dc,BP_REWARDS_AdagioResourceGatheringShipSalvage,1,complete,48blueprints,"[{""weight"":1,""name"":""Trawler Scraper Module""},{""weight"":1,""name"":""Abrade Scraper Module""},{""weight"":1,""name"":""Cinch Scraper Module""},{""weight"":1,""name"":""Cinch Scraper Module""},{""weight"":1,""name"":""Cinch Scraper Module""}]"
de9667b3-3142-46a3-80ae-f101c338ed4b,Adagio_RG_ShipSalvage_Stanton_Rank1_RMC_CMats_S1Component,Salvager Needed (Med. Supply of RMC / UCM / Components),16a99583-68a3-4f0e-b03c-87d70f6172dc,BP_REWARDS_AdagioResourceGatheringShipSalvage,1,complete,48blueprints,"[{""weight"":1,""name"":""Trawler Scraper Module""},{""weight"":1,""name"":""Abrade Scraper Module""},{""weight"":1,""name"":""Cinch Scraper Module""},{""weight"":1,""name"":""Cinch Scraper Module""},{""weight"":1,""name"":""Cinch Scraper Module""}]"
e672b66a-a480-4ef2-b491-aaade45836c4,Adagio_RG_ShipSalvage_Nyx_Rank1_RMCMedium,Salvager Needed (Med. Supply of RMC),16a99583-68a3-4f0e-b03c-87d70f6172dc,BP_REWARDS_AdagioResourceGatheringShipSalvage,1,complete,48blueprints,"[{""weight"":1,""name"":""Trawler Scraper Module""},{""weight"":1,""name"":""Abrade Scraper Module""},{""weight"":1,""name"":""Cinch Scraper Module""},{""weight"":1,""name"":""Cinch Scraper Module""},{""weight"":1,""name"":""Cinch Scraper Module""}]"
06212b32-00ce-43e6-8fd4-4c7e0d833bf1,Adagio_RG_ShipSalvage_Nyx_Rank1_RMC_CMats,Salvager Needed (Med. Supply of RMC),16a99583-68a3-4f0e-b03c-87d70f6172dc,BP_REWARDS_AdagioResourceGatheringShipSalvage,1,complete,48blueprints,"[{""weight"":1,""name"":""Trawler Scraper Module""},{""weight"":1,""name"":""Abrade Scraper Module""},{""weight"":1,""name"":""Cinch Scraper Module""},{""weight"":1,""name"":""Cinch Scraper Module""},{""weight"":1,""name"":""Cinch Scraper Module""}]"
5e97df76-fe6d-4a2e-91f6-95f9c7596f3f,Adagio_RG_ShipSalvage_Pyro_Rank1_RMCMedium,Salvager Needed (Med. Supply of RMC),16a99583-68a3-4f0e-b03c-87d70f6172dc,BP_REWARDS_AdagioResourceGatheringShipSalvage,1,complete,48blueprints,"[{""weight"":1,""name"":""Trawler Scraper Module""},{""weight"":1,""name"":""Abrade Scraper Module""},{""weight"":1,""name"":""Cinch Scraper Module""},{""weight"":1,""name"":""Cinch Scraper Module""},{""weight"":1,""name"":""Cinch Scraper Module""}]"
d28dfeee-2ffa-4ec8-87d9-2a5db01bb5ec,Adagio_RG_ShipSalvage_Pyro_Safe_Rank1_RMC_CMats,Salvager Needed (Med. Supply of RMC),16a99583-68a3-4f0e-b03c-87d70f6172dc,BP_REWARDS_AdagioResourceGatheringShipSalvage,1,complete,48blueprints,"[{""weight"":1,""name"":""Trawler Scraper Module""},{""weight"":1,""name"":""Abrade Scraper Module""},{""weight"":1,""name"":""Cinch Scraper Module""},{""weight"":1,""name"":""Cinch Scraper Module""},{""weight"":1,""name"":""Cinch Scraper Module""}]"
eab205c6-d19a-4f4c-af8c-0c823c34c40a,Adagio_RG_ShipSalvage_Stanton_Rank1_RMCMedium,Salvager Needed (Med. Supply of RMC),16a99583-68a3-4f0e-b03c-87d70f6172dc,BP_REWARDS_AdagioResourceGatheringShipSalvage,1,complete,48blueprints,"[{""weight"":1,""name"":""Trawler Scraper Module""},{""weight"":1,""name"":""Abrade Scraper Module""},{""weight"":1,""name"":""Cinch Scraper Module""},{""weight"":1,""name"":""Cinch Scraper Module""},{""weight"":1,""name"":""Cinch Scraper Module""}]"
7fb2faa7-b6d4-47e9-90ec-7e635cc2a9b0,Adagio_RG_ShipSalvage_Stanton_Rank1_RMC_CMats,Salvager Needed (Med. Supply of RMC),16a99583-68a3-4f0e-b03c-87d70f6172dc,BP_REWARDS_AdagioResourceGatheringShipSalvage,1,complete,48blueprints,"[{""weight"":1,""name"":""Trawler Scraper Module""},{""weight"":1,""name"":""Abrade Scraper Module""},{""weight"":1,""name"":""Cinch Scraper Module""},{""weight"":1,""name"":""Cinch Scraper Module""},{""weight"":1,""name"":""Cinch Scraper Module""}]"
67608eaf-63b0-4d4f-9103-7960eeeb9166,Adagio_RG_ShipSalvage_Nyx_Rank0_RMC_Rubble_Parts_Salvage_Choice,Salvager Needed (Small Supply of RMC / UCM),16a99583-68a3-4f0e-b03c-87d70f6172dc,BP_REWARDS_AdagioResourceGatheringShipSalvage,1,complete,48blueprints,"[{""weight"":1,""name"":""Trawler Scraper Module""},{""weight"":1,""name"":""Abrade Scraper Module""},{""weight"":1,""name"":""Cinch Scraper Module""},{""weight"":1,""name"":""Cinch Scraper Module""},{""weight"":1,""name"":""Cinch Scraper Module""}]"
e4853f9d-f027-4f83-bd82-1835cc2f6409,Adagio_RG_ShipSalvage_Pyro_Rank0_RMC_Rubble_Parts_Salvage_Choice,Salvager Needed (Small Supply of RMC / UCM),16a99583-68a3-4f0e-b03c-87d70f6172dc,BP_REWARDS_AdagioResourceGatheringShipSalvage,1,complete,48blueprints,"[{""weight"":1,""name"":""Trawler Scraper Module""},{""weight"":1,""name"":""Abrade Scraper Module""},{""weight"":1,""name"":""Cinch Scraper Module""},{""weight"":1,""name"":""Cinch Scraper Module""},{""weight"":1,""name"":""Cinch Scraper Module""}]"
9ff34277-7cba-441d-ac0f-1fcfc9d6e16c,Adagio_RG_ShipSalvage_Stanton_Rank0_RMC_Rubble_Parts_Salvage_Choice,Salvager Needed (Small Supply of RMC / UCM),16a99583-68a3-4f0e-b03c-87d70f6172dc,BP_REWARDS_AdagioResourceGatheringShipSalvage,1,complete,48blueprints,"[{""weight"":1,""name"":""Trawler Scraper Module""},{""weight"":1,""name"":""Abrade Scraper Module""},{""weight"":1,""name"":""Cinch Scraper Module""},{""weight"":1,""name"":""Cinch Scraper Module""},{""weight"":1,""name"":""Cinch Scraper Module""}]"
2a20ef29-7922-487f-b42c-70b48fe8031a,Adagio_RG_ShipSalvage_Nyx_Rank0_RMCSmall,Salvager Needed (Small Supply of RMC),16a99583-68a3-4f0e-b03c-87d70f6172dc,BP_REWARDS_AdagioResourceGatheringShipSalvage,1,complete,48blueprints,"[{""weight"":1,""name"":""Trawler Scraper Module""},{""weight"":1,""name"":""Abrade Scraper Module""},{""weight"":1,""name"":""Cinch Scraper Module""},{""weight"":1,""name"":""Cinch Scraper Module""},{""weight"":1,""name"":""Cinch Scraper Module""}]"
787ac783-5a7f-49cf-b4b0-f3571f7ce6d6,Adagio_RG_ShipSalvage_Pyro_Rank0_RMCSmall,Salvager Needed (Small Supply of RMC),16a99583-68a3-4f0e-b03c-87d70f6172dc,BP_REWARDS_AdagioResourceGatheringShipSalvage,1,complete,48blueprints,"[{""weight"":1,""name"":""Trawler Scraper Module""},{""weight"":1,""name"":""Abrade Scraper Module""},{""weight"":1,""name"":""Cinch Scraper Module""},{""weight"":1,""name"":""Cinch Scraper Module""},{""weight"":1,""name"":""Cinch Scraper Module""}]"
2501a070-bff6-4491-9c49-3456f1bfe128,Adagio_RG_ShipSalvage_Stanton_Rank0_RMCSmall,Salvager Needed (Small Supply of RMC),16a99583-68a3-4f0e-b03c-87d70f6172dc,BP_REWARDS_AdagioResourceGatheringShipSalvage,1,complete,48blueprints,"[{""weight"":1,""name"":""Trawler Scraper Module""},{""weight"":1,""name"":""Abrade Scraper Module""},{""weight"":1,""name"":""Cinch Scraper Module""},{""weight"":1,""name"":""Cinch Scraper Module""},{""weight"":1,""name"":""Cinch Scraper Module""}]"
34a577e6-134c-4d1d-8a6c-db3e6f20e10c,Eckhart_Nyx_VLRT_DefendShip,Save Ship,e52bf354-8918-474d-987e-55c01bfecdd3,BP_MISSIONREWARD_RDC_Generic,1,complete,blueprintmissionpools,"[{""weight"":1,""name"":""R97 Shotgun""},{""weight"":1,""name"":""Monde Arms""},{""weight"":1,""name"":""Monde Core""},{""weight"":1,""name"":""Monde Legs""},{""weight"":1,""name"":""Monde Helmet""},{""weight"":1,""name"":""Monde Arms Hiro""},{""weight"":1,""name"":""Monde Core Hiro""},{""weight"":1,""name"":""Monde Legs Hiro""},{""weight"":1,""name"":""Monde Helmet Hiro""},{""weight"":1,""name"":""R97 Shotgun Magazine (18 cap)""}]"
affa71b7-2192-4ef6-b16a-b1b19b4f4a69,HeadHunters_DefendEntitiesAndEscort_Nyx_Medium,Secure [LOCATION] from Upstarts,ed0b8aaa-eec6-4c72-b9e7-b0b48ab5e135,BP_REWARDS_NyxHeadhuntersEasy,1,complete,48blueprints,"[{""weight"":1,""name"":""Cryo-Star SL""},{""weight"":1,""name"":""Winter-Star SL""},{""weight"":1,""name"":""Kelvid""},{""weight"":1,""name"":""Cryo-Star""},{""weight"":1,""name"":""Winter-Star""},{""weight"":1,""name"":""BlastChill""},{""weight"":1,""name"":""FlashFreeze""},{""weight"":1,""name"":""Endo""},{""weight"":1,""name"":""Cryo-Star EX""},{""weight"":1,""name"":""Winter-Star EX""},{""weight"":1,""name"":""FullFrost""},{""weight"":1,""name"":""WhiteOut""},{""weight"":1,""name"":""Taiga""},{""weight"":1,""name"":""Cryo-Star XL""},{""weight"":1,""name"":""Winter-Star XL""},{""weight"":1,""name"":""ColdSurge""},{""weight"":1,""name"":""FrostBite""}]"
c1ed0682-7e6e-4278-a7ed-d9ec0e666dd4,HeadHunters_DefendEntitiesAndEscort_Pyro_Medium,Secure [LOCATION] from Upstarts,6b6f3678-9f0e-4188-ae68-f5c1177230be,BP_REWARDS_PyroHeadhuntersEasy,1,complete,48blueprints,"[{""weight"":1,""name"":""DuraJet""},{""weight"":1,""name"":""ZapJet""},{""weight"":1,""name"":""Defiant""},{""weight"":1,""name"":""SparkJet""},{""weight"":1,""name"":""Lotus""},{""weight"":1,""name"":""SparkJet Pro""},{""weight"":1,""name"":""TigerLilly""}]"
db2be15b-a264-454c-b43e-0e4c1aaf3db6,HeadHunters_DefendEntitiesAndEscort_Stanton_Medium,Secure [LOCATION] from Upstarts,a2cbf2c1-7691-422b-93ca-e6740f5ab4b6,BP_REWARDS_StantonHeadhuntersEasy,1,complete,48blueprints,"[{""weight"":1,""name"":""PIN""},{""weight"":1,""name"":""5SA 'Rhada'""},{""weight"":1,""name"":""6SA 'Arbiter'""},{""weight"":1,""name"":""HEX""},{""weight"":1,""name"":""WEB""},{""weight"":1,""name"":""5MA 'Chimalli'""},{""weight"":1,""name"":""6MA 'Kozane'""},{""weight"":1,""name"":""BLOC""},{""weight"":1,""name"":""STOP""},{""weight"":1,""name"":""5CA 'Akura'""},{""weight"":1,""name"":""6CA 'Bila'""},{""weight"":1,""name"":""6CA 'Bila'""},{""weight"":1,""name"":""GUARD""}]"
723d015f-59af-4985-b96f-f2bfe37e05f0,EckhartSecurity_ShipAmbush_Nyx_VeryEasy,Settle a Score,02642d19-8a53-481c-ab3e-f57a7f0dd7c7,BP_REWARDS_EckhartSecurityShipAmbushEasy,1,complete,48blueprints,"[{""weight"":1,""name"":""SonicLite""},{""weight"":1,""name"":""Cirrus""},{""weight"":1,""name"":""Lightstrike I Cannon""},{""weight"":1,""name"":""Lightstrike II Cannon""},{""weight"":1,""name"":""Lightstrike III Cannon""}]"
974db41f-da91-457a-99ef-91d9bd6365d7,CitizensForProsperity_DefendShip_Nyx_Medium,Ship Needs Emergency Assistance,e52bf354-8918-474d-987e-55c01bfecdd3,BP_MISSIONREWARD_RDC_Generic,1,complete,blueprintmissionpools,"[{""weight"":1,""name"":""R97 Shotgun""},{""weight"":1,""name"":""Monde Arms""},{""weight"":1,""name"":""Monde Core""},{""weight"":1,""name"":""Monde Legs""},{""weight"":1,""name"":""Monde Helmet""},{""weight"":1,""name"":""Monde Arms Hiro""},{""weight"":1,""name"":""Monde Core Hiro""},{""weight"":1,""name"":""Monde Legs Hiro""},{""weight"":1,""name"":""Monde Helmet Hiro""},{""weight"":1,""name"":""R97 Shotgun Magazine (18 cap)""}]"
9ab245c8-3176-40d5-a46a-c1bc2b2bcfe3,HH_Pyro_RegionB_E_CFPXSOutposts_EliminateSpecific,Shot in the chaos,f05fa898-1580-4ce3-95e2-8f5c4a1d1891,BP_MISSIONREWARD_HeadHunters_MercenaryFPS_EliminateSpecific_RegionAB,1,complete,blueprintmissionpools,"[{""weight"":1,""name"":""Scalpel Sniper Rifle""},{""weight"":1,""name"":""Coda Pistol""},{""weight"":1,""name"":""Coda \""Nighthawk\"" Pistol""},{""weight"":1,""name"":""Coda \""Big Boss\"" Pistol""},{""weight"":1,""name"":""Morozov-SH Arms""},{""weight"":1,""name"":""Morozov-SH Core""},{""weight"":1,""name"":""Morozov-SH Legs""},{""weight"":1,""name"":""Morozov-SH Helmet""},{""weight"":1,""name"":""Scalpel Sniper Rifle Magazine (12 cap)""},{""weight"":1,""name"":""Coda Pistol Magazine (6 cap)""}]"
504a89f9-d2cc-4b0b-ad9a-8725fea66412,HH_Pyro_RegionA_LRT_Criminals_KillShip,Simple Hit,0e810eae-7b66-45aa-a18f-ffc1aae15585,BP_REWARDS_HeadHuntersMercenaryShipRegionA,1,complete,48blueprints,"[{""weight"":1,""name"":""9-Series Longsword Cannon""},{""weight"":1,""name"":""10-Series Greatsword Cannon""},{""weight"":1,""name"":""11-Series Broadsword Cannon""},{""weight"":1,""name"":""Sledge I Mass Driver Cannon""},{""weight"":1,""name"":""Strife Mass Driver Cannon""},{""weight"":1,""name"":""Sledge II Mass Driver Cannon""},{""weight"":1,""name"":""Sledge III Mass Driver Cannon""}]"
71f0b5a6-97cf-4e50-a62e-9ad12e4fa887,HH_Pyro_RegionB_LRT_Criminals_KillShip,Simple Hit,4b340951-c7f6-49af-bcc7-9fadcecf6c8c,BP_REWARDS_HeadHuntersMercenaryShipRegionB,1,complete,48blueprints,"[{""weight"":1,""name"":""HeatSafe""},{""weight"":1,""name"":""Cryo-Star SL""},{""weight"":1,""name"":""Dominance-1 Scattergun""},{""weight"":1,""name"":""Dominance-2 Scattergun""},{""weight"":1,""name"":""Dominance-3 Scattergun""}]"
22f6dfbf-b51c-40e1-9759-6472d4cf3457,HH_Pyro_RegionC_LRT_Criminals_KillShip,Simple Hit,de417e15-2936-497a-8f90-7a52eb2eb12a,BP_REWARDS_HeadHuntersMercenaryShipRegionC,1,complete,48blueprints,"[{""weight"":1,""name"":""VaporBlock""},{""weight"":1,""name"":""Cryo-Star SL""},{""weight"":1,""name"":""NN-13 Cannon""},{""weight"":1,""name"":""NN-14 Cannon""},{""weight"":1,""name"":""NN-15 Cannon""}]"
b1171c7d-39a6-4ac0-9f32-0ad0ed29bd1d,HH_Pyro_RegionD_LRT_Criminals_KillShip,Simple Hit,14ac943a-df05-4bd8-9596-b268d7e7748b,BP_REWARDS_HeadHuntersMercenaryShipRegionD,1,complete,48blueprints,"[{""weight"":1,""name"":""SnowBlind""},{""weight"":1,""name"":""Cryo-Star SL""},{""weight"":1,""name"":""M6A Cannon""},{""weight"":1,""name"":""M7A Cannon""},{""weight"":1,""name"":""M8A Cannon""},{""weight"":1,""name"":""Singe Cannon (S1)""},{""weight"":1,""name"":""Singe Cannon (S2)""},{""weight"":1,""name"":""Singe Cannon (S3)""}]"
9982357b-88b4-4f81-b6ae-3446e15cfb77,Shubin_RG_FPSMine_Pyro_Intro,Small Purchase Order: Hand Mined Materials,5e79204c-6d26-4ddb-95c8-6940028e4d89,BP_MISSIONREWARD_Shubin_ResourceGathering_FPSMining_Pyro,1,complete,blueprintmissionpools,"[{""weight"":1,""name"":""Arclight \""Herrero\"" Pistol""},{""weight"":1,""name"":""Arclight \""Desert Shadow\"" Pistol""},{""weight"":1,""name"":""Pembroke Exploration Suit""},{""weight"":1,""name"":""Pembroke Helmet""},{""weight"":1,""name"":""Novikov Exploration Suit""},{""weight"":1,""name"":""Novikov Helmet""},{""weight"":1,""name"":""Arclight Pistol Battery (30 cap)""}]"
81b50195-3314-42fe-9ba4-551430f88d5d,Shubin_RG_FPSMine_Stanton_Intro,Small Purchase Order: Hand Mined Materials,ebe453ce-10cc-4811-8c68-217c5fecb79e,BP_MISSIONREWARD_Shubin_ResourceGathering_FPSMining_Stanton,1,complete,blueprintmissionpools,"[{""weight"":1,""name"":""Arclight \""Midnight\"" Pistol""},{""weight"":1,""name"":""Strata Arms""},{""weight"":1,""name"":""Strata Core""},{""weight"":1,""name"":""Strata Legs""},{""weight"":1,""name"":""Strata Helmet Shooting Star""},{""weight"":1,""name"":""Arclight Pistol Battery (30 cap)""}]"
6f2ccb93-1812-44f9-8745-04b1c73f56f4,Shubin_RG_Local_FPSMine_Pyro_LowQuantity_Apho_Doliv_Had,Small Purchase Order: Hand Mined Materials,5e79204c-6d26-4ddb-95c8-6940028e4d89,BP_MISSIONREWARD_Shubin_ResourceGathering_FPSMining_Pyro,1,complete,blueprintmissionpools,"[{""weight"":1,""name"":""Arclight \""Herrero\"" Pistol""},{""weight"":1,""name"":""Arclight \""Desert Shadow\"" Pistol""},{""weight"":1,""name"":""Pembroke Exploration Suit""},{""weight"":1,""name"":""Pembroke Helmet""},{""weight"":1,""name"":""Novikov Exploration Suit""},{""weight"":1,""name"":""Novikov Helmet""},{""weight"":1,""name"":""Arclight Pistol Battery (30 cap)""}]"
06c32d0f-a529-41ce-af53-2529aefbd7ca,Shubin_RG_Local_FPSMine_Stanton_LowQuantity_Apho_Doliv_Had,Small Purchase Order: Hand Mined Materials,ebe453ce-10cc-4811-8c68-217c5fecb79e,BP_MISSIONREWARD_Shubin_ResourceGathering_FPSMining_Stanton,1,complete,blueprintmissionpools,"[{""weight"":1,""name"":""Arclight \""Midnight\"" Pistol""},{""weight"":1,""name"":""Strata Arms""},{""weight"":1,""name"":""Strata Core""},{""weight"":1,""name"":""Strata Legs""},{""weight"":1,""name"":""Strata Helmet Shooting Star""},{""weight"":1,""name"":""Arclight Pistol Battery (30 cap)""}]"
2315b178-cb62-4fa8-9a72-11a127427428,Shubin_RG_Local_FPSMine_Stanton_PlanetarySystem_LowQuantity_Apho_Doliv_Had,Small Purchase Order: Hand Mined Materials,ebe453ce-10cc-4811-8c68-217c5fecb79e,BP_MISSIONREWARD_Shubin_ResourceGathering_FPSMining_Stanton,1,complete,blueprintmissionpools,"[{""weight"":1,""name"":""Arclight \""Midnight\"" Pistol""},{""weight"":1,""name"":""Strata Arms""},{""weight"":1,""name"":""Strata Core""},{""weight"":1,""name"":""Strata Legs""},{""weight"":1,""name"":""Strata Helmet Shooting Star""},{""weight"":1,""name"":""Arclight Pistol Battery (30 cap)""}]"
4f252002-133b-4fb4-b52a-0cc46813adb7,Shubin_RG_Discovery_ShipMining_Nyx_Rank1_SmallQ_Alimunium_Quartz,Small Purchase Order: Ship Mined Ore,c2bd6ae6-c4a1-4fb1-8421-bd2979f39f77,BP_MISSIONREWARD_Shubin_ResourceGathering_ShipMining_PyroNyx,1,complete,blueprintmissionpools,"[{""weight"":1,""name"":""Arclight \""Stormfall\"" Pistol""},{""weight"":1,""name"":""Arclight Pistol""},{""weight"":1,""name"":""Venture Arms""},{""weight"":1,""name"":""Venture Core""},{""weight"":1,""name"":""Venture Legs""},{""weight"":1,""name"":""Horizon Helmet""},{""weight"":1,""name"":""Arclight Pistol Battery (30 cap)""}]"
4f252002-133b-4fb4-b52a-0cc46813adb7,Shubin_RG_Discovery_ShipMining_Nyx_Rank1_SmallQ_Alimunium_Quartz,Small Purchase Order: Ship Mined Ore,253e9697-5605-4732-b4fa-56af7a3dc140,BP_REWARDS_ShubinRank0to1,1,complete,48blueprints,"[{""weight"":1,""name"":""Arbor MHV Mining Laser""},{""weight"":1,""name"":""S00 Hofstede""},{""weight"":1,""name"":""Lawson Mining Laser""},{""weight"":1,""name"":""S0 Helix""},{""weight"":1,""name"":""Surveyor-Go""},{""weight"":1,""name"":""Surveyor-Lite""},{""weight"":1,""name"":""Surveyor""},{""weight"":1,""name"":""Surveyor-Max""}]"
4e69bc44-5c91-44f1-a727-b20612873207,Shubin_RG_Discovery_ShipMining_Pyro_Rank1_SmallQ_Iron_Titainum_Tin_Copper,Small Purchase Order: Ship Mined Ore,c2bd6ae6-c4a1-4fb1-8421-bd2979f39f77,BP_MISSIONREWARD_Shubin_ResourceGathering_ShipMining_PyroNyx,1,complete,blueprintmissionpools,"[{""weight"":1,""name"":""Arclight \""Stormfall\"" Pistol""},{""weight"":1,""name"":""Arclight Pistol""},{""weight"":1,""name"":""Venture Arms""},{""weight"":1,""name"":""Venture Core""},{""weight"":1,""name"":""Venture Legs""},{""weight"":1,""name"":""Horizon Helmet""},{""weight"":1,""name"":""Arclight Pistol Battery (30 cap)""}]"
4e69bc44-5c91-44f1-a727-b20612873207,Shubin_RG_Discovery_ShipMining_Pyro_Rank1_SmallQ_Iron_Titainum_Tin_Copper,Small Purchase Order: Ship Mined Ore,253e9697-5605-4732-b4fa-56af7a3dc140,BP_REWARDS_ShubinRank0to1,1,complete,48blueprints,"[{""weight"":1,""name"":""Arbor MHV Mining Laser""},{""weight"":1,""name"":""S00 Hofstede""},{""weight"":1,""name"":""Lawson Mining Laser""},{""weight"":1,""name"":""S0 Helix""},{""weight"":1,""name"":""Surveyor-Go""},{""weight"":1,""name"":""Surveyor-Lite""},{""weight"":1,""name"":""Surveyor""},{""weight"":1,""name"":""Surveyor-Max""}]"
a4a3a4cd-3ca9-43c4-ad8c-6e4f991a7909,Shubin_RG_Discovery_ShipMining_Pyro_Rank1_SmallQ_Quartz_Aluminium_Titanium,Small Purchase Order: Ship Mined Ore,c2bd6ae6-c4a1-4fb1-8421-bd2979f39f77,BP_MISSIONREWARD_Shubin_ResourceGathering_ShipMining_PyroNyx,1,complete,blueprintmissionpools,"[{""weight"":1,""name"":""Arclight \""Stormfall\"" Pistol""},{""weight"":1,""name"":""Arclight Pistol""},{""weight"":1,""name"":""Venture Arms""},{""weight"":1,""name"":""Venture Core""},{""weight"":1,""name"":""Venture Legs""},{""weight"":1,""name"":""Horizon Helmet""},{""weight"":1,""name"":""Arclight Pistol Battery (30 cap)""}]"
a4a3a4cd-3ca9-43c4-ad8c-6e4f991a7909,Shubin_RG_Discovery_ShipMining_Pyro_Rank1_SmallQ_Quartz_Aluminium_Titanium,Small Purchase Order: Ship Mined Ore,253e9697-5605-4732-b4fa-56af7a3dc140,BP_REWARDS_ShubinRank0to1,1,complete,48blueprints,"[{""weight"":1,""name"":""Arbor MHV Mining Laser""},{""weight"":1,""name"":""S00 Hofstede""},{""weight"":1,""name"":""Lawson Mining Laser""},{""weight"":1,""name"":""S0 Helix""},{""weight"":1,""name"":""Surveyor-Go""},{""weight"":1,""name"":""Surveyor-Lite""},{""weight"":1,""name"":""Surveyor""},{""weight"":1,""name"":""Surveyor-Max""}]"
50948766-132c-46a0-9a68-9a8c348ca18b,Shubin_RG_Discovery_ShipMining_Pyro_Rank1_SmallQ_Tungsten_Copper,Small Purchase Order: Ship Mined Ore,c2bd6ae6-c4a1-4fb1-8421-bd2979f39f77,BP_MISSIONREWARD_Shubin_ResourceGathering_ShipMining_PyroNyx,1,complete,blueprintmissionpools,"[{""weight"":1,""name"":""Arclight \""Stormfall\"" Pistol""},{""weight"":1,""name"":""Arclight Pistol""},{""weight"":1,""name"":""Venture Arms""},{""weight"":1,""name"":""Venture Core""},{""weight"":1,""name"":""Venture Legs""},{""weight"":1,""name"":""Horizon Helmet""},{""weight"":1,""name"":""Arclight Pistol Battery (30 cap)""}]"
50948766-132c-46a0-9a68-9a8c348ca18b,Shubin_RG_Discovery_ShipMining_Pyro_Rank1_SmallQ_Tungsten_Copper,Small Purchase Order: Ship Mined Ore,253e9697-5605-4732-b4fa-56af7a3dc140,BP_REWARDS_ShubinRank0to1,1,complete,48blueprints,"[{""weight"":1,""name"":""Arbor MHV Mining Laser""},{""weight"":1,""name"":""S00 Hofstede""},{""weight"":1,""name"":""Lawson Mining Laser""},{""weight"":1,""name"":""S0 Helix""},{""weight"":1,""name"":""Surveyor-Go""},{""weight"":1,""name"":""Surveyor-Lite""},{""weight"":1,""name"":""Surveyor""},{""weight"":1,""name"":""Surveyor-Max""}]"
78d22fbc-9a43-488e-92c3-9ab4da455579,Shubin_RG_Discovery_ShipMining_Stanton_Rank1_SmallQ_Aluminum_Iron_Titainum_Copper,Small Purchase Order: Ship Mined Ore,40438f39-f78c-41bc-a8de-d6f4f4c2daec,BP_MISSIONREWARD_Shubin_ResourceGathering_ShipMining_Stanton,1,complete,blueprintmissionpools,"[{""weight"":1,""name"":""Arclight \""Nightstalker\"" Pistol""},{""weight"":1,""name"":""Aril Arms""},{""weight"":1,""name"":""Aril Core""},{""weight"":1,""name"":""Aril Legs""},{""weight"":1,""name"":""Aril Helmet""},{""weight"":1,""name"":""Arclight \""Warhawk\"" Pistol""},{""weight"":1,""name"":""Arclight Pistol Battery (30 cap)""}]"
78d22fbc-9a43-488e-92c3-9ab4da455579,Shubin_RG_Discovery_ShipMining_Stanton_Rank1_SmallQ_Aluminum_Iron_Titainum_Copper,Small Purchase Order: Ship Mined Ore,253e9697-5605-4732-b4fa-56af7a3dc140,BP_REWARDS_ShubinRank0to1,1,complete,48blueprints,"[{""weight"":1,""name"":""Arbor MHV Mining Laser""},{""weight"":1,""name"":""S00 Hofstede""},{""weight"":1,""name"":""Lawson Mining Laser""},{""weight"":1,""name"":""S0 Helix""},{""weight"":1,""name"":""Surveyor-Go""},{""weight"":1,""name"":""Surveyor-Lite""},{""weight"":1,""name"":""Surveyor""},{""weight"":1,""name"":""Surveyor-Max""}]"
15213f8e-9264-444b-8b3b-cb533f15a572,Shubin_RG_Discovery_ShipMining_Stanton_Rank1_SmallQ_Aluminum_Tungsten_Corundurm,Small Purchase Order: Ship Mined Ore,40438f39-f78c-41bc-a8de-d6f4f4c2daec,BP_MISSIONREWARD_Shubin_ResourceGathering_ShipMining_Stanton,1,complete,blueprintmissionpools,"[{""weight"":1,""name"":""Arclight \""Nightstalker\"" Pistol""},{""weight"":1,""name"":""Aril Arms""},{""weight"":1,""name"":""Aril Core""},{""weight"":1,""name"":""Aril Legs""},{""weight"":1,""name"":""Aril Helmet""},{""weight"":1,""name"":""Arclight \""Warhawk\"" Pistol""},{""weight"":1,""name"":""Arclight Pistol Battery (30 cap)""}]"
15213f8e-9264-444b-8b3b-cb533f15a572,Shubin_RG_Discovery_ShipMining_Stanton_Rank1_SmallQ_Aluminum_Tungsten_Corundurm,Small Purchase Order: Ship Mined Ore,253e9697-5605-4732-b4fa-56af7a3dc140,BP_REWARDS_ShubinRank0to1,1,complete,48blueprints,"[{""weight"":1,""name"":""Arbor MHV Mining Laser""},{""weight"":1,""name"":""S00 Hofstede""},{""weight"":1,""name"":""Lawson Mining Laser""},{""weight"":1,""name"":""S0 Helix""},{""weight"":1,""name"":""Surveyor-Go""},{""weight"":1,""name"":""Surveyor-Lite""},{""weight"":1,""name"":""Surveyor""},{""weight"":1,""name"":""Surveyor-Max""}]"
67ef3627-a947-4628-b983-7ad1772919e5,Shubin_RG_Discovery_ShipMining_Stanton_Rank1_SmallQ_Iron_Quartz_Copper,Small Purchase Order: Ship Mined Ore,40438f39-f78c-41bc-a8de-d6f4f4c2daec,BP_MISSIONREWARD_Shubin_ResourceGathering_ShipMining_Stanton,1,complete,blueprintmissionpools,"[{""weight"":1,""name"":""Arclight \""Nightstalker\"" Pistol""},{""weight"":1,""name"":""Aril Arms""},{""weight"":1,""name"":""Aril Core""},{""weight"":1,""name"":""Aril Legs""},{""weight"":1,""name"":""Aril Helmet""},{""weight"":1,""name"":""Arclight \""Warhawk\"" Pistol""},{""weight"":1,""name"":""Arclight Pistol Battery (30 cap)""}]"
67ef3627-a947-4628-b983-7ad1772919e5,Shubin_RG_Discovery_ShipMining_Stanton_Rank1_SmallQ_Iron_Quartz_Copper,Small Purchase Order: Ship Mined Ore,253e9697-5605-4732-b4fa-56af7a3dc140,BP_REWARDS_ShubinRank0to1,1,complete,48blueprints,"[{""weight"":1,""name"":""Arbor MHV Mining Laser""},{""weight"":1,""name"":""S00 Hofstede""},{""weight"":1,""name"":""Lawson Mining Laser""},{""weight"":1,""name"":""S0 Helix""},{""weight"":1,""name"":""Surveyor-Go""},{""weight"":1,""name"":""Surveyor-Lite""},{""weight"":1,""name"":""Surveyor""},{""weight"":1,""name"":""Surveyor-Max""}]"
bd6811a3-e8e4-4669-8895-b7b4078d1db8,Shubin_RG_Discovery_ShipMining_Stanton_Rank1_SmallQ_Quartz_Corundum_Copper,Small Purchase Order: Ship Mined Ore,40438f39-f78c-41bc-a8de-d6f4f4c2daec,BP_MISSIONREWARD_Shubin_ResourceGathering_ShipMining_Stanton,1,complete,blueprintmissionpools,"[{""weight"":1,""name"":""Arclight \""Nightstalker\"" Pistol""},{""weight"":1,""name"":""Aril Arms""},{""weight"":1,""name"":""Aril Core""},{""weight"":1,""name"":""Aril Legs""},{""weight"":1,""name"":""Aril Helmet""},{""weight"":1,""name"":""Arclight \""Warhawk\"" Pistol""},{""weight"":1,""name"":""Arclight Pistol Battery (30 cap)""}]"
bd6811a3-e8e4-4669-8895-b7b4078d1db8,Shubin_RG_Discovery_ShipMining_Stanton_Rank1_SmallQ_Quartz_Corundum_Copper,Small Purchase Order: Ship Mined Ore,253e9697-5605-4732-b4fa-56af7a3dc140,BP_REWARDS_ShubinRank0to1,1,complete,48blueprints,"[{""weight"":1,""name"":""Arbor MHV Mining Laser""},{""weight"":1,""name"":""S00 Hofstede""},{""weight"":1,""name"":""Lawson Mining Laser""},{""weight"":1,""name"":""S0 Helix""},{""weight"":1,""name"":""Surveyor-Go""},{""weight"":1,""name"":""Surveyor-Lite""},{""weight"":1,""name"":""Surveyor""},{""weight"":1,""name"":""Surveyor-Max""}]"
c584c12f-bf89-460c-957a-fc82cbf9125e,Shubin_RG_Discovery_ShipMining_Org_ConstructionCompany,Special Purchase Order: Mined Materials,c2bd6ae6-c4a1-4fb1-8421-bd2979f39f77,BP_MISSIONREWARD_Shubin_ResourceGathering_ShipMining_PyroNyx,1,complete,blueprintmissionpools,"[{""weight"":1,""name"":""Arclight \""Stormfall\"" Pistol""},{""weight"":1,""name"":""Arclight Pistol""},{""weight"":1,""name"":""Venture Arms""},{""weight"":1,""name"":""Venture Core""},{""weight"":1,""name"":""Venture Legs""},{""weight"":1,""name"":""Horizon Helmet""},{""weight"":1,""name"":""Arclight Pistol Battery (30 cap)""}]"
c584c12f-bf89-460c-957a-fc82cbf9125e,Shubin_RG_Discovery_ShipMining_Org_ConstructionCompany,Special Purchase Order: Mined Materials,e3254ad6-ef4d-4719-871f-f13a832038f5,BP_REWARDS_ShubinRank4,1,complete,48blueprints,"[{""weight"":1,""name"":""Arbor MH2 Mining Laser""},{""weight"":1,""name"":""Lancet MH2 Mining Laser""},{""weight"":1,""name"":""Hofstede-S2 Mining Laser""},{""weight"":1,""name"":""Klein-S2 Mining Laser""},{""weight"":1,""name"":""Helix II Mining Laser""},{""weight"":1,""name"":""Impact II Mining Laser""},{""weight"":1,""name"":""FullSpec-Go""},{""weight"":1,""name"":""FullSpec""},{""weight"":1,""name"":""FullSpec-Max""}]"
c584c12f-bf89-460c-957a-fc82cbf9125e,Shubin_RG_Discovery_ShipMining_Org_ConstructionCompany,Special Purchase Order: Mined Materials,253e9697-5605-4732-b4fa-56af7a3dc140,BP_REWARDS_ShubinRank0to1,1,complete,48blueprints,"[{""weight"":1,""name"":""Arbor MHV Mining Laser""},{""weight"":1,""name"":""S00 Hofstede""},{""weight"":1,""name"":""Lawson Mining Laser""},{""weight"":1,""name"":""S0 Helix""},{""weight"":1,""name"":""Surveyor-Go""},{""weight"":1,""name"":""Surveyor-Lite""},{""weight"":1,""name"":""Surveyor""},{""weight"":1,""name"":""Surveyor-Max""}]"
c584c12f-bf89-460c-957a-fc82cbf9125e,Shubin_RG_Discovery_ShipMining_Org_ConstructionCompany,Special Purchase Order: Mined Materials,32463294-45d5-4e92-a773-dce1f28a2a2b,BP_REWARDS_ShubinRank2to3,1,complete,48blueprints,"[{""weight"":1,""name"":""Pitman Mining Laser""},{""weight"":1,""name"":""Hofstede-S1 Mining Laser""},{""weight"":1,""name"":""Klein-S1 Mining Laser""},{""weight"":1,""name"":""Helix I Mining Laser""},{""weight"":1,""name"":""Impact I Mining Laser""},{""weight"":1,""name"":""Arbor MH1 Mining Laser""},{""weight"":1,""name"":""Lancet MH1 Mining Laser""},{""weight"":1,""name"":""BroadSpec-Go""},{""weight"":1,""name"":""BroadSpec""},{""weight"":1,""name"":""BroadSpec""},{""weight"":1,""name"":""BroadSpec-Max""}]"
534e2029-035a-418a-871a-4b0094efdbc6,Shubin_RG_Discovery_ShipMining_Org_EnergyEngineer,Special Purchase Order: Mined Materials,40438f39-f78c-41bc-a8de-d6f4f4c2daec,BP_MISSIONREWARD_Shubin_ResourceGathering_ShipMining_Stanton,1,complete,blueprintmissionpools,"[{""weight"":1,""name"":""Arclight \""Nightstalker\"" Pistol""},{""weight"":1,""name"":""Aril Arms""},{""weight"":1,""name"":""Aril Core""},{""weight"":1,""name"":""Aril Legs""},{""weight"":1,""name"":""Aril Helmet""},{""weight"":1,""name"":""Arclight \""Warhawk\"" Pistol""},{""weight"":1,""name"":""Arclight Pistol Battery (30 cap)""}]"
534e2029-035a-418a-871a-4b0094efdbc6,Shubin_RG_Discovery_ShipMining_Org_EnergyEngineer,Special Purchase Order: Mined Materials,e3254ad6-ef4d-4719-871f-f13a832038f5,BP_REWARDS_ShubinRank4,1,complete,48blueprints,"[{""weight"":1,""name"":""Arbor MH2 Mining Laser""},{""weight"":1,""name"":""Lancet MH2 Mining Laser""},{""weight"":1,""name"":""Hofstede-S2 Mining Laser""},{""weight"":1,""name"":""Klein-S2 Mining Laser""},{""weight"":1,""name"":""Helix II Mining Laser""},{""weight"":1,""name"":""Impact II Mining Laser""},{""weight"":1,""name"":""FullSpec-Go""},{""weight"":1,""name"":""FullSpec""},{""weight"":1,""name"":""FullSpec-Max""}]"
534e2029-035a-418a-871a-4b0094efdbc6,Shubin_RG_Discovery_ShipMining_Org_EnergyEngineer,Special Purchase Order: Mined Materials,253e9697-5605-4732-b4fa-56af7a3dc140,BP_REWARDS_ShubinRank0to1,1,complete,48blueprints,"[{""weight"":1,""name"":""Arbor MHV Mining Laser""},{""weight"":1,""name"":""S00 Hofstede""},{""weight"":1,""name"":""Lawson Mining Laser""},{""weight"":1,""name"":""S0 Helix""},{""weight"":1,""name"":""Surveyor-Go""},{""weight"":1,""name"":""Surveyor-Lite""},{""weight"":1,""name"":""Surveyor""},{""weight"":1,""name"":""Surveyor-Max""}]"
534e2029-035a-418a-871a-4b0094efdbc6,Shubin_RG_Discovery_ShipMining_Org_EnergyEngineer,Special Purchase Order: Mined Materials,32463294-45d5-4e92-a773-dce1f28a2a2b,BP_REWARDS_ShubinRank2to3,1,complete,48blueprints,"[{""weight"":1,""name"":""Pitman Mining Laser""},{""weight"":1,""name"":""Hofstede-S1 Mining Laser""},{""weight"":1,""name"":""Klein-S1 Mining Laser""},{""weight"":1,""name"":""Helix I Mining Laser""},{""weight"":1,""name"":""Impact I Mining Laser""},{""weight"":1,""name"":""Arbor MH1 Mining Laser""},{""weight"":1,""name"":""Lancet MH1 Mining Laser""},{""weight"":1,""name"":""BroadSpec-Go""},{""weight"":1,""name"":""BroadSpec""},{""weight"":1,""name"":""BroadSpec""},{""weight"":1,""name"":""BroadSpec-Max""}]"
056c2a53-3bb3-4319-9956-2e3c8bac5b58,Shubin_RG_Discovery_ShipMining_Org_IndustrialEngineer,Special Purchase Order: Mined Materials,40438f39-f78c-41bc-a8de-d6f4f4c2daec,BP_MISSIONREWARD_Shubin_ResourceGathering_ShipMining_Stanton,1,complete,blueprintmissionpools,"[{""weight"":1,""name"":""Arclight \""Nightstalker\"" Pistol""},{""weight"":1,""name"":""Aril Arms""},{""weight"":1,""name"":""Aril Core""},{""weight"":1,""name"":""Aril Legs""},{""weight"":1,""name"":""Aril Helmet""},{""weight"":1,""name"":""Arclight \""Warhawk\"" Pistol""},{""weight"":1,""name"":""Arclight Pistol Battery (30 cap)""}]"
056c2a53-3bb3-4319-9956-2e3c8bac5b58,Shubin_RG_Discovery_ShipMining_Org_IndustrialEngineer,Special Purchase Order: Mined Materials,e3254ad6-ef4d-4719-871f-f13a832038f5,BP_REWARDS_ShubinRank4,1,complete,48blueprints,"[{""weight"":1,""name"":""Arbor MH2 Mining Laser""},{""weight"":1,""name"":""Lancet MH2 Mining Laser""},{""weight"":1,""name"":""Hofstede-S2 Mining Laser""},{""weight"":1,""name"":""Klein-S2 Mining Laser""},{""weight"":1,""name"":""Helix II Mining Laser""},{""weight"":1,""name"":""Impact II Mining Laser""},{""weight"":1,""name"":""FullSpec-Go""},{""weight"":1,""name"":""FullSpec""},{""weight"":1,""name"":""FullSpec-Max""}]"
056c2a53-3bb3-4319-9956-2e3c8bac5b58,Shubin_RG_Discovery_ShipMining_Org_IndustrialEngineer,Special Purchase Order: Mined Materials,253e9697-5605-4732-b4fa-56af7a3dc140,BP_REWARDS_ShubinRank0to1,1,complete,48blueprints,"[{""weight"":1,""name"":""Arbor MHV Mining Laser""},{""weight"":1,""name"":""S00 Hofstede""},{""weight"":1,""name"":""Lawson Mining Laser""},{""weight"":1,""name"":""S0 Helix""},{""weight"":1,""name"":""Surveyor-Go""},{""weight"":1,""name"":""Surveyor-Lite""},{""weight"":1,""name"":""Surveyor""},{""weight"":1,""name"":""Surveyor-Max""}]"
056c2a53-3bb3-4319-9956-2e3c8bac5b58,Shubin_RG_Discovery_ShipMining_Org_IndustrialEngineer,Special Purchase Order: Mined Materials,32463294-45d5-4e92-a773-dce1f28a2a2b,BP_REWARDS_ShubinRank2to3,1,complete,48blueprints,"[{""weight"":1,""name"":""Pitman Mining Laser""},{""weight"":1,""name"":""Hofstede-S1 Mining Laser""},{""weight"":1,""name"":""Klein-S1 Mining Laser""},{""weight"":1,""name"":""Helix I Mining Laser""},{""weight"":1,""name"":""Impact I Mining Laser""},{""weight"":1,""name"":""Arbor MH1 Mining Laser""},{""weight"":1,""name"":""Lancet MH1 Mining Laser""},{""weight"":1,""name"":""BroadSpec-Go""},{""weight"":1,""name"":""BroadSpec""},{""weight"":1,""name"":""BroadSpec""},{""weight"":1,""name"":""BroadSpec-Max""}]"
b613986b-7f74-4d9d-9ab7-62984187d246,Shubin_RG_Discovery_ShipMining_Org_Outlaw,Special Purchase Order: Mined Materials,c2bd6ae6-c4a1-4fb1-8421-bd2979f39f77,BP_MISSIONREWARD_Shubin_ResourceGathering_ShipMining_PyroNyx,1,complete,blueprintmissionpools,"[{""weight"":1,""name"":""Arclight \""Stormfall\"" Pistol""},{""weight"":1,""name"":""Arclight Pistol""},{""weight"":1,""name"":""Venture Arms""},{""weight"":1,""name"":""Venture Core""},{""weight"":1,""name"":""Venture Legs""},{""weight"":1,""name"":""Horizon Helmet""},{""weight"":1,""name"":""Arclight Pistol Battery (30 cap)""}]"
b613986b-7f74-4d9d-9ab7-62984187d246,Shubin_RG_Discovery_ShipMining_Org_Outlaw,Special Purchase Order: Mined Materials,e3254ad6-ef4d-4719-871f-f13a832038f5,BP_REWARDS_ShubinRank4,1,complete,48blueprints,"[{""weight"":1,""name"":""Arbor MH2 Mining Laser""},{""weight"":1,""name"":""Lancet MH2 Mining Laser""},{""weight"":1,""name"":""Hofstede-S2 Mining Laser""},{""weight"":1,""name"":""Klein-S2 Mining Laser""},{""weight"":1,""name"":""Helix II Mining Laser""},{""weight"":1,""name"":""Impact II Mining Laser""},{""weight"":1,""name"":""FullSpec-Go""},{""weight"":1,""name"":""FullSpec""},{""weight"":1,""name"":""FullSpec-Max""}]"
b613986b-7f74-4d9d-9ab7-62984187d246,Shubin_RG_Discovery_ShipMining_Org_Outlaw,Special Purchase Order: Mined Materials,253e9697-5605-4732-b4fa-56af7a3dc140,BP_REWARDS_ShubinRank0to1,1,complete,48blueprints,"[{""weight"":1,""name"":""Arbor MHV Mining Laser""},{""weight"":1,""name"":""S00 Hofstede""},{""weight"":1,""name"":""Lawson Mining Laser""},{""weight"":1,""name"":""S0 Helix""},{""weight"":1,""name"":""Surveyor-Go""},{""weight"":1,""name"":""Surveyor-Lite""},{""weight"":1,""name"":""Surveyor""},{""weight"":1,""name"":""Surveyor-Max""}]"
b613986b-7f74-4d9d-9ab7-62984187d246,Shubin_RG_Discovery_ShipMining_Org_Outlaw,Special Purchase Order: Mined Materials,32463294-45d5-4e92-a773-dce1f28a2a2b,BP_REWARDS_ShubinRank2to3,1,complete,48blueprints,"[{""weight"":1,""name"":""Pitman Mining Laser""},{""weight"":1,""name"":""Hofstede-S1 Mining Laser""},{""weight"":1,""name"":""Klein-S1 Mining Laser""},{""weight"":1,""name"":""Helix I Mining Laser""},{""weight"":1,""name"":""Impact I Mining Laser""},{""weight"":1,""name"":""Arbor MH1 Mining Laser""},{""weight"":1,""name"":""Lancet MH1 Mining Laser""},{""weight"":1,""name"":""BroadSpec-Go""},{""weight"":1,""name"":""BroadSpec""},{""weight"":1,""name"":""BroadSpec""},{""weight"":1,""name"":""BroadSpec-Max""}]"
4b4595e3-1cbf-4230-982b-901369f4965d,Shubin_RG_Discovery_ShipMining_Org_TechEngineer,Special Purchase Order: Mined Materials,40438f39-f78c-41bc-a8de-d6f4f4c2daec,BP_MISSIONREWARD_Shubin_ResourceGathering_ShipMining_Stanton,1,complete,blueprintmissionpools,"[{""weight"":1,""name"":""Arclight \""Nightstalker\"" Pistol""},{""weight"":1,""name"":""Aril Arms""},{""weight"":1,""name"":""Aril Core""},{""weight"":1,""name"":""Aril Legs""},{""weight"":1,""name"":""Aril Helmet""},{""weight"":1,""name"":""Arclight \""Warhawk\"" Pistol""},{""weight"":1,""name"":""Arclight Pistol Battery (30 cap)""}]"
4b4595e3-1cbf-4230-982b-901369f4965d,Shubin_RG_Discovery_ShipMining_Org_TechEngineer,Special Purchase Order: Mined Materials,e3254ad6-ef4d-4719-871f-f13a832038f5,BP_REWARDS_ShubinRank4,1,complete,48blueprints,"[{""weight"":1,""name"":""Arbor MH2 Mining Laser""},{""weight"":1,""name"":""Lancet MH2 Mining Laser""},{""weight"":1,""name"":""Hofstede-S2 Mining Laser""},{""weight"":1,""name"":""Klein-S2 Mining Laser""},{""weight"":1,""name"":""Helix II Mining Laser""},{""weight"":1,""name"":""Impact II Mining Laser""},{""weight"":1,""name"":""FullSpec-Go""},{""weight"":1,""name"":""FullSpec""},{""weight"":1,""name"":""FullSpec-Max""}]"
4b4595e3-1cbf-4230-982b-901369f4965d,Shubin_RG_Discovery_ShipMining_Org_TechEngineer,Special Purchase Order: Mined Materials,253e9697-5605-4732-b4fa-56af7a3dc140,BP_REWARDS_ShubinRank0to1,1,complete,48blueprints,"[{""weight"":1,""name"":""Arbor MHV Mining Laser""},{""weight"":1,""name"":""S00 Hofstede""},{""weight"":1,""name"":""Lawson Mining Laser""},{""weight"":1,""name"":""S0 Helix""},{""weight"":1,""name"":""Surveyor-Go""},{""weight"":1,""name"":""Surveyor-Lite""},{""weight"":1,""name"":""Surveyor""},{""weight"":1,""name"":""Surveyor-Max""}]"
4b4595e3-1cbf-4230-982b-901369f4965d,Shubin_RG_Discovery_ShipMining_Org_TechEngineer,Special Purchase Order: Mined Materials,32463294-45d5-4e92-a773-dce1f28a2a2b,BP_REWARDS_ShubinRank2to3,1,complete,48blueprints,"[{""weight"":1,""name"":""Pitman Mining Laser""},{""weight"":1,""name"":""Hofstede-S1 Mining Laser""},{""weight"":1,""name"":""Klein-S1 Mining Laser""},{""weight"":1,""name"":""Helix I Mining Laser""},{""weight"":1,""name"":""Impact I Mining Laser""},{""weight"":1,""name"":""Arbor MH1 Mining Laser""},{""weight"":1,""name"":""Lancet MH1 Mining Laser""},{""weight"":1,""name"":""BroadSpec-Go""},{""weight"":1,""name"":""BroadSpec""},{""weight"":1,""name"":""BroadSpec""},{""weight"":1,""name"":""BroadSpec-Max""}]"
38d60876-af2c-4bc9-b109-3a884442f249,Shubin_RG_Discovery_ShipMining_Org_VehicleEngineer,Special Purchase Order: Mined Materials,40438f39-f78c-41bc-a8de-d6f4f4c2daec,BP_MISSIONREWARD_Shubin_ResourceGathering_ShipMining_Stanton,1,complete,blueprintmissionpools,"[{""weight"":1,""name"":""Arclight \""Nightstalker\"" Pistol""},{""weight"":1,""name"":""Aril Arms""},{""weight"":1,""name"":""Aril Core""},{""weight"":1,""name"":""Aril Legs""},{""weight"":1,""name"":""Aril Helmet""},{""weight"":1,""name"":""Arclight \""Warhawk\"" Pistol""},{""weight"":1,""name"":""Arclight Pistol Battery (30 cap)""}]"
38d60876-af2c-4bc9-b109-3a884442f249,Shubin_RG_Discovery_ShipMining_Org_VehicleEngineer,Special Purchase Order: Mined Materials,e3254ad6-ef4d-4719-871f-f13a832038f5,BP_REWARDS_ShubinRank4,1,complete,48blueprints,"[{""weight"":1,""name"":""Arbor MH2 Mining Laser""},{""weight"":1,""name"":""Lancet MH2 Mining Laser""},{""weight"":1,""name"":""Hofstede-S2 Mining Laser""},{""weight"":1,""name"":""Klein-S2 Mining Laser""},{""weight"":1,""name"":""Helix II Mining Laser""},{""weight"":1,""name"":""Impact II Mining Laser""},{""weight"":1,""name"":""FullSpec-Go""},{""weight"":1,""name"":""FullSpec""},{""weight"":1,""name"":""FullSpec-Max""}]"
38d60876-af2c-4bc9-b109-3a884442f249,Shubin_RG_Discovery_ShipMining_Org_VehicleEngineer,Special Purchase Order: Mined Materials,253e9697-5605-4732-b4fa-56af7a3dc140,BP_REWARDS_ShubinRank0to1,1,complete,48blueprints,"[{""weight"":1,""name"":""Arbor MHV Mining Laser""},{""weight"":1,""name"":""S00 Hofstede""},{""weight"":1,""name"":""Lawson Mining Laser""},{""weight"":1,""name"":""S0 Helix""},{""weight"":1,""name"":""Surveyor-Go""},{""weight"":1,""name"":""Surveyor-Lite""},{""weight"":1,""name"":""Surveyor""},{""weight"":1,""name"":""Surveyor-Max""}]"
38d60876-af2c-4bc9-b109-3a884442f249,Shubin_RG_Discovery_ShipMining_Org_VehicleEngineer,Special Purchase Order: Mined Materials,32463294-45d5-4e92-a773-dce1f28a2a2b,BP_REWARDS_ShubinRank2to3,1,complete,48blueprints,"[{""weight"":1,""name"":""Pitman Mining Laser""},{""weight"":1,""name"":""Hofstede-S1 Mining Laser""},{""weight"":1,""name"":""Klein-S1 Mining Laser""},{""weight"":1,""name"":""Helix I Mining Laser""},{""weight"":1,""name"":""Impact I Mining Laser""},{""weight"":1,""name"":""Arbor MH1 Mining Laser""},{""weight"":1,""name"":""Lancet MH1 Mining Laser""},{""weight"":1,""name"":""BroadSpec-Go""},{""weight"":1,""name"":""BroadSpec""},{""weight"":1,""name"":""BroadSpec""},{""weight"":1,""name"":""BroadSpec-Max""}]"
0337e122-6643-4a48-a405-01fd1706b45a,CFP_Pyro_Super_RecoverCargo,Special Recovery Operation,6ba44ab4-9681-4bbf-9fd6-475da08bafd5,BP_MISSIONREWARD_CitizensForProsperityRecoverCargo_Pyro,1,complete,blueprintmissionpools,"[{""weight"":1,""name"":""P8-SC SMG""},{""weight"":1,""name"":""C54 SMG""},{""weight"":1,""name"":""S71 Rifle""},{""weight"":1,""name"":""ORC-mkX Arms Woodland""},{""weight"":1,""name"":""ORC-mkX Legs Woodland""},{""weight"":1,""name"":""ORC-mkX Core Woodland""},{""weight"":1,""name"":""ORC-mkX Helmet Woodland""},{""weight"":1,""name"":""ORC-mkV Arms""},{""weight"":1,""name"":""ORC-mkV Legs""},{""weight"":1,""name"":""ORC-mkV Core""},{""weight"":1,""name"":""G-2 Helmet Woodland""},{""weight"":1,""name"":""P8-SC SMG Magazine (45 cap)""},{""weight"":1,""name"":""C54 SMG Magazine (50 cap)""},{""weight"":1,""name"":""S71 Rifle Magazine (30 cap)""}]"
c9654159-acbc-4e5d-8a2c-2db20dd499a7,FoxwellEnforcement_Mercenary_Rehire,Still Looking for Work?,5b74b911-ef2e-4bcd-8767-84abdc6bf6f9,BP_MISSIONREWARD_FoxwellEnforcement_Generator,1,complete,blueprintmissionpools,"[{""weight"":1,""name"":""Antium Helmet Jet""},{""weight"":1,""name"":""Antium Core Maroon""},{""weight"":1,""name"":""Antium Legs Maroon""},{""weight"":1,""name"":""Antium Helmet Maroon""},{""weight"":1,""name"":""Antium Helmet Moss Camo""},{""weight"":1,""name"":""Antium Arms Moss Camo""},{""weight"":1,""name"":""Antium Core Moss Camo""},{""weight"":1,""name"":""Antium Legs Moss Camo""}]"
144fa3e2-a2cd-421e-b9e8-17ea647729c1,Eckhart_Nyx_MRT_DefendShip,Stop Attack on High-Profile Client,e52bf354-8918-474d-987e-55c01bfecdd3,BP_MISSIONREWARD_RDC_Generic,1,complete,blueprintmissionpools,"[{""weight"":1,""name"":""R97 Shotgun""},{""weight"":1,""name"":""Monde Arms""},{""weight"":1,""name"":""Monde Core""},{""weight"":1,""name"":""Monde Legs""},{""weight"":1,""name"":""Monde Helmet""},{""weight"":1,""name"":""Monde Arms Hiro""},{""weight"":1,""name"":""Monde Core Hiro""},{""weight"":1,""name"":""Monde Legs Hiro""},{""weight"":1,""name"":""Monde Helmet Hiro""},{""weight"":1,""name"":""R97 Shotgun Magazine (18 cap)""}]"
da99eba1-7365-45dc-94e8-52dbcba867e7,Eckhart_Nyx_VHRT_MultiDefendShip,Stop Deadly Ship Attack,e52bf354-8918-474d-987e-55c01bfecdd3,BP_MISSIONREWARD_RDC_Generic,1,complete,blueprintmissionpools,"[{""weight"":1,""name"":""R97 Shotgun""},{""weight"":1,""name"":""Monde Arms""},{""weight"":1,""name"":""Monde Core""},{""weight"":1,""name"":""Monde Legs""},{""weight"":1,""name"":""Monde Helmet""},{""weight"":1,""name"":""Monde Arms Hiro""},{""weight"":1,""name"":""Monde Core Hiro""},{""weight"":1,""name"":""Monde Legs Hiro""},{""weight"":1,""name"":""Monde Helmet Hiro""},{""weight"":1,""name"":""R97 Shotgun Magazine (18 cap)""}]"
4683f665-83d3-4d4a-a26b-5e66a7e0658a,HeadHunters_DefendEntitiesAndEscort_Nyx_Hard,Stop Rival Attack at [LOCATION],ed0b8aaa-eec6-4c72-b9e7-b0b48ab5e135,BP_REWARDS_NyxHeadhuntersEasy,1,complete,48blueprints,"[{""weight"":1,""name"":""Cryo-Star SL""},{""weight"":1,""name"":""Winter-Star SL""},{""weight"":1,""name"":""Kelvid""},{""weight"":1,""name"":""Cryo-Star""},{""weight"":1,""name"":""Winter-Star""},{""weight"":1,""name"":""BlastChill""},{""weight"":1,""name"":""FlashFreeze""},{""weight"":1,""name"":""Endo""},{""weight"":1,""name"":""Cryo-Star EX""},{""weight"":1,""name"":""Winter-Star EX""},{""weight"":1,""name"":""FullFrost""},{""weight"":1,""name"":""WhiteOut""},{""weight"":1,""name"":""Taiga""},{""weight"":1,""name"":""Cryo-Star XL""},{""weight"":1,""name"":""Winter-Star XL""},{""weight"":1,""name"":""ColdSurge""},{""weight"":1,""name"":""FrostBite""}]"
4683f665-83d3-4d4a-a26b-5e66a7e0658a,HeadHunters_DefendEntitiesAndEscort_Nyx_Hard,Stop Rival Attack at [LOCATION],3373506b-2ba7-4493-af0d-f336966d1151,BP_REWARDS_NyxHeadhuntersHard,1,complete,48blueprints,"[{""weight"":1,""name"":""Tarantula GT-870 Mark 1 Cannon""},{""weight"":1,""name"":""Tarantula GT-870 Mark 2 Cannon""},{""weight"":1,""name"":""Tarantula GT-870 Mark 3 Cannon""},{""weight"":1,""name"":""YellowJacket GT-210 Gatling""},{""weight"":1,""name"":""Scorpion GT-215 Gatling""},{""weight"":1,""name"":""Mantis GT-220 Gatling""},{""weight"":1,""name"":""V880""}]"
e7eb0b01-8149-4f7f-8ca3-0710d1fd8579,HeadHunters_DefendEntitiesAndEscort_Pyro_Hard,Stop Rival Attack at [LOCATION],6b6f3678-9f0e-4188-ae68-f5c1177230be,BP_REWARDS_PyroHeadhuntersEasy,1,complete,48blueprints,"[{""weight"":1,""name"":""DuraJet""},{""weight"":1,""name"":""ZapJet""},{""weight"":1,""name"":""Defiant""},{""weight"":1,""name"":""SparkJet""},{""weight"":1,""name"":""Lotus""},{""weight"":1,""name"":""SparkJet Pro""},{""weight"":1,""name"":""TigerLilly""}]"
e7eb0b01-8149-4f7f-8ca3-0710d1fd8579,HeadHunters_DefendEntitiesAndEscort_Pyro_Hard,Stop Rival Attack at [LOCATION],9cc0425d-5101-4f8a-a89d-6d483466829e,BP_REWARDS_PyroHeadhuntersHard,1,complete,48blueprints,"[{""weight"":1,""name"":""AD4B Ballistic Gatling""},{""weight"":1,""name"":""AD5B Ballistic Gatling""},{""weight"":1,""name"":""AD6B Ballistic Gatling""},{""weight"":1,""name"":""V801-11""},{""weight"":1,""name"":""V801-12""}]"
41b44c63-80e8-4d1b-8cba-358770d7af4e,HeadHunters_DefendEntitiesAndEscort_Stanton_Hard,Stop Rival Attack at [LOCATION],a2cbf2c1-7691-422b-93ca-e6740f5ab4b6,BP_REWARDS_StantonHeadhuntersEasy,1,complete,48blueprints,"[{""weight"":1,""name"":""PIN""},{""weight"":1,""name"":""5SA 'Rhada'""},{""weight"":1,""name"":""6SA 'Arbiter'""},{""weight"":1,""name"":""HEX""},{""weight"":1,""name"":""WEB""},{""weight"":1,""name"":""5MA 'Chimalli'""},{""weight"":1,""name"":""6MA 'Kozane'""},{""weight"":1,""name"":""BLOC""},{""weight"":1,""name"":""STOP""},{""weight"":1,""name"":""5CA 'Akura'""},{""weight"":1,""name"":""6CA 'Bila'""},{""weight"":1,""name"":""6CA 'Bila'""},{""weight"":1,""name"":""GUARD""}]"
41b44c63-80e8-4d1b-8cba-358770d7af4e,HeadHunters_DefendEntitiesAndEscort_Stanton_Hard,Stop Rival Attack at [LOCATION],c5e14209-5994-4394-88df-a98f2d9bd728,BP_REWARDS_StantonHeadhuntersHard,1,complete,48blueprints,"[{""weight"":1,""name"":""SW16BR1 “Buzzsaw” Repeater""},{""weight"":1,""name"":""SW16BR2 “Sawbuck” Repeater""},{""weight"":1,""name"":""SW16BR3 “Shredder” Repeater""},{""weight"":1,""name"":""Vigilance""},{""weight"":1,""name"":""Devoue""},{""weight"":1,""name"":""Tige""}]"
5cc2e2ad-cd00-47b4-bfeb-7d9588ffc501,InterSec_Nyx_TSG_Solo_BombingRun,Strategic Bombing,d16ca80c-eb03-41ad-8574-aa0dc0a5f6e3,BP_REWARDS_BombingRun,1,complete,48blueprints,"[{""weight"":1,""name"":""Deadbolt IV Cannon""},{""weight"":1,""name"":""Deadbolt V Cannon""},{""weight"":1,""name"":""Deadbolt VI Cannon""},{""weight"":1,""name"":""Polar""},{""weight"":1,""name"":""Permafrost""},{""weight"":1,""name"":""Tempest""}]"
5cc2e2ad-cd00-47b4-bfeb-7d9588ffc501,InterSec_Nyx_TSG_Solo_BombingRun,Strategic Bombing,2190957e-a832-4a10-ad68-ec640de2c3d1,BP_REWARDS_BombingRunB,1,complete,48blueprints,"[{""weight"":1,""name"":""Tailwind Flight Suit""},{""weight"":1,""name"":""Tailwind Flight Helmet Big Bite""},{""weight"":1,""name"":""Tailwind Flight Helmet Adrenaline""}]"
eae3334f-310a-4213-88e5-b84d248cc083,TheCollector_vglFlightsuit,Suit Up Take Off,b652a50f-657b-4e2f-92a2-55962d1f4f72,BP_REWARD_vgl_flightsuit_helmet_01_02_01,1,complete,collectorwikelo,"[{""weight"":1,""name"":""Tailwind Flight Helmet Dominion Camo""}]"
eae3334f-310a-4213-88e5-b84d248cc083,TheCollector_vglFlightsuit,Suit Up Take Off,e71e1a05-1817-46b4-8123-7bcc6c5927a3,BP_REWARD_vgl_flightsuit_01_02_01,1,complete,collectorwikelo,"[{""weight"":1,""name"":""Tailwind Flight Suit Dominion Camo""}]"
6cda8854-d25d-4919-8d3e-c01a9c7009cb,Eckhart_Nyx_LRT_DefendShip,Support Client Under Attack,e52bf354-8918-474d-987e-55c01bfecdd3,BP_MISSIONREWARD_RDC_Generic,1,complete,blueprintmissionpools,"[{""weight"":1,""name"":""R97 Shotgun""},{""weight"":1,""name"":""Monde Arms""},{""weight"":1,""name"":""Monde Core""},{""weight"":1,""name"":""Monde Legs""},{""weight"":1,""name"":""Monde Helmet""},{""weight"":1,""name"":""Monde Arms Hiro""},{""weight"":1,""name"":""Monde Core Hiro""},{""weight"":1,""name"":""Monde Legs Hiro""},{""weight"":1,""name"":""Monde Helmet Hiro""},{""weight"":1,""name"":""R97 Shotgun Magazine (18 cap)""}]"
69fbad01-0ca8-4910-8c03-d0f73895df00,FoxwellEnforcement_EliminateAll,Sweep and Clear Location,5b74b911-ef2e-4bcd-8767-84abdc6bf6f9,BP_MISSIONREWARD_FoxwellEnforcement_Generator,1,complete,blueprintmissionpools,"[{""weight"":1,""name"":""Antium Helmet Jet""},{""weight"":1,""name"":""Antium Core Maroon""},{""weight"":1,""name"":""Antium Legs Maroon""},{""weight"":1,""name"":""Antium Helmet Maroon""},{""weight"":1,""name"":""Antium Helmet Moss Camo""},{""weight"":1,""name"":""Antium Arms Moss Camo""},{""weight"":1,""name"":""Antium Core Moss Camo""},{""weight"":1,""name"":""Antium Legs Moss Camo""}]"
f0462a38-f7ef-4ad6-9bf8-cceb6704d1b1,HH_Pyro_RegionB_H_ChainElimAll_2Cluster_ElimSpec_AttackCFP,Sweep and clear some CFP haunts,e9947de1-6160-4d62-a319-2f4693140c88,BP_MISSIONREWARD_HeadHunters_MercenaryFPS_EliminateALL_RegionAB,1,complete,blueprintmissionpools,"[{""weight"":1,""name"":""Atzkav Sniper Rifle""},{""weight"":1,""name"":""Atzkav \""Igniter\"" Sniper Rifle""},{""weight"":1,""name"":""Atzkav \""Mirage\"" Sniper Rifle""},{""weight"":1,""name"":""Calico Arms Tactical""},{""weight"":1,""name"":""Calico Core Tactical""},{""weight"":1,""name"":""Calico Legs Tactical""},{""weight"":1,""name"":""Calico Helmet Tactical""},{""weight"":1,""name"":""Atzkav Sniper Rifle Battery (8 cap)""}]"
24ac3c24-ed16-43f5-bb1c-626f0261fcb5,InterSec_Nyx_TSG_FullStrikeOnStation,Tactical Strike Group Needed,dbaf603a-534f-4bbf-9dfd-e64e4aaec62e,BP_REWARDS_FullStrikeOnStationA,1,complete,48blueprints,"[{""weight"":1,""name"":""WhiteHot Racing Flight Suit""},{""weight"":1,""name"":""BlackFire Racing Flight Suit""},{""weight"":1,""name"":""BlueFlame Racing Flight Suit""},{""weight"":1,""name"":""WhiteHot Racing Helmet""},{""weight"":1,""name"":""BlackFire Racing Helmet""},{""weight"":1,""name"":""BlueFlame Racing Helmet""},{""weight"":1,""name"":""Novian Crossbow""},{""weight"":1,""name"":""Novian \""Nighthunter\"" Crossbow""},{""weight"":1,""name"":""Novian \""Ghostmaker\"" Crossbow""},{""weight"":1,""name"":""Novian \""Wildshot\"" Crossbow""},{""weight"":1,""name"":""Tailwind Flight Helmet Thunderstruck""},{""weight"":1,""name"":""Tailwind Flight Helmet Frostshock""},{""weight"":1,""name"":""Tailwind Flight Helmet Blue Skies""},{""weight"":1,""name"":""Tailwind Flight Helmet Airwolf""}]"
24ac3c24-ed16-43f5-bb1c-626f0261fcb5,InterSec_Nyx_TSG_FullStrikeOnStation,Tactical Strike Group Needed,fb2a7d3e-8e67-4567-a08f-409d88cccc8a,BP_REWARDS_FullStrikeOnStationB,1,complete,48blueprints,"[{""weight"":1,""name"":""Omnisky III Cannon""},{""weight"":1,""name"":""Omnisky VI Cannon""},{""weight"":1,""name"":""Omnisky IX Cannon""},{""weight"":1,""name"":""Omnisky XII Cannon""},{""weight"":1,""name"":""Omnisky XV Cannon""},{""weight"":1,""name"":""Omnisky XVIII Cannon""},{""weight"":1,""name"":""JS-300""},{""weight"":1,""name"":""JS-400""},{""weight"":1,""name"":""QuadraCell MX""},{""weight"":1,""name"":""QuadraCell MX""}]"
ada151a3-41e3-4050-8bd4-3a2741cd87c2,CFP_Pyro_RegionA_M_Rustville_Sabotage,Take Outlaws at [LOCATION] Offline,cf847b27-bf3b-4d50-87c0-de3c68e4e387,BP_MISSIONREWARD_CitizensForProsperityDestroyItems_AB,1,complete,blueprintmissionpools,"[{""weight"":1,""name"":""FS-9 LMG""},{""weight"":1,""name"":""BR-2 Shotgun""},{""weight"":1,""name"":""Gallant Rifle""},{""weight"":1,""name"":""ADP Arms Woodland""},{""weight"":1,""name"":""ADP Core""},{""weight"":1,""name"":""ADP Legs Woodland""},{""weight"":1,""name"":""Balor HCH Helmet""},{""weight"":1,""name"":""ADP-mk4 Arms Woodland""},{""weight"":1,""name"":""ADP-mk4 Legs Woodland""},{""weight"":1,""name"":""ADP-mk4 Core Woodland""},{""weight"":1,""name"":""ADP-mk4 Helmet Woodland""},{""weight"":1,""name"":""FS-9 Magazine (75 cap)""},{""weight"":1,""name"":""BR-2 Shotgun Magazine (12 cap)""},{""weight"":1,""name"":""Gallant Rifle Battery (45 cap)""}]"
3f935c05-ad23-41df-9c74-fb900e917960,CFP_Pyro_RegionB_M_ChainElimAll_1Cluster_ElimSpec_HHAttack,Taking back from the Headhunters,bd54c374-923e-4095-96c1-3a76e857c35a,BP_MISSIONREWARD_CFP_ChainElim_1and2,1,complete,blueprintmissionpools,"[{""weight"":1,""name"":""Karna \""Brimstone\"" Rifle""},{""weight"":1,""name"":""Artimex Core Lodestone""},{""weight"":1,""name"":""Artimex Arms Lodestone""},{""weight"":1,""name"":""Artimex Legs Lodestone""},{""weight"":1,""name"":""Artimex Helmet Lodestone""},{""weight"":1,""name"":""Karna Rifle Battery (35 cap)""}]"
cbb6e53a-ff56-440d-b35c-0756d437ef74,HH_Pyro_RegionB_VH_ChainElimAll_3Cluster_ElimSpec_AttackXT,Taking down a XenoThreat Hideout,e9947de1-6160-4d62-a319-2f4693140c88,BP_MISSIONREWARD_HeadHunters_MercenaryFPS_EliminateALL_RegionAB,1,complete,blueprintmissionpools,"[{""weight"":1,""name"":""Atzkav Sniper Rifle""},{""weight"":1,""name"":""Atzkav \""Igniter\"" Sniper Rifle""},{""weight"":1,""name"":""Atzkav \""Mirage\"" Sniper Rifle""},{""weight"":1,""name"":""Calico Arms Tactical""},{""weight"":1,""name"":""Calico Core Tactical""},{""weight"":1,""name"":""Calico Legs Tactical""},{""weight"":1,""name"":""Calico Helmet Tactical""},{""weight"":1,""name"":""Atzkav Sniper Rifle Battery (8 cap)""}]"
228ed7e4-ebdb-48b2-9f8e-3f395e27a76b,HH_Pyro_RegionB_M_ChainElimAll_1Cluster_AttackXT,Taking out some XenoThreat trash,e9947de1-6160-4d62-a319-2f4693140c88,BP_MISSIONREWARD_HeadHunters_MercenaryFPS_EliminateALL_RegionAB,1,complete,blueprintmissionpools,"[{""weight"":1,""name"":""Atzkav Sniper Rifle""},{""weight"":1,""name"":""Atzkav \""Igniter\"" Sniper Rifle""},{""weight"":1,""name"":""Atzkav \""Mirage\"" Sniper Rifle""},{""weight"":1,""name"":""Calico Arms Tactical""},{""weight"":1,""name"":""Calico Core Tactical""},{""weight"":1,""name"":""Calico Legs Tactical""},{""weight"":1,""name"":""Calico Helmet Tactical""},{""weight"":1,""name"":""Atzkav Sniper Rifle Battery (8 cap)""}]"
61134fca-1af9-48dc-802b-1886b8269ca3,HH_Pyro_RegionB_H_ChainElimAll_2Cluster_ElimSpec_AttackXT,Taking XenoThreat Turf,e9947de1-6160-4d62-a319-2f4693140c88,BP_MISSIONREWARD_HeadHunters_MercenaryFPS_EliminateALL_RegionAB,1,complete,blueprintmissionpools,"[{""weight"":1,""name"":""Atzkav Sniper Rifle""},{""weight"":1,""name"":""Atzkav \""Igniter\"" Sniper Rifle""},{""weight"":1,""name"":""Atzkav \""Mirage\"" Sniper Rifle""},{""weight"":1,""name"":""Calico Arms Tactical""},{""weight"":1,""name"":""Calico Core Tactical""},{""weight"":1,""name"":""Calico Legs Tactical""},{""weight"":1,""name"":""Calico Helmet Tactical""},{""weight"":1,""name"":""Atzkav Sniper Rifle Battery (8 cap)""}]"
2f9663f3-ed47-446a-ab0e-ec60526059d3,HH_Pyro_RegionA_VE_1AsteroidBase_Criminals_KillShip,Target at [LOCATION],0e810eae-7b66-45aa-a18f-ffc1aae15585,BP_REWARDS_HeadHuntersMercenaryShipRegionA,1,complete,48blueprints,"[{""weight"":1,""name"":""9-Series Longsword Cannon""},{""weight"":1,""name"":""10-Series Greatsword Cannon""},{""weight"":1,""name"":""11-Series Broadsword Cannon""},{""weight"":1,""name"":""Sledge I Mass Driver Cannon""},{""weight"":1,""name"":""Strife Mass Driver Cannon""},{""weight"":1,""name"":""Sledge II Mass Driver Cannon""},{""weight"":1,""name"":""Sledge III Mass Driver Cannon""}]"
8af7e67c-72a6-4bc3-aa35-835ea4923d85,HH_Pyro_RegionB_VE_1AsteroidBase_Criminals_KillShip,Target at [LOCATION],4b340951-c7f6-49af-bcc7-9fadcecf6c8c,BP_REWARDS_HeadHuntersMercenaryShipRegionB,1,complete,48blueprints,"[{""weight"":1,""name"":""HeatSafe""},{""weight"":1,""name"":""Cryo-Star SL""},{""weight"":1,""name"":""Dominance-1 Scattergun""},{""weight"":1,""name"":""Dominance-2 Scattergun""},{""weight"":1,""name"":""Dominance-3 Scattergun""}]"
d20220e2-8d2e-482a-b037-1e7674892908,HH_Pyro_RegionC_VE_1AsteroidBase_Criminals_KillShip,Target at [LOCATION],de417e15-2936-497a-8f90-7a52eb2eb12a,BP_REWARDS_HeadHuntersMercenaryShipRegionC,1,complete,48blueprints,"[{""weight"":1,""name"":""VaporBlock""},{""weight"":1,""name"":""Cryo-Star SL""},{""weight"":1,""name"":""NN-13 Cannon""},{""weight"":1,""name"":""NN-14 Cannon""},{""weight"":1,""name"":""NN-15 Cannon""}]"
283ea69b-0b76-48aa-9d24-2efee50002dc,HH_Pyro_RegionD_VE_1AsteroidBase_Criminals_KillShip,Target at [LOCATION],14ac943a-df05-4bd8-9596-b268d7e7748b,BP_REWARDS_HeadHuntersMercenaryShipRegionD,1,complete,48blueprints,"[{""weight"":1,""name"":""SnowBlind""},{""weight"":1,""name"":""Cryo-Star SL""},{""weight"":1,""name"":""M6A Cannon""},{""weight"":1,""name"":""M7A Cannon""},{""weight"":1,""name"":""M8A Cannon""},{""weight"":1,""name"":""Singe Cannon (S1)""},{""weight"":1,""name"":""Singe Cannon (S2)""},{""weight"":1,""name"":""Singe Cannon (S3)""}]"
1d48bcd0-53d0-4356-9f2b-d05d92c6ac3e,HH_Pyro_RegionA_Rank0_VE_1AsteroidBase_Criminals_KillShip,Target takedown for a fast track in,0e810eae-7b66-45aa-a18f-ffc1aae15585,BP_REWARDS_HeadHuntersMercenaryShipRegionA,1,complete,48blueprints,"[{""weight"":1,""name"":""9-Series Longsword Cannon""},{""weight"":1,""name"":""10-Series Greatsword Cannon""},{""weight"":1,""name"":""11-Series Broadsword Cannon""},{""weight"":1,""name"":""Sledge I Mass Driver Cannon""},{""weight"":1,""name"":""Strife Mass Driver Cannon""},{""weight"":1,""name"":""Sledge II Mass Driver Cannon""},{""weight"":1,""name"":""Sledge III Mass Driver Cannon""}]"
d75a442e-f2f5-4c97-b6e4-9e6ed4a6e4be,HH_Pyro_RegionB_Rank0_VE_1AsteroidBase_Criminals_KillShip,Target takedown for a fast track in,4b340951-c7f6-49af-bcc7-9fadcecf6c8c,BP_REWARDS_HeadHuntersMercenaryShipRegionB,1,complete,48blueprints,"[{""weight"":1,""name"":""HeatSafe""},{""weight"":1,""name"":""Cryo-Star SL""},{""weight"":1,""name"":""Dominance-1 Scattergun""},{""weight"":1,""name"":""Dominance-2 Scattergun""},{""weight"":1,""name"":""Dominance-3 Scattergun""}]"
172b308e-afef-4f72-be18-ce210e84581a,HH_Pyro_RegionC_Rank0_VE_1AsteroidBase_Criminals_KillShip,Target takedown for a fast track in,de417e15-2936-497a-8f90-7a52eb2eb12a,BP_REWARDS_HeadHuntersMercenaryShipRegionC,1,complete,48blueprints,"[{""weight"":1,""name"":""VaporBlock""},{""weight"":1,""name"":""Cryo-Star SL""},{""weight"":1,""name"":""NN-13 Cannon""},{""weight"":1,""name"":""NN-14 Cannon""},{""weight"":1,""name"":""NN-15 Cannon""}]"
de33df35-1925-4b63-95de-89d34928cc2d,HH_Pyro_RegionD_Rank0_VE_1AsteroidBase_Criminals_KillShip,Target takedown for a fast track in,14ac943a-df05-4bd8-9596-b268d7e7748b,BP_REWARDS_HeadHuntersMercenaryShipRegionD,1,complete,48blueprints,"[{""weight"":1,""name"":""SnowBlind""},{""weight"":1,""name"":""Cryo-Star SL""},{""weight"":1,""name"":""M6A Cannon""},{""weight"":1,""name"":""M7A Cannon""},{""weight"":1,""name"":""M8A Cannon""},{""weight"":1,""name"":""Singe Cannon (S1)""},{""weight"":1,""name"":""Singe Cannon (S2)""},{""weight"":1,""name"":""Singe Cannon (S3)""}]"
aabd440e-cbf5-4136-adcf-6b9ca783ac80,InterSec_Bounty_Nyx_Easy,Terrorist [TARGET] to be Neutralized,e52bf354-8918-474d-987e-55c01bfecdd3,BP_MISSIONREWARD_RDC_Generic,1,complete,blueprintmissionpools,"[{""weight"":1,""name"":""R97 Shotgun""},{""weight"":1,""name"":""Monde Arms""},{""weight"":1,""name"":""Monde Core""},{""weight"":1,""name"":""Monde Legs""},{""weight"":1,""name"":""Monde Helmet""},{""weight"":1,""name"":""Monde Arms Hiro""},{""weight"":1,""name"":""Monde Core Hiro""},{""weight"":1,""name"":""Monde Legs Hiro""},{""weight"":1,""name"":""Monde Helmet Hiro""},{""weight"":1,""name"":""R97 Shotgun Magazine (18 cap)""}]"
49e03834-2e9c-bebb-87cd-3840679d4a96,Vaughn_Stanton1_EliminateBoss_Standard,They Will Be Missed,6876ee7a-114b-4414-9af1-bfdcdd303204,BP_MISSIONREWARD_VaughnGenerator_EliminateBoss,1,complete,blueprintmissionpools,"[{""weight"":1,""name"":""Pulverizer LMG""},{""weight"":1,""name"":""Tripledown Pistol""},{""weight"":1,""name"":""Citadel Arms Base""},{""weight"":1,""name"":""Citadel Legs Base""},{""weight"":1,""name"":""Citadel Core Base""},{""weight"":1,""name"":""Fortifier Helmet Base""},{""weight"":1,""name"":""Carnifex Armor Core""},{""weight"":1,""name"":""Carnifex Armor Legs""},{""weight"":1,""name"":""Carnifex Armor Legs""},{""weight"":1,""name"":""Pulverizer LMG Magazine (120 Cap)""},{""weight"":1,""name"":""Tripledown Pistol Magazine (12 Cap)""}]"
74ed61ad-2742-4998-9e0b-88655040169f,HH_Pyro_RegionC_CFPXSOutposts_ChainEliminateAll,Time to roll on CFP,d10c81ec-fc38-4f3e-bb2d-ccea0d10c889,BP_MISSIONREWARD_HeadHunters_MercenaryFPS_EliminateALL_RegionCD,1,complete,blueprintmissionpools,"[{""weight"":1,""name"":""Yubarev Pistol""},{""weight"":1,""name"":""Yubarev \""Mirage\"" Pistol""},{""weight"":1,""name"":""Yubarev \""Igniter\"" Pistol""},{""weight"":1,""name"":""DustUp Arms Tactical""},{""weight"":1,""name"":""DustUp Core Tactical""},{""weight"":1,""name"":""DustUp Legs Tactical""},{""weight"":1,""name"":""DustUp Helmet Tactical""},{""weight"":1,""name"":""Yubarev Pistol Battery (10 cap)""}]"
bafaff08-53b0-49de-88fa-1e47525a6734,EckhartSecurity_ShipAmbush_Nyx_Easy,Time to Teach a Lesson,02642d19-8a53-481c-ab3e-f57a7f0dd7c7,BP_REWARDS_EckhartSecurityShipAmbushEasy,1,complete,48blueprints,"[{""weight"":1,""name"":""SonicLite""},{""weight"":1,""name"":""Cirrus""},{""weight"":1,""name"":""Lightstrike I Cannon""},{""weight"":1,""name"":""Lightstrike II Cannon""},{""weight"":1,""name"":""Lightstrike III Cannon""}]"
4cd6d0e4-dd24-446f-9160-e8127d89bb47,BitZeros_BlackBoxRecovery_Nyx_Medium,Too Smart For Our Own Good,4937f5e9-f42e-4d8a-a6c4-96517028c548,BP_MISSIONREWARD_BitZeros_BlackBoxRecovery,1,complete,blueprintmissionpools,"[{""weight"":1,""name"":""Lumin V SMG""},{""weight"":1,""name"":""Arrowhead Sniper Rifle""},{""weight"":1,""name"":""Aves Arms""},{""weight"":1,""name"":""Aves Core""},{""weight"":1,""name"":""Aves Legs""},{""weight"":1,""name"":""Aves Helmet""},{""weight"":1,""name"":""Aves Shrike Core""},{""weight"":1,""name"":""Aves Shrike Arms""},{""weight"":1,""name"":""Aves Shrike Legs""},{""weight"":1,""name"":""Aves Shrike Helmet""},{""weight"":1,""name"":""Lumin V SMG Battery (45 cap)""},{""weight"":1,""name"":""Arrowhead Sniper Rifle Battery (16 cap)""}]"
e0d17791-d049-4de2-b9b3-e1bc7e090b04,BitZeros_BlackBoxRecovery_Stanton_Medium,Too Smart For Our Own Good,4937f5e9-f42e-4d8a-a6c4-96517028c548,BP_MISSIONREWARD_BitZeros_BlackBoxRecovery,1,complete,blueprintmissionpools,"[{""weight"":1,""name"":""Lumin V SMG""},{""weight"":1,""name"":""Arrowhead Sniper Rifle""},{""weight"":1,""name"":""Aves Arms""},{""weight"":1,""name"":""Aves Core""},{""weight"":1,""name"":""Aves Legs""},{""weight"":1,""name"":""Aves Helmet""},{""weight"":1,""name"":""Aves Shrike Core""},{""weight"":1,""name"":""Aves Shrike Arms""},{""weight"":1,""name"":""Aves Shrike Legs""},{""weight"":1,""name"":""Aves Shrike Helmet""},{""weight"":1,""name"":""Lumin V SMG Battery (45 cap)""},{""weight"":1,""name"":""Arrowhead Sniper Rifle Battery (16 cap)""}]"
511b35e2-8dd8-46d7-9ee3-3bb173db4bb3,EckhartSecurity_EscortShips_Nyx_Super,Top Tier Operator Needed,0624864b-bb2d-4dd3-87cb-3b9599285fbe,BP_REWARDS_EckhartSecurityEscortShipsHardPlus,1,complete,48blueprints,"[{""weight"":1,""name"":""Havoc Scattergun""},{""weight"":1,""name"":""Hellion Scattergun""},{""weight"":1,""name"":""Predator Scattergun""},{""weight"":1,""name"":""Mirage""},{""weight"":1,""name"":""Umbra""},{""weight"":1,""name"":""Quarreler Cannon""}]"
511b35e2-8dd8-46d7-9ee3-3bb173db4bb3,EckhartSecurity_EscortShips_Nyx_Super,Top Tier Operator Needed,65744944-bca2-4467-aa8e-9a948b13a6b0,BP_REWARDS_EckhartSecurityEscortShipsMed,1,complete,48blueprints,"[{""weight"":1,""name"":""Veil""},{""weight"":1,""name"":""Sheut""},{""weight"":1,""name"":""Suckerpunch Cannon""},{""weight"":1,""name"":""Suckerpunch-L Cannon""},{""weight"":1,""name"":""Suckerpunch-XL Cannon""}]"
511b35e2-8dd8-46d7-9ee3-3bb173db4bb3,EckhartSecurity_EscortShips_Nyx_Super,Top Tier Operator Needed,7d0ecc93-a6e0-4096-acdc-dcc7969e6b96,BP_REWARDS_EckhartSecurityEscortShipsEasy,1,complete,48blueprints,"[{""weight"":1,""name"":""Shimmer""},{""weight"":1,""name"":""Obscura""},{""weight"":1,""name"":""M3A Cannon""},{""weight"":1,""name"":""M4A Cannon""},{""weight"":1,""name"":""M5A Cannon""}]"
5f54c243-3985-4509-85c1-e5e99665a7f6,FoxwellEnforcement_EliminateSpecific,Track Down [TARGET],5b74b911-ef2e-4bcd-8767-84abdc6bf6f9,BP_MISSIONREWARD_FoxwellEnforcement_Generator,1,complete,blueprintmissionpools,"[{""weight"":1,""name"":""Antium Helmet Jet""},{""weight"":1,""name"":""Antium Core Maroon""},{""weight"":1,""name"":""Antium Legs Maroon""},{""weight"":1,""name"":""Antium Helmet Maroon""},{""weight"":1,""name"":""Antium Helmet Moss Camo""},{""weight"":1,""name"":""Antium Arms Moss Camo""},{""weight"":1,""name"":""Antium Core Moss Camo""},{""weight"":1,""name"":""Antium Legs Moss Camo""}]"
80a7c19b-3856-434e-846d-e2966df891d6,HH_Pyro_RegionA_MRT_Criminals_KillShip,Treat yourself to a fight,0e810eae-7b66-45aa-a18f-ffc1aae15585,BP_REWARDS_HeadHuntersMercenaryShipRegionA,1,complete,48blueprints,"[{""weight"":1,""name"":""9-Series Longsword Cannon""},{""weight"":1,""name"":""10-Series Greatsword Cannon""},{""weight"":1,""name"":""11-Series Broadsword Cannon""},{""weight"":1,""name"":""Sledge I Mass Driver Cannon""},{""weight"":1,""name"":""Strife Mass Driver Cannon""},{""weight"":1,""name"":""Sledge II Mass Driver Cannon""},{""weight"":1,""name"":""Sledge III Mass Driver Cannon""}]"
743a8964-37b0-46f9-a5b2-e6e7ffc43fc3,HH_Pyro_RegionB_MRT_Criminals_KillShip,Treat yourself to a fight,4b340951-c7f6-49af-bcc7-9fadcecf6c8c,BP_REWARDS_HeadHuntersMercenaryShipRegionB,1,complete,48blueprints,"[{""weight"":1,""name"":""HeatSafe""},{""weight"":1,""name"":""Cryo-Star SL""},{""weight"":1,""name"":""Dominance-1 Scattergun""},{""weight"":1,""name"":""Dominance-2 Scattergun""},{""weight"":1,""name"":""Dominance-3 Scattergun""}]"
4ccf0936-33b2-4810-a345-a37bb4205018,HH_Pyro_RegionC_MRT_Criminals_KillShip,Treat yourself to a fight,de417e15-2936-497a-8f90-7a52eb2eb12a,BP_REWARDS_HeadHuntersMercenaryShipRegionC,1,complete,48blueprints,"[{""weight"":1,""name"":""VaporBlock""},{""weight"":1,""name"":""Cryo-Star SL""},{""weight"":1,""name"":""NN-13 Cannon""},{""weight"":1,""name"":""NN-14 Cannon""},{""weight"":1,""name"":""NN-15 Cannon""}]"
1f36f769-0efe-40da-8a2b-1140a4c3672a,HH_Pyro_RegionD_MRT_Criminals_KillShip,Treat yourself to a fight,14ac943a-df05-4bd8-9596-b268d7e7748b,BP_REWARDS_HeadHuntersMercenaryShipRegionD,1,complete,48blueprints,"[{""weight"":1,""name"":""SnowBlind""},{""weight"":1,""name"":""Cryo-Star SL""},{""weight"":1,""name"":""M6A Cannon""},{""weight"":1,""name"":""M7A Cannon""},{""weight"":1,""name"":""M8A Cannon""},{""weight"":1,""name"":""Singe Cannon (S1)""},{""weight"":1,""name"":""Singe Cannon (S2)""},{""weight"":1,""name"":""Singe Cannon (S3)""}]"
39b8b980-0092-46cf-83a5-0b68cd5e273f,EckhartSecurity_ShipAmbush_Nyx_Hard,Tricky Ambush,02642d19-8a53-481c-ab3e-f57a7f0dd7c7,BP_REWARDS_EckhartSecurityShipAmbushEasy,1,complete,48blueprints,"[{""weight"":1,""name"":""SonicLite""},{""weight"":1,""name"":""Cirrus""},{""weight"":1,""name"":""Lightstrike I Cannon""},{""weight"":1,""name"":""Lightstrike II Cannon""},{""weight"":1,""name"":""Lightstrike III Cannon""}]"
39b8b980-0092-46cf-83a5-0b68cd5e273f,EckhartSecurity_ShipAmbush_Nyx_Hard,Tricky Ambush,c3bc2b3e-b943-4194-911d-f70b66741103,BP_REWARDS_EckhartSecurityShipAmbushMed,1,complete,48blueprints,"[{""weight"":1,""name"":""DeltaMax""},{""weight"":1,""name"":""GammaMax""},{""weight"":1,""name"":""FL-11 Cannon""},{""weight"":1,""name"":""FL-22 Cannon""},{""weight"":1,""name"":""FL-33 Cannon""}]"
39b8b980-0092-46cf-83a5-0b68cd5e273f,EckhartSecurity_ShipAmbush_Nyx_Hard,Tricky Ambush,125d96b9-5255-4443-b825-26c69064f08d,BP_REWARDS_EckhartSecurityShipAmbushHardPlus,1,complete,48blueprints,"[{""weight"":1,""name"":""Slipstream""},{""weight"":1,""name"":""Eclipse""},{""weight"":1,""name"":""Lightstrike IV Cannon""},{""weight"":1,""name"":""Lightstrike V Cannon""},{""weight"":1,""name"":""Lightstrike VI Cannon""}]"
3b4eefca-9480-4fd6-9afa-ac5898e39414,HH_Pyro_RegionB_VH_ShadowFall_EliminateAll,Turf War,e9947de1-6160-4d62-a319-2f4693140c88,BP_MISSIONREWARD_HeadHunters_MercenaryFPS_EliminateALL_RegionAB,1,complete,blueprintmissionpools,"[{""weight"":1,""name"":""Atzkav Sniper Rifle""},{""weight"":1,""name"":""Atzkav \""Igniter\"" Sniper Rifle""},{""weight"":1,""name"":""Atzkav \""Mirage\"" Sniper Rifle""},{""weight"":1,""name"":""Calico Arms Tactical""},{""weight"":1,""name"":""Calico Core Tactical""},{""weight"":1,""name"":""Calico Legs Tactical""},{""weight"":1,""name"":""Calico Helmet Tactical""},{""weight"":1,""name"":""Atzkav Sniper Rifle Battery (8 cap)""}]"
82e38ec9-3066-4aac-9363-608a4d67383c,Refueling_Multi_Nyx_Hard,URGENT FLEET REFUEL,819a9851-9c2e-4a24-872b-b860331d32d0,BP_REWARDS_FuelNozzle,1,complete,48blueprints,"[{""weight"":1,""name"":null},{""weight"":1,""name"":null},{""weight"":1,""name"":null},{""weight"":1,""name"":null},{""weight"":1,""name"":null},{""weight"":1,""name"":null},{""weight"":1,""name"":null},{""weight"":1,""name"":null}]"
bed4ea01-87f4-444a-a50a-cb9f60c55bcf,Refueling_Multi_Nyx_Moderate,URGENT FLEET REFUEL,819a9851-9c2e-4a24-872b-b860331d32d0,BP_REWARDS_FuelNozzle,1,complete,48blueprints,"[{""weight"":1,""name"":null},{""weight"":1,""name"":null},{""weight"":1,""name"":null},{""weight"":1,""name"":null},{""weight"":1,""name"":null},{""weight"":1,""name"":null},{""weight"":1,""name"":null},{""weight"":1,""name"":null}]"
b95ac811-ec6b-4027-9294-3e1f8d9107f5,Refueling_Multi_Pyro_Hard,URGENT FLEET REFUEL,819a9851-9c2e-4a24-872b-b860331d32d0,BP_REWARDS_FuelNozzle,1,complete,48blueprints,"[{""weight"":1,""name"":null},{""weight"":1,""name"":null},{""weight"":1,""name"":null},{""weight"":1,""name"":null},{""weight"":1,""name"":null},{""weight"":1,""name"":null},{""weight"":1,""name"":null},{""weight"":1,""name"":null}]"
0d66c038-2136-4c36-8e77-e449eba8e493,Refueling_Multi_Pyro_Moderate,URGENT FLEET REFUEL,819a9851-9c2e-4a24-872b-b860331d32d0,BP_REWARDS_FuelNozzle,1,complete,48blueprints,"[{""weight"":1,""name"":null},{""weight"":1,""name"":null},{""weight"":1,""name"":null},{""weight"":1,""name"":null},{""weight"":1,""name"":null},{""weight"":1,""name"":null},{""weight"":1,""name"":null},{""weight"":1,""name"":null}]"
14910f0b-9b69-41ae-bd78-d072725b074a,Refueling_Multi_Stanton_Hard,URGENT FLEET REFUEL,819a9851-9c2e-4a24-872b-b860331d32d0,BP_REWARDS_FuelNozzle,1,complete,48blueprints,"[{""weight"":1,""name"":null},{""weight"":1,""name"":null},{""weight"":1,""name"":null},{""weight"":1,""name"":null},{""weight"":1,""name"":null},{""weight"":1,""name"":null},{""weight"":1,""name"":null},{""weight"":1,""name"":null}]"
85d17b53-5f6c-4c8b-876b-5032d998642c,Refueling_Multi_Stanton_Moderate,URGENT FLEET REFUEL,819a9851-9c2e-4a24-872b-b860331d32d0,BP_REWARDS_FuelNozzle,1,complete,48blueprints,"[{""weight"":1,""name"":null},{""weight"":1,""name"":null},{""weight"":1,""name"":null},{""weight"":1,""name"":null},{""weight"":1,""name"":null},{""weight"":1,""name"":null},{""weight"":1,""name"":null},{""weight"":1,""name"":null}]"
33944d03-1b31-4457-8717-75b36a6f0ad6,Refueling_Multi_Stanton_Super,URGENT FLEET REFUEL,819a9851-9c2e-4a24-872b-b860331d32d0,BP_REWARDS_FuelNozzle,1,complete,48blueprints,"[{""weight"":1,""name"":null},{""weight"":1,""name"":null},{""weight"":1,""name"":null},{""weight"":1,""name"":null},{""weight"":1,""name"":null},{""weight"":1,""name"":null},{""weight"":1,""name"":null},{""weight"":1,""name"":null}]"
145a74cc-fda4-4bb9-b274-c6938b32fa71,Refueling_Nyx_Moderate,URGENT REFUEL REQUEST: [SHIP],819a9851-9c2e-4a24-872b-b860331d32d0,BP_REWARDS_FuelNozzle,1,complete,48blueprints,"[{""weight"":1,""name"":null},{""weight"":1,""name"":null},{""weight"":1,""name"":null},{""weight"":1,""name"":null},{""weight"":1,""name"":null},{""weight"":1,""name"":null},{""weight"":1,""name"":null},{""weight"":1,""name"":null}]"
16cb5fd9-18c9-4ff7-a4b1-e4433c13e7ad,Refueling_Pyro_Moderate,URGENT REFUEL REQUEST: [SHIP],819a9851-9c2e-4a24-872b-b860331d32d0,BP_REWARDS_FuelNozzle,1,complete,48blueprints,"[{""weight"":1,""name"":null},{""weight"":1,""name"":null},{""weight"":1,""name"":null},{""weight"":1,""name"":null},{""weight"":1,""name"":null},{""weight"":1,""name"":null},{""weight"":1,""name"":null},{""weight"":1,""name"":null}]"
40c66c12-9f62-4fdd-a2fc-afff1ca9e406,Refueling_Stanton_Moderate,URGENT REFUEL REQUEST: [SHIP],819a9851-9c2e-4a24-872b-b860331d32d0,BP_REWARDS_FuelNozzle,1,complete,48blueprints,"[{""weight"":1,""name"":null},{""weight"":1,""name"":null},{""weight"":1,""name"":null},{""weight"":1,""name"":null},{""weight"":1,""name"":null},{""weight"":1,""name"":null},{""weight"":1,""name"":null},{""weight"":1,""name"":null}]"
27804bcd-eadd-4b75-ad00-ce4fd5450ec8,BountyHuntersGuild_Bounty_Nyx_Easy,Verified Bounty: [TARGET],e52bf354-8918-474d-987e-55c01bfecdd3,BP_MISSIONREWARD_RDC_Generic,1,complete,blueprintmissionpools,"[{""weight"":1,""name"":""R97 Shotgun""},{""weight"":1,""name"":""Monde Arms""},{""weight"":1,""name"":""Monde Core""},{""weight"":1,""name"":""Monde Legs""},{""weight"":1,""name"":""Monde Helmet""},{""weight"":1,""name"":""Monde Arms Hiro""},{""weight"":1,""name"":""Monde Core Hiro""},{""weight"":1,""name"":""Monde Legs Hiro""},{""weight"":1,""name"":""Monde Helmet Hiro""},{""weight"":1,""name"":""R97 Shotgun Magazine (18 cap)""}]"
539de750-ba46-4986-b4f4-9780c45f6f07,BountyHuntersGuild_Bounty_Nyx_Hard,Verified Bounty: [TARGET],e52bf354-8918-474d-987e-55c01bfecdd3,BP_MISSIONREWARD_RDC_Generic,1,complete,blueprintmissionpools,"[{""weight"":1,""name"":""R97 Shotgun""},{""weight"":1,""name"":""Monde Arms""},{""weight"":1,""name"":""Monde Core""},{""weight"":1,""name"":""Monde Legs""},{""weight"":1,""name"":""Monde Helmet""},{""weight"":1,""name"":""Monde Arms Hiro""},{""weight"":1,""name"":""Monde Core Hiro""},{""weight"":1,""name"":""Monde Legs Hiro""},{""weight"":1,""name"":""Monde Helmet Hiro""},{""weight"":1,""name"":""R97 Shotgun Magazine (18 cap)""}]"
d925834f-cacf-4445-bf91-cc5fc08cf6f8,BountyHuntersGuild_Bounty_Nyx_Medium,Verified Bounty: [TARGET],e52bf354-8918-474d-987e-55c01bfecdd3,BP_MISSIONREWARD_RDC_Generic,1,complete,blueprintmissionpools,"[{""weight"":1,""name"":""R97 Shotgun""},{""weight"":1,""name"":""Monde Arms""},{""weight"":1,""name"":""Monde Core""},{""weight"":1,""name"":""Monde Legs""},{""weight"":1,""name"":""Monde Helmet""},{""weight"":1,""name"":""Monde Arms Hiro""},{""weight"":1,""name"":""Monde Core Hiro""},{""weight"":1,""name"":""Monde Legs Hiro""},{""weight"":1,""name"":""Monde Helmet Hiro""},{""weight"":1,""name"":""R97 Shotgun Magazine (18 cap)""}]"
44d85e9e-b93a-4488-9273-61c3445ab4aa,BountyHuntersGuild_Bounty_Nyx_Super,Verified Bounty: [TARGET],e52bf354-8918-474d-987e-55c01bfecdd3,BP_MISSIONREWARD_RDC_Generic,1,complete,blueprintmissionpools,"[{""weight"":1,""name"":""R97 Shotgun""},{""weight"":1,""name"":""Monde Arms""},{""weight"":1,""name"":""Monde Core""},{""weight"":1,""name"":""Monde Legs""},{""weight"":1,""name"":""Monde Helmet""},{""weight"":1,""name"":""Monde Arms Hiro""},{""weight"":1,""name"":""Monde Core Hiro""},{""weight"":1,""name"":""Monde Legs Hiro""},{""weight"":1,""name"":""Monde Helmet Hiro""},{""weight"":1,""name"":""R97 Shotgun Magazine (18 cap)""}]"
8794972a-d90e-4549-8dfb-aaf80592231a,BountyHuntersGuild_Bounty_Nyx_VeryEasy,Verified Bounty: [TARGET],e52bf354-8918-474d-987e-55c01bfecdd3,BP_MISSIONREWARD_RDC_Generic,1,complete,blueprintmissionpools,"[{""weight"":1,""name"":""R97 Shotgun""},{""weight"":1,""name"":""Monde Arms""},{""weight"":1,""name"":""Monde Core""},{""weight"":1,""name"":""Monde Legs""},{""weight"":1,""name"":""Monde Helmet""},{""weight"":1,""name"":""Monde Arms Hiro""},{""weight"":1,""name"":""Monde Core Hiro""},{""weight"":1,""name"":""Monde Legs Hiro""},{""weight"":1,""name"":""Monde Helmet Hiro""},{""weight"":1,""name"":""R97 Shotgun Magazine (18 cap)""}]"
44616d84-c549-4c9f-b967-573b035c3c3e,BountyHuntersGuild_Bounty_Nyx_VeryHard,Verified Bounty: [TARGET],e52bf354-8918-474d-987e-55c01bfecdd3,BP_MISSIONREWARD_RDC_Generic,1,complete,blueprintmissionpools,"[{""weight"":1,""name"":""R97 Shotgun""},{""weight"":1,""name"":""Monde Arms""},{""weight"":1,""name"":""Monde Core""},{""weight"":1,""name"":""Monde Legs""},{""weight"":1,""name"":""Monde Helmet""},{""weight"":1,""name"":""Monde Arms Hiro""},{""weight"":1,""name"":""Monde Core Hiro""},{""weight"":1,""name"":""Monde Legs Hiro""},{""weight"":1,""name"":""Monde Helmet Hiro""},{""weight"":1,""name"":""R97 Shotgun Magazine (18 cap)""}]"
ccdb8a76-4772-4292-ab9f-ac5696d3d483,BHG_ASDFacilityDelving_EngineeringWing_EliminateSpecific,Verified Bounty: [TARGET] at [LOCATION],f14e629c-3346-4ca8-9204-df523ae54822,BP_MISSIONREWARD_BHG_ASDFacilityDelving_EngineeringWing_EliminateSpecific,1,complete,blueprintmissionpools,"[{""weight"":1,""name"":""Palatino Arms Sunstone""},{""weight"":1,""name"":""Palatino Core Sunstone""},{""weight"":1,""name"":""Palatino Legs Sunstone""},{""weight"":1,""name"":""Palatino Helmet Sunstone""}]"
811dbf1b-f021-4809-96ff-77fe8002b8e5,BHG_ASDFacilityDelving_ResearchWing_EliminateSpecific,Verified Bounty: [TARGET] at [LOCATION],6d549de3-21d6-4c46-ba89-2970a4cf7286,BP_MISSIONREWARD_BHG_ASDFacilityDelving_ResearchWing_EliminateSpecific,1,complete,blueprintmissionpools,"[{""weight"":1,""name"":""Palatino Arms Metropolis""},{""weight"":1,""name"":""Palatino Core Metropolis""},{""weight"":1,""name"":""Palatino Legs Metropolis""},{""weight"":1,""name"":""Palatino Helmet Metropolis""},{""weight"":1,""name"":""Palatino Arms Daystar""},{""weight"":1,""name"":""Palatino Core Daystar""},{""weight"":1,""name"":""Palatino Legs Daystar""},{""weight"":1,""name"":""Palatino Helmet Daystar""}]"
ccd48707-050e-4f79-ac7f-e6008e1e91ed,BHG_Rockcracker_Power_EliminateSpecific,Verified Bounty: [TARGET] at QV Breaker Station,e52bf354-8918-474d-987e-55c01bfecdd3,BP_MISSIONREWARD_RDC_Generic,1,complete,blueprintmissionpools,"[{""weight"":1,""name"":""R97 Shotgun""},{""weight"":1,""name"":""Monde Arms""},{""weight"":1,""name"":""Monde Core""},{""weight"":1,""name"":""Monde Legs""},{""weight"":1,""name"":""Monde Helmet""},{""weight"":1,""name"":""Monde Arms Hiro""},{""weight"":1,""name"":""Monde Core Hiro""},{""weight"":1,""name"":""Monde Legs Hiro""},{""weight"":1,""name"":""Monde Helmet Hiro""},{""weight"":1,""name"":""R97 Shotgun Magazine (18 cap)""}]"
128d40e5-6bcb-4503-bb60-45ac58c634fb,BHG_Rockcracker_Zone1_EliminateSpecific,Verified Bounty: [TARGET] at QV Breaker Station,e52bf354-8918-474d-987e-55c01bfecdd3,BP_MISSIONREWARD_RDC_Generic,1,complete,blueprintmissionpools,"[{""weight"":1,""name"":""R97 Shotgun""},{""weight"":1,""name"":""Monde Arms""},{""weight"":1,""name"":""Monde Core""},{""weight"":1,""name"":""Monde Legs""},{""weight"":1,""name"":""Monde Helmet""},{""weight"":1,""name"":""Monde Arms Hiro""},{""weight"":1,""name"":""Monde Core Hiro""},{""weight"":1,""name"":""Monde Legs Hiro""},{""weight"":1,""name"":""Monde Helmet Hiro""},{""weight"":1,""name"":""R97 Shotgun Magazine (18 cap)""}]"
f0ff85a8-ee91-4ffb-8f9c-bcaf9d97acdb,BHG_Rockcracker_Zone2_EliminateSpecific,Verified Bounty: [TARGET] at QV Breaker Station,e52bf354-8918-474d-987e-55c01bfecdd3,BP_MISSIONREWARD_RDC_Generic,1,complete,blueprintmissionpools,"[{""weight"":1,""name"":""R97 Shotgun""},{""weight"":1,""name"":""Monde Arms""},{""weight"":1,""name"":""Monde Core""},{""weight"":1,""name"":""Monde Legs""},{""weight"":1,""name"":""Monde Helmet""},{""weight"":1,""name"":""Monde Arms Hiro""},{""weight"":1,""name"":""Monde Core Hiro""},{""weight"":1,""name"":""Monde Legs Hiro""},{""weight"":1,""name"":""Monde Helmet Hiro""},{""weight"":1,""name"":""R97 Shotgun Magazine (18 cap)""}]"
b7e2fdb1-cb2b-4608-ac51-f396d7b62814,BountyHuntersGuild_Bounty_Nyx_Rehire,"Verified Bounty: [TARGET] | Very Low-Risk Target (Single Seater Craft, Minimal Support)",e52bf354-8918-474d-987e-55c01bfecdd3,BP_MISSIONREWARD_RDC_Generic,1,complete,blueprintmissionpools,"[{""weight"":1,""name"":""R97 Shotgun""},{""weight"":1,""name"":""Monde Arms""},{""weight"":1,""name"":""Monde Core""},{""weight"":1,""name"":""Monde Legs""},{""weight"":1,""name"":""Monde Helmet""},{""weight"":1,""name"":""Monde Arms Hiro""},{""weight"":1,""name"":""Monde Core Hiro""},{""weight"":1,""name"":""Monde Legs Hiro""},{""weight"":1,""name"":""Monde Helmet Hiro""},{""weight"":1,""name"":""R97 Shotgun Magazine (18 cap)""}]"
740afbe2-c8a2-442e-b9dc-3261c33f0851,EckhartSecurity_EscortShips_Nyx_Hard,VIP Client Needs Protection,0624864b-bb2d-4dd3-87cb-3b9599285fbe,BP_REWARDS_EckhartSecurityEscortShipsHardPlus,1,complete,48blueprints,"[{""weight"":1,""name"":""Havoc Scattergun""},{""weight"":1,""name"":""Hellion Scattergun""},{""weight"":1,""name"":""Predator Scattergun""},{""weight"":1,""name"":""Mirage""},{""weight"":1,""name"":""Umbra""},{""weight"":1,""name"":""Quarreler Cannon""}]"
740afbe2-c8a2-442e-b9dc-3261c33f0851,EckhartSecurity_EscortShips_Nyx_Hard,VIP Client Needs Protection,65744944-bca2-4467-aa8e-9a948b13a6b0,BP_REWARDS_EckhartSecurityEscortShipsMed,1,complete,48blueprints,"[{""weight"":1,""name"":""Veil""},{""weight"":1,""name"":""Sheut""},{""weight"":1,""name"":""Suckerpunch Cannon""},{""weight"":1,""name"":""Suckerpunch-L Cannon""},{""weight"":1,""name"":""Suckerpunch-XL Cannon""}]"
740afbe2-c8a2-442e-b9dc-3261c33f0851,EckhartSecurity_EscortShips_Nyx_Hard,VIP Client Needs Protection,7d0ecc93-a6e0-4096-acdc-dcc7969e6b96,BP_REWARDS_EckhartSecurityEscortShipsEasy,1,complete,48blueprints,"[{""weight"":1,""name"":""Shimmer""},{""weight"":1,""name"":""Obscura""},{""weight"":1,""name"":""M3A Cannon""},{""weight"":1,""name"":""M4A Cannon""},{""weight"":1,""name"":""M5A Cannon""}]"
9c39b45d-0824-40af-adf0-f4ea54617ced,Rayari_Rank1_Gems_Multi,Vital Resources Needed For Research,7c495074-f31a-4f52-bde2-c912b183ac81,BP_MISSIONREWARD_Rayari_RecoverItem_HathorLoot,0.25,complete,blueprintmissionpools,"[{""weight"":1,""name"":""Pulse Laser Pistol""},{""weight"":1,""name"":""Pulse \""Blacklist\"" Pistol""},{""weight"":1,""name"":""Pulse \""Rouge\"" Pistol""},{""weight"":1,""name"":""Quartz Energy SMG""},{""weight"":1,""name"":""Quartz \""Deadfall\"" Energy SMG""},{""weight"":1,""name"":""Quartz \""Black Op\"" Energy SMG""},{""weight"":1,""name"":""Quartz \""Lumen\"" Energy SMG""},{""weight"":1,""name"":""Quartz Energy SMG Battery (45 cap)""},{""weight"":1,""name"":""Pulse Laser Pistol Battery (60 Cap)""}]"
67855b20-0a46-4464-87c1-bc6fcbf412ce,HH_Pyro_RegionA_Rank0_VLRT_Criminals_KillShip,Wanna be a Headhunter?,0e810eae-7b66-45aa-a18f-ffc1aae15585,BP_REWARDS_HeadHuntersMercenaryShipRegionA,1,complete,48blueprints,"[{""weight"":1,""name"":""9-Series Longsword Cannon""},{""weight"":1,""name"":""10-Series Greatsword Cannon""},{""weight"":1,""name"":""11-Series Broadsword Cannon""},{""weight"":1,""name"":""Sledge I Mass Driver Cannon""},{""weight"":1,""name"":""Strife Mass Driver Cannon""},{""weight"":1,""name"":""Sledge II Mass Driver Cannon""},{""weight"":1,""name"":""Sledge III Mass Driver Cannon""}]"
7c309093-37d7-421f-91d5-609a2d16e240,HH_Pyro_RegionB_Rank0_VLRT_Criminals_KillShip,Wanna be a Headhunter?,4b340951-c7f6-49af-bcc7-9fadcecf6c8c,BP_REWARDS_HeadHuntersMercenaryShipRegionB,1,complete,48blueprints,"[{""weight"":1,""name"":""HeatSafe""},{""weight"":1,""name"":""Cryo-Star SL""},{""weight"":1,""name"":""Dominance-1 Scattergun""},{""weight"":1,""name"":""Dominance-2 Scattergun""},{""weight"":1,""name"":""Dominance-3 Scattergun""}]"
f47f6cdf-86a9-4d36-8261-fba9ec217541,HH_Pyro_RegionC_Rank0_VLRT_Criminals_KillShip,Wanna be a Headhunter?,de417e15-2936-497a-8f90-7a52eb2eb12a,BP_REWARDS_HeadHuntersMercenaryShipRegionC,1,complete,48blueprints,"[{""weight"":1,""name"":""VaporBlock""},{""weight"":1,""name"":""Cryo-Star SL""},{""weight"":1,""name"":""NN-13 Cannon""},{""weight"":1,""name"":""NN-14 Cannon""},{""weight"":1,""name"":""NN-15 Cannon""}]"
b1f24137-188f-41cd-9e9f-11fbfad8b757,HH_Pyro_RegionD_Rank0_VLRT_Criminals_KillShip,Wanna be a Headhunter?,14ac943a-df05-4bd8-9596-b268d7e7748b,BP_REWARDS_HeadHuntersMercenaryShipRegionD,1,complete,48blueprints,"[{""weight"":1,""name"":""SnowBlind""},{""weight"":1,""name"":""Cryo-Star SL""},{""weight"":1,""name"":""M6A Cannon""},{""weight"":1,""name"":""M7A Cannon""},{""weight"":1,""name"":""M8A Cannon""},{""weight"":1,""name"":""Singe Cannon (S1)""},{""weight"":1,""name"":""Singe Cannon (S2)""},{""weight"":1,""name"":""Singe Cannon (S3)""}]"
f2b6ac4d-2cc7-44b8-a798-8d6feda8d174,HH_Pyro_RegionA_HRT_Criminals_KillShip,Wanted: [TARGET],0e810eae-7b66-45aa-a18f-ffc1aae15585,BP_REWARDS_HeadHuntersMercenaryShipRegionA,1,complete,48blueprints,"[{""weight"":1,""name"":""9-Series Longsword Cannon""},{""weight"":1,""name"":""10-Series Greatsword Cannon""},{""weight"":1,""name"":""11-Series Broadsword Cannon""},{""weight"":1,""name"":""Sledge I Mass Driver Cannon""},{""weight"":1,""name"":""Strife Mass Driver Cannon""},{""weight"":1,""name"":""Sledge II Mass Driver Cannon""},{""weight"":1,""name"":""Sledge III Mass Driver Cannon""}]"
ead7c561-656b-415f-bacd-d16795d2fe82,HH_Pyro_RegionB_HRT_Criminals_KillShip,Wanted: [TARGET],4b340951-c7f6-49af-bcc7-9fadcecf6c8c,BP_REWARDS_HeadHuntersMercenaryShipRegionB,1,complete,48blueprints,"[{""weight"":1,""name"":""HeatSafe""},{""weight"":1,""name"":""Cryo-Star SL""},{""weight"":1,""name"":""Dominance-1 Scattergun""},{""weight"":1,""name"":""Dominance-2 Scattergun""},{""weight"":1,""name"":""Dominance-3 Scattergun""}]"
bb8df7e6-c453-4320-8f48-0e7bd6eb5a07,HH_Pyro_RegionB_VH_ShadowFall_EliminateSpecific,Wanted: [TARGET],f05fa898-1580-4ce3-95e2-8f5c4a1d1891,BP_MISSIONREWARD_HeadHunters_MercenaryFPS_EliminateSpecific_RegionAB,1,complete,blueprintmissionpools,"[{""weight"":1,""name"":""Scalpel Sniper Rifle""},{""weight"":1,""name"":""Coda Pistol""},{""weight"":1,""name"":""Coda \""Nighthawk\"" Pistol""},{""weight"":1,""name"":""Coda \""Big Boss\"" Pistol""},{""weight"":1,""name"":""Morozov-SH Arms""},{""weight"":1,""name"":""Morozov-SH Core""},{""weight"":1,""name"":""Morozov-SH Legs""},{""weight"":1,""name"":""Morozov-SH Helmet""},{""weight"":1,""name"":""Scalpel Sniper Rifle Magazine (12 cap)""},{""weight"":1,""name"":""Coda Pistol Magazine (6 cap)""}]"
0f7184eb-c4c8-4a67-8d31-6cd2d8755ff1,HH_Pyro_RegionC_HRT_Criminals_KillShip,Wanted: [TARGET],de417e15-2936-497a-8f90-7a52eb2eb12a,BP_REWARDS_HeadHuntersMercenaryShipRegionC,1,complete,48blueprints,"[{""weight"":1,""name"":""VaporBlock""},{""weight"":1,""name"":""Cryo-Star SL""},{""weight"":1,""name"":""NN-13 Cannon""},{""weight"":1,""name"":""NN-14 Cannon""},{""weight"":1,""name"":""NN-15 Cannon""}]"
e1bdc963-67b3-413a-b4aa-0992494428b2,HH_Pyro_RegionD_HRT_Criminals_KillShip,Wanted: [TARGET],14ac943a-df05-4bd8-9596-b268d7e7748b,BP_REWARDS_HeadHuntersMercenaryShipRegionD,1,complete,48blueprints,"[{""weight"":1,""name"":""SnowBlind""},{""weight"":1,""name"":""Cryo-Star SL""},{""weight"":1,""name"":""M6A Cannon""},{""weight"":1,""name"":""M7A Cannon""},{""weight"":1,""name"":""M8A Cannon""},{""weight"":1,""name"":""Singe Cannon (S1)""},{""weight"":1,""name"":""Singe Cannon (S2)""},{""weight"":1,""name"":""Singe Cannon (S3)""}]"
eba43047-2676-45bc-9ce0-1bf0b0dcb477,HH_Pyro_RegionB_H_XTXSOutposts_EliminateSpecific,XenoThreat Lieutenant needs some killing,f05fa898-1580-4ce3-95e2-8f5c4a1d1891,BP_MISSIONREWARD_HeadHunters_MercenaryFPS_EliminateSpecific_RegionAB,1,complete,blueprintmissionpools,"[{""weight"":1,""name"":""Scalpel Sniper Rifle""},{""weight"":1,""name"":""Coda Pistol""},{""weight"":1,""name"":""Coda \""Nighthawk\"" Pistol""},{""weight"":1,""name"":""Coda \""Big Boss\"" Pistol""},{""weight"":1,""name"":""Morozov-SH Arms""},{""weight"":1,""name"":""Morozov-SH Core""},{""weight"":1,""name"":""Morozov-SH Legs""},{""weight"":1,""name"":""Morozov-SH Helmet""},{""weight"":1,""name"":""Scalpel Sniper Rifle Magazine (12 cap)""},{""weight"":1,""name"":""Coda Pistol Magazine (6 cap)""}]"
b0f04a54-0cd4-4aff-b711-0f803f0bee7a,Shubin_RG_Discovery_FPSMine_Pyro/Nyx_Rank3_LowQuantity_Jacli_Saldy,XL Purchase Order: Hand Mined Materials,5e79204c-6d26-4ddb-95c8-6940028e4d89,BP_MISSIONREWARD_Shubin_ResourceGathering_FPSMining_Pyro,1,complete,blueprintmissionpools,"[{""weight"":1,""name"":""Arclight \""Herrero\"" Pistol""},{""weight"":1,""name"":""Arclight \""Desert Shadow\"" Pistol""},{""weight"":1,""name"":""Pembroke Exploration Suit""},{""weight"":1,""name"":""Pembroke Helmet""},{""weight"":1,""name"":""Novikov Exploration Suit""},{""weight"":1,""name"":""Novikov Helmet""},{""weight"":1,""name"":""Arclight Pistol Battery (30 cap)""}]"
32ef02f5-3a3d-416f-a9b2-6e07b3a7ca53,Shubin_RG_Discovery_FPSMine_Pyro_Rank3_HighQuantity_Apho_Had,XL Purchase Order: Hand Mined Materials,5e79204c-6d26-4ddb-95c8-6940028e4d89,BP_MISSIONREWARD_Shubin_ResourceGathering_FPSMining_Pyro,1,complete,blueprintmissionpools,"[{""weight"":1,""name"":""Arclight \""Herrero\"" Pistol""},{""weight"":1,""name"":""Arclight \""Desert Shadow\"" Pistol""},{""weight"":1,""name"":""Pembroke Exploration Suit""},{""weight"":1,""name"":""Pembroke Helmet""},{""weight"":1,""name"":""Novikov Exploration Suit""},{""weight"":1,""name"":""Novikov Helmet""},{""weight"":1,""name"":""Arclight Pistol Battery (30 cap)""}]"
fa7fdb50-bc3c-4dc1-81bf-62eaebbd1d35,Shubin_RG_Discovery_FPSMine_Stanton_Rank3_LowQuantity_Jacli_Saldy,XL Purchase Order: Hand Mined Materials,ebe453ce-10cc-4811-8c68-217c5fecb79e,BP_MISSIONREWARD_Shubin_ResourceGathering_FPSMining_Stanton,1,complete,blueprintmissionpools,"[{""weight"":1,""name"":""Arclight \""Midnight\"" Pistol""},{""weight"":1,""name"":""Strata Arms""},{""weight"":1,""name"":""Strata Core""},{""weight"":1,""name"":""Strata Legs""},{""weight"":1,""name"":""Strata Helmet Shooting Star""},{""weight"":1,""name"":""Arclight Pistol Battery (30 cap)""}]"
d3099447-1935-4d10-9217-0b45493f7ba9,Shubin_RG_Discovery_ShipMining_Nyx_Bexalite,XL Purchase Order: Ship Mined Ore,c2bd6ae6-c4a1-4fb1-8421-bd2979f39f77,BP_MISSIONREWARD_Shubin_ResourceGathering_ShipMining_PyroNyx,1,complete,blueprintmissionpools,"[{""weight"":1,""name"":""Arclight \""Stormfall\"" Pistol""},{""weight"":1,""name"":""Arclight Pistol""},{""weight"":1,""name"":""Venture Arms""},{""weight"":1,""name"":""Venture Core""},{""weight"":1,""name"":""Venture Legs""},{""weight"":1,""name"":""Horizon Helmet""},{""weight"":1,""name"":""Arclight Pistol Battery (30 cap)""}]"
d3099447-1935-4d10-9217-0b45493f7ba9,Shubin_RG_Discovery_ShipMining_Nyx_Bexalite,XL Purchase Order: Ship Mined Ore,e3254ad6-ef4d-4719-871f-f13a832038f5,BP_REWARDS_ShubinRank4,1,complete,48blueprints,"[{""weight"":1,""name"":""Arbor MH2 Mining Laser""},{""weight"":1,""name"":""Lancet MH2 Mining Laser""},{""weight"":1,""name"":""Hofstede-S2 Mining Laser""},{""weight"":1,""name"":""Klein-S2 Mining Laser""},{""weight"":1,""name"":""Helix II Mining Laser""},{""weight"":1,""name"":""Impact II Mining Laser""},{""weight"":1,""name"":""FullSpec-Go""},{""weight"":1,""name"":""FullSpec""},{""weight"":1,""name"":""FullSpec-Max""}]"
d3099447-1935-4d10-9217-0b45493f7ba9,Shubin_RG_Discovery_ShipMining_Nyx_Bexalite,XL Purchase Order: Ship Mined Ore,253e9697-5605-4732-b4fa-56af7a3dc140,BP_REWARDS_ShubinRank0to1,1,complete,48blueprints,"[{""weight"":1,""name"":""Arbor MHV Mining Laser""},{""weight"":1,""name"":""S00 Hofstede""},{""weight"":1,""name"":""Lawson Mining Laser""},{""weight"":1,""name"":""S0 Helix""},{""weight"":1,""name"":""Surveyor-Go""},{""weight"":1,""name"":""Surveyor-Lite""},{""weight"":1,""name"":""Surveyor""},{""weight"":1,""name"":""Surveyor-Max""}]"
d3099447-1935-4d10-9217-0b45493f7ba9,Shubin_RG_Discovery_ShipMining_Nyx_Bexalite,XL Purchase Order: Ship Mined Ore,32463294-45d5-4e92-a773-dce1f28a2a2b,BP_REWARDS_ShubinRank2to3,1,complete,48blueprints,"[{""weight"":1,""name"":""Pitman Mining Laser""},{""weight"":1,""name"":""Hofstede-S1 Mining Laser""},{""weight"":1,""name"":""Klein-S1 Mining Laser""},{""weight"":1,""name"":""Helix I Mining Laser""},{""weight"":1,""name"":""Impact I Mining Laser""},{""weight"":1,""name"":""Arbor MH1 Mining Laser""},{""weight"":1,""name"":""Lancet MH1 Mining Laser""},{""weight"":1,""name"":""BroadSpec-Go""},{""weight"":1,""name"":""BroadSpec""},{""weight"":1,""name"":""BroadSpec""},{""weight"":1,""name"":""BroadSpec-Max""}]"
bd6ca59b-bc7e-4314-a42b-5ce854769eae,Shubin_RG_Discovery_ShipMining_Nyx_Copper_Borase,XL Purchase Order: Ship Mined Ore,c2bd6ae6-c4a1-4fb1-8421-bd2979f39f77,BP_MISSIONREWARD_Shubin_ResourceGathering_ShipMining_PyroNyx,1,complete,blueprintmissionpools,"[{""weight"":1,""name"":""Arclight \""Stormfall\"" Pistol""},{""weight"":1,""name"":""Arclight Pistol""},{""weight"":1,""name"":""Venture Arms""},{""weight"":1,""name"":""Venture Core""},{""weight"":1,""name"":""Venture Legs""},{""weight"":1,""name"":""Horizon Helmet""},{""weight"":1,""name"":""Arclight Pistol Battery (30 cap)""}]"
bd6ca59b-bc7e-4314-a42b-5ce854769eae,Shubin_RG_Discovery_ShipMining_Nyx_Copper_Borase,XL Purchase Order: Ship Mined Ore,e3254ad6-ef4d-4719-871f-f13a832038f5,BP_REWARDS_ShubinRank4,1,complete,48blueprints,"[{""weight"":1,""name"":""Arbor MH2 Mining Laser""},{""weight"":1,""name"":""Lancet MH2 Mining Laser""},{""weight"":1,""name"":""Hofstede-S2 Mining Laser""},{""weight"":1,""name"":""Klein-S2 Mining Laser""},{""weight"":1,""name"":""Helix II Mining Laser""},{""weight"":1,""name"":""Impact II Mining Laser""},{""weight"":1,""name"":""FullSpec-Go""},{""weight"":1,""name"":""FullSpec""},{""weight"":1,""name"":""FullSpec-Max""}]"
bd6ca59b-bc7e-4314-a42b-5ce854769eae,Shubin_RG_Discovery_ShipMining_Nyx_Copper_Borase,XL Purchase Order: Ship Mined Ore,253e9697-5605-4732-b4fa-56af7a3dc140,BP_REWARDS_ShubinRank0to1,1,complete,48blueprints,"[{""weight"":1,""name"":""Arbor MHV Mining Laser""},{""weight"":1,""name"":""S00 Hofstede""},{""weight"":1,""name"":""Lawson Mining Laser""},{""weight"":1,""name"":""S0 Helix""},{""weight"":1,""name"":""Surveyor-Go""},{""weight"":1,""name"":""Surveyor-Lite""},{""weight"":1,""name"":""Surveyor""},{""weight"":1,""name"":""Surveyor-Max""}]"
bd6ca59b-bc7e-4314-a42b-5ce854769eae,Shubin_RG_Discovery_ShipMining_Nyx_Copper_Borase,XL Purchase Order: Ship Mined Ore,32463294-45d5-4e92-a773-dce1f28a2a2b,BP_REWARDS_ShubinRank2to3,1,complete,48blueprints,"[{""weight"":1,""name"":""Pitman Mining Laser""},{""weight"":1,""name"":""Hofstede-S1 Mining Laser""},{""weight"":1,""name"":""Klein-S1 Mining Laser""},{""weight"":1,""name"":""Helix I Mining Laser""},{""weight"":1,""name"":""Impact I Mining Laser""},{""weight"":1,""name"":""Arbor MH1 Mining Laser""},{""weight"":1,""name"":""Lancet MH1 Mining Laser""},{""weight"":1,""name"":""BroadSpec-Go""},{""weight"":1,""name"":""BroadSpec""},{""weight"":1,""name"":""BroadSpec""},{""weight"":1,""name"":""BroadSpec-Max""}]"
c3ad1f55-cc47-46a3-8d02-fda7a75cd26c,Shubin_RG_Discovery_ShipMining_Nyx_Gold,XL Purchase Order: Ship Mined Ore,c2bd6ae6-c4a1-4fb1-8421-bd2979f39f77,BP_MISSIONREWARD_Shubin_ResourceGathering_ShipMining_PyroNyx,1,complete,blueprintmissionpools,"[{""weight"":1,""name"":""Arclight \""Stormfall\"" Pistol""},{""weight"":1,""name"":""Arclight Pistol""},{""weight"":1,""name"":""Venture Arms""},{""weight"":1,""name"":""Venture Core""},{""weight"":1,""name"":""Venture Legs""},{""weight"":1,""name"":""Horizon Helmet""},{""weight"":1,""name"":""Arclight Pistol Battery (30 cap)""}]"
c3ad1f55-cc47-46a3-8d02-fda7a75cd26c,Shubin_RG_Discovery_ShipMining_Nyx_Gold,XL Purchase Order: Ship Mined Ore,e3254ad6-ef4d-4719-871f-f13a832038f5,BP_REWARDS_ShubinRank4,1,complete,48blueprints,"[{""weight"":1,""name"":""Arbor MH2 Mining Laser""},{""weight"":1,""name"":""Lancet MH2 Mining Laser""},{""weight"":1,""name"":""Hofstede-S2 Mining Laser""},{""weight"":1,""name"":""Klein-S2 Mining Laser""},{""weight"":1,""name"":""Helix II Mining Laser""},{""weight"":1,""name"":""Impact II Mining Laser""},{""weight"":1,""name"":""FullSpec-Go""},{""weight"":1,""name"":""FullSpec""},{""weight"":1,""name"":""FullSpec-Max""}]"
c3ad1f55-cc47-46a3-8d02-fda7a75cd26c,Shubin_RG_Discovery_ShipMining_Nyx_Gold,XL Purchase Order: Ship Mined Ore,253e9697-5605-4732-b4fa-56af7a3dc140,BP_REWARDS_ShubinRank0to1,1,complete,48blueprints,"[{""weight"":1,""name"":""Arbor MHV Mining Laser""},{""weight"":1,""name"":""S00 Hofstede""},{""weight"":1,""name"":""Lawson Mining Laser""},{""weight"":1,""name"":""S0 Helix""},{""weight"":1,""name"":""Surveyor-Go""},{""weight"":1,""name"":""Surveyor-Lite""},{""weight"":1,""name"":""Surveyor""},{""weight"":1,""name"":""Surveyor-Max""}]"
c3ad1f55-cc47-46a3-8d02-fda7a75cd26c,Shubin_RG_Discovery_ShipMining_Nyx_Gold,XL Purchase Order: Ship Mined Ore,32463294-45d5-4e92-a773-dce1f28a2a2b,BP_REWARDS_ShubinRank2to3,1,complete,48blueprints,"[{""weight"":1,""name"":""Pitman Mining Laser""},{""weight"":1,""name"":""Hofstede-S1 Mining Laser""},{""weight"":1,""name"":""Klein-S1 Mining Laser""},{""weight"":1,""name"":""Helix I Mining Laser""},{""weight"":1,""name"":""Impact I Mining Laser""},{""weight"":1,""name"":""Arbor MH1 Mining Laser""},{""weight"":1,""name"":""Lancet MH1 Mining Laser""},{""weight"":1,""name"":""BroadSpec-Go""},{""weight"":1,""name"":""BroadSpec""},{""weight"":1,""name"":""BroadSpec""},{""weight"":1,""name"":""BroadSpec-Max""}]"
bb171760-dd52-4cfe-8c3b-6ed7051f351e,Shubin_RG_Discovery_ShipMining_Nyx_Iron_Beryl,XL Purchase Order: Ship Mined Ore,c2bd6ae6-c4a1-4fb1-8421-bd2979f39f77,BP_MISSIONREWARD_Shubin_ResourceGathering_ShipMining_PyroNyx,1,complete,blueprintmissionpools,"[{""weight"":1,""name"":""Arclight \""Stormfall\"" Pistol""},{""weight"":1,""name"":""Arclight Pistol""},{""weight"":1,""name"":""Venture Arms""},{""weight"":1,""name"":""Venture Core""},{""weight"":1,""name"":""Venture Legs""},{""weight"":1,""name"":""Horizon Helmet""},{""weight"":1,""name"":""Arclight Pistol Battery (30 cap)""}]"
bb171760-dd52-4cfe-8c3b-6ed7051f351e,Shubin_RG_Discovery_ShipMining_Nyx_Iron_Beryl,XL Purchase Order: Ship Mined Ore,e3254ad6-ef4d-4719-871f-f13a832038f5,BP_REWARDS_ShubinRank4,1,complete,48blueprints,"[{""weight"":1,""name"":""Arbor MH2 Mining Laser""},{""weight"":1,""name"":""Lancet MH2 Mining Laser""},{""weight"":1,""name"":""Hofstede-S2 Mining Laser""},{""weight"":1,""name"":""Klein-S2 Mining Laser""},{""weight"":1,""name"":""Helix II Mining Laser""},{""weight"":1,""name"":""Impact II Mining Laser""},{""weight"":1,""name"":""FullSpec-Go""},{""weight"":1,""name"":""FullSpec""},{""weight"":1,""name"":""FullSpec-Max""}]"
bb171760-dd52-4cfe-8c3b-6ed7051f351e,Shubin_RG_Discovery_ShipMining_Nyx_Iron_Beryl,XL Purchase Order: Ship Mined Ore,253e9697-5605-4732-b4fa-56af7a3dc140,BP_REWARDS_ShubinRank0to1,1,complete,48blueprints,"[{""weight"":1,""name"":""Arbor MHV Mining Laser""},{""weight"":1,""name"":""S00 Hofstede""},{""weight"":1,""name"":""Lawson Mining Laser""},{""weight"":1,""name"":""S0 Helix""},{""weight"":1,""name"":""Surveyor-Go""},{""weight"":1,""name"":""Surveyor-Lite""},{""weight"":1,""name"":""Surveyor""},{""weight"":1,""name"":""Surveyor-Max""}]"
bb171760-dd52-4cfe-8c3b-6ed7051f351e,Shubin_RG_Discovery_ShipMining_Nyx_Iron_Beryl,XL Purchase Order: Ship Mined Ore,32463294-45d5-4e92-a773-dce1f28a2a2b,BP_REWARDS_ShubinRank2to3,1,complete,48blueprints,"[{""weight"":1,""name"":""Pitman Mining Laser""},{""weight"":1,""name"":""Hofstede-S1 Mining Laser""},{""weight"":1,""name"":""Klein-S1 Mining Laser""},{""weight"":1,""name"":""Helix I Mining Laser""},{""weight"":1,""name"":""Impact I Mining Laser""},{""weight"":1,""name"":""Arbor MH1 Mining Laser""},{""weight"":1,""name"":""Lancet MH1 Mining Laser""},{""weight"":1,""name"":""BroadSpec-Go""},{""weight"":1,""name"":""BroadSpec""},{""weight"":1,""name"":""BroadSpec""},{""weight"":1,""name"":""BroadSpec-Max""}]"
9356552b-9fc7-44dc-bf03-45907cea8b0a,Shubin_RG_Discovery_ShipMining_Nyx_Lindinum,XL Purchase Order: Ship Mined Ore,c2bd6ae6-c4a1-4fb1-8421-bd2979f39f77,BP_MISSIONREWARD_Shubin_ResourceGathering_ShipMining_PyroNyx,1,complete,blueprintmissionpools,"[{""weight"":1,""name"":""Arclight \""Stormfall\"" Pistol""},{""weight"":1,""name"":""Arclight Pistol""},{""weight"":1,""name"":""Venture Arms""},{""weight"":1,""name"":""Venture Core""},{""weight"":1,""name"":""Venture Legs""},{""weight"":1,""name"":""Horizon Helmet""},{""weight"":1,""name"":""Arclight Pistol Battery (30 cap)""}]"
9356552b-9fc7-44dc-bf03-45907cea8b0a,Shubin_RG_Discovery_ShipMining_Nyx_Lindinum,XL Purchase Order: Ship Mined Ore,e3254ad6-ef4d-4719-871f-f13a832038f5,BP_REWARDS_ShubinRank4,1,complete,48blueprints,"[{""weight"":1,""name"":""Arbor MH2 Mining Laser""},{""weight"":1,""name"":""Lancet MH2 Mining Laser""},{""weight"":1,""name"":""Hofstede-S2 Mining Laser""},{""weight"":1,""name"":""Klein-S2 Mining Laser""},{""weight"":1,""name"":""Helix II Mining Laser""},{""weight"":1,""name"":""Impact II Mining Laser""},{""weight"":1,""name"":""FullSpec-Go""},{""weight"":1,""name"":""FullSpec""},{""weight"":1,""name"":""FullSpec-Max""}]"
9356552b-9fc7-44dc-bf03-45907cea8b0a,Shubin_RG_Discovery_ShipMining_Nyx_Lindinum,XL Purchase Order: Ship Mined Ore,253e9697-5605-4732-b4fa-56af7a3dc140,BP_REWARDS_ShubinRank0to1,1,complete,48blueprints,"[{""weight"":1,""name"":""Arbor MHV Mining Laser""},{""weight"":1,""name"":""S00 Hofstede""},{""weight"":1,""name"":""Lawson Mining Laser""},{""weight"":1,""name"":""S0 Helix""},{""weight"":1,""name"":""Surveyor-Go""},{""weight"":1,""name"":""Surveyor-Lite""},{""weight"":1,""name"":""Surveyor""},{""weight"":1,""name"":""Surveyor-Max""}]"
9356552b-9fc7-44dc-bf03-45907cea8b0a,Shubin_RG_Discovery_ShipMining_Nyx_Lindinum,XL Purchase Order: Ship Mined Ore,32463294-45d5-4e92-a773-dce1f28a2a2b,BP_REWARDS_ShubinRank2to3,1,complete,48blueprints,"[{""weight"":1,""name"":""Pitman Mining Laser""},{""weight"":1,""name"":""Hofstede-S1 Mining Laser""},{""weight"":1,""name"":""Klein-S1 Mining Laser""},{""weight"":1,""name"":""Helix I Mining Laser""},{""weight"":1,""name"":""Impact I Mining Laser""},{""weight"":1,""name"":""Arbor MH1 Mining Laser""},{""weight"":1,""name"":""Lancet MH1 Mining Laser""},{""weight"":1,""name"":""BroadSpec-Go""},{""weight"":1,""name"":""BroadSpec""},{""weight"":1,""name"":""BroadSpec""},{""weight"":1,""name"":""BroadSpec-Max""}]"
9e5e0878-d4cf-41e6-869e-5c1eb0483fae,Shubin_RG_Discovery_ShipMining_Nyx_Silicon_Beryl,XL Purchase Order: Ship Mined Ore,c2bd6ae6-c4a1-4fb1-8421-bd2979f39f77,BP_MISSIONREWARD_Shubin_ResourceGathering_ShipMining_PyroNyx,1,complete,blueprintmissionpools,"[{""weight"":1,""name"":""Arclight \""Stormfall\"" Pistol""},{""weight"":1,""name"":""Arclight Pistol""},{""weight"":1,""name"":""Venture Arms""},{""weight"":1,""name"":""Venture Core""},{""weight"":1,""name"":""Venture Legs""},{""weight"":1,""name"":""Horizon Helmet""},{""weight"":1,""name"":""Arclight Pistol Battery (30 cap)""}]"
9e5e0878-d4cf-41e6-869e-5c1eb0483fae,Shubin_RG_Discovery_ShipMining_Nyx_Silicon_Beryl,XL Purchase Order: Ship Mined Ore,e3254ad6-ef4d-4719-871f-f13a832038f5,BP_REWARDS_ShubinRank4,1,complete,48blueprints,"[{""weight"":1,""name"":""Arbor MH2 Mining Laser""},{""weight"":1,""name"":""Lancet MH2 Mining Laser""},{""weight"":1,""name"":""Hofstede-S2 Mining Laser""},{""weight"":1,""name"":""Klein-S2 Mining Laser""},{""weight"":1,""name"":""Helix II Mining Laser""},{""weight"":1,""name"":""Impact II Mining Laser""},{""weight"":1,""name"":""FullSpec-Go""},{""weight"":1,""name"":""FullSpec""},{""weight"":1,""name"":""FullSpec-Max""}]"
9e5e0878-d4cf-41e6-869e-5c1eb0483fae,Shubin_RG_Discovery_ShipMining_Nyx_Silicon_Beryl,XL Purchase Order: Ship Mined Ore,253e9697-5605-4732-b4fa-56af7a3dc140,BP_REWARDS_ShubinRank0to1,1,complete,48blueprints,"[{""weight"":1,""name"":""Arbor MHV Mining Laser""},{""weight"":1,""name"":""S00 Hofstede""},{""weight"":1,""name"":""Lawson Mining Laser""},{""weight"":1,""name"":""S0 Helix""},{""weight"":1,""name"":""Surveyor-Go""},{""weight"":1,""name"":""Surveyor-Lite""},{""weight"":1,""name"":""Surveyor""},{""weight"":1,""name"":""Surveyor-Max""}]"
9e5e0878-d4cf-41e6-869e-5c1eb0483fae,Shubin_RG_Discovery_ShipMining_Nyx_Silicon_Beryl,XL Purchase Order: Ship Mined Ore,32463294-45d5-4e92-a773-dce1f28a2a2b,BP_REWARDS_ShubinRank2to3,1,complete,48blueprints,"[{""weight"":1,""name"":""Pitman Mining Laser""},{""weight"":1,""name"":""Hofstede-S1 Mining Laser""},{""weight"":1,""name"":""Klein-S1 Mining Laser""},{""weight"":1,""name"":""Helix I Mining Laser""},{""weight"":1,""name"":""Impact I Mining Laser""},{""weight"":1,""name"":""Arbor MH1 Mining Laser""},{""weight"":1,""name"":""Lancet MH1 Mining Laser""},{""weight"":1,""name"":""BroadSpec-Go""},{""weight"":1,""name"":""BroadSpec""},{""weight"":1,""name"":""BroadSpec""},{""weight"":1,""name"":""BroadSpec-Max""}]"
0cbc4545-0b03-41ac-adf7-224eca60f5fd,Shubin_RG_Discovery_ShipMining_Nyx_Taranite,XL Purchase Order: Ship Mined Ore,c2bd6ae6-c4a1-4fb1-8421-bd2979f39f77,BP_MISSIONREWARD_Shubin_ResourceGathering_ShipMining_PyroNyx,1,complete,blueprintmissionpools,"[{""weight"":1,""name"":""Arclight \""Stormfall\"" Pistol""},{""weight"":1,""name"":""Arclight Pistol""},{""weight"":1,""name"":""Venture Arms""},{""weight"":1,""name"":""Venture Core""},{""weight"":1,""name"":""Venture Legs""},{""weight"":1,""name"":""Horizon Helmet""},{""weight"":1,""name"":""Arclight Pistol Battery (30 cap)""}]"
0cbc4545-0b03-41ac-adf7-224eca60f5fd,Shubin_RG_Discovery_ShipMining_Nyx_Taranite,XL Purchase Order: Ship Mined Ore,e3254ad6-ef4d-4719-871f-f13a832038f5,BP_REWARDS_ShubinRank4,1,complete,48blueprints,"[{""weight"":1,""name"":""Arbor MH2 Mining Laser""},{""weight"":1,""name"":""Lancet MH2 Mining Laser""},{""weight"":1,""name"":""Hofstede-S2 Mining Laser""},{""weight"":1,""name"":""Klein-S2 Mining Laser""},{""weight"":1,""name"":""Helix II Mining Laser""},{""weight"":1,""name"":""Impact II Mining Laser""},{""weight"":1,""name"":""FullSpec-Go""},{""weight"":1,""name"":""FullSpec""},{""weight"":1,""name"":""FullSpec-Max""}]"
0cbc4545-0b03-41ac-adf7-224eca60f5fd,Shubin_RG_Discovery_ShipMining_Nyx_Taranite,XL Purchase Order: Ship Mined Ore,253e9697-5605-4732-b4fa-56af7a3dc140,BP_REWARDS_ShubinRank0to1,1,complete,48blueprints,"[{""weight"":1,""name"":""Arbor MHV Mining Laser""},{""weight"":1,""name"":""S00 Hofstede""},{""weight"":1,""name"":""Lawson Mining Laser""},{""weight"":1,""name"":""S0 Helix""},{""weight"":1,""name"":""Surveyor-Go""},{""weight"":1,""name"":""Surveyor-Lite""},{""weight"":1,""name"":""Surveyor""},{""weight"":1,""name"":""Surveyor-Max""}]"
0cbc4545-0b03-41ac-adf7-224eca60f5fd,Shubin_RG_Discovery_ShipMining_Nyx_Taranite,XL Purchase Order: Ship Mined Ore,32463294-45d5-4e92-a773-dce1f28a2a2b,BP_REWARDS_ShubinRank2to3,1,complete,48blueprints,"[{""weight"":1,""name"":""Pitman Mining Laser""},{""weight"":1,""name"":""Hofstede-S1 Mining Laser""},{""weight"":1,""name"":""Klein-S1 Mining Laser""},{""weight"":1,""name"":""Helix I Mining Laser""},{""weight"":1,""name"":""Impact I Mining Laser""},{""weight"":1,""name"":""Arbor MH1 Mining Laser""},{""weight"":1,""name"":""Lancet MH1 Mining Laser""},{""weight"":1,""name"":""BroadSpec-Go""},{""weight"":1,""name"":""BroadSpec""},{""weight"":1,""name"":""BroadSpec""},{""weight"":1,""name"":""BroadSpec-Max""}]"
78b2b227-f298-483f-b0a8-504cd29716a8,Shubin_RG_Discovery_ShipMining_Nyx_Tin_Taranite,XL Purchase Order: Ship Mined Ore,c2bd6ae6-c4a1-4fb1-8421-bd2979f39f77,BP_MISSIONREWARD_Shubin_ResourceGathering_ShipMining_PyroNyx,1,complete,blueprintmissionpools,"[{""weight"":1,""name"":""Arclight \""Stormfall\"" Pistol""},{""weight"":1,""name"":""Arclight Pistol""},{""weight"":1,""name"":""Venture Arms""},{""weight"":1,""name"":""Venture Core""},{""weight"":1,""name"":""Venture Legs""},{""weight"":1,""name"":""Horizon Helmet""},{""weight"":1,""name"":""Arclight Pistol Battery (30 cap)""}]"
78b2b227-f298-483f-b0a8-504cd29716a8,Shubin_RG_Discovery_ShipMining_Nyx_Tin_Taranite,XL Purchase Order: Ship Mined Ore,e3254ad6-ef4d-4719-871f-f13a832038f5,BP_REWARDS_ShubinRank4,1,complete,48blueprints,"[{""weight"":1,""name"":""Arbor MH2 Mining Laser""},{""weight"":1,""name"":""Lancet MH2 Mining Laser""},{""weight"":1,""name"":""Hofstede-S2 Mining Laser""},{""weight"":1,""name"":""Klein-S2 Mining Laser""},{""weight"":1,""name"":""Helix II Mining Laser""},{""weight"":1,""name"":""Impact II Mining Laser""},{""weight"":1,""name"":""FullSpec-Go""},{""weight"":1,""name"":""FullSpec""},{""weight"":1,""name"":""FullSpec-Max""}]"
78b2b227-f298-483f-b0a8-504cd29716a8,Shubin_RG_Discovery_ShipMining_Nyx_Tin_Taranite,XL Purchase Order: Ship Mined Ore,253e9697-5605-4732-b4fa-56af7a3dc140,BP_REWARDS_ShubinRank0to1,1,complete,48blueprints,"[{""weight"":1,""name"":""Arbor MHV Mining Laser""},{""weight"":1,""name"":""S00 Hofstede""},{""weight"":1,""name"":""Lawson Mining Laser""},{""weight"":1,""name"":""S0 Helix""},{""weight"":1,""name"":""Surveyor-Go""},{""weight"":1,""name"":""Surveyor-Lite""},{""weight"":1,""name"":""Surveyor""},{""weight"":1,""name"":""Surveyor-Max""}]"
78b2b227-f298-483f-b0a8-504cd29716a8,Shubin_RG_Discovery_ShipMining_Nyx_Tin_Taranite,XL Purchase Order: Ship Mined Ore,32463294-45d5-4e92-a773-dce1f28a2a2b,BP_REWARDS_ShubinRank2to3,1,complete,48blueprints,"[{""weight"":1,""name"":""Pitman Mining Laser""},{""weight"":1,""name"":""Hofstede-S1 Mining Laser""},{""weight"":1,""name"":""Klein-S1 Mining Laser""},{""weight"":1,""name"":""Helix I Mining Laser""},{""weight"":1,""name"":""Impact I Mining Laser""},{""weight"":1,""name"":""Arbor MH1 Mining Laser""},{""weight"":1,""name"":""Lancet MH1 Mining Laser""},{""weight"":1,""name"":""BroadSpec-Go""},{""weight"":1,""name"":""BroadSpec""},{""weight"":1,""name"":""BroadSpec""},{""weight"":1,""name"":""BroadSpec-Max""}]"
295cc224-e07e-470a-9164-67b03332d410,Shubin_RG_Discovery_ShipMining_Nyx_Titanium_Ice,XL Purchase Order: Ship Mined Ore,c2bd6ae6-c4a1-4fb1-8421-bd2979f39f77,BP_MISSIONREWARD_Shubin_ResourceGathering_ShipMining_PyroNyx,1,complete,blueprintmissionpools,"[{""weight"":1,""name"":""Arclight \""Stormfall\"" Pistol""},{""weight"":1,""name"":""Arclight Pistol""},{""weight"":1,""name"":""Venture Arms""},{""weight"":1,""name"":""Venture Core""},{""weight"":1,""name"":""Venture Legs""},{""weight"":1,""name"":""Horizon Helmet""},{""weight"":1,""name"":""Arclight Pistol Battery (30 cap)""}]"
295cc224-e07e-470a-9164-67b03332d410,Shubin_RG_Discovery_ShipMining_Nyx_Titanium_Ice,XL Purchase Order: Ship Mined Ore,e3254ad6-ef4d-4719-871f-f13a832038f5,BP_REWARDS_ShubinRank4,1,complete,48blueprints,"[{""weight"":1,""name"":""Arbor MH2 Mining Laser""},{""weight"":1,""name"":""Lancet MH2 Mining Laser""},{""weight"":1,""name"":""Hofstede-S2 Mining Laser""},{""weight"":1,""name"":""Klein-S2 Mining Laser""},{""weight"":1,""name"":""Helix II Mining Laser""},{""weight"":1,""name"":""Impact II Mining Laser""},{""weight"":1,""name"":""FullSpec-Go""},{""weight"":1,""name"":""FullSpec""},{""weight"":1,""name"":""FullSpec-Max""}]"
295cc224-e07e-470a-9164-67b03332d410,Shubin_RG_Discovery_ShipMining_Nyx_Titanium_Ice,XL Purchase Order: Ship Mined Ore,253e9697-5605-4732-b4fa-56af7a3dc140,BP_REWARDS_ShubinRank0to1,1,complete,48blueprints,"[{""weight"":1,""name"":""Arbor MHV Mining Laser""},{""weight"":1,""name"":""S00 Hofstede""},{""weight"":1,""name"":""Lawson Mining Laser""},{""weight"":1,""name"":""S0 Helix""},{""weight"":1,""name"":""Surveyor-Go""},{""weight"":1,""name"":""Surveyor-Lite""},{""weight"":1,""name"":""Surveyor""},{""weight"":1,""name"":""Surveyor-Max""}]"
295cc224-e07e-470a-9164-67b03332d410,Shubin_RG_Discovery_ShipMining_Nyx_Titanium_Ice,XL Purchase Order: Ship Mined Ore,32463294-45d5-4e92-a773-dce1f28a2a2b,BP_REWARDS_ShubinRank2to3,1,complete,48blueprints,"[{""weight"":1,""name"":""Pitman Mining Laser""},{""weight"":1,""name"":""Hofstede-S1 Mining Laser""},{""weight"":1,""name"":""Klein-S1 Mining Laser""},{""weight"":1,""name"":""Helix I Mining Laser""},{""weight"":1,""name"":""Impact I Mining Laser""},{""weight"":1,""name"":""Arbor MH1 Mining Laser""},{""weight"":1,""name"":""Lancet MH1 Mining Laser""},{""weight"":1,""name"":""BroadSpec-Go""},{""weight"":1,""name"":""BroadSpec""},{""weight"":1,""name"":""BroadSpec""},{""weight"":1,""name"":""BroadSpec-Max""}]"
37cfa1bf-afab-41c0-a89b-43e93ffe9ada,Shubin_RG_Discovery_ShipMining_Nyx_Titanium_Taranite,XL Purchase Order: Ship Mined Ore,c2bd6ae6-c4a1-4fb1-8421-bd2979f39f77,BP_MISSIONREWARD_Shubin_ResourceGathering_ShipMining_PyroNyx,1,complete,blueprintmissionpools,"[{""weight"":1,""name"":""Arclight \""Stormfall\"" Pistol""},{""weight"":1,""name"":""Arclight Pistol""},{""weight"":1,""name"":""Venture Arms""},{""weight"":1,""name"":""Venture Core""},{""weight"":1,""name"":""Venture Legs""},{""weight"":1,""name"":""Horizon Helmet""},{""weight"":1,""name"":""Arclight Pistol Battery (30 cap)""}]"
37cfa1bf-afab-41c0-a89b-43e93ffe9ada,Shubin_RG_Discovery_ShipMining_Nyx_Titanium_Taranite,XL Purchase Order: Ship Mined Ore,e3254ad6-ef4d-4719-871f-f13a832038f5,BP_REWARDS_ShubinRank4,1,complete,48blueprints,"[{""weight"":1,""name"":""Arbor MH2 Mining Laser""},{""weight"":1,""name"":""Lancet MH2 Mining Laser""},{""weight"":1,""name"":""Hofstede-S2 Mining Laser""},{""weight"":1,""name"":""Klein-S2 Mining Laser""},{""weight"":1,""name"":""Helix II Mining Laser""},{""weight"":1,""name"":""Impact II Mining Laser""},{""weight"":1,""name"":""FullSpec-Go""},{""weight"":1,""name"":""FullSpec""},{""weight"":1,""name"":""FullSpec-Max""}]"
37cfa1bf-afab-41c0-a89b-43e93ffe9ada,Shubin_RG_Discovery_ShipMining_Nyx_Titanium_Taranite,XL Purchase Order: Ship Mined Ore,253e9697-5605-4732-b4fa-56af7a3dc140,BP_REWARDS_ShubinRank0to1,1,complete,48blueprints,"[{""weight"":1,""name"":""Arbor MHV Mining Laser""},{""weight"":1,""name"":""S00 Hofstede""},{""weight"":1,""name"":""Lawson Mining Laser""},{""weight"":1,""name"":""S0 Helix""},{""weight"":1,""name"":""Surveyor-Go""},{""weight"":1,""name"":""Surveyor-Lite""},{""weight"":1,""name"":""Surveyor""},{""weight"":1,""name"":""Surveyor-Max""}]"
37cfa1bf-afab-41c0-a89b-43e93ffe9ada,Shubin_RG_Discovery_ShipMining_Nyx_Titanium_Taranite,XL Purchase Order: Ship Mined Ore,32463294-45d5-4e92-a773-dce1f28a2a2b,BP_REWARDS_ShubinRank2to3,1,complete,48blueprints,"[{""weight"":1,""name"":""Pitman Mining Laser""},{""weight"":1,""name"":""Hofstede-S1 Mining Laser""},{""weight"":1,""name"":""Klein-S1 Mining Laser""},{""weight"":1,""name"":""Helix I Mining Laser""},{""weight"":1,""name"":""Impact I Mining Laser""},{""weight"":1,""name"":""Arbor MH1 Mining Laser""},{""weight"":1,""name"":""Lancet MH1 Mining Laser""},{""weight"":1,""name"":""BroadSpec-Go""},{""weight"":1,""name"":""BroadSpec""},{""weight"":1,""name"":""BroadSpec""},{""weight"":1,""name"":""BroadSpec-Max""}]"
69966b28-bc45-4efc-bd5f-68d4f07b8e59,Shubin_RG_Discovery_ShipMining_Nyx_Titanium_Taranite,XL Purchase Order: Ship Mined Ore,c2bd6ae6-c4a1-4fb1-8421-bd2979f39f77,BP_MISSIONREWARD_Shubin_ResourceGathering_ShipMining_PyroNyx,1,complete,blueprintmissionpools,"[{""weight"":1,""name"":""Arclight \""Stormfall\"" Pistol""},{""weight"":1,""name"":""Arclight Pistol""},{""weight"":1,""name"":""Venture Arms""},{""weight"":1,""name"":""Venture Core""},{""weight"":1,""name"":""Venture Legs""},{""weight"":1,""name"":""Horizon Helmet""},{""weight"":1,""name"":""Arclight Pistol Battery (30 cap)""}]"
69966b28-bc45-4efc-bd5f-68d4f07b8e59,Shubin_RG_Discovery_ShipMining_Nyx_Titanium_Taranite,XL Purchase Order: Ship Mined Ore,e3254ad6-ef4d-4719-871f-f13a832038f5,BP_REWARDS_ShubinRank4,1,complete,48blueprints,"[{""weight"":1,""name"":""Arbor MH2 Mining Laser""},{""weight"":1,""name"":""Lancet MH2 Mining Laser""},{""weight"":1,""name"":""Hofstede-S2 Mining Laser""},{""weight"":1,""name"":""Klein-S2 Mining Laser""},{""weight"":1,""name"":""Helix II Mining Laser""},{""weight"":1,""name"":""Impact II Mining Laser""},{""weight"":1,""name"":""FullSpec-Go""},{""weight"":1,""name"":""FullSpec""},{""weight"":1,""name"":""FullSpec-Max""}]"
69966b28-bc45-4efc-bd5f-68d4f07b8e59,Shubin_RG_Discovery_ShipMining_Nyx_Titanium_Taranite,XL Purchase Order: Ship Mined Ore,253e9697-5605-4732-b4fa-56af7a3dc140,BP_REWARDS_ShubinRank0to1,1,complete,48blueprints,"[{""weight"":1,""name"":""Arbor MHV Mining Laser""},{""weight"":1,""name"":""S00 Hofstede""},{""weight"":1,""name"":""Lawson Mining Laser""},{""weight"":1,""name"":""S0 Helix""},{""weight"":1,""name"":""Surveyor-Go""},{""weight"":1,""name"":""Surveyor-Lite""},{""weight"":1,""name"":""Surveyor""},{""weight"":1,""name"":""Surveyor-Max""}]"
69966b28-bc45-4efc-bd5f-68d4f07b8e59,Shubin_RG_Discovery_ShipMining_Nyx_Titanium_Taranite,XL Purchase Order: Ship Mined Ore,32463294-45d5-4e92-a773-dce1f28a2a2b,BP_REWARDS_ShubinRank2to3,1,complete,48blueprints,"[{""weight"":1,""name"":""Pitman Mining Laser""},{""weight"":1,""name"":""Hofstede-S1 Mining Laser""},{""weight"":1,""name"":""Klein-S1 Mining Laser""},{""weight"":1,""name"":""Helix I Mining Laser""},{""weight"":1,""name"":""Impact I Mining Laser""},{""weight"":1,""name"":""Arbor MH1 Mining Laser""},{""weight"":1,""name"":""Lancet MH1 Mining Laser""},{""weight"":1,""name"":""BroadSpec-Go""},{""weight"":1,""name"":""BroadSpec""},{""weight"":1,""name"":""BroadSpec""},{""weight"":1,""name"":""BroadSpec-Max""}]"
e4365a62-dc90-44af-9ada-1defd9e56c6e,Shubin_RG_Discovery_ShipMining_Pyro_Bexalite,XL Purchase Order: Ship Mined Ore,c2bd6ae6-c4a1-4fb1-8421-bd2979f39f77,BP_MISSIONREWARD_Shubin_ResourceGathering_ShipMining_PyroNyx,1,complete,blueprintmissionpools,"[{""weight"":1,""name"":""Arclight \""Stormfall\"" Pistol""},{""weight"":1,""name"":""Arclight Pistol""},{""weight"":1,""name"":""Venture Arms""},{""weight"":1,""name"":""Venture Core""},{""weight"":1,""name"":""Venture Legs""},{""weight"":1,""name"":""Horizon Helmet""},{""weight"":1,""name"":""Arclight Pistol Battery (30 cap)""}]"
e4365a62-dc90-44af-9ada-1defd9e56c6e,Shubin_RG_Discovery_ShipMining_Pyro_Bexalite,XL Purchase Order: Ship Mined Ore,e3254ad6-ef4d-4719-871f-f13a832038f5,BP_REWARDS_ShubinRank4,1,complete,48blueprints,"[{""weight"":1,""name"":""Arbor MH2 Mining Laser""},{""weight"":1,""name"":""Lancet MH2 Mining Laser""},{""weight"":1,""name"":""Hofstede-S2 Mining Laser""},{""weight"":1,""name"":""Klein-S2 Mining Laser""},{""weight"":1,""name"":""Helix II Mining Laser""},{""weight"":1,""name"":""Impact II Mining Laser""},{""weight"":1,""name"":""FullSpec-Go""},{""weight"":1,""name"":""FullSpec""},{""weight"":1,""name"":""FullSpec-Max""}]"
e4365a62-dc90-44af-9ada-1defd9e56c6e,Shubin_RG_Discovery_ShipMining_Pyro_Bexalite,XL Purchase Order: Ship Mined Ore,253e9697-5605-4732-b4fa-56af7a3dc140,BP_REWARDS_ShubinRank0to1,1,complete,48blueprints,"[{""weight"":1,""name"":""Arbor MHV Mining Laser""},{""weight"":1,""name"":""S00 Hofstede""},{""weight"":1,""name"":""Lawson Mining Laser""},{""weight"":1,""name"":""S0 Helix""},{""weight"":1,""name"":""Surveyor-Go""},{""weight"":1,""name"":""Surveyor-Lite""},{""weight"":1,""name"":""Surveyor""},{""weight"":1,""name"":""Surveyor-Max""}]"
e4365a62-dc90-44af-9ada-1defd9e56c6e,Shubin_RG_Discovery_ShipMining_Pyro_Bexalite,XL Purchase Order: Ship Mined Ore,32463294-45d5-4e92-a773-dce1f28a2a2b,BP_REWARDS_ShubinRank2to3,1,complete,48blueprints,"[{""weight"":1,""name"":""Pitman Mining Laser""},{""weight"":1,""name"":""Hofstede-S1 Mining Laser""},{""weight"":1,""name"":""Klein-S1 Mining Laser""},{""weight"":1,""name"":""Helix I Mining Laser""},{""weight"":1,""name"":""Impact I Mining Laser""},{""weight"":1,""name"":""Arbor MH1 Mining Laser""},{""weight"":1,""name"":""Lancet MH1 Mining Laser""},{""weight"":1,""name"":""BroadSpec-Go""},{""weight"":1,""name"":""BroadSpec""},{""weight"":1,""name"":""BroadSpec""},{""weight"":1,""name"":""BroadSpec-Max""}]"
6e799a97-94e6-4e53-a4b7-46e3a0c2891c,Shubin_RG_Discovery_ShipMining_Pyro_Bexalite_Taranite,XL Purchase Order: Ship Mined Ore,c2bd6ae6-c4a1-4fb1-8421-bd2979f39f77,BP_MISSIONREWARD_Shubin_ResourceGathering_ShipMining_PyroNyx,1,complete,blueprintmissionpools,"[{""weight"":1,""name"":""Arclight \""Stormfall\"" Pistol""},{""weight"":1,""name"":""Arclight Pistol""},{""weight"":1,""name"":""Venture Arms""},{""weight"":1,""name"":""Venture Core""},{""weight"":1,""name"":""Venture Legs""},{""weight"":1,""name"":""Horizon Helmet""},{""weight"":1,""name"":""Arclight Pistol Battery (30 cap)""}]"
6e799a97-94e6-4e53-a4b7-46e3a0c2891c,Shubin_RG_Discovery_ShipMining_Pyro_Bexalite_Taranite,XL Purchase Order: Ship Mined Ore,e3254ad6-ef4d-4719-871f-f13a832038f5,BP_REWARDS_ShubinRank4,1,complete,48blueprints,"[{""weight"":1,""name"":""Arbor MH2 Mining Laser""},{""weight"":1,""name"":""Lancet MH2 Mining Laser""},{""weight"":1,""name"":""Hofstede-S2 Mining Laser""},{""weight"":1,""name"":""Klein-S2 Mining Laser""},{""weight"":1,""name"":""Helix II Mining Laser""},{""weight"":1,""name"":""Impact II Mining Laser""},{""weight"":1,""name"":""FullSpec-Go""},{""weight"":1,""name"":""FullSpec""},{""weight"":1,""name"":""FullSpec-Max""}]"
6e799a97-94e6-4e53-a4b7-46e3a0c2891c,Shubin_RG_Discovery_ShipMining_Pyro_Bexalite_Taranite,XL Purchase Order: Ship Mined Ore,253e9697-5605-4732-b4fa-56af7a3dc140,BP_REWARDS_ShubinRank0to1,1,complete,48blueprints,"[{""weight"":1,""name"":""Arbor MHV Mining Laser""},{""weight"":1,""name"":""S00 Hofstede""},{""weight"":1,""name"":""Lawson Mining Laser""},{""weight"":1,""name"":""S0 Helix""},{""weight"":1,""name"":""Surveyor-Go""},{""weight"":1,""name"":""Surveyor-Lite""},{""weight"":1,""name"":""Surveyor""},{""weight"":1,""name"":""Surveyor-Max""}]"
6e799a97-94e6-4e53-a4b7-46e3a0c2891c,Shubin_RG_Discovery_ShipMining_Pyro_Bexalite_Taranite,XL Purchase Order: Ship Mined Ore,32463294-45d5-4e92-a773-dce1f28a2a2b,BP_REWARDS_ShubinRank2to3,1,complete,48blueprints,"[{""weight"":1,""name"":""Pitman Mining Laser""},{""weight"":1,""name"":""Hofstede-S1 Mining Laser""},{""weight"":1,""name"":""Klein-S1 Mining Laser""},{""weight"":1,""name"":""Helix I Mining Laser""},{""weight"":1,""name"":""Impact I Mining Laser""},{""weight"":1,""name"":""Arbor MH1 Mining Laser""},{""weight"":1,""name"":""Lancet MH1 Mining Laser""},{""weight"":1,""name"":""BroadSpec-Go""},{""weight"":1,""name"":""BroadSpec""},{""weight"":1,""name"":""BroadSpec""},{""weight"":1,""name"":""BroadSpec-Max""}]"
f239d149-f487-4c6c-9a00-f27f06b8c2e1,Shubin_RG_Discovery_ShipMining_Pyro_Gold,XL Purchase Order: Ship Mined Ore,c2bd6ae6-c4a1-4fb1-8421-bd2979f39f77,BP_MISSIONREWARD_Shubin_ResourceGathering_ShipMining_PyroNyx,1,complete,blueprintmissionpools,"[{""weight"":1,""name"":""Arclight \""Stormfall\"" Pistol""},{""weight"":1,""name"":""Arclight Pistol""},{""weight"":1,""name"":""Venture Arms""},{""weight"":1,""name"":""Venture Core""},{""weight"":1,""name"":""Venture Legs""},{""weight"":1,""name"":""Horizon Helmet""},{""weight"":1,""name"":""Arclight Pistol Battery (30 cap)""}]"
f239d149-f487-4c6c-9a00-f27f06b8c2e1,Shubin_RG_Discovery_ShipMining_Pyro_Gold,XL Purchase Order: Ship Mined Ore,e3254ad6-ef4d-4719-871f-f13a832038f5,BP_REWARDS_ShubinRank4,1,complete,48blueprints,"[{""weight"":1,""name"":""Arbor MH2 Mining Laser""},{""weight"":1,""name"":""Lancet MH2 Mining Laser""},{""weight"":1,""name"":""Hofstede-S2 Mining Laser""},{""weight"":1,""name"":""Klein-S2 Mining Laser""},{""weight"":1,""name"":""Helix II Mining Laser""},{""weight"":1,""name"":""Impact II Mining Laser""},{""weight"":1,""name"":""FullSpec-Go""},{""weight"":1,""name"":""FullSpec""},{""weight"":1,""name"":""FullSpec-Max""}]"
f239d149-f487-4c6c-9a00-f27f06b8c2e1,Shubin_RG_Discovery_ShipMining_Pyro_Gold,XL Purchase Order: Ship Mined Ore,253e9697-5605-4732-b4fa-56af7a3dc140,BP_REWARDS_ShubinRank0to1,1,complete,48blueprints,"[{""weight"":1,""name"":""Arbor MHV Mining Laser""},{""weight"":1,""name"":""S00 Hofstede""},{""weight"":1,""name"":""Lawson Mining Laser""},{""weight"":1,""name"":""S0 Helix""},{""weight"":1,""name"":""Surveyor-Go""},{""weight"":1,""name"":""Surveyor-Lite""},{""weight"":1,""name"":""Surveyor""},{""weight"":1,""name"":""Surveyor-Max""}]"
f239d149-f487-4c6c-9a00-f27f06b8c2e1,Shubin_RG_Discovery_ShipMining_Pyro_Gold,XL Purchase Order: Ship Mined Ore,32463294-45d5-4e92-a773-dce1f28a2a2b,BP_REWARDS_ShubinRank2to3,1,complete,48blueprints,"[{""weight"":1,""name"":""Pitman Mining Laser""},{""weight"":1,""name"":""Hofstede-S1 Mining Laser""},{""weight"":1,""name"":""Klein-S1 Mining Laser""},{""weight"":1,""name"":""Helix I Mining Laser""},{""weight"":1,""name"":""Impact I Mining Laser""},{""weight"":1,""name"":""Arbor MH1 Mining Laser""},{""weight"":1,""name"":""Lancet MH1 Mining Laser""},{""weight"":1,""name"":""BroadSpec-Go""},{""weight"":1,""name"":""BroadSpec""},{""weight"":1,""name"":""BroadSpec""},{""weight"":1,""name"":""BroadSpec-Max""}]"
d79459df-3f86-4f97-8810-8dfa76fa190a,Shubin_RG_Discovery_ShipMining_Pyro_Taranite,XL Purchase Order: Ship Mined Ore,c2bd6ae6-c4a1-4fb1-8421-bd2979f39f77,BP_MISSIONREWARD_Shubin_ResourceGathering_ShipMining_PyroNyx,1,complete,blueprintmissionpools,"[{""weight"":1,""name"":""Arclight \""Stormfall\"" Pistol""},{""weight"":1,""name"":""Arclight Pistol""},{""weight"":1,""name"":""Venture Arms""},{""weight"":1,""name"":""Venture Core""},{""weight"":1,""name"":""Venture Legs""},{""weight"":1,""name"":""Horizon Helmet""},{""weight"":1,""name"":""Arclight Pistol Battery (30 cap)""}]"
d79459df-3f86-4f97-8810-8dfa76fa190a,Shubin_RG_Discovery_ShipMining_Pyro_Taranite,XL Purchase Order: Ship Mined Ore,e3254ad6-ef4d-4719-871f-f13a832038f5,BP_REWARDS_ShubinRank4,1,complete,48blueprints,"[{""weight"":1,""name"":""Arbor MH2 Mining Laser""},{""weight"":1,""name"":""Lancet MH2 Mining Laser""},{""weight"":1,""name"":""Hofstede-S2 Mining Laser""},{""weight"":1,""name"":""Klein-S2 Mining Laser""},{""weight"":1,""name"":""Helix II Mining Laser""},{""weight"":1,""name"":""Impact II Mining Laser""},{""weight"":1,""name"":""FullSpec-Go""},{""weight"":1,""name"":""FullSpec""},{""weight"":1,""name"":""FullSpec-Max""}]"
d79459df-3f86-4f97-8810-8dfa76fa190a,Shubin_RG_Discovery_ShipMining_Pyro_Taranite,XL Purchase Order: Ship Mined Ore,253e9697-5605-4732-b4fa-56af7a3dc140,BP_REWARDS_ShubinRank0to1,1,complete,48blueprints,"[{""weight"":1,""name"":""Arbor MHV Mining Laser""},{""weight"":1,""name"":""S00 Hofstede""},{""weight"":1,""name"":""Lawson Mining Laser""},{""weight"":1,""name"":""S0 Helix""},{""weight"":1,""name"":""Surveyor-Go""},{""weight"":1,""name"":""Surveyor-Lite""},{""weight"":1,""name"":""Surveyor""},{""weight"":1,""name"":""Surveyor-Max""}]"
d79459df-3f86-4f97-8810-8dfa76fa190a,Shubin_RG_Discovery_ShipMining_Pyro_Taranite,XL Purchase Order: Ship Mined Ore,32463294-45d5-4e92-a773-dce1f28a2a2b,BP_REWARDS_ShubinRank2to3,1,complete,48blueprints,"[{""weight"":1,""name"":""Pitman Mining Laser""},{""weight"":1,""name"":""Hofstede-S1 Mining Laser""},{""weight"":1,""name"":""Klein-S1 Mining Laser""},{""weight"":1,""name"":""Helix I Mining Laser""},{""weight"":1,""name"":""Impact I Mining Laser""},{""weight"":1,""name"":""Arbor MH1 Mining Laser""},{""weight"":1,""name"":""Lancet MH1 Mining Laser""},{""weight"":1,""name"":""BroadSpec-Go""},{""weight"":1,""name"":""BroadSpec""},{""weight"":1,""name"":""BroadSpec""},{""weight"":1,""name"":""BroadSpec-Max""}]"
565d4085-2724-4ad3-b0b1-24fb19178b78,Shubin_RG_Discovery_ShipMining_Stanton_Bexalite,XL Purchase Order: Ship Mined Ore,40438f39-f78c-41bc-a8de-d6f4f4c2daec,BP_MISSIONREWARD_Shubin_ResourceGathering_ShipMining_Stanton,1,complete,blueprintmissionpools,"[{""weight"":1,""name"":""Arclight \""Nightstalker\"" Pistol""},{""weight"":1,""name"":""Aril Arms""},{""weight"":1,""name"":""Aril Core""},{""weight"":1,""name"":""Aril Legs""},{""weight"":1,""name"":""Aril Helmet""},{""weight"":1,""name"":""Arclight \""Warhawk\"" Pistol""},{""weight"":1,""name"":""Arclight Pistol Battery (30 cap)""}]"
565d4085-2724-4ad3-b0b1-24fb19178b78,Shubin_RG_Discovery_ShipMining_Stanton_Bexalite,XL Purchase Order: Ship Mined Ore,e3254ad6-ef4d-4719-871f-f13a832038f5,BP_REWARDS_ShubinRank4,1,complete,48blueprints,"[{""weight"":1,""name"":""Arbor MH2 Mining Laser""},{""weight"":1,""name"":""Lancet MH2 Mining Laser""},{""weight"":1,""name"":""Hofstede-S2 Mining Laser""},{""weight"":1,""name"":""Klein-S2 Mining Laser""},{""weight"":1,""name"":""Helix II Mining Laser""},{""weight"":1,""name"":""Impact II Mining Laser""},{""weight"":1,""name"":""FullSpec-Go""},{""weight"":1,""name"":""FullSpec""},{""weight"":1,""name"":""FullSpec-Max""}]"
565d4085-2724-4ad3-b0b1-24fb19178b78,Shubin_RG_Discovery_ShipMining_Stanton_Bexalite,XL Purchase Order: Ship Mined Ore,253e9697-5605-4732-b4fa-56af7a3dc140,BP_REWARDS_ShubinRank0to1,1,complete,48blueprints,"[{""weight"":1,""name"":""Arbor MHV Mining Laser""},{""weight"":1,""name"":""S00 Hofstede""},{""weight"":1,""name"":""Lawson Mining Laser""},{""weight"":1,""name"":""S0 Helix""},{""weight"":1,""name"":""Surveyor-Go""},{""weight"":1,""name"":""Surveyor-Lite""},{""weight"":1,""name"":""Surveyor""},{""weight"":1,""name"":""Surveyor-Max""}]"
565d4085-2724-4ad3-b0b1-24fb19178b78,Shubin_RG_Discovery_ShipMining_Stanton_Bexalite,XL Purchase Order: Ship Mined Ore,32463294-45d5-4e92-a773-dce1f28a2a2b,BP_REWARDS_ShubinRank2to3,1,complete,48blueprints,"[{""weight"":1,""name"":""Pitman Mining Laser""},{""weight"":1,""name"":""Hofstede-S1 Mining Laser""},{""weight"":1,""name"":""Klein-S1 Mining Laser""},{""weight"":1,""name"":""Helix I Mining Laser""},{""weight"":1,""name"":""Impact I Mining Laser""},{""weight"":1,""name"":""Arbor MH1 Mining Laser""},{""weight"":1,""name"":""Lancet MH1 Mining Laser""},{""weight"":1,""name"":""BroadSpec-Go""},{""weight"":1,""name"":""BroadSpec""},{""weight"":1,""name"":""BroadSpec""},{""weight"":1,""name"":""BroadSpec-Max""}]"
fc55e610-a8af-416f-9122-fc514dbc6cd2,Shubin_RG_Discovery_ShipMining_Stanton_Bexalite_Ice,XL Purchase Order: Ship Mined Ore,40438f39-f78c-41bc-a8de-d6f4f4c2daec,BP_MISSIONREWARD_Shubin_ResourceGathering_ShipMining_Stanton,1,complete,blueprintmissionpools,"[{""weight"":1,""name"":""Arclight \""Nightstalker\"" Pistol""},{""weight"":1,""name"":""Aril Arms""},{""weight"":1,""name"":""Aril Core""},{""weight"":1,""name"":""Aril Legs""},{""weight"":1,""name"":""Aril Helmet""},{""weight"":1,""name"":""Arclight \""Warhawk\"" Pistol""},{""weight"":1,""name"":""Arclight Pistol Battery (30 cap)""}]"
fc55e610-a8af-416f-9122-fc514dbc6cd2,Shubin_RG_Discovery_ShipMining_Stanton_Bexalite_Ice,XL Purchase Order: Ship Mined Ore,e3254ad6-ef4d-4719-871f-f13a832038f5,BP_REWARDS_ShubinRank4,1,complete,48blueprints,"[{""weight"":1,""name"":""Arbor MH2 Mining Laser""},{""weight"":1,""name"":""Lancet MH2 Mining Laser""},{""weight"":1,""name"":""Hofstede-S2 Mining Laser""},{""weight"":1,""name"":""Klein-S2 Mining Laser""},{""weight"":1,""name"":""Helix II Mining Laser""},{""weight"":1,""name"":""Impact II Mining Laser""},{""weight"":1,""name"":""FullSpec-Go""},{""weight"":1,""name"":""FullSpec""},{""weight"":1,""name"":""FullSpec-Max""}]"
fc55e610-a8af-416f-9122-fc514dbc6cd2,Shubin_RG_Discovery_ShipMining_Stanton_Bexalite_Ice,XL Purchase Order: Ship Mined Ore,253e9697-5605-4732-b4fa-56af7a3dc140,BP_REWARDS_ShubinRank0to1,1,complete,48blueprints,"[{""weight"":1,""name"":""Arbor MHV Mining Laser""},{""weight"":1,""name"":""S00 Hofstede""},{""weight"":1,""name"":""Lawson Mining Laser""},{""weight"":1,""name"":""S0 Helix""},{""weight"":1,""name"":""Surveyor-Go""},{""weight"":1,""name"":""Surveyor-Lite""},{""weight"":1,""name"":""Surveyor""},{""weight"":1,""name"":""Surveyor-Max""}]"
fc55e610-a8af-416f-9122-fc514dbc6cd2,Shubin_RG_Discovery_ShipMining_Stanton_Bexalite_Ice,XL Purchase Order: Ship Mined Ore,32463294-45d5-4e92-a773-dce1f28a2a2b,BP_REWARDS_ShubinRank2to3,1,complete,48blueprints,"[{""weight"":1,""name"":""Pitman Mining Laser""},{""weight"":1,""name"":""Hofstede-S1 Mining Laser""},{""weight"":1,""name"":""Klein-S1 Mining Laser""},{""weight"":1,""name"":""Helix I Mining Laser""},{""weight"":1,""name"":""Impact I Mining Laser""},{""weight"":1,""name"":""Arbor MH1 Mining Laser""},{""weight"":1,""name"":""Lancet MH1 Mining Laser""},{""weight"":1,""name"":""BroadSpec-Go""},{""weight"":1,""name"":""BroadSpec""},{""weight"":1,""name"":""BroadSpec""},{""weight"":1,""name"":""BroadSpec-Max""}]"
f948a910-a37f-40ff-ba4e-6d70fe5c959b,Shubin_RG_Discovery_ShipMining_Stanton_Gold,XL Purchase Order: Ship Mined Ore,40438f39-f78c-41bc-a8de-d6f4f4c2daec,BP_MISSIONREWARD_Shubin_ResourceGathering_ShipMining_Stanton,1,complete,blueprintmissionpools,"[{""weight"":1,""name"":""Arclight \""Nightstalker\"" Pistol""},{""weight"":1,""name"":""Aril Arms""},{""weight"":1,""name"":""Aril Core""},{""weight"":1,""name"":""Aril Legs""},{""weight"":1,""name"":""Aril Helmet""},{""weight"":1,""name"":""Arclight \""Warhawk\"" Pistol""},{""weight"":1,""name"":""Arclight Pistol Battery (30 cap)""}]"
f948a910-a37f-40ff-ba4e-6d70fe5c959b,Shubin_RG_Discovery_ShipMining_Stanton_Gold,XL Purchase Order: Ship Mined Ore,e3254ad6-ef4d-4719-871f-f13a832038f5,BP_REWARDS_ShubinRank4,1,complete,48blueprints,"[{""weight"":1,""name"":""Arbor MH2 Mining Laser""},{""weight"":1,""name"":""Lancet MH2 Mining Laser""},{""weight"":1,""name"":""Hofstede-S2 Mining Laser""},{""weight"":1,""name"":""Klein-S2 Mining Laser""},{""weight"":1,""name"":""Helix II Mining Laser""},{""weight"":1,""name"":""Impact II Mining Laser""},{""weight"":1,""name"":""FullSpec-Go""},{""weight"":1,""name"":""FullSpec""},{""weight"":1,""name"":""FullSpec-Max""}]"
f948a910-a37f-40ff-ba4e-6d70fe5c959b,Shubin_RG_Discovery_ShipMining_Stanton_Gold,XL Purchase Order: Ship Mined Ore,253e9697-5605-4732-b4fa-56af7a3dc140,BP_REWARDS_ShubinRank0to1,1,complete,48blueprints,"[{""weight"":1,""name"":""Arbor MHV Mining Laser""},{""weight"":1,""name"":""S00 Hofstede""},{""weight"":1,""name"":""Lawson Mining Laser""},{""weight"":1,""name"":""S0 Helix""},{""weight"":1,""name"":""Surveyor-Go""},{""weight"":1,""name"":""Surveyor-Lite""},{""weight"":1,""name"":""Surveyor""},{""weight"":1,""name"":""Surveyor-Max""}]"
f948a910-a37f-40ff-ba4e-6d70fe5c959b,Shubin_RG_Discovery_ShipMining_Stanton_Gold,XL Purchase Order: Ship Mined Ore,32463294-45d5-4e92-a773-dce1f28a2a2b,BP_REWARDS_ShubinRank2to3,1,complete,48blueprints,"[{""weight"":1,""name"":""Pitman Mining Laser""},{""weight"":1,""name"":""Hofstede-S1 Mining Laser""},{""weight"":1,""name"":""Klein-S1 Mining Laser""},{""weight"":1,""name"":""Helix I Mining Laser""},{""weight"":1,""name"":""Impact I Mining Laser""},{""weight"":1,""name"":""Arbor MH1 Mining Laser""},{""weight"":1,""name"":""Lancet MH1 Mining Laser""},{""weight"":1,""name"":""BroadSpec-Go""},{""weight"":1,""name"":""BroadSpec""},{""weight"":1,""name"":""BroadSpec""},{""weight"":1,""name"":""BroadSpec-Max""}]"
c0b1e84e-755a-4bad-9494-424b488ed5b3,Shubin_RG_Discovery_ShipMining_Stanton_Silicon_Bexalite,XL Purchase Order: Ship Mined Ore,40438f39-f78c-41bc-a8de-d6f4f4c2daec,BP_MISSIONREWARD_Shubin_ResourceGathering_ShipMining_Stanton,1,complete,blueprintmissionpools,"[{""weight"":1,""name"":""Arclight \""Nightstalker\"" Pistol""},{""weight"":1,""name"":""Aril Arms""},{""weight"":1,""name"":""Aril Core""},{""weight"":1,""name"":""Aril Legs""},{""weight"":1,""name"":""Aril Helmet""},{""weight"":1,""name"":""Arclight \""Warhawk\"" Pistol""},{""weight"":1,""name"":""Arclight Pistol Battery (30 cap)""}]"
c0b1e84e-755a-4bad-9494-424b488ed5b3,Shubin_RG_Discovery_ShipMining_Stanton_Silicon_Bexalite,XL Purchase Order: Ship Mined Ore,e3254ad6-ef4d-4719-871f-f13a832038f5,BP_REWARDS_ShubinRank4,1,complete,48blueprints,"[{""weight"":1,""name"":""Arbor MH2 Mining Laser""},{""weight"":1,""name"":""Lancet MH2 Mining Laser""},{""weight"":1,""name"":""Hofstede-S2 Mining Laser""},{""weight"":1,""name"":""Klein-S2 Mining Laser""},{""weight"":1,""name"":""Helix II Mining Laser""},{""weight"":1,""name"":""Impact II Mining Laser""},{""weight"":1,""name"":""FullSpec-Go""},{""weight"":1,""name"":""FullSpec""},{""weight"":1,""name"":""FullSpec-Max""}]"
c0b1e84e-755a-4bad-9494-424b488ed5b3,Shubin_RG_Discovery_ShipMining_Stanton_Silicon_Bexalite,XL Purchase Order: Ship Mined Ore,253e9697-5605-4732-b4fa-56af7a3dc140,BP_REWARDS_ShubinRank0to1,1,complete,48blueprints,"[{""weight"":1,""name"":""Arbor MHV Mining Laser""},{""weight"":1,""name"":""S00 Hofstede""},{""weight"":1,""name"":""Lawson Mining Laser""},{""weight"":1,""name"":""S0 Helix""},{""weight"":1,""name"":""Surveyor-Go""},{""weight"":1,""name"":""Surveyor-Lite""},{""weight"":1,""name"":""Surveyor""},{""weight"":1,""name"":""Surveyor-Max""}]"
c0b1e84e-755a-4bad-9494-424b488ed5b3,Shubin_RG_Discovery_ShipMining_Stanton_Silicon_Bexalite,XL Purchase Order: Ship Mined Ore,32463294-45d5-4e92-a773-dce1f28a2a2b,BP_REWARDS_ShubinRank2to3,1,complete,48blueprints,"[{""weight"":1,""name"":""Pitman Mining Laser""},{""weight"":1,""name"":""Hofstede-S1 Mining Laser""},{""weight"":1,""name"":""Klein-S1 Mining Laser""},{""weight"":1,""name"":""Helix I Mining Laser""},{""weight"":1,""name"":""Impact I Mining Laser""},{""weight"":1,""name"":""Arbor MH1 Mining Laser""},{""weight"":1,""name"":""Lancet MH1 Mining Laser""},{""weight"":1,""name"":""BroadSpec-Go""},{""weight"":1,""name"":""BroadSpec""},{""weight"":1,""name"":""BroadSpec""},{""weight"":1,""name"":""BroadSpec-Max""}]"
8f1137c7-53a5-47b9-bc52-fc2b045db05c,Shubin_RG_Discovery_ShipMining_Stanton_Taranite,XL Purchase Order: Ship Mined Ore,40438f39-f78c-41bc-a8de-d6f4f4c2daec,BP_MISSIONREWARD_Shubin_ResourceGathering_ShipMining_Stanton,1,complete,blueprintmissionpools,"[{""weight"":1,""name"":""Arclight \""Nightstalker\"" Pistol""},{""weight"":1,""name"":""Aril Arms""},{""weight"":1,""name"":""Aril Core""},{""weight"":1,""name"":""Aril Legs""},{""weight"":1,""name"":""Aril Helmet""},{""weight"":1,""name"":""Arclight \""Warhawk\"" Pistol""},{""weight"":1,""name"":""Arclight Pistol Battery (30 cap)""}]"
8f1137c7-53a5-47b9-bc52-fc2b045db05c,Shubin_RG_Discovery_ShipMining_Stanton_Taranite,XL Purchase Order: Ship Mined Ore,e3254ad6-ef4d-4719-871f-f13a832038f5,BP_REWARDS_ShubinRank4,1,complete,48blueprints,"[{""weight"":1,""name"":""Arbor MH2 Mining Laser""},{""weight"":1,""name"":""Lancet MH2 Mining Laser""},{""weight"":1,""name"":""Hofstede-S2 Mining Laser""},{""weight"":1,""name"":""Klein-S2 Mining Laser""},{""weight"":1,""name"":""Helix II Mining Laser""},{""weight"":1,""name"":""Impact II Mining Laser""},{""weight"":1,""name"":""FullSpec-Go""},{""weight"":1,""name"":""FullSpec""},{""weight"":1,""name"":""FullSpec-Max""}]"
8f1137c7-53a5-47b9-bc52-fc2b045db05c,Shubin_RG_Discovery_ShipMining_Stanton_Taranite,XL Purchase Order: Ship Mined Ore,253e9697-5605-4732-b4fa-56af7a3dc140,BP_REWARDS_ShubinRank0to1,1,complete,48blueprints,"[{""weight"":1,""name"":""Arbor MHV Mining Laser""},{""weight"":1,""name"":""S00 Hofstede""},{""weight"":1,""name"":""Lawson Mining Laser""},{""weight"":1,""name"":""S0 Helix""},{""weight"":1,""name"":""Surveyor-Go""},{""weight"":1,""name"":""Surveyor-Lite""},{""weight"":1,""name"":""Surveyor""},{""weight"":1,""name"":""Surveyor-Max""}]"
8f1137c7-53a5-47b9-bc52-fc2b045db05c,Shubin_RG_Discovery_ShipMining_Stanton_Taranite,XL Purchase Order: Ship Mined Ore,32463294-45d5-4e92-a773-dce1f28a2a2b,BP_REWARDS_ShubinRank2to3,1,complete,48blueprints,"[{""weight"":1,""name"":""Pitman Mining Laser""},{""weight"":1,""name"":""Hofstede-S1 Mining Laser""},{""weight"":1,""name"":""Klein-S1 Mining Laser""},{""weight"":1,""name"":""Helix I Mining Laser""},{""weight"":1,""name"":""Impact I Mining Laser""},{""weight"":1,""name"":""Arbor MH1 Mining Laser""},{""weight"":1,""name"":""Lancet MH1 Mining Laser""},{""weight"":1,""name"":""BroadSpec-Go""},{""weight"":1,""name"":""BroadSpec""},{""weight"":1,""name"":""BroadSpec""},{""weight"":1,""name"":""BroadSpec-Max""}]"
a0106b65-0fdb-4b00-a289-d06673809f50,Shubin_RG_Discovery_ShipMining_Stanton_Tin_Borase,XL Purchase Order: Ship Mined Ore,40438f39-f78c-41bc-a8de-d6f4f4c2daec,BP_MISSIONREWARD_Shubin_ResourceGathering_ShipMining_Stanton,1,complete,blueprintmissionpools,"[{""weight"":1,""name"":""Arclight \""Nightstalker\"" Pistol""},{""weight"":1,""name"":""Aril Arms""},{""weight"":1,""name"":""Aril Core""},{""weight"":1,""name"":""Aril Legs""},{""weight"":1,""name"":""Aril Helmet""},{""weight"":1,""name"":""Arclight \""Warhawk\"" Pistol""},{""weight"":1,""name"":""Arclight Pistol Battery (30 cap)""}]"
a0106b65-0fdb-4b00-a289-d06673809f50,Shubin_RG_Discovery_ShipMining_Stanton_Tin_Borase,XL Purchase Order: Ship Mined Ore,e3254ad6-ef4d-4719-871f-f13a832038f5,BP_REWARDS_ShubinRank4,1,complete,48blueprints,"[{""weight"":1,""name"":""Arbor MH2 Mining Laser""},{""weight"":1,""name"":""Lancet MH2 Mining Laser""},{""weight"":1,""name"":""Hofstede-S2 Mining Laser""},{""weight"":1,""name"":""Klein-S2 Mining Laser""},{""weight"":1,""name"":""Helix II Mining Laser""},{""weight"":1,""name"":""Impact II Mining Laser""},{""weight"":1,""name"":""FullSpec-Go""},{""weight"":1,""name"":""FullSpec""},{""weight"":1,""name"":""FullSpec-Max""}]"
a0106b65-0fdb-4b00-a289-d06673809f50,Shubin_RG_Discovery_ShipMining_Stanton_Tin_Borase,XL Purchase Order: Ship Mined Ore,253e9697-5605-4732-b4fa-56af7a3dc140,BP_REWARDS_ShubinRank0to1,1,complete,48blueprints,"[{""weight"":1,""name"":""Arbor MHV Mining Laser""},{""weight"":1,""name"":""S00 Hofstede""},{""weight"":1,""name"":""Lawson Mining Laser""},{""weight"":1,""name"":""S0 Helix""},{""weight"":1,""name"":""Surveyor-Go""},{""weight"":1,""name"":""Surveyor-Lite""},{""weight"":1,""name"":""Surveyor""},{""weight"":1,""name"":""Surveyor-Max""}]"
a0106b65-0fdb-4b00-a289-d06673809f50,Shubin_RG_Discovery_ShipMining_Stanton_Tin_Borase,XL Purchase Order: Ship Mined Ore,32463294-45d5-4e92-a773-dce1f28a2a2b,BP_REWARDS_ShubinRank2to3,1,complete,48blueprints,"[{""weight"":1,""name"":""Pitman Mining Laser""},{""weight"":1,""name"":""Hofstede-S1 Mining Laser""},{""weight"":1,""name"":""Klein-S1 Mining Laser""},{""weight"":1,""name"":""Helix I Mining Laser""},{""weight"":1,""name"":""Impact I Mining Laser""},{""weight"":1,""name"":""Arbor MH1 Mining Laser""},{""weight"":1,""name"":""Lancet MH1 Mining Laser""},{""weight"":1,""name"":""BroadSpec-Go""},{""weight"":1,""name"":""BroadSpec""},{""weight"":1,""name"":""BroadSpec""},{""weight"":1,""name"":""BroadSpec-Max""}]"
86b71ad3-0ad8-4aa8-a3fe-6cf974a37610,Shubin_RG_Discovery_ShipMining_Nyx_Rank0_Local_Choice,XS Purchase Order: Ship Mined Ore,c2bd6ae6-c4a1-4fb1-8421-bd2979f39f77,BP_MISSIONREWARD_Shubin_ResourceGathering_ShipMining_PyroNyx,1,complete,blueprintmissionpools,"[{""weight"":1,""name"":""Arclight \""Stormfall\"" Pistol""},{""weight"":1,""name"":""Arclight Pistol""},{""weight"":1,""name"":""Venture Arms""},{""weight"":1,""name"":""Venture Core""},{""weight"":1,""name"":""Venture Legs""},{""weight"":1,""name"":""Horizon Helmet""},{""weight"":1,""name"":""Arclight Pistol Battery (30 cap)""}]"
86b71ad3-0ad8-4aa8-a3fe-6cf974a37610,Shubin_RG_Discovery_ShipMining_Nyx_Rank0_Local_Choice,XS Purchase Order: Ship Mined Ore,253e9697-5605-4732-b4fa-56af7a3dc140,BP_REWARDS_ShubinRank0to1,1,complete,48blueprints,"[{""weight"":1,""name"":""Arbor MHV Mining Laser""},{""weight"":1,""name"":""S00 Hofstede""},{""weight"":1,""name"":""Lawson Mining Laser""},{""weight"":1,""name"":""S0 Helix""},{""weight"":1,""name"":""Surveyor-Go""},{""weight"":1,""name"":""Surveyor-Lite""},{""weight"":1,""name"":""Surveyor""},{""weight"":1,""name"":""Surveyor-Max""}]"
942fe0c0-e055-474a-bf69-c97cd585f184,Shubin_RG_Discovery_ShipMining_Stanton1_Rank0_Local_Choice,XS Purchase Order: Ship Mined Ore,40438f39-f78c-41bc-a8de-d6f4f4c2daec,BP_MISSIONREWARD_Shubin_ResourceGathering_ShipMining_Stanton,1,complete,blueprintmissionpools,"[{""weight"":1,""name"":""Arclight \""Nightstalker\"" Pistol""},{""weight"":1,""name"":""Aril Arms""},{""weight"":1,""name"":""Aril Core""},{""weight"":1,""name"":""Aril Legs""},{""weight"":1,""name"":""Aril Helmet""},{""weight"":1,""name"":""Arclight \""Warhawk\"" Pistol""},{""weight"":1,""name"":""Arclight Pistol Battery (30 cap)""}]"
942fe0c0-e055-474a-bf69-c97cd585f184,Shubin_RG_Discovery_ShipMining_Stanton1_Rank0_Local_Choice,XS Purchase Order: Ship Mined Ore,253e9697-5605-4732-b4fa-56af7a3dc140,BP_REWARDS_ShubinRank0to1,1,complete,48blueprints,"[{""weight"":1,""name"":""Arbor MHV Mining Laser""},{""weight"":1,""name"":""S00 Hofstede""},{""weight"":1,""name"":""Lawson Mining Laser""},{""weight"":1,""name"":""S0 Helix""},{""weight"":1,""name"":""Surveyor-Go""},{""weight"":1,""name"":""Surveyor-Lite""},{""weight"":1,""name"":""Surveyor""},{""weight"":1,""name"":""Surveyor-Max""}]"
a5306c38-5aaf-4a81-92e5-9f22f567092c,Shubin_RG_Discovery_ShipMining_Stanton2_Rank0_Local_Choice,XS Purchase Order: Ship Mined Ore,40438f39-f78c-41bc-a8de-d6f4f4c2daec,BP_MISSIONREWARD_Shubin_ResourceGathering_ShipMining_Stanton,1,complete,blueprintmissionpools,"[{""weight"":1,""name"":""Arclight \""Nightstalker\"" Pistol""},{""weight"":1,""name"":""Aril Arms""},{""weight"":1,""name"":""Aril Core""},{""weight"":1,""name"":""Aril Legs""},{""weight"":1,""name"":""Aril Helmet""},{""weight"":1,""name"":""Arclight \""Warhawk\"" Pistol""},{""weight"":1,""name"":""Arclight Pistol Battery (30 cap)""}]"
a5306c38-5aaf-4a81-92e5-9f22f567092c,Shubin_RG_Discovery_ShipMining_Stanton2_Rank0_Local_Choice,XS Purchase Order: Ship Mined Ore,253e9697-5605-4732-b4fa-56af7a3dc140,BP_REWARDS_ShubinRank0to1,1,complete,48blueprints,"[{""weight"":1,""name"":""Arbor MHV Mining Laser""},{""weight"":1,""name"":""S00 Hofstede""},{""weight"":1,""name"":""Lawson Mining Laser""},{""weight"":1,""name"":""S0 Helix""},{""weight"":1,""name"":""Surveyor-Go""},{""weight"":1,""name"":""Surveyor-Lite""},{""weight"":1,""name"":""Surveyor""},{""weight"":1,""name"":""Surveyor-Max""}]"
c4c77fb7-18fe-49c5-a30f-741a6cf26434,Shubin_RG_Discovery_ShipMining_Stanton3_Rank0_Local_Choice,XS Purchase Order: Ship Mined Ore,40438f39-f78c-41bc-a8de-d6f4f4c2daec,BP_MISSIONREWARD_Shubin_ResourceGathering_ShipMining_Stanton,1,complete,blueprintmissionpools,"[{""weight"":1,""name"":""Arclight \""Nightstalker\"" Pistol""},{""weight"":1,""name"":""Aril Arms""},{""weight"":1,""name"":""Aril Core""},{""weight"":1,""name"":""Aril Legs""},{""weight"":1,""name"":""Aril Helmet""},{""weight"":1,""name"":""Arclight \""Warhawk\"" Pistol""},{""weight"":1,""name"":""Arclight Pistol Battery (30 cap)""}]"
c4c77fb7-18fe-49c5-a30f-741a6cf26434,Shubin_RG_Discovery_ShipMining_Stanton3_Rank0_Local_Choice,XS Purchase Order: Ship Mined Ore,253e9697-5605-4732-b4fa-56af7a3dc140,BP_REWARDS_ShubinRank0to1,1,complete,48blueprints,"[{""weight"":1,""name"":""Arbor MHV Mining Laser""},{""weight"":1,""name"":""S00 Hofstede""},{""weight"":1,""name"":""Lawson Mining Laser""},{""weight"":1,""name"":""S0 Helix""},{""weight"":1,""name"":""Surveyor-Go""},{""weight"":1,""name"":""Surveyor-Lite""},{""weight"":1,""name"":""Surveyor""},{""weight"":1,""name"":""Surveyor-Max""}]"
b9560897-9c6c-456c-933d-dd33518b74fb,Shubin_RG_Discovery_ShipMining_Stanton4_Rank0_Local_Choice,XS Purchase Order: Ship Mined Ore,40438f39-f78c-41bc-a8de-d6f4f4c2daec,BP_MISSIONREWARD_Shubin_ResourceGathering_ShipMining_Stanton,1,complete,blueprintmissionpools,"[{""weight"":1,""name"":""Arclight \""Nightstalker\"" Pistol""},{""weight"":1,""name"":""Aril Arms""},{""weight"":1,""name"":""Aril Core""},{""weight"":1,""name"":""Aril Legs""},{""weight"":1,""name"":""Aril Helmet""},{""weight"":1,""name"":""Arclight \""Warhawk\"" Pistol""},{""weight"":1,""name"":""Arclight Pistol Battery (30 cap)""}]"
b9560897-9c6c-456c-933d-dd33518b74fb,Shubin_RG_Discovery_ShipMining_Stanton4_Rank0_Local_Choice,XS Purchase Order: Ship Mined Ore,253e9697-5605-4732-b4fa-56af7a3dc140,BP_REWARDS_ShubinRank0to1,1,complete,48blueprints,"[{""weight"":1,""name"":""Arbor MHV Mining Laser""},{""weight"":1,""name"":""S00 Hofstede""},{""weight"":1,""name"":""Lawson Mining Laser""},{""weight"":1,""name"":""S0 Helix""},{""weight"":1,""name"":""Surveyor-Go""},{""weight"":1,""name"":""Surveyor-Lite""},{""weight"":1,""name"":""Surveyor""},{""weight"":1,""name"":""Surveyor-Max""}]"
3baf0632-0c91-433e-b91a-04f1f73b6b70,FoxwellEnforcement_ShipAmbush_Pyro_VeryEasy,Yellow Level Contract: Ambush An Amateur,af21edb5-3938-45ac-8a35-130e52463f44,BP_MISSIONREWARD_FoxwellEnforcement_Ambush,1,complete,blueprintmissionpools,"[{""weight"":1,""name"":""Parallax \""Sunstone\"" Energy Assault Rifle""},{""weight"":1,""name"":""Antium Arms Jet""},{""weight"":1,""name"":""Antium Core Jet""},{""weight"":1,""name"":""Antium Legs Jet""},{""weight"":1,""name"":""Antium Core Jet""},{""weight"":1,""name"":""Parallax Rifle Battery (80 Cap)""}]"
7afeaf4d-a225-4d03-8c8d-625746cde3b5,FoxwellEnforcement_ShipAmbush_Stanton_VeryEasy,Yellow Level Contract: Ambush An Amateur,af21edb5-3938-45ac-8a35-130e52463f44,BP_MISSIONREWARD_FoxwellEnforcement_Ambush,1,complete,blueprintmissionpools,"[{""weight"":1,""name"":""Parallax \""Sunstone\"" Energy Assault Rifle""},{""weight"":1,""name"":""Antium Arms Jet""},{""weight"":1,""name"":""Antium Core Jet""},{""weight"":1,""name"":""Antium Legs Jet""},{""weight"":1,""name"":""Antium Core Jet""},{""weight"":1,""name"":""Parallax Rifle Battery (80 Cap)""}]"
2aff8901-0787-4a79-a87b-e6846f7b91c0,FoxwellEnforcement_PAF_EliminateAll,Yellow Level Contract: Clear Out PAF,5b74b911-ef2e-4bcd-8767-84abdc6bf6f9,BP_MISSIONREWARD_FoxwellEnforcement_Generator,1,complete,blueprintmissionpools,"[{""weight"":1,""name"":""Antium Helmet Jet""},{""weight"":1,""name"":""Antium Core Maroon""},{""weight"":1,""name"":""Antium Legs Maroon""},{""weight"":1,""name"":""Antium Helmet Maroon""},{""weight"":1,""name"":""Antium Helmet Moss Camo""},{""weight"":1,""name"":""Antium Arms Moss Camo""},{""weight"":1,""name"":""Antium Core Moss Camo""},{""weight"":1,""name"":""Antium Legs Moss Camo""}]"
b08f5fae-7dd8-4d51-a3df-ae71623d382e,FoxwellEnforcement_ShipWaveAttack_ClearOutHostiles_Stanton_VE,Yellow Level Contract: Clear Shipjacking Group,e489ca64-3152-4ef3-8e86-10e05120d84d,BP_MISSIONREWARD_Foxwell_DefendEntitiesAndEscort,1,complete,blueprintmissionpools,"[{""weight"":1,""name"":""Parallax Energy Assault Rifle""},{""weight"":1,""name"":""Antium Arms""},{""weight"":1,""name"":""Antium Core""},{""weight"":1,""name"":""Antium Legs""},{""weight"":1,""name"":""Antium Helmet""},{""weight"":1,""name"":""Parallax Rifle Battery (80 Cap)""}]"
adb32bca-f7d2-4182-a697-d36cc5467183,FoxwellEnforcement_EscortShips_Pyro_Easy,Yellow Level Contract: Defend [LOCATION],ad7ee842-5a39-4f35-a337-91b8e274179f,BP_MISSIONREWARD_FoxwellEnforcement_EscortShips,1,complete,blueprintmissionpools,"[{""weight"":1,""name"":""Parallax \""Shock Trooper\"" Energy Assault Rifle""},{""weight"":1,""name"":""Antium Arms Storm""},{""weight"":1,""name"":""Antium Core Storm""},{""weight"":1,""name"":""Antium Legs Storm""},{""weight"":1,""name"":""Antium Helmet Storm""},{""weight"":1,""name"":""Parallax Rifle Battery (80 Cap)""}]"
868d5596-1b23-499e-8afb-88800d6e3f5e,FoxwellEnforcement_EscortShips_Stanton_Easy,Yellow Level Contract: Defend [LOCATION],ad7ee842-5a39-4f35-a337-91b8e274179f,BP_MISSIONREWARD_FoxwellEnforcement_EscortShips,1,complete,blueprintmissionpools,"[{""weight"":1,""name"":""Parallax \""Shock Trooper\"" Energy Assault Rifle""},{""weight"":1,""name"":""Antium Arms Storm""},{""weight"":1,""name"":""Antium Core Storm""},{""weight"":1,""name"":""Antium Legs Storm""},{""weight"":1,""name"":""Antium Helmet Storm""},{""weight"":1,""name"":""Parallax Rifle Battery (80 Cap)""}]"
3182e3b9-82f4-46a9-8479-b5496b51b852,FoxwellEnforcement_BombingRun_Stanton_E,Yellow Level Contract: Disrupt Operations,5b74b911-ef2e-4bcd-8767-84abdc6bf6f9,BP_MISSIONREWARD_FoxwellEnforcement_Generator,1,complete,blueprintmissionpools,"[{""weight"":1,""name"":""Antium Helmet Jet""},{""weight"":1,""name"":""Antium Core Maroon""},{""weight"":1,""name"":""Antium Legs Maroon""},{""weight"":1,""name"":""Antium Helmet Maroon""},{""weight"":1,""name"":""Antium Helmet Moss Camo""},{""weight"":1,""name"":""Antium Arms Moss Camo""},{""weight"":1,""name"":""Antium Core Moss Camo""},{""weight"":1,""name"":""Antium Legs Moss Camo""}]"
6d43451e-c36b-4f9a-bc41-9ee6e3b8587f,FoxwellEnforcement_BombingRun_Stanton_VE,Yellow Level Contract: Limiting Potential Threat,5b74b911-ef2e-4bcd-8767-84abdc6bf6f9,BP_MISSIONREWARD_FoxwellEnforcement_Generator,1,complete,blueprintmissionpools,"[{""weight"":1,""name"":""Antium Helmet Jet""},{""weight"":1,""name"":""Antium Core Maroon""},{""weight"":1,""name"":""Antium Legs Maroon""},{""weight"":1,""name"":""Antium Helmet Maroon""},{""weight"":1,""name"":""Antium Helmet Moss Camo""},{""weight"":1,""name"":""Antium Arms Moss Camo""},{""weight"":1,""name"":""Antium Core Moss Camo""},{""weight"":1,""name"":""Antium Legs Moss Camo""}]"
c4fd412d-06e5-4428-8819-2b1f62d9e9c6,FoxwellEnforcement_OLP_EliminateAll,Yellow Level Contract: Merc Work,5b74b911-ef2e-4bcd-8767-84abdc6bf6f9,BP_MISSIONREWARD_FoxwellEnforcement_Generator,1,complete,blueprintmissionpools,"[{""weight"":1,""name"":""Antium Helmet Jet""},{""weight"":1,""name"":""Antium Core Maroon""},{""weight"":1,""name"":""Antium Legs Maroon""},{""weight"":1,""name"":""Antium Helmet Maroon""},{""weight"":1,""name"":""Antium Helmet Moss Camo""},{""weight"":1,""name"":""Antium Arms Moss Camo""},{""weight"":1,""name"":""Antium Core Moss Camo""},{""weight"":1,""name"":""Antium Legs Moss Camo""}]"
e63947e0-f57d-4ca2-8947-4fd2f9d9e80d,FoxwellEnforcement_ShipWaveAttack_ClearOutHostiles_Stanton_E,Yellow Level Contract: Neutralize Shipjacking Gang,e489ca64-3152-4ef3-8e86-10e05120d84d,BP_MISSIONREWARD_Foxwell_DefendEntitiesAndEscort,1,complete,blueprintmissionpools,"[{""weight"":1,""name"":""Parallax Energy Assault Rifle""},{""weight"":1,""name"":""Antium Arms""},{""weight"":1,""name"":""Antium Core""},{""weight"":1,""name"":""Antium Legs""},{""weight"":1,""name"":""Antium Helmet""},{""weight"":1,""name"":""Parallax Rifle Battery (80 Cap)""}]"
21f45002-9ea8-4dca-9553-d27eb85ceab9,FoxwellEnforcement_Patrol_Pyro_VeryEasy,Yellow Level Contract: Routine Patrol,2fefd608-1c2c-4b0f-9c48-24b797f3ba3f,BP_MISSIONREWARD_FoxwellEnforcement_Patrol,1,complete,blueprintmissionpools,"[{""weight"":1,""name"":""Parallax \""Sanguine\"" Energy Assault Rifle""},{""weight"":1,""name"":""Antium Arms Sand""},{""weight"":1,""name"":""Antium Core Sand""},{""weight"":1,""name"":""Antium Legs Sand""},{""weight"":1,""name"":""Antium Helmet Sand""},{""weight"":1,""name"":""Parallax Rifle Battery (80 Cap)""}]"
ae1596ff-c1ba-4b80-8265-b06e7864a3d5,FoxwellEnforcement_Patrol_Stanton_VeryEasy,Yellow Level Contract: Routine Patrol,2fefd608-1c2c-4b0f-9c48-24b797f3ba3f,BP_MISSIONREWARD_FoxwellEnforcement_Patrol,1,complete,blueprintmissionpools,"[{""weight"":1,""name"":""Parallax \""Sanguine\"" Energy Assault Rifle""},{""weight"":1,""name"":""Antium Arms Sand""},{""weight"":1,""name"":""Antium Core Sand""},{""weight"":1,""name"":""Antium Legs Sand""},{""weight"":1,""name"":""Antium Helmet Sand""},{""weight"":1,""name"":""Parallax Rifle Battery (80 Cap)""}]"
f055aa9c-f9d9-4f93-82d1-e3a4a6b22f4e,FoxwellEnforcement_Patrol_Pyro_Easy,Yellow Level Contract: Security Sweep,2fefd608-1c2c-4b0f-9c48-24b797f3ba3f,BP_MISSIONREWARD_FoxwellEnforcement_Patrol,1,complete,blueprintmissionpools,"[{""weight"":1,""name"":""Parallax \""Sanguine\"" Energy Assault Rifle""},{""weight"":1,""name"":""Antium Arms Sand""},{""weight"":1,""name"":""Antium Core Sand""},{""weight"":1,""name"":""Antium Legs Sand""},{""weight"":1,""name"":""Antium Helmet Sand""},{""weight"":1,""name"":""Parallax Rifle Battery (80 Cap)""}]"
501df9ce-0359-4492-80aa-cf5a746bbf9b,FoxwellEnforcement_Patrol_Stanton_Easy,Yellow Level Contract: Security Sweep,2fefd608-1c2c-4b0f-9c48-24b797f3ba3f,BP_MISSIONREWARD_FoxwellEnforcement_Patrol,1,complete,blueprintmissionpools,"[{""weight"":1,""name"":""Parallax \""Sanguine\"" Energy Assault Rifle""},{""weight"":1,""name"":""Antium Arms Sand""},{""weight"":1,""name"":""Antium Core Sand""},{""weight"":1,""name"":""Antium Legs Sand""},{""weight"":1,""name"":""Antium Helmet Sand""},{""weight"":1,""name"":""Parallax Rifle Battery (80 Cap)""}]"
03aa1c79-aef0-4b03-863a-d56baf1b4bae,FoxwellEnforcement_Stanton_DefendShipNamed_E,Yellow Level Contract: Ship Under Attack,5b74b911-ef2e-4bcd-8767-84abdc6bf6f9,BP_MISSIONREWARD_FoxwellEnforcement_Generator,1,complete,blueprintmissionpools,"[{""weight"":1,""name"":""Antium Helmet Jet""},{""weight"":1,""name"":""Antium Core Maroon""},{""weight"":1,""name"":""Antium Legs Maroon""},{""weight"":1,""name"":""Antium Helmet Maroon""},{""weight"":1,""name"":""Antium Helmet Moss Camo""},{""weight"":1,""name"":""Antium Arms Moss Camo""},{""weight"":1,""name"":""Antium Core Moss Camo""},{""weight"":1,""name"":""Antium Legs Moss Camo""}]"
48cacfd7-920a-44bc-977d-8ea52ed6d324,FoxwellEnforcement_Stanton_DefendShipNamed_E_NearLocation,Yellow Level Contract: Ship Under Attack,5b74b911-ef2e-4bcd-8767-84abdc6bf6f9,BP_MISSIONREWARD_FoxwellEnforcement_Generator,1,complete,blueprintmissionpools,"[{""weight"":1,""name"":""Antium Helmet Jet""},{""weight"":1,""name"":""Antium Core Maroon""},{""weight"":1,""name"":""Antium Legs Maroon""},{""weight"":1,""name"":""Antium Helmet Maroon""},{""weight"":1,""name"":""Antium Helmet Moss Camo""},{""weight"":1,""name"":""Antium Arms Moss Camo""},{""weight"":1,""name"":""Antium Core Moss Camo""},{""weight"":1,""name"":""Antium Legs Moss Camo""}]"
dd355331-ebe4-4fa2-8f8c-84f9df18839b,FoxwellEnforcement_EscortShips_Pyro_VeryEasy,Yellow Level Contract: Stand Up to Aggressors,ad7ee842-5a39-4f35-a337-91b8e274179f,BP_MISSIONREWARD_FoxwellEnforcement_EscortShips,1,complete,blueprintmissionpools,"[{""weight"":1,""name"":""Parallax \""Shock Trooper\"" Energy Assault Rifle""},{""weight"":1,""name"":""Antium Arms Storm""},{""weight"":1,""name"":""Antium Core Storm""},{""weight"":1,""name"":""Antium Legs Storm""},{""weight"":1,""name"":""Antium Helmet Storm""},{""weight"":1,""name"":""Parallax Rifle Battery (80 Cap)""}]"
e5ac3362-5188-46cf-b931-79879e143b2b,FoxwellEnforcement_EscortShips_Stanton_VeryEasy,Yellow Level Contract: Stand Up to Aggressors,ad7ee842-5a39-4f35-a337-91b8e274179f,BP_MISSIONREWARD_FoxwellEnforcement_EscortShips,1,complete,blueprintmissionpools,"[{""weight"":1,""name"":""Parallax \""Shock Trooper\"" Energy Assault Rifle""},{""weight"":1,""name"":""Antium Arms Storm""},{""weight"":1,""name"":""Antium Core Storm""},{""weight"":1,""name"":""Antium Legs Storm""},{""weight"":1,""name"":""Antium Helmet Storm""},{""weight"":1,""name"":""Parallax Rifle Battery (80 Cap)""}]"
1be171aa-8747-46cf-9c0b-f4ba47874e4a,FoxwellEnforcement_ShipAmbush_Pyro_Easy,Yellow Level Contract: Surprise Strike,af21edb5-3938-45ac-8a35-130e52463f44,BP_MISSIONREWARD_FoxwellEnforcement_Ambush,1,complete,blueprintmissionpools,"[{""weight"":1,""name"":""Parallax \""Sunstone\"" Energy Assault Rifle""},{""weight"":1,""name"":""Antium Arms Jet""},{""weight"":1,""name"":""Antium Core Jet""},{""weight"":1,""name"":""Antium Legs Jet""},{""weight"":1,""name"":""Antium Core Jet""},{""weight"":1,""name"":""Parallax Rifle Battery (80 Cap)""}]"
2a53134f-239b-4c57-bb75-04598306a282,FoxwellEnforcement_ShipAmbush_Stanton_Easy,Yellow Level Contract: Surprise Strike,af21edb5-3938-45ac-8a35-130e52463f44,BP_MISSIONREWARD_FoxwellEnforcement_Ambush,1,complete,blueprintmissionpools,"[{""weight"":1,""name"":""Parallax \""Sunstone\"" Energy Assault Rifle""},{""weight"":1,""name"":""Antium Arms Jet""},{""weight"":1,""name"":""Antium Core Jet""},{""weight"":1,""name"":""Antium Legs Jet""},{""weight"":1,""name"":""Antium Core Jet""},{""weight"":1,""name"":""Parallax Rifle Battery (80 Cap)""}]"
8744d536-ee31-493b-a2b1-c819ba2f8955,Foxwell_DefendDestructibleEntities_Stanton_VeryEasy,Yellow Lvl. Contract: Defend Fuel Tanks,e489ca64-3152-4ef3-8e86-10e05120d84d,BP_MISSIONREWARD_Foxwell_DefendEntitiesAndEscort,1,complete,blueprintmissionpools,"[{""weight"":1,""name"":""Parallax Energy Assault Rifle""},{""weight"":1,""name"":""Antium Arms""},{""weight"":1,""name"":""Antium Core""},{""weight"":1,""name"":""Antium Legs""},{""weight"":1,""name"":""Antium Helmet""},{""weight"":1,""name"":""Parallax Rifle Battery (80 Cap)""}]"
dcc895fc-a9f5-4374-bd18-95c6ce20000c,Foxwell_DefendEntitiesAndEscort_Nyx_VeryEasy_From,Yellow Lvl. Contract: Defend Fuel Tanks and Escort Employees,918ba6a6-772e-49c9-9d80-3f0c637a85e5,BP_REWARDS_NyxFoxwellEasy,1,complete,48blueprints,"[{""weight"":1,""name"":""Frost-Star SL""},{""weight"":1,""name"":""Fridan""},{""weight"":1,""name"":""Tepilo""},{""weight"":1,""name"":""Frost-Star""},{""weight"":1,""name"":""ArcticStorm""},{""weight"":1,""name"":""Berian""},{""weight"":1,""name"":""Gelid""},{""weight"":1,""name"":""Frost-Star EX""},{""weight"":1,""name"":""ColdSnap""},{""weight"":1,""name"":""Aufeis""},{""weight"":1,""name"":""Graupel""},{""weight"":1,""name"":""Frost-Star XL""},{""weight"":1,""name"":""FrostBurn""},{""weight"":1,""name"":""Draug""},{""weight"":1,""name"":""Elsen""},{""weight"":1,""name"":""Kragen""}]"
f3293ec9-3120-413c-81dc-6edebb49593c,Foxwell_DefendEntitiesAndEscort_Pyro_VeryEasy_From,Yellow Lvl. Contract: Defend Fuel Tanks and Escort Employees,82426625-1081-4bc2-a72f-04f8e6c7d463,BP_REWARDS_PyroFoxwellEasy,1,complete,48blueprints,"[{""weight"":1,""name"":""IonWave""},{""weight"":1,""name"":""Radix""},{""weight"":1,""name"":""IonBurst""},{""weight"":1,""name"":""PowerBolt""},{""weight"":1,""name"":""LightBlossom""},{""weight"":1,""name"":""MagnaBloom""},{""weight"":1,""name"":""FullForce""},{""weight"":1,""name"":""IonSurge""},{""weight"":1,""name"":""FullForce""},{""weight"":1,""name"":""Radiance""},{""weight"":1,""name"":""FullForce Pro""},{""weight"":1,""name"":""IonSurge Pro""},{""weight"":1,""name"":""Celestial""},{""weight"":1,""name"":""NewDawn""}]"
e98fd56d-624c-4d32-a582-0fc5511a1ce6,Foxwell_DefendEntitiesAndEscort_Stanton_VeryEasy_From,Yellow Lvl. Contract: Defend Fuel Tanks and Escort Employees,f045d6b4-1c56-4975-b78f-a876a1c23cd3,BP_REWARDS_StantonFoxwellEasy,1,complete,48blueprints,"[{""weight"":1,""name"":""7SA 'Concord'""},{""weight"":1,""name"":""INK""},{""weight"":1,""name"":""7MA 'Lorica'""},{""weight"":1,""name"":""RPEL""},{""weight"":1,""name"":""7CA 'Nargun'""},{""weight"":1,""name"":""HAVEN""}]"
f4d690b6-f20e-4ab9-a098-906e308909a4,Foxwell_DefendDestructibleEntities_Stanton_Easy,Yellow Lvl. Contract: Protect Fuel Tanks,e489ca64-3152-4ef3-8e86-10e05120d84d,BP_MISSIONREWARD_Foxwell_DefendEntitiesAndEscort,1,complete,blueprintmissionpools,"[{""weight"":1,""name"":""Parallax Energy Assault Rifle""},{""weight"":1,""name"":""Antium Arms""},{""weight"":1,""name"":""Antium Core""},{""weight"":1,""name"":""Antium Legs""},{""weight"":1,""name"":""Antium Helmet""},{""weight"":1,""name"":""Parallax Rifle Battery (80 Cap)""}]"
0e558915-e797-4ebc-b49c-5bace9ca6405,Foxwell_DefendEntitiesAndEscort_Nyx_Easy,Yellow Lvl. Contract: Protect Fuel Tanks and Escort Employees,918ba6a6-772e-49c9-9d80-3f0c637a85e5,BP_REWARDS_NyxFoxwellEasy,1,complete,48blueprints,"[{""weight"":1,""name"":""Frost-Star SL""},{""weight"":1,""name"":""Fridan""},{""weight"":1,""name"":""Tepilo""},{""weight"":1,""name"":""Frost-Star""},{""weight"":1,""name"":""ArcticStorm""},{""weight"":1,""name"":""Berian""},{""weight"":1,""name"":""Gelid""},{""weight"":1,""name"":""Frost-Star EX""},{""weight"":1,""name"":""ColdSnap""},{""weight"":1,""name"":""Aufeis""},{""weight"":1,""name"":""Graupel""},{""weight"":1,""name"":""Frost-Star XL""},{""weight"":1,""name"":""FrostBurn""},{""weight"":1,""name"":""Draug""},{""weight"":1,""name"":""Elsen""},{""weight"":1,""name"":""Kragen""}]"
aeb8462c-ac70-4861-8f23-e60c99c1c02c,Foxwell_DefendEntitiesAndEscort_Pyro_Easy,Yellow Lvl. Contract: Protect Fuel Tanks and Escort Employees,82426625-1081-4bc2-a72f-04f8e6c7d463,BP_REWARDS_PyroFoxwellEasy,1,complete,48blueprints,"[{""weight"":1,""name"":""IonWave""},{""weight"":1,""name"":""Radix""},{""weight"":1,""name"":""IonBurst""},{""weight"":1,""name"":""PowerBolt""},{""weight"":1,""name"":""LightBlossom""},{""weight"":1,""name"":""MagnaBloom""},{""weight"":1,""name"":""FullForce""},{""weight"":1,""name"":""IonSurge""},{""weight"":1,""name"":""FullForce""},{""weight"":1,""name"":""Radiance""},{""weight"":1,""name"":""FullForce Pro""},{""weight"":1,""name"":""IonSurge Pro""},{""weight"":1,""name"":""Celestial""},{""weight"":1,""name"":""NewDawn""}]"
05052ef1-d6ad-41e7-93eb-bd31ef99b055,Foxwell_DefendEntitiesAndEscort_Stanton_Easy,Yellow Lvl. Contract: Protect Fuel Tanks and Escort Employees,f045d6b4-1c56-4975-b78f-a876a1c23cd3,BP_REWARDS_StantonFoxwellEasy,1,complete,48blueprints,"[{""weight"":1,""name"":""7SA 'Concord'""},{""weight"":1,""name"":""INK""},{""weight"":1,""name"":""7MA 'Lorica'""},{""weight"":1,""name"":""RPEL""},{""weight"":1,""name"":""7CA 'Nargun'""},{""weight"":1,""name"":""HAVEN""}]"
dcc744eb-e9c5-4364-a1d2-9b39864baecf,TheCollector_NoneAssultRifle,Your Best Shot,ef7eca0b-6f20-44e1-9308-8dcce92d713f,BP_REWARD_none_rifle_multi_01_collector01,1,complete,collectorwikelo,"[{""weight"":1,""name"":""Killshot \""Dominion Camo\"" Rifle""}]"
