id,debugName,category,missionType,missionTypeKey,title,titleKey,description,descriptionKey,descriptionLocKey,rewardUEC,timeToComplete,canBeShared,illegal,factionGuid,locations,destinations,prerequisites,tokenSubstitutions,minStanding,maxStanding,blueprintRewards,isBlueprintReward,isBlueprintChainPrerequisite,blueprintChainDepth,personalCooldownTime,rewardRepCalculated,factionRewards,factionRewardsRaw,shipEncounters,haulingOrders,itemRewards,completionTags,pyroRegion,buyIn,onceOnly,maxPlayersPerInstance,availableInPrison,canReacceptAfterAbandoning,canReacceptAfterFailing,hasPersonalCooldown,abandonedCooldownTime,hideInMobiGlas,systems,factionRewards_fail,requiredScenarios,isIntro,requiredIntros,linkedIntros,pickupCount,deliveryCount,propertyValues
a6d62a67-ba06-4bb1-a3bb-99a4ebc9e3ec,HaulCargo_AToB_Stanton1_ReHire,,Hauling,,Covalex Cargo Hauling Re-evaluation,@Covalex_HaulCargo_AToB_Rehire_title,"Hey,\n\nHave a bit of good news for you. Covalex recently finished an evaluation of our contractor pool, and decided to reconsider your status as a cargo hauler. To requalify, all you need is to successfully complete the following delivery.\n\nPick up <EM4>Tungsten</EM4> from a freight elevator at <EM4>[LOCATION]</EM4> and deliver it to a freight elevator at <EM4>[DESTINATION]</EM4>. In order to complete this haul in a fast and efficient manner, you'll need a ship that can haul <EM4>1 SCU cargo containers</EM4>.\n\nHopefully everything goes smoothly so we can welcome you back to the team.\n\nBy the way, we strongly encourage contractors to bring a <EM4>handheld tractor beam</EM4> along.   \n\nCovalex Shipping  \n'Anything you need, anywhere you need it.'\n\nCovalex Shipping is a limited liability corporation. To encourage timely deliveries and prevent fraud on cargo hauls, Covalex Shipping will set a delivery time limit and upon expiration, any undelivered cargo will be considered stolen and treated as such. Total payment will be prorated according to the percentage of cargo successfully delivered.",@Covalex_HaulCargo_AToB_Rehire_desc,Covalex_HaulCargo_AToB_Rehire_desc,50250,,,,3b2f7882-73cc-41a4-9dce-f188d927e905,"[""35c3ed47bd36""]","[""7c7107f9f580"",""32e3bb3ae27a"",""59ce884e5a53"",""bbd717ea0069""]","{""location"":[{""guid"":""551af60b-7727-4936-acc7-763d25d7a1de"",""name"":""Hurston"",""navIcon"":""Planet"",""star"":{""guid"":""34ff378f-faee-47bb-b5fe-f505e665c5ca"",""name"":""Stanton"",""navIcon"":""Star""}}]}","{""CargoRouteToken"":""@HaulCargo_CargoRoute_Planetary"",""CargoGradeToken"":""@HaulCargo_CargoGrade_ExtraSmall"",""ReputationRank"":""@RepStanding_TransportGuild_Rank0"",""MissionMaxSCUSize"":""@FreightElevator_1SCU"",""Item"":""@items_commodities_tungsten""}","{""guid"":""f0d4d7dc-1081-42ef-901c-e29b4a2ce33f"",""name"":""Trainee"",""minReputation"":0,""nameKey"":""RepStanding_TransportGuild_Rank0"",""includeWhenSharing"":true}",,,false,false,,5,,,,,"[{""resource"":""77b7c49f0863"",""minSCU"":6,""maxSCU"":6,""maxContainerSize"":1}]",,,,,,1,,1,1,,,,"[""Stanton""]",,,,,,1,1,
2041cd72-0d11-414c-914b-4e6664e1bb48,HaulCargo_AToB_Stanton2_ReHire,,Hauling,,Covalex Cargo Hauling Re-evaluation,@Covalex_HaulCargo_AToB_Rehire_title,"Hey,\n\nHave a bit of good news for you. Covalex recently finished an evaluation of our contractor pool, and decided to reconsider your status as a cargo hauler. To requalify, all you need is to successfully complete the following delivery.\n\nPick up <EM4>Titanium</EM4> from a freight elevator at <EM4>[LOCATION]</EM4> and deliver it to a freight elevator at <EM4>[DESTINATION]</EM4>. In order to complete this haul in a fast and efficient manner, you'll need a ship that can haul <EM4>1 SCU cargo containers</EM4>.\n\nHopefully everything goes smoothly so we can welcome you back to the team.\n\nBy the way, we strongly encourage contractors to bring a <EM4>handheld tractor beam</EM4> along.   \n\nCovalex Shipping  \n'Anything you need, anywhere you need it.'\n\nCovalex Shipping is a limited liability corporation. To encourage timely deliveries and prevent fraud on cargo hauls, Covalex Shipping will set a delivery time limit and upon expiration, any undelivered cargo will be considered stolen and treated as such. Total payment will be prorated according to the percentage of cargo successfully delivered.",@Covalex_HaulCargo_AToB_Rehire_desc,Covalex_HaulCargo_AToB_Rehire_desc,50250,,,,3b2f7882-73cc-41a4-9dce-f188d927e905,"[""11a4696ac43c""]","[""d56b03ec64ca""]","{""location"":[{""guid"":""c15033ab-2eb3-4d6d-b882-0cb336e67ed8"",""name"":""Crusader"",""navIcon"":""Planet"",""star"":{""guid"":""34ff378f-faee-47bb-b5fe-f505e665c5ca"",""name"":""Stanton"",""navIcon"":""Star""}}]}","{""CargoRouteToken"":""@HaulCargo_CargoRoute_Planetary"",""CargoGradeToken"":""@HaulCargo_CargoGrade_ExtraSmall"",""ReputationRank"":""@RepStanding_TransportGuild_Rank0"",""MissionMaxSCUSize"":""@FreightElevator_1SCU"",""Item"":""@items_commodities_titanium""}","{""guid"":""f0d4d7dc-1081-42ef-901c-e29b4a2ce33f"",""name"":""Trainee"",""minReputation"":0,""nameKey"":""RepStanding_TransportGuild_Rank0"",""includeWhenSharing"":true}",,,false,false,,5,,,,,"[{""resource"":""6c1aad782b33"",""minSCU"":6,""maxSCU"":6,""maxContainerSize"":1}]",,,,,,1,,1,1,,,,"[""Stanton""]",,,,,,1,1,
a15156b5-b386-49de-8d23-5ab3820452d0,HaulCargo_AToB_Stanton3_ReHire,,Hauling,,Covalex Cargo Hauling Re-evaluation,@Covalex_HaulCargo_AToB_Rehire_title,"Hey,\n\nHave a bit of good news for you. Covalex recently finished an evaluation of our contractor pool, and decided to reconsider your status as a cargo hauler. To requalify, all you need is to successfully complete the following delivery.\n\nPick up <EM4>Corundum</EM4> from a freight elevator at <EM4>[LOCATION]</EM4> and deliver it to a freight elevator at <EM4>[DESTINATION]</EM4>. In order to complete this haul in a fast and efficient manner, you'll need a ship that can haul <EM4>1 SCU cargo containers</EM4>.\n\nHopefully everything goes smoothly so we can welcome you back to the team.\n\nBy the way, we strongly encourage contractors to bring a <EM4>handheld tractor beam</EM4> along.   \n\nCovalex Shipping  \n'Anything you need, anywhere you need it.'\n\nCovalex Shipping is a limited liability corporation. To encourage timely deliveries and prevent fraud on cargo hauls, Covalex Shipping will set a delivery time limit and upon expiration, any undelivered cargo will be considered stolen and treated as such. Total payment will be prorated according to the percentage of cargo successfully delivered.",@Covalex_HaulCargo_AToB_Rehire_desc,Covalex_HaulCargo_AToB_Rehire_desc,50250,,,,3b2f7882-73cc-41a4-9dce-f188d927e905,"[""e2c9d59de95f""]","[""10b299e2ccf9""]","{""location"":[{""guid"":""35a9f8f5-8f80-4796-83db-7d7362baeb9a"",""name"":""ArcCorp"",""navIcon"":""Planet"",""star"":{""guid"":""34ff378f-faee-47bb-b5fe-f505e665c5ca"",""name"":""Stanton"",""navIcon"":""Star""}}]}","{""CargoRouteToken"":""@HaulCargo_CargoRoute_Planetary"",""CargoGradeToken"":""@HaulCargo_CargoGrade_ExtraSmall"",""ReputationRank"":""@RepStanding_TransportGuild_Rank0"",""MissionMaxSCUSize"":""@FreightElevator_1SCU"",""Item"":""@items_commodities_corundum""}","{""guid"":""f0d4d7dc-1081-42ef-901c-e29b4a2ce33f"",""name"":""Trainee"",""minReputation"":0,""nameKey"":""RepStanding_TransportGuild_Rank0"",""includeWhenSharing"":true}",,,false,false,,5,,,,,"[{""resource"":""d3f586abbe5d"",""minSCU"":6,""maxSCU"":6,""maxContainerSize"":1}]",,,,,,1,,1,1,,,,"[""Stanton""]",,,,,,1,1,
0f672755-e714-4309-bfff-75ae9379ea09,HaulCargo_AToB_Stanton4_ReHire,,Hauling,,Covalex Cargo Hauling Re-evaluation,@Covalex_HaulCargo_AToB_Rehire_title,"Hey,\n\nHave a bit of good news for you. Covalex recently finished an evaluation of our contractor pool, and decided to reconsider your status as a cargo hauler. To requalify, all you need is to successfully complete the following delivery.\n\nPick up <EM4>Quartz</EM4> from a freight elevator at <EM4>[LOCATION]</EM4> and deliver it to a freight elevator at <EM4>[DESTINATION]</EM4>. In order to complete this haul in a fast and efficient manner, you'll need a ship that can haul <EM4>1 SCU cargo containers</EM4>.\n\nHopefully everything goes smoothly so we can welcome you back to the team.\n\nBy the way, we strongly encourage contractors to bring a <EM4>handheld tractor beam</EM4> along.   \n\nCovalex Shipping  \n'Anything you need, anywhere you need it.'\n\nCovalex Shipping is a limited liability corporation. To encourage timely deliveries and prevent fraud on cargo hauls, Covalex Shipping will set a delivery time limit and upon expiration, any undelivered cargo will be considered stolen and treated as such. Total payment will be prorated according to the percentage of cargo successfully delivered.",@Covalex_HaulCargo_AToB_Rehire_desc,Covalex_HaulCargo_AToB_Rehire_desc,50250,,,,3b2f7882-73cc-41a4-9dce-f188d927e905,"[""15a181728888""]","[""0fcc1d84a327"",""0c19e0494d99"",""8ed6f459e7a4""]","{""location"":[{""guid"":""5a529db7-1a4e-45b0-bdcb-a5a0c7a7fc57"",""name"":""microTech"",""navIcon"":""Planet"",""star"":{""guid"":""34ff378f-faee-47bb-b5fe-f505e665c5ca"",""name"":""Stanton"",""navIcon"":""Star""}}]}","{""CargoRouteToken"":""@HaulCargo_CargoRoute_Planetary"",""CargoGradeToken"":""@HaulCargo_CargoGrade_ExtraSmall"",""ReputationRank"":""@RepStanding_TransportGuild_Rank0"",""MissionMaxSCUSize"":""@FreightElevator_1SCU"",""Item"":""@items_commodities_quartz""}","{""guid"":""f0d4d7dc-1081-42ef-901c-e29b4a2ce33f"",""name"":""Trainee"",""minReputation"":0,""nameKey"":""RepStanding_TransportGuild_Rank0"",""includeWhenSharing"":true}",,,false,false,,5,,,,,"[{""resource"":""8f116d732e1e"",""minSCU"":6,""maxSCU"":6,""maxContainerSize"":1}]",,,,,,1,,1,1,,,,"[""Stanton""]",,,,,,1,1,
ff038693-21d9-4ca9-898b-af689ab3fd97,HaulCargo_AToB_Gas_Hydrogen_Stanton_BulkGrade,,Hauling - Stellar,,Experienced Rank - Direct Large Cargo Haul,@Covalex_HaulCargo_AToB_title,"Hello,\n\nNeed a contractor for a simple cargo haul going from a freight elevator at <EM4>[LOCATION]</EM4> to a freight elevator at <EM4>[DESTINATION]</EM4>. At most the containers will be <EM4>32 SCU</EM4> in size. \n\nAlso, we strongly encourage contractors to bring a <EM4>handheld tractor beam</EM4> along. \n\nAny chance you’re available to take care of it for us?\n\n[SIGN_OFF]\n\nChase Hewitt\nJr. Logistics Coordinator\nCovalex Shipping  \n'Anything you need, anywhere you need it.'\n\nCovalex Shipping is a limited liability corporation. To encourage timely deliveries and prevent fraud on cargo hauls, Covalex Shipping will set a delivery time limit and upon expiration, any undelivered cargo will be considered stolen and treated as such. Total payment will be prorated according to the percentage of cargo successfully delivered.",@HaulCargo_AtoB_desc,Covalex_HaulCargo_AToB_desc_01,247750,,1,,3b2f7882-73cc-41a4-9dce-f188d927e905,"[""32d25a8fa1b9""]","[""db17a1be6e86"",""d819ce4e66cf"",""e63d2da1ad36"",""8126806f382a"",""2ed683252564"",""de212bfbf4b5""]","{""location"":[{""guid"":""34ff378f-faee-47bb-b5fe-f505e665c5ca"",""name"":""Stanton"",""navIcon"":""Star""}]}","{""CargoRouteToken"":""@HaulCargo_CargoRoute_Solar"",""CargoGradeToken"":""@HaulCargo_CargoGrade_Bulk"",""ReputationRank"":""@RepStanding_TransportGuild_Rank4"",""MissionMaxSCUSize"":""@FreightElevator_32SCU""}","{""guid"":""197422cb-cf00-4bbf-910b-67323b48a939"",""name"":""Experienced"",""minReputation"":27750,""nameKey"":""RepStanding_TransportGuild_Rank4"",""includeWhenSharing"":true}",,,false,false,,20,,,,,"[{""resource"":""e4ce2ac56db8"",""minSCU"":1024,""maxSCU"":2816,""maxContainerSize"":32}]",,,,,,1,,,1,,,,,,,,,,1,1,
7874f47b-a04f-488a-b140-663763018dde,HaulCargo_AToB_Processed_ProcessedFood_Stanton_BulkGrade,,Hauling - Stellar,,Experienced Rank - Direct Large Cargo Haul,@Covalex_HaulCargo_AToB_title,"Hello,\n\nNeed a contractor for a simple cargo haul going from a freight elevator at <EM4>[LOCATION]</EM4> to a freight elevator at <EM4>[DESTINATION]</EM4>. At most the containers will be <EM4>32 SCU</EM4> in size. \n\nAlso, we strongly encourage contractors to bring a <EM4>handheld tractor beam</EM4> along. \n\nAny chance you’re available to take care of it for us?\n\n[SIGN_OFF]\n\nChase Hewitt\nJr. Logistics Coordinator\nCovalex Shipping  \n'Anything you need, anywhere you need it.'\n\nCovalex Shipping is a limited liability corporation. To encourage timely deliveries and prevent fraud on cargo hauls, Covalex Shipping will set a delivery time limit and upon expiration, any undelivered cargo will be considered stolen and treated as such. Total payment will be prorated according to the percentage of cargo successfully delivered.",@HaulCargo_AtoB_desc,Covalex_HaulCargo_AToB_desc_01,245500,,1,,3b2f7882-73cc-41a4-9dce-f188d927e905,"[""32d25a8fa1b9""]","[""e242eae00bfc"",""cdbe5c5a9cc4"",""aef2b32d2479"",""c38446d75efc"",""ef0e5e890240"",""dba6f40b52a0"",""7c7107f9f580"",""10b299e2ccf9"",""84355f2b6158"",""7e6f1702d348"",""99f42c1cf91f"",""4ea94651f661"",""4c989742e9ab"",""a135f4e98ad2"",""5992d6926718"",""34b3eeecd6d2"",""44282c75228d"",""018d85504640"",""e95b4a8986f3"",""581b65066988"",""045624ecf3ed"",""cc76fc07b471"",""db17a1be6e86"",""b59e5f3521ad"",""d9dc3fbda8f0"",""7a1dafeca23f"",""0fcc1d84a327"",""667f49ab8f80"",""6e9a35b86327"",""0e706a121005"",""79cc2b9ecbae"",""d819ce4e66cf"",""e63d2da1ad36"",""6d540401a482"",""3644c6b823f3"",""32e3bb3ae27a"",""3cab6cb3c9c7"",""018f9a8014f4"",""d56b03ec64ca"",""b3580d2b56f8"",""1103fb160dd6"",""360e510ac13b"",""c541444e38cb"",""8126806f382a"",""fdefa8299d0b"",""ed41cf58772b"",""f6d49b8ef987"",""269b504a4b6b"",""e1f1c2a722d5"",""baff0c674b66"",""cc7b55cdb1bf"",""0c19e0494d99"",""afc85b274a27"",""a665ee0ac6de"",""59ce884e5a53"",""b078bb43496c"",""8ed6f459e7a4"",""51c7fcbf4b91"",""f80fc0a34790"",""cd6ab6ce61a7"",""b99d01bd4712"",""c7bb4a68ec1c"",""abb192889356"",""4a0bccec3491"",""f14fda6625d9"",""2ed683252564"",""02c36d96275b"",""1ad31cfb44e5"",""2e8a69953ce4"",""b6b85246fc3f"",""de212bfbf4b5"",""4411e7a6a465"",""49b9a33a59f3"",""889e7b4f710f"",""ac581b7b935a"",""bbd717ea0069"",""757b267eceb1"",""b48a0175f686""]","{""location"":[{""guid"":""34ff378f-faee-47bb-b5fe-f505e665c5ca"",""name"":""Stanton"",""navIcon"":""Star""}]}","{""CargoRouteToken"":""@HaulCargo_CargoRoute_Solar"",""CargoGradeToken"":""@HaulCargo_CargoGrade_Bulk"",""ReputationRank"":""@RepStanding_TransportGuild_Rank4"",""MissionMaxSCUSize"":""@FreightElevator_32SCU""}","{""guid"":""197422cb-cf00-4bbf-910b-67323b48a939"",""name"":""Experienced"",""minReputation"":27750,""nameKey"":""RepStanding_TransportGuild_Rank4"",""includeWhenSharing"":true}",,,false,false,,20,,,,,"[{""resource"":""b791e5d84f22"",""minSCU"":1024,""maxSCU"":2816,""maxContainerSize"":32}]",,,,,,1,,,1,,,,"[""Stanton""]",,,,,,1,1,
0c40417a-048e-430d-a214-92ae69cb739a,HaulCargo_AToB_Processed_ProcessedFood_Stanton_BulkGrade1,,Hauling - Stellar,,Experienced Rank - Direct Large Cargo Haul,@Covalex_HaulCargo_AToB_title,"Hello,\n\nNeed a contractor for a simple cargo haul going from a freight elevator at <EM4>[LOCATION]</EM4> to a freight elevator at <EM4>[DESTINATION]</EM4>. At most the containers will be <EM4>32 SCU</EM4> in size. \n\nAlso, we strongly encourage contractors to bring a <EM4>handheld tractor beam</EM4> along. \n\nAny chance you’re available to take care of it for us?\n\n[SIGN_OFF]\n\nChase Hewitt\nJr. Logistics Coordinator\nCovalex Shipping  \n'Anything you need, anywhere you need it.'\n\nCovalex Shipping is a limited liability corporation. To encourage timely deliveries and prevent fraud on cargo hauls, Covalex Shipping will set a delivery time limit and upon expiration, any undelivered cargo will be considered stolen and treated as such. Total payment will be prorated according to the percentage of cargo successfully delivered.",@HaulCargo_AtoB_desc,Covalex_HaulCargo_AToB_desc_01,248250,,1,,3b2f7882-73cc-41a4-9dce-f188d927e905,"[""32d25a8fa1b9""]","[""e242eae00bfc"",""cdbe5c5a9cc4"",""aef2b32d2479"",""c38446d75efc"",""ef0e5e890240"",""dba6f40b52a0"",""7c7107f9f580"",""10b299e2ccf9"",""84355f2b6158"",""7e6f1702d348"",""99f42c1cf91f"",""4ea94651f661"",""4c989742e9ab"",""a135f4e98ad2"",""5992d6926718"",""34b3eeecd6d2"",""44282c75228d"",""018d85504640"",""e95b4a8986f3"",""581b65066988"",""045624ecf3ed"",""cc76fc07b471"",""db17a1be6e86"",""b59e5f3521ad"",""d9dc3fbda8f0"",""7a1dafeca23f"",""0fcc1d84a327"",""667f49ab8f80"",""6e9a35b86327"",""0e706a121005"",""79cc2b9ecbae"",""d819ce4e66cf"",""e63d2da1ad36"",""6d540401a482"",""3644c6b823f3"",""32e3bb3ae27a"",""3cab6cb3c9c7"",""018f9a8014f4"",""d56b03ec64ca"",""b3580d2b56f8"",""1103fb160dd6"",""360e510ac13b"",""c541444e38cb"",""8126806f382a"",""fdefa8299d0b"",""ed41cf58772b"",""f6d49b8ef987"",""269b504a4b6b"",""e1f1c2a722d5"",""baff0c674b66"",""cc7b55cdb1bf"",""0c19e0494d99"",""afc85b274a27"",""a665ee0ac6de"",""59ce884e5a53"",""b078bb43496c"",""8ed6f459e7a4"",""51c7fcbf4b91"",""f80fc0a34790"",""cd6ab6ce61a7"",""b99d01bd4712"",""c7bb4a68ec1c"",""abb192889356"",""4a0bccec3491"",""f14fda6625d9"",""2ed683252564"",""02c36d96275b"",""1ad31cfb44e5"",""2e8a69953ce4"",""b6b85246fc3f"",""de212bfbf4b5"",""4411e7a6a465"",""49b9a33a59f3"",""889e7b4f710f"",""ac581b7b935a"",""bbd717ea0069"",""757b267eceb1"",""b48a0175f686""]","{""location"":[{""guid"":""34ff378f-faee-47bb-b5fe-f505e665c5ca"",""name"":""Stanton"",""navIcon"":""Star""}]}","{""CargoRouteToken"":""@HaulCargo_CargoRoute_Solar"",""CargoGradeToken"":""@HaulCargo_CargoGrade_Bulk"",""ReputationRank"":""@RepStanding_TransportGuild_Rank4"",""MissionMaxSCUSize"":""@FreightElevator_32SCU""}","{""guid"":""197422cb-cf00-4bbf-910b-67323b48a939"",""name"":""Experienced"",""minReputation"":27750,""nameKey"":""RepStanding_TransportGuild_Rank4"",""includeWhenSharing"":true}",,,false,false,,20,,,,,"[{""resource"":""b791e5d84f22"",""minSCU"":1024,""maxSCU"":2816,""maxContainerSize"":32}]",,,,,,1,,,1,,,,"[""Stanton""]",,,,,,1,1,
28a70fe0-c544-4d98-a8b4-ef5600dee4c3,HaulCargo_AToB_Processed_ProcessedFood_Stanton3_BulkGrade,,Hauling - Planetary,,Experienced Rank - Direct Large Cargo Haul,@Covalex_HaulCargo_AToB_title,"Hello,\n\nNeed a contractor for a simple cargo haul going from a freight elevator at <EM4>[LOCATION]</EM4> to a freight elevator at <EM4>[DESTINATION]</EM4>. At most the containers will be <EM4>32 SCU</EM4> in size. \n\nAlso, we strongly encourage contractors to bring a <EM4>handheld tractor beam</EM4> along. \n\nAny chance you’re available to take care of it for us?\n\n[SIGN_OFF]\n\nChase Hewitt\nJr. Logistics Coordinator\nCovalex Shipping  \n'Anything you need, anywhere you need it.'\n\nCovalex Shipping is a limited liability corporation. To encourage timely deliveries and prevent fraud on cargo hauls, Covalex Shipping will set a delivery time limit and upon expiration, any undelivered cargo will be considered stolen and treated as such. Total payment will be prorated according to the percentage of cargo successfully delivered.",@HaulCargo_AtoB_desc,Covalex_HaulCargo_AToB_desc_01,140250,,1,,3b2f7882-73cc-41a4-9dce-f188d927e905,"[""506133aa9ece"",""87890be8c56e"",""0eddaa01ba28""]","[""e242eae00bfc"",""cdbe5c5a9cc4"",""aef2b32d2479"",""c38446d75efc"",""ef0e5e890240"",""dba6f40b52a0"",""7c7107f9f580"",""10b299e2ccf9"",""84355f2b6158"",""7e6f1702d348"",""99f42c1cf91f"",""4ea94651f661"",""4c989742e9ab"",""a135f4e98ad2"",""5992d6926718"",""34b3eeecd6d2"",""44282c75228d"",""018d85504640"",""e95b4a8986f3"",""581b65066988"",""045624ecf3ed"",""cc76fc07b471"",""db17a1be6e86"",""b59e5f3521ad"",""d9dc3fbda8f0"",""7a1dafeca23f"",""0fcc1d84a327"",""667f49ab8f80"",""6e9a35b86327"",""0e706a121005"",""79cc2b9ecbae"",""d819ce4e66cf"",""e63d2da1ad36"",""6d540401a482"",""3644c6b823f3"",""32e3bb3ae27a"",""3cab6cb3c9c7"",""018f9a8014f4"",""d56b03ec64ca"",""b3580d2b56f8"",""1103fb160dd6"",""360e510ac13b"",""c541444e38cb"",""8126806f382a"",""fdefa8299d0b"",""ed41cf58772b"",""f6d49b8ef987"",""269b504a4b6b"",""e1f1c2a722d5"",""baff0c674b66"",""cc7b55cdb1bf"",""0c19e0494d99"",""afc85b274a27"",""a665ee0ac6de"",""59ce884e5a53"",""b078bb43496c"",""8ed6f459e7a4"",""51c7fcbf4b91"",""f80fc0a34790"",""cd6ab6ce61a7"",""b99d01bd4712"",""c7bb4a68ec1c"",""abb192889356"",""4a0bccec3491"",""f14fda6625d9"",""2ed683252564"",""02c36d96275b"",""1ad31cfb44e5"",""2e8a69953ce4"",""b6b85246fc3f"",""de212bfbf4b5"",""4411e7a6a465"",""49b9a33a59f3"",""889e7b4f710f"",""ac581b7b935a"",""bbd717ea0069"",""757b267eceb1"",""b48a0175f686""]","{""location"":[{""guid"":""35a9f8f5-8f80-4796-83db-7d7362baeb9a"",""name"":""ArcCorp"",""navIcon"":""Planet"",""star"":{""guid"":""34ff378f-faee-47bb-b5fe-f505e665c5ca"",""name"":""Stanton"",""navIcon"":""Star""}}]}","{""CargoRouteToken"":""@HaulCargo_CargoRoute_Planetary"",""CargoGradeToken"":""@HaulCargo_CargoGrade_Bulk"",""ReputationRank"":""@RepStanding_TransportGuild_Rank4"",""MissionMaxSCUSize"":""@FreightElevator_32SCU""}","{""guid"":""197422cb-cf00-4bbf-910b-67323b48a939"",""name"":""Experienced"",""minReputation"":27750,""nameKey"":""RepStanding_TransportGuild_Rank4"",""includeWhenSharing"":true}",,,false,false,,20,,,,,"[{""resource"":""b791e5d84f22"",""minSCU"":600,""maxSCU"":640,""maxContainerSize"":32}]",,,,,,1,,,1,,,,"[""Stanton""]",,,,,,1,1,
3528e202-cd7d-46ef-b316-b70f2f48c196,HaulCargo_AToB_Waste_Waste_Stanton_BulkGrade,,Hauling - Stellar,,Experienced Rank - Direct Large Cargo Haul,@Covalex_HaulCargo_AToB_title,"Hello,\n\nNeed a contractor for a simple cargo haul going from a freight elevator at <EM4>[LOCATION]</EM4> to a freight elevator at <EM4>[DESTINATION]</EM4>. At most the containers will be <EM4>32 SCU</EM4> in size. \n\nAlso, we strongly encourage contractors to bring a <EM4>handheld tractor beam</EM4> along. \n\nAny chance you’re available to take care of it for us?\n\n[SIGN_OFF]\n\nChase Hewitt\nJr. Logistics Coordinator\nCovalex Shipping  \n'Anything you need, anywhere you need it.'\n\nCovalex Shipping is a limited liability corporation. To encourage timely deliveries and prevent fraud on cargo hauls, Covalex Shipping will set a delivery time limit and upon expiration, any undelivered cargo will be considered stolen and treated as such. Total payment will be prorated according to the percentage of cargo successfully delivered.",@HaulCargo_AtoB_desc,Covalex_HaulCargo_AToB_desc_01,127250,,1,,3b2f7882-73cc-41a4-9dce-f188d927e905,"[""32d25a8fa1b9""]","[""ffd2d63ccf28"",""7c7107f9f580"",""7e6f1702d348"",""cc76fc07b471"",""db17a1be6e86"",""d819ce4e66cf"",""e63d2da1ad36"",""32e3bb3ae27a"",""2ed683252564"",""de212bfbf4b5"",""bbd717ea0069""]","{""location"":[{""guid"":""34ff378f-faee-47bb-b5fe-f505e665c5ca"",""name"":""Stanton"",""navIcon"":""Star""}]}","{""CargoRouteToken"":""@HaulCargo_CargoRoute_Solar"",""CargoGradeToken"":""@HaulCargo_CargoGrade_Bulk"",""ReputationRank"":""@RepStanding_TransportGuild_Rank4"",""MissionMaxSCUSize"":""@FreightElevator_32SCU""}","{""guid"":""197422cb-cf00-4bbf-910b-67323b48a939"",""name"":""Experienced"",""minReputation"":27750,""nameKey"":""RepStanding_TransportGuild_Rank4"",""includeWhenSharing"":true}",,,false,false,,20,,,,,"[{""resource"":""977fe39d1cc1"",""minSCU"":400,""maxSCU"":640,""maxContainerSize"":32}]",,,,,,1,,,1,,,,,,,,,,1,1,
1da661b8-da61-4d94-a141-91b137155686,HaulCargo_AToB_Waste_Waste_Stanton1_BulkGrade,,Hauling - Planetary,,Experienced Rank - Direct Large Cargo Haul,@Covalex_HaulCargo_AToB_title,"Hello,\n\nNeed a contractor for a simple cargo haul going from a freight elevator at <EM4>[LOCATION]</EM4> to a freight elevator at <EM4>[DESTINATION]</EM4>. At most the containers will be <EM4>32 SCU</EM4> in size. \n\nAlso, we strongly encourage contractors to bring a <EM4>handheld tractor beam</EM4> along. \n\nAny chance you’re available to take care of it for us?\n\n[SIGN_OFF]\n\nChase Hewitt\nJr. Logistics Coordinator\nCovalex Shipping  \n'Anything you need, anywhere you need it.'\n\nCovalex Shipping is a limited liability corporation. To encourage timely deliveries and prevent fraud on cargo hauls, Covalex Shipping will set a delivery time limit and upon expiration, any undelivered cargo will be considered stolen and treated as such. Total payment will be prorated according to the percentage of cargo successfully delivered.",@HaulCargo_AtoB_desc,Covalex_HaulCargo_AToB_desc_01,165750,,1,,3b2f7882-73cc-41a4-9dce-f188d927e905,"[""35c3ed47bd36""]","[""32e3bb3ae27a""]","{""location"":[{""guid"":""551af60b-7727-4936-acc7-763d25d7a1de"",""name"":""Hurston"",""navIcon"":""Planet"",""star"":{""guid"":""34ff378f-faee-47bb-b5fe-f505e665c5ca"",""name"":""Stanton"",""navIcon"":""Star""}}]}","{""CargoRouteToken"":""@HaulCargo_CargoRoute_Planetary"",""CargoGradeToken"":""@HaulCargo_CargoGrade_Bulk"",""ReputationRank"":""@RepStanding_TransportGuild_Rank4"",""MissionMaxSCUSize"":""@FreightElevator_32SCU""}","{""guid"":""197422cb-cf00-4bbf-910b-67323b48a939"",""name"":""Experienced"",""minReputation"":27750,""nameKey"":""RepStanding_TransportGuild_Rank4"",""includeWhenSharing"":true}",,,false,false,,20,,,,,"[{""resource"":""977fe39d1cc1"",""minSCU"":400,""maxSCU"":640,""maxContainerSize"":32}]",,,,,,1,,,1,,,,"[""Stanton""]",,,,,,1,1,
f04e4f60-7339-46ee-9711-dce47fceb8ce,HaulCargo_AToB_Gas_Hydrogen_Stanton1_SupplyGrade,,Hauling - Planetary,,Experienced Rank - Direct Medium Cargo Haul,@Covalex_HaulCargo_AToB_title,"Hello,\n\nNeed a contractor for a simple cargo haul going from a freight elevator at <EM4>[LOCATION]</EM4> to a freight elevator at <EM4>[DESTINATION]</EM4>. At most the containers will be <EM4>16 SCU</EM4> in size. \n\nAlso, we strongly encourage contractors to bring a <EM4>handheld tractor beam</EM4> along. \n\nAny chance you’re available to take care of it for us?\n\n[SIGN_OFF]\n\nChase Hewitt\nJr. Logistics Coordinator\nCovalex Shipping  \n'Anything you need, anywhere you need it.'\n\nCovalex Shipping is a limited liability corporation. To encourage timely deliveries and prevent fraud on cargo hauls, Covalex Shipping will set a delivery time limit and upon expiration, any undelivered cargo will be considered stolen and treated as such. Total payment will be prorated according to the percentage of cargo successfully delivered.",@HaulCargo_AtoB_desc,Covalex_HaulCargo_AToB_desc_01,163250,,1,,3b2f7882-73cc-41a4-9dce-f188d927e905,"[""35c3ed47bd36"",""e2c9d59de95f"",""15a181728888""]","[""32e3bb3ae27a"",""10b299e2ccf9"",""0c19e0494d99""]","{""location"":[{""guid"":""551af60b-7727-4936-acc7-763d25d7a1de"",""name"":""Hurston"",""navIcon"":""Planet"",""star"":{""guid"":""34ff378f-faee-47bb-b5fe-f505e665c5ca"",""name"":""Stanton"",""navIcon"":""Star""}}]}","{""CargoRouteToken"":""@HaulCargo_CargoRoute_Planetary"",""CargoGradeToken"":""@HaulCargo_CargoGrade_Supply"",""ReputationRank"":""@RepStanding_TransportGuild_Rank4"",""MissionMaxSCUSize"":""@FreightElevator_16SCU""}","{""guid"":""197422cb-cf00-4bbf-910b-67323b48a939"",""name"":""Experienced"",""minReputation"":27750,""nameKey"":""RepStanding_TransportGuild_Rank4"",""includeWhenSharing"":true}",,,false,false,,10,,,,,"[{""resource"":""e4ce2ac56db8"",""minSCU"":244,""maxSCU"":432,""maxContainerSize"":16}]",,,,,,1,,,1,,,,"[""Stanton""]",,,,,,1,1,
563821d6-4947-46bb-ba04-d2bb2bf43dd4,HaulCargo_AToB_Gas_Hydrogen_Stanton2_SupplyGrade,,Hauling - Planetary,,Experienced Rank - Direct Medium Cargo Haul,@Covalex_HaulCargo_AToB_title,"Hello,\n\nNeed a contractor for a simple cargo haul going from a freight elevator at <EM4>[LOCATION]</EM4> to a freight elevator at <EM4>[DESTINATION]</EM4>. At most the containers will be <EM4>16 SCU</EM4> in size. \n\nAlso, we strongly encourage contractors to bring a <EM4>handheld tractor beam</EM4> along. \n\nAny chance you’re available to take care of it for us?\n\n[SIGN_OFF]\n\nChase Hewitt\nJr. Logistics Coordinator\nCovalex Shipping  \n'Anything you need, anywhere you need it.'\n\nCovalex Shipping is a limited liability corporation. To encourage timely deliveries and prevent fraud on cargo hauls, Covalex Shipping will set a delivery time limit and upon expiration, any undelivered cargo will be considered stolen and treated as such. Total payment will be prorated according to the percentage of cargo successfully delivered.",@HaulCargo_AtoB_desc,Covalex_HaulCargo_AToB_desc_01,160500,,1,,3b2f7882-73cc-41a4-9dce-f188d927e905,"[""f2d7471c5237"",""b4de9ffe26a6""]","[""b076e92376d2"",""ef0e5e890240"",""10b299e2ccf9"",""7e6f1702d348"",""e8430a047cd7"",""86b3d6e226f8"",""db17a1be6e86"",""a9cf9955897f"",""d9dc3fbda8f0"",""8ee3497b51c0"",""4fe818d05110"",""6e9a35b86327"",""d819ce4e66cf"",""e63d2da1ad36"",""434d71812ade"",""32e3bb3ae27a"",""248dd60b94a0"",""3cab6cb3c9c7"",""8126806f382a"",""ed41cf58772b"",""e1f1c2a722d5"",""29dcbfb1cb2a"",""0c19e0494d99"",""db22c0cf26cf"",""b078bb43496c"",""86f1c445fb8b"",""2ed683252564"",""2e8a69953ce4"",""de212bfbf4b5""]","{""location"":[{""guid"":""c15033ab-2eb3-4d6d-b882-0cb336e67ed8"",""name"":""Crusader"",""navIcon"":""Planet"",""star"":{""guid"":""34ff378f-faee-47bb-b5fe-f505e665c5ca"",""name"":""Stanton"",""navIcon"":""Star""}}]}","{""CargoRouteToken"":""@HaulCargo_CargoRoute_Planetary"",""CargoGradeToken"":""@HaulCargo_CargoGrade_Supply"",""ReputationRank"":""@RepStanding_TransportGuild_Rank4"",""MissionMaxSCUSize"":""@FreightElevator_16SCU""}","{""guid"":""197422cb-cf00-4bbf-910b-67323b48a939"",""name"":""Experienced"",""minReputation"":27750,""nameKey"":""RepStanding_TransportGuild_Rank4"",""includeWhenSharing"":true}",,,false,false,,10,,,,,"[{""resource"":""e4ce2ac56db8"",""minSCU"":244,""maxSCU"":432,""maxContainerSize"":16}]",,,,,,1,,,1,,,,"[""Stanton""]",,,,,,1,1,
c3585189-f091-45ae-a473-416bed1ea35f,HaulCargo_AToB_Processed_Mixed_PressIceProcFood_Stanton1_SupplyGrade,,Hauling - Stellar,,Experienced Rank - Direct Medium Cargo Haul,@Covalex_HaulCargo_AToB_title,"Hello,\n\nNeed a contractor for a simple cargo haul going from a freight elevator at <EM4>[LOCATION]</EM4> to a freight elevator at <EM4>[DESTINATION]</EM4>. At most the containers will be <EM4>16 SCU</EM4> in size. \n\nAlso, we strongly encourage contractors to bring a <EM4>handheld tractor beam</EM4> along. \n\nAny chance you’re available to take care of it for us?\n\n[SIGN_OFF]\n\nChase Hewitt\nJr. Logistics Coordinator\nCovalex Shipping  \n'Anything you need, anywhere you need it.'\n\nCovalex Shipping is a limited liability corporation. To encourage timely deliveries and prevent fraud on cargo hauls, Covalex Shipping will set a delivery time limit and upon expiration, any undelivered cargo will be considered stolen and treated as such. Total payment will be prorated according to the percentage of cargo successfully delivered.",@HaulCargo_AtoB_desc,Covalex_HaulCargo_AToB_desc_01,163250,,1,,3b2f7882-73cc-41a4-9dce-f188d927e905,"[""35c3ed47bd36"",""11a4696ac43c"",""15a181728888""]","[""cdbe5c5a9cc4"",""7c7107f9f580"",""10b299e2ccf9"",""7e6f1702d348"",""4c989742e9ab"",""a135f4e98ad2"",""e95b4a8986f3"",""581b65066988"",""cc76fc07b471"",""b59e5f3521ad"",""0fcc1d84a327"",""32e3bb3ae27a"",""018f9a8014f4"",""d56b03ec64ca"",""b3580d2b56f8"",""360e510ac13b"",""f6d49b8ef987"",""269b504a4b6b"",""baff0c674b66"",""afc85b274a27"",""59ce884e5a53"",""8ed6f459e7a4"",""51c7fcbf4b91"",""cd6ab6ce61a7"",""4a0bccec3491"",""f14fda6625d9"",""02c36d96275b"",""4411e7a6a465"",""bbd717ea0069"",""757b267eceb1""]","{""location"":[{""guid"":""551af60b-7727-4936-acc7-763d25d7a1de"",""name"":""Hurston"",""navIcon"":""Planet"",""star"":{""guid"":""34ff378f-faee-47bb-b5fe-f505e665c5ca"",""name"":""Stanton"",""navIcon"":""Star""}}]}","{""CargoRouteToken"":""@HaulCargo_CargoRoute_Planetary"",""CargoGradeToken"":""@HaulCargo_CargoGrade_Supply"",""ReputationRank"":""@RepStanding_TransportGuild_Rank4"",""MissionMaxSCUSize"":""@FreightElevator_16SCU""}","{""guid"":""197422cb-cf00-4bbf-910b-67323b48a939"",""name"":""Experienced"",""minReputation"":27750,""nameKey"":""RepStanding_TransportGuild_Rank4"",""includeWhenSharing"":true}",,,false,false,,10,,,,,"[{""resource"":""6bc315f54d54"",""minSCU"":14,""maxSCU"":32,""maxContainerSize"":8},{""resource"":""b791e5d84f22"",""minSCU"":230,""maxSCU"":400,""maxContainerSize"":16}]",,,,,,1,,,1,,,,"[""Stanton""]",,,,,,1,1,
31dac17d-efe8-450b-a252-0d7d14f1ada8,HaulCargo_AToB_Processed_Mixed_QTFuelHydroFuelShipAmmo_Stanton1_SupplyGrade,,Hauling - Planetary,,Experienced Rank - Direct Medium Cargo Haul,@Covalex_HaulCargo_AToB_title,"Hello,\n\nNeed a contractor for a simple cargo haul going from a freight elevator at <EM4>[LOCATION]</EM4> to a freight elevator at <EM4>[DESTINATION]</EM4>. At most the containers will be <EM4>16 SCU</EM4> in size. \n\nAlso, we strongly encourage contractors to bring a <EM4>handheld tractor beam</EM4> along. \n\nAny chance you’re available to take care of it for us?\n\n[SIGN_OFF]\n\nChase Hewitt\nJr. Logistics Coordinator\nCovalex Shipping  \n'Anything you need, anywhere you need it.'\n\nCovalex Shipping is a limited liability corporation. To encourage timely deliveries and prevent fraud on cargo hauls, Covalex Shipping will set a delivery time limit and upon expiration, any undelivered cargo will be considered stolen and treated as such. Total payment will be prorated according to the percentage of cargo successfully delivered.",@HaulCargo_AtoB_desc,Covalex_HaulCargo_AToB_desc_01,160500,,1,,3b2f7882-73cc-41a4-9dce-f188d927e905,"[""b77eacfa4977"",""f2d7471c5237"",""b4de9ffe26a6"",""87890be8c56e"",""edb2b26535cf""]","[""e242eae00bfc"",""cdbe5c5a9cc4"",""aef2b32d2479"",""c38446d75efc"",""ef0e5e890240"",""dba6f40b52a0"",""7c7107f9f580"",""84355f2b6158"",""7e6f1702d348"",""99f42c1cf91f"",""4c989742e9ab"",""a135f4e98ad2"",""5992d6926718"",""34b3eeecd6d2"",""44282c75228d"",""018d85504640"",""e95b4a8986f3"",""581b65066988"",""045624ecf3ed"",""cc76fc07b471"",""db17a1be6e86"",""b59e5f3521ad"",""d9dc3fbda8f0"",""7a1dafeca23f"",""0fcc1d84a327"",""6e9a35b86327"",""0e706a121005"",""79cc2b9ecbae"",""e63d2da1ad36"",""6d540401a482"",""3644c6b823f3"",""3cab6cb3c9c7"",""018f9a8014f4"",""b3580d2b56f8"",""360e510ac13b"",""c541444e38cb"",""ed41cf58772b"",""f6d49b8ef987"",""269b504a4b6b"",""e1f1c2a722d5"",""baff0c674b66"",""cc7b55cdb1bf"",""afc85b274a27"",""a665ee0ac6de"",""59ce884e5a53"",""b078bb43496c"",""8ed6f459e7a4"",""51c7fcbf4b91"",""f80fc0a34790"",""cd6ab6ce61a7"",""b99d01bd4712"",""c7bb4a68ec1c"",""abb192889356"",""4a0bccec3491"",""f14fda6625d9"",""2ed683252564"",""02c36d96275b"",""1ad31cfb44e5"",""2e8a69953ce4"",""b6b85246fc3f"",""de212bfbf4b5"",""4411e7a6a465"",""49b9a33a59f3"",""889e7b4f710f"",""ac581b7b935a"",""bbd717ea0069"",""757b267eceb1"",""b48a0175f686""]","{""location"":[{""guid"":""551af60b-7727-4936-acc7-763d25d7a1de"",""name"":""Hurston"",""navIcon"":""Planet"",""star"":{""guid"":""34ff378f-faee-47bb-b5fe-f505e665c5ca"",""name"":""Stanton"",""navIcon"":""Star""}}]}","{""CargoRouteToken"":""@HaulCargo_CargoRoute_Planetary"",""CargoGradeToken"":""@HaulCargo_CargoGrade_Supply"",""ReputationRank"":""@RepStanding_TransportGuild_Rank4"",""MissionMaxSCUSize"":""@FreightElevator_16SCU""}","{""guid"":""197422cb-cf00-4bbf-910b-67323b48a939"",""name"":""Experienced"",""minReputation"":27750,""nameKey"":""RepStanding_TransportGuild_Rank4"",""includeWhenSharing"":true}",,,false,false,,10,,,,,"[{""resource"":""7f13bf4d94d1"",""minSCU"":81,""maxSCU"":144,""maxContainerSize"":16},{""resource"":""b1e6f847e239"",""minSCU"":81,""maxSCU"":144,""maxContainerSize"":16},{""resource"":""a1e8ada12409"",""minSCU"":82,""maxSCU"":144,""maxContainerSize"":16}]",,,,,,1,,,1,,,,"[""Stanton""]",,,,,,1,1,
bfa57b6f-3bf7-4aab-bb5c-7c89fe7afde6,HaulCargo_AToB_Processed_Mixed_QTFuelHydroFuelShipAmmo_Stanton1_SupplyGrade1,,Hauling - Planetary,,Experienced Rank - Direct Medium Cargo Haul,@Covalex_HaulCargo_AToB_title,"Hello,\n\nNeed a contractor for a simple cargo haul going from a freight elevator at <EM4>[LOCATION]</EM4> to a freight elevator at <EM4>[DESTINATION]</EM4>. At most the containers will be <EM4>16 SCU</EM4> in size. \n\nAlso, we strongly encourage contractors to bring a <EM4>handheld tractor beam</EM4> along. \n\nAny chance you’re available to take care of it for us?\n\n[SIGN_OFF]\n\nChase Hewitt\nJr. Logistics Coordinator\nCovalex Shipping  \n'Anything you need, anywhere you need it.'\n\nCovalex Shipping is a limited liability corporation. To encourage timely deliveries and prevent fraud on cargo hauls, Covalex Shipping will set a delivery time limit and upon expiration, any undelivered cargo will be considered stolen and treated as such. Total payment will be prorated according to the percentage of cargo successfully delivered.",@HaulCargo_AtoB_desc,Covalex_HaulCargo_AToB_desc_01,163250,,1,,3b2f7882-73cc-41a4-9dce-f188d927e905,"[""e99a449d68bb"",""939db9c047f8"",""b5cb53e33fcd"",""95a32244f345"",""89a008e35ed9"",""c35c9d645e5d"",""5acdaddce185"",""df84706319ae"",""344489ef2811"",""b7c1fb236967"",""3ec008299c9d"",""d349a20587a2"",""8778a3f3b59c"",""d3473e61952b"",""64827e21d193"",""322451426163"",""074158cec93a"",""4bb7d5766b7c"",""2950082e2ec5"",""0f1b82d15bbf"",""70e2a4e15934"",""c11688d881bf"",""e69a2518b584"",""68086388492f"",""b873eaf28465"",""f40a07fbd12f"",""493a280f272d"",""b995beee5bb3"",""d3ed903f7000"",""547b54692c2b"",""c1d9c915309c"",""57d5a7e2054f"",""e15ed9ae26b0"",""3498b709fb3e"",""dfaa4ef80550"",""8ec2b5822f28"",""d51d9286b7ea"",""c78dabbac080"",""eac7f1ce3c0b"",""731b3f66d433"",""eda891a336d8"",""eaeb897a5b62"",""d075888b87ae"",""cc24d9eed492"",""aea1218cee3a"",""f5d285444203"",""c8ec90a805e4"",""d9e58924ece8"",""c78b26d569cd"",""6d40795eef36"",""b9cc5464bce2"",""f59373b33e29"",""919fb4980f6c"",""a49dc6443322"",""684acd6474b7"",""a854ef6fbec3"",""cc0b084257c7"",""28483b79f0db"",""8a9af4c27255"",""4993c8b73077"",""540e602749e8"",""d460d15a7d1b"",""5de9b063495a"",""d6cbb6d1bbf8"",""5535e1c9c8b5"",""d7f6e64900b0"",""e7b47cf6f5c5"",""9da35e2a2944"",""15a181728888""]","[""7c7107f9f580"",""4c989742e9ab"",""59ce884e5a53"",""bbd717ea0069"",""7e6f1702d348"",""cc76fc07b471"",""0fcc1d84a327"",""269b504a4b6b"",""8ed6f459e7a4""]","{""location"":[{""guid"":""551af60b-7727-4936-acc7-763d25d7a1de"",""name"":""Hurston"",""navIcon"":""Planet"",""star"":{""guid"":""34ff378f-faee-47bb-b5fe-f505e665c5ca"",""name"":""Stanton"",""navIcon"":""Star""}}]}","{""CargoRouteToken"":""@HaulCargo_CargoRoute_Planetary"",""CargoGradeToken"":""@HaulCargo_CargoGrade_Supply"",""ReputationRank"":""@RepStanding_TransportGuild_Rank4"",""MissionMaxSCUSize"":""@FreightElevator_16SCU""}","{""guid"":""197422cb-cf00-4bbf-910b-67323b48a939"",""name"":""Experienced"",""minReputation"":27750,""nameKey"":""RepStanding_TransportGuild_Rank4"",""includeWhenSharing"":true}",,,false,false,,10,,,,,"[{""resource"":""7f13bf4d94d1"",""minSCU"":81,""maxSCU"":144,""maxContainerSize"":16},{""resource"":""b1e6f847e239"",""minSCU"":81,""maxSCU"":144,""maxContainerSize"":16},{""resource"":""a1e8ada12409"",""minSCU"":82,""maxSCU"":144,""maxContainerSize"":16}]",,,,,,1,,,1,,,,"[""Stanton""]",,,,,,1,1,
21a2c02c-e4c8-46b9-9eb9-50afc821050c,HaulCargo_AToB_Processed_Mixed_QTFuelHydroFuelShipAmmo_Stanton1_SupplyGrade2,,Hauling - Stellar,,Experienced Rank - Direct Medium Cargo Haul,@Covalex_HaulCargo_AToB_title,"Hello,\n\nNeed a contractor for a simple cargo haul going from a freight elevator at <EM4>[LOCATION]</EM4> to a freight elevator at <EM4>[DESTINATION]</EM4>. At most the containers will be <EM4>16 SCU</EM4> in size. \n\nAlso, we strongly encourage contractors to bring a <EM4>handheld tractor beam</EM4> along. \n\nAny chance you’re available to take care of it for us?\n\n[SIGN_OFF]\n\nChase Hewitt\nJr. Logistics Coordinator\nCovalex Shipping  \n'Anything you need, anywhere you need it.'\n\nCovalex Shipping is a limited liability corporation. To encourage timely deliveries and prevent fraud on cargo hauls, Covalex Shipping will set a delivery time limit and upon expiration, any undelivered cargo will be considered stolen and treated as such. Total payment will be prorated according to the percentage of cargo successfully delivered.",@HaulCargo_AtoB_desc,Covalex_HaulCargo_AToB_desc_01,160250,,1,,3b2f7882-73cc-41a4-9dce-f188d927e905,"[""e99a449d68bb"",""939db9c047f8"",""b5cb53e33fcd"",""95a32244f345"",""89a008e35ed9"",""c35c9d645e5d"",""5acdaddce185"",""df84706319ae"",""344489ef2811"",""b7c1fb236967"",""3ec008299c9d"",""d349a20587a2"",""8778a3f3b59c"",""d3473e61952b"",""64827e21d193"",""322451426163"",""074158cec93a"",""4bb7d5766b7c"",""2950082e2ec5"",""0f1b82d15bbf"",""70e2a4e15934"",""c11688d881bf"",""e69a2518b584"",""68086388492f"",""b873eaf28465"",""f40a07fbd12f"",""493a280f272d"",""b995beee5bb3"",""d3ed903f7000"",""547b54692c2b"",""c1d9c915309c"",""57d5a7e2054f"",""e15ed9ae26b0"",""3498b709fb3e"",""dfaa4ef80550"",""8ec2b5822f28"",""d51d9286b7ea"",""c78dabbac080"",""eac7f1ce3c0b"",""731b3f66d433"",""eda891a336d8"",""eaeb897a5b62"",""d075888b87ae"",""cc24d9eed492"",""aea1218cee3a"",""f5d285444203"",""c8ec90a805e4"",""d9e58924ece8"",""c78b26d569cd"",""6d40795eef36"",""b9cc5464bce2"",""f59373b33e29"",""919fb4980f6c"",""a49dc6443322"",""684acd6474b7"",""a854ef6fbec3"",""cc0b084257c7"",""28483b79f0db"",""8a9af4c27255"",""4993c8b73077"",""540e602749e8"",""d460d15a7d1b"",""5de9b063495a"",""d6cbb6d1bbf8"",""5535e1c9c8b5"",""d7f6e64900b0"",""e7b47cf6f5c5"",""9da35e2a2944""]","[""e95b4a8986f3"",""b59e5f3521ad"",""b3580d2b56f8"",""4411e7a6a465"",""757b267eceb1""]","{""location"":null}","{""CargoRouteToken"":""@HaulCargo_CargoRoute_Solar"",""CargoGradeToken"":""@HaulCargo_CargoGrade_Supply"",""ReputationRank"":""@RepStanding_TransportGuild_Rank4"",""MissionMaxSCUSize"":""@FreightElevator_16SCU""}","{""guid"":""197422cb-cf00-4bbf-910b-67323b48a939"",""name"":""Experienced"",""minReputation"":27750,""nameKey"":""RepStanding_TransportGuild_Rank4"",""includeWhenSharing"":true}",,,false,false,,10,,,,,"[{""resource"":""7f13bf4d94d1"",""minSCU"":81,""maxSCU"":144,""maxContainerSize"":16},{""resource"":""b1e6f847e239"",""minSCU"":81,""maxSCU"":144,""maxContainerSize"":16},{""resource"":""a1e8ada12409"",""minSCU"":82,""maxSCU"":144,""maxContainerSize"":16}]",,,,,,1,,,1,,,,"[""Stanton""]",,,,,,1,1,
0882085e-9e04-450d-b1f4-c128fd722525,HaulCargo_AToB_Processed_Mixed_QTFuelHydroFuelShipAmmo_Stanton2_SupplyGrade1,,Hauling - Stellar,,Experienced Rank - Direct Medium Cargo Haul,@Covalex_HaulCargo_AToB_title,"Hello,\n\nNeed a contractor for a simple cargo haul going from a freight elevator at <EM4>[LOCATION]</EM4> to a freight elevator at <EM4>[DESTINATION]</EM4>. At most the containers will be <EM4>16 SCU</EM4> in size. \n\nAlso, we strongly encourage contractors to bring a <EM4>handheld tractor beam</EM4> along. \n\nAny chance you’re available to take care of it for us?\n\n[SIGN_OFF]\n\nChase Hewitt\nJr. Logistics Coordinator\nCovalex Shipping  \n'Anything you need, anywhere you need it.'\n\nCovalex Shipping is a limited liability corporation. To encourage timely deliveries and prevent fraud on cargo hauls, Covalex Shipping will set a delivery time limit and upon expiration, any undelivered cargo will be considered stolen and treated as such. Total payment will be prorated according to the percentage of cargo successfully delivered.",@HaulCargo_AtoB_desc,Covalex_HaulCargo_AToB_desc_01,159750,,1,,3b2f7882-73cc-41a4-9dce-f188d927e905,"[""e99a449d68bb"",""939db9c047f8"",""b5cb53e33fcd"",""95a32244f345"",""89a008e35ed9"",""c35c9d645e5d"",""5acdaddce185"",""df84706319ae"",""344489ef2811"",""b7c1fb236967"",""3ec008299c9d"",""d349a20587a2"",""8778a3f3b59c"",""d3473e61952b"",""64827e21d193"",""322451426163"",""074158cec93a"",""4bb7d5766b7c"",""2950082e2ec5"",""0f1b82d15bbf"",""70e2a4e15934"",""c11688d881bf"",""e69a2518b584"",""68086388492f"",""b873eaf28465"",""f40a07fbd12f"",""493a280f272d"",""b995beee5bb3"",""d3ed903f7000"",""547b54692c2b"",""c1d9c915309c"",""57d5a7e2054f"",""e15ed9ae26b0"",""3498b709fb3e"",""dfaa4ef80550"",""8ec2b5822f28"",""d51d9286b7ea"",""c78dabbac080"",""eac7f1ce3c0b"",""731b3f66d433"",""eda891a336d8"",""eaeb897a5b62"",""d075888b87ae"",""cc24d9eed492"",""aea1218cee3a"",""f5d285444203"",""c8ec90a805e4"",""d9e58924ece8"",""c78b26d569cd"",""6d40795eef36"",""b9cc5464bce2"",""f59373b33e29"",""919fb4980f6c"",""a49dc6443322"",""684acd6474b7"",""a854ef6fbec3"",""cc0b084257c7"",""28483b79f0db"",""8a9af4c27255"",""4993c8b73077"",""540e602749e8"",""d460d15a7d1b"",""5de9b063495a"",""d6cbb6d1bbf8"",""5535e1c9c8b5"",""d7f6e64900b0"",""e7b47cf6f5c5"",""9da35e2a2944""]","[""a135f4e98ad2"",""4a0bccec3491"",""02c36d96275b""]","{""location"":null}","{""CargoRouteToken"":""@HaulCargo_CargoRoute_Solar"",""CargoGradeToken"":""@HaulCargo_CargoGrade_Supply"",""ReputationRank"":""@RepStanding_TransportGuild_Rank4"",""MissionMaxSCUSize"":""@FreightElevator_16SCU""}","{""guid"":""197422cb-cf00-4bbf-910b-67323b48a939"",""name"":""Experienced"",""minReputation"":27750,""nameKey"":""RepStanding_TransportGuild_Rank4"",""includeWhenSharing"":true}",,,false,false,,10,,,,,"[{""resource"":""7f13bf4d94d1"",""minSCU"":81,""maxSCU"":144,""maxContainerSize"":16},{""resource"":""b1e6f847e239"",""minSCU"":81,""maxSCU"":144,""maxContainerSize"":16},{""resource"":""a1e8ada12409"",""minSCU"":82,""maxSCU"":144,""maxContainerSize"":16}]",,,,,,1,,,1,,,,"[""Stanton""]",,,,,,1,1,
1b0b8dcf-f32b-4fb1-a30e-50a1fa6a2497,HaulCargo_AToB_Processed_Mixed_QTFuelHydroFuelShipAmmo_Stanton3_SupplyGrade1,,Hauling - Stellar,,Experienced Rank - Direct Medium Cargo Haul,@Covalex_HaulCargo_AToB_title,"Hello,\n\nNeed a contractor for a simple cargo haul going from a freight elevator at <EM4>[LOCATION]</EM4> to a freight elevator at <EM4>[DESTINATION]</EM4>. At most the containers will be <EM4>16 SCU</EM4> in size. \n\nAlso, we strongly encourage contractors to bring a <EM4>handheld tractor beam</EM4> along. \n\nAny chance you’re available to take care of it for us?\n\n[SIGN_OFF]\n\nChase Hewitt\nJr. Logistics Coordinator\nCovalex Shipping  \n'Anything you need, anywhere you need it.'\n\nCovalex Shipping is a limited liability corporation. To encourage timely deliveries and prevent fraud on cargo hauls, Covalex Shipping will set a delivery time limit and upon expiration, any undelivered cargo will be considered stolen and treated as such. Total payment will be prorated according to the percentage of cargo successfully delivered.",@HaulCargo_AtoB_desc,Covalex_HaulCargo_AToB_desc_01,163500,,1,,3b2f7882-73cc-41a4-9dce-f188d927e905,,"[""cdbe5c5a9cc4"",""581b65066988"",""360e510ac13b"",""baff0c674b66"",""cd6ab6ce61a7""]","{""location"":null}","{""CargoRouteToken"":""@HaulCargo_CargoRoute_Solar"",""CargoGradeToken"":""@HaulCargo_CargoGrade_Supply"",""ReputationRank"":""@RepStanding_TransportGuild_Rank4"",""MissionMaxSCUSize"":""@FreightElevator_16SCU""}","{""guid"":""197422cb-cf00-4bbf-910b-67323b48a939"",""name"":""Experienced"",""minReputation"":27750,""nameKey"":""RepStanding_TransportGuild_Rank4"",""includeWhenSharing"":true}",,,false,false,,10,,,,,"[{""resource"":""7f13bf4d94d1"",""minSCU"":81,""maxSCU"":144,""maxContainerSize"":16},{""resource"":""b1e6f847e239"",""minSCU"":81,""maxSCU"":144,""maxContainerSize"":16},{""resource"":""a1e8ada12409"",""minSCU"":82,""maxSCU"":144,""maxContainerSize"":16}]",,,,,,1,,,1,,,,,,,,,,1,1,
68316c82-3840-40d4-a567-5a124977aee0,HaulCargo_AToB_Processed_Mixed_QTFuelHydroFuelShipAmmo_Stanton4_SupplyGrade2,,Hauling - Stellar,,Experienced Rank - Direct Medium Cargo Haul,@Covalex_HaulCargo_AToB_title,"Hello,\n\nNeed a contractor for a simple cargo haul going from a freight elevator at <EM4>[LOCATION]</EM4> to a freight elevator at <EM4>[DESTINATION]</EM4>. At most the containers will be <EM4>16 SCU</EM4> in size. \n\nAlso, we strongly encourage contractors to bring a <EM4>handheld tractor beam</EM4> along. \n\nAny chance you’re available to take care of it for us?\n\n[SIGN_OFF]\n\nChase Hewitt\nJr. Logistics Coordinator\nCovalex Shipping  \n'Anything you need, anywhere you need it.'\n\nCovalex Shipping is a limited liability corporation. To encourage timely deliveries and prevent fraud on cargo hauls, Covalex Shipping will set a delivery time limit and upon expiration, any undelivered cargo will be considered stolen and treated as such. Total payment will be prorated according to the percentage of cargo successfully delivered.",@HaulCargo_AtoB_desc,Covalex_HaulCargo_AToB_desc_01,166500,,1,,3b2f7882-73cc-41a4-9dce-f188d927e905,,"[""018f9a8014f4"",""f6d49b8ef987"",""afc85b274a27"",""51c7fcbf4b91"",""f14fda6625d9""]","{""location"":null}","{""CargoRouteToken"":""@HaulCargo_CargoRoute_Solar"",""CargoGradeToken"":""@HaulCargo_CargoGrade_Supply"",""ReputationRank"":""@RepStanding_TransportGuild_Rank4"",""MissionMaxSCUSize"":""@FreightElevator_16SCU""}","{""guid"":""197422cb-cf00-4bbf-910b-67323b48a939"",""name"":""Experienced"",""minReputation"":27750,""nameKey"":""RepStanding_TransportGuild_Rank4"",""includeWhenSharing"":true}",,,false,false,,10,,,,,"[{""resource"":""7f13bf4d94d1"",""minSCU"":81,""maxSCU"":144,""maxContainerSize"":16},{""resource"":""b1e6f847e239"",""minSCU"":81,""maxSCU"":144,""maxContainerSize"":16},{""resource"":""a1e8ada12409"",""minSCU"":82,""maxSCU"":144,""maxContainerSize"":16}]",,,,,,1,,,1,,,,,,,,,,1,1,
59745c47-753c-4a88-90ac-47bef1134a00,HaulCargo_AToB_Processed_PressurizedIce_Stanton_SupplyGrade,,Hauling - Stellar,,Experienced Rank - Direct Medium Cargo Haul,@Covalex_HaulCargo_AToB_title,"Hello,\n\nNeed a contractor for a simple cargo haul going from a freight elevator at <EM4>[LOCATION]</EM4> to a freight elevator at <EM4>[DESTINATION]</EM4>. At most the containers will be <EM4>16 SCU</EM4> in size. \n\nAlso, we strongly encourage contractors to bring a <EM4>handheld tractor beam</EM4> along. \n\nAny chance you’re available to take care of it for us?\n\n[SIGN_OFF]\n\nChase Hewitt\nJr. Logistics Coordinator\nCovalex Shipping  \n'Anything you need, anywhere you need it.'\n\nCovalex Shipping is a limited liability corporation. To encourage timely deliveries and prevent fraud on cargo hauls, Covalex Shipping will set a delivery time limit and upon expiration, any undelivered cargo will be considered stolen and treated as such. Total payment will be prorated according to the percentage of cargo successfully delivered.",@HaulCargo_AtoB_desc,Covalex_HaulCargo_AToB_desc_01,165250,,1,,3b2f7882-73cc-41a4-9dce-f188d927e905,"[""32d25a8fa1b9""]",,"{""location"":[{""guid"":""34ff378f-faee-47bb-b5fe-f505e665c5ca"",""name"":""Stanton"",""navIcon"":""Star""}]}","{""CargoRouteToken"":""@HaulCargo_CargoRoute_Solar"",""CargoGradeToken"":""@HaulCargo_CargoGrade_Supply"",""ReputationRank"":""@RepStanding_TransportGuild_Rank4"",""MissionMaxSCUSize"":""@FreightElevator_16SCU""}","{""guid"":""197422cb-cf00-4bbf-910b-67323b48a939"",""name"":""Experienced"",""minReputation"":27750,""nameKey"":""RepStanding_TransportGuild_Rank4"",""includeWhenSharing"":true}",,,false,false,,10,,,,,"[{""resource"":""6bc315f54d54"",""minSCU"":244,""maxSCU"":432,""maxContainerSize"":16}]",,,,,,1,,,1,,,,,,,,,,1,1,
1b2fab16-3d86-4f3c-bd75-69daed1811cc,HaulCargo_AToB_Processed_PressurizedIce_Stanton_SupplyGrade1,,Hauling - Stellar,,Experienced Rank - Direct Medium Cargo Haul,@Covalex_HaulCargo_AToB_title,"Hello,\n\nNeed a contractor for a simple cargo haul going from a freight elevator at <EM4>[LOCATION]</EM4> to a freight elevator at <EM4>[DESTINATION]</EM4>. At most the containers will be <EM4>16 SCU</EM4> in size. \n\nAlso, we strongly encourage contractors to bring a <EM4>handheld tractor beam</EM4> along. \n\nAny chance you’re available to take care of it for us?\n\n[SIGN_OFF]\n\nChase Hewitt\nJr. Logistics Coordinator\nCovalex Shipping  \n'Anything you need, anywhere you need it.'\n\nCovalex Shipping is a limited liability corporation. To encourage timely deliveries and prevent fraud on cargo hauls, Covalex Shipping will set a delivery time limit and upon expiration, any undelivered cargo will be considered stolen and treated as such. Total payment will be prorated according to the percentage of cargo successfully delivered.",@HaulCargo_AtoB_desc,Covalex_HaulCargo_AToB_desc_01,162250,,1,,3b2f7882-73cc-41a4-9dce-f188d927e905,"[""32d25a8fa1b9""]",,"{""location"":[{""guid"":""34ff378f-faee-47bb-b5fe-f505e665c5ca"",""name"":""Stanton"",""navIcon"":""Star""}]}","{""CargoRouteToken"":""@HaulCargo_CargoRoute_Solar"",""CargoGradeToken"":""@HaulCargo_CargoGrade_Supply"",""ReputationRank"":""@RepStanding_TransportGuild_Rank4"",""MissionMaxSCUSize"":""@FreightElevator_16SCU""}","{""guid"":""197422cb-cf00-4bbf-910b-67323b48a939"",""name"":""Experienced"",""minReputation"":27750,""nameKey"":""RepStanding_TransportGuild_Rank4"",""includeWhenSharing"":true}",,,false,false,,10,,,,,"[{""resource"":""6bc315f54d54"",""minSCU"":244,""maxSCU"":432,""maxContainerSize"":16}]",,,,,,1,,,1,,,,,,,,,,1,1,
22aa8995-74de-4de7-a66d-1328d8730b6f,HaulCargo_AToB_Processed_PressurizedIce_Stanton4_SupplyGrade,,Hauling - Planetary,,Experienced Rank - Direct Medium Cargo Haul,@Covalex_HaulCargo_AToB_title,"Hello,\n\nNeed a contractor for a simple cargo haul going from a freight elevator at <EM4>[LOCATION]</EM4> to a freight elevator at <EM4>[DESTINATION]</EM4>. At most the containers will be <EM4>16 SCU</EM4> in size. \n\nAlso, we strongly encourage contractors to bring a <EM4>handheld tractor beam</EM4> along. \n\nAny chance you’re available to take care of it for us?\n\n[SIGN_OFF]\n\nChase Hewitt\nJr. Logistics Coordinator\nCovalex Shipping  \n'Anything you need, anywhere you need it.'\n\nCovalex Shipping is a limited liability corporation. To encourage timely deliveries and prevent fraud on cargo hauls, Covalex Shipping will set a delivery time limit and upon expiration, any undelivered cargo will be considered stolen and treated as such. Total payment will be prorated according to the percentage of cargo successfully delivered.",@HaulCargo_AtoB_desc,Covalex_HaulCargo_AToB_desc_01,160500,,1,,3b2f7882-73cc-41a4-9dce-f188d927e905,"[""edb2b26535cf""]","[""e242eae00bfc"",""cdbe5c5a9cc4"",""aef2b32d2479"",""ef0e5e890240"",""dba6f40b52a0"",""7c7107f9f580"",""10b299e2ccf9"",""84355f2b6158"",""7e6f1702d348"",""99f42c1cf91f"",""4ea94651f661"",""4c989742e9ab"",""a135f4e98ad2"",""5992d6926718"",""34b3eeecd6d2"",""44282c75228d"",""018d85504640"",""e95b4a8986f3"",""581b65066988"",""045624ecf3ed"",""cc76fc07b471"",""db17a1be6e86"",""b59e5f3521ad"",""d9dc3fbda8f0"",""0fcc1d84a327"",""667f49ab8f80"",""6e9a35b86327"",""0e706a121005"",""79cc2b9ecbae"",""e63d2da1ad36"",""6d540401a482"",""3644c6b823f3"",""32e3bb3ae27a"",""3cab6cb3c9c7"",""018f9a8014f4"",""d56b03ec64ca"",""b3580d2b56f8"",""1103fb160dd6"",""360e510ac13b"",""c541444e38cb"",""8126806f382a"",""fdefa8299d0b"",""ed41cf58772b"",""f6d49b8ef987"",""269b504a4b6b"",""e1f1c2a722d5"",""baff0c674b66"",""cc7b55cdb1bf"",""afc85b274a27"",""a665ee0ac6de"",""59ce884e5a53"",""b078bb43496c"",""8ed6f459e7a4"",""51c7fcbf4b91"",""f80fc0a34790"",""cd6ab6ce61a7"",""b99d01bd4712"",""c7bb4a68ec1c"",""abb192889356"",""4a0bccec3491"",""f14fda6625d9"",""2ed683252564"",""02c36d96275b"",""1ad31cfb44e5"",""2e8a69953ce4"",""b6b85246fc3f"",""de212bfbf4b5"",""4411e7a6a465"",""49b9a33a59f3"",""889e7b4f710f"",""ac581b7b935a"",""bbd717ea0069"",""757b267eceb1"",""b48a0175f686""]","{""location"":[{""guid"":""5a529db7-1a4e-45b0-bdcb-a5a0c7a7fc57"",""name"":""microTech"",""navIcon"":""Planet"",""star"":{""guid"":""34ff378f-faee-47bb-b5fe-f505e665c5ca"",""name"":""Stanton"",""navIcon"":""Star""}}]}","{""CargoRouteToken"":""@HaulCargo_CargoRoute_Planetary"",""CargoGradeToken"":""@HaulCargo_CargoGrade_Supply"",""ReputationRank"":""@RepStanding_TransportGuild_Rank4"",""MissionMaxSCUSize"":""@FreightElevator_16SCU""}","{""guid"":""197422cb-cf00-4bbf-910b-67323b48a939"",""name"":""Experienced"",""minReputation"":27750,""nameKey"":""RepStanding_TransportGuild_Rank4"",""includeWhenSharing"":true}",,,false,false,,10,,,,,"[{""resource"":""6bc315f54d54"",""minSCU"":244,""maxSCU"":432,""maxContainerSize"":16}]",,,,,,1,,,1,,,,"[""Stanton""]",,,,,,1,1,
2e0a4e26-36bf-481b-81ce-0d5a96707dfe,HaulCargo_AToB_Processed_ProcessedFood_Stanton4_SupplyGrade,,Hauling - Planetary,,Experienced Rank - Direct Medium Cargo Haul,@Covalex_HaulCargo_AToB_title,"Hello,\n\nNeed a contractor for a simple cargo haul going from a freight elevator at <EM4>[LOCATION]</EM4> to a freight elevator at <EM4>[DESTINATION]</EM4>. At most the containers will be <EM4>16 SCU</EM4> in size. \n\nAlso, we strongly encourage contractors to bring a <EM4>handheld tractor beam</EM4> along. \n\nAny chance you’re available to take care of it for us?\n\n[SIGN_OFF]\n\nChase Hewitt\nJr. Logistics Coordinator\nCovalex Shipping  \n'Anything you need, anywhere you need it.'\n\nCovalex Shipping is a limited liability corporation. To encourage timely deliveries and prevent fraud on cargo hauls, Covalex Shipping will set a delivery time limit and upon expiration, any undelivered cargo will be considered stolen and treated as such. Total payment will be prorated according to the percentage of cargo successfully delivered.",@HaulCargo_AtoB_desc,Covalex_HaulCargo_AToB_desc_01,163250,,1,,3b2f7882-73cc-41a4-9dce-f188d927e905,"[""15a181728888""]","[""0c19e0494d99""]","{""location"":[{""guid"":""5a529db7-1a4e-45b0-bdcb-a5a0c7a7fc57"",""name"":""microTech"",""navIcon"":""Planet"",""star"":{""guid"":""34ff378f-faee-47bb-b5fe-f505e665c5ca"",""name"":""Stanton"",""navIcon"":""Star""}}]}","{""CargoRouteToken"":""@HaulCargo_CargoRoute_Planetary"",""CargoGradeToken"":""@HaulCargo_CargoGrade_Supply"",""ReputationRank"":""@RepStanding_TransportGuild_Rank4"",""MissionMaxSCUSize"":""@FreightElevator_16SCU""}","{""guid"":""197422cb-cf00-4bbf-910b-67323b48a939"",""name"":""Experienced"",""minReputation"":27750,""nameKey"":""RepStanding_TransportGuild_Rank4"",""includeWhenSharing"":true}",,,false,false,,10,,,,,"[{""resource"":""b791e5d84f22"",""minSCU"":244,""maxSCU"":432,""maxContainerSize"":16}]",,,,,,1,,,1,,,,"[""Stanton""]",,,,,,1,1,
0d20c436-779d-4c51-ad46-f80eef26fe7b,HaulCargo_Multi2ToSingle_Waste_Waste_Stanton_BulkGrade,,Hauling - Stellar,,Experienced Rank - Large Cargo Haul,@Covalex_HaulCargo_MultiToSingle_title,"Hello!\n\nThere’s a load of cargo (<EM4>32 SCU</EM4> or smaller) that needs to be delivered to a freight elevator at <EM4>[DESTINATION]</EM4>. The only thing is that the cargo is spread across a few locations, which I’ve listed out below.  \n\nPICK UP LOCATIONS (ANY ORDER)\n\n- Freight elevator at <EM4>[LOCATION]</EM4>\n- Freight elevator at <EM4>[LOCATION1]</EM4>\n\nMakes no difference what order you grab the stuff, as long as it’s all delivered.\n\nBy the way, we strongly encourage contractors to bring a <EM4>handheld tractor beam</EM4> along.   \n\n[SIGN_OFF]\n\nChase Hewitt\nJr. Logistics Coordinator\nCovalex Shipping  \n'Anything you need, anywhere you need it.'\n\nCovalex Shipping is a limited liability corporation. To encourage timely deliveries and prevent fraud on cargo hauls, Covalex Shipping will set a delivery time limit and upon expiration, any undelivered cargo will be considered stolen and treated as such. Total payment will be prorated according to the percentage of cargo successfully delivered.",@HaulCargo_MultiToSingle_desc,Covalex_HaulCargo_MultiToSingle_desc_01,136500,,1,,3b2f7882-73cc-41a4-9dce-f188d927e905,"[""32d25a8fa1b9""]","[""ffd2d63ccf28"",""7c7107f9f580"",""7e6f1702d348"",""cc76fc07b471"",""db17a1be6e86"",""d819ce4e66cf"",""e63d2da1ad36"",""32e3bb3ae27a"",""2ed683252564"",""de212bfbf4b5"",""bbd717ea0069""]","{""location"":[{""guid"":""34ff378f-faee-47bb-b5fe-f505e665c5ca"",""name"":""Stanton"",""navIcon"":""Star""}]}","{""CargoRouteToken"":""@HaulCargo_CargoRoute_Solar"",""CargoGradeToken"":""@HaulCargo_CargoGrade_Bulk"",""ReputationRank"":""@RepStanding_TransportGuild_Rank4"",""MissionMaxSCUSize"":""@FreightElevator_32SCU"",""MultiToSingleToken"":""@HaulCargo_2_MultiToSingleToken""}","{""guid"":""197422cb-cf00-4bbf-910b-67323b48a939"",""name"":""Experienced"",""minReputation"":27750,""nameKey"":""RepStanding_TransportGuild_Rank4"",""includeWhenSharing"":true}",,,false,false,,20,,,,,"[{""resource"":""977fe39d1cc1"",""minSCU"":200,""maxSCU"":320,""maxContainerSize"":32},{""resource"":""977fe39d1cc1"",""minSCU"":200,""maxSCU"":320,""maxContainerSize"":32}]",,,,,,1,,,1,,,,,,,,,,2,1,
cc5f94cc-b559-4c32-9c4d-1d1512da0f64,HaulCargo_SingleToMulti2_Gas_Hydrogen_Stanton_BulkGrade,,Hauling - Stellar,,Experienced Rank - Large Cargo Haul,@Covalex_HaulCargo_SingleToMulti_title,"Greetings, \n\nSeems like <EM4>[LOCATION]</EM4> currently has some <EM4>32 SCU</EM4> or smaller cargo that needs to be separated and delivered to a few different spots. \n\nDROP OFF LOCATIONS (ANY ORDER)\n\n- Freight elevator at <EM4>[DESTINATION]</EM4>\n- Freight elevator at <EM4>[DESTINATION1]</EM4>\n\nDrop-offs can be done in whatever order works best for you.  \n\nBy the way, we strongly encourage contractors to bring a <EM4>handheld tractor beam</EM4> along.   \n\n[SIGN_OFF]\n\nChase Hewitt\nJr. Logistics Coordinator\nCovalex Shipping  \n'Anything you need, anywhere you need it.'\n\nCovalex Shipping is a limited liability corporation. To encourage timely deliveries and prevent fraud on cargo hauls, Covalex Shipping will set a delivery time limit and upon expiration, any undelivered cargo will be considered stolen and treated as such. Total payment will be prorated according to the percentage of cargo successfully delivered.",@HaulCargo_SingleToMulti_desc,Covalex_HaulCargo_SingleToMulti_desc_01,263750,,1,,3b2f7882-73cc-41a4-9dce-f188d927e905,"[""32d25a8fa1b9""]","[""db17a1be6e86"",""d819ce4e66cf"",""e63d2da1ad36"",""8126806f382a"",""2ed683252564"",""de212bfbf4b5""]","{""location"":[{""guid"":""34ff378f-faee-47bb-b5fe-f505e665c5ca"",""name"":""Stanton"",""navIcon"":""Star""}]}","{""CargoRouteToken"":""@HaulCargo_CargoRoute_Solar"",""CargoGradeToken"":""@HaulCargo_CargoGrade_Bulk"",""ReputationRank"":""@RepStanding_TransportGuild_Rank4"",""MissionMaxSCUSize"":""@FreightElevator_32SCU"",""SingleToMultiToken"":""@HaulCargo_2_SingleToMultiToken""}","{""guid"":""197422cb-cf00-4bbf-910b-67323b48a939"",""name"":""Experienced"",""minReputation"":27750,""nameKey"":""RepStanding_TransportGuild_Rank4"",""includeWhenSharing"":true}",,,false,false,,20,,,,,"[{""resource"":""e4ce2ac56db8"",""minSCU"":512,""maxSCU"":1408,""maxContainerSize"":32},{""resource"":""e4ce2ac56db8"",""minSCU"":512,""maxSCU"":1408,""maxContainerSize"":32}]",,,,,,1,,,1,,,,,,,,,,1,2,
f6b66176-3b92-4eaf-9d5e-e11e9f8e5235,HaulCargo_Multi2ToSingle_Processed_PressurizedIce_Stanton3_SupplyGrade,,Hauling - Planetary,,Experienced Rank - Medium Cargo Haul,@Covalex_HaulCargo_MultiToSingle_title,"Hello!\n\nThere’s a load of cargo (<EM4>16 SCU</EM4> or smaller) that needs to be delivered to a freight elevator at <EM4>[DESTINATION]</EM4>. The only thing is that the cargo is spread across a few locations, which I’ve listed out below.  \n\nPICK UP LOCATIONS (ANY ORDER)\n\n- Freight elevator at <EM4>[LOCATION]</EM4>\n- Freight elevator at <EM4>[LOCATION1]</EM4>\n\nMakes no difference what order you grab the stuff, as long as it’s all delivered.\n\nBy the way, we strongly encourage contractors to bring a <EM4>handheld tractor beam</EM4> along.   \n\n[SIGN_OFF]\n\nChase Hewitt\nJr. Logistics Coordinator\nCovalex Shipping  \n'Anything you need, anywhere you need it.'\n\nCovalex Shipping is a limited liability corporation. To encourage timely deliveries and prevent fraud on cargo hauls, Covalex Shipping will set a delivery time limit and upon expiration, any undelivered cargo will be considered stolen and treated as such. Total payment will be prorated according to the percentage of cargo successfully delivered.",@HaulCargo_MultiToSingle_desc,Covalex_HaulCargo_MultiToSingle_desc_01,224250,,1,,3b2f7882-73cc-41a4-9dce-f188d927e905,"[""caf1d4054425"",""939db9c047f8"",""cdf8c616027a"",""506133aa9ece"",""87890be8c56e"",""910011967b3f"",""0eddaa01ba28"",""d2eb0782a515"",""225de92ecb7f"",""4387f9565b21"",""4bb7d5766b7c"",""a44cbc412910"",""dfaa4ef80550"",""2fc07de8c2f4"",""02ddf0f4af74"",""eda891a336d8"",""6d40795eef36"",""d6cbb6d1bbf8"",""6afb0835aa69""]","[""db17a1be6e86"",""e63d2da1ad36"",""8126806f382a"",""2ed683252564"",""de212bfbf4b5""]","{""location"":[{""guid"":""35a9f8f5-8f80-4796-83db-7d7362baeb9a"",""name"":""ArcCorp"",""navIcon"":""Planet"",""star"":{""guid"":""34ff378f-faee-47bb-b5fe-f505e665c5ca"",""name"":""Stanton"",""navIcon"":""Star""}}]}","{""CargoRouteToken"":""@HaulCargo_CargoRoute_Planetary"",""CargoGradeToken"":""@HaulCargo_CargoGrade_Supply"",""ReputationRank"":""@RepStanding_TransportGuild_Rank4"",""MissionMaxSCUSize"":""@FreightElevator_16SCU"",""MultiToSingleToken"":""@HaulCargo_2_MultiToSingleToken""}","{""guid"":""197422cb-cf00-4bbf-910b-67323b48a939"",""name"":""Experienced"",""minReputation"":27750,""nameKey"":""RepStanding_TransportGuild_Rank4"",""includeWhenSharing"":true}",,,false,false,,10,,,,,"[{""resource"":""6bc315f54d54"",""minSCU"":122,""maxSCU"":216,""maxContainerSize"":16},{""resource"":""6bc315f54d54"",""minSCU"":122,""maxSCU"":216,""maxContainerSize"":16}]",,,,,,1,,,1,,,,"[""Stanton""]",,,,,,2,1,
83dcf298-979c-4cd7-a5c4-75ff9ea7956d,HaulCargo_Multi3ToSingle_Waste_Waste_Stanton1_SupplyGrade,,Hauling - Planetary,,Experienced Rank - Medium Cargo Haul,@Covalex_HaulCargo_MultiToSingle_title,"Hi,\n\nNeed the trash collected from a few Hurston locations and then taken to a freight elevator at <EM4>[DESTINATION]</EM4>. Don't worry, none of the containers are bigger than <EM4>8 SCU</EM4>.\n\nPICK UP LOCATIONS (ANY ORDER)\n\n- Freight elevator at <EM4>[LOCATION]</EM4>\n- Freight elevator at <EM4>[LOCATION1]</EM4>\n- Freight elevator at <EM4>[LOCATION2]</EM4>\n\nFun fact for you. Hurston is the only planet in Stanton that doesn’t separate their trash and scrap. One of their workers told me that the company did a cost-benefit analysis on it decades ago that determined it wasn’t worth putting a planet-wide system in place to facilitate it. Isn’t that the most Hurston thing ever?   \n\nBy the way, we strongly encourage contractors to bring a <EM4>handheld tractor beam</EM4> along.   \n\nThanks in advance for ensuring prompt service,\n\nChase Hewitt\nJr. Logistics Coordinator\nCovalex Shipping  \n'Anything you need, anywhere you need it.'\n\nCovalex Shipping is a limited liability corporation. To encourage timely deliveries and prevent fraud on cargo hauls, Covalex Shipping will set a delivery time limit and upon expiration, any undelivered cargo will be considered stolen and treated as such. Total payment will be prorated according to the percentage of cargo successfully delivered.",@Covalex_HaulCargo_MultiToSingle_Waste_Waste_Stanton1,Covalex_HaulCargo_MultiToSingle_Waste_Waste_Stanton1,138000,,1,,3b2f7882-73cc-41a4-9dce-f188d927e905,"[""7835df714e97"",""0d2b87d23586"",""e63f435dad19"",""81c9737b5e34"",""a2526a698135"",""3089bd5b242c"",""d7f6e64900b0"",""5acdaddce185"",""33fb69c82e7b"",""cc32f6b0f1d8"",""3ec008299c9d"",""aea1218cee3a"",""761b9df55b2f"",""39f8c2d327c8"",""cdb0b3a60f0a"",""5cd7f648cb37""]","[""ffd2d63ccf28"",""7c7107f9f580"",""7e6f1702d348"",""cc76fc07b471"",""db17a1be6e86"",""d819ce4e66cf"",""e63d2da1ad36"",""32e3bb3ae27a"",""2ed683252564"",""de212bfbf4b5"",""bbd717ea0069""]","{""location"":[{""guid"":""551af60b-7727-4936-acc7-763d25d7a1de"",""name"":""Hurston"",""navIcon"":""Planet"",""star"":{""guid"":""34ff378f-faee-47bb-b5fe-f505e665c5ca"",""name"":""Stanton"",""navIcon"":""Star""}}]}","{""CargoRouteToken"":""@HaulCargo_CargoRoute_Planetary"",""CargoGradeToken"":""@HaulCargo_CargoGrade_Supply"",""ReputationRank"":""@RepStanding_TransportGuild_Rank4"",""MissionMaxSCUSize"":""@FreightElevator_8SCU"",""MultiToSingleToken"":""@HaulCargo_3_MultiToSingleToken""}","{""guid"":""197422cb-cf00-4bbf-910b-67323b48a939"",""name"":""Experienced"",""minReputation"":27750,""nameKey"":""RepStanding_TransportGuild_Rank4"",""includeWhenSharing"":true}",,,false,false,,10,,,,,"[{""resource"":""977fe39d1cc1"",""minSCU"":19,""maxSCU"":21,""maxContainerSize"":8},{""resource"":""977fe39d1cc1"",""minSCU"":18,""maxSCU"":22,""maxContainerSize"":8},{""resource"":""977fe39d1cc1"",""minSCU"":19,""maxSCU"":21,""maxContainerSize"":8}]",,,,,,1,,,1,,,,,,,,,,3,1,
10039ddf-76f3-4bad-beb7-e6907448f843,HaulCargo_Multi4ToSingle_Waste_Waste_Stanton1_SupplyGrade,,Hauling - Planetary,,Experienced Rank - Medium Cargo Haul,@Covalex_HaulCargo_MultiToSingle_title,"Hi,\n\nNeed the trash collected from a few Hurston locations and then taken to a freight elevator at <EM4>[DESTINATION]</EM4>. Don't worry, none of the containers are bigger than <EM4>8 SCU</EM4>.\n\nPICK UP LOCATIONS (ANY ORDER)\n\n- Freight elevator at <EM4>[LOCATION]</EM4>\n- Freight elevator at <EM4>[LOCATION1]</EM4>\n- Freight elevator at <EM4>[LOCATION2]</EM4>\n- Freight elevator at <EM4>[LOCATION3]</EM4>\n\nFun fact for you. Hurston is the only planet in Stanton that doesn’t separate their trash and scrap. One of their workers told me that the company did a cost-benefit analysis on it decades ago that determined it wasn’t worth putting a planet-wide system in place to facilitate it. Isn’t that the most Hurston thing ever?   \n\nBy the way, we strongly encourage contractors to bring a <EM4>handheld tractor beam</EM4> along.   \n\nThanks in advance for ensuring prompt service,\n\nChase Hewitt\nJr. Logistics Coordinator\nCovalex Shipping  \n'Anything you need, anywhere you need it.'\n\nCovalex Shipping is a limited liability corporation. To encourage timely deliveries and prevent fraud on cargo hauls, Covalex Shipping will set a delivery time limit and upon expiration, any undelivered cargo will be considered stolen and treated as such. Total payment will be prorated according to the percentage of cargo successfully delivered.",@Covalex_HaulCargo_MultiToSingle_Waste_Waste_Stanton1,Covalex_HaulCargo_MultiToSingle_Waste_Waste_Stanton1,140000,,1,,3b2f7882-73cc-41a4-9dce-f188d927e905,"[""7835df714e97"",""0d2b87d23586"",""e63f435dad19"",""81c9737b5e34"",""a2526a698135"",""3089bd5b242c"",""d7f6e64900b0"",""5acdaddce185"",""33fb69c82e7b"",""cc32f6b0f1d8"",""3ec008299c9d"",""aea1218cee3a"",""761b9df55b2f"",""39f8c2d327c8"",""cdb0b3a60f0a"",""5cd7f648cb37""]","[""ffd2d63ccf28"",""7c7107f9f580"",""7e6f1702d348"",""cc76fc07b471"",""db17a1be6e86"",""d819ce4e66cf"",""e63d2da1ad36"",""32e3bb3ae27a"",""2ed683252564"",""de212bfbf4b5"",""bbd717ea0069""]","{""location"":[{""guid"":""551af60b-7727-4936-acc7-763d25d7a1de"",""name"":""Hurston"",""navIcon"":""Planet"",""star"":{""guid"":""34ff378f-faee-47bb-b5fe-f505e665c5ca"",""name"":""Stanton"",""navIcon"":""Star""}}]}","{""CargoRouteToken"":""@HaulCargo_CargoRoute_Planetary"",""CargoGradeToken"":""@HaulCargo_CargoGrade_Supply"",""ReputationRank"":""@RepStanding_TransportGuild_Rank4"",""MissionMaxSCUSize"":""@FreightElevator_8SCU"",""MultiToSingleToken"":""@HaulCargo_4_MultiToSingleToken""}","{""guid"":""197422cb-cf00-4bbf-910b-67323b48a939"",""name"":""Experienced"",""minReputation"":27750,""nameKey"":""RepStanding_TransportGuild_Rank4"",""includeWhenSharing"":true}",,,false,false,,10,,,,,"[{""resource"":""977fe39d1cc1"",""minSCU"":14,""maxSCU"":16,""maxContainerSize"":8},{""resource"":""977fe39d1cc1"",""minSCU"":14,""maxSCU"":16,""maxContainerSize"":8},{""resource"":""977fe39d1cc1"",""minSCU"":14,""maxSCU"":16,""maxContainerSize"":8},{""resource"":""977fe39d1cc1"",""minSCU"":14,""maxSCU"":16,""maxContainerSize"":8}]",,,,,,1,,,1,,,,,,,,,,4,1,
15e8c915-3bca-4a19-b938-db463dfdc1fd,HaulCargo_SingleToMulti2_Processed_Mixed_PressIceProcFood_Stanton1_SupplyGrade,,Hauling - Planetary,,Experienced Rank - Medium Cargo Haul,@Covalex_HaulCargo_SingleToMulti_title,"Greetings, \n\nSeems like <EM4>[LOCATION]</EM4> currently has some <EM4>16 SCU</EM4> or smaller cargo that needs to be separated and delivered to a few different spots. \n\nDROP OFF LOCATIONS (ANY ORDER)\n\n- Freight elevator at <EM4>[DESTINATION]</EM4>\n- Freight elevator at <EM4>[DESTINATION1]</EM4>\n\nDrop-offs can be done in whatever order works best for you.  \n\nBy the way, we strongly encourage contractors to bring a <EM4>handheld tractor beam</EM4> along.   \n\n[SIGN_OFF]\n\nChase Hewitt\nJr. Logistics Coordinator\nCovalex Shipping  \n'Anything you need, anywhere you need it.'\n\nCovalex Shipping is a limited liability corporation. To encourage timely deliveries and prevent fraud on cargo hauls, Covalex Shipping will set a delivery time limit and upon expiration, any undelivered cargo will be considered stolen and treated as such. Total payment will be prorated according to the percentage of cargo successfully delivered.",@HaulCargo_SingleToMulti_desc,Covalex_HaulCargo_SingleToMulti_desc_01,207000,,1,,3b2f7882-73cc-41a4-9dce-f188d927e905,"[""35c3ed47bd36""]","[""cdbe5c5a9cc4"",""7c7107f9f580"",""10b299e2ccf9"",""7e6f1702d348"",""4c989742e9ab"",""a135f4e98ad2"",""e95b4a8986f3"",""581b65066988"",""cc76fc07b471"",""b59e5f3521ad"",""0fcc1d84a327"",""32e3bb3ae27a"",""018f9a8014f4"",""d56b03ec64ca"",""b3580d2b56f8"",""360e510ac13b"",""f6d49b8ef987"",""269b504a4b6b"",""baff0c674b66"",""afc85b274a27"",""59ce884e5a53"",""8ed6f459e7a4"",""51c7fcbf4b91"",""cd6ab6ce61a7"",""4a0bccec3491"",""f14fda6625d9"",""02c36d96275b"",""4411e7a6a465"",""bbd717ea0069"",""757b267eceb1""]","{""location"":[{""guid"":""551af60b-7727-4936-acc7-763d25d7a1de"",""name"":""Hurston"",""navIcon"":""Planet"",""star"":{""guid"":""34ff378f-faee-47bb-b5fe-f505e665c5ca"",""name"":""Stanton"",""navIcon"":""Star""}}]}","{""CargoRouteToken"":""@HaulCargo_CargoRoute_Planetary"",""CargoGradeToken"":""@HaulCargo_CargoGrade_Supply"",""ReputationRank"":""@RepStanding_TransportGuild_Rank4"",""MissionMaxSCUSize"":""@FreightElevator_16SCU"",""SingleToMultiToken"":""@HaulCargo_2_SingleToMultiToken""}","{""guid"":""197422cb-cf00-4bbf-910b-67323b48a939"",""name"":""Experienced"",""minReputation"":27750,""nameKey"":""RepStanding_TransportGuild_Rank4"",""includeWhenSharing"":true}",,,false,false,,10,,,,,"[{""resource"":""6bc315f54d54"",""minSCU"":7,""maxSCU"":16,""maxContainerSize"":4},{""resource"":""6bc315f54d54"",""minSCU"":7,""maxSCU"":16,""maxContainerSize"":4},{""resource"":""b791e5d84f22"",""minSCU"":115,""maxSCU"":200,""maxContainerSize"":16},{""resource"":""b791e5d84f22"",""minSCU"":115,""maxSCU"":200,""maxContainerSize"":16}]",,,,,,1,,,1,,,,"[""Stanton""]",,,,,,1,2,
3b3b2b6e-5906-46ae-a3e0-4754a7756286,HaulCargo_SingleToMulti2_Processed_Mixed_QTFuelHydroFuelShipAmmo_Stanton1_SupplyGrade,,Hauling - Planetary,,Experienced Rank - Medium Cargo Haul,@Covalex_HaulCargo_SingleToMulti_title,"Hey,\n\nThe folks at <EM4>[LOCATION]</EM4> have what I like to call a “pilot’s special” waiting to be distributed - a haul of quantum fuel, hydrogen fuel, and ship ammo. Load it up from a freight elevator and deliver it to the following spots in whatever order works best for you. Expect the containers to all be <EM4>16 SCU</EM4> or smaller.   \n\nDROP OFF LOCATIONS (ANY ORDER)\n\n- Freight elevator at <EM4>[DESTINATION]</EM4>\n- Freight elevator at <EM4>[DESTINATION1]</EM4> \n\nBy the way, we strongly encourage contractors to bring a <EM4>handheld tractor beam</EM4> along.   \n\nThanks in advance for ensuring prompt service,\n\nChase Hewitt\nJr. Logistics Coordinator\nCovalex Shipping  \n'Anything you need, anywhere you need it.'\n\nCovalex Shipping is a limited liability corporation. To encourage timely deliveries and prevent fraud on cargo hauls, Covalex Shipping will set a delivery time limit and upon expiration, any undelivered cargo will be considered stolen and treated as such. Total payment will be prorated according to the percentage of cargo successfully delivered.",@Covalex_HaulCargo_SingleToMulti_Processed_Mixed_QTFuelHydroFuelShipAmmo,Covalex_HaulCargo_SingleToMulti_Processed_Mixed_QTFuelHydroFuelShipAmmo,207000,,1,,3b2f7882-73cc-41a4-9dce-f188d927e905,"[""e99a449d68bb"",""939db9c047f8"",""b5cb53e33fcd"",""95a32244f345"",""89a008e35ed9"",""c35c9d645e5d"",""5acdaddce185"",""df84706319ae"",""344489ef2811"",""b7c1fb236967"",""3ec008299c9d"",""d349a20587a2"",""8778a3f3b59c"",""d3473e61952b"",""64827e21d193"",""322451426163"",""074158cec93a"",""4bb7d5766b7c"",""2950082e2ec5"",""0f1b82d15bbf"",""70e2a4e15934"",""c11688d881bf"",""e69a2518b584"",""68086388492f"",""b873eaf28465"",""f40a07fbd12f"",""493a280f272d"",""b995beee5bb3"",""d3ed903f7000"",""547b54692c2b"",""c1d9c915309c"",""57d5a7e2054f"",""e15ed9ae26b0"",""3498b709fb3e"",""dfaa4ef80550"",""8ec2b5822f28"",""d51d9286b7ea"",""c78dabbac080"",""eac7f1ce3c0b"",""731b3f66d433"",""eda891a336d8"",""eaeb897a5b62"",""d075888b87ae"",""cc24d9eed492"",""aea1218cee3a"",""f5d285444203"",""c8ec90a805e4"",""d9e58924ece8"",""c78b26d569cd"",""6d40795eef36"",""b9cc5464bce2"",""f59373b33e29"",""919fb4980f6c"",""a49dc6443322"",""684acd6474b7"",""a854ef6fbec3"",""cc0b084257c7"",""28483b79f0db"",""8a9af4c27255"",""4993c8b73077"",""540e602749e8"",""d460d15a7d1b"",""5de9b063495a"",""d6cbb6d1bbf8"",""5535e1c9c8b5"",""d7f6e64900b0"",""e7b47cf6f5c5"",""9da35e2a2944"",""15a181728888""]","[""7c7107f9f580"",""4c989742e9ab"",""59ce884e5a53"",""bbd717ea0069"",""7e6f1702d348"",""cc76fc07b471"",""0fcc1d84a327"",""269b504a4b6b"",""8ed6f459e7a4""]","{""location"":[{""guid"":""551af60b-7727-4936-acc7-763d25d7a1de"",""name"":""Hurston"",""navIcon"":""Planet"",""star"":{""guid"":""34ff378f-faee-47bb-b5fe-f505e665c5ca"",""name"":""Stanton"",""navIcon"":""Star""}}]}","{""CargoRouteToken"":""@HaulCargo_CargoRoute_Planetary"",""CargoGradeToken"":""@HaulCargo_CargoGrade_Supply"",""ReputationRank"":""@RepStanding_TransportGuild_Rank4"",""MissionMaxSCUSize"":""@FreightElevator_16SCU"",""SingleToMultiToken"":""@HaulCargo_2_SingleToMultiToken""}","{""guid"":""197422cb-cf00-4bbf-910b-67323b48a939"",""name"":""Experienced"",""minReputation"":27750,""nameKey"":""RepStanding_TransportGuild_Rank4"",""includeWhenSharing"":true}",,,false,false,,10,,,,,"[{""resource"":""b1e6f847e239"",""minSCU"":41,""maxSCU"":72,""maxContainerSize"":16},{""resource"":""7f13bf4d94d1"",""minSCU"":81,""maxSCU"":144,""maxContainerSize"":16},{""resource"":""a1e8ada12409"",""minSCU"":82,""maxSCU"":144,""maxContainerSize"":16},{""resource"":""b1e6f847e239"",""minSCU"":40,""maxSCU"":72,""maxContainerSize"":16}]",,,,,,1,,,1,,,,"[""Stanton""]",,,,,,1,2,
fd795080-9b24-4bbe-90b1-13411bfd9e07,HaulCargo_SingleToMulti2_Processed_Mixed_QTFuelHydroFuelShipAmmo_Stanton1_SupplyGrade1,,Hauling - Stellar,,Experienced Rank - Medium Cargo Haul,@Covalex_HaulCargo_SingleToMulti_title,"Hey,\n\nThe folks at <EM4>[LOCATION]</EM4> have what I like to call a “pilot’s special” waiting to be distributed - a haul of quantum fuel, hydrogen fuel, and ship ammo. Load it up from a freight elevator and deliver it to the following spots in whatever order works best for you. Expect the containers to all be <EM4>16 SCU</EM4> or smaller.   \n\nDROP OFF LOCATIONS (ANY ORDER)\n\n- Freight elevator at <EM4>[DESTINATION]</EM4>\n- Freight elevator at <EM4>[DESTINATION1]</EM4> \n\nBy the way, we strongly encourage contractors to bring a <EM4>handheld tractor beam</EM4> along.   \n\nThanks in advance for ensuring prompt service,\n\nChase Hewitt\nJr. Logistics Coordinator\nCovalex Shipping  \n'Anything you need, anywhere you need it.'\n\nCovalex Shipping is a limited liability corporation. To encourage timely deliveries and prevent fraud on cargo hauls, Covalex Shipping will set a delivery time limit and upon expiration, any undelivered cargo will be considered stolen and treated as such. Total payment will be prorated according to the percentage of cargo successfully delivered.",@Covalex_HaulCargo_SingleToMulti_Processed_Mixed_QTFuelHydroFuelShipAmmo,Covalex_HaulCargo_SingleToMulti_Processed_Mixed_QTFuelHydroFuelShipAmmo,191500,,1,,3b2f7882-73cc-41a4-9dce-f188d927e905,"[""e99a449d68bb"",""939db9c047f8"",""b5cb53e33fcd"",""95a32244f345"",""89a008e35ed9"",""c35c9d645e5d"",""5acdaddce185"",""df84706319ae"",""344489ef2811"",""b7c1fb236967"",""3ec008299c9d"",""d349a20587a2"",""8778a3f3b59c"",""d3473e61952b"",""64827e21d193"",""322451426163"",""074158cec93a"",""4bb7d5766b7c"",""2950082e2ec5"",""0f1b82d15bbf"",""70e2a4e15934"",""c11688d881bf"",""e69a2518b584"",""68086388492f"",""b873eaf28465"",""f40a07fbd12f"",""493a280f272d"",""b995beee5bb3"",""d3ed903f7000"",""547b54692c2b"",""c1d9c915309c"",""57d5a7e2054f"",""e15ed9ae26b0"",""3498b709fb3e"",""dfaa4ef80550"",""8ec2b5822f28"",""d51d9286b7ea"",""c78dabbac080"",""eac7f1ce3c0b"",""731b3f66d433"",""eda891a336d8"",""eaeb897a5b62"",""d075888b87ae"",""cc24d9eed492"",""aea1218cee3a"",""f5d285444203"",""c8ec90a805e4"",""d9e58924ece8"",""c78b26d569cd"",""6d40795eef36"",""b9cc5464bce2"",""f59373b33e29"",""919fb4980f6c"",""a49dc6443322"",""684acd6474b7"",""a854ef6fbec3"",""cc0b084257c7"",""28483b79f0db"",""8a9af4c27255"",""4993c8b73077"",""540e602749e8"",""d460d15a7d1b"",""5de9b063495a"",""d6cbb6d1bbf8"",""5535e1c9c8b5"",""d7f6e64900b0"",""e7b47cf6f5c5"",""9da35e2a2944""]","[""e95b4a8986f3"",""b59e5f3521ad"",""b3580d2b56f8"",""4411e7a6a465"",""757b267eceb1""]","{""location"":null}","{""CargoRouteToken"":""@HaulCargo_CargoRoute_Solar"",""CargoGradeToken"":""@HaulCargo_CargoGrade_Supply"",""ReputationRank"":""@RepStanding_TransportGuild_Rank4"",""MissionMaxSCUSize"":""@FreightElevator_16SCU"",""SingleToMultiToken"":""@HaulCargo_2_SingleToMultiToken""}","{""guid"":""197422cb-cf00-4bbf-910b-67323b48a939"",""name"":""Experienced"",""minReputation"":27750,""nameKey"":""RepStanding_TransportGuild_Rank4"",""includeWhenSharing"":true}",,,false,false,,10,,,,,"[{""resource"":""b1e6f847e239"",""minSCU"":41,""maxSCU"":72,""maxContainerSize"":16},{""resource"":""7f13bf4d94d1"",""minSCU"":81,""maxSCU"":144,""maxContainerSize"":16},{""resource"":""a1e8ada12409"",""minSCU"":82,""maxSCU"":144,""maxContainerSize"":16},{""resource"":""b1e6f847e239"",""minSCU"":40,""maxSCU"":72,""maxContainerSize"":16}]",,,,,,1,,,1,,,,"[""Stanton""]",,,,,,1,2,
6a91a30e-c00d-41ee-b7f0-46f4a14a09dd,HaulCargo_SingleToMulti2_Processed_Mixed_QTFuelHydroFuelShipAmmo_Stanton2_SupplyGrade,,Hauling - Stellar,,Experienced Rank - Medium Cargo Haul,@Covalex_HaulCargo_SingleToMulti_title,"Hey,\n\nThe folks at <EM4>[LOCATION]</EM4> have what I like to call a “pilot’s special” waiting to be distributed - a haul of quantum fuel, hydrogen fuel, and ship ammo. Load it up from a freight elevator and deliver it to the following spots in whatever order works best for you. Expect the containers to all be <EM4>16 SCU</EM4> or smaller.   \n\nDROP OFF LOCATIONS (ANY ORDER)\n\n- Freight elevator at <EM4>[DESTINATION]</EM4>\n- Freight elevator at <EM4>[DESTINATION1]</EM4> \n\nBy the way, we strongly encourage contractors to bring a <EM4>handheld tractor beam</EM4> along.   \n\nThanks in advance for ensuring prompt service,\n\nChase Hewitt\nJr. Logistics Coordinator\nCovalex Shipping  \n'Anything you need, anywhere you need it.'\n\nCovalex Shipping is a limited liability corporation. To encourage timely deliveries and prevent fraud on cargo hauls, Covalex Shipping will set a delivery time limit and upon expiration, any undelivered cargo will be considered stolen and treated as such. Total payment will be prorated according to the percentage of cargo successfully delivered.",@Covalex_HaulCargo_SingleToMulti_Processed_Mixed_QTFuelHydroFuelShipAmmo,Covalex_HaulCargo_SingleToMulti_Processed_Mixed_QTFuelHydroFuelShipAmmo,195500,,1,,3b2f7882-73cc-41a4-9dce-f188d927e905,"[""e99a449d68bb"",""939db9c047f8"",""b5cb53e33fcd"",""95a32244f345"",""89a008e35ed9"",""c35c9d645e5d"",""5acdaddce185"",""df84706319ae"",""344489ef2811"",""b7c1fb236967"",""3ec008299c9d"",""d349a20587a2"",""8778a3f3b59c"",""d3473e61952b"",""64827e21d193"",""322451426163"",""074158cec93a"",""4bb7d5766b7c"",""2950082e2ec5"",""0f1b82d15bbf"",""70e2a4e15934"",""c11688d881bf"",""e69a2518b584"",""68086388492f"",""b873eaf28465"",""f40a07fbd12f"",""493a280f272d"",""b995beee5bb3"",""d3ed903f7000"",""547b54692c2b"",""c1d9c915309c"",""57d5a7e2054f"",""e15ed9ae26b0"",""3498b709fb3e"",""dfaa4ef80550"",""8ec2b5822f28"",""d51d9286b7ea"",""c78dabbac080"",""eac7f1ce3c0b"",""731b3f66d433"",""eda891a336d8"",""eaeb897a5b62"",""d075888b87ae"",""cc24d9eed492"",""aea1218cee3a"",""f5d285444203"",""c8ec90a805e4"",""d9e58924ece8"",""c78b26d569cd"",""6d40795eef36"",""b9cc5464bce2"",""f59373b33e29"",""919fb4980f6c"",""a49dc6443322"",""684acd6474b7"",""a854ef6fbec3"",""cc0b084257c7"",""28483b79f0db"",""8a9af4c27255"",""4993c8b73077"",""540e602749e8"",""d460d15a7d1b"",""5de9b063495a"",""d6cbb6d1bbf8"",""5535e1c9c8b5"",""d7f6e64900b0"",""e7b47cf6f5c5"",""9da35e2a2944""]","[""a135f4e98ad2"",""4a0bccec3491"",""02c36d96275b""]","{""location"":null}","{""CargoRouteToken"":""@HaulCargo_CargoRoute_Solar"",""CargoGradeToken"":""@HaulCargo_CargoGrade_Supply"",""ReputationRank"":""@RepStanding_TransportGuild_Rank4"",""MissionMaxSCUSize"":""@FreightElevator_16SCU"",""SingleToMultiToken"":""@HaulCargo_2_SingleToMultiToken""}","{""guid"":""197422cb-cf00-4bbf-910b-67323b48a939"",""name"":""Experienced"",""minReputation"":27750,""nameKey"":""RepStanding_TransportGuild_Rank4"",""includeWhenSharing"":true}",,,false,false,,10,,,,,"[{""resource"":""b1e6f847e239"",""minSCU"":41,""maxSCU"":72,""maxContainerSize"":16},{""resource"":""7f13bf4d94d1"",""minSCU"":81,""maxSCU"":144,""maxContainerSize"":16},{""resource"":""a1e8ada12409"",""minSCU"":82,""maxSCU"":144,""maxContainerSize"":16},{""resource"":""b1e6f847e239"",""minSCU"":40,""maxSCU"":72,""maxContainerSize"":16}]",,,,,,1,,,1,,,,"[""Stanton""]",,,,,,1,2,
0f87560d-b1ba-4b73-9435-6b840c5c0a9f,HaulCargo_SingleToMulti2_Processed_Mixed_QTFuelHydroFuelShipAmmo_Stanton3_SupplyGrade,,Hauling - Stellar,,Experienced Rank - Medium Cargo Haul,@Covalex_HaulCargo_SingleToMulti_title,"Greetings, \n\nSeems like <EM4>[LOCATION]</EM4> currently has some <EM4>16 SCU</EM4> or smaller cargo that needs to be separated and delivered to a few different spots. \n\nDROP OFF LOCATIONS (ANY ORDER)\n\n- Freight elevator at <EM4>[DESTINATION]</EM4>\n- Freight elevator at <EM4>[DESTINATION1]</EM4>\n\nDrop-offs can be done in whatever order works best for you.  \n\nBy the way, we strongly encourage contractors to bring a <EM4>handheld tractor beam</EM4> along.   \n\n[SIGN_OFF]\n\nChase Hewitt\nJr. Logistics Coordinator\nCovalex Shipping  \n'Anything you need, anywhere you need it.'\n\nCovalex Shipping is a limited liability corporation. To encourage timely deliveries and prevent fraud on cargo hauls, Covalex Shipping will set a delivery time limit and upon expiration, any undelivered cargo will be considered stolen and treated as such. Total payment will be prorated according to the percentage of cargo successfully delivered.",@HaulCargo_SingleToMulti_desc,Covalex_HaulCargo_SingleToMulti_desc_01,197250,,1,,3b2f7882-73cc-41a4-9dce-f188d927e905,,"[""cdbe5c5a9cc4"",""581b65066988"",""360e510ac13b"",""baff0c674b66"",""cd6ab6ce61a7""]","{""location"":null}","{""CargoRouteToken"":""@HaulCargo_CargoRoute_Solar"",""CargoGradeToken"":""@HaulCargo_CargoGrade_Supply"",""ReputationRank"":""@RepStanding_TransportGuild_Rank4"",""MissionMaxSCUSize"":""@FreightElevator_16SCU"",""SingleToMultiToken"":""@HaulCargo_2_SingleToMultiToken""}","{""guid"":""197422cb-cf00-4bbf-910b-67323b48a939"",""name"":""Experienced"",""minReputation"":27750,""nameKey"":""RepStanding_TransportGuild_Rank4"",""includeWhenSharing"":true}",,,false,false,,10,,,,,"[{""resource"":""b1e6f847e239"",""minSCU"":41,""maxSCU"":72,""maxContainerSize"":16},{""resource"":""7f13bf4d94d1"",""minSCU"":81,""maxSCU"":144,""maxContainerSize"":16},{""resource"":""a1e8ada12409"",""minSCU"":82,""maxSCU"":144,""maxContainerSize"":16},{""resource"":""b1e6f847e239"",""minSCU"":40,""maxSCU"":72,""maxContainerSize"":16}]",,,,,,1,,,1,,,,,,,,,,1,2,
f700567d-285d-43ce-bf63-35da3b54d93e,HaulCargo_SingleToMulti2_Processed_Mixed_QTFuelHydroFuelShipAmmo_Stanton4_SupplyGrade1,,Hauling - Stellar,,Experienced Rank - Medium Cargo Haul,@Covalex_HaulCargo_SingleToMulti_title,"Hey,\n\nThe folks at <EM4>[LOCATION]</EM4> have what I like to call a “pilot’s special” waiting to be distributed - a haul of quantum fuel, hydrogen fuel, and ship ammo. Load it up from a freight elevator and deliver it to the following spots in whatever order works best for you. Expect the containers to all be <EM4>16 SCU</EM4> or smaller.   \n\nDROP OFF LOCATIONS (ANY ORDER)\n\n- Freight elevator at <EM4>[DESTINATION]</EM4>\n- Freight elevator at <EM4>[DESTINATION1]</EM4> \n\nBy the way, we strongly encourage contractors to bring a <EM4>handheld tractor beam</EM4> along.   \n\nThanks in advance for ensuring prompt service,\n\nChase Hewitt\nJr. Logistics Coordinator\nCovalex Shipping  \n'Anything you need, anywhere you need it.'\n\nCovalex Shipping is a limited liability corporation. To encourage timely deliveries and prevent fraud on cargo hauls, Covalex Shipping will set a delivery time limit and upon expiration, any undelivered cargo will be considered stolen and treated as such. Total payment will be prorated according to the percentage of cargo successfully delivered.",@Covalex_HaulCargo_SingleToMulti_Processed_Mixed_QTFuelHydroFuelShipAmmo,Covalex_HaulCargo_SingleToMulti_Processed_Mixed_QTFuelHydroFuelShipAmmo,202250,,1,,3b2f7882-73cc-41a4-9dce-f188d927e905,,"[""018f9a8014f4"",""f6d49b8ef987"",""afc85b274a27"",""51c7fcbf4b91"",""f14fda6625d9""]","{""location"":null}","{""CargoRouteToken"":""@HaulCargo_CargoRoute_Solar"",""CargoGradeToken"":""@HaulCargo_CargoGrade_Supply"",""ReputationRank"":""@RepStanding_TransportGuild_Rank4"",""MissionMaxSCUSize"":""@FreightElevator_16SCU"",""SingleToMultiToken"":""@HaulCargo_2_SingleToMultiToken""}","{""guid"":""197422cb-cf00-4bbf-910b-67323b48a939"",""name"":""Experienced"",""minReputation"":27750,""nameKey"":""RepStanding_TransportGuild_Rank4"",""includeWhenSharing"":true}",,,false,false,,10,,,,,"[{""resource"":""b1e6f847e239"",""minSCU"":41,""maxSCU"":72,""maxContainerSize"":16},{""resource"":""7f13bf4d94d1"",""minSCU"":81,""maxSCU"":144,""maxContainerSize"":16},{""resource"":""a1e8ada12409"",""minSCU"":82,""maxSCU"":144,""maxContainerSize"":16},{""resource"":""b1e6f847e239"",""minSCU"":40,""maxSCU"":72,""maxContainerSize"":16}]",,,,,,1,,,1,,,,,,,,,,1,2,
7c7574f9-aeeb-4ed9-be73-b7285c52afea,HaulCargo_Multi4ToSingle_RawOre_Mixed_AluminiumTungstenCorundum_Stanton3_SmallGrade,,Hauling - Planetary,,Experienced Rank - Small Cargo Haul,@Covalex_HaulCargo_MultiToSingle_title,"Hello!\n\nThere’s a load of cargo (<EM4>4 SCU</EM4> or smaller) that needs to be delivered to a freight elevator at <EM4>[DESTINATION]</EM4>. The only thing is that the cargo is spread across a few locations, which I’ve listed out below.  \n\nPICK UP LOCATIONS (ANY ORDER)\n\n- Freight elevator at <EM4>[LOCATION]</EM4>\n- Freight elevator at <EM4>[LOCATION1]</EM4>\n- Freight elevator at <EM4>[LOCATION2]</EM4>\n- Freight elevator at <EM4>[LOCATION3]</EM4>\n\nMakes no difference what order you grab the stuff, as long as it’s all delivered.\n\nBy the way, we strongly encourage contractors to bring a <EM4>handheld tractor beam</EM4> along.   \n\n[SIGN_OFF]\n\nChase Hewitt\nJr. Logistics Coordinator\nCovalex Shipping  \n'Anything you need, anywhere you need it.'\n\nCovalex Shipping is a limited liability corporation. To encourage timely deliveries and prevent fraud on cargo hauls, Covalex Shipping will set a delivery time limit and upon expiration, any undelivered cargo will be considered stolen and treated as such. Total payment will be prorated according to the percentage of cargo successfully delivered.",@HaulCargo_MultiToSingle_desc,Covalex_HaulCargo_MultiToSingle_desc_01,134750,,1,,3b2f7882-73cc-41a4-9dce-f188d927e905,"[""cdf8c616027a"",""d2eb0782a515"",""518307ad6049"",""fbc4f709d2cf"",""d6cbb6d1bbf8""]","[""baff0c674b66"",""cd6ab6ce61a7"",""2ed683252564""]","{""location"":[{""guid"":""35a9f8f5-8f80-4796-83db-7d7362baeb9a"",""name"":""ArcCorp"",""navIcon"":""Planet"",""star"":{""guid"":""34ff378f-faee-47bb-b5fe-f505e665c5ca"",""name"":""Stanton"",""navIcon"":""Star""}}]}","{""CargoRouteToken"":""@HaulCargo_CargoRoute_Planetary"",""CargoGradeToken"":""@HaulCargo_CargoGrade_Small"",""ReputationRank"":""@RepStanding_TransportGuild_Rank4"",""MissionMaxSCUSize"":""@FreightElevator_4SCU"",""MultiToSingleToken"":""@HaulCargo_4_MultiToSingleToken""}","{""guid"":""197422cb-cf00-4bbf-910b-67323b48a939"",""name"":""Experienced"",""minReputation"":27750,""nameKey"":""RepStanding_TransportGuild_Rank4"",""includeWhenSharing"":true}",,,false,false,,5,,,,,"[{""resource"":""93c88e84e876"",""minSCU"":3,""maxSCU"":6,""maxContainerSize"":4},{""resource"":""f009ff385c83"",""minSCU"":5,""maxSCU"":11,""maxContainerSize"":4},{""resource"":""93c88e84e876"",""minSCU"":2,""maxSCU"":5,""maxContainerSize"":4},{""resource"":""ce00bf017a92"",""minSCU"":4,""maxSCU"":10,""maxContainerSize"":4}]",,,,,,1,,,1,,,,"[""Stanton""]",,,,,,4,1,
ead4b413-6d02-4468-9b63-bb62eac9c2de,HaulCargo_Multi4ToSingle_RawOre_Mixed_QuartzCorundum_Stanton4_SmallGrade,,Hauling - Local,,Experienced Rank - Small Cargo Haul,@Covalex_HaulCargo_MultiToSingle_title,"Hello!\n\nThere’s a load of cargo (<EM4>4 SCU</EM4> or smaller) that needs to be delivered to a freight elevator at <EM4>[DESTINATION]</EM4>. The only thing is that the cargo is spread across a few locations, which I’ve listed out below.  \n\nPICK UP LOCATIONS (ANY ORDER)\n\n- Freight elevator at <EM4>[LOCATION]</EM4>\n- Freight elevator at <EM4>[LOCATION1]</EM4>\n- Freight elevator at <EM4>[LOCATION2]</EM4>\n- Freight elevator at <EM4>[LOCATION3]</EM4>\n\nMakes no difference what order you grab the stuff, as long as it’s all delivered.\n\nBy the way, we strongly encourage contractors to bring a <EM4>handheld tractor beam</EM4> along.   \n\n[SIGN_OFF]\n\nChase Hewitt\nJr. Logistics Coordinator\nCovalex Shipping  \n'Anything you need, anywhere you need it.'\n\nCovalex Shipping is a limited liability corporation. To encourage timely deliveries and prevent fraud on cargo hauls, Covalex Shipping will set a delivery time limit and upon expiration, any undelivered cargo will be considered stolen and treated as such. Total payment will be prorated according to the percentage of cargo successfully delivered.",@HaulCargo_MultiToSingle_desc,Covalex_HaulCargo_MultiToSingle_desc_01,153250,,1,,3b2f7882-73cc-41a4-9dce-f188d927e905,"[""eac7f1ce3c0b"",""f44f8c4ebc77"",""33fb69c82e7b"",""7835df714e97"",""cc32f6b0f1d8"",""cdb0b3a60f0a"",""7d2fc570e19e"",""53f11bb3af5c"",""3726a3459bd0"",""59bcf258bb06"",""501b5a32fa4a"",""0d2b87d23586"",""99a20f9e0edf"",""3089bd5b242c"",""761b9df55b2f"",""bcd83a4bcc16"",""90cb841eed0e"",""30315664418c"",""a2526a698135"",""344489ef2811"",""e63f435dad19"",""46fc94c68dfb"",""0f1b82d15bbf"",""c08a5fd268c6"",""5cd7f648cb37"",""381c737dcb2f"",""8df655e271c6"",""542d5bba0a4e"",""b873eaf28465"",""b0119de4651d"",""dd4b2c21d504"",""4878a19f70fb"",""0b6daacd2578"",""35612a2f1355"",""edb2b26535cf"",""e15ed9ae26b0"",""ad4890a004cd"",""b176e4cfd0f4"",""a6688ee0da7a"",""b3903a0458bf"",""f69703185b66"",""769b5e010a71"",""c78dabbac080"",""a1b4c18a95ce"",""c8ec90a805e4"",""09ab1dcd3985"",""d075888b87ae"",""d9e58924ece8"",""b94b926e7bc3"",""2c34d7cd3f58"",""684acd6474b7"",""c809bc4da138"",""e5c26653b19c"",""111788f5d06c"",""94b5514b89ef"",""c8513bccecd3"",""b139e4086d8b"",""f8d92b40d014"",""01717738329f"",""8cf491401eef""]","[""cc76fc07b471""]","{""location"":[{""guid"":""5a529db7-1a4e-45b0-bdcb-a5a0c7a7fc57"",""name"":""microTech"",""navIcon"":""Planet"",""star"":{""guid"":""34ff378f-faee-47bb-b5fe-f505e665c5ca"",""name"":""Stanton"",""navIcon"":""Star""}}]}","{""CargoRouteToken"":""@HaulCargo_CargoRoute_Local"",""CargoGradeToken"":""@HaulCargo_CargoGrade_Small"",""ReputationRank"":""@RepStanding_TransportGuild_Rank4"",""MissionMaxSCUSize"":""@FreightElevator_4SCU"",""MultiToSingleToken"":""@HaulCargo_4_MultiToSingleToken""}","{""guid"":""197422cb-cf00-4bbf-910b-67323b48a939"",""name"":""Experienced"",""minReputation"":27750,""nameKey"":""RepStanding_TransportGuild_Rank4"",""includeWhenSharing"":true}",,,false,false,,5,,,,,"[{""resource"":""ab591b2bae61"",""minSCU"":3,""maxSCU"":8,""maxContainerSize"":4},{""resource"":""ce00bf017a92"",""minSCU"":3,""maxSCU"":8,""maxContainerSize"":4},{""resource"":""ab591b2bae61"",""minSCU"":4,""maxSCU"":8,""maxContainerSize"":4},{""resource"":""ce00bf017a92"",""minSCU"":4,""maxSCU"":8,""maxContainerSize"":4}]",,,,,,1,,,1,,,,"[""Stanton""]",,,,,,4,1,
19be1ad4-f42c-401d-b793-65f686fa66be,HaulCargo_Multi4ToSingle_Waste_Mixed_ScrapWaste_Stanton3_SmallGrade,,Hauling - Planetary,,Experienced Rank - Small Cargo Haul,@Covalex_HaulCargo_MultiToSingle_title,"Hi there,\n\nThere’s a few sites on ArcCorp that need their waste and scrap collected (all boxes <EM4>4 SCU</EM4> or smaller) and taken to a freight elevator at <EM4>[DESTINATION]</EM4>. Doesn’t matter what order you do the run, as long as you grab it all.    \n\nPICK UP LOCATIONS (ANY ORDER)\n\n- Freight elevator at <EM4>[LOCATION]</EM4>\n- Freight elevator at <EM4>[LOCATION1]</EM4>\n- Freight elevator at <EM4>[LOCATION2]</EM4>\n- Freight elevator at <EM4>[LOCATION3]</EM4>\n\nYou know, my mom was a hauler who specialized in runs like this. It might not be the most glamorous stuff, but she claimed these runs had the best pay-to-risk ratio. Pirates never gave her any trouble when they found out what was on board.  \n\nBy the way, we strongly encourage contractors to bring a <EM4>handheld tractor beam</EM4> along.   \n\nThanks in advance for ensuring prompt service,\n\nChase Hewitt\nJr. Logistics Coordinator\nCovalex Shipping  \n'Anything you need, anywhere you need it.'\n\nCovalex Shipping is a limited liability corporation. To encourage timely deliveries and prevent fraud on cargo hauls, Covalex Shipping will set a delivery time limit and upon expiration, any undelivered cargo will be considered stolen and treated as such. Total payment will be prorated according to the percentage of cargo successfully delivered.",@Covalex_HaulCargo_MultiToSingle_desc_ScrapWaste_Stanton3,Covalex_HaulCargo_MultiToSingle_desc_ScrapWaste_Stanton3,164000,,1,,3b2f7882-73cc-41a4-9dce-f188d927e905,"[""caf1d4054425"",""939db9c047f8"",""cdf8c616027a"",""506133aa9ece"",""87890be8c56e"",""910011967b3f"",""0eddaa01ba28"",""d2eb0782a515"",""225de92ecb7f"",""4387f9565b21"",""4bb7d5766b7c"",""a44cbc412910"",""dfaa4ef80550"",""2fc07de8c2f4"",""02ddf0f4af74"",""eda891a336d8"",""6d40795eef36"",""d6cbb6d1bbf8"",""6afb0835aa69""]","[""7e6f1702d348"",""cc76fc07b471"",""db17a1be6e86"",""e63d2da1ad36"",""32e3bb3ae27a"",""2ed683252564""]","{""location"":[{""guid"":""35a9f8f5-8f80-4796-83db-7d7362baeb9a"",""name"":""ArcCorp"",""navIcon"":""Planet"",""star"":{""guid"":""34ff378f-faee-47bb-b5fe-f505e665c5ca"",""name"":""Stanton"",""navIcon"":""Star""}}]}","{""CargoRouteToken"":""@HaulCargo_CargoRoute_Planetary"",""CargoGradeToken"":""@HaulCargo_CargoGrade_Small"",""ReputationRank"":""@RepStanding_TransportGuild_Rank4"",""MissionMaxSCUSize"":""@FreightElevator_4SCU"",""MultiToSingleToken"":""@HaulCargo_4_MultiToSingleToken""}","{""guid"":""197422cb-cf00-4bbf-910b-67323b48a939"",""name"":""Experienced"",""minReputation"":27750,""nameKey"":""RepStanding_TransportGuild_Rank4"",""includeWhenSharing"":true}",,,false,false,,5,,,,,"[{""resource"":""977fe39d1cc1"",""minSCU"":2,""maxSCU"":4,""maxContainerSize"":4},{""resource"":""c5ab7d0672fd"",""minSCU"":2,""maxSCU"":4,""maxContainerSize"":4},{""resource"":""977fe39d1cc1"",""minSCU"":2,""maxSCU"":4,""maxContainerSize"":4},{""resource"":""c5ab7d0672fd"",""minSCU"":2,""maxSCU"":4,""maxContainerSize"":4}]",,,,,,1,,,1,,,,"[""Stanton""]",,,,,,4,1,
3e1b0ab4-251d-4c41-9c69-66b916928b11,HaulCargo_Multi4ToSingle_Waste_Mixed_ScrapWaste_Stanton4_SmallGrade,,Hauling - Local,,Experienced Rank - Small Cargo Haul,@Covalex_HaulCargo_MultiToSingle_title,"Hi there,\n\nThere’s a few sites on ArcCorp that need their waste and scrap collected (all boxes <EM4>4 SCU</EM4> or smaller) and taken to a freight elevator at <EM4>[DESTINATION]</EM4>. Doesn’t matter what order you do the run, as long as you grab it all.    \n\nPICK UP LOCATIONS (ANY ORDER)\n\n- Freight elevator at <EM4>[LOCATION]</EM4>\n- Freight elevator at <EM4>[LOCATION1]</EM4>\n- Freight elevator at <EM4>[LOCATION2]</EM4>\n- Freight elevator at <EM4>[LOCATION3]</EM4>\n\nYou know, my mom was a hauler who specialized in runs like this. It might not be the most glamorous stuff, but she claimed these runs had the best pay-to-risk ratio. Pirates never gave her any trouble when they found out what was on board.  \n\nBy the way, we strongly encourage contractors to bring a <EM4>handheld tractor beam</EM4> along.   \n\nThanks in advance for ensuring prompt service,\n\nChase Hewitt\nJr. Logistics Coordinator\nCovalex Shipping  \n'Anything you need, anywhere you need it.'\n\nCovalex Shipping is a limited liability corporation. To encourage timely deliveries and prevent fraud on cargo hauls, Covalex Shipping will set a delivery time limit and upon expiration, any undelivered cargo will be considered stolen and treated as such. Total payment will be prorated according to the percentage of cargo successfully delivered.",@Covalex_HaulCargo_MultiToSingle_desc_ScrapWaste_Stanton3,Covalex_HaulCargo_MultiToSingle_desc_ScrapWaste_Stanton3,139000,,1,,3b2f7882-73cc-41a4-9dce-f188d927e905,"[""15a181728888""]","[""cc76fc07b471""]","{""location"":[{""guid"":""5a529db7-1a4e-45b0-bdcb-a5a0c7a7fc57"",""name"":""microTech"",""navIcon"":""Planet"",""star"":{""guid"":""34ff378f-faee-47bb-b5fe-f505e665c5ca"",""name"":""Stanton"",""navIcon"":""Star""}}]}","{""CargoRouteToken"":""@HaulCargo_CargoRoute_Local"",""CargoGradeToken"":""@HaulCargo_CargoGrade_Small"",""ReputationRank"":""@RepStanding_TransportGuild_Rank4"",""MissionMaxSCUSize"":""@FreightElevator_4SCU"",""MultiToSingleToken"":""@HaulCargo_4_MultiToSingleToken""}","{""guid"":""197422cb-cf00-4bbf-910b-67323b48a939"",""name"":""Experienced"",""minReputation"":27750,""nameKey"":""RepStanding_TransportGuild_Rank4"",""includeWhenSharing"":true}",,,false,false,,5,,,,,"[{""resource"":""977fe39d1cc1"",""minSCU"":2,""maxSCU"":4,""maxContainerSize"":4},{""resource"":""c5ab7d0672fd"",""minSCU"":2,""maxSCU"":4,""maxContainerSize"":4},{""resource"":""977fe39d1cc1"",""minSCU"":2,""maxSCU"":4,""maxContainerSize"":4},{""resource"":""c5ab7d0672fd"",""minSCU"":2,""maxSCU"":4,""maxContainerSize"":4}]",,,,,,1,,,1,,,,"[""Stanton""]",,,,,,4,1,
e4ada47c-b638-439d-996a-0b6306a5db13,HaulCargo_Multi4ToSingle_Waste_Mixed_ScrapWaste_Stanton4_SmallGrade1,,Hauling - Planetary,,Experienced Rank - Small Cargo Haul,@Covalex_HaulCargo_MultiToSingle_title,"Hello!\n\nThere’s a load of cargo (<EM4>4 SCU</EM4> or smaller) that needs to be delivered to a freight elevator at <EM4>[DESTINATION]</EM4>. The only thing is that the cargo is spread across a few locations, which I’ve listed out below.  \n\nPICK UP LOCATIONS (ANY ORDER)\n\n- Freight elevator at <EM4>[LOCATION]</EM4>\n- Freight elevator at <EM4>[LOCATION1]</EM4>\n- Freight elevator at <EM4>[LOCATION2]</EM4>\n- Freight elevator at <EM4>[LOCATION3]</EM4>\n\nMakes no difference what order you grab the stuff, as long as it’s all delivered.\n\nBy the way, we strongly encourage contractors to bring a <EM4>handheld tractor beam</EM4> along.   \n\n[SIGN_OFF]\n\nChase Hewitt\nJr. Logistics Coordinator\nCovalex Shipping  \n'Anything you need, anywhere you need it.'\n\nCovalex Shipping is a limited liability corporation. To encourage timely deliveries and prevent fraud on cargo hauls, Covalex Shipping will set a delivery time limit and upon expiration, any undelivered cargo will be considered stolen and treated as such. Total payment will be prorated according to the percentage of cargo successfully delivered.",@HaulCargo_MultiToSingle_desc,Covalex_HaulCargo_MultiToSingle_desc_01,163750,,1,,3b2f7882-73cc-41a4-9dce-f188d927e905,"[""a1b4c18a95ce""]","[""7e6f1702d348"",""cc76fc07b471"",""db17a1be6e86"",""e63d2da1ad36"",""32e3bb3ae27a"",""2ed683252564""]","{""location"":[{""guid"":""5a529db7-1a4e-45b0-bdcb-a5a0c7a7fc57"",""name"":""microTech"",""navIcon"":""Planet"",""star"":{""guid"":""34ff378f-faee-47bb-b5fe-f505e665c5ca"",""name"":""Stanton"",""navIcon"":""Star""}}]}","{""CargoRouteToken"":""@HaulCargo_CargoRoute_Planetary"",""CargoGradeToken"":""@HaulCargo_CargoGrade_Small"",""ReputationRank"":""@RepStanding_TransportGuild_Rank4"",""MissionMaxSCUSize"":""@FreightElevator_4SCU"",""MultiToSingleToken"":""@HaulCargo_4_MultiToSingleToken""}","{""guid"":""197422cb-cf00-4bbf-910b-67323b48a939"",""name"":""Experienced"",""minReputation"":27750,""nameKey"":""RepStanding_TransportGuild_Rank4"",""includeWhenSharing"":true}",,,false,false,,5,,,,,"[{""resource"":""977fe39d1cc1"",""minSCU"":2,""maxSCU"":4,""maxContainerSize"":4},{""resource"":""c5ab7d0672fd"",""minSCU"":2,""maxSCU"":4,""maxContainerSize"":4},{""resource"":""977fe39d1cc1"",""minSCU"":2,""maxSCU"":4,""maxContainerSize"":4},{""resource"":""c5ab7d0672fd"",""minSCU"":2,""maxSCU"":4,""maxContainerSize"":4}]",,,,,,1,,,1,,,,"[""Stanton""]",,,,,,4,1,
3a656950-4458-42c1-a39d-90b0e1429b83,HaulCargo_Multi4ToSingle_Waste_Mixed_ScrapWaste_Stanton4_SmallGrade2,,Hauling - Stellar,,Experienced Rank - Small Cargo Haul,@Covalex_HaulCargo_MultiToSingle_title,"Hello!\n\nThere’s a load of cargo (<EM4>4 SCU</EM4> or smaller) that needs to be delivered to a freight elevator at <EM4>[DESTINATION]</EM4>. The only thing is that the cargo is spread across a few locations, which I’ve listed out below.  \n\nPICK UP LOCATIONS (ANY ORDER)\n\n- Freight elevator at <EM4>[LOCATION]</EM4>\n- Freight elevator at <EM4>[LOCATION1]</EM4>\n- Freight elevator at <EM4>[LOCATION2]</EM4>\n- Freight elevator at <EM4>[LOCATION3]</EM4>\n\nMakes no difference what order you grab the stuff, as long as it’s all delivered.\n\nBy the way, we strongly encourage contractors to bring a <EM4>handheld tractor beam</EM4> along.   \n\n[SIGN_OFF]\n\nChase Hewitt\nJr. Logistics Coordinator\nCovalex Shipping  \n'Anything you need, anywhere you need it.'\n\nCovalex Shipping is a limited liability corporation. To encourage timely deliveries and prevent fraud on cargo hauls, Covalex Shipping will set a delivery time limit and upon expiration, any undelivered cargo will be considered stolen and treated as such. Total payment will be prorated according to the percentage of cargo successfully delivered.",@HaulCargo_MultiToSingle_desc,Covalex_HaulCargo_MultiToSingle_desc_01,93750,,1,,3b2f7882-73cc-41a4-9dce-f188d927e905,"[""e15ed9ae26b0"",""c78dabbac080"",""d075888b87ae"",""d9e58924ece8"",""684acd6474b7""]","[""db17a1be6e86"",""e63d2da1ad36"",""2ed683252564""]","{""location"":null}","{""CargoRouteToken"":""@HaulCargo_CargoRoute_Solar"",""CargoGradeToken"":""@HaulCargo_CargoGrade_Small"",""ReputationRank"":""@RepStanding_TransportGuild_Rank4"",""MissionMaxSCUSize"":""@FreightElevator_4SCU"",""MultiToSingleToken"":""@HaulCargo_4_MultiToSingleToken""}","{""guid"":""197422cb-cf00-4bbf-910b-67323b48a939"",""name"":""Experienced"",""minReputation"":27750,""nameKey"":""RepStanding_TransportGuild_Rank4"",""includeWhenSharing"":true}",,,false,false,,5,,,,,"[{""resource"":""977fe39d1cc1"",""minSCU"":2,""maxSCU"":4,""maxContainerSize"":4},{""resource"":""c5ab7d0672fd"",""minSCU"":2,""maxSCU"":4,""maxContainerSize"":4},{""resource"":""977fe39d1cc1"",""minSCU"":2,""maxSCU"":4,""maxContainerSize"":4},{""resource"":""c5ab7d0672fd"",""minSCU"":2,""maxSCU"":4,""maxContainerSize"":4}]",,,,,,1,,,1,,,,,,,,,,4,1,
80d5bb38-4786-41de-a16c-2e1daf40fb03,HaulCargo_SingleToMulti3_Processed_Mixed_PressIceProcFood_Stanton4_SmallGrade1,,Hauling - Planetary,,Experienced Rank - Small Cargo Haul,@Covalex_HaulCargo_SingleToMulti_title,"Greetings, \n\nSeems like <EM4>[LOCATION]</EM4> currently has some <EM4>4 SCU</EM4> or smaller cargo that needs to be separated and delivered to a few different spots. \n\nDROP OFF LOCATIONS (ANY ORDER)\n\n- Freight elevator at <EM4>[DESTINATION]</EM4>\n- Freight elevator at <EM4>[DESTINATION1]</EM4>\n- Freight elevator at <EM4>[DESTINATION2]</EM4>\n\nDrop-offs can be done in whatever order works best for you.  \n\nBy the way, we strongly encourage contractors to bring a <EM4>handheld tractor beam</EM4> along.   \n\n[SIGN_OFF]\n\nChase Hewitt\nJr. Logistics Coordinator\nCovalex Shipping  \n'Anything you need, anywhere you need it.'\n\nCovalex Shipping is a limited liability corporation. To encourage timely deliveries and prevent fraud on cargo hauls, Covalex Shipping will set a delivery time limit and upon expiration, any undelivered cargo will be considered stolen and treated as such. Total payment will be prorated according to the percentage of cargo successfully delivered.",@HaulCargo_SingleToMulti_desc,Covalex_HaulCargo_SingleToMulti_desc_01,121000,,1,,3b2f7882-73cc-41a4-9dce-f188d927e905,,"[""018f9a8014f4"",""f6d49b8ef987"",""afc85b274a27"",""51c7fcbf4b91"",""f14fda6625d9""]","{""location"":null}","{""CargoRouteToken"":""@HaulCargo_CargoRoute_Solar"",""CargoGradeToken"":""@HaulCargo_CargoGrade_Small"",""ReputationRank"":""@RepStanding_TransportGuild_Rank4"",""MissionMaxSCUSize"":""@FreightElevator_4SCU"",""SingleToMultiToken"":""@HaulCargo_3_SingleToMultiToken""}","{""guid"":""197422cb-cf00-4bbf-910b-67323b48a939"",""name"":""Experienced"",""minReputation"":27750,""nameKey"":""RepStanding_TransportGuild_Rank4"",""includeWhenSharing"":true}",,,false,false,,5,,,,,"[{""resource"":""6bc315f54d54"",""minSCU"":4,""maxSCU"":8,""maxContainerSize"":4},{""resource"":""b791e5d84f22"",""minSCU"":4,""maxSCU"":8,""maxContainerSize"":4},{""resource"":""6bc315f54d54"",""minSCU"":3,""maxSCU"":8,""maxContainerSize"":4},{""resource"":""b791e5d84f22"",""minSCU"":3,""maxSCU"":8,""maxContainerSize"":4}]",,,,,,1,,,1,,,,,,,,,,1,3,
5f6d46f5-fdd1-4cc0-ba96-d894739c1dfd,HaulCargo_SingleToMulti3_Processed_Mixed_QTFuelHydroFuelShipAmmo_Stanton1_SmallGrade,,Hauling - Local,,Experienced Rank - Small Cargo Haul,@Covalex_HaulCargo_SingleToMulti_title,"Hey,\n\nThe folks at <EM4>[LOCATION]</EM4> have what I like to call a “pilot’s special” waiting to be distributed - a haul of quantum fuel, hydrogen fuel, and ship ammo. Load it up from a freight elevator and deliver it to the following spots in whatever order works best for you. Expect the containers to all be <EM4>4 SCU</EM4> or smaller.   \n\nDROP OFF LOCATIONS (ANY ORDER)\n\n- Freight elevator at <EM4>[DESTINATION]</EM4>\n- Freight elevator at <EM4>[DESTINATION1]</EM4>\n- Freight elevator at <EM4>[DESTINATION2]</EM4> \n\nBy the way, we strongly encourage contractors to bring a <EM4>handheld tractor beam</EM4> along.   \n\nThanks in advance for ensuring prompt service,\n\nChase Hewitt\nJr. Logistics Coordinator\nCovalex Shipping  \n'Anything you need, anywhere you need it.'\n\nCovalex Shipping is a limited liability corporation. To encourage timely deliveries and prevent fraud on cargo hauls, Covalex Shipping will set a delivery time limit and upon expiration, any undelivered cargo will be considered stolen and treated as such. Total payment will be prorated according to the percentage of cargo successfully delivered.",@Covalex_HaulCargo_SingleToMulti_Processed_Mixed_QTFuelHydroFuelShipAmmo,Covalex_HaulCargo_SingleToMulti_Processed_Mixed_QTFuelHydroFuelShipAmmo,160250,,1,,3b2f7882-73cc-41a4-9dce-f188d927e905,"[""a2526a698135"",""d7f6e64900b0"",""0d2b87d23586"",""e63f435dad19"",""7835df714e97"",""33fb69c82e7b"",""cc32f6b0f1d8"",""761b9df55b2f"",""3089bd5b242c""]","[""e242eae00bfc"",""aef2b32d2479"",""c38446d75efc"",""ef0e5e890240"",""dba6f40b52a0"",""84355f2b6158"",""99f42c1cf91f"",""5992d6926718"",""34b3eeecd6d2"",""44282c75228d"",""018d85504640"",""045624ecf3ed"",""d9dc3fbda8f0"",""7a1dafeca23f"",""6e9a35b86327"",""0e706a121005"",""79cc2b9ecbae"",""6d540401a482"",""3644c6b823f3"",""3cab6cb3c9c7"",""c541444e38cb"",""ed41cf58772b"",""e1f1c2a722d5"",""cc7b55cdb1bf"",""a665ee0ac6de"",""b078bb43496c"",""f80fc0a34790"",""b99d01bd4712"",""c7bb4a68ec1c"",""abb192889356"",""1ad31cfb44e5"",""2e8a69953ce4"",""b6b85246fc3f"",""49b9a33a59f3"",""889e7b4f710f"",""ac581b7b935a"",""b48a0175f686""]","{""location"":[{""guid"":""551af60b-7727-4936-acc7-763d25d7a1de"",""name"":""Hurston"",""navIcon"":""Planet"",""star"":{""guid"":""34ff378f-faee-47bb-b5fe-f505e665c5ca"",""name"":""Stanton"",""navIcon"":""Star""}}]}","{""CargoRouteToken"":""@HaulCargo_CargoRoute_Local"",""CargoGradeToken"":""@HaulCargo_CargoGrade_Small"",""ReputationRank"":""@RepStanding_TransportGuild_Rank4"",""MissionMaxSCUSize"":""@FreightElevator_4SCU"",""SingleToMultiToken"":""@HaulCargo_3_SingleToMultiToken""}","{""guid"":""197422cb-cf00-4bbf-910b-67323b48a939"",""name"":""Experienced"",""minReputation"":27750,""nameKey"":""RepStanding_TransportGuild_Rank4"",""includeWhenSharing"":true}",,,false,false,,5,,,,,"[{""resource"":""7f13bf4d94d1"",""minSCU"":3,""maxSCU"":6,""maxContainerSize"":4},{""resource"":""b1e6f847e239"",""minSCU"":5,""maxSCU"":11,""maxContainerSize"":4},{""resource"":""a1e8ada12409"",""minSCU"":4,""maxSCU"":10,""maxContainerSize"":4},{""resource"":""b1e6f847e239"",""minSCU"":2,""maxSCU"":5,""maxContainerSize"":4}]",,,,,,1,,,1,,,,"[""Stanton""]",,,,,,1,3,
271d359d-9665-483e-ae81-03256ec4ad90,HaulCargo_SingleToMulti3_Processed_Stims_Stanton1_SmallGrade3,,Hauling - Local,,Experienced Rank - Small Cargo Haul,@Covalex_HaulCargo_SingleToMulti_title,"Hi,\n\nThere’s a load of stims at <EM4>[LOCATION]</EM4> ready to be picked up from a freight elevator and delivered to a few spots. They will be packaged up in containers <EM4>4 SCU</EM4> or smaller. Any chance you can knock this one out for me? \n\nDoesn’t matter what order you drop them off.    \n\nDROP OFF LOCATIONS (ANY ORDER)\n\n- Freight elevator at <EM4>[DESTINATION]</EM4>\n- Freight elevator at <EM4>[DESTINATION1]</EM4>\n- Freight elevator at <EM4>[DESTINATION2]</EM4>\n\nGlad I never picked up the habit myself because I swear I get more delivery update requests for “where are my stims?!?” than any other kind of shipment. \n\nBy the way, we strongly encourage contractors to bring a <EM4>handheld tractor beam</EM4> along.   \n\nThanks in advance for ensuring prompt service,\n\nChase Hewitt\nJr. Logistics Coordinator\nCovalex Shipping  \n'Anything you need, anywhere you need it.'\n\nCovalex Shipping is a limited liability corporation. To encourage timely deliveries and prevent fraud on cargo hauls, Covalex Shipping will set a delivery time limit and upon expiration, any undelivered cargo will be considered stolen and treated as such. Total payment will be prorated according to the percentage of cargo successfully delivered.",@Covalex_HaulCargo_SingleToMulti_Processed_Stims,Covalex_HaulCargo_SingleToMulti_Processed_Stims,137000,,1,,3b2f7882-73cc-41a4-9dce-f188d927e905,"[""a2526a698135"",""d7f6e64900b0"",""0d2b87d23586"",""e63f435dad19"",""7835df714e97"",""33fb69c82e7b"",""cc32f6b0f1d8"",""761b9df55b2f"",""3089bd5b242c""]","[""e242eae00bfc"",""aef2b32d2479"",""c38446d75efc"",""ef0e5e890240"",""dba6f40b52a0"",""84355f2b6158"",""99f42c1cf91f"",""4ea94651f661"",""5992d6926718"",""34b3eeecd6d2"",""44282c75228d"",""018d85504640"",""045624ecf3ed"",""d9dc3fbda8f0"",""7a1dafeca23f"",""667f49ab8f80"",""6e9a35b86327"",""0e706a121005"",""79cc2b9ecbae"",""6d540401a482"",""3644c6b823f3"",""3cab6cb3c9c7"",""1103fb160dd6"",""c541444e38cb"",""fdefa8299d0b"",""ed41cf58772b"",""e1f1c2a722d5"",""cc7b55cdb1bf"",""a665ee0ac6de"",""b078bb43496c"",""f80fc0a34790"",""b99d01bd4712"",""c7bb4a68ec1c"",""abb192889356"",""1ad31cfb44e5"",""2e8a69953ce4"",""b6b85246fc3f"",""49b9a33a59f3"",""889e7b4f710f"",""ac581b7b935a"",""b48a0175f686""]","{""location"":[{""guid"":""551af60b-7727-4936-acc7-763d25d7a1de"",""name"":""Hurston"",""navIcon"":""Planet"",""star"":{""guid"":""34ff378f-faee-47bb-b5fe-f505e665c5ca"",""name"":""Stanton"",""navIcon"":""Star""}}]}","{""CargoRouteToken"":""@HaulCargo_CargoRoute_Local"",""CargoGradeToken"":""@HaulCargo_CargoGrade_Small"",""ReputationRank"":""@RepStanding_TransportGuild_Rank4"",""MissionMaxSCUSize"":""@FreightElevator_4SCU"",""SingleToMultiToken"":""@HaulCargo_3_SingleToMultiToken""}","{""guid"":""197422cb-cf00-4bbf-910b-67323b48a939"",""name"":""Experienced"",""minReputation"":27750,""nameKey"":""RepStanding_TransportGuild_Rank4"",""includeWhenSharing"":true}",,,false,false,,5,,,,,"[{""resource"":""33ac9b2f41af"",""minSCU"":3,""maxSCU"":5,""maxContainerSize"":4},{""resource"":""33ac9b2f41af"",""minSCU"":2,""maxSCU"":6,""maxContainerSize"":4},{""resource"":""33ac9b2f41af"",""minSCU"":3,""maxSCU"":5,""maxContainerSize"":4}]",,,,,,1,,,1,,,,"[""Stanton""]",,,,,,1,3,
38308d6e-8596-4ec4-9979-1a6958c99ee6,HaulCargo_SingleToMulti4_Processed_Mixed_PressIceProcFood_Stanton3_SmallGrade,,Hauling - Planetary,,Experienced Rank - Small Cargo Haul,@Covalex_HaulCargo_SingleToMulti_title,"Greetings, \n\nSeems like <EM4>[LOCATION]</EM4> currently has some <EM4>4 SCU</EM4> or smaller cargo that needs to be separated and delivered to a few different spots. \n\nDROP OFF LOCATIONS (ANY ORDER)\n\n- Freight elevator at <EM4>[DESTINATION]</EM4>\n- Freight elevator at <EM4>[DESTINATION1]</EM4>\n- Freight elevator at <EM4>[DESTINATION2]</EM4>\n- Freight elevator at <EM4>[DESTINATION3]</EM4>\n\nDrop-offs can be done in whatever order works best for you.  \n\nBy the way, we strongly encourage contractors to bring a <EM4>handheld tractor beam</EM4> along.   \n\n[SIGN_OFF]\n\nChase Hewitt\nJr. Logistics Coordinator\nCovalex Shipping  \n'Anything you need, anywhere you need it.'\n\nCovalex Shipping is a limited liability corporation. To encourage timely deliveries and prevent fraud on cargo hauls, Covalex Shipping will set a delivery time limit and upon expiration, any undelivered cargo will be considered stolen and treated as such. Total payment will be prorated according to the percentage of cargo successfully delivered.",@HaulCargo_SingleToMulti_desc,Covalex_HaulCargo_SingleToMulti_desc_01,123500,,1,,3b2f7882-73cc-41a4-9dce-f188d927e905,"[""e2c9d59de95f"",""15a181728888""]","[""889e7b4f710f"",""cc76fc07b471""]","{""location"":[{""guid"":""35a9f8f5-8f80-4796-83db-7d7362baeb9a"",""name"":""ArcCorp"",""navIcon"":""Planet"",""star"":{""guid"":""34ff378f-faee-47bb-b5fe-f505e665c5ca"",""name"":""Stanton"",""navIcon"":""Star""}}]}","{""CargoRouteToken"":""@HaulCargo_CargoRoute_Planetary"",""CargoGradeToken"":""@HaulCargo_CargoGrade_Small"",""ReputationRank"":""@RepStanding_TransportGuild_Rank4"",""MissionMaxSCUSize"":""@FreightElevator_4SCU"",""SingleToMultiToken"":""@HaulCargo_4_SingleToMultiToken""}","{""guid"":""197422cb-cf00-4bbf-910b-67323b48a939"",""name"":""Experienced"",""minReputation"":27750,""nameKey"":""RepStanding_TransportGuild_Rank4"",""includeWhenSharing"":true}",,,false,false,,5,,,,,"[{""resource"":""6bc315f54d54"",""minSCU"":4,""maxSCU"":8,""maxContainerSize"":4},{""resource"":""b791e5d84f22"",""minSCU"":4,""maxSCU"":8,""maxContainerSize"":4},{""resource"":""6bc315f54d54"",""minSCU"":3,""maxSCU"":8,""maxContainerSize"":4},{""resource"":""b791e5d84f22"",""minSCU"":3,""maxSCU"":8,""maxContainerSize"":4}]",,,,,,1,,,1,,,,"[""Stanton""]",,,,,,1,4,
0cde567f-ea5f-40b0-8058-a2b4697b7924,HaulCargo_SingleToMulti4_Processed_Mixed_PressIceProcFood_Stanton3_SmallGrade1,,Hauling - Stellar,,Experienced Rank - Small Cargo Haul,@Covalex_HaulCargo_SingleToMulti_title,"Greetings, \n\nSeems like <EM4>[LOCATION]</EM4> currently has some <EM4>4 SCU</EM4> or smaller cargo that needs to be separated and delivered to a few different spots. \n\nDROP OFF LOCATIONS (ANY ORDER)\n\n- Freight elevator at <EM4>[DESTINATION]</EM4>\n- Freight elevator at <EM4>[DESTINATION1]</EM4>\n- Freight elevator at <EM4>[DESTINATION2]</EM4>\n- Freight elevator at <EM4>[DESTINATION3]</EM4>\n\nDrop-offs can be done in whatever order works best for you.  \n\nBy the way, we strongly encourage contractors to bring a <EM4>handheld tractor beam</EM4> along.   \n\n[SIGN_OFF]\n\nChase Hewitt\nJr. Logistics Coordinator\nCovalex Shipping  \n'Anything you need, anywhere you need it.'\n\nCovalex Shipping is a limited liability corporation. To encourage timely deliveries and prevent fraud on cargo hauls, Covalex Shipping will set a delivery time limit and upon expiration, any undelivered cargo will be considered stolen and treated as such. Total payment will be prorated according to the percentage of cargo successfully delivered.",@HaulCargo_SingleToMulti_desc,Covalex_HaulCargo_SingleToMulti_desc_01,116000,,1,,3b2f7882-73cc-41a4-9dce-f188d927e905,,"[""cdbe5c5a9cc4"",""581b65066988"",""360e510ac13b"",""baff0c674b66"",""cd6ab6ce61a7""]","{""location"":null}","{""CargoRouteToken"":""@HaulCargo_CargoRoute_Solar"",""CargoGradeToken"":""@HaulCargo_CargoGrade_Small"",""ReputationRank"":""@RepStanding_TransportGuild_Rank4"",""MissionMaxSCUSize"":""@FreightElevator_4SCU"",""SingleToMultiToken"":""@HaulCargo_4_SingleToMultiToken""}","{""guid"":""197422cb-cf00-4bbf-910b-67323b48a939"",""name"":""Experienced"",""minReputation"":27750,""nameKey"":""RepStanding_TransportGuild_Rank4"",""includeWhenSharing"":true}",,,false,false,,5,,,,,"[{""resource"":""6bc315f54d54"",""minSCU"":4,""maxSCU"":8,""maxContainerSize"":4},{""resource"":""b791e5d84f22"",""minSCU"":4,""maxSCU"":8,""maxContainerSize"":4},{""resource"":""6bc315f54d54"",""minSCU"":3,""maxSCU"":8,""maxContainerSize"":4},{""resource"":""b791e5d84f22"",""minSCU"":3,""maxSCU"":8,""maxContainerSize"":4}]",,,,,,1,,,1,,,,,,,,,,1,4,
1a5150a6-04ea-4c49-a091-39b1ee5b27f7,HaulCargo_SingleToMulti4_Processed_Mixed_PressIceProcFood_Stanton4_SmallGrade2,,Hauling - Stellar,,Experienced Rank - Small Cargo Haul,@Covalex_HaulCargo_SingleToMulti_title,"Greetings, \n\nSeems like <EM4>[LOCATION]</EM4> currently has some <EM4>4 SCU</EM4> or smaller cargo that needs to be separated and delivered to a few different spots. \n\nDROP OFF LOCATIONS (ANY ORDER)\n\n- Freight elevator at <EM4>[DESTINATION]</EM4>\n- Freight elevator at <EM4>[DESTINATION1]</EM4>\n- Freight elevator at <EM4>[DESTINATION2]</EM4>\n- Freight elevator at <EM4>[DESTINATION3]</EM4>\n\nDrop-offs can be done in whatever order works best for you.  \n\nBy the way, we strongly encourage contractors to bring a <EM4>handheld tractor beam</EM4> along.   \n\n[SIGN_OFF]\n\nChase Hewitt\nJr. Logistics Coordinator\nCovalex Shipping  \n'Anything you need, anywhere you need it.'\n\nCovalex Shipping is a limited liability corporation. To encourage timely deliveries and prevent fraud on cargo hauls, Covalex Shipping will set a delivery time limit and upon expiration, any undelivered cargo will be considered stolen and treated as such. Total payment will be prorated according to the percentage of cargo successfully delivered.",@HaulCargo_SingleToMulti_desc,Covalex_HaulCargo_SingleToMulti_desc_01,135250,,1,,3b2f7882-73cc-41a4-9dce-f188d927e905,,"[""018f9a8014f4"",""f6d49b8ef987"",""afc85b274a27"",""51c7fcbf4b91"",""f14fda6625d9""]","{""location"":null}","{""CargoRouteToken"":""@HaulCargo_CargoRoute_Solar"",""CargoGradeToken"":""@HaulCargo_CargoGrade_Small"",""ReputationRank"":""@RepStanding_TransportGuild_Rank4"",""MissionMaxSCUSize"":""@FreightElevator_4SCU"",""SingleToMultiToken"":""@HaulCargo_4_SingleToMultiToken""}","{""guid"":""197422cb-cf00-4bbf-910b-67323b48a939"",""name"":""Experienced"",""minReputation"":27750,""nameKey"":""RepStanding_TransportGuild_Rank4"",""includeWhenSharing"":true}",,,false,false,,5,,,,,"[{""resource"":""6bc315f54d54"",""minSCU"":4,""maxSCU"":8,""maxContainerSize"":4},{""resource"":""b791e5d84f22"",""minSCU"":4,""maxSCU"":8,""maxContainerSize"":4},{""resource"":""6bc315f54d54"",""minSCU"":3,""maxSCU"":8,""maxContainerSize"":4},{""resource"":""b791e5d84f22"",""minSCU"":3,""maxSCU"":8,""maxContainerSize"":4}]",,,,,,1,,,1,,,,,,,,,,1,4,
acc4fff7-a5da-4e5d-a676-1a53b4144742,HaulCargo_SingleToMulti4_Processed_Mixed_PressIceProcFood_Stanton4_SmallGrade3,,Hauling - Local,,Experienced Rank - Small Cargo Haul,@Covalex_HaulCargo_SingleToMulti_title,"Greetings, \n\nSeems like <EM4>[LOCATION]</EM4> currently has some <EM4>4 SCU</EM4> or smaller cargo that needs to be separated and delivered to a few different spots. \n\nDROP OFF LOCATIONS (ANY ORDER)\n\n- Freight elevator at <EM4>[DESTINATION]</EM4>\n- Freight elevator at <EM4>[DESTINATION1]</EM4>\n- Freight elevator at <EM4>[DESTINATION2]</EM4>\n- Freight elevator at <EM4>[DESTINATION3]</EM4>\n\nDrop-offs can be done in whatever order works best for you.  \n\nBy the way, we strongly encourage contractors to bring a <EM4>handheld tractor beam</EM4> along.   \n\n[SIGN_OFF]\n\nChase Hewitt\nJr. Logistics Coordinator\nCovalex Shipping  \n'Anything you need, anywhere you need it.'\n\nCovalex Shipping is a limited liability corporation. To encourage timely deliveries and prevent fraud on cargo hauls, Covalex Shipping will set a delivery time limit and upon expiration, any undelivered cargo will be considered stolen and treated as such. Total payment will be prorated according to the percentage of cargo successfully delivered.",@HaulCargo_SingleToMulti_desc,Covalex_HaulCargo_SingleToMulti_desc_01,150500,,1,,3b2f7882-73cc-41a4-9dce-f188d927e905,"[""7835df714e97"",""cc32f6b0f1d8"",""3089bd5b242c"",""a2526a698135"",""0f1b82d15bbf"",""761b9df55b2f"",""33fb69c82e7b"",""0d2b87d23586"",""e63f435dad19""]","[""e242eae00bfc"",""aef2b32d2479"",""ef0e5e890240"",""dba6f40b52a0"",""84355f2b6158"",""99f42c1cf91f"",""4ea94651f661"",""5992d6926718"",""34b3eeecd6d2"",""44282c75228d"",""018d85504640"",""045624ecf3ed"",""d9dc3fbda8f0"",""667f49ab8f80"",""6e9a35b86327"",""0e706a121005"",""79cc2b9ecbae"",""6d540401a482"",""3644c6b823f3"",""3cab6cb3c9c7"",""1103fb160dd6"",""c541444e38cb"",""fdefa8299d0b"",""ed41cf58772b"",""e1f1c2a722d5"",""cc7b55cdb1bf"",""a665ee0ac6de"",""b078bb43496c"",""f80fc0a34790"",""b99d01bd4712"",""c7bb4a68ec1c"",""abb192889356"",""1ad31cfb44e5"",""2e8a69953ce4"",""b6b85246fc3f"",""49b9a33a59f3"",""889e7b4f710f"",""ac581b7b935a"",""b48a0175f686""]","{""location"":[{""guid"":""5a529db7-1a4e-45b0-bdcb-a5a0c7a7fc57"",""name"":""microTech"",""navIcon"":""Planet"",""star"":{""guid"":""34ff378f-faee-47bb-b5fe-f505e665c5ca"",""name"":""Stanton"",""navIcon"":""Star""}}]}","{""CargoRouteToken"":""@HaulCargo_CargoRoute_Local"",""CargoGradeToken"":""@HaulCargo_CargoGrade_Small"",""ReputationRank"":""@RepStanding_TransportGuild_Rank4"",""MissionMaxSCUSize"":""@FreightElevator_4SCU"",""SingleToMultiToken"":""@HaulCargo_4_SingleToMultiToken""}","{""guid"":""197422cb-cf00-4bbf-910b-67323b48a939"",""name"":""Experienced"",""minReputation"":27750,""nameKey"":""RepStanding_TransportGuild_Rank4"",""includeWhenSharing"":true}",,,false,false,,5,,,,,"[{""resource"":""6bc315f54d54"",""minSCU"":4,""maxSCU"":8,""maxContainerSize"":4},{""resource"":""b791e5d84f22"",""minSCU"":4,""maxSCU"":8,""maxContainerSize"":4},{""resource"":""6bc315f54d54"",""minSCU"":3,""maxSCU"":8,""maxContainerSize"":4},{""resource"":""b791e5d84f22"",""minSCU"":3,""maxSCU"":8,""maxContainerSize"":4}]",,,,,,1,,,1,,,,"[""Stanton""]",,,,,,1,4,
69ff5023-c48a-4765-846c-3f9051fce97c,HaulCargo_SingleToMulti4_Processed_Mixed_QTFuelHydroFuelShipAmmo_Stanton4_SmallGrade1,,Hauling - Local,,Experienced Rank - Small Cargo Haul,@Covalex_HaulCargo_SingleToMulti_title,"Hey,\n\nThe folks at <EM4>[LOCATION]</EM4> have what I like to call a “pilot’s special” waiting to be distributed - a haul of quantum fuel, hydrogen fuel, and ship ammo. Load it up from a freight elevator and deliver it to the following spots in whatever order works best for you. Expect the containers to all be <EM4>4 SCU</EM4> or smaller.   \n\nDROP OFF LOCATIONS (ANY ORDER)\n\n- Freight elevator at <EM4>[DESTINATION]</EM4>\n- Freight elevator at <EM4>[DESTINATION1]</EM4>\n- Freight elevator at <EM4>[DESTINATION2]</EM4>\n- Freight elevator at <EM4>[DESTINATION3]</EM4> \n\nBy the way, we strongly encourage contractors to bring a <EM4>handheld tractor beam</EM4> along.   \n\nThanks in advance for ensuring prompt service,\n\nChase Hewitt\nJr. Logistics Coordinator\nCovalex Shipping  \n'Anything you need, anywhere you need it.'\n\nCovalex Shipping is a limited liability corporation. To encourage timely deliveries and prevent fraud on cargo hauls, Covalex Shipping will set a delivery time limit and upon expiration, any undelivered cargo will be considered stolen and treated as such. Total payment will be prorated according to the percentage of cargo successfully delivered.",@Covalex_HaulCargo_SingleToMulti_Processed_Mixed_QTFuelHydroFuelShipAmmo,Covalex_HaulCargo_SingleToMulti_Processed_Mixed_QTFuelHydroFuelShipAmmo,163750,,1,,3b2f7882-73cc-41a4-9dce-f188d927e905,"[""7835df714e97"",""cc32f6b0f1d8"",""3089bd5b242c"",""a2526a698135"",""0f1b82d15bbf"",""761b9df55b2f"",""33fb69c82e7b"",""0d2b87d23586"",""e63f435dad19""]","[""e242eae00bfc"",""aef2b32d2479"",""c38446d75efc"",""ef0e5e890240"",""dba6f40b52a0"",""84355f2b6158"",""99f42c1cf91f"",""5992d6926718"",""34b3eeecd6d2"",""44282c75228d"",""018d85504640"",""045624ecf3ed"",""d9dc3fbda8f0"",""7a1dafeca23f"",""6e9a35b86327"",""0e706a121005"",""79cc2b9ecbae"",""6d540401a482"",""3644c6b823f3"",""3cab6cb3c9c7"",""c541444e38cb"",""ed41cf58772b"",""e1f1c2a722d5"",""cc7b55cdb1bf"",""a665ee0ac6de"",""b078bb43496c"",""f80fc0a34790"",""b99d01bd4712"",""c7bb4a68ec1c"",""abb192889356"",""1ad31cfb44e5"",""2e8a69953ce4"",""b6b85246fc3f"",""49b9a33a59f3"",""889e7b4f710f"",""ac581b7b935a"",""b48a0175f686""]","{""location"":[{""guid"":""5a529db7-1a4e-45b0-bdcb-a5a0c7a7fc57"",""name"":""microTech"",""navIcon"":""Planet"",""star"":{""guid"":""34ff378f-faee-47bb-b5fe-f505e665c5ca"",""name"":""Stanton"",""navIcon"":""Star""}}]}","{""CargoRouteToken"":""@HaulCargo_CargoRoute_Local"",""CargoGradeToken"":""@HaulCargo_CargoGrade_Small"",""ReputationRank"":""@RepStanding_TransportGuild_Rank4"",""MissionMaxSCUSize"":""@FreightElevator_4SCU"",""SingleToMultiToken"":""@HaulCargo_4_SingleToMultiToken""}","{""guid"":""197422cb-cf00-4bbf-910b-67323b48a939"",""name"":""Experienced"",""minReputation"":27750,""nameKey"":""RepStanding_TransportGuild_Rank4"",""includeWhenSharing"":true}",,,false,false,,5,,,,,"[{""resource"":""b1e6f847e239"",""minSCU"":3,""maxSCU"":6,""maxContainerSize"":4},{""resource"":""7f13bf4d94d1"",""minSCU"":5,""maxSCU"":11,""maxContainerSize"":4},{""resource"":""a1e8ada12409"",""minSCU"":4,""maxSCU"":10,""maxContainerSize"":4},{""resource"":""b1e6f847e239"",""minSCU"":2,""maxSCU"":5,""maxContainerSize"":4}]",,,,,,1,,,1,,,,"[""Stanton""]",,,,,,1,4,
17a76e0a-19fc-44d9-a5a6-6ad857d541c9,HaulCargo_SingleToMulti4_Processed_Stims_Stanton4_SmallGrade2,,Hauling - Stellar,,Experienced Rank - Small Cargo Haul,@Covalex_HaulCargo_SingleToMulti_title,"Hi,\n\nThere’s a load of stims at <EM4>[LOCATION]</EM4> ready to be picked up from a freight elevator and delivered to a few spots. They will be packaged up in containers <EM4>4 SCU</EM4> or smaller. Any chance you can knock this one out for me? \n\nDoesn’t matter what order you drop them off.    \n\nDROP OFF LOCATIONS (ANY ORDER)\n\n- Freight elevator at <EM4>[DESTINATION]</EM4>\n- Freight elevator at <EM4>[DESTINATION1]</EM4>\n- Freight elevator at <EM4>[DESTINATION2]</EM4>\n- Freight elevator at <EM4>[DESTINATION3]</EM4>\n\nGlad I never picked up the habit myself because I swear I get more delivery update requests for “where are my stims?!?” than any other kind of shipment. \n\nBy the way, we strongly encourage contractors to bring a <EM4>handheld tractor beam</EM4> along.   \n\nThanks in advance for ensuring prompt service,\n\nChase Hewitt\nJr. Logistics Coordinator\nCovalex Shipping  \n'Anything you need, anywhere you need it.'\n\nCovalex Shipping is a limited liability corporation. To encourage timely deliveries and prevent fraud on cargo hauls, Covalex Shipping will set a delivery time limit and upon expiration, any undelivered cargo will be considered stolen and treated as such. Total payment will be prorated according to the percentage of cargo successfully delivered.",@Covalex_HaulCargo_SingleToMulti_Processed_Stims,Covalex_HaulCargo_SingleToMulti_Processed_Stims,93750,,1,,3b2f7882-73cc-41a4-9dce-f188d927e905,,"[""018f9a8014f4"",""f6d49b8ef987"",""afc85b274a27"",""51c7fcbf4b91"",""f14fda6625d9""]","{""location"":null}","{""CargoRouteToken"":""@HaulCargo_CargoRoute_Solar"",""CargoGradeToken"":""@HaulCargo_CargoGrade_Small"",""ReputationRank"":""@RepStanding_TransportGuild_Rank4"",""MissionMaxSCUSize"":""@FreightElevator_4SCU"",""SingleToMultiToken"":""@HaulCargo_4_SingleToMultiToken""}","{""guid"":""197422cb-cf00-4bbf-910b-67323b48a939"",""name"":""Experienced"",""minReputation"":27750,""nameKey"":""RepStanding_TransportGuild_Rank4"",""includeWhenSharing"":true}",,,false,false,,5,,,,,"[{""resource"":""33ac9b2f41af"",""minSCU"":2,""maxSCU"":4,""maxContainerSize"":4},{""resource"":""33ac9b2f41af"",""minSCU"":2,""maxSCU"":4,""maxContainerSize"":4},{""resource"":""33ac9b2f41af"",""minSCU"":2,""maxSCU"":4,""maxContainerSize"":4},{""resource"":""33ac9b2f41af"",""minSCU"":2,""maxSCU"":4,""maxContainerSize"":4}]",,,,,,1,,,1,,,,,,,,,,1,4,
7e34de33-0143-4358-9315-21e5d26737b9,HaulCargo_SingleToMulti4_Processed_Stims_Stanton4_SmallGrade3,,Hauling - Local,,Experienced Rank - Small Cargo Haul,@Covalex_HaulCargo_SingleToMulti_title,"Hi,\n\nThere’s a load of stims at <EM4>[LOCATION]</EM4> ready to be picked up from a freight elevator and delivered to a few spots. They will be packaged up in containers <EM4>4 SCU</EM4> or smaller. Any chance you can knock this one out for me? \n\nDoesn’t matter what order you drop them off.    \n\nDROP OFF LOCATIONS (ANY ORDER)\n\n- Freight elevator at <EM4>[DESTINATION]</EM4>\n- Freight elevator at <EM4>[DESTINATION1]</EM4>\n- Freight elevator at <EM4>[DESTINATION2]</EM4>\n- Freight elevator at <EM4>[DESTINATION3]</EM4>\n\nGlad I never picked up the habit myself because I swear I get more delivery update requests for “where are my stims?!?” than any other kind of shipment. \n\nBy the way, we strongly encourage contractors to bring a <EM4>handheld tractor beam</EM4> along.   \n\nThanks in advance for ensuring prompt service,\n\nChase Hewitt\nJr. Logistics Coordinator\nCovalex Shipping  \n'Anything you need, anywhere you need it.'\n\nCovalex Shipping is a limited liability corporation. To encourage timely deliveries and prevent fraud on cargo hauls, Covalex Shipping will set a delivery time limit and upon expiration, any undelivered cargo will be considered stolen and treated as such. Total payment will be prorated according to the percentage of cargo successfully delivered.",@Covalex_HaulCargo_SingleToMulti_Processed_Stims,Covalex_HaulCargo_SingleToMulti_Processed_Stims,139000,,1,,3b2f7882-73cc-41a4-9dce-f188d927e905,"[""7835df714e97"",""cc32f6b0f1d8"",""3089bd5b242c"",""a2526a698135"",""0f1b82d15bbf"",""761b9df55b2f"",""33fb69c82e7b"",""0d2b87d23586"",""e63f435dad19""]","[""e242eae00bfc"",""aef2b32d2479"",""c38446d75efc"",""ef0e5e890240"",""dba6f40b52a0"",""84355f2b6158"",""99f42c1cf91f"",""4ea94651f661"",""5992d6926718"",""34b3eeecd6d2"",""44282c75228d"",""018d85504640"",""045624ecf3ed"",""d9dc3fbda8f0"",""7a1dafeca23f"",""667f49ab8f80"",""6e9a35b86327"",""0e706a121005"",""79cc2b9ecbae"",""6d540401a482"",""3644c6b823f3"",""3cab6cb3c9c7"",""1103fb160dd6"",""c541444e38cb"",""fdefa8299d0b"",""ed41cf58772b"",""e1f1c2a722d5"",""cc7b55cdb1bf"",""a665ee0ac6de"",""b078bb43496c"",""f80fc0a34790"",""b99d01bd4712"",""c7bb4a68ec1c"",""abb192889356"",""1ad31cfb44e5"",""2e8a69953ce4"",""b6b85246fc3f"",""49b9a33a59f3"",""889e7b4f710f"",""ac581b7b935a"",""b48a0175f686""]","{""location"":[{""guid"":""5a529db7-1a4e-45b0-bdcb-a5a0c7a7fc57"",""name"":""microTech"",""navIcon"":""Planet"",""star"":{""guid"":""34ff378f-faee-47bb-b5fe-f505e665c5ca"",""name"":""Stanton"",""navIcon"":""Star""}}]}","{""CargoRouteToken"":""@HaulCargo_CargoRoute_Local"",""CargoGradeToken"":""@HaulCargo_CargoGrade_Small"",""ReputationRank"":""@RepStanding_TransportGuild_Rank4"",""MissionMaxSCUSize"":""@FreightElevator_4SCU"",""SingleToMultiToken"":""@HaulCargo_4_SingleToMultiToken""}","{""guid"":""197422cb-cf00-4bbf-910b-67323b48a939"",""name"":""Experienced"",""minReputation"":27750,""nameKey"":""RepStanding_TransportGuild_Rank4"",""includeWhenSharing"":true}",,,false,false,,5,,,,,"[{""resource"":""33ac9b2f41af"",""minSCU"":2,""maxSCU"":4,""maxContainerSize"":4},{""resource"":""33ac9b2f41af"",""minSCU"":2,""maxSCU"":4,""maxContainerSize"":4},{""resource"":""33ac9b2f41af"",""minSCU"":2,""maxSCU"":4,""maxContainerSize"":4},{""resource"":""33ac9b2f41af"",""minSCU"":2,""maxSCU"":4,""maxContainerSize"":4}]",,,,,,1,,,1,,,,"[""Stanton""]",,,,,,1,4,
a6b193db-ce73-43c5-85a5-a84d8353551d,HaulCargo_SingleToMulti4_RefinedOre_Corundum_Stanton_SmallGrade,,Hauling - Stellar,,Experienced Rank - Small Cargo Haul,@Covalex_HaulCargo_SingleToMulti_title,"Hi there,\n\nThe refinery at <EM4>[LOCATION]</EM4> has been busy. They’ve processed a bunch of <EM4>Corundum</EM4> into containers <EM4>4 SCU</EM4> or smaller, and are looking to get it shipped out from a freight elevator. I just checked with the LEOs to see which ones needed this stuff and was able to put together this run.  \n\nDROP OFF LOCATIONS (ANY ORDER)\n\n- Freight elevator at <EM4>[DESTINATION]</EM4>\n- Freight elevator at <EM4>[DESTINATION1]</EM4>\n- Freight elevator at <EM4>[DESTINATION2]</EM4>\n- Freight elevator at <EM4>[DESTINATION3]</EM4>\n\nShould be an easy run for you, if you’re free. \n\nBy the way, we strongly encourage contractors to bring a <EM4>handheld tractor beam</EM4> along.   \n\nThanks in advance for ensuring prompt service,\n\nChase Hewitt\nJr. Logistics Coordinator\nCovalex Shipping  \n'Anything you need, anywhere you need it.'\n\nCovalex Shipping is a limited liability corporation. To encourage timely deliveries and prevent fraud on cargo hauls, Covalex Shipping will set a delivery time limit and upon expiration, any undelivered cargo will be considered stolen and treated as such. Total payment will be prorated according to the percentage of cargo successfully delivered.",@Covalex_HaulCargo_SingleToMulti_RefinedOre,Covalex_HaulCargo_SingleToMulti_RefinedOre,105750,,1,,3b2f7882-73cc-41a4-9dce-f188d927e905,"[""939db9c047f8"",""4bb7d5766b7c"",""dfaa4ef80550"",""eda891a336d8"",""6d40795eef36""]","[""7c7107f9f580"",""10b299e2ccf9"",""db17a1be6e86"",""0fcc1d84a327"",""e63d2da1ad36"",""32e3bb3ae27a"",""d56b03ec64ca"",""0c19e0494d99"",""59ce884e5a53"",""8ed6f459e7a4"",""2ed683252564"",""de212bfbf4b5"",""bbd717ea0069""]","{""location"":[{""guid"":""35a9f8f5-8f80-4796-83db-7d7362baeb9a"",""name"":""ArcCorp"",""navIcon"":""Planet"",""star"":{""guid"":""34ff378f-faee-47bb-b5fe-f505e665c5ca"",""name"":""Stanton"",""navIcon"":""Star""}}]}","{""CargoRouteToken"":""@HaulCargo_CargoRoute_Solar"",""CargoGradeToken"":""@HaulCargo_CargoGrade_Small"",""ReputationRank"":""@RepStanding_TransportGuild_Rank4"",""MissionMaxSCUSize"":""@FreightElevator_4SCU"",""Item"":""@items_commodities_corundum"",""SingleToMultiToken"":""@HaulCargo_4_SingleToMultiToken""}","{""guid"":""197422cb-cf00-4bbf-910b-67323b48a939"",""name"":""Experienced"",""minReputation"":27750,""nameKey"":""RepStanding_TransportGuild_Rank4"",""includeWhenSharing"":true}",,,false,false,,5,,,,,"[{""resource"":""d3f586abbe5d"",""minSCU"":4,""maxSCU"":8,""maxContainerSize"":4},{""resource"":""d3f586abbe5d"",""minSCU"":3,""maxSCU"":8,""maxContainerSize"":4},{""resource"":""d3f586abbe5d"",""minSCU"":4,""maxSCU"":8,""maxContainerSize"":4},{""resource"":""d3f586abbe5d"",""minSCU"":3,""maxSCU"":8,""maxContainerSize"":4}]",,,,,,1,,,1,,,,,,,,,,1,4,
56fd5866-55ce-4d8f-a238-4635aeb65134,HaulCargo_SingleToMulti4_RefinedOre_Corundum_Stanton_SmallGrade1,,Hauling - Stellar,,Experienced Rank - Small Cargo Haul,@Covalex_HaulCargo_SingleToMulti_title,"Hi there,\n\nThe refinery at <EM4>[LOCATION]</EM4> has been busy. They’ve processed a bunch of <EM4>Corundum</EM4> into containers <EM4>4 SCU</EM4> or smaller, and are looking to get it shipped out from a freight elevator. I just checked with the LEOs to see which ones needed this stuff and was able to put together this run.  \n\nDROP OFF LOCATIONS (ANY ORDER)\n\n- Freight elevator at <EM4>[DESTINATION]</EM4>\n- Freight elevator at <EM4>[DESTINATION1]</EM4>\n- Freight elevator at <EM4>[DESTINATION2]</EM4>\n- Freight elevator at <EM4>[DESTINATION3]</EM4>\n\nShould be an easy run for you, if you’re free. \n\nBy the way, we strongly encourage contractors to bring a <EM4>handheld tractor beam</EM4> along.   \n\nThanks in advance for ensuring prompt service,\n\nChase Hewitt\nJr. Logistics Coordinator\nCovalex Shipping  \n'Anything you need, anywhere you need it.'\n\nCovalex Shipping is a limited liability corporation. To encourage timely deliveries and prevent fraud on cargo hauls, Covalex Shipping will set a delivery time limit and upon expiration, any undelivered cargo will be considered stolen and treated as such. Total payment will be prorated according to the percentage of cargo successfully delivered.",@Covalex_HaulCargo_SingleToMulti_RefinedOre,Covalex_HaulCargo_SingleToMulti_RefinedOre,103000,,1,,3b2f7882-73cc-41a4-9dce-f188d927e905,"[""e15ed9ae26b0"",""c78dabbac080"",""d075888b87ae"",""d9e58924ece8"",""684acd6474b7""]","[""7c7107f9f580"",""10b299e2ccf9"",""db17a1be6e86"",""0fcc1d84a327"",""e63d2da1ad36"",""32e3bb3ae27a"",""d56b03ec64ca"",""0c19e0494d99"",""59ce884e5a53"",""8ed6f459e7a4"",""2ed683252564"",""de212bfbf4b5"",""bbd717ea0069""]","{""location"":[{""guid"":""5a529db7-1a4e-45b0-bdcb-a5a0c7a7fc57"",""name"":""microTech"",""navIcon"":""Planet"",""star"":{""guid"":""34ff378f-faee-47bb-b5fe-f505e665c5ca"",""name"":""Stanton"",""navIcon"":""Star""}}]}","{""CargoRouteToken"":""@HaulCargo_CargoRoute_Solar"",""CargoGradeToken"":""@HaulCargo_CargoGrade_Small"",""ReputationRank"":""@RepStanding_TransportGuild_Rank4"",""MissionMaxSCUSize"":""@FreightElevator_4SCU"",""Item"":""@items_commodities_corundum"",""SingleToMultiToken"":""@HaulCargo_4_SingleToMultiToken""}","{""guid"":""197422cb-cf00-4bbf-910b-67323b48a939"",""name"":""Experienced"",""minReputation"":27750,""nameKey"":""RepStanding_TransportGuild_Rank4"",""includeWhenSharing"":true}",,,false,false,,5,,,,,"[{""resource"":""d3f586abbe5d"",""minSCU"":4,""maxSCU"":8,""maxContainerSize"":4},{""resource"":""d3f586abbe5d"",""minSCU"":3,""maxSCU"":8,""maxContainerSize"":4},{""resource"":""d3f586abbe5d"",""minSCU"":4,""maxSCU"":8,""maxContainerSize"":4},{""resource"":""d3f586abbe5d"",""minSCU"":3,""maxSCU"":8,""maxContainerSize"":4}]",,,,,,1,,,1,,,,,,,,,,1,4,
488c7ef4-f894-421e-ad74-9924ce8d5d3f,HaulCargo_AToB_NonMetal_Carbon_Stanton_SmallGrade,,Hauling - Stellar,,Junior Rank - Direct Extra Small Cargo Haul,@Covalex_HaulCargo_AToB_title,"Hello,\n\nNeed a contractor for a simple cargo haul going from a freight elevator at <EM4>[LOCATION]</EM4> to a freight elevator at <EM4>[DESTINATION]</EM4>. At most the containers will be <EM4>1 SCU</EM4> in size. \n\nAlso, we strongly encourage contractors to bring a <EM4>handheld tractor beam</EM4> along. \n\nAny chance you’re available to take care of it for us?\n\n[SIGN_OFF]\n\nChase Hewitt\nJr. Logistics Coordinator\nCovalex Shipping  \n'Anything you need, anywhere you need it.'\n\nCovalex Shipping is a limited liability corporation. To encourage timely deliveries and prevent fraud on cargo hauls, Covalex Shipping will set a delivery time limit and upon expiration, any undelivered cargo will be considered stolen and treated as such. Total payment will be prorated according to the percentage of cargo successfully delivered.",@HaulCargo_AtoB_desc,Covalex_HaulCargo_AToB_desc_01,56250,,1,,3b2f7882-73cc-41a4-9dce-f188d927e905,"[""32d25a8fa1b9""]","[""ffd2d63ccf28"",""7c7107f9f580"",""33494a2baa8a"",""10b299e2ccf9"",""db17a1be6e86"",""0fcc1d84a327"",""d819ce4e66cf"",""e63d2da1ad36"",""32e3bb3ae27a"",""d56b03ec64ca"",""8126806f382a"",""0c19e0494d99"",""59ce884e5a53"",""8ed6f459e7a4"",""2ed683252564"",""de212bfbf4b5"",""bbd717ea0069""]","{""location"":[{""guid"":""34ff378f-faee-47bb-b5fe-f505e665c5ca"",""name"":""Stanton"",""navIcon"":""Star""}]}","{""CargoRouteToken"":""@HaulCargo_CargoRoute_Solar"",""CargoGradeToken"":""@HaulCargo_CargoGrade_ExtraSmall"",""ReputationRank"":""@RepStanding_TransportGuild_Rank2"",""MissionMaxSCUSize"":""@FreightElevator_1SCU""}","{""guid"":""a2e76ff9-a8d9-46ee-9063-570cd2a06678"",""name"":""Junior"",""minReputation"":250,""nameKey"":""RepStanding_TransportGuild_Rank2"",""includeWhenSharing"":true}",,,false,false,,5,,,,,"[{""resource"":""fbebe083c5b1"",""minSCU"":6,""maxSCU"":12,""maxContainerSize"":1}]",,,,,,1,,,1,,,,,,,,,,1,1,
d7e97c8d-fe0d-410c-8857-ec51cd756b13,HaulCargo_AToB_NonMetal_Silicon_Stanton3_SmallGrade,,Hauling - Stellar,,Junior Rank - Direct Extra Small Cargo Haul,@Covalex_HaulCargo_AToB_title,"Hello,\n\nNeed a contractor for a simple cargo haul going from a freight elevator at <EM4>[LOCATION]</EM4> to a freight elevator at <EM4>[DESTINATION]</EM4>. At most the containers will be <EM4>1 SCU</EM4> in size. \n\nAlso, we strongly encourage contractors to bring a <EM4>handheld tractor beam</EM4> along. \n\nAny chance you’re available to take care of it for us?\n\n[SIGN_OFF]\n\nChase Hewitt\nJr. Logistics Coordinator\nCovalex Shipping  \n'Anything you need, anywhere you need it.'\n\nCovalex Shipping is a limited liability corporation. To encourage timely deliveries and prevent fraud on cargo hauls, Covalex Shipping will set a delivery time limit and upon expiration, any undelivered cargo will be considered stolen and treated as such. Total payment will be prorated according to the percentage of cargo successfully delivered.",@HaulCargo_AtoB_desc,Covalex_HaulCargo_AToB_desc_01,57000,,1,,3b2f7882-73cc-41a4-9dce-f188d927e905,"[""dfaa4ef80550"",""eda891a336d8"",""6d40795eef36""]","[""cdbe5c5a9cc4"",""581b65066988""]","{""location"":null}","{""CargoRouteToken"":""@HaulCargo_CargoRoute_Solar"",""CargoGradeToken"":""@HaulCargo_CargoGrade_ExtraSmall"",""ReputationRank"":""@RepStanding_TransportGuild_Rank2"",""MissionMaxSCUSize"":""@FreightElevator_1SCU""}","{""guid"":""a2e76ff9-a8d9-46ee-9063-570cd2a06678"",""name"":""Junior"",""minReputation"":250,""nameKey"":""RepStanding_TransportGuild_Rank2"",""includeWhenSharing"":true}",,,false,false,,5,,,,,"[{""resource"":""ec47388b272f"",""minSCU"":6,""maxSCU"":12,""maxContainerSize"":1}]",,,,,,1,,,1,,,,,,,,,,1,1,
0c94c7a0-5104-4d7e-bb00-29e564808b24,HaulCargo_AToB_Waste_Waste_Stanton1_SmallGrade,,Hauling - Local,,Junior Rank - Direct Extra Small Cargo Haul,@Covalex_HaulCargo_AToB_title,"Hello,\n\nNeed a contractor for a simple cargo haul going from a freight elevator at <EM4>[LOCATION]</EM4> to a freight elevator at <EM4>[DESTINATION]</EM4>. At most the containers will be <EM4>1 SCU</EM4> in size. \n\nAlso, we strongly encourage contractors to bring a <EM4>handheld tractor beam</EM4> along. \n\nAny chance you’re available to take care of it for us?\n\n[SIGN_OFF]\n\nChase Hewitt\nJr. Logistics Coordinator\nCovalex Shipping  \n'Anything you need, anywhere you need it.'\n\nCovalex Shipping is a limited liability corporation. To encourage timely deliveries and prevent fraud on cargo hauls, Covalex Shipping will set a delivery time limit and upon expiration, any undelivered cargo will be considered stolen and treated as such. Total payment will be prorated according to the percentage of cargo successfully delivered.",@HaulCargo_AtoB_desc,Covalex_HaulCargo_AToB_desc_01,69250,,1,,3b2f7882-73cc-41a4-9dce-f188d927e905,"[""35c3ed47bd36""]","[""7c7107f9f580"",""d8675e773713"",""6b6ebf6490bf"",""e0c858ab9f21"",""0ded966e2152"",""945cda2742a2"",""f0e96fc72e7b"",""5a4f9f1df49c"",""835233495c33""]","{""location"":[{""guid"":""551af60b-7727-4936-acc7-763d25d7a1de"",""name"":""Hurston"",""navIcon"":""Planet"",""star"":{""guid"":""34ff378f-faee-47bb-b5fe-f505e665c5ca"",""name"":""Stanton"",""navIcon"":""Star""}}]}","{""CargoRouteToken"":""@HaulCargo_CargoRoute_Local"",""CargoGradeToken"":""@HaulCargo_CargoGrade_ExtraSmall"",""ReputationRank"":""@RepStanding_TransportGuild_Rank2"",""MissionMaxSCUSize"":""@FreightElevator_1SCU""}","{""guid"":""a2e76ff9-a8d9-46ee-9063-570cd2a06678"",""name"":""Junior"",""minReputation"":250,""nameKey"":""RepStanding_TransportGuild_Rank2"",""includeWhenSharing"":true}",,,false,false,,5,,,,,"[{""resource"":""977fe39d1cc1"",""minSCU"":6,""maxSCU"":12,""maxContainerSize"":1}]",,,,,,1,,,1,,,,"[""Stanton""]",,,,,,1,1,
71ba53c8-174d-490c-97bb-9e1df106b490,HaulCargo_AToB_Waste_Waste_Stanton2_SmallGrade,,Hauling - Planetary,,Junior Rank - Direct Extra Small Cargo Haul,@Covalex_HaulCargo_AToB_title,"Hello,\n\nThere’s some junk waiting at a freight elevator in <EM4>[LOCATION]</EM4> that needs to go to a freight elevator at <EM4>[DESTINATION]</EM4> for processing. I've confirmed that the containers won't be bigger than <EM4>1 SCU</EM4>. \n\nMy mom would’ve loved this run. She’s one of those who thinks every scrapyard is filled with hidden treasures. Can’t even tell you how many hours I spent bored out of my mind following her around one. If that’s your thing, here’s a chance to actually make credits going to one.\n\nBy the way, we strongly encourage contractors to bring a <EM4>handheld tractor beam</EM4> along.   \n \nThanks in advance for ensuring prompt service,\n\nChase Hewitt\nJr. Logistics Coordinator\nCovalex Shipping  \n'Anything you need, anywhere you need it.'\n\nCovalex Shipping is a limited liability corporation. To encourage timely deliveries and prevent fraud on cargo hauls, Covalex Shipping will set a delivery time limit and upon expiration, any undelivered cargo will be considered stolen and treated as such. Total payment will be prorated according to the percentage of cargo successfully delivered.",@Covalex_HaulCargo_AToB_Scrap,Covalex_HaulCargo_AToB_Scrap,62000,,1,,3b2f7882-73cc-41a4-9dce-f188d927e905,"[""05f61731da71"",""e2c9d59de95f"",""15a181728888""]","[""ffd2d63ccf28"",""7c7107f9f580"",""7e6f1702d348"",""cc76fc07b471"",""db17a1be6e86"",""d819ce4e66cf"",""e63d2da1ad36"",""32e3bb3ae27a"",""2ed683252564"",""de212bfbf4b5"",""bbd717ea0069""]","{""location"":[{""guid"":""c15033ab-2eb3-4d6d-b882-0cb336e67ed8"",""name"":""Crusader"",""navIcon"":""Planet"",""star"":{""guid"":""34ff378f-faee-47bb-b5fe-f505e665c5ca"",""name"":""Stanton"",""navIcon"":""Star""}}]}","{""CargoRouteToken"":""@HaulCargo_CargoRoute_Planetary"",""CargoGradeToken"":""@HaulCargo_CargoGrade_ExtraSmall"",""ReputationRank"":""@RepStanding_TransportGuild_Rank2"",""MissionMaxSCUSize"":""@FreightElevator_1SCU""}","{""guid"":""a2e76ff9-a8d9-46ee-9063-570cd2a06678"",""name"":""Junior"",""minReputation"":250,""nameKey"":""RepStanding_TransportGuild_Rank2"",""includeWhenSharing"":true}",,,false,false,,5,,,,,"[{""resource"":""977fe39d1cc1"",""minSCU"":6,""maxSCU"":12,""maxContainerSize"":1}]",,,,,,1,,,1,,,,"[""Stanton""]",,,,,,1,1,
a52e47b3-1b27-4796-83dc-222e738e6b36,HaulCargo_AToB_NonMetal_Silicon_Stanton1_SupplyGrade1,,Hauling - Planetary,,Junior Rank - Direct Medium Cargo Haul,@Covalex_HaulCargo_AToB_title,"Hello,\n\nNeed a contractor for a simple cargo haul going from a freight elevator at <EM4>[LOCATION]</EM4> to a freight elevator at <EM4>[DESTINATION]</EM4>. At most the containers will be <EM4>8 SCU</EM4> in size. \n\nAlso, we strongly encourage contractors to bring a <EM4>handheld tractor beam</EM4> along. \n\nAny chance you’re available to take care of it for us?\n\n[SIGN_OFF]\n\nChase Hewitt\nJr. Logistics Coordinator\nCovalex Shipping  \n'Anything you need, anywhere you need it.'\n\nCovalex Shipping is a limited liability corporation. To encourage timely deliveries and prevent fraud on cargo hauls, Covalex Shipping will set a delivery time limit and upon expiration, any undelivered cargo will be considered stolen and treated as such. Total payment will be prorated according to the percentage of cargo successfully delivered.",@HaulCargo_AtoB_desc,Covalex_HaulCargo_AToB_desc_01,56000,,1,,3b2f7882-73cc-41a4-9dce-f188d927e905,"[""35c3ed47bd36"",""11a4696ac43c"",""e2c9d59de95f"",""15a181728888""]","[""32e3bb3ae27a"",""d56b03ec64ca"",""10b299e2ccf9"",""0c19e0494d99""]","{""location"":[{""guid"":""551af60b-7727-4936-acc7-763d25d7a1de"",""name"":""Hurston"",""navIcon"":""Planet"",""star"":{""guid"":""34ff378f-faee-47bb-b5fe-f505e665c5ca"",""name"":""Stanton"",""navIcon"":""Star""}}]}","{""CargoRouteToken"":""@HaulCargo_CargoRoute_Planetary"",""CargoGradeToken"":""@HaulCargo_CargoGrade_Supply"",""ReputationRank"":""@RepStanding_TransportGuild_Rank2"",""MissionMaxSCUSize"":""@FreightElevator_8SCU""}","{""guid"":""a2e76ff9-a8d9-46ee-9063-570cd2a06678"",""name"":""Junior"",""minReputation"":250,""nameKey"":""RepStanding_TransportGuild_Rank2"",""includeWhenSharing"":true}",,,false,false,,0,,,,,"[{""resource"":""ec47388b272f"",""minSCU"":80,""maxSCU"":112,""maxContainerSize"":8}]",,,,,,1,,,1,,,,"[""Stanton""]",,,,,,1,1,
39fccb94-71ef-41b0-9613-8cc7a3d895b4,HaulCargo_AToB_Processed_Stims_Stanton_SupplyGrade,,Hauling - Stellar,,Junior Rank - Direct Medium Cargo Haul,@Covalex_HaulCargo_AToB_title,"Hello,\n\nNeed a contractor for a simple cargo haul going from a freight elevator at <EM4>[LOCATION]</EM4> to a freight elevator at <EM4>[DESTINATION]</EM4>. At most the containers will be <EM4>8 SCU</EM4> in size. \n\nAlso, we strongly encourage contractors to bring a <EM4>handheld tractor beam</EM4> along. \n\nAny chance you’re available to take care of it for us?\n\n[SIGN_OFF]\n\nChase Hewitt\nJr. Logistics Coordinator\nCovalex Shipping  \n'Anything you need, anywhere you need it.'\n\nCovalex Shipping is a limited liability corporation. To encourage timely deliveries and prevent fraud on cargo hauls, Covalex Shipping will set a delivery time limit and upon expiration, any undelivered cargo will be considered stolen and treated as such. Total payment will be prorated according to the percentage of cargo successfully delivered.",@HaulCargo_AtoB_desc,Covalex_HaulCargo_AToB_desc_01,87250,,1,,3b2f7882-73cc-41a4-9dce-f188d927e905,"[""32d25a8fa1b9""]","[""e242eae00bfc"",""cdbe5c5a9cc4"",""aef2b32d2479"",""c38446d75efc"",""ef0e5e890240"",""dba6f40b52a0"",""7c7107f9f580"",""84355f2b6158"",""7e6f1702d348"",""99f42c1cf91f"",""4ea94651f661"",""4c989742e9ab"",""a135f4e98ad2"",""5992d6926718"",""34b3eeecd6d2"",""44282c75228d"",""018d85504640"",""e95b4a8986f3"",""581b65066988"",""045624ecf3ed"",""cc76fc07b471"",""db17a1be6e86"",""b59e5f3521ad"",""d9dc3fbda8f0"",""7a1dafeca23f"",""0fcc1d84a327"",""667f49ab8f80"",""6e9a35b86327"",""0e706a121005"",""79cc2b9ecbae"",""e63d2da1ad36"",""6d540401a482"",""3644c6b823f3"",""32e3bb3ae27a"",""3cab6cb3c9c7"",""018f9a8014f4"",""d56b03ec64ca"",""b3580d2b56f8"",""1103fb160dd6"",""360e510ac13b"",""c541444e38cb"",""fdefa8299d0b"",""ed41cf58772b"",""f6d49b8ef987"",""269b504a4b6b"",""e1f1c2a722d5"",""baff0c674b66"",""cc7b55cdb1bf"",""0c19e0494d99"",""afc85b274a27"",""a665ee0ac6de"",""59ce884e5a53"",""b078bb43496c"",""8ed6f459e7a4"",""51c7fcbf4b91"",""f80fc0a34790"",""cd6ab6ce61a7"",""b99d01bd4712"",""c7bb4a68ec1c"",""abb192889356"",""4a0bccec3491"",""f14fda6625d9"",""2ed683252564"",""02c36d96275b"",""1ad31cfb44e5"",""2e8a69953ce4"",""b6b85246fc3f"",""de212bfbf4b5"",""4411e7a6a465"",""49b9a33a59f3"",""889e7b4f710f"",""ac581b7b935a"",""bbd717ea0069"",""757b267eceb1"",""b48a0175f686""]","{""location"":[{""guid"":""34ff378f-faee-47bb-b5fe-f505e665c5ca"",""name"":""Stanton"",""navIcon"":""Star""}]}","{""CargoRouteToken"":""@HaulCargo_CargoRoute_Solar"",""CargoGradeToken"":""@HaulCargo_CargoGrade_Supply"",""ReputationRank"":""@RepStanding_TransportGuild_Rank2"",""MissionMaxSCUSize"":""@FreightElevator_8SCU""}","{""guid"":""a2e76ff9-a8d9-46ee-9063-570cd2a06678"",""name"":""Junior"",""minReputation"":250,""nameKey"":""RepStanding_TransportGuild_Rank2"",""includeWhenSharing"":true}",,,false,false,,10,,,,,"[{""resource"":""33ac9b2f41af"",""minSCU"":80,""maxSCU"":112,""maxContainerSize"":8}]",,,,,,1,,,1,,,,"[""Stanton""]",,,,,,1,1,
d7d3bb53-b571-49ee-93b7-20527c33fe59,HaulCargo_AToB_Processed_Stims_Stanton1_SupplyGrade1,,Hauling - Planetary,,Junior Rank - Direct Medium Cargo Haul,@Covalex_HaulCargo_AToB_title,"Hello,\n\nNeed a contractor for a simple cargo haul going from a freight elevator at <EM4>[LOCATION]</EM4> to a freight elevator at <EM4>[DESTINATION]</EM4>. At most the containers will be <EM4>8 SCU</EM4> in size. \n\nAlso, we strongly encourage contractors to bring a <EM4>handheld tractor beam</EM4> along. \n\nAny chance you’re available to take care of it for us?\n\n[SIGN_OFF]\n\nChase Hewitt\nJr. Logistics Coordinator\nCovalex Shipping  \n'Anything you need, anywhere you need it.'\n\nCovalex Shipping is a limited liability corporation. To encourage timely deliveries and prevent fraud on cargo hauls, Covalex Shipping will set a delivery time limit and upon expiration, any undelivered cargo will be considered stolen and treated as such. Total payment will be prorated according to the percentage of cargo successfully delivered.",@HaulCargo_AtoB_desc,Covalex_HaulCargo_AToB_desc_01,80500,,1,,3b2f7882-73cc-41a4-9dce-f188d927e905,"[""35c3ed47bd36"",""11a4696ac43c""]","[""32e3bb3ae27a"",""d56b03ec64ca""]","{""location"":[{""guid"":""551af60b-7727-4936-acc7-763d25d7a1de"",""name"":""Hurston"",""navIcon"":""Planet"",""star"":{""guid"":""34ff378f-faee-47bb-b5fe-f505e665c5ca"",""name"":""Stanton"",""navIcon"":""Star""}}]}","{""CargoRouteToken"":""@HaulCargo_CargoRoute_Planetary"",""CargoGradeToken"":""@HaulCargo_CargoGrade_Supply"",""ReputationRank"":""@RepStanding_TransportGuild_Rank2"",""MissionMaxSCUSize"":""@FreightElevator_8SCU""}","{""guid"":""a2e76ff9-a8d9-46ee-9063-570cd2a06678"",""name"":""Junior"",""minReputation"":250,""nameKey"":""RepStanding_TransportGuild_Rank2"",""includeWhenSharing"":true}",,,false,false,,10,,,,,"[{""resource"":""33ac9b2f41af"",""minSCU"":80,""maxSCU"":112,""maxContainerSize"":8}]",,,,,,1,,,1,,,,"[""Stanton""]",,,,,,1,1,
cc9f3535-0df7-439b-bc87-20cfa7427168,HaulCargo_AToB_RawOre_Iron_Stanton1_SupplyGrade,,Hauling - Planetary,,Junior Rank - Direct Medium Cargo Haul,@Covalex_HaulCargo_AToB_title,"Hey,\n\nA Hurston logistics manager just requested priority pick up from their facility. Sounds like they struck a new vein of ore and need to make room for what they're extracting.\n\nThe raw ore needs to be moved from a freight elevator at <EM4>[LOCATION]</EM4> to a freight elevator at <EM4>[DESTINATION]</EM4>. Will be containers <EM4>8 SCU</EM4> or smaller. Sound like something you could handle? \n\nBy the way, we strongly encourage contractors to bring a <EM4>handheld tractor beam</EM4> along.   \n\nThanks in advance for ensuring prompt service,\n\nChase Hewitt\nJr. Logistics Coordinator\nCovalex Shipping  \n'Anything you need, anywhere you need it.'\n\nCovalex Shipping is a limited liability corporation. To encourage timely deliveries and prevent fraud on cargo hauls, Covalex Shipping will set a delivery time limit and upon expiration, any undelivered cargo will be considered stolen and treated as such. Total payment will be prorated according to the percentage of cargo successfully delivered.",@Covalex_HaulCargo_AtoB_desc_RawOre_Stanton1,Covalex_HaulCargo_AtoB_desc_RawOre_Stanton1,69250,,1,,3b2f7882-73cc-41a4-9dce-f188d927e905,"[""7835df714e97"",""4232ef3f5070"",""0d2b87d23586"",""ae75a9615ad4"",""e63f435dad19"",""3fbaba77a0da"",""1471660bfb45"",""7b1065d4eb0f"",""949780e0868b"",""f7dad4439ff2"",""81c9737b5e34"",""a2526a698135"",""16fde5456b0a"",""3089bd5b242c"",""76c784260564"",""d7f6e64900b0"",""5acdaddce185"",""33fb69c82e7b"",""f19123defe4a"",""ee19dfae07ef"",""cc32f6b0f1d8"",""c84c5a15f614"",""3ec5c8c1369b"",""8d1dedc023b8"",""3ec008299c9d"",""aea1218cee3a"",""761b9df55b2f"",""6eb5e7ebb643"",""1761b008e795"",""074158cec93a"",""52f8d2283ff9"",""b6f6be76592e"",""c11688d881bf"",""f990880cbf69"",""c3290d4540ba"",""b06dcc2ca485"",""3c644a03b863"",""c1e3f879e9e9"",""39f8c2d327c8"",""6f5f8d62c936"",""cdb0b3a60f0a"",""b032e2028f41"",""14258351bb62"",""b77eacfa4977"",""8d06f1053e37"",""a023b94bd2be"",""3498b709fb3e"",""1747b8f71ca1"",""ea066c97ebc1"",""c14098aee7db"",""26b2197592b2"",""5cd7f648cb37"",""92bcd852cc11"",""585204620ef9"",""a7d1e6749e18"",""51f88114534b"",""8837081d9ab5"",""eaeb897a5b62"",""2f71a19ec7bb"",""d460d15a7d1b"",""f019a9e4ab38"",""e7b47cf6f5c5"",""cc65ecf5ece1""]","[""7c7107f9f580"",""db17a1be6e86"",""32e3bb3ae27a"",""02c36d96275b"",""de212bfbf4b5"",""4411e7a6a465"",""bbd717ea0069"",""757b267eceb1""]","{""location"":[{""guid"":""551af60b-7727-4936-acc7-763d25d7a1de"",""name"":""Hurston"",""navIcon"":""Planet"",""star"":{""guid"":""34ff378f-faee-47bb-b5fe-f505e665c5ca"",""name"":""Stanton"",""navIcon"":""Star""}}]}","{""CargoRouteToken"":""@HaulCargo_CargoRoute_Planetary"",""CargoGradeToken"":""@HaulCargo_CargoGrade_Supply"",""ReputationRank"":""@RepStanding_TransportGuild_Rank2"",""MissionMaxSCUSize"":""@FreightElevator_8SCU""}","{""guid"":""a2e76ff9-a8d9-46ee-9063-570cd2a06678"",""name"":""Junior"",""minReputation"":250,""nameKey"":""RepStanding_TransportGuild_Rank2"",""includeWhenSharing"":true}",,,false,false,,10,,,,,"[{""resource"":""059d2d6be304"",""minSCU"":80,""maxSCU"":112,""maxContainerSize"":8}]",,,,,,1,,,1,,,,"[""Stanton""]",,,,,,1,1,
3011e956-5a4f-4a97-afdb-35b311126555,HaulCargo_AToB_RawOre_Mixed_QuartzCorundum_Stanton4_SupplyGrade,,Hauling - Planetary,,Junior Rank - Direct Medium Cargo Haul,@Covalex_HaulCargo_AToB_title,"Hello,\n\nNeed a contractor for a simple cargo haul going from a freight elevator at <EM4>[LOCATION]</EM4> to a freight elevator at <EM4>[DESTINATION]</EM4>. At most the containers will be <EM4>8 SCU</EM4> in size. \n\nAlso, we strongly encourage contractors to bring a <EM4>handheld tractor beam</EM4> along. \n\nAny chance you’re available to take care of it for us?\n\n[SIGN_OFF]\n\nChase Hewitt\nJr. Logistics Coordinator\nCovalex Shipping  \n'Anything you need, anywhere you need it.'\n\nCovalex Shipping is a limited liability corporation. To encourage timely deliveries and prevent fraud on cargo hauls, Covalex Shipping will set a delivery time limit and upon expiration, any undelivered cargo will be considered stolen and treated as such. Total payment will be prorated according to the percentage of cargo successfully delivered.",@HaulCargo_AtoB_desc,Covalex_HaulCargo_AToB_desc_01,76750,,1,,3b2f7882-73cc-41a4-9dce-f188d927e905,"[""7835df714e97"",""cc32f6b0f1d8"",""3089bd5b242c"",""a2526a698135"",""0f1b82d15bbf"",""761b9df55b2f"",""33fb69c82e7b"",""0d2b87d23586"",""e63f435dad19""]","[""cc76fc07b471"",""e63d2da1ad36"",""f6d49b8ef987"",""f14fda6625d9""]","{""location"":[{""guid"":""5a529db7-1a4e-45b0-bdcb-a5a0c7a7fc57"",""name"":""microTech"",""navIcon"":""Planet"",""star"":{""guid"":""34ff378f-faee-47bb-b5fe-f505e665c5ca"",""name"":""Stanton"",""navIcon"":""Star""}}]}","{""CargoRouteToken"":""@HaulCargo_CargoRoute_Planetary"",""CargoGradeToken"":""@HaulCargo_CargoGrade_Supply"",""ReputationRank"":""@RepStanding_TransportGuild_Rank2"",""MissionMaxSCUSize"":""@FreightElevator_8SCU""}","{""guid"":""a2e76ff9-a8d9-46ee-9063-570cd2a06678"",""name"":""Junior"",""minReputation"":250,""nameKey"":""RepStanding_TransportGuild_Rank2"",""includeWhenSharing"":true}",,,false,false,,10,,,,,"[{""resource"":""ab591b2bae61"",""minSCU"":40,""maxSCU"":56,""maxContainerSize"":8},{""resource"":""ce00bf017a92"",""minSCU"":40,""maxSCU"":56,""maxContainerSize"":8}]",,,,,,1,,,1,,,,,,,,,,1,1,
72cfb7a1-5d4d-4942-87b5-d33d6d2d325d,HaulCargo_AToB_RefinedOre_Aluminium_Stanton_SupplyGrade,,Hauling - Stellar,,Junior Rank - Direct Medium Cargo Haul,@Covalex_HaulCargo_AToB_title,"Hello,\n\nNeed a contractor for a simple cargo haul going from a freight elevator at <EM4>[LOCATION]</EM4> to a freight elevator at <EM4>[DESTINATION]</EM4>. At most the containers will be <EM4>8 SCU</EM4> in size. \n\nAlso, we strongly encourage contractors to bring a <EM4>handheld tractor beam</EM4> along. \n\nAny chance you’re available to take care of it for us?\n\n[SIGN_OFF]\n\nChase Hewitt\nJr. Logistics Coordinator\nCovalex Shipping  \n'Anything you need, anywhere you need it.'\n\nCovalex Shipping is a limited liability corporation. To encourage timely deliveries and prevent fraud on cargo hauls, Covalex Shipping will set a delivery time limit and upon expiration, any undelivered cargo will be considered stolen and treated as such. Total payment will be prorated according to the percentage of cargo successfully delivered.",@HaulCargo_AtoB_desc,Covalex_HaulCargo_AToB_desc_01,57500,,1,,3b2f7882-73cc-41a4-9dce-f188d927e905,"[""d349a20587a2"",""a49dc6443322"",""cc0b084257c7""]","[""7c7107f9f580"",""10b299e2ccf9"",""db17a1be6e86"",""0fcc1d84a327"",""e63d2da1ad36"",""32e3bb3ae27a"",""d56b03ec64ca"",""0c19e0494d99"",""59ce884e5a53"",""8ed6f459e7a4"",""2ed683252564"",""de212bfbf4b5"",""bbd717ea0069""]","{""location"":[{""guid"":""34ff378f-faee-47bb-b5fe-f505e665c5ca"",""name"":""Stanton"",""navIcon"":""Star""}]}","{""CargoRouteToken"":""@HaulCargo_CargoRoute_Solar"",""CargoGradeToken"":""@HaulCargo_CargoGrade_Supply"",""ReputationRank"":""@RepStanding_TransportGuild_Rank2"",""MissionMaxSCUSize"":""@FreightElevator_8SCU""}","{""guid"":""a2e76ff9-a8d9-46ee-9063-570cd2a06678"",""name"":""Junior"",""minReputation"":250,""nameKey"":""RepStanding_TransportGuild_Rank2"",""includeWhenSharing"":true}",,,false,false,,10,,,,,"[{""resource"":""114e57c0cc6e"",""minSCU"":80,""maxSCU"":112,""maxContainerSize"":8}]",,,,,,1,,,1,,,,,,,,,,1,1,
13ad9181-1b8c-4438-927b-80f18fcb433b,HaulCargo_AToB_RefinedOre_Aluminium_Stanton_SupplyGrade1,,Hauling - Stellar,,Junior Rank - Direct Medium Cargo Haul,@Covalex_HaulCargo_AToB_title,"Hello,\n\nNeed a contractor for a simple cargo haul going from a freight elevator at <EM4>[LOCATION]</EM4> to a freight elevator at <EM4>[DESTINATION]</EM4>. At most the containers will be <EM4>8 SCU</EM4> in size. \n\nAlso, we strongly encourage contractors to bring a <EM4>handheld tractor beam</EM4> along. \n\nAny chance you’re available to take care of it for us?\n\n[SIGN_OFF]\n\nChase Hewitt\nJr. Logistics Coordinator\nCovalex Shipping  \n'Anything you need, anywhere you need it.'\n\nCovalex Shipping is a limited liability corporation. To encourage timely deliveries and prevent fraud on cargo hauls, Covalex Shipping will set a delivery time limit and upon expiration, any undelivered cargo will be considered stolen and treated as such. Total payment will be prorated according to the percentage of cargo successfully delivered.",@HaulCargo_AtoB_desc,Covalex_HaulCargo_AToB_desc_01,59500,,1,,3b2f7882-73cc-41a4-9dce-f188d927e905,"[""939db9c047f8"",""4bb7d5766b7c"",""dfaa4ef80550"",""eda891a336d8"",""6d40795eef36""]","[""7c7107f9f580"",""10b299e2ccf9"",""db17a1be6e86"",""0fcc1d84a327"",""e63d2da1ad36"",""32e3bb3ae27a"",""d56b03ec64ca"",""0c19e0494d99"",""59ce884e5a53"",""8ed6f459e7a4"",""2ed683252564"",""de212bfbf4b5"",""bbd717ea0069""]","{""location"":[{""guid"":""34ff378f-faee-47bb-b5fe-f505e665c5ca"",""name"":""Stanton"",""navIcon"":""Star""}]}","{""CargoRouteToken"":""@HaulCargo_CargoRoute_Solar"",""CargoGradeToken"":""@HaulCargo_CargoGrade_Supply"",""ReputationRank"":""@RepStanding_TransportGuild_Rank2"",""MissionMaxSCUSize"":""@FreightElevator_8SCU""}","{""guid"":""a2e76ff9-a8d9-46ee-9063-570cd2a06678"",""name"":""Junior"",""minReputation"":250,""nameKey"":""RepStanding_TransportGuild_Rank2"",""includeWhenSharing"":true}",,,false,false,,10,,,,,"[{""resource"":""114e57c0cc6e"",""minSCU"":80,""maxSCU"":112,""maxContainerSize"":8}]",,,,,,1,,,1,,,,,,,,,,1,1,
bbbd5f8d-762f-4eb1-aa1a-91704d21ed90,HaulCargo_AToB_RefinedOre_Mixed_AluminiumTitanium_Stanton_SupplyGrade,,Hauling - Stellar,,Junior Rank - Direct Medium Cargo Haul,@Covalex_HaulCargo_AToB_title,"Hello,\n\nNeed a contractor for a simple cargo haul going from a freight elevator at <EM4>[LOCATION]</EM4> to a freight elevator at <EM4>[DESTINATION]</EM4>. At most the containers will be <EM4>8 SCU</EM4> in size. \n\nAlso, we strongly encourage contractors to bring a <EM4>handheld tractor beam</EM4> along. \n\nAny chance you’re available to take care of it for us?\n\n[SIGN_OFF]\n\nChase Hewitt\nJr. Logistics Coordinator\nCovalex Shipping  \n'Anything you need, anywhere you need it.'\n\nCovalex Shipping is a limited liability corporation. To encourage timely deliveries and prevent fraud on cargo hauls, Covalex Shipping will set a delivery time limit and upon expiration, any undelivered cargo will be considered stolen and treated as such. Total payment will be prorated according to the percentage of cargo successfully delivered.",@HaulCargo_AtoB_desc,Covalex_HaulCargo_AToB_desc_01,57500,,1,,3b2f7882-73cc-41a4-9dce-f188d927e905,"[""d349a20587a2"",""a49dc6443322"",""cc0b084257c7""]","[""7c7107f9f580"",""10b299e2ccf9"",""db17a1be6e86"",""0fcc1d84a327"",""e63d2da1ad36"",""32e3bb3ae27a"",""d56b03ec64ca"",""0c19e0494d99"",""59ce884e5a53"",""8ed6f459e7a4"",""2ed683252564"",""de212bfbf4b5"",""bbd717ea0069""]","{""location"":[{""guid"":""34ff378f-faee-47bb-b5fe-f505e665c5ca"",""name"":""Stanton"",""navIcon"":""Star""}]}","{""CargoRouteToken"":""@HaulCargo_CargoRoute_Solar"",""CargoGradeToken"":""@HaulCargo_CargoGrade_Supply"",""ReputationRank"":""@RepStanding_TransportGuild_Rank2"",""MissionMaxSCUSize"":""@FreightElevator_8SCU""}","{""guid"":""a2e76ff9-a8d9-46ee-9063-570cd2a06678"",""name"":""Junior"",""minReputation"":250,""nameKey"":""RepStanding_TransportGuild_Rank2"",""includeWhenSharing"":true}",,,false,false,,10,,,,,"[{""resource"":""114e57c0cc6e"",""minSCU"":40,""maxSCU"":56,""maxContainerSize"":8},{""resource"":""6c1aad782b33"",""minSCU"":40,""maxSCU"":56,""maxContainerSize"":8}]",,,,,,1,,,1,,,,,,,,,,1,1,
4000bfd0-e2dd-447b-82b0-7264cbbd05d0,HaulCargo_AToB_RefinedOre_Mixed_AluminiumTungsten_Stanton_SupplyGrade,,Hauling - Stellar,,Junior Rank - Direct Medium Cargo Haul,@Covalex_HaulCargo_AToB_title,"Hello,\n\nNeed a contractor for a simple cargo haul going from a freight elevator at <EM4>[LOCATION]</EM4> to a freight elevator at <EM4>[DESTINATION]</EM4>. At most the containers will be <EM4>8 SCU</EM4> in size. \n\nAlso, we strongly encourage contractors to bring a <EM4>handheld tractor beam</EM4> along. \n\nAny chance you’re available to take care of it for us?\n\n[SIGN_OFF]\n\nChase Hewitt\nJr. Logistics Coordinator\nCovalex Shipping  \n'Anything you need, anywhere you need it.'\n\nCovalex Shipping is a limited liability corporation. To encourage timely deliveries and prevent fraud on cargo hauls, Covalex Shipping will set a delivery time limit and upon expiration, any undelivered cargo will be considered stolen and treated as such. Total payment will be prorated according to the percentage of cargo successfully delivered.",@HaulCargo_AtoB_desc,Covalex_HaulCargo_AToB_desc_01,55750,,1,,3b2f7882-73cc-41a4-9dce-f188d927e905,"[""d349a20587a2"",""a49dc6443322"",""cc0b084257c7""]","[""7c7107f9f580"",""10b299e2ccf9"",""db17a1be6e86"",""0fcc1d84a327"",""e63d2da1ad36"",""32e3bb3ae27a"",""d56b03ec64ca"",""0c19e0494d99"",""59ce884e5a53"",""8ed6f459e7a4"",""2ed683252564"",""de212bfbf4b5"",""bbd717ea0069""]","{""location"":[{""guid"":""34ff378f-faee-47bb-b5fe-f505e665c5ca"",""name"":""Stanton"",""navIcon"":""Star""}]}","{""CargoRouteToken"":""@HaulCargo_CargoRoute_Solar"",""CargoGradeToken"":""@HaulCargo_CargoGrade_Supply"",""ReputationRank"":""@RepStanding_TransportGuild_Rank2"",""MissionMaxSCUSize"":""@FreightElevator_8SCU""}","{""guid"":""a2e76ff9-a8d9-46ee-9063-570cd2a06678"",""name"":""Junior"",""minReputation"":250,""nameKey"":""RepStanding_TransportGuild_Rank2"",""includeWhenSharing"":true}",,,false,false,,10,,,,,"[{""resource"":""114e57c0cc6e"",""minSCU"":40,""maxSCU"":56,""maxContainerSize"":8},{""resource"":""77b7c49f0863"",""minSCU"":40,""maxSCU"":56,""maxContainerSize"":8}]",,,,,,1,,,1,,,,,,,,,,1,1,
c085db84-0310-49a1-8f6d-a1a8bc07482c,HaulCargo_AToB_RefinedOre_Mixed_AluminiumTungsten_Stanton_SupplyGrade1,,Hauling - Stellar,,Junior Rank - Direct Medium Cargo Haul,@Covalex_HaulCargo_AToB_title,"Hello,\n\nNeed a contractor for a simple cargo haul going from a freight elevator at <EM4>[LOCATION]</EM4> to a freight elevator at <EM4>[DESTINATION]</EM4>. At most the containers will be <EM4>8 SCU</EM4> in size. \n\nAlso, we strongly encourage contractors to bring a <EM4>handheld tractor beam</EM4> along. \n\nAny chance you’re available to take care of it for us?\n\n[SIGN_OFF]\n\nChase Hewitt\nJr. Logistics Coordinator\nCovalex Shipping  \n'Anything you need, anywhere you need it.'\n\nCovalex Shipping is a limited liability corporation. To encourage timely deliveries and prevent fraud on cargo hauls, Covalex Shipping will set a delivery time limit and upon expiration, any undelivered cargo will be considered stolen and treated as such. Total payment will be prorated according to the percentage of cargo successfully delivered.",@HaulCargo_AtoB_desc,Covalex_HaulCargo_AToB_desc_01,59500,,1,,3b2f7882-73cc-41a4-9dce-f188d927e905,"[""939db9c047f8"",""4bb7d5766b7c"",""dfaa4ef80550"",""eda891a336d8"",""6d40795eef36""]","[""7c7107f9f580"",""10b299e2ccf9"",""db17a1be6e86"",""0fcc1d84a327"",""e63d2da1ad36"",""32e3bb3ae27a"",""d56b03ec64ca"",""0c19e0494d99"",""59ce884e5a53"",""8ed6f459e7a4"",""2ed683252564"",""de212bfbf4b5"",""bbd717ea0069""]","{""location"":[{""guid"":""34ff378f-faee-47bb-b5fe-f505e665c5ca"",""name"":""Stanton"",""navIcon"":""Star""}]}","{""CargoRouteToken"":""@HaulCargo_CargoRoute_Solar"",""CargoGradeToken"":""@HaulCargo_CargoGrade_Supply"",""ReputationRank"":""@RepStanding_TransportGuild_Rank2"",""MissionMaxSCUSize"":""@FreightElevator_8SCU""}","{""guid"":""a2e76ff9-a8d9-46ee-9063-570cd2a06678"",""name"":""Junior"",""minReputation"":250,""nameKey"":""RepStanding_TransportGuild_Rank2"",""includeWhenSharing"":true}",,,false,false,,10,,,,,"[{""resource"":""114e57c0cc6e"",""minSCU"":40,""maxSCU"":56,""maxContainerSize"":8},{""resource"":""77b7c49f0863"",""minSCU"":40,""maxSCU"":56,""maxContainerSize"":8}]",,,,,,1,,,1,,,,,,,,,,1,1,
470da5cc-95b7-4894-b7ce-b832385f3939,HaulCargo_AToB_RefinedOre_Mixed_AluminiumTungstenCorundum_Stanton_SupplyGrade,,Hauling - Stellar,,Junior Rank - Direct Medium Cargo Haul,@Covalex_HaulCargo_AToB_title,"Hello,\n\nNeed a contractor for a simple cargo haul going from a freight elevator at <EM4>[LOCATION]</EM4> to a freight elevator at <EM4>[DESTINATION]</EM4>. At most the containers will be <EM4>8 SCU</EM4> in size. \n\nAlso, we strongly encourage contractors to bring a <EM4>handheld tractor beam</EM4> along. \n\nAny chance you’re available to take care of it for us?\n\n[SIGN_OFF]\n\nChase Hewitt\nJr. Logistics Coordinator\nCovalex Shipping  \n'Anything you need, anywhere you need it.'\n\nCovalex Shipping is a limited liability corporation. To encourage timely deliveries and prevent fraud on cargo hauls, Covalex Shipping will set a delivery time limit and upon expiration, any undelivered cargo will be considered stolen and treated as such. Total payment will be prorated according to the percentage of cargo successfully delivered.",@HaulCargo_AtoB_desc,Covalex_HaulCargo_AToB_desc_01,57750,,1,,3b2f7882-73cc-41a4-9dce-f188d927e905,"[""939db9c047f8"",""4bb7d5766b7c"",""dfaa4ef80550"",""eda891a336d8"",""6d40795eef36""]","[""7c7107f9f580"",""10b299e2ccf9"",""db17a1be6e86"",""0fcc1d84a327"",""e63d2da1ad36"",""32e3bb3ae27a"",""d56b03ec64ca"",""0c19e0494d99"",""59ce884e5a53"",""8ed6f459e7a4"",""2ed683252564"",""de212bfbf4b5"",""bbd717ea0069""]","{""location"":[{""guid"":""34ff378f-faee-47bb-b5fe-f505e665c5ca"",""name"":""Stanton"",""navIcon"":""Star""}]}","{""CargoRouteToken"":""@HaulCargo_CargoRoute_Solar"",""CargoGradeToken"":""@HaulCargo_CargoGrade_Supply"",""ReputationRank"":""@RepStanding_TransportGuild_Rank2"",""MissionMaxSCUSize"":""@FreightElevator_8SCU""}","{""guid"":""a2e76ff9-a8d9-46ee-9063-570cd2a06678"",""name"":""Junior"",""minReputation"":250,""nameKey"":""RepStanding_TransportGuild_Rank2"",""includeWhenSharing"":true}",,,false,false,,10,,,,,"[{""resource"":""114e57c0cc6e"",""minSCU"":33,""maxSCU"":39,""maxContainerSize"":8},{""resource"":""77b7c49f0863"",""minSCU"":33,""maxSCU"":39,""maxContainerSize"":8},{""resource"":""d3f586abbe5d"",""minSCU"":14,""maxSCU"":32,""maxContainerSize"":8}]",,,,,,1,,,1,,,,,,,,,,1,1,
8ec1b19e-4824-4eaf-a91c-5e7c8faf0044,HaulCargo_AToB_RefinedOre_Mixed_QuartzCorundum_Stanton_SupplyGrade,,Hauling - Stellar,,Junior Rank - Direct Medium Cargo Haul,@Covalex_HaulCargo_AToB_title,"Hello,\n\nNeed a contractor for a simple cargo haul going from a freight elevator at <EM4>[LOCATION]</EM4> to a freight elevator at <EM4>[DESTINATION]</EM4>. At most the containers will be <EM4>8 SCU</EM4> in size. \n\nAlso, we strongly encourage contractors to bring a <EM4>handheld tractor beam</EM4> along. \n\nAny chance you’re available to take care of it for us?\n\n[SIGN_OFF]\n\nChase Hewitt\nJr. Logistics Coordinator\nCovalex Shipping  \n'Anything you need, anywhere you need it.'\n\nCovalex Shipping is a limited liability corporation. To encourage timely deliveries and prevent fraud on cargo hauls, Covalex Shipping will set a delivery time limit and upon expiration, any undelivered cargo will be considered stolen and treated as such. Total payment will be prorated according to the percentage of cargo successfully delivered.",@HaulCargo_AtoB_desc,Covalex_HaulCargo_AToB_desc_01,51500,,1,,3b2f7882-73cc-41a4-9dce-f188d927e905,"[""e15ed9ae26b0"",""c78dabbac080"",""d075888b87ae"",""d9e58924ece8"",""684acd6474b7""]","[""7c7107f9f580"",""10b299e2ccf9"",""db17a1be6e86"",""0fcc1d84a327"",""e63d2da1ad36"",""32e3bb3ae27a"",""d56b03ec64ca"",""0c19e0494d99"",""59ce884e5a53"",""8ed6f459e7a4"",""2ed683252564"",""de212bfbf4b5"",""bbd717ea0069""]","{""location"":[{""guid"":""34ff378f-faee-47bb-b5fe-f505e665c5ca"",""name"":""Stanton"",""navIcon"":""Star""}]}","{""CargoRouteToken"":""@HaulCargo_CargoRoute_Solar"",""CargoGradeToken"":""@HaulCargo_CargoGrade_Supply"",""ReputationRank"":""@RepStanding_TransportGuild_Rank2"",""MissionMaxSCUSize"":""@FreightElevator_8SCU""}","{""guid"":""a2e76ff9-a8d9-46ee-9063-570cd2a06678"",""name"":""Junior"",""minReputation"":250,""nameKey"":""RepStanding_TransportGuild_Rank2"",""includeWhenSharing"":true}",,,false,false,,10,,,,,"[{""resource"":""8f116d732e1e"",""minSCU"":66,""maxSCU"":80,""maxContainerSize"":8},{""resource"":""d3f586abbe5d"",""minSCU"":14,""maxSCU"":32,""maxContainerSize"":8}]",,,,,,1,,,1,,,,,,,,,,1,1,
9ca56b30-54b4-4cdd-a394-109cfac216eb,HaulCargo_AToB_RefinedOre_Quartz_Stanton_SupplyGrade,,Hauling - Stellar,,Junior Rank - Direct Medium Cargo Haul,@Covalex_HaulCargo_AToB_title,"Hello,\n\nNeed a contractor for a simple cargo haul going from a freight elevator at <EM4>[LOCATION]</EM4> to a freight elevator at <EM4>[DESTINATION]</EM4>. At most the containers will be <EM4>8 SCU</EM4> in size. \n\nAlso, we strongly encourage contractors to bring a <EM4>handheld tractor beam</EM4> along. \n\nAny chance you’re available to take care of it for us?\n\n[SIGN_OFF]\n\nChase Hewitt\nJr. Logistics Coordinator\nCovalex Shipping  \n'Anything you need, anywhere you need it.'\n\nCovalex Shipping is a limited liability corporation. To encourage timely deliveries and prevent fraud on cargo hauls, Covalex Shipping will set a delivery time limit and upon expiration, any undelivered cargo will be considered stolen and treated as such. Total payment will be prorated according to the percentage of cargo successfully delivered.",@HaulCargo_AtoB_desc,Covalex_HaulCargo_AToB_desc_01,55250,,1,,3b2f7882-73cc-41a4-9dce-f188d927e905,"[""074158cec93a"",""c11688d881bf"",""3498b709fb3e"",""d460d15a7d1b"",""e7b47cf6f5c5"",""e15ed9ae26b0"",""c78dabbac080"",""d075888b87ae"",""d9e58924ece8"",""684acd6474b7""]","[""835233495c33"",""7c7107f9f580"",""10b299e2ccf9"",""6b6ebf6490bf"",""db17a1be6e86"",""dc43d22c47ef"",""0fcc1d84a327"",""0ded966e2152"",""e63d2da1ad36"",""32e3bb3ae27a"",""945cda2742a2"",""d56b03ec64ca"",""0c19e0494d99"",""59ce884e5a53"",""8ed6f459e7a4"",""16a67e996f29"",""6d1fd40caa22"",""2ed683252564"",""de212bfbf4b5"",""bbd717ea0069""]","{""location"":[{""guid"":""34ff378f-faee-47bb-b5fe-f505e665c5ca"",""name"":""Stanton"",""navIcon"":""Star""}]}","{""CargoRouteToken"":""@HaulCargo_CargoRoute_Solar"",""CargoGradeToken"":""@HaulCargo_CargoGrade_Supply"",""ReputationRank"":""@RepStanding_TransportGuild_Rank2"",""MissionMaxSCUSize"":""@FreightElevator_8SCU""}","{""guid"":""a2e76ff9-a8d9-46ee-9063-570cd2a06678"",""name"":""Junior"",""minReputation"":250,""nameKey"":""RepStanding_TransportGuild_Rank2"",""includeWhenSharing"":true}",,,false,false,,10,,,,,"[{""resource"":""8f116d732e1e"",""minSCU"":80,""maxSCU"":112,""maxContainerSize"":8}]",,,,,,1,,,1,,,,,,,,,,1,1,
bcd27fe8-8dd0-4796-a8f4-3ee5b8f482e1,HaulCargo_AToB_RefinedOre_Tin_Stanton_SupplyGrade,,Hauling - Stellar,,Junior Rank - Direct Medium Cargo Haul,@Covalex_HaulCargo_AToB_title,"Hello,\n\nNeed a contractor for a simple cargo haul going from a freight elevator at <EM4>[LOCATION]</EM4> to a freight elevator at <EM4>[DESTINATION]</EM4>. At most the containers will be <EM4>8 SCU</EM4> in size. \n\nAlso, we strongly encourage contractors to bring a <EM4>handheld tractor beam</EM4> along. \n\nAny chance you’re available to take care of it for us?\n\n[SIGN_OFF]\n\nChase Hewitt\nJr. Logistics Coordinator\nCovalex Shipping  \n'Anything you need, anywhere you need it.'\n\nCovalex Shipping is a limited liability corporation. To encourage timely deliveries and prevent fraud on cargo hauls, Covalex Shipping will set a delivery time limit and upon expiration, any undelivered cargo will be considered stolen and treated as such. Total payment will be prorated according to the percentage of cargo successfully delivered.",@HaulCargo_AtoB_desc,Covalex_HaulCargo_AToB_desc_01,57750,,1,,3b2f7882-73cc-41a4-9dce-f188d927e905,"[""32d25a8fa1b9""]","[""7c7107f9f580"",""10b299e2ccf9"",""db17a1be6e86"",""0fcc1d84a327"",""e63d2da1ad36"",""32e3bb3ae27a"",""d56b03ec64ca"",""0c19e0494d99"",""59ce884e5a53"",""8ed6f459e7a4"",""2ed683252564"",""de212bfbf4b5"",""bbd717ea0069""]","{""location"":[{""guid"":""34ff378f-faee-47bb-b5fe-f505e665c5ca"",""name"":""Stanton"",""navIcon"":""Star""}]}","{""CargoRouteToken"":""@HaulCargo_CargoRoute_Solar"",""CargoGradeToken"":""@HaulCargo_CargoGrade_Supply"",""ReputationRank"":""@RepStanding_TransportGuild_Rank2"",""MissionMaxSCUSize"":""@FreightElevator_8SCU""}","{""guid"":""a2e76ff9-a8d9-46ee-9063-570cd2a06678"",""name"":""Junior"",""minReputation"":250,""nameKey"":""RepStanding_TransportGuild_Rank2"",""includeWhenSharing"":true}",,,false,false,,10,,,,,"[{""resource"":""7847383427be"",""minSCU"":80,""maxSCU"":112,""maxContainerSize"":8}]",,,,,,1,,,1,,,,,,,,,,1,1,
8906068e-6cf4-430e-b88d-f3cfd079a703,HaulCargo_AToB_RefinedOre_Tin_Stanton1_SupplyGrade,,Hauling - Planetary,,Junior Rank - Direct Medium Cargo Haul,@Covalex_HaulCargo_AToB_title,"Hello,\n\nNeed a contractor for a simple cargo haul going from a freight elevator at <EM4>[LOCATION]</EM4> to a freight elevator at <EM4>[DESTINATION]</EM4>. At most the containers will be <EM4>8 SCU</EM4> in size. \n\nAlso, we strongly encourage contractors to bring a <EM4>handheld tractor beam</EM4> along. \n\nAny chance you’re available to take care of it for us?\n\n[SIGN_OFF]\n\nChase Hewitt\nJr. Logistics Coordinator\nCovalex Shipping  \n'Anything you need, anywhere you need it.'\n\nCovalex Shipping is a limited liability corporation. To encourage timely deliveries and prevent fraud on cargo hauls, Covalex Shipping will set a delivery time limit and upon expiration, any undelivered cargo will be considered stolen and treated as such. Total payment will be prorated according to the percentage of cargo successfully delivered.",@HaulCargo_AtoB_desc,Covalex_HaulCargo_AToB_desc_01,56000,,1,,3b2f7882-73cc-41a4-9dce-f188d927e905,"[""35c3ed47bd36"",""11a4696ac43c"",""e2c9d59de95f"",""eac7f1ce3c0b"",""f44f8c4ebc77"",""33fb69c82e7b"",""7835df714e97"",""cc32f6b0f1d8"",""cdb0b3a60f0a"",""7d2fc570e19e"",""53f11bb3af5c"",""3726a3459bd0"",""59bcf258bb06"",""501b5a32fa4a"",""0d2b87d23586"",""99a20f9e0edf"",""3089bd5b242c"",""761b9df55b2f"",""bcd83a4bcc16"",""90cb841eed0e"",""30315664418c"",""a2526a698135"",""344489ef2811"",""e63f435dad19"",""46fc94c68dfb"",""0f1b82d15bbf"",""c08a5fd268c6"",""5cd7f648cb37"",""381c737dcb2f"",""8df655e271c6"",""542d5bba0a4e"",""b873eaf28465"",""b0119de4651d"",""dd4b2c21d504"",""4878a19f70fb"",""0b6daacd2578"",""35612a2f1355"",""edb2b26535cf"",""e15ed9ae26b0"",""ad4890a004cd"",""b176e4cfd0f4"",""a6688ee0da7a"",""b3903a0458bf"",""f69703185b66"",""769b5e010a71"",""c78dabbac080"",""a1b4c18a95ce"",""c8ec90a805e4"",""09ab1dcd3985"",""d075888b87ae"",""d9e58924ece8"",""b94b926e7bc3"",""2c34d7cd3f58"",""684acd6474b7"",""c809bc4da138"",""e5c26653b19c"",""111788f5d06c"",""94b5514b89ef"",""c8513bccecd3"",""b139e4086d8b"",""f8d92b40d014"",""01717738329f"",""8cf491401eef""]","[""32e3bb3ae27a"",""d56b03ec64ca"",""10b299e2ccf9"",""0c19e0494d99""]","{""location"":[{""guid"":""551af60b-7727-4936-acc7-763d25d7a1de"",""name"":""Hurston"",""navIcon"":""Planet"",""star"":{""guid"":""34ff378f-faee-47bb-b5fe-f505e665c5ca"",""name"":""Stanton"",""navIcon"":""Star""}}]}","{""CargoRouteToken"":""@HaulCargo_CargoRoute_Planetary"",""CargoGradeToken"":""@HaulCargo_CargoGrade_Supply"",""ReputationRank"":""@RepStanding_TransportGuild_Rank2"",""MissionMaxSCUSize"":""@FreightElevator_8SCU""}","{""guid"":""a2e76ff9-a8d9-46ee-9063-570cd2a06678"",""name"":""Junior"",""minReputation"":250,""nameKey"":""RepStanding_TransportGuild_Rank2"",""includeWhenSharing"":true}",,,false,false,,10,,,,,"[{""resource"":""7847383427be"",""minSCU"":80,""maxSCU"":112,""maxContainerSize"":8}]",,,,,,1,,,1,,,,"[""Stanton""]",,,,,,1,1,
a073dd81-cf17-4cc2-8313-dab212d1401b,HaulCargo_AToB_RefinedOre_Titanium_Stanton_SupplyGrade,,Hauling - Stellar,,Junior Rank - Direct Medium Cargo Haul,@Covalex_HaulCargo_AToB_title,"Hello,\n\nNeed a contractor for a simple cargo haul going from a freight elevator at <EM4>[LOCATION]</EM4> to a freight elevator at <EM4>[DESTINATION]</EM4>. At most the containers will be <EM4>8 SCU</EM4> in size. \n\nAlso, we strongly encourage contractors to bring a <EM4>handheld tractor beam</EM4> along. \n\nAny chance you’re available to take care of it for us?\n\n[SIGN_OFF]\n\nChase Hewitt\nJr. Logistics Coordinator\nCovalex Shipping  \n'Anything you need, anywhere you need it.'\n\nCovalex Shipping is a limited liability corporation. To encourage timely deliveries and prevent fraud on cargo hauls, Covalex Shipping will set a delivery time limit and upon expiration, any undelivered cargo will be considered stolen and treated as such. Total payment will be prorated according to the percentage of cargo successfully delivered.",@HaulCargo_AtoB_desc,Covalex_HaulCargo_AToB_desc_01,57500,,1,,3b2f7882-73cc-41a4-9dce-f188d927e905,"[""d349a20587a2"",""a49dc6443322"",""cc0b084257c7""]","[""e242eae00bfc"",""835233495c33"",""7c7107f9f580"",""10b299e2ccf9"",""84355f2b6158"",""5992d6926718"",""44282c75228d"",""018d85504640"",""6b6ebf6490bf"",""db17a1be6e86"",""dc43d22c47ef"",""0fcc1d84a327"",""0ded966e2152"",""e63d2da1ad36"",""32e3bb3ae27a"",""945cda2742a2"",""d56b03ec64ca"",""0c19e0494d99"",""59ce884e5a53"",""8ed6f459e7a4"",""16a67e996f29"",""6d1fd40caa22"",""2ed683252564"",""1ad31cfb44e5"",""de212bfbf4b5"",""bbd717ea0069""]","{""location"":[{""guid"":""34ff378f-faee-47bb-b5fe-f505e665c5ca"",""name"":""Stanton"",""navIcon"":""Star""}]}","{""CargoRouteToken"":""@HaulCargo_CargoRoute_Solar"",""CargoGradeToken"":""@HaulCargo_CargoGrade_Supply"",""ReputationRank"":""@RepStanding_TransportGuild_Rank2"",""MissionMaxSCUSize"":""@FreightElevator_8SCU""}","{""guid"":""a2e76ff9-a8d9-46ee-9063-570cd2a06678"",""name"":""Junior"",""minReputation"":250,""nameKey"":""RepStanding_TransportGuild_Rank2"",""includeWhenSharing"":true}",,,false,false,,10,,,,,"[{""resource"":""6c1aad782b33"",""minSCU"":80,""maxSCU"":112,""maxContainerSize"":8}]",,,,,,1,,,1,,,,"[""Stanton""]",,,,,,1,1,
43962492-3c26-4783-ba51-d18aea9fd488,HaulCargo_AToB_RefinedOre_Tungsten_Stanton_SupplyGrade,,Hauling - Stellar,,Junior Rank - Direct Medium Cargo Haul,@Covalex_HaulCargo_AToB_title,"Hello,\n\nNeed a contractor for a simple cargo haul going from a freight elevator at <EM4>[LOCATION]</EM4> to a freight elevator at <EM4>[DESTINATION]</EM4>. At most the containers will be <EM4>8 SCU</EM4> in size. \n\nAlso, we strongly encourage contractors to bring a <EM4>handheld tractor beam</EM4> along. \n\nAny chance you’re available to take care of it for us?\n\n[SIGN_OFF]\n\nChase Hewitt\nJr. Logistics Coordinator\nCovalex Shipping  \n'Anything you need, anywhere you need it.'\n\nCovalex Shipping is a limited liability corporation. To encourage timely deliveries and prevent fraud on cargo hauls, Covalex Shipping will set a delivery time limit and upon expiration, any undelivered cargo will be considered stolen and treated as such. Total payment will be prorated according to the percentage of cargo successfully delivered.",@HaulCargo_AtoB_desc,Covalex_HaulCargo_AToB_desc_01,55750,,1,,3b2f7882-73cc-41a4-9dce-f188d927e905,"[""d349a20587a2"",""a49dc6443322"",""cc0b084257c7""]","[""7c7107f9f580"",""10b299e2ccf9"",""db17a1be6e86"",""0fcc1d84a327"",""e63d2da1ad36"",""32e3bb3ae27a"",""d56b03ec64ca"",""0c19e0494d99"",""59ce884e5a53"",""8ed6f459e7a4"",""2ed683252564"",""de212bfbf4b5"",""bbd717ea0069""]","{""location"":[{""guid"":""34ff378f-faee-47bb-b5fe-f505e665c5ca"",""name"":""Stanton"",""navIcon"":""Star""}]}","{""CargoRouteToken"":""@HaulCargo_CargoRoute_Solar"",""CargoGradeToken"":""@HaulCargo_CargoGrade_Supply"",""ReputationRank"":""@RepStanding_TransportGuild_Rank2"",""MissionMaxSCUSize"":""@FreightElevator_8SCU""}","{""guid"":""a2e76ff9-a8d9-46ee-9063-570cd2a06678"",""name"":""Junior"",""minReputation"":250,""nameKey"":""RepStanding_TransportGuild_Rank2"",""includeWhenSharing"":true}",,,false,false,,10,,,,,"[{""resource"":""77b7c49f0863"",""minSCU"":80,""maxSCU"":112,""maxContainerSize"":8}]",,,,,,1,,,1,,,,,,,,,,1,1,
bc7c4247-2cac-432f-8dc0-f373eced0f0f,HaulCargo_AToB_RefinedOre_Tungsten_Stanton_SupplyGrade1,,Hauling - Stellar,,Junior Rank - Direct Medium Cargo Haul,@Covalex_HaulCargo_AToB_title,"Hello,\n\nNeed a contractor for a simple cargo haul going from a freight elevator at <EM4>[LOCATION]</EM4> to a freight elevator at <EM4>[DESTINATION]</EM4>. At most the containers will be <EM4>8 SCU</EM4> in size. \n\nAlso, we strongly encourage contractors to bring a <EM4>handheld tractor beam</EM4> along. \n\nAny chance you’re available to take care of it for us?\n\n[SIGN_OFF]\n\nChase Hewitt\nJr. Logistics Coordinator\nCovalex Shipping  \n'Anything you need, anywhere you need it.'\n\nCovalex Shipping is a limited liability corporation. To encourage timely deliveries and prevent fraud on cargo hauls, Covalex Shipping will set a delivery time limit and upon expiration, any undelivered cargo will be considered stolen and treated as such. Total payment will be prorated according to the percentage of cargo successfully delivered.",@HaulCargo_AtoB_desc,Covalex_HaulCargo_AToB_desc_01,59500,,1,,3b2f7882-73cc-41a4-9dce-f188d927e905,"[""939db9c047f8"",""4bb7d5766b7c"",""dfaa4ef80550"",""eda891a336d8"",""6d40795eef36""]","[""7c7107f9f580"",""10b299e2ccf9"",""db17a1be6e86"",""0fcc1d84a327"",""e63d2da1ad36"",""32e3bb3ae27a"",""d56b03ec64ca"",""0c19e0494d99"",""59ce884e5a53"",""8ed6f459e7a4"",""2ed683252564"",""de212bfbf4b5"",""bbd717ea0069""]","{""location"":[{""guid"":""34ff378f-faee-47bb-b5fe-f505e665c5ca"",""name"":""Stanton"",""navIcon"":""Star""}]}","{""CargoRouteToken"":""@HaulCargo_CargoRoute_Solar"",""CargoGradeToken"":""@HaulCargo_CargoGrade_Supply"",""ReputationRank"":""@RepStanding_TransportGuild_Rank2"",""MissionMaxSCUSize"":""@FreightElevator_8SCU""}","{""guid"":""a2e76ff9-a8d9-46ee-9063-570cd2a06678"",""name"":""Junior"",""minReputation"":250,""nameKey"":""RepStanding_TransportGuild_Rank2"",""includeWhenSharing"":true}",,,false,false,,10,,,,,"[{""resource"":""77b7c49f0863"",""minSCU"":80,""maxSCU"":112,""maxContainerSize"":8}]",,,,,,1,,,1,,,,,,,,,,1,1,
d0cce29f-b267-4805-92d8-5bb93fdb5993,HaulCargo_AToB_Waste_Mixed_ScrapWaste_Stanton4_SupplyGrade,,Hauling - Planetary,,Junior Rank - Direct Medium Cargo Haul,@Covalex_HaulCargo_AToB_title,"Hello,\n\nNeed a contractor for a simple cargo haul going from a freight elevator at <EM4>[LOCATION]</EM4> to a freight elevator at <EM4>[DESTINATION]</EM4>. At most the containers will be <EM4>8 SCU</EM4> in size. \n\nAlso, we strongly encourage contractors to bring a <EM4>handheld tractor beam</EM4> along. \n\nAny chance you’re available to take care of it for us?\n\n[SIGN_OFF]\n\nChase Hewitt\nJr. Logistics Coordinator\nCovalex Shipping  \n'Anything you need, anywhere you need it.'\n\nCovalex Shipping is a limited liability corporation. To encourage timely deliveries and prevent fraud on cargo hauls, Covalex Shipping will set a delivery time limit and upon expiration, any undelivered cargo will be considered stolen and treated as such. Total payment will be prorated according to the percentage of cargo successfully delivered.",@HaulCargo_AtoB_desc,Covalex_HaulCargo_AToB_desc_01,69250,,1,,3b2f7882-73cc-41a4-9dce-f188d927e905,"[""15a181728888""]","[""7e6f1702d348"",""cc76fc07b471"",""db17a1be6e86"",""e63d2da1ad36"",""32e3bb3ae27a"",""2ed683252564""]","{""location"":[{""guid"":""5a529db7-1a4e-45b0-bdcb-a5a0c7a7fc57"",""name"":""microTech"",""navIcon"":""Planet"",""star"":{""guid"":""34ff378f-faee-47bb-b5fe-f505e665c5ca"",""name"":""Stanton"",""navIcon"":""Star""}}]}","{""CargoRouteToken"":""@HaulCargo_CargoRoute_Planetary"",""CargoGradeToken"":""@HaulCargo_CargoGrade_Supply"",""ReputationRank"":""@RepStanding_TransportGuild_Rank2"",""MissionMaxSCUSize"":""@FreightElevator_8SCU""}","{""guid"":""a2e76ff9-a8d9-46ee-9063-570cd2a06678"",""name"":""Junior"",""minReputation"":250,""nameKey"":""RepStanding_TransportGuild_Rank2"",""includeWhenSharing"":true}",,,false,false,,10,,,,,"[{""resource"":""977fe39d1cc1"",""minSCU"":40,""maxSCU"":56,""maxContainerSize"":8},{""resource"":""c5ab7d0672fd"",""minSCU"":40,""maxSCU"":56,""maxContainerSize"":8}]",,,,,,1,,,1,,,,"[""Stanton""]",,,,,,1,1,
4ea082ba-3da1-402b-8853-efacd66b4a9f,HaulCargo_AToB_Waste_Scrap_Stanton2_SupplyGrade,,Hauling - Planetary,,Junior Rank - Direct Medium Cargo Haul,@Covalex_HaulCargo_AToB_title,"Hello,\n\nThere’s some junk waiting at a freight elevator in <EM4>[LOCATION]</EM4> that needs to go to a freight elevator at <EM4>[DESTINATION]</EM4> for processing. I've confirmed that the containers won't be bigger than <EM4>8 SCU</EM4>. \n\nMy mom would’ve loved this run. She’s one of those who thinks every scrapyard is filled with hidden treasures. Can’t even tell you how many hours I spent bored out of my mind following her around one. If that’s your thing, here’s a chance to actually make credits going to one.\n\nBy the way, we strongly encourage contractors to bring a <EM4>handheld tractor beam</EM4> along.   \n \nThanks in advance for ensuring prompt service,\n\nChase Hewitt\nJr. Logistics Coordinator\nCovalex Shipping  \n'Anything you need, anywhere you need it.'\n\nCovalex Shipping is a limited liability corporation. To encourage timely deliveries and prevent fraud on cargo hauls, Covalex Shipping will set a delivery time limit and upon expiration, any undelivered cargo will be considered stolen and treated as such. Total payment will be prorated according to the percentage of cargo successfully delivered.",@Covalex_HaulCargo_AToB_Scrap,Covalex_HaulCargo_AToB_Scrap,73000,,1,,3b2f7882-73cc-41a4-9dce-f188d927e905,"[""11a4696ac43c"",""e2c9d59de95f"",""15a181728888""]","[""667f49ab8f80"",""7e6f1702d348"",""4ea94651f661"",""cc76fc07b471"",""db17a1be6e86"",""dc43d22c47ef"",""e63d2da1ad36"",""32e3bb3ae27a"",""1103fb160dd6"",""fdefa8299d0b"",""2ed683252564""]","{""location"":[{""guid"":""c15033ab-2eb3-4d6d-b882-0cb336e67ed8"",""name"":""Crusader"",""navIcon"":""Planet"",""star"":{""guid"":""34ff378f-faee-47bb-b5fe-f505e665c5ca"",""name"":""Stanton"",""navIcon"":""Star""}}]}","{""CargoRouteToken"":""@HaulCargo_CargoRoute_Planetary"",""CargoGradeToken"":""@HaulCargo_CargoGrade_Supply"",""ReputationRank"":""@RepStanding_TransportGuild_Rank2"",""MissionMaxSCUSize"":""@FreightElevator_8SCU""}","{""guid"":""a2e76ff9-a8d9-46ee-9063-570cd2a06678"",""name"":""Junior"",""minReputation"":250,""nameKey"":""RepStanding_TransportGuild_Rank2"",""includeWhenSharing"":true}",,,false,false,,10,,,,,"[{""resource"":""c5ab7d0672fd"",""minSCU"":80,""maxSCU"":112,""maxContainerSize"":8}]",,,,,,1,,,1,,,,"[""Stanton""]",,,,,,1,1,
9d75f5b4-f783-4fe3-a78d-598e65ce84a5,HaulCargo_AToB_Waste_Waste_Stanton1_SupplyGrade,,Hauling - Planetary,,Junior Rank - Direct Medium Cargo Haul,@Covalex_HaulCargo_AToB_title,"Hello,\n\nNeed a contractor for a simple cargo haul going from a freight elevator at <EM4>[LOCATION]</EM4> to a freight elevator at <EM4>[DESTINATION]</EM4>. At most the containers will be <EM4>8 SCU</EM4> in size. \n\nAlso, we strongly encourage contractors to bring a <EM4>handheld tractor beam</EM4> along. \n\nAny chance you’re available to take care of it for us?\n\n[SIGN_OFF]\n\nChase Hewitt\nJr. Logistics Coordinator\nCovalex Shipping  \n'Anything you need, anywhere you need it.'\n\nCovalex Shipping is a limited liability corporation. To encourage timely deliveries and prevent fraud on cargo hauls, Covalex Shipping will set a delivery time limit and upon expiration, any undelivered cargo will be considered stolen and treated as such. Total payment will be prorated according to the percentage of cargo successfully delivered.",@HaulCargo_AtoB_desc,Covalex_HaulCargo_AToB_desc_01,56750,,1,,3b2f7882-73cc-41a4-9dce-f188d927e905,"[""7835df714e97"",""0d2b87d23586"",""e63f435dad19"",""81c9737b5e34"",""a2526a698135"",""3089bd5b242c"",""d7f6e64900b0"",""5acdaddce185"",""33fb69c82e7b"",""cc32f6b0f1d8"",""3ec008299c9d"",""aea1218cee3a"",""761b9df55b2f"",""39f8c2d327c8"",""cdb0b3a60f0a"",""5cd7f648cb37""]","[""ffd2d63ccf28"",""7c7107f9f580"",""7e6f1702d348"",""cc76fc07b471"",""db17a1be6e86"",""d819ce4e66cf"",""e63d2da1ad36"",""32e3bb3ae27a"",""2ed683252564"",""de212bfbf4b5"",""bbd717ea0069""]","{""location"":[{""guid"":""551af60b-7727-4936-acc7-763d25d7a1de"",""name"":""Hurston"",""navIcon"":""Planet"",""star"":{""guid"":""34ff378f-faee-47bb-b5fe-f505e665c5ca"",""name"":""Stanton"",""navIcon"":""Star""}}]}","{""CargoRouteToken"":""@HaulCargo_CargoRoute_Planetary"",""CargoGradeToken"":""@HaulCargo_CargoGrade_Supply"",""ReputationRank"":""@RepStanding_TransportGuild_Rank2"",""MissionMaxSCUSize"":""@FreightElevator_8SCU""}","{""guid"":""a2e76ff9-a8d9-46ee-9063-570cd2a06678"",""name"":""Junior"",""minReputation"":250,""nameKey"":""RepStanding_TransportGuild_Rank2"",""includeWhenSharing"":true}",,,false,false,,10,,,,,"[{""resource"":""977fe39d1cc1"",""minSCU"":56,""maxSCU"":64,""maxContainerSize"":8}]",,,,,,1,,,1,,,,,,,,,,1,1,
0466b429-89a3-4d4b-a298-d1870092d0e1,HaulCargo_AToB_Gas_Hydrogen_Stanton4_SmallGrade1,,Hauling - Local,,Junior Rank - Direct Small Cargo Haul,@Covalex_HaulCargo_AToB_title,"Hello,\n\nNeed a contractor for a simple cargo haul going from a freight elevator at <EM4>[LOCATION]</EM4> to a freight elevator at <EM4>[DESTINATION]</EM4>. At most the containers will be <EM4>4 SCU</EM4> in size. \n\nAlso, we strongly encourage contractors to bring a <EM4>handheld tractor beam</EM4> along. \n\nAny chance you’re available to take care of it for us?\n\n[SIGN_OFF]\n\nChase Hewitt\nJr. Logistics Coordinator\nCovalex Shipping  \n'Anything you need, anywhere you need it.'\n\nCovalex Shipping is a limited liability corporation. To encourage timely deliveries and prevent fraud on cargo hauls, Covalex Shipping will set a delivery time limit and upon expiration, any undelivered cargo will be considered stolen and treated as such. Total payment will be prorated according to the percentage of cargo successfully delivered.",@HaulCargo_AtoB_desc,Covalex_HaulCargo_AToB_desc_01,60750,,1,,3b2f7882-73cc-41a4-9dce-f188d927e905,"[""33fb69c82e7b"",""7835df714e97"",""344489ef2811"",""5cd7f648cb37"",""cdb0b3a60f0a"",""761b9df55b2f"",""3089bd5b242c"",""e63f435dad19"",""a2526a698135"",""0d2b87d23586""]",,"{""location"":[{""guid"":""5a529db7-1a4e-45b0-bdcb-a5a0c7a7fc57"",""name"":""microTech"",""navIcon"":""Planet"",""star"":{""guid"":""34ff378f-faee-47bb-b5fe-f505e665c5ca"",""name"":""Stanton"",""navIcon"":""Star""}}]}","{""CargoRouteToken"":""@HaulCargo_CargoRoute_Local"",""CargoGradeToken"":""@HaulCargo_CargoGrade_Small"",""ReputationRank"":""@RepStanding_TransportGuild_Rank2"",""MissionMaxSCUSize"":""@FreightElevator_4SCU""}","{""guid"":""a2e76ff9-a8d9-46ee-9063-570cd2a06678"",""name"":""Junior"",""minReputation"":250,""nameKey"":""RepStanding_TransportGuild_Rank2"",""includeWhenSharing"":true}",,,false,false,,5,,,,,"[{""resource"":""e4ce2ac56db8"",""minSCU"":14,""maxSCU"":32,""maxContainerSize"":4}]",,,,,,1,,,1,,,,,,,,,,1,1,
a037ca99-190c-4cbe-afe2-ff4aa401d536,HaulCargo_AToB_Gas_Oxygen_Stanton4_SmallGrade1,,Hauling - Local,,Junior Rank - Direct Small Cargo Haul,@Covalex_HaulCargo_AToB_title,"Hello,\n\nNeed a contractor for a simple cargo haul going from a freight elevator at <EM4>[LOCATION]</EM4> to a freight elevator at <EM4>[DESTINATION]</EM4>. At most the containers will be <EM4>4 SCU</EM4> in size. \n\nAlso, we strongly encourage contractors to bring a <EM4>handheld tractor beam</EM4> along. \n\nAny chance you’re available to take care of it for us?\n\n[SIGN_OFF]\n\nChase Hewitt\nJr. Logistics Coordinator\nCovalex Shipping  \n'Anything you need, anywhere you need it.'\n\nCovalex Shipping is a limited liability corporation. To encourage timely deliveries and prevent fraud on cargo hauls, Covalex Shipping will set a delivery time limit and upon expiration, any undelivered cargo will be considered stolen and treated as such. Total payment will be prorated according to the percentage of cargo successfully delivered.",@HaulCargo_AtoB_desc,Covalex_HaulCargo_AToB_desc_01,52500,,1,,3b2f7882-73cc-41a4-9dce-f188d927e905,"[""33fb69c82e7b"",""7835df714e97"",""344489ef2811"",""5cd7f648cb37"",""cdb0b3a60f0a"",""761b9df55b2f"",""3089bd5b242c"",""e63f435dad19"",""a2526a698135"",""0d2b87d23586""]",,"{""location"":[{""guid"":""5a529db7-1a4e-45b0-bdcb-a5a0c7a7fc57"",""name"":""microTech"",""navIcon"":""Planet"",""star"":{""guid"":""34ff378f-faee-47bb-b5fe-f505e665c5ca"",""name"":""Stanton"",""navIcon"":""Star""}}]}","{""CargoRouteToken"":""@HaulCargo_CargoRoute_Local"",""CargoGradeToken"":""@HaulCargo_CargoGrade_Small"",""ReputationRank"":""@RepStanding_TransportGuild_Rank2"",""MissionMaxSCUSize"":""@FreightElevator_4SCU""}","{""guid"":""a2e76ff9-a8d9-46ee-9063-570cd2a06678"",""name"":""Junior"",""minReputation"":250,""nameKey"":""RepStanding_TransportGuild_Rank2"",""includeWhenSharing"":true}",,,false,false,,5,,,,,"[{""resource"":null,""minSCU"":8,""maxSCU"":16,""maxContainerSize"":4}]",,,,,,1,,,1,,,,,,,,,,1,1,
d59f1d24-5241-4b64-9a55-f937205727e9,HaulCargo_AToB_Processed_AgriculturalSupplies_Stanton4_SmallGrade1,,Hauling - Local,,Junior Rank - Direct Small Cargo Haul,@Covalex_HaulCargo_AToB_title,"Hello,\n\nNeed a contractor for a simple cargo haul going from a freight elevator at <EM4>[LOCATION]</EM4> to a freight elevator at <EM4>[DESTINATION]</EM4>. At most the containers will be <EM4>4 SCU</EM4> in size. \n\nAlso, we strongly encourage contractors to bring a <EM4>handheld tractor beam</EM4> along. \n\nAny chance you’re available to take care of it for us?\n\n[SIGN_OFF]\n\nChase Hewitt\nJr. Logistics Coordinator\nCovalex Shipping  \n'Anything you need, anywhere you need it.'\n\nCovalex Shipping is a limited liability corporation. To encourage timely deliveries and prevent fraud on cargo hauls, Covalex Shipping will set a delivery time limit and upon expiration, any undelivered cargo will be considered stolen and treated as such. Total payment will be prorated according to the percentage of cargo successfully delivered.",@HaulCargo_AtoB_desc,Covalex_HaulCargo_AToB_desc_01,52500,,1,,3b2f7882-73cc-41a4-9dce-f188d927e905,"[""33fb69c82e7b"",""7835df714e97"",""344489ef2811"",""5cd7f648cb37"",""cdb0b3a60f0a"",""761b9df55b2f"",""3089bd5b242c"",""e63f435dad19"",""a2526a698135"",""0d2b87d23586"",""15a181728888""]","[""7e6f1702d348""]","{""location"":[{""guid"":""5a529db7-1a4e-45b0-bdcb-a5a0c7a7fc57"",""name"":""microTech"",""navIcon"":""Planet"",""star"":{""guid"":""34ff378f-faee-47bb-b5fe-f505e665c5ca"",""name"":""Stanton"",""navIcon"":""Star""}}]}","{""CargoRouteToken"":""@HaulCargo_CargoRoute_Local"",""CargoGradeToken"":""@HaulCargo_CargoGrade_Small"",""ReputationRank"":""@RepStanding_TransportGuild_Rank2"",""MissionMaxSCUSize"":""@FreightElevator_4SCU""}","{""guid"":""a2e76ff9-a8d9-46ee-9063-570cd2a06678"",""name"":""Junior"",""minReputation"":250,""nameKey"":""RepStanding_TransportGuild_Rank2"",""includeWhenSharing"":true}",,,false,false,,5,,,,,"[{""resource"":""7b27b1113342"",""minSCU"":8,""maxSCU"":16,""maxContainerSize"":4}]",,,,,,1,,,1,,,,"[""Stanton""]",,,,,,1,1,
b5eb95f8-8a72-4524-b535-50cf272363f8,HaulCargo_AToB_Processed_Mixed_PressIceProcFood_Stanton1_SmallGrade2,,Hauling - Local,,Junior Rank - Direct Small Cargo Haul,@Covalex_HaulCargo_AToB_title,"Hello,\n\nNeed a contractor for a simple cargo haul going from a freight elevator at <EM4>[LOCATION]</EM4> to a freight elevator at <EM4>[DESTINATION]</EM4>. At most the containers will be <EM4>4 SCU</EM4> in size. \n\nAlso, we strongly encourage contractors to bring a <EM4>handheld tractor beam</EM4> along. \n\nAny chance you’re available to take care of it for us?\n\n[SIGN_OFF]\n\nChase Hewitt\nJr. Logistics Coordinator\nCovalex Shipping  \n'Anything you need, anywhere you need it.'\n\nCovalex Shipping is a limited liability corporation. To encourage timely deliveries and prevent fraud on cargo hauls, Covalex Shipping will set a delivery time limit and upon expiration, any undelivered cargo will be considered stolen and treated as such. Total payment will be prorated according to the percentage of cargo successfully delivered.",@HaulCargo_AtoB_desc,Covalex_HaulCargo_AToB_desc_01,60750,,1,,3b2f7882-73cc-41a4-9dce-f188d927e905,"[""5acdaddce185"",""33fb69c82e7b"",""761b9df55b2f"",""cdb0b3a60f0a"",""3089bd5b242c"",""0d2b87d23586"",""7835df714e97"",""cc32f6b0f1d8"",""e63f435dad19"",""344489ef2811"",""5cd7f648cb37"",""a2526a698135""]","[""e242eae00bfc"",""aef2b32d2479"",""ef0e5e890240"",""dba6f40b52a0"",""84355f2b6158"",""99f42c1cf91f"",""4ea94651f661"",""5992d6926718"",""34b3eeecd6d2"",""44282c75228d"",""018d85504640"",""045624ecf3ed"",""d9dc3fbda8f0"",""667f49ab8f80"",""6e9a35b86327"",""0e706a121005"",""79cc2b9ecbae"",""6d540401a482"",""3644c6b823f3"",""3cab6cb3c9c7"",""1103fb160dd6"",""c541444e38cb"",""fdefa8299d0b"",""ed41cf58772b"",""e1f1c2a722d5"",""cc7b55cdb1bf"",""a665ee0ac6de"",""b078bb43496c"",""f80fc0a34790"",""b99d01bd4712"",""c7bb4a68ec1c"",""abb192889356"",""1ad31cfb44e5"",""2e8a69953ce4"",""b6b85246fc3f"",""49b9a33a59f3"",""889e7b4f710f"",""ac581b7b935a"",""b48a0175f686""]","{""location"":[{""guid"":""551af60b-7727-4936-acc7-763d25d7a1de"",""name"":""Hurston"",""navIcon"":""Planet"",""star"":{""guid"":""34ff378f-faee-47bb-b5fe-f505e665c5ca"",""name"":""Stanton"",""navIcon"":""Star""}}]}","{""CargoRouteToken"":""@HaulCargo_CargoRoute_Local"",""CargoGradeToken"":""@HaulCargo_CargoGrade_Small"",""ReputationRank"":""@RepStanding_TransportGuild_Rank2"",""MissionMaxSCUSize"":""@FreightElevator_4SCU""}","{""guid"":""a2e76ff9-a8d9-46ee-9063-570cd2a06678"",""name"":""Junior"",""minReputation"":250,""nameKey"":""RepStanding_TransportGuild_Rank2"",""includeWhenSharing"":true}",,,false,false,,5,,,,,"[{""resource"":""6bc315f54d54"",""minSCU"":7,""maxSCU"":16,""maxContainerSize"":4},{""resource"":""b791e5d84f22"",""minSCU"":7,""maxSCU"":16,""maxContainerSize"":4}]",,,,,,1,,,1,,,,"[""Stanton""]",,,,,,1,1,
27004406-b524-4f02-8cf3-f2f627bdf233,HaulCargo_AToB_Processed_Mixed_PressIceProcFood_Stanton4_SmallGrade2,,Hauling - Stellar,,Junior Rank - Direct Small Cargo Haul,@Covalex_HaulCargo_AToB_title,"Hello,\n\nNeed a contractor for a simple cargo haul going from a freight elevator at <EM4>[LOCATION]</EM4> to a freight elevator at <EM4>[DESTINATION]</EM4>. At most the containers will be <EM4>4 SCU</EM4> in size. \n\nAlso, we strongly encourage contractors to bring a <EM4>handheld tractor beam</EM4> along. \n\nAny chance you’re available to take care of it for us?\n\n[SIGN_OFF]\n\nChase Hewitt\nJr. Logistics Coordinator\nCovalex Shipping  \n'Anything you need, anywhere you need it.'\n\nCovalex Shipping is a limited liability corporation. To encourage timely deliveries and prevent fraud on cargo hauls, Covalex Shipping will set a delivery time limit and upon expiration, any undelivered cargo will be considered stolen and treated as such. Total payment will be prorated according to the percentage of cargo successfully delivered.",@HaulCargo_AtoB_desc,Covalex_HaulCargo_AToB_desc_01,49500,,1,,3b2f7882-73cc-41a4-9dce-f188d927e905,,"[""018f9a8014f4"",""f6d49b8ef987"",""afc85b274a27"",""51c7fcbf4b91"",""f14fda6625d9""]","{""location"":null}","{""CargoRouteToken"":""@HaulCargo_CargoRoute_Solar"",""CargoGradeToken"":""@HaulCargo_CargoGrade_Small"",""ReputationRank"":""@RepStanding_TransportGuild_Rank2"",""MissionMaxSCUSize"":""@FreightElevator_4SCU""}","{""guid"":""a2e76ff9-a8d9-46ee-9063-570cd2a06678"",""name"":""Junior"",""minReputation"":250,""nameKey"":""RepStanding_TransportGuild_Rank2"",""includeWhenSharing"":true}",,,false,false,,5,,,,,"[{""resource"":""6bc315f54d54"",""minSCU"":7,""maxSCU"":16,""maxContainerSize"":4},{""resource"":""b791e5d84f22"",""minSCU"":7,""maxSCU"":16,""maxContainerSize"":4}]",,,,,,1,,,1,,,,,,,,,,1,1,
1648e49b-8cf1-4133-b529-4040479dcb58,HaulCargo_AToB_Processed_Mixed_QTFuelHydroFuelShipAmmo_Stanton1_SmallGrade,,Hauling - Local,,Junior Rank - Direct Small Cargo Haul,@Covalex_HaulCargo_AToB_title,"Hello,\n\nNeed a contractor for a simple cargo haul going from a freight elevator at <EM4>[LOCATION]</EM4> to a freight elevator at <EM4>[DESTINATION]</EM4>. At most the containers will be <EM4>4 SCU</EM4> in size. \n\nAlso, we strongly encourage contractors to bring a <EM4>handheld tractor beam</EM4> along. \n\nAny chance you’re available to take care of it for us?\n\n[SIGN_OFF]\n\nChase Hewitt\nJr. Logistics Coordinator\nCovalex Shipping  \n'Anything you need, anywhere you need it.'\n\nCovalex Shipping is a limited liability corporation. To encourage timely deliveries and prevent fraud on cargo hauls, Covalex Shipping will set a delivery time limit and upon expiration, any undelivered cargo will be considered stolen and treated as such. Total payment will be prorated according to the percentage of cargo successfully delivered.",@HaulCargo_AtoB_desc,Covalex_HaulCargo_AToB_desc_01,60750,,1,,3b2f7882-73cc-41a4-9dce-f188d927e905,"[""5acdaddce185"",""33fb69c82e7b"",""761b9df55b2f"",""cdb0b3a60f0a"",""3089bd5b242c"",""0d2b87d23586"",""7835df714e97"",""cc32f6b0f1d8"",""e63f435dad19"",""344489ef2811"",""5cd7f648cb37"",""a2526a698135""]","[""e242eae00bfc"",""aef2b32d2479"",""c38446d75efc"",""ef0e5e890240"",""dba6f40b52a0"",""84355f2b6158"",""99f42c1cf91f"",""5992d6926718"",""34b3eeecd6d2"",""44282c75228d"",""018d85504640"",""045624ecf3ed"",""d9dc3fbda8f0"",""7a1dafeca23f"",""6e9a35b86327"",""0e706a121005"",""79cc2b9ecbae"",""6d540401a482"",""3644c6b823f3"",""3cab6cb3c9c7"",""c541444e38cb"",""ed41cf58772b"",""e1f1c2a722d5"",""cc7b55cdb1bf"",""a665ee0ac6de"",""b078bb43496c"",""f80fc0a34790"",""b99d01bd4712"",""c7bb4a68ec1c"",""abb192889356"",""1ad31cfb44e5"",""2e8a69953ce4"",""b6b85246fc3f"",""49b9a33a59f3"",""889e7b4f710f"",""ac581b7b935a"",""b48a0175f686""]","{""location"":[{""guid"":""551af60b-7727-4936-acc7-763d25d7a1de"",""name"":""Hurston"",""navIcon"":""Planet"",""star"":{""guid"":""34ff378f-faee-47bb-b5fe-f505e665c5ca"",""name"":""Stanton"",""navIcon"":""Star""}}]}","{""CargoRouteToken"":""@HaulCargo_CargoRoute_Local"",""CargoGradeToken"":""@HaulCargo_CargoGrade_Small"",""ReputationRank"":""@RepStanding_TransportGuild_Rank2"",""MissionMaxSCUSize"":""@FreightElevator_4SCU""}","{""guid"":""a2e76ff9-a8d9-46ee-9063-570cd2a06678"",""name"":""Junior"",""minReputation"":250,""nameKey"":""RepStanding_TransportGuild_Rank2"",""includeWhenSharing"":true}",,,false,false,,5,,,,,"[{""resource"":""7f13bf4d94d1"",""minSCU"":5,""maxSCU"":11,""maxContainerSize"":4},{""resource"":""b1e6f847e239"",""minSCU"":5,""maxSCU"":11,""maxContainerSize"":4},{""resource"":""a1e8ada12409"",""minSCU"":4,""maxSCU"":10,""maxContainerSize"":4}]",,,,,,1,,,1,,,,"[""Stanton""]",,,,,,1,1,
cbd6dd27-bc3a-490d-a699-03e05c5fe4b0,HaulCargo_AToB_Processed_PressurizedIce_Stanton_SmallGrade,,Hauling - Stellar,,Junior Rank - Direct Small Cargo Haul,@Covalex_HaulCargo_AToB_title,"Hello,\n\nNeed a contractor for a simple cargo haul going from a freight elevator at <EM4>[LOCATION]</EM4> to a freight elevator at <EM4>[DESTINATION]</EM4>. At most the containers will be <EM4>4 SCU</EM4> in size. \n\nAlso, we strongly encourage contractors to bring a <EM4>handheld tractor beam</EM4> along. \n\nAny chance you’re available to take care of it for us?\n\n[SIGN_OFF]\n\nChase Hewitt\nJr. Logistics Coordinator\nCovalex Shipping  \n'Anything you need, anywhere you need it.'\n\nCovalex Shipping is a limited liability corporation. To encourage timely deliveries and prevent fraud on cargo hauls, Covalex Shipping will set a delivery time limit and upon expiration, any undelivered cargo will be considered stolen and treated as such. Total payment will be prorated according to the percentage of cargo successfully delivered.",@HaulCargo_AtoB_desc,Covalex_HaulCargo_AToB_desc_01,52250,,1,,3b2f7882-73cc-41a4-9dce-f188d927e905,"[""32d25a8fa1b9""]","[""e242eae00bfc"",""cdbe5c5a9cc4"",""aef2b32d2479"",""ef0e5e890240"",""dba6f40b52a0"",""7c7107f9f580"",""10b299e2ccf9"",""84355f2b6158"",""7e6f1702d348"",""99f42c1cf91f"",""4ea94651f661"",""4c989742e9ab"",""a135f4e98ad2"",""5992d6926718"",""34b3eeecd6d2"",""44282c75228d"",""018d85504640"",""e95b4a8986f3"",""581b65066988"",""045624ecf3ed"",""cc76fc07b471"",""db17a1be6e86"",""b59e5f3521ad"",""d9dc3fbda8f0"",""0fcc1d84a327"",""667f49ab8f80"",""6e9a35b86327"",""0e706a121005"",""79cc2b9ecbae"",""e63d2da1ad36"",""6d540401a482"",""3644c6b823f3"",""32e3bb3ae27a"",""3cab6cb3c9c7"",""018f9a8014f4"",""d56b03ec64ca"",""b3580d2b56f8"",""1103fb160dd6"",""360e510ac13b"",""c541444e38cb"",""8126806f382a"",""fdefa8299d0b"",""ed41cf58772b"",""f6d49b8ef987"",""269b504a4b6b"",""e1f1c2a722d5"",""baff0c674b66"",""cc7b55cdb1bf"",""afc85b274a27"",""a665ee0ac6de"",""59ce884e5a53"",""b078bb43496c"",""8ed6f459e7a4"",""51c7fcbf4b91"",""f80fc0a34790"",""cd6ab6ce61a7"",""b99d01bd4712"",""c7bb4a68ec1c"",""abb192889356"",""4a0bccec3491"",""f14fda6625d9"",""2ed683252564"",""02c36d96275b"",""1ad31cfb44e5"",""2e8a69953ce4"",""b6b85246fc3f"",""de212bfbf4b5"",""4411e7a6a465"",""49b9a33a59f3"",""889e7b4f710f"",""ac581b7b935a"",""bbd717ea0069"",""757b267eceb1"",""b48a0175f686""]","{""location"":[{""guid"":""34ff378f-faee-47bb-b5fe-f505e665c5ca"",""name"":""Stanton"",""navIcon"":""Star""}]}","{""CargoRouteToken"":""@HaulCargo_CargoRoute_Solar"",""CargoGradeToken"":""@HaulCargo_CargoGrade_Small"",""ReputationRank"":""@RepStanding_TransportGuild_Rank2"",""MissionMaxSCUSize"":""@FreightElevator_4SCU""}","{""guid"":""a2e76ff9-a8d9-46ee-9063-570cd2a06678"",""name"":""Junior"",""minReputation"":250,""nameKey"":""RepStanding_TransportGuild_Rank2"",""includeWhenSharing"":true}",,,false,false,,5,,,,,"[{""resource"":""6bc315f54d54"",""minSCU"":14,""maxSCU"":32,""maxContainerSize"":4}]",,,,,,1,,,1,,,,"[""Stanton""]",,,,,,1,1,
5d8a3a27-9378-420c-8044-b0eb54b68baf,HaulCargo_AToB_Processed_PressurizedIce_Stanton2_SmallGrade,,Hauling - Planetary,,Junior Rank - Direct Small Cargo Haul,@Covalex_HaulCargo_AToB_title,"Hello,\n\nNeed a contractor for a simple cargo haul going from a freight elevator at <EM4>[LOCATION]</EM4> to a freight elevator at <EM4>[DESTINATION]</EM4>. At most the containers will be <EM4>4 SCU</EM4> in size. \n\nAlso, we strongly encourage contractors to bring a <EM4>handheld tractor beam</EM4> along. \n\nAny chance you’re available to take care of it for us?\n\n[SIGN_OFF]\n\nChase Hewitt\nJr. Logistics Coordinator\nCovalex Shipping  \n'Anything you need, anywhere you need it.'\n\nCovalex Shipping is a limited liability corporation. To encourage timely deliveries and prevent fraud on cargo hauls, Covalex Shipping will set a delivery time limit and upon expiration, any undelivered cargo will be considered stolen and treated as such. Total payment will be prorated according to the percentage of cargo successfully delivered.",@HaulCargo_AtoB_desc,Covalex_HaulCargo_AToB_desc_01,53500,,1,,3b2f7882-73cc-41a4-9dce-f188d927e905,"[""cf31285ae831"",""8539750b0e1f"",""d05dd7e33838"",""826e7730f4b1"",""5ca2c505eaa1"",""869d31d9ae5e"",""f2d7471c5237"",""e3e069ac0d03"",""d349a20587a2"",""34cb23f0c792"",""05f61731da71"",""377f888147ba"",""24306b409b9e"",""5d8ef661906b"",""b8e16f5b9462"",""3da7101c169c"",""b4de9ffe26a6"",""6f0073ad1367"",""a49dc6443322"",""9c1625ca0878"",""cc0b084257c7"",""92c7acde31c8""]","[""e242eae00bfc"",""cdbe5c5a9cc4"",""aef2b32d2479"",""ef0e5e890240"",""dba6f40b52a0"",""7c7107f9f580"",""10b299e2ccf9"",""84355f2b6158"",""7e6f1702d348"",""99f42c1cf91f"",""4ea94651f661"",""4c989742e9ab"",""a135f4e98ad2"",""5992d6926718"",""34b3eeecd6d2"",""44282c75228d"",""018d85504640"",""e95b4a8986f3"",""581b65066988"",""045624ecf3ed"",""cc76fc07b471"",""db17a1be6e86"",""b59e5f3521ad"",""d9dc3fbda8f0"",""0fcc1d84a327"",""667f49ab8f80"",""6e9a35b86327"",""0e706a121005"",""79cc2b9ecbae"",""e63d2da1ad36"",""6d540401a482"",""3644c6b823f3"",""32e3bb3ae27a"",""3cab6cb3c9c7"",""018f9a8014f4"",""d56b03ec64ca"",""b3580d2b56f8"",""1103fb160dd6"",""360e510ac13b"",""c541444e38cb"",""8126806f382a"",""fdefa8299d0b"",""ed41cf58772b"",""f6d49b8ef987"",""269b504a4b6b"",""e1f1c2a722d5"",""baff0c674b66"",""cc7b55cdb1bf"",""afc85b274a27"",""a665ee0ac6de"",""59ce884e5a53"",""b078bb43496c"",""8ed6f459e7a4"",""51c7fcbf4b91"",""f80fc0a34790"",""cd6ab6ce61a7"",""b99d01bd4712"",""c7bb4a68ec1c"",""abb192889356"",""4a0bccec3491"",""f14fda6625d9"",""2ed683252564"",""02c36d96275b"",""1ad31cfb44e5"",""2e8a69953ce4"",""b6b85246fc3f"",""de212bfbf4b5"",""4411e7a6a465"",""49b9a33a59f3"",""889e7b4f710f"",""ac581b7b935a"",""bbd717ea0069"",""757b267eceb1"",""b48a0175f686""]","{""location"":[{""guid"":""c15033ab-2eb3-4d6d-b882-0cb336e67ed8"",""name"":""Crusader"",""navIcon"":""Planet"",""star"":{""guid"":""34ff378f-faee-47bb-b5fe-f505e665c5ca"",""name"":""Stanton"",""navIcon"":""Star""}}]}","{""CargoRouteToken"":""@HaulCargo_CargoRoute_Planetary"",""CargoGradeToken"":""@HaulCargo_CargoGrade_Small"",""ReputationRank"":""@RepStanding_TransportGuild_Rank2"",""MissionMaxSCUSize"":""@FreightElevator_4SCU""}","{""guid"":""a2e76ff9-a8d9-46ee-9063-570cd2a06678"",""name"":""Junior"",""minReputation"":250,""nameKey"":""RepStanding_TransportGuild_Rank2"",""includeWhenSharing"":true}",,,false,false,,5,,,,,"[{""resource"":""6bc315f54d54"",""minSCU"":14,""maxSCU"":32,""maxContainerSize"":4}]",,,,,,1,,,1,,,,"[""Stanton""]",,,,,,1,1,
0c9b4da4-731e-47ce-8fd2-6984d6200a4a,HaulCargo_AToB_Processed_Stims_Stanton1_SmallGrade2,,Hauling - Local,,Junior Rank - Direct Small Cargo Haul,@Covalex_HaulCargo_AToB_title,"Hello,\n\nNeed a contractor for a simple cargo haul going from a freight elevator at <EM4>[LOCATION]</EM4> to a freight elevator at <EM4>[DESTINATION]</EM4>. At most the containers will be <EM4>4 SCU</EM4> in size. \n\nAlso, we strongly encourage contractors to bring a <EM4>handheld tractor beam</EM4> along. \n\nAny chance you’re available to take care of it for us?\n\n[SIGN_OFF]\n\nChase Hewitt\nJr. Logistics Coordinator\nCovalex Shipping  \n'Anything you need, anywhere you need it.'\n\nCovalex Shipping is a limited liability corporation. To encourage timely deliveries and prevent fraud on cargo hauls, Covalex Shipping will set a delivery time limit and upon expiration, any undelivered cargo will be considered stolen and treated as such. Total payment will be prorated according to the percentage of cargo successfully delivered.",@HaulCargo_AtoB_desc,Covalex_HaulCargo_AToB_desc_01,52500,,1,,3b2f7882-73cc-41a4-9dce-f188d927e905,"[""5acdaddce185"",""33fb69c82e7b"",""761b9df55b2f"",""cdb0b3a60f0a"",""3089bd5b242c"",""0d2b87d23586"",""7835df714e97"",""cc32f6b0f1d8"",""e63f435dad19"",""344489ef2811"",""5cd7f648cb37"",""a2526a698135""]","[""e242eae00bfc"",""aef2b32d2479"",""c38446d75efc"",""ef0e5e890240"",""dba6f40b52a0"",""84355f2b6158"",""99f42c1cf91f"",""4ea94651f661"",""5992d6926718"",""34b3eeecd6d2"",""44282c75228d"",""018d85504640"",""045624ecf3ed"",""d9dc3fbda8f0"",""7a1dafeca23f"",""667f49ab8f80"",""6e9a35b86327"",""0e706a121005"",""79cc2b9ecbae"",""6d540401a482"",""3644c6b823f3"",""3cab6cb3c9c7"",""1103fb160dd6"",""c541444e38cb"",""fdefa8299d0b"",""ed41cf58772b"",""e1f1c2a722d5"",""cc7b55cdb1bf"",""a665ee0ac6de"",""b078bb43496c"",""f80fc0a34790"",""b99d01bd4712"",""c7bb4a68ec1c"",""abb192889356"",""1ad31cfb44e5"",""2e8a69953ce4"",""b6b85246fc3f"",""49b9a33a59f3"",""889e7b4f710f"",""ac581b7b935a"",""b48a0175f686""]","{""location"":[{""guid"":""551af60b-7727-4936-acc7-763d25d7a1de"",""name"":""Hurston"",""navIcon"":""Planet"",""star"":{""guid"":""34ff378f-faee-47bb-b5fe-f505e665c5ca"",""name"":""Stanton"",""navIcon"":""Star""}}]}","{""CargoRouteToken"":""@HaulCargo_CargoRoute_Local"",""CargoGradeToken"":""@HaulCargo_CargoGrade_Small"",""ReputationRank"":""@RepStanding_TransportGuild_Rank2"",""MissionMaxSCUSize"":""@FreightElevator_4SCU""}","{""guid"":""a2e76ff9-a8d9-46ee-9063-570cd2a06678"",""name"":""Junior"",""minReputation"":250,""nameKey"":""RepStanding_TransportGuild_Rank2"",""includeWhenSharing"":true}",,,false,false,,5,,,,,"[{""resource"":""33ac9b2f41af"",""minSCU"":8,""maxSCU"":16,""maxContainerSize"":4}]",,,,,,1,,,1,,,,"[""Stanton""]",,,,,,1,1,
98e55f87-44fb-47c9-97fd-262cc9251a64,HaulCargo_AToB_RawOre_Iron_Stanton1_SmallGrade,,Hauling - Local,,Junior Rank - Direct Small Cargo Haul,@Covalex_HaulCargo_AToB_title,"Hey,\n\nA Hurston logistics manager just requested priority pick up from their facility. Sounds like they struck a new vein of ore and need to make room for what they're extracting.\n\nThe raw ore needs to be moved from a freight elevator at <EM4>[LOCATION]</EM4> to a freight elevator at <EM4>[DESTINATION]</EM4>. Will be containers <EM4>4 SCU</EM4> or smaller. Sound like something you could handle? \n\nBy the way, we strongly encourage contractors to bring a <EM4>handheld tractor beam</EM4> along.   \n\nThanks in advance for ensuring prompt service,\n\nChase Hewitt\nJr. Logistics Coordinator\nCovalex Shipping  \n'Anything you need, anywhere you need it.'\n\nCovalex Shipping is a limited liability corporation. To encourage timely deliveries and prevent fraud on cargo hauls, Covalex Shipping will set a delivery time limit and upon expiration, any undelivered cargo will be considered stolen and treated as such. Total payment will be prorated according to the percentage of cargo successfully delivered.",@Covalex_HaulCargo_AtoB_desc_RawOre_Stanton1,Covalex_HaulCargo_AtoB_desc_RawOre_Stanton1,52500,,1,,3b2f7882-73cc-41a4-9dce-f188d927e905,"[""35c3ed47bd36""]","[""7c7107f9f580""]","{""location"":[{""guid"":""551af60b-7727-4936-acc7-763d25d7a1de"",""name"":""Hurston"",""navIcon"":""Planet"",""star"":{""guid"":""34ff378f-faee-47bb-b5fe-f505e665c5ca"",""name"":""Stanton"",""navIcon"":""Star""}}]}","{""CargoRouteToken"":""@HaulCargo_CargoRoute_Local"",""CargoGradeToken"":""@HaulCargo_CargoGrade_Small"",""ReputationRank"":""@RepStanding_TransportGuild_Rank2"",""MissionMaxSCUSize"":""@FreightElevator_4SCU""}","{""guid"":""a2e76ff9-a8d9-46ee-9063-570cd2a06678"",""name"":""Junior"",""minReputation"":250,""nameKey"":""RepStanding_TransportGuild_Rank2"",""includeWhenSharing"":true}",,,false,false,,5,,,,,"[{""resource"":""059d2d6be304"",""minSCU"":8,""maxSCU"":16,""maxContainerSize"":4}]",,,,,,1,,,1,,,,"[""Stanton""]",,,,,,1,1,
c31e88f3-32ae-49bc-8b5e-dabb106f3b75,HaulCargo_AToB_Waste_Mixed_ScrapWaste_Stanton4_SmallGrade,,Hauling - Local,,Junior Rank - Direct Small Cargo Haul,@Covalex_HaulCargo_AToB_title,"Hello,\n\nNeed a contractor for a simple cargo haul going from a freight elevator at <EM4>[LOCATION]</EM4> to a freight elevator at <EM4>[DESTINATION]</EM4>. At most the containers will be <EM4>4 SCU</EM4> in size. \n\nAlso, we strongly encourage contractors to bring a <EM4>handheld tractor beam</EM4> along. \n\nAny chance you’re available to take care of it for us?\n\n[SIGN_OFF]\n\nChase Hewitt\nJr. Logistics Coordinator\nCovalex Shipping  \n'Anything you need, anywhere you need it.'\n\nCovalex Shipping is a limited liability corporation. To encourage timely deliveries and prevent fraud on cargo hauls, Covalex Shipping will set a delivery time limit and upon expiration, any undelivered cargo will be considered stolen and treated as such. Total payment will be prorated according to the percentage of cargo successfully delivered.",@HaulCargo_AtoB_desc,Covalex_HaulCargo_AToB_desc_01,52500,,1,,3b2f7882-73cc-41a4-9dce-f188d927e905,"[""15a181728888""]","[""7e6f1702d348""]","{""location"":[{""guid"":""5a529db7-1a4e-45b0-bdcb-a5a0c7a7fc57"",""name"":""microTech"",""navIcon"":""Planet"",""star"":{""guid"":""34ff378f-faee-47bb-b5fe-f505e665c5ca"",""name"":""Stanton"",""navIcon"":""Star""}}]}","{""CargoRouteToken"":""@HaulCargo_CargoRoute_Local"",""CargoGradeToken"":""@HaulCargo_CargoGrade_Small"",""ReputationRank"":""@RepStanding_TransportGuild_Rank2"",""MissionMaxSCUSize"":""@FreightElevator_4SCU""}","{""guid"":""a2e76ff9-a8d9-46ee-9063-570cd2a06678"",""name"":""Junior"",""minReputation"":250,""nameKey"":""RepStanding_TransportGuild_Rank2"",""includeWhenSharing"":true}",,,false,false,,5,,,,,"[{""resource"":""977fe39d1cc1"",""minSCU"":4,""maxSCU"":8,""maxContainerSize"":4},{""resource"":""c5ab7d0672fd"",""minSCU"":4,""maxSCU"":8,""maxContainerSize"":4}]",,,,,,1,,,1,,,,"[""Stanton""]",,,,,,1,1,
42a3aff9-66c5-43e6-b270-c15e07746715,HaulCargo_AToB_Waste_Scrap_Stanton1_SmallGrade1,,Hauling - Local,,Junior Rank - Direct Small Cargo Haul,@Covalex_HaulCargo_AToB_title,"Hello,\n\nThere’s some junk waiting at a freight elevator in <EM4>[LOCATION]</EM4> that needs to go to a freight elevator at <EM4>[DESTINATION]</EM4> for processing. I've confirmed that the containers won't be bigger than <EM4>4 SCU</EM4>. \n\nMy mom would’ve loved this run. She’s one of those who thinks every scrapyard is filled with hidden treasures. Can’t even tell you how many hours I spent bored out of my mind following her around one. If that’s your thing, here’s a chance to actually make credits going to one.\n\nBy the way, we strongly encourage contractors to bring a <EM4>handheld tractor beam</EM4> along.   \n \nThanks in advance for ensuring prompt service,\n\nChase Hewitt\nJr. Logistics Coordinator\nCovalex Shipping  \n'Anything you need, anywhere you need it.'\n\nCovalex Shipping is a limited liability corporation. To encourage timely deliveries and prevent fraud on cargo hauls, Covalex Shipping will set a delivery time limit and upon expiration, any undelivered cargo will be considered stolen and treated as such. Total payment will be prorated according to the percentage of cargo successfully delivered.",@Covalex_HaulCargo_AToB_Scrap,Covalex_HaulCargo_AToB_Scrap,52500,,1,,3b2f7882-73cc-41a4-9dce-f188d927e905,"[""4232ef3f5070"",""7b1065d4eb0f"",""949780e0868b"",""f990880cbf69"",""b77eacfa4977"",""1747b8f71ca1"",""a7d1e6749e18""]","[""7e6f1702d348"",""4ea94651f661"",""cc76fc07b471"",""db17a1be6e86"",""dc43d22c47ef"",""667f49ab8f80"",""e63d2da1ad36"",""32e3bb3ae27a"",""1103fb160dd6"",""fdefa8299d0b"",""2ed683252564""]","{""location"":[{""guid"":""551af60b-7727-4936-acc7-763d25d7a1de"",""name"":""Hurston"",""navIcon"":""Planet"",""star"":{""guid"":""34ff378f-faee-47bb-b5fe-f505e665c5ca"",""name"":""Stanton"",""navIcon"":""Star""}}]}","{""CargoRouteToken"":""@HaulCargo_CargoRoute_Local"",""CargoGradeToken"":""@HaulCargo_CargoGrade_Small"",""ReputationRank"":""@RepStanding_TransportGuild_Rank2"",""MissionMaxSCUSize"":""@FreightElevator_4SCU""}","{""guid"":""a2e76ff9-a8d9-46ee-9063-570cd2a06678"",""name"":""Junior"",""minReputation"":250,""nameKey"":""RepStanding_TransportGuild_Rank2"",""includeWhenSharing"":true}",,,false,false,,5,,,,,"[{""resource"":""c5ab7d0672fd"",""minSCU"":8,""maxSCU"":16,""maxContainerSize"":4}]",,,,,,1,,,1,,,,"[""Stanton""]",,,,,,1,1,
59df1ef5-a562-4068-b469-99ec912ab557,HaulCargo_Multi2ToSingle_Waste_Waste_Stanton1_SmallGrade,,Hauling - Planetary,,Junior Rank - Extra Small Cargo Haul,@Covalex_HaulCargo_MultiToSingle_title,"Hello!\n\nThere’s a load of cargo (<EM4>1 SCU</EM4> or smaller) that needs to be delivered to a freight elevator at <EM4>[DESTINATION]</EM4>. The only thing is that the cargo is spread across a few locations, which I’ve listed out below.  \n\nPICK UP LOCATIONS (ANY ORDER)\n\n- Freight elevator at <EM4>[LOCATION]</EM4>\n- Freight elevator at <EM4>[LOCATION1]</EM4>\n\nMakes no difference what order you grab the stuff, as long as it’s all delivered.\n\nBy the way, we strongly encourage contractors to bring a <EM4>handheld tractor beam</EM4> along.   \n\n[SIGN_OFF]\n\nChase Hewitt\nJr. Logistics Coordinator\nCovalex Shipping  \n'Anything you need, anywhere you need it.'\n\nCovalex Shipping is a limited liability corporation. To encourage timely deliveries and prevent fraud on cargo hauls, Covalex Shipping will set a delivery time limit and upon expiration, any undelivered cargo will be considered stolen and treated as such. Total payment will be prorated according to the percentage of cargo successfully delivered.",@HaulCargo_MultiToSingle_desc,Covalex_HaulCargo_MultiToSingle_desc_01,76750,,1,,3b2f7882-73cc-41a4-9dce-f188d927e905,"[""7835df714e97"",""4232ef3f5070"",""0d2b87d23586"",""ae75a9615ad4"",""e63f435dad19"",""3fbaba77a0da"",""1471660bfb45"",""7b1065d4eb0f"",""949780e0868b"",""f7dad4439ff2"",""81c9737b5e34"",""a2526a698135"",""16fde5456b0a"",""3089bd5b242c"",""76c784260564"",""d7f6e64900b0"",""5acdaddce185"",""33fb69c82e7b"",""f19123defe4a"",""ee19dfae07ef"",""cc32f6b0f1d8"",""c84c5a15f614"",""3ec5c8c1369b"",""8d1dedc023b8"",""3ec008299c9d"",""aea1218cee3a"",""761b9df55b2f"",""6eb5e7ebb643"",""1761b008e795"",""074158cec93a"",""52f8d2283ff9"",""b6f6be76592e"",""c11688d881bf"",""f990880cbf69"",""c3290d4540ba"",""b06dcc2ca485"",""3c644a03b863"",""c1e3f879e9e9"",""39f8c2d327c8"",""6f5f8d62c936"",""cdb0b3a60f0a"",""b032e2028f41"",""14258351bb62"",""b77eacfa4977"",""8d06f1053e37"",""a023b94bd2be"",""3498b709fb3e"",""1747b8f71ca1"",""ea066c97ebc1"",""c14098aee7db"",""26b2197592b2"",""5cd7f648cb37"",""92bcd852cc11"",""585204620ef9"",""a7d1e6749e18"",""51f88114534b"",""8837081d9ab5"",""eaeb897a5b62"",""2f71a19ec7bb"",""d460d15a7d1b"",""f019a9e4ab38"",""e7b47cf6f5c5"",""cc65ecf5ece1""]","[""ffd2d63ccf28"",""7c7107f9f580"",""7e6f1702d348"",""cc76fc07b471"",""db17a1be6e86"",""d819ce4e66cf"",""e63d2da1ad36"",""32e3bb3ae27a"",""2ed683252564"",""de212bfbf4b5"",""bbd717ea0069""]","{""location"":[{""guid"":""551af60b-7727-4936-acc7-763d25d7a1de"",""name"":""Hurston"",""navIcon"":""Planet"",""star"":{""guid"":""34ff378f-faee-47bb-b5fe-f505e665c5ca"",""name"":""Stanton"",""navIcon"":""Star""}}]}","{""CargoRouteToken"":""@HaulCargo_CargoRoute_Planetary"",""CargoGradeToken"":""@HaulCargo_CargoGrade_ExtraSmall"",""ReputationRank"":""@RepStanding_TransportGuild_Rank2"",""MissionMaxSCUSize"":""@FreightElevator_1SCU"",""MultiToSingleToken"":""@HaulCargo_2_MultiToSingleToken""}","{""guid"":""a2e76ff9-a8d9-46ee-9063-570cd2a06678"",""name"":""Junior"",""minReputation"":250,""nameKey"":""RepStanding_TransportGuild_Rank2"",""includeWhenSharing"":true}",,,false,false,,5,,,,,"[{""resource"":""977fe39d1cc1"",""minSCU"":3,""maxSCU"":6,""maxContainerSize"":1},{""resource"":""977fe39d1cc1"",""minSCU"":3,""maxSCU"":6,""maxContainerSize"":1}]",,,,,,1,,,1,,,,"[""Stanton""]",,,,,,2,1,
0f1d3f57-30fb-4c55-a137-6d05db5fd834,HaulCargo_Multi2ToSingle_Waste_Waste_Stanton1_SupplyGrade,,Hauling - Planetary,,Junior Rank - Medium Cargo Haul,@Covalex_HaulCargo_MultiToSingle_title,"Hi,\n\nNeed the trash collected from a few Hurston locations and then taken to a freight elevator at <EM4>[DESTINATION]</EM4>. Don't worry, none of the containers are bigger than <EM4>8 SCU</EM4>.\n\nPICK UP LOCATIONS (ANY ORDER)\n\n- Freight elevator at <EM4>[LOCATION]</EM4>\n- Freight elevator at <EM4>[LOCATION1]</EM4>\n\nFun fact for you. Hurston is the only planet in Stanton that doesn’t separate their trash and scrap. One of their workers told me that the company did a cost-benefit analysis on it decades ago that determined it wasn’t worth putting a planet-wide system in place to facilitate it. Isn’t that the most Hurston thing ever?   \n\nBy the way, we strongly encourage contractors to bring a <EM4>handheld tractor beam</EM4> along.   \n\nThanks in advance for ensuring prompt service,\n\nChase Hewitt\nJr. Logistics Coordinator\nCovalex Shipping  \n'Anything you need, anywhere you need it.'\n\nCovalex Shipping is a limited liability corporation. To encourage timely deliveries and prevent fraud on cargo hauls, Covalex Shipping will set a delivery time limit and upon expiration, any undelivered cargo will be considered stolen and treated as such. Total payment will be prorated according to the percentage of cargo successfully delivered.",@Covalex_HaulCargo_MultiToSingle_Waste_Waste_Stanton1,Covalex_HaulCargo_MultiToSingle_Waste_Waste_Stanton1,71250,,1,,3b2f7882-73cc-41a4-9dce-f188d927e905,"[""7835df714e97"",""0d2b87d23586"",""e63f435dad19"",""81c9737b5e34"",""a2526a698135"",""3089bd5b242c"",""d7f6e64900b0"",""5acdaddce185"",""33fb69c82e7b"",""cc32f6b0f1d8"",""3ec008299c9d"",""aea1218cee3a"",""761b9df55b2f"",""39f8c2d327c8"",""cdb0b3a60f0a"",""5cd7f648cb37""]","[""ffd2d63ccf28"",""7c7107f9f580"",""7e6f1702d348"",""cc76fc07b471"",""db17a1be6e86"",""d819ce4e66cf"",""e63d2da1ad36"",""32e3bb3ae27a"",""2ed683252564"",""de212bfbf4b5"",""bbd717ea0069""]","{""location"":[{""guid"":""551af60b-7727-4936-acc7-763d25d7a1de"",""name"":""Hurston"",""navIcon"":""Planet"",""star"":{""guid"":""34ff378f-faee-47bb-b5fe-f505e665c5ca"",""name"":""Stanton"",""navIcon"":""Star""}}]}","{""CargoRouteToken"":""@HaulCargo_CargoRoute_Planetary"",""CargoGradeToken"":""@HaulCargo_CargoGrade_Supply"",""ReputationRank"":""@RepStanding_TransportGuild_Rank2"",""MissionMaxSCUSize"":""@FreightElevator_8SCU"",""MultiToSingleToken"":""@HaulCargo_2_MultiToSingleToken""}","{""guid"":""a2e76ff9-a8d9-46ee-9063-570cd2a06678"",""name"":""Junior"",""minReputation"":250,""nameKey"":""RepStanding_TransportGuild_Rank2"",""includeWhenSharing"":true}",,,false,false,,10,,,,,"[{""resource"":""977fe39d1cc1"",""minSCU"":28,""maxSCU"":32,""maxContainerSize"":8},{""resource"":""977fe39d1cc1"",""minSCU"":28,""maxSCU"":32,""maxContainerSize"":8}]",,,,,,1,,,1,,,,,,,,,,2,1,
3638431c-6506-47da-84d4-32d722bacad9,HaulCargo_SingleToMulti2_RefinedOre_Aluminium_Stanton_SupplyGrade,,Hauling - Stellar,,Junior Rank - Medium Cargo Haul,@Covalex_HaulCargo_SingleToMulti_title,"Hi there,\n\nThe refinery at <EM4>[LOCATION]</EM4> has been busy. They’ve processed a bunch of <EM4>Aluminum</EM4> into containers <EM4>8 SCU</EM4> or smaller, and are looking to get it shipped out from a freight elevator. I just checked with the LEOs to see which ones needed this stuff and was able to put together this run.  \n\nDROP OFF LOCATIONS (ANY ORDER)\n\n- Freight elevator at <EM4>[DESTINATION]</EM4>\n- Freight elevator at <EM4>[DESTINATION1]</EM4>\n\nShould be an easy run for you, if you’re free. \n\nBy the way, we strongly encourage contractors to bring a <EM4>handheld tractor beam</EM4> along.   \n\nThanks in advance for ensuring prompt service,\n\nChase Hewitt\nJr. Logistics Coordinator\nCovalex Shipping  \n'Anything you need, anywhere you need it.'\n\nCovalex Shipping is a limited liability corporation. To encourage timely deliveries and prevent fraud on cargo hauls, Covalex Shipping will set a delivery time limit and upon expiration, any undelivered cargo will be considered stolen and treated as such. Total payment will be prorated according to the percentage of cargo successfully delivered.",@Covalex_HaulCargo_SingleToMulti_RefinedOre,Covalex_HaulCargo_SingleToMulti_RefinedOre,66750,,1,,3b2f7882-73cc-41a4-9dce-f188d927e905,"[""d349a20587a2"",""a49dc6443322"",""cc0b084257c7""]","[""7c7107f9f580"",""10b299e2ccf9"",""db17a1be6e86"",""0fcc1d84a327"",""e63d2da1ad36"",""32e3bb3ae27a"",""d56b03ec64ca"",""0c19e0494d99"",""59ce884e5a53"",""8ed6f459e7a4"",""2ed683252564"",""de212bfbf4b5"",""bbd717ea0069""]","{""location"":[{""guid"":""34ff378f-faee-47bb-b5fe-f505e665c5ca"",""name"":""Stanton"",""navIcon"":""Star""}]}","{""CargoRouteToken"":""@HaulCargo_CargoRoute_Solar"",""CargoGradeToken"":""@HaulCargo_CargoGrade_Supply"",""ReputationRank"":""@RepStanding_TransportGuild_Rank2"",""MissionMaxSCUSize"":""@FreightElevator_8SCU"",""Item"":""@items_commodities_aluminum"",""SingleToMultiToken"":""@HaulCargo_2_SingleToMultiToken""}","{""guid"":""a2e76ff9-a8d9-46ee-9063-570cd2a06678"",""name"":""Junior"",""minReputation"":250,""nameKey"":""RepStanding_TransportGuild_Rank2"",""includeWhenSharing"":true}",,,false,false,,10,,,,,"[{""resource"":""114e57c0cc6e"",""minSCU"":40,""maxSCU"":56,""maxContainerSize"":8},{""resource"":""114e57c0cc6e"",""minSCU"":40,""maxSCU"":56,""maxContainerSize"":8}]",,,,,,1,,,1,,,,,,,,,,1,2,
1fe77d3d-35b2-4a74-8f5e-198c3fcb7004,HaulCargo_SingleToMulti2_RefinedOre_Aluminium_Stanton_SupplyGrade1,,Hauling - Stellar,,Junior Rank - Medium Cargo Haul,@Covalex_HaulCargo_SingleToMulti_title,"Hi there,\n\nThe refinery at <EM4>[LOCATION]</EM4> has been busy. They’ve processed a bunch of <EM4>Aluminum</EM4> into containers <EM4>8 SCU</EM4> or smaller, and are looking to get it shipped out from a freight elevator. I just checked with the LEOs to see which ones needed this stuff and was able to put together this run.  \n\nDROP OFF LOCATIONS (ANY ORDER)\n\n- Freight elevator at <EM4>[DESTINATION]</EM4>\n- Freight elevator at <EM4>[DESTINATION1]</EM4>\n\nShould be an easy run for you, if you’re free. \n\nBy the way, we strongly encourage contractors to bring a <EM4>handheld tractor beam</EM4> along.   \n\nThanks in advance for ensuring prompt service,\n\nChase Hewitt\nJr. Logistics Coordinator\nCovalex Shipping  \n'Anything you need, anywhere you need it.'\n\nCovalex Shipping is a limited liability corporation. To encourage timely deliveries and prevent fraud on cargo hauls, Covalex Shipping will set a delivery time limit and upon expiration, any undelivered cargo will be considered stolen and treated as such. Total payment will be prorated according to the percentage of cargo successfully delivered.",@Covalex_HaulCargo_SingleToMulti_RefinedOre,Covalex_HaulCargo_SingleToMulti_RefinedOre,64250,,1,,3b2f7882-73cc-41a4-9dce-f188d927e905,"[""939db9c047f8"",""4bb7d5766b7c"",""dfaa4ef80550"",""eda891a336d8"",""6d40795eef36""]","[""7c7107f9f580"",""10b299e2ccf9"",""db17a1be6e86"",""0fcc1d84a327"",""e63d2da1ad36"",""32e3bb3ae27a"",""d56b03ec64ca"",""0c19e0494d99"",""59ce884e5a53"",""8ed6f459e7a4"",""2ed683252564"",""de212bfbf4b5"",""bbd717ea0069""]","{""location"":[{""guid"":""34ff378f-faee-47bb-b5fe-f505e665c5ca"",""name"":""Stanton"",""navIcon"":""Star""}]}","{""CargoRouteToken"":""@HaulCargo_CargoRoute_Solar"",""CargoGradeToken"":""@HaulCargo_CargoGrade_Supply"",""ReputationRank"":""@RepStanding_TransportGuild_Rank2"",""MissionMaxSCUSize"":""@FreightElevator_8SCU"",""Item"":""@items_commodities_aluminum"",""SingleToMultiToken"":""@HaulCargo_2_SingleToMultiToken""}","{""guid"":""a2e76ff9-a8d9-46ee-9063-570cd2a06678"",""name"":""Junior"",""minReputation"":250,""nameKey"":""RepStanding_TransportGuild_Rank2"",""includeWhenSharing"":true}",,,false,false,,10,,,,,"[{""resource"":""114e57c0cc6e"",""minSCU"":40,""maxSCU"":56,""maxContainerSize"":8},{""resource"":""114e57c0cc6e"",""minSCU"":40,""maxSCU"":56,""maxContainerSize"":8}]",,,,,,1,,,1,,,,,,,,,,1,2,
c79a721c-3e35-45a6-87b7-ef8616b638b2,HaulCargo_SingleToMulti2_RefinedOre_Quartz_Stanton_SupplyGrade,,Hauling - Stellar,,Junior Rank - Medium Cargo Haul,@Covalex_HaulCargo_SingleToMulti_title,"Hi there,\n\nThe refinery at <EM4>[LOCATION]</EM4> has been busy. They’ve processed a bunch of <EM4>Quartz</EM4> into containers <EM4>8 SCU</EM4> or smaller, and are looking to get it shipped out from a freight elevator. I just checked with the LEOs to see which ones needed this stuff and was able to put together this run.  \n\nDROP OFF LOCATIONS (ANY ORDER)\n\n- Freight elevator at <EM4>[DESTINATION]</EM4>\n- Freight elevator at <EM4>[DESTINATION1]</EM4>\n\nShould be an easy run for you, if you’re free. \n\nBy the way, we strongly encourage contractors to bring a <EM4>handheld tractor beam</EM4> along.   \n\nThanks in advance for ensuring prompt service,\n\nChase Hewitt\nJr. Logistics Coordinator\nCovalex Shipping  \n'Anything you need, anywhere you need it.'\n\nCovalex Shipping is a limited liability corporation. To encourage timely deliveries and prevent fraud on cargo hauls, Covalex Shipping will set a delivery time limit and upon expiration, any undelivered cargo will be considered stolen and treated as such. Total payment will be prorated according to the percentage of cargo successfully delivered.",@Covalex_HaulCargo_SingleToMulti_RefinedOre,Covalex_HaulCargo_SingleToMulti_RefinedOre,64500,,1,,3b2f7882-73cc-41a4-9dce-f188d927e905,"[""074158cec93a"",""c11688d881bf"",""3498b709fb3e"",""d460d15a7d1b"",""e7b47cf6f5c5""]","[""835233495c33"",""7c7107f9f580"",""10b299e2ccf9"",""6b6ebf6490bf"",""db17a1be6e86"",""dc43d22c47ef"",""0fcc1d84a327"",""0ded966e2152"",""e63d2da1ad36"",""32e3bb3ae27a"",""945cda2742a2"",""d56b03ec64ca"",""0c19e0494d99"",""59ce884e5a53"",""8ed6f459e7a4"",""16a67e996f29"",""6d1fd40caa22"",""2ed683252564"",""de212bfbf4b5"",""bbd717ea0069""]","{""location"":[{""guid"":""34ff378f-faee-47bb-b5fe-f505e665c5ca"",""name"":""Stanton"",""navIcon"":""Star""}]}","{""CargoRouteToken"":""@HaulCargo_CargoRoute_Solar"",""CargoGradeToken"":""@HaulCargo_CargoGrade_Supply"",""ReputationRank"":""@RepStanding_TransportGuild_Rank2"",""MissionMaxSCUSize"":""@FreightElevator_8SCU"",""Item"":""@items_commodities_quartz"",""SingleToMultiToken"":""@HaulCargo_2_SingleToMultiToken""}","{""guid"":""a2e76ff9-a8d9-46ee-9063-570cd2a06678"",""name"":""Junior"",""minReputation"":250,""nameKey"":""RepStanding_TransportGuild_Rank2"",""includeWhenSharing"":true}",,,false,false,,10,,,,,"[{""resource"":""8f116d732e1e"",""minSCU"":40,""maxSCU"":56,""maxContainerSize"":8},{""resource"":""8f116d732e1e"",""minSCU"":40,""maxSCU"":56,""maxContainerSize"":8}]",,,,,,1,,,1,,,,,,,,,,1,2,
37866746-0c4a-4d4f-bb62-c1abb775d882,HaulCargo_SingleToMulti2_RefinedOre_Quartz_Stanton_SupplyGrade1,,Hauling - Stellar,,Junior Rank - Medium Cargo Haul,@Covalex_HaulCargo_SingleToMulti_title,"Hi there,\n\nThe refinery at <EM4>[LOCATION]</EM4> has been busy. They’ve processed a bunch of <EM4>Quartz</EM4> into containers <EM4>8 SCU</EM4> or smaller, and are looking to get it shipped out from a freight elevator. I just checked with the LEOs to see which ones needed this stuff and was able to put together this run.  \n\nDROP OFF LOCATIONS (ANY ORDER)\n\n- Freight elevator at <EM4>[DESTINATION]</EM4>\n- Freight elevator at <EM4>[DESTINATION1]</EM4>\n\nShould be an easy run for you, if you’re free. \n\nBy the way, we strongly encourage contractors to bring a <EM4>handheld tractor beam</EM4> along.   \n\nThanks in advance for ensuring prompt service,\n\nChase Hewitt\nJr. Logistics Coordinator\nCovalex Shipping  \n'Anything you need, anywhere you need it.'\n\nCovalex Shipping is a limited liability corporation. To encourage timely deliveries and prevent fraud on cargo hauls, Covalex Shipping will set a delivery time limit and upon expiration, any undelivered cargo will be considered stolen and treated as such. Total payment will be prorated according to the percentage of cargo successfully delivered.",@Covalex_HaulCargo_SingleToMulti_RefinedOre,Covalex_HaulCargo_SingleToMulti_RefinedOre,68250,,1,,3b2f7882-73cc-41a4-9dce-f188d927e905,"[""e15ed9ae26b0"",""c78dabbac080"",""d075888b87ae"",""d9e58924ece8"",""684acd6474b7""]","[""835233495c33"",""7c7107f9f580"",""10b299e2ccf9"",""6b6ebf6490bf"",""db17a1be6e86"",""dc43d22c47ef"",""0fcc1d84a327"",""0ded966e2152"",""e63d2da1ad36"",""32e3bb3ae27a"",""945cda2742a2"",""d56b03ec64ca"",""0c19e0494d99"",""59ce884e5a53"",""8ed6f459e7a4"",""16a67e996f29"",""6d1fd40caa22"",""2ed683252564"",""de212bfbf4b5"",""bbd717ea0069""]","{""location"":[{""guid"":""34ff378f-faee-47bb-b5fe-f505e665c5ca"",""name"":""Stanton"",""navIcon"":""Star""}]}","{""CargoRouteToken"":""@HaulCargo_CargoRoute_Solar"",""CargoGradeToken"":""@HaulCargo_CargoGrade_Supply"",""ReputationRank"":""@RepStanding_TransportGuild_Rank2"",""MissionMaxSCUSize"":""@FreightElevator_8SCU"",""Item"":""@items_commodities_quartz"",""SingleToMultiToken"":""@HaulCargo_2_SingleToMultiToken""}","{""guid"":""a2e76ff9-a8d9-46ee-9063-570cd2a06678"",""name"":""Junior"",""minReputation"":250,""nameKey"":""RepStanding_TransportGuild_Rank2"",""includeWhenSharing"":true}",,,false,false,,10,,,,,"[{""resource"":""8f116d732e1e"",""minSCU"":40,""maxSCU"":56,""maxContainerSize"":8},{""resource"":""8f116d732e1e"",""minSCU"":40,""maxSCU"":56,""maxContainerSize"":8}]",,,,,,1,,,1,,,,,,,,,,1,2,
5d1d506d-d024-42d9-8716-fa3925b97762,HaulCargo_SingleToMulti2_RefinedOre_Tin_Stanton_SupplyGrade,,Hauling - Stellar,,Junior Rank - Medium Cargo Haul,@Covalex_HaulCargo_SingleToMulti_title,"Greetings, \n\nSeems like <EM4>[LOCATION]</EM4> currently has some <EM4>8 SCU</EM4> or smaller cargo that needs to be separated and delivered to a few different spots. \n\nDROP OFF LOCATIONS (ANY ORDER)\n\n- Freight elevator at <EM4>[DESTINATION]</EM4>\n- Freight elevator at <EM4>[DESTINATION1]</EM4>\n\nDrop-offs can be done in whatever order works best for you.  \n\nBy the way, we strongly encourage contractors to bring a <EM4>handheld tractor beam</EM4> along.   \n\n[SIGN_OFF]\n\nChase Hewitt\nJr. Logistics Coordinator\nCovalex Shipping  \n'Anything you need, anywhere you need it.'\n\nCovalex Shipping is a limited liability corporation. To encourage timely deliveries and prevent fraud on cargo hauls, Covalex Shipping will set a delivery time limit and upon expiration, any undelivered cargo will be considered stolen and treated as such. Total payment will be prorated according to the percentage of cargo successfully delivered.",@HaulCargo_SingleToMulti_desc,Covalex_HaulCargo_SingleToMulti_desc_01,69250,,1,,3b2f7882-73cc-41a4-9dce-f188d927e905,"[""32d25a8fa1b9""]","[""7c7107f9f580"",""10b299e2ccf9"",""db17a1be6e86"",""0fcc1d84a327"",""e63d2da1ad36"",""32e3bb3ae27a"",""d56b03ec64ca"",""0c19e0494d99"",""59ce884e5a53"",""8ed6f459e7a4"",""2ed683252564"",""de212bfbf4b5"",""bbd717ea0069""]","{""location"":[{""guid"":""34ff378f-faee-47bb-b5fe-f505e665c5ca"",""name"":""Stanton"",""navIcon"":""Star""}]}","{""CargoRouteToken"":""@HaulCargo_CargoRoute_Solar"",""CargoGradeToken"":""@HaulCargo_CargoGrade_Supply"",""ReputationRank"":""@RepStanding_TransportGuild_Rank2"",""MissionMaxSCUSize"":""@FreightElevator_8SCU"",""SingleToMultiToken"":""@HaulCargo_2_SingleToMultiToken""}","{""guid"":""a2e76ff9-a8d9-46ee-9063-570cd2a06678"",""name"":""Junior"",""minReputation"":250,""nameKey"":""RepStanding_TransportGuild_Rank2"",""includeWhenSharing"":true}",,,false,false,,10,,,,,"[{""resource"":""7847383427be"",""minSCU"":40,""maxSCU"":56,""maxContainerSize"":8},{""resource"":""7847383427be"",""minSCU"":40,""maxSCU"":56,""maxContainerSize"":8}]",,,,,,1,,,1,,,,,,,,,,1,2,
5387c0fc-041f-4b90-a3de-ca385d11dcfe,HaulCargo_SingleToMulti2_RefinedOre_Titanium_Stanton_SupplyGrade,,Hauling - Stellar,,Junior Rank - Medium Cargo Haul,@Covalex_HaulCargo_SingleToMulti_title,"Hi there,\n\nThe refinery at <EM4>[LOCATION]</EM4> has been busy. They’ve processed a bunch of <EM4>Titanium</EM4> into containers <EM4>8 SCU</EM4> or smaller, and are looking to get it shipped out from a freight elevator. I just checked with the LEOs to see which ones needed this stuff and was able to put together this run.  \n\nDROP OFF LOCATIONS (ANY ORDER)\n\n- Freight elevator at <EM4>[DESTINATION]</EM4>\n- Freight elevator at <EM4>[DESTINATION1]</EM4>\n\nShould be an easy run for you, if you’re free. \n\nBy the way, we strongly encourage contractors to bring a <EM4>handheld tractor beam</EM4> along.   \n\nThanks in advance for ensuring prompt service,\n\nChase Hewitt\nJr. Logistics Coordinator\nCovalex Shipping  \n'Anything you need, anywhere you need it.'\n\nCovalex Shipping is a limited liability corporation. To encourage timely deliveries and prevent fraud on cargo hauls, Covalex Shipping will set a delivery time limit and upon expiration, any undelivered cargo will be considered stolen and treated as such. Total payment will be prorated according to the percentage of cargo successfully delivered.",@Covalex_HaulCargo_SingleToMulti_RefinedOre,Covalex_HaulCargo_SingleToMulti_RefinedOre,66750,,1,,3b2f7882-73cc-41a4-9dce-f188d927e905,"[""d349a20587a2"",""a49dc6443322"",""cc0b084257c7""]","[""e242eae00bfc"",""835233495c33"",""7c7107f9f580"",""10b299e2ccf9"",""84355f2b6158"",""5992d6926718"",""44282c75228d"",""018d85504640"",""6b6ebf6490bf"",""db17a1be6e86"",""dc43d22c47ef"",""0fcc1d84a327"",""0ded966e2152"",""e63d2da1ad36"",""32e3bb3ae27a"",""945cda2742a2"",""d56b03ec64ca"",""0c19e0494d99"",""59ce884e5a53"",""8ed6f459e7a4"",""16a67e996f29"",""6d1fd40caa22"",""2ed683252564"",""1ad31cfb44e5"",""de212bfbf4b5"",""bbd717ea0069""]","{""location"":[{""guid"":""34ff378f-faee-47bb-b5fe-f505e665c5ca"",""name"":""Stanton"",""navIcon"":""Star""}]}","{""CargoRouteToken"":""@HaulCargo_CargoRoute_Solar"",""CargoGradeToken"":""@HaulCargo_CargoGrade_Supply"",""ReputationRank"":""@RepStanding_TransportGuild_Rank2"",""MissionMaxSCUSize"":""@FreightElevator_8SCU"",""Item"":""@items_commodities_titanium"",""SingleToMultiToken"":""@HaulCargo_2_SingleToMultiToken""}","{""guid"":""a2e76ff9-a8d9-46ee-9063-570cd2a06678"",""name"":""Junior"",""minReputation"":250,""nameKey"":""RepStanding_TransportGuild_Rank2"",""includeWhenSharing"":true}",,,false,false,,10,,,,,"[{""resource"":""6c1aad782b33"",""minSCU"":40,""maxSCU"":56,""maxContainerSize"":8},{""resource"":""6c1aad782b33"",""minSCU"":40,""maxSCU"":56,""maxContainerSize"":8}]",,,,,,1,,,1,,,,"[""Stanton""]",,,,,,1,2,
3a893a1c-3da8-4338-aec9-696794d9983e,HaulCargo_SingleToMulti2_RefinedOre_Tungsten_Stanton_SupplyGrade,,Hauling - Stellar,,Junior Rank - Medium Cargo Haul,@Covalex_HaulCargo_SingleToMulti_title,"Hi there,\n\nThe refinery at <EM4>[LOCATION]</EM4> has been busy. They’ve processed a bunch of <EM4>Tungsten</EM4> into containers <EM4>8 SCU</EM4> or smaller, and are looking to get it shipped out from a freight elevator. I just checked with the LEOs to see which ones needed this stuff and was able to put together this run.  \n\nDROP OFF LOCATIONS (ANY ORDER)\n\n- Freight elevator at <EM4>[DESTINATION]</EM4>\n- Freight elevator at <EM4>[DESTINATION1]</EM4>\n\nShould be an easy run for you, if you’re free. \n\nBy the way, we strongly encourage contractors to bring a <EM4>handheld tractor beam</EM4> along.   \n\nThanks in advance for ensuring prompt service,\n\nChase Hewitt\nJr. Logistics Coordinator\nCovalex Shipping  \n'Anything you need, anywhere you need it.'\n\nCovalex Shipping is a limited liability corporation. To encourage timely deliveries and prevent fraud on cargo hauls, Covalex Shipping will set a delivery time limit and upon expiration, any undelivered cargo will be considered stolen and treated as such. Total payment will be prorated according to the percentage of cargo successfully delivered.",@Covalex_HaulCargo_SingleToMulti_RefinedOre,Covalex_HaulCargo_SingleToMulti_RefinedOre,64000,,1,,3b2f7882-73cc-41a4-9dce-f188d927e905,"[""d349a20587a2"",""a49dc6443322"",""cc0b084257c7""]","[""7c7107f9f580"",""10b299e2ccf9"",""db17a1be6e86"",""0fcc1d84a327"",""e63d2da1ad36"",""32e3bb3ae27a"",""d56b03ec64ca"",""0c19e0494d99"",""59ce884e5a53"",""8ed6f459e7a4"",""2ed683252564"",""de212bfbf4b5"",""bbd717ea0069""]","{""location"":[{""guid"":""34ff378f-faee-47bb-b5fe-f505e665c5ca"",""name"":""Stanton"",""navIcon"":""Star""}]}","{""CargoRouteToken"":""@HaulCargo_CargoRoute_Solar"",""CargoGradeToken"":""@HaulCargo_CargoGrade_Supply"",""ReputationRank"":""@RepStanding_TransportGuild_Rank2"",""MissionMaxSCUSize"":""@FreightElevator_8SCU"",""Item"":""@items_commodities_tungsten"",""SingleToMultiToken"":""@HaulCargo_2_SingleToMultiToken""}","{""guid"":""a2e76ff9-a8d9-46ee-9063-570cd2a06678"",""name"":""Junior"",""minReputation"":250,""nameKey"":""RepStanding_TransportGuild_Rank2"",""includeWhenSharing"":true}",,,false,false,,10,,,,,"[{""resource"":""77b7c49f0863"",""minSCU"":40,""maxSCU"":56,""maxContainerSize"":8},{""resource"":""77b7c49f0863"",""minSCU"":40,""maxSCU"":56,""maxContainerSize"":8}]",,,,,,1,,,1,,,,,,,,,,1,2,
236537cc-3ca7-449f-9bd7-1ec1cbac3847,HaulCargo_SingleToMulti2_RefinedOre_Tungsten_Stanton_SupplyGrade1,,Hauling - Stellar,,Junior Rank - Medium Cargo Haul,@Covalex_HaulCargo_SingleToMulti_title,"Hi there,\n\nThe refinery at <EM4>[LOCATION]</EM4> has been busy. They’ve processed a bunch of <EM4>Tungsten</EM4> into containers <EM4>8 SCU</EM4> or smaller, and are looking to get it shipped out from a freight elevator. I just checked with the LEOs to see which ones needed this stuff and was able to put together this run.  \n\nDROP OFF LOCATIONS (ANY ORDER)\n\n- Freight elevator at <EM4>[DESTINATION]</EM4>\n- Freight elevator at <EM4>[DESTINATION1]</EM4>\n\nShould be an easy run for you, if you’re free. \n\nBy the way, we strongly encourage contractors to bring a <EM4>handheld tractor beam</EM4> along.   \n\nThanks in advance for ensuring prompt service,\n\nChase Hewitt\nJr. Logistics Coordinator\nCovalex Shipping  \n'Anything you need, anywhere you need it.'\n\nCovalex Shipping is a limited liability corporation. To encourage timely deliveries and prevent fraud on cargo hauls, Covalex Shipping will set a delivery time limit and upon expiration, any undelivered cargo will be considered stolen and treated as such. Total payment will be prorated according to the percentage of cargo successfully delivered.",@Covalex_HaulCargo_SingleToMulti_RefinedOre,Covalex_HaulCargo_SingleToMulti_RefinedOre,66000,,1,,3b2f7882-73cc-41a4-9dce-f188d927e905,"[""939db9c047f8"",""4bb7d5766b7c"",""dfaa4ef80550"",""eda891a336d8"",""6d40795eef36""]","[""7c7107f9f580"",""10b299e2ccf9"",""db17a1be6e86"",""0fcc1d84a327"",""e63d2da1ad36"",""32e3bb3ae27a"",""d56b03ec64ca"",""0c19e0494d99"",""59ce884e5a53"",""8ed6f459e7a4"",""2ed683252564"",""de212bfbf4b5"",""bbd717ea0069""]","{""location"":[{""guid"":""34ff378f-faee-47bb-b5fe-f505e665c5ca"",""name"":""Stanton"",""navIcon"":""Star""}]}","{""CargoRouteToken"":""@HaulCargo_CargoRoute_Solar"",""CargoGradeToken"":""@HaulCargo_CargoGrade_Supply"",""ReputationRank"":""@RepStanding_TransportGuild_Rank2"",""MissionMaxSCUSize"":""@FreightElevator_8SCU"",""Item"":""@items_commodities_tungsten"",""SingleToMultiToken"":""@HaulCargo_2_SingleToMultiToken""}","{""guid"":""a2e76ff9-a8d9-46ee-9063-570cd2a06678"",""name"":""Junior"",""minReputation"":250,""nameKey"":""RepStanding_TransportGuild_Rank2"",""includeWhenSharing"":true}",,,false,false,,10,,,,,"[{""resource"":""77b7c49f0863"",""minSCU"":40,""maxSCU"":56,""maxContainerSize"":8},{""resource"":""77b7c49f0863"",""minSCU"":40,""maxSCU"":56,""maxContainerSize"":8}]",,,,,,1,,,1,,,,,,,,,,1,2,
1fb07e48-b31e-4f6b-99ba-212a29e82871,HaulCargo_Multi2ToSingle_Processed_AgriculturalSupplies_Stanton_SmallGrade,,Hauling - Stellar,,Junior Rank - Small Cargo Haul,@Covalex_HaulCargo_MultiToSingle_title,"Hello!\n\nThere’s a load of cargo (<EM4>4 SCU</EM4> or smaller) that needs to be delivered to a freight elevator at <EM4>[DESTINATION]</EM4>. The only thing is that the cargo is spread across a few locations, which I’ve listed out below.  \n\nPICK UP LOCATIONS (ANY ORDER)\n\n- Freight elevator at <EM4>[LOCATION]</EM4>\n- Freight elevator at <EM4>[LOCATION1]</EM4>\n\nMakes no difference what order you grab the stuff, as long as it’s all delivered.\n\nBy the way, we strongly encourage contractors to bring a <EM4>handheld tractor beam</EM4> along.   \n\n[SIGN_OFF]\n\nChase Hewitt\nJr. Logistics Coordinator\nCovalex Shipping  \n'Anything you need, anywhere you need it.'\n\nCovalex Shipping is a limited liability corporation. To encourage timely deliveries and prevent fraud on cargo hauls, Covalex Shipping will set a delivery time limit and upon expiration, any undelivered cargo will be considered stolen and treated as such. Total payment will be prorated according to the percentage of cargo successfully delivered.",@HaulCargo_MultiToSingle_desc,Covalex_HaulCargo_MultiToSingle_desc_01,57000,,1,,3b2f7882-73cc-41a4-9dce-f188d927e905,"[""32d25a8fa1b9""]","[""835233495c33"",""ef0e5e890240"",""36a4d07f5ba6"",""7e6f1702d348"",""6b6ebf6490bf"",""db17a1be6e86"",""d9dc3fbda8f0"",""6e9a35b86327"",""d819ce4e66cf"",""0ded966e2152"",""e63d2da1ad36"",""3cab6cb3c9c7"",""945cda2742a2"",""d56b03ec64ca"",""ed41cf58772b"",""e1f1c2a722d5"",""0c19e0494d99"",""b078bb43496c"",""16a67e996f29"",""2e8a69953ce4"",""de212bfbf4b5""]","{""location"":[{""guid"":""34ff378f-faee-47bb-b5fe-f505e665c5ca"",""name"":""Stanton"",""navIcon"":""Star""}]}","{""CargoRouteToken"":""@HaulCargo_CargoRoute_Solar"",""CargoGradeToken"":""@HaulCargo_CargoGrade_Small"",""ReputationRank"":""@RepStanding_TransportGuild_Rank2"",""MissionMaxSCUSize"":""@FreightElevator_4SCU"",""MultiToSingleToken"":""@HaulCargo_2_MultiToSingleToken""}","{""guid"":""a2e76ff9-a8d9-46ee-9063-570cd2a06678"",""name"":""Junior"",""minReputation"":250,""nameKey"":""RepStanding_TransportGuild_Rank2"",""includeWhenSharing"":true}",,,false,false,,5,,,,,"[{""resource"":""7b27b1113342"",""minSCU"":4,""maxSCU"":8,""maxContainerSize"":4},{""resource"":""7b27b1113342"",""minSCU"":4,""maxSCU"":8,""maxContainerSize"":4}]",,,,,,1,,,1,,,,"[""Pyro"",""Stanton""]",,,,,,2,1,
7548fb6f-1e1d-4fb5-99ee-81d3dda88d3a,HaulCargo_Multi2ToSingle_Processed_AgriculturalSupplies_Stanton4_SmallGrade,,Hauling - Planetary,,Junior Rank - Small Cargo Haul,@Covalex_HaulCargo_MultiToSingle_title,"Hello!\n\nThere’s a load of cargo (<EM4>4 SCU</EM4> or smaller) that needs to be delivered to a freight elevator at <EM4>[DESTINATION]</EM4>. The only thing is that the cargo is spread across a few locations, which I’ve listed out below.  \n\nPICK UP LOCATIONS (ANY ORDER)\n\n- Freight elevator at <EM4>[LOCATION]</EM4>\n- Freight elevator at <EM4>[LOCATION1]</EM4>\n\nMakes no difference what order you grab the stuff, as long as it’s all delivered.\n\nBy the way, we strongly encourage contractors to bring a <EM4>handheld tractor beam</EM4> along.   \n\n[SIGN_OFF]\n\nChase Hewitt\nJr. Logistics Coordinator\nCovalex Shipping  \n'Anything you need, anywhere you need it.'\n\nCovalex Shipping is a limited liability corporation. To encourage timely deliveries and prevent fraud on cargo hauls, Covalex Shipping will set a delivery time limit and upon expiration, any undelivered cargo will be considered stolen and treated as such. Total payment will be prorated according to the percentage of cargo successfully delivered.",@HaulCargo_MultiToSingle_desc,Covalex_HaulCargo_MultiToSingle_desc_01,59750,,1,,3b2f7882-73cc-41a4-9dce-f188d927e905,"[""eac7f1ce3c0b"",""f44f8c4ebc77"",""33fb69c82e7b"",""7835df714e97"",""cc32f6b0f1d8"",""cdb0b3a60f0a"",""7d2fc570e19e"",""53f11bb3af5c"",""3726a3459bd0"",""59bcf258bb06"",""501b5a32fa4a"",""0d2b87d23586"",""99a20f9e0edf"",""3089bd5b242c"",""761b9df55b2f"",""bcd83a4bcc16"",""90cb841eed0e"",""30315664418c"",""a2526a698135"",""344489ef2811"",""e63f435dad19"",""46fc94c68dfb"",""0f1b82d15bbf"",""c08a5fd268c6"",""5cd7f648cb37"",""381c737dcb2f"",""8df655e271c6"",""542d5bba0a4e"",""b873eaf28465"",""b0119de4651d"",""dd4b2c21d504"",""4878a19f70fb"",""0b6daacd2578"",""35612a2f1355"",""edb2b26535cf"",""e15ed9ae26b0"",""ad4890a004cd"",""b176e4cfd0f4"",""a6688ee0da7a"",""b3903a0458bf"",""f69703185b66"",""769b5e010a71"",""c78dabbac080"",""a1b4c18a95ce"",""c8ec90a805e4"",""09ab1dcd3985"",""d075888b87ae"",""d9e58924ece8"",""b94b926e7bc3"",""2c34d7cd3f58"",""684acd6474b7"",""c809bc4da138"",""e5c26653b19c"",""111788f5d06c"",""94b5514b89ef"",""c8513bccecd3"",""b139e4086d8b"",""f8d92b40d014"",""01717738329f"",""8cf491401eef""]","[""835233495c33"",""ef0e5e890240"",""36a4d07f5ba6"",""7e6f1702d348"",""6b6ebf6490bf"",""db17a1be6e86"",""d9dc3fbda8f0"",""6e9a35b86327"",""d819ce4e66cf"",""0ded966e2152"",""e63d2da1ad36"",""3cab6cb3c9c7"",""945cda2742a2"",""d56b03ec64ca"",""ed41cf58772b"",""e1f1c2a722d5"",""0c19e0494d99"",""b078bb43496c"",""16a67e996f29"",""2e8a69953ce4"",""de212bfbf4b5""]","{""location"":[{""guid"":""5a529db7-1a4e-45b0-bdcb-a5a0c7a7fc57"",""name"":""microTech"",""navIcon"":""Planet"",""star"":{""guid"":""34ff378f-faee-47bb-b5fe-f505e665c5ca"",""name"":""Stanton"",""navIcon"":""Star""}}]}","{""CargoRouteToken"":""@HaulCargo_CargoRoute_Planetary"",""CargoGradeToken"":""@HaulCargo_CargoGrade_Small"",""ReputationRank"":""@RepStanding_TransportGuild_Rank2"",""MissionMaxSCUSize"":""@FreightElevator_4SCU"",""MultiToSingleToken"":""@HaulCargo_2_MultiToSingleToken""}","{""guid"":""a2e76ff9-a8d9-46ee-9063-570cd2a06678"",""name"":""Junior"",""minReputation"":250,""nameKey"":""RepStanding_TransportGuild_Rank2"",""includeWhenSharing"":true}",,,false,false,,5,,,,,"[{""resource"":""7b27b1113342"",""minSCU"":4,""maxSCU"":8,""maxContainerSize"":4},{""resource"":""7b27b1113342"",""minSCU"":4,""maxSCU"":8,""maxContainerSize"":4}]",,,,,,1,,,1,,,,"[""Pyro"",""Stanton""]",,,,,,2,1,
881e08d0-1290-4a27-a843-343641093ed2,HaulCargo_Multi2ToSingle_RawOre_Iron_Stanton1_SmallGrade,,Hauling - Local,,Junior Rank - Small Cargo Haul,@Covalex_HaulCargo_MultiToSingle_title,"Hi,\n\nHurston is requesting that we prioritize pick ups from the local mining facilities to free up space for what they’re extracting. Here’s everywhere you need to go:  \n\nPICK UP LOCATIONS (ANY ORDER)\n\n- Freight elevator at <EM4>[LOCATION]</EM4>\n- Freight elevator at <EM4>[LOCATION1]</EM4>\n\nOnce collected, everything needs to get to a freight elevator at <EM4>[DESTINATION]</EM4>. They've said that all the containers will be at most <EM4>4 SCU</EM4> in size. Sound like something you could handle? \n\nBy the way, we strongly encourage contractors to bring a <EM4>handheld tractor beam</EM4> along.   \n\nThanks in advance for ensuring prompt service,\n\nChase Hewitt\nJr. Logistics Coordinator\nCovalex Shipping  \n'Anything you need, anywhere you need it.'\n\nCovalex Shipping is a limited liability corporation. To encourage timely deliveries and prevent fraud on cargo hauls, Covalex Shipping will set a delivery time limit and upon expiration, any undelivered cargo will be considered stolen and treated as such. Total payment will be prorated according to the percentage of cargo successfully delivered.",@Covalex_HaulCargo_MultiToSingle_desc_RawOre_Stanton1,Covalex_HaulCargo_MultiToSingle_desc_RawOre_Stanton1,70750,,1,,3b2f7882-73cc-41a4-9dce-f188d927e905,"[""7835df714e97"",""4232ef3f5070"",""0d2b87d23586"",""ae75a9615ad4"",""e63f435dad19"",""3fbaba77a0da"",""1471660bfb45"",""7b1065d4eb0f"",""949780e0868b"",""f7dad4439ff2"",""81c9737b5e34"",""a2526a698135"",""16fde5456b0a"",""3089bd5b242c"",""76c784260564"",""d7f6e64900b0"",""5acdaddce185"",""33fb69c82e7b"",""f19123defe4a"",""ee19dfae07ef"",""cc32f6b0f1d8"",""c84c5a15f614"",""3ec5c8c1369b"",""8d1dedc023b8"",""3ec008299c9d"",""aea1218cee3a"",""761b9df55b2f"",""6eb5e7ebb643"",""1761b008e795"",""074158cec93a"",""52f8d2283ff9"",""b6f6be76592e"",""c11688d881bf"",""f990880cbf69"",""c3290d4540ba"",""b06dcc2ca485"",""3c644a03b863"",""c1e3f879e9e9"",""39f8c2d327c8"",""6f5f8d62c936"",""cdb0b3a60f0a"",""b032e2028f41"",""14258351bb62"",""b77eacfa4977"",""8d06f1053e37"",""a023b94bd2be"",""3498b709fb3e"",""1747b8f71ca1"",""ea066c97ebc1"",""c14098aee7db"",""26b2197592b2"",""5cd7f648cb37"",""92bcd852cc11"",""585204620ef9"",""a7d1e6749e18"",""51f88114534b"",""8837081d9ab5"",""eaeb897a5b62"",""2f71a19ec7bb"",""d460d15a7d1b"",""f019a9e4ab38"",""e7b47cf6f5c5"",""cc65ecf5ece1""]","[""32e3bb3ae27a""]","{""location"":[{""guid"":""551af60b-7727-4936-acc7-763d25d7a1de"",""name"":""Hurston"",""navIcon"":""Planet"",""star"":{""guid"":""34ff378f-faee-47bb-b5fe-f505e665c5ca"",""name"":""Stanton"",""navIcon"":""Star""}}]}","{""CargoRouteToken"":""@HaulCargo_CargoRoute_Local"",""CargoGradeToken"":""@HaulCargo_CargoGrade_Small"",""ReputationRank"":""@RepStanding_TransportGuild_Rank2"",""MissionMaxSCUSize"":""@FreightElevator_4SCU"",""MultiToSingleToken"":""@HaulCargo_2_MultiToSingleToken""}","{""guid"":""a2e76ff9-a8d9-46ee-9063-570cd2a06678"",""name"":""Junior"",""minReputation"":250,""nameKey"":""RepStanding_TransportGuild_Rank2"",""includeWhenSharing"":true}",,,false,false,,5,,,,,"[{""resource"":""059d2d6be304"",""minSCU"":4,""maxSCU"":8,""maxContainerSize"":4},{""resource"":""059d2d6be304"",""minSCU"":4,""maxSCU"":8,""maxContainerSize"":4}]",,,,,,1,,,1,,,,"[""Stanton""]",,,,,,2,1,
222a7975-6008-4b47-b7e6-258f2f974d2e,HaulCargo_Multi2ToSingle_RawOre_Iron_Stanton1_SmallGrade1,,Hauling - Planetary,,Junior Rank - Small Cargo Haul,@Covalex_HaulCargo_MultiToSingle_title,"Hi,\n\nHurston is requesting that we prioritize pick ups from the local mining facilities to free up space for what they’re extracting. Here’s everywhere you need to go:  \n\nPICK UP LOCATIONS (ANY ORDER)\n\n- Freight elevator at <EM4>[LOCATION]</EM4>\n- Freight elevator at <EM4>[LOCATION1]</EM4>\n\nOnce collected, everything needs to get to a freight elevator at <EM4>[DESTINATION]</EM4>. They've said that all the containers will be at most <EM4>4 SCU</EM4> in size. Sound like something you could handle? \n\nBy the way, we strongly encourage contractors to bring a <EM4>handheld tractor beam</EM4> along.   \n\nThanks in advance for ensuring prompt service,\n\nChase Hewitt\nJr. Logistics Coordinator\nCovalex Shipping  \n'Anything you need, anywhere you need it.'\n\nCovalex Shipping is a limited liability corporation. To encourage timely deliveries and prevent fraud on cargo hauls, Covalex Shipping will set a delivery time limit and upon expiration, any undelivered cargo will be considered stolen and treated as such. Total payment will be prorated according to the percentage of cargo successfully delivered.",@Covalex_HaulCargo_MultiToSingle_desc_RawOre_Stanton1,Covalex_HaulCargo_MultiToSingle_desc_RawOre_Stanton1,59750,,1,,3b2f7882-73cc-41a4-9dce-f188d927e905,"[""76c784260564"",""07e8a992bdf1"",""6eb5e7ebb643"",""dcaab244ac60""]","[""7c7107f9f580"",""db17a1be6e86"",""32e3bb3ae27a"",""02c36d96275b"",""de212bfbf4b5"",""4411e7a6a465"",""bbd717ea0069"",""757b267eceb1""]","{""location"":[{""guid"":""551af60b-7727-4936-acc7-763d25d7a1de"",""name"":""Hurston"",""navIcon"":""Planet"",""star"":{""guid"":""34ff378f-faee-47bb-b5fe-f505e665c5ca"",""name"":""Stanton"",""navIcon"":""Star""}}]}","{""CargoRouteToken"":""@HaulCargo_CargoRoute_Planetary"",""CargoGradeToken"":""@HaulCargo_CargoGrade_Small"",""ReputationRank"":""@RepStanding_TransportGuild_Rank2"",""MissionMaxSCUSize"":""@FreightElevator_4SCU"",""MultiToSingleToken"":""@HaulCargo_2_MultiToSingleToken""}","{""guid"":""a2e76ff9-a8d9-46ee-9063-570cd2a06678"",""name"":""Junior"",""minReputation"":250,""nameKey"":""RepStanding_TransportGuild_Rank2"",""includeWhenSharing"":true}",,,false,false,,5,,,,,"[{""resource"":""059d2d6be304"",""minSCU"":4,""maxSCU"":8,""maxContainerSize"":4},{""resource"":""059d2d6be304"",""minSCU"":4,""maxSCU"":8,""maxContainerSize"":4}]",,,,,,1,,,1,,,,"[""Stanton""]",,,,,,2,1,
1ffcc351-1cfe-44d5-b43a-b13d12cf8d1e,HaulCargo_Multi2ToSingle_RawOre_Mixed_AluminiumTungstenCorundum_Stanton3_SmallGrade,,Hauling - Planetary,,Junior Rank - Small Cargo Haul,@Covalex_HaulCargo_MultiToSingle_title,"Hello!\n\nThere’s a load of cargo (<EM4>4 SCU</EM4> or smaller) that needs to be delivered to a freight elevator at <EM4>[DESTINATION]</EM4>. The only thing is that the cargo is spread across a few locations, which I’ve listed out below.  \n\nPICK UP LOCATIONS (ANY ORDER)\n\n- Freight elevator at <EM4>[LOCATION]</EM4>\n- Freight elevator at <EM4>[LOCATION1]</EM4>\n\nMakes no difference what order you grab the stuff, as long as it’s all delivered.\n\nBy the way, we strongly encourage contractors to bring a <EM4>handheld tractor beam</EM4> along.   \n\n[SIGN_OFF]\n\nChase Hewitt\nJr. Logistics Coordinator\nCovalex Shipping  \n'Anything you need, anywhere you need it.'\n\nCovalex Shipping is a limited liability corporation. To encourage timely deliveries and prevent fraud on cargo hauls, Covalex Shipping will set a delivery time limit and upon expiration, any undelivered cargo will be considered stolen and treated as such. Total payment will be prorated according to the percentage of cargo successfully delivered.",@HaulCargo_MultiToSingle_desc,Covalex_HaulCargo_MultiToSingle_desc_01,59750,,1,,3b2f7882-73cc-41a4-9dce-f188d927e905,"[""f0c1da6e74e7"",""4387f9565b21"",""bd9eaea115de"",""fac27fbc17c0""]","[""baff0c674b66"",""cd6ab6ce61a7"",""2ed683252564""]","{""location"":[{""guid"":""35a9f8f5-8f80-4796-83db-7d7362baeb9a"",""name"":""ArcCorp"",""navIcon"":""Planet"",""star"":{""guid"":""34ff378f-faee-47bb-b5fe-f505e665c5ca"",""name"":""Stanton"",""navIcon"":""Star""}}]}","{""CargoRouteToken"":""@HaulCargo_CargoRoute_Planetary"",""CargoGradeToken"":""@HaulCargo_CargoGrade_Small"",""ReputationRank"":""@RepStanding_TransportGuild_Rank2"",""MissionMaxSCUSize"":""@FreightElevator_4SCU"",""MultiToSingleToken"":""@HaulCargo_2_MultiToSingleToken""}","{""guid"":""a2e76ff9-a8d9-46ee-9063-570cd2a06678"",""name"":""Junior"",""minReputation"":250,""nameKey"":""RepStanding_TransportGuild_Rank2"",""includeWhenSharing"":true}",,,false,false,,5,,,,,"[{""resource"":""93c88e84e876"",""minSCU"":2,""maxSCU"":3,""maxContainerSize"":4},{""resource"":""93c88e84e876"",""minSCU"":1,""maxSCU"":2,""maxContainerSize"":4},{""resource"":""f009ff385c83"",""minSCU"":3,""maxSCU"":5,""maxContainerSize"":4},{""resource"":""ce00bf017a92"",""minSCU"":2,""maxSCU"":0,""maxContainerSize"":4}]",,,,,,1,,,1,,,,"[""Stanton""]",,,,,,2,1,
1544c7a1-f509-4181-afb6-edf90f21be5d,HaulCargo_Multi2ToSingle_RawOre_Mixed_IronCopper_Stanton1_SmallGrade,,Hauling - Planetary,,Junior Rank - Small Cargo Haul,@Covalex_HaulCargo_MultiToSingle_title,"Hi,\n\nHurston is requesting that we prioritize pick ups from the local mining facilities to free up space for what they’re extracting. Here’s everywhere you need to go:  \n\nPICK UP LOCATIONS (ANY ORDER)\n\n- Freight elevator at <EM4>[LOCATION]</EM4>\n- Freight elevator at <EM4>[LOCATION1]</EM4>\n\nOnce collected, everything needs to get to a freight elevator at <EM4>[DESTINATION]</EM4>. They've said that all the containers will be at most <EM4>4 SCU</EM4> in size. Sound like something you could handle? \n\nBy the way, we strongly encourage contractors to bring a <EM4>handheld tractor beam</EM4> along.   \n\nThanks in advance for ensuring prompt service,\n\nChase Hewitt\nJr. Logistics Coordinator\nCovalex Shipping  \n'Anything you need, anywhere you need it.'\n\nCovalex Shipping is a limited liability corporation. To encourage timely deliveries and prevent fraud on cargo hauls, Covalex Shipping will set a delivery time limit and upon expiration, any undelivered cargo will be considered stolen and treated as such. Total payment will be prorated according to the percentage of cargo successfully delivered.",@Covalex_HaulCargo_MultiToSingle_desc_RawOre_Stanton1,Covalex_HaulCargo_MultiToSingle_desc_RawOre_Stanton1,59750,,1,,3b2f7882-73cc-41a4-9dce-f188d927e905,"[""ae75a9615ad4"",""af9913a8c13a"",""aac74a7d2297"",""4d85664b31e1"",""b032e2028f41"",""3a0da455adee"",""316c2d58d3d2""]","[""db17a1be6e86"",""02c36d96275b"",""de212bfbf4b5"",""757b267eceb1""]","{""location"":[{""guid"":""551af60b-7727-4936-acc7-763d25d7a1de"",""name"":""Hurston"",""navIcon"":""Planet"",""star"":{""guid"":""34ff378f-faee-47bb-b5fe-f505e665c5ca"",""name"":""Stanton"",""navIcon"":""Star""}}]}","{""CargoRouteToken"":""@HaulCargo_CargoRoute_Planetary"",""CargoGradeToken"":""@HaulCargo_CargoGrade_Small"",""ReputationRank"":""@RepStanding_TransportGuild_Rank2"",""MissionMaxSCUSize"":""@FreightElevator_4SCU"",""MultiToSingleToken"":""@HaulCargo_2_MultiToSingleToken""}","{""guid"":""a2e76ff9-a8d9-46ee-9063-570cd2a06678"",""name"":""Junior"",""minReputation"":250,""nameKey"":""RepStanding_TransportGuild_Rank2"",""includeWhenSharing"":true}",,,false,false,,5,,,,,"[{""resource"":""059d2d6be304"",""minSCU"":2,""maxSCU"":4,""maxContainerSize"":4},{""resource"":""059d2d6be304"",""minSCU"":2,""maxSCU"":4,""maxContainerSize"":4},{""resource"":""37b4502d11ef"",""minSCU"":2,""maxSCU"":4,""maxContainerSize"":4},{""resource"":""37b4502d11ef"",""minSCU"":2,""maxSCU"":4,""maxContainerSize"":4}]",,,,,,1,,,1,,,,"[""Stanton""]",,,,,,2,1,
6bf1ca3e-32a0-4aac-b084-dad84826e71c,HaulCargo_Multi2ToSingle_RawOre_Mixed_IronCopperQuartz_Stanton1_SmallGrade,,Hauling - Planetary,,Junior Rank - Small Cargo Haul,@Covalex_HaulCargo_MultiToSingle_title,"Hi,\n\nHurston is requesting that we prioritize pick ups from the local mining facilities to free up space for what they’re extracting. Here’s everywhere you need to go:  \n\nPICK UP LOCATIONS (ANY ORDER)\n\n- Freight elevator at <EM4>[LOCATION]</EM4>\n- Freight elevator at <EM4>[LOCATION1]</EM4>\n\nOnce collected, everything needs to get to a freight elevator at <EM4>[DESTINATION]</EM4>. They've said that all the containers will be at most <EM4>4 SCU</EM4> in size. Sound like something you could handle? \n\nBy the way, we strongly encourage contractors to bring a <EM4>handheld tractor beam</EM4> along.   \n\nThanks in advance for ensuring prompt service,\n\nChase Hewitt\nJr. Logistics Coordinator\nCovalex Shipping  \n'Anything you need, anywhere you need it.'\n\nCovalex Shipping is a limited liability corporation. To encourage timely deliveries and prevent fraud on cargo hauls, Covalex Shipping will set a delivery time limit and upon expiration, any undelivered cargo will be considered stolen and treated as such. Total payment will be prorated according to the percentage of cargo successfully delivered.",@Covalex_HaulCargo_MultiToSingle_desc_RawOre_Stanton1,Covalex_HaulCargo_MultiToSingle_desc_RawOre_Stanton1,59750,,1,,3b2f7882-73cc-41a4-9dce-f188d927e905,"[""1471660bfb45"",""67a9f2932a1c"",""371c1201eb1e"",""0f41b1e6f3e7"",""689048b9822b"",""2ad45c2d1bb1"",""521e66b2debf"",""2e73318e81e8"",""4557c60a37ed"",""22c6c0a01c0f""]","[""de212bfbf4b5""]","{""location"":[{""guid"":""551af60b-7727-4936-acc7-763d25d7a1de"",""name"":""Hurston"",""navIcon"":""Planet"",""star"":{""guid"":""34ff378f-faee-47bb-b5fe-f505e665c5ca"",""name"":""Stanton"",""navIcon"":""Star""}}]}","{""CargoRouteToken"":""@HaulCargo_CargoRoute_Planetary"",""CargoGradeToken"":""@HaulCargo_CargoGrade_Small"",""ReputationRank"":""@RepStanding_TransportGuild_Rank2"",""MissionMaxSCUSize"":""@FreightElevator_4SCU"",""MultiToSingleToken"":""@HaulCargo_2_MultiToSingleToken""}","{""guid"":""a2e76ff9-a8d9-46ee-9063-570cd2a06678"",""name"":""Junior"",""minReputation"":250,""nameKey"":""RepStanding_TransportGuild_Rank2"",""includeWhenSharing"":true}",,,false,false,,5,,,,,"[{""resource"":""059d2d6be304"",""minSCU"":2,""maxSCU"":3,""maxContainerSize"":4},{""resource"":""059d2d6be304"",""minSCU"":1,""maxSCU"":2,""maxContainerSize"":4},{""resource"":""37b4502d11ef"",""minSCU"":3,""maxSCU"":5,""maxContainerSize"":4},{""resource"":""ab591b2bae61"",""minSCU"":2,""maxSCU"":6,""maxContainerSize"":4}]",,,,,,1,,,1,,,,"[""Stanton""]",,,,,,2,1,
61eb9285-c1ef-4e04-9da6-965345c388a9,HaulCargo_Multi2ToSingle_RawOre_Mixed_IronCopperTitanium_Stanton2_SmallGrade,,Hauling - Planetary,,Junior Rank - Small Cargo Haul,@Covalex_HaulCargo_MultiToSingle_title,"Hello!\n\nThere’s a load of cargo (<EM4>4 SCU</EM4> or smaller) that needs to be delivered to a freight elevator at <EM4>[DESTINATION]</EM4>. The only thing is that the cargo is spread across a few locations, which I’ve listed out below.  \n\nPICK UP LOCATIONS (ANY ORDER)\n\n- Freight elevator at <EM4>[LOCATION]</EM4>\n- Freight elevator at <EM4>[LOCATION1]</EM4>\n\nMakes no difference what order you grab the stuff, as long as it’s all delivered.\n\nBy the way, we strongly encourage contractors to bring a <EM4>handheld tractor beam</EM4> along.   \n\n[SIGN_OFF]\n\nChase Hewitt\nJr. Logistics Coordinator\nCovalex Shipping  \n'Anything you need, anywhere you need it.'\n\nCovalex Shipping is a limited liability corporation. To encourage timely deliveries and prevent fraud on cargo hauls, Covalex Shipping will set a delivery time limit and upon expiration, any undelivered cargo will be considered stolen and treated as such. Total payment will be prorated according to the percentage of cargo successfully delivered.",@HaulCargo_MultiToSingle_desc,Covalex_HaulCargo_MultiToSingle_desc_01,59750,,1,,3b2f7882-73cc-41a4-9dce-f188d927e905,"[""f6dcd8baca11"",""efd0d7b9c337"",""e3e069ac0d03"",""05f61731da71"",""e5cb534e9b13"",""24306b409b9e"",""b91d939617e7"",""965f08a1ae1b"",""e60d22af0e04"",""92c7acde31c8"",""12987d7bda65""]","[""db17a1be6e86"",""02c36d96275b""]","{""location"":[{""guid"":""c15033ab-2eb3-4d6d-b882-0cb336e67ed8"",""name"":""Crusader"",""navIcon"":""Planet"",""star"":{""guid"":""34ff378f-faee-47bb-b5fe-f505e665c5ca"",""name"":""Stanton"",""navIcon"":""Star""}}]}","{""CargoRouteToken"":""@HaulCargo_CargoRoute_Planetary"",""CargoGradeToken"":""@HaulCargo_CargoGrade_Small"",""ReputationRank"":""@RepStanding_TransportGuild_Rank2"",""MissionMaxSCUSize"":""@FreightElevator_4SCU"",""MultiToSingleToken"":""@HaulCargo_2_MultiToSingleToken""}","{""guid"":""a2e76ff9-a8d9-46ee-9063-570cd2a06678"",""name"":""Junior"",""minReputation"":250,""nameKey"":""RepStanding_TransportGuild_Rank2"",""includeWhenSharing"":true}",,,false,false,,5,,,,,"[{""resource"":""059d2d6be304"",""minSCU"":2,""maxSCU"":3,""maxContainerSize"":4},{""resource"":""059d2d6be304"",""minSCU"":1,""maxSCU"":2,""maxContainerSize"":4},{""resource"":""37b4502d11ef"",""minSCU"":3,""maxSCU"":5,""maxContainerSize"":4},{""resource"":""9a60c87abe20"",""minSCU"":2,""maxSCU"":6,""maxContainerSize"":4}]",,,,,,1,,,1,,,,"[""Stanton""]",,,,,,2,1,
6cf0e6a4-72d8-4295-a587-5f566dd25eb2,HaulCargo_Multi2ToSingle_RawOre_Mixed_IronQuartz_Stanton1_SmallGrade,,Hauling - Planetary,,Junior Rank - Small Cargo Haul,@Covalex_HaulCargo_MultiToSingle_title,"Hi,\n\nHurston is requesting that we prioritize pick ups from the local mining facilities to free up space for what they’re extracting. Here’s everywhere you need to go:  \n\nPICK UP LOCATIONS (ANY ORDER)\n\n- Freight elevator at <EM4>[LOCATION]</EM4>\n- Freight elevator at <EM4>[LOCATION1]</EM4>\n\nOnce collected, everything needs to get to a freight elevator at <EM4>[DESTINATION]</EM4>. They've said that all the containers will be at most <EM4>4 SCU</EM4> in size. Sound like something you could handle? \n\nBy the way, we strongly encourage contractors to bring a <EM4>handheld tractor beam</EM4> along.   \n\nThanks in advance for ensuring prompt service,\n\nChase Hewitt\nJr. Logistics Coordinator\nCovalex Shipping  \n'Anything you need, anywhere you need it.'\n\nCovalex Shipping is a limited liability corporation. To encourage timely deliveries and prevent fraud on cargo hauls, Covalex Shipping will set a delivery time limit and upon expiration, any undelivered cargo will be considered stolen and treated as such. Total payment will be prorated according to the percentage of cargo successfully delivered.",@Covalex_HaulCargo_MultiToSingle_desc_RawOre_Stanton1,Covalex_HaulCargo_MultiToSingle_desc_RawOre_Stanton1,59750,,1,,3b2f7882-73cc-41a4-9dce-f188d927e905,"[""1585295f545f"",""68897b554d42"",""4330e0dbb58d"",""a149f581eb84"",""eaeb897a5b62"",""f019a9e4ab38""]","[""de212bfbf4b5"",""4411e7a6a465""]","{""location"":[{""guid"":""551af60b-7727-4936-acc7-763d25d7a1de"",""name"":""Hurston"",""navIcon"":""Planet"",""star"":{""guid"":""34ff378f-faee-47bb-b5fe-f505e665c5ca"",""name"":""Stanton"",""navIcon"":""Star""}}]}","{""CargoRouteToken"":""@HaulCargo_CargoRoute_Planetary"",""CargoGradeToken"":""@HaulCargo_CargoGrade_Small"",""ReputationRank"":""@RepStanding_TransportGuild_Rank2"",""MissionMaxSCUSize"":""@FreightElevator_4SCU"",""MultiToSingleToken"":""@HaulCargo_2_MultiToSingleToken""}","{""guid"":""a2e76ff9-a8d9-46ee-9063-570cd2a06678"",""name"":""Junior"",""minReputation"":250,""nameKey"":""RepStanding_TransportGuild_Rank2"",""includeWhenSharing"":true}",,,false,false,,5,,,,,"[{""resource"":""059d2d6be304"",""minSCU"":2,""maxSCU"":4,""maxContainerSize"":4},{""resource"":""059d2d6be304"",""minSCU"":2,""maxSCU"":4,""maxContainerSize"":4},{""resource"":""ab591b2bae61"",""minSCU"":2,""maxSCU"":4,""maxContainerSize"":4},{""resource"":""ab591b2bae61"",""minSCU"":2,""maxSCU"":4,""maxContainerSize"":4}]",,,,,,1,,,1,,,,"[""Stanton""]",,,,,,2,1,
8b9cf4a8-c068-4d62-abda-fbe1d3e4af2c,HaulCargo_Multi2ToSingle_RawOre_Mixed_QuartzCorundum_Stanton4_SmallGrade,,Hauling - Planetary,,Junior Rank - Small Cargo Haul,@Covalex_HaulCargo_MultiToSingle_title,"Hello!\n\nThere’s a load of cargo (<EM4>4 SCU</EM4> or smaller) that needs to be delivered to a freight elevator at <EM4>[DESTINATION]</EM4>. The only thing is that the cargo is spread across a few locations, which I’ve listed out below.  \n\nPICK UP LOCATIONS (ANY ORDER)\n\n- Freight elevator at <EM4>[LOCATION]</EM4>\n- Freight elevator at <EM4>[LOCATION1]</EM4>\n\nMakes no difference what order you grab the stuff, as long as it’s all delivered.\n\nBy the way, we strongly encourage contractors to bring a <EM4>handheld tractor beam</EM4> along.   \n\n[SIGN_OFF]\n\nChase Hewitt\nJr. Logistics Coordinator\nCovalex Shipping  \n'Anything you need, anywhere you need it.'\n\nCovalex Shipping is a limited liability corporation. To encourage timely deliveries and prevent fraud on cargo hauls, Covalex Shipping will set a delivery time limit and upon expiration, any undelivered cargo will be considered stolen and treated as such. Total payment will be prorated according to the percentage of cargo successfully delivered.",@HaulCargo_MultiToSingle_desc,Covalex_HaulCargo_MultiToSingle_desc_01,59750,,1,,3b2f7882-73cc-41a4-9dce-f188d927e905,"[""a1b4c18a95ce""]","[""cc76fc07b471"",""e63d2da1ad36"",""f6d49b8ef987"",""f14fda6625d9""]","{""location"":[{""guid"":""5a529db7-1a4e-45b0-bdcb-a5a0c7a7fc57"",""name"":""microTech"",""navIcon"":""Planet"",""star"":{""guid"":""34ff378f-faee-47bb-b5fe-f505e665c5ca"",""name"":""Stanton"",""navIcon"":""Star""}}]}","{""CargoRouteToken"":""@HaulCargo_CargoRoute_Planetary"",""CargoGradeToken"":""@HaulCargo_CargoGrade_Small"",""ReputationRank"":""@RepStanding_TransportGuild_Rank2"",""MissionMaxSCUSize"":""@FreightElevator_4SCU"",""MultiToSingleToken"":""@HaulCargo_2_MultiToSingleToken""}","{""guid"":""a2e76ff9-a8d9-46ee-9063-570cd2a06678"",""name"":""Junior"",""minReputation"":250,""nameKey"":""RepStanding_TransportGuild_Rank2"",""includeWhenSharing"":true}",,,false,false,,5,,,,,"[{""resource"":""ab591b2bae61"",""minSCU"":2,""maxSCU"":4,""maxContainerSize"":4},{""resource"":""ab591b2bae61"",""minSCU"":2,""maxSCU"":4,""maxContainerSize"":4},{""resource"":""ce00bf017a92"",""minSCU"":2,""maxSCU"":4,""maxContainerSize"":4},{""resource"":""ce00bf017a92"",""minSCU"":2,""maxSCU"":4,""maxContainerSize"":4}]",,,,,,1,,,1,,,,"[""Stanton""]",,,,,,2,1,
6dc0df2f-6360-47bf-83b1-577b6c21c2d5,HaulCargo_Multi2ToSingle_Waste_Mixed_ScrapWaste_Stanton2_SmallGrade,,Hauling - Planetary,,Junior Rank - Small Cargo Haul,@Covalex_HaulCargo_MultiToSingle_title,"Hello!\n\nThere’s a load of cargo (<EM4>4 SCU</EM4> or smaller) that needs to be delivered to a freight elevator at <EM4>[DESTINATION]</EM4>. The only thing is that the cargo is spread across a few locations, which I’ve listed out below.  \n\nPICK UP LOCATIONS (ANY ORDER)\n\n- Freight elevator at <EM4>[LOCATION]</EM4>\n- Freight elevator at <EM4>[LOCATION1]</EM4>\n\nMakes no difference what order you grab the stuff, as long as it’s all delivered.\n\nBy the way, we strongly encourage contractors to bring a <EM4>handheld tractor beam</EM4> along.   \n\n[SIGN_OFF]\n\nChase Hewitt\nJr. Logistics Coordinator\nCovalex Shipping  \n'Anything you need, anywhere you need it.'\n\nCovalex Shipping is a limited liability corporation. To encourage timely deliveries and prevent fraud on cargo hauls, Covalex Shipping will set a delivery time limit and upon expiration, any undelivered cargo will be considered stolen and treated as such. Total payment will be prorated according to the percentage of cargo successfully delivered.",@HaulCargo_MultiToSingle_desc,Covalex_HaulCargo_MultiToSingle_desc_01,59750,,1,,3b2f7882-73cc-41a4-9dce-f188d927e905,"[""cf31285ae831"",""8539750b0e1f"",""d05dd7e33838"",""826e7730f4b1"",""5ca2c505eaa1"",""869d31d9ae5e"",""f2d7471c5237"",""e3e069ac0d03"",""d349a20587a2"",""34cb23f0c792"",""05f61731da71"",""377f888147ba"",""24306b409b9e"",""5d8ef661906b"",""b8e16f5b9462"",""3da7101c169c"",""b4de9ffe26a6"",""6f0073ad1367"",""a49dc6443322"",""9c1625ca0878"",""cc0b084257c7"",""92c7acde31c8"",""f0c1da6e74e7"",""4387f9565b21"",""bd9eaea115de"",""fac27fbc17c0"",""15a181728888"",""8df655e271c6""]","[""7e6f1702d348"",""cc76fc07b471"",""db17a1be6e86"",""e63d2da1ad36"",""32e3bb3ae27a"",""2ed683252564""]","{""location"":[{""guid"":""c15033ab-2eb3-4d6d-b882-0cb336e67ed8"",""name"":""Crusader"",""navIcon"":""Planet"",""star"":{""guid"":""34ff378f-faee-47bb-b5fe-f505e665c5ca"",""name"":""Stanton"",""navIcon"":""Star""}}]}","{""CargoRouteToken"":""@HaulCargo_CargoRoute_Planetary"",""CargoGradeToken"":""@HaulCargo_CargoGrade_Small"",""ReputationRank"":""@RepStanding_TransportGuild_Rank2"",""MissionMaxSCUSize"":""@FreightElevator_4SCU"",""MultiToSingleToken"":""@HaulCargo_2_MultiToSingleToken""}","{""guid"":""a2e76ff9-a8d9-46ee-9063-570cd2a06678"",""name"":""Junior"",""minReputation"":250,""nameKey"":""RepStanding_TransportGuild_Rank2"",""includeWhenSharing"":true}",,,false,false,,5,,,,,"[{""resource"":""977fe39d1cc1"",""minSCU"":2,""maxSCU"":4,""maxContainerSize"":4},{""resource"":""c5ab7d0672fd"",""minSCU"":2,""maxSCU"":4,""maxContainerSize"":4}]",,,,,,1,,,1,,,,"[""Stanton""]",,,,,,2,1,
dcecbd56-1077-4294-9f3a-63d2f9591375,HaulCargo_Multi3ToSingle_Waste_Mixed_ScrapWaste_Stanton2_SmallGrade,,Hauling - Stellar,,Junior Rank - Small Cargo Haul,@Covalex_HaulCargo_MultiToSingle_title,"Hello!\n\nThere’s a load of cargo (<EM4>4 SCU</EM4> or smaller) that needs to be delivered to a freight elevator at <EM4>[DESTINATION]</EM4>. The only thing is that the cargo is spread across a few locations, which I’ve listed out below.  \n\nPICK UP LOCATIONS (ANY ORDER)\n\n- Freight elevator at <EM4>[LOCATION]</EM4>\n- Freight elevator at <EM4>[LOCATION1]</EM4>\n- Freight elevator at <EM4>[LOCATION2]</EM4>\n\nMakes no difference what order you grab the stuff, as long as it’s all delivered.\n\nBy the way, we strongly encourage contractors to bring a <EM4>handheld tractor beam</EM4> along.   \n\n[SIGN_OFF]\n\nChase Hewitt\nJr. Logistics Coordinator\nCovalex Shipping  \n'Anything you need, anywhere you need it.'\n\nCovalex Shipping is a limited liability corporation. To encourage timely deliveries and prevent fraud on cargo hauls, Covalex Shipping will set a delivery time limit and upon expiration, any undelivered cargo will be considered stolen and treated as such. Total payment will be prorated according to the percentage of cargo successfully delivered.",@HaulCargo_MultiToSingle_desc,Covalex_HaulCargo_MultiToSingle_desc_01,67500,,1,,3b2f7882-73cc-41a4-9dce-f188d927e905,"[""d349a20587a2"",""a49dc6443322"",""cc0b084257c7""]","[""7e6f1702d348"",""cc76fc07b471"",""db17a1be6e86"",""e63d2da1ad36"",""32e3bb3ae27a"",""2ed683252564""]","{""location"":null}","{""CargoRouteToken"":""@HaulCargo_CargoRoute_Solar"",""CargoGradeToken"":""@HaulCargo_CargoGrade_Small"",""ReputationRank"":""@RepStanding_TransportGuild_Rank2"",""MissionMaxSCUSize"":""@FreightElevator_4SCU"",""MultiToSingleToken"":""@HaulCargo_3_MultiToSingleToken""}","{""guid"":""a2e76ff9-a8d9-46ee-9063-570cd2a06678"",""name"":""Junior"",""minReputation"":250,""nameKey"":""RepStanding_TransportGuild_Rank2"",""includeWhenSharing"":true}",,,false,false,,5,,,,,"[{""resource"":""977fe39d1cc1"",""minSCU"":2,""maxSCU"":4,""maxContainerSize"":4},{""resource"":""c5ab7d0672fd"",""minSCU"":2,""maxSCU"":4,""maxContainerSize"":4},{""resource"":""977fe39d1cc1"",""minSCU"":2,""maxSCU"":4,""maxContainerSize"":4},{""resource"":""c5ab7d0672fd"",""minSCU"":2,""maxSCU"":4,""maxContainerSize"":4}]",,,,,,1,,,1,,,,,,,,,,3,1,
8e6476d6-d20b-4c93-9760-d329ad4290ef,HaulCargo_Multi3ToSingle_Waste_Mixed_ScrapWaste_Stanton3_SmallGrade,,Hauling - Stellar,,Junior Rank - Small Cargo Haul,@Covalex_HaulCargo_MultiToSingle_title,"Hi there,\n\nThere’s a few sites on ArcCorp that need their waste and scrap collected (all boxes <EM4>4 SCU</EM4> or smaller) and taken to a freight elevator at <EM4>[DESTINATION]</EM4>. Doesn’t matter what order you do the run, as long as you grab it all.    \n\nPICK UP LOCATIONS (ANY ORDER)\n\n- Freight elevator at <EM4>[LOCATION]</EM4>\n- Freight elevator at <EM4>[LOCATION1]</EM4>\n- Freight elevator at <EM4>[LOCATION2]</EM4>\n\nYou know, my mom was a hauler who specialized in runs like this. It might not be the most glamorous stuff, but she claimed these runs had the best pay-to-risk ratio. Pirates never gave her any trouble when they found out what was on board.  \n\nBy the way, we strongly encourage contractors to bring a <EM4>handheld tractor beam</EM4> along.   \n\nThanks in advance for ensuring prompt service,\n\nChase Hewitt\nJr. Logistics Coordinator\nCovalex Shipping  \n'Anything you need, anywhere you need it.'\n\nCovalex Shipping is a limited liability corporation. To encourage timely deliveries and prevent fraud on cargo hauls, Covalex Shipping will set a delivery time limit and upon expiration, any undelivered cargo will be considered stolen and treated as such. Total payment will be prorated according to the percentage of cargo successfully delivered.",@Covalex_HaulCargo_MultiToSingle_desc_ScrapWaste_Stanton3,Covalex_HaulCargo_MultiToSingle_desc_ScrapWaste_Stanton3,74250,,1,,3b2f7882-73cc-41a4-9dce-f188d927e905,"[""939db9c047f8"",""4bb7d5766b7c"",""dfaa4ef80550"",""eda891a336d8"",""6d40795eef36""]","[""7e6f1702d348"",""cc76fc07b471"",""db17a1be6e86"",""e63d2da1ad36"",""32e3bb3ae27a"",""2ed683252564""]","{""location"":null}","{""CargoRouteToken"":""@HaulCargo_CargoRoute_Solar"",""CargoGradeToken"":""@HaulCargo_CargoGrade_Small"",""ReputationRank"":""@RepStanding_TransportGuild_Rank2"",""MissionMaxSCUSize"":""@FreightElevator_4SCU"",""MultiToSingleToken"":""@HaulCargo_3_MultiToSingleToken""}","{""guid"":""a2e76ff9-a8d9-46ee-9063-570cd2a06678"",""name"":""Junior"",""minReputation"":250,""nameKey"":""RepStanding_TransportGuild_Rank2"",""includeWhenSharing"":true}",,,false,false,,5,,,,,"[{""resource"":""977fe39d1cc1"",""minSCU"":2,""maxSCU"":4,""maxContainerSize"":4},{""resource"":""c5ab7d0672fd"",""minSCU"":2,""maxSCU"":4,""maxContainerSize"":4},{""resource"":""977fe39d1cc1"",""minSCU"":2,""maxSCU"":4,""maxContainerSize"":4},{""resource"":""c5ab7d0672fd"",""minSCU"":2,""maxSCU"":4,""maxContainerSize"":4}]",,,,,,1,,,1,,,,,,,,,,3,1,
cd353fab-6389-4538-a928-68649cb535ab,HaulCargo_Multi3ToSingle_Waste_Waste_Stanton1_SmallGrade,,Hauling - Stellar,,Junior Rank - Small Cargo Haul,@Covalex_HaulCargo_MultiToSingle_title,"Hi,\n\nNeed the trash collected from a few Hurston locations and then taken to a freight elevator at <EM4>[DESTINATION]</EM4>. Don't worry, none of the containers are bigger than <EM4>4 SCU</EM4>.\n\nPICK UP LOCATIONS (ANY ORDER)\n\n- Freight elevator at <EM4>[LOCATION]</EM4>\n- Freight elevator at <EM4>[LOCATION1]</EM4>\n- Freight elevator at <EM4>[LOCATION2]</EM4>\n\nFun fact for you. Hurston is the only planet in Stanton that doesn’t separate their trash and scrap. One of their workers told me that the company did a cost-benefit analysis on it decades ago that determined it wasn’t worth putting a planet-wide system in place to facilitate it. Isn’t that the most Hurston thing ever?   \n\nBy the way, we strongly encourage contractors to bring a <EM4>handheld tractor beam</EM4> along.   \n\nThanks in advance for ensuring prompt service,\n\nChase Hewitt\nJr. Logistics Coordinator\nCovalex Shipping  \n'Anything you need, anywhere you need it.'\n\nCovalex Shipping is a limited liability corporation. To encourage timely deliveries and prevent fraud on cargo hauls, Covalex Shipping will set a delivery time limit and upon expiration, any undelivered cargo will be considered stolen and treated as such. Total payment will be prorated according to the percentage of cargo successfully delivered.",@Covalex_HaulCargo_MultiToSingle_Waste_Waste_Stanton1,Covalex_HaulCargo_MultiToSingle_Waste_Waste_Stanton1,60750,,1,,3b2f7882-73cc-41a4-9dce-f188d927e905,"[""074158cec93a"",""c11688d881bf"",""3498b709fb3e"",""d460d15a7d1b"",""e7b47cf6f5c5""]","[""ffd2d63ccf28"",""7c7107f9f580"",""7e6f1702d348"",""cc76fc07b471"",""db17a1be6e86"",""d819ce4e66cf"",""e63d2da1ad36"",""32e3bb3ae27a"",""2ed683252564"",""de212bfbf4b5"",""bbd717ea0069""]","{""location"":null}","{""CargoRouteToken"":""@HaulCargo_CargoRoute_Solar"",""CargoGradeToken"":""@HaulCargo_CargoGrade_Small"",""ReputationRank"":""@RepStanding_TransportGuild_Rank2"",""MissionMaxSCUSize"":""@FreightElevator_4SCU"",""MultiToSingleToken"":""@HaulCargo_3_MultiToSingleToken""}","{""guid"":""a2e76ff9-a8d9-46ee-9063-570cd2a06678"",""name"":""Junior"",""minReputation"":250,""nameKey"":""RepStanding_TransportGuild_Rank2"",""includeWhenSharing"":true}",,,false,false,,5,,,,,"[{""resource"":""977fe39d1cc1"",""minSCU"":3,""maxSCU"":5,""maxContainerSize"":4},{""resource"":""977fe39d1cc1"",""minSCU"":2,""maxSCU"":6,""maxContainerSize"":4},{""resource"":""977fe39d1cc1"",""minSCU"":3,""maxSCU"":5,""maxContainerSize"":4}]",,,,,,1,,,1,,,,,,,,,,3,1,
2f054a8b-6bc2-46e6-8b4e-8106670dcba3,HaulCargo_Multi4ToSingle_Waste_Waste_Stanton1_SmallGrade,,Hauling - Stellar,,Junior Rank - Small Cargo Haul,@Covalex_HaulCargo_MultiToSingle_title,"Hi,\n\nNeed the trash collected from a few Hurston locations and then taken to a freight elevator at <EM4>[DESTINATION]</EM4>. Don't worry, none of the containers are bigger than <EM4>4 SCU</EM4>.\n\nPICK UP LOCATIONS (ANY ORDER)\n\n- Freight elevator at <EM4>[LOCATION]</EM4>\n- Freight elevator at <EM4>[LOCATION1]</EM4>\n- Freight elevator at <EM4>[LOCATION2]</EM4>\n- Freight elevator at <EM4>[LOCATION3]</EM4>\n\nFun fact for you. Hurston is the only planet in Stanton that doesn’t separate their trash and scrap. One of their workers told me that the company did a cost-benefit analysis on it decades ago that determined it wasn’t worth putting a planet-wide system in place to facilitate it. Isn’t that the most Hurston thing ever?   \n\nBy the way, we strongly encourage contractors to bring a <EM4>handheld tractor beam</EM4> along.   \n\nThanks in advance for ensuring prompt service,\n\nChase Hewitt\nJr. Logistics Coordinator\nCovalex Shipping  \n'Anything you need, anywhere you need it.'\n\nCovalex Shipping is a limited liability corporation. To encourage timely deliveries and prevent fraud on cargo hauls, Covalex Shipping will set a delivery time limit and upon expiration, any undelivered cargo will be considered stolen and treated as such. Total payment will be prorated according to the percentage of cargo successfully delivered.",@Covalex_HaulCargo_MultiToSingle_Waste_Waste_Stanton1,Covalex_HaulCargo_MultiToSingle_Waste_Waste_Stanton1,72500,,1,,3b2f7882-73cc-41a4-9dce-f188d927e905,"[""074158cec93a"",""c11688d881bf"",""3498b709fb3e"",""d460d15a7d1b"",""e7b47cf6f5c5""]","[""ffd2d63ccf28"",""7c7107f9f580"",""7e6f1702d348"",""cc76fc07b471"",""db17a1be6e86"",""d819ce4e66cf"",""e63d2da1ad36"",""32e3bb3ae27a"",""2ed683252564"",""de212bfbf4b5"",""bbd717ea0069""]","{""location"":null}","{""CargoRouteToken"":""@HaulCargo_CargoRoute_Solar"",""CargoGradeToken"":""@HaulCargo_CargoGrade_Small"",""ReputationRank"":""@RepStanding_TransportGuild_Rank2"",""MissionMaxSCUSize"":""@FreightElevator_4SCU"",""MultiToSingleToken"":""@HaulCargo_4_MultiToSingleToken""}","{""guid"":""a2e76ff9-a8d9-46ee-9063-570cd2a06678"",""name"":""Junior"",""minReputation"":250,""nameKey"":""RepStanding_TransportGuild_Rank2"",""includeWhenSharing"":true}",,,false,false,,5,,,,,"[{""resource"":""977fe39d1cc1"",""minSCU"":2,""maxSCU"":4,""maxContainerSize"":4},{""resource"":""977fe39d1cc1"",""minSCU"":2,""maxSCU"":4,""maxContainerSize"":4},{""resource"":""977fe39d1cc1"",""minSCU"":2,""maxSCU"":4,""maxContainerSize"":4},{""resource"":""977fe39d1cc1"",""minSCU"":2,""maxSCU"":4,""maxContainerSize"":4}]",,,,,,1,,,1,,,,,,,,,,4,1,
1132717a-3ae9-4957-84d2-a7966a6e0218,HaulCargo_SingleToMulti2_Processed_Mixed_PressIceProcFood_Stanton1_SmallGrade,,Hauling - Planetary,,Junior Rank - Small Cargo Haul,@Covalex_HaulCargo_SingleToMulti_title,"Greetings, \n\nSeems like <EM4>[LOCATION]</EM4> currently has some <EM4>4 SCU</EM4> or smaller cargo that needs to be separated and delivered to a few different spots. \n\nDROP OFF LOCATIONS (ANY ORDER)\n\n- Freight elevator at <EM4>[DESTINATION]</EM4>\n- Freight elevator at <EM4>[DESTINATION1]</EM4>\n\nDrop-offs can be done in whatever order works best for you.  \n\nBy the way, we strongly encourage contractors to bring a <EM4>handheld tractor beam</EM4> along.   \n\n[SIGN_OFF]\n\nChase Hewitt\nJr. Logistics Coordinator\nCovalex Shipping  \n'Anything you need, anywhere you need it.'\n\nCovalex Shipping is a limited liability corporation. To encourage timely deliveries and prevent fraud on cargo hauls, Covalex Shipping will set a delivery time limit and upon expiration, any undelivered cargo will be considered stolen and treated as such. Total payment will be prorated according to the percentage of cargo successfully delivered.",@HaulCargo_SingleToMulti_desc,Covalex_HaulCargo_SingleToMulti_desc_01,65250,,1,,3b2f7882-73cc-41a4-9dce-f188d927e905,"[""35c3ed47bd36"",""11a4696ac43c"",""15a181728888""]","[""cdbe5c5a9cc4"",""7c7107f9f580"",""10b299e2ccf9"",""7e6f1702d348"",""4c989742e9ab"",""a135f4e98ad2"",""e95b4a8986f3"",""581b65066988"",""cc76fc07b471"",""b59e5f3521ad"",""0fcc1d84a327"",""32e3bb3ae27a"",""018f9a8014f4"",""d56b03ec64ca"",""b3580d2b56f8"",""360e510ac13b"",""f6d49b8ef987"",""269b504a4b6b"",""baff0c674b66"",""afc85b274a27"",""59ce884e5a53"",""8ed6f459e7a4"",""51c7fcbf4b91"",""cd6ab6ce61a7"",""4a0bccec3491"",""f14fda6625d9"",""02c36d96275b"",""4411e7a6a465"",""bbd717ea0069"",""757b267eceb1"",""667f49ab8f80""]","{""location"":[{""guid"":""551af60b-7727-4936-acc7-763d25d7a1de"",""name"":""Hurston"",""navIcon"":""Planet"",""star"":{""guid"":""34ff378f-faee-47bb-b5fe-f505e665c5ca"",""name"":""Stanton"",""navIcon"":""Star""}}]}","{""CargoRouteToken"":""@HaulCargo_CargoRoute_Planetary"",""CargoGradeToken"":""@HaulCargo_CargoGrade_Small"",""ReputationRank"":""@RepStanding_TransportGuild_Rank2"",""MissionMaxSCUSize"":""@FreightElevator_4SCU"",""SingleToMultiToken"":""@HaulCargo_2_SingleToMultiToken""}","{""guid"":""a2e76ff9-a8d9-46ee-9063-570cd2a06678"",""name"":""Junior"",""minReputation"":250,""nameKey"":""RepStanding_TransportGuild_Rank2"",""includeWhenSharing"":true}",,,false,false,,5,,,,,"[{""resource"":""6bc315f54d54"",""minSCU"":4,""maxSCU"":8,""maxContainerSize"":4},{""resource"":""6bc315f54d54"",""minSCU"":3,""maxSCU"":8,""maxContainerSize"":4},{""resource"":""b791e5d84f22"",""minSCU"":4,""maxSCU"":8,""maxContainerSize"":4},{""resource"":""b791e5d84f22"",""minSCU"":3,""maxSCU"":8,""maxContainerSize"":4}]",,,,,,1,,,1,,,,"[""Stanton""]",,,,,,1,2,
6733cb15-27c1-42d1-9e15-12d5696db877,HaulCargo_SingleToMulti2_Processed_Mixed_PressIceProcFood_Stanton1_SmallGrade2,,Hauling - Stellar,,Junior Rank - Small Cargo Haul,@Covalex_HaulCargo_SingleToMulti_title,"Greetings, \n\nSeems like <EM4>[LOCATION]</EM4> currently has some <EM4>4 SCU</EM4> or smaller cargo that needs to be separated and delivered to a few different spots. \n\nDROP OFF LOCATIONS (ANY ORDER)\n\n- Freight elevator at <EM4>[DESTINATION]</EM4>\n- Freight elevator at <EM4>[DESTINATION1]</EM4>\n\nDrop-offs can be done in whatever order works best for you.  \n\nBy the way, we strongly encourage contractors to bring a <EM4>handheld tractor beam</EM4> along.   \n\n[SIGN_OFF]\n\nChase Hewitt\nJr. Logistics Coordinator\nCovalex Shipping  \n'Anything you need, anywhere you need it.'\n\nCovalex Shipping is a limited liability corporation. To encourage timely deliveries and prevent fraud on cargo hauls, Covalex Shipping will set a delivery time limit and upon expiration, any undelivered cargo will be considered stolen and treated as such. Total payment will be prorated according to the percentage of cargo successfully delivered.",@HaulCargo_SingleToMulti_desc,Covalex_HaulCargo_SingleToMulti_desc_01,51000,,1,,3b2f7882-73cc-41a4-9dce-f188d927e905,,"[""e95b4a8986f3"",""b59e5f3521ad"",""b3580d2b56f8"",""4411e7a6a465"",""757b267eceb1""]","{""location"":null}","{""CargoRouteToken"":""@HaulCargo_CargoRoute_Solar"",""CargoGradeToken"":""@HaulCargo_CargoGrade_Small"",""ReputationRank"":""@RepStanding_TransportGuild_Rank2"",""MissionMaxSCUSize"":""@FreightElevator_4SCU"",""SingleToMultiToken"":""@HaulCargo_2_SingleToMultiToken""}","{""guid"":""a2e76ff9-a8d9-46ee-9063-570cd2a06678"",""name"":""Junior"",""minReputation"":250,""nameKey"":""RepStanding_TransportGuild_Rank2"",""includeWhenSharing"":true}",,,false,false,,5,,,,,"[{""resource"":""6bc315f54d54"",""minSCU"":4,""maxSCU"":8,""maxContainerSize"":4},{""resource"":""6bc315f54d54"",""minSCU"":3,""maxSCU"":8,""maxContainerSize"":4},{""resource"":""b791e5d84f22"",""minSCU"":4,""maxSCU"":8,""maxContainerSize"":4},{""resource"":""b791e5d84f22"",""minSCU"":3,""maxSCU"":8,""maxContainerSize"":4}]",,,,,,1,,,1,,,,,,,,,,1,2,
b8283820-eb99-42d7-bf39-bd95af80142c,HaulCargo_SingleToMulti2_Processed_Mixed_PressIceProcFood_Stanton2_SmallGrade1,,Hauling - Stellar,,Junior Rank - Small Cargo Haul,@Covalex_HaulCargo_SingleToMulti_title,"Hi, \n\nThere’s a few Crusader facilities that need to be restocked with processed food and pressurized ice. Don’t know why but I’m always surprised when I see how much of this stuff they need delivered.\n\nAnyways, there’s a haul of containers no bigger than <EM4>4 SCU</EM4> waiting at <EM4>[LOCATION]</EM4>. Once you grab the goods from a freight elevator, these are the facilities where it needs to go:\n\nDROP OFF LOCATIONS (ANY ORDER)\n\n- Freight elevator at <EM4>[DESTINATION]</EM4>\n- Freight elevator at <EM4>[DESTINATION1]</EM4> \n\nBy the way, we strongly encourage contractors to bring a <EM4>handheld tractor beam</EM4> along.   \n\nThanks in advance for ensuring prompt service,\n\nChase Hewitt\nJr. Logistics Coordinator\nCovalex Shipping  \n'Anything you need, anywhere you need it.'\n\nCovalex Shipping is a limited liability corporation. To encourage timely deliveries and prevent fraud on cargo hauls, Covalex Shipping will set a delivery time limit and upon expiration, any undelivered cargo will be considered stolen and treated as such. Total payment will be prorated according to the percentage of cargo successfully delivered.",@Covalex_HaulCargo_SingleToMulti_desc_ProcessedFood_Stanton2,Covalex_HaulCargo_SingleToMulti_desc_ProcessedFood_Stanton2,55750,,1,,3b2f7882-73cc-41a4-9dce-f188d927e905,,"[""a135f4e98ad2"",""4a0bccec3491"",""02c36d96275b""]","{""location"":null}","{""CargoRouteToken"":""@HaulCargo_CargoRoute_Solar"",""CargoGradeToken"":""@HaulCargo_CargoGrade_Small"",""ReputationRank"":""@RepStanding_TransportGuild_Rank2"",""MissionMaxSCUSize"":""@FreightElevator_4SCU"",""SingleToMultiToken"":""@HaulCargo_2_SingleToMultiToken""}","{""guid"":""a2e76ff9-a8d9-46ee-9063-570cd2a06678"",""name"":""Junior"",""minReputation"":250,""nameKey"":""RepStanding_TransportGuild_Rank2"",""includeWhenSharing"":true}",,,false,false,,5,,,,,"[{""resource"":""6bc315f54d54"",""minSCU"":4,""maxSCU"":8,""maxContainerSize"":4},{""resource"":""6bc315f54d54"",""minSCU"":3,""maxSCU"":8,""maxContainerSize"":4},{""resource"":""b791e5d84f22"",""minSCU"":4,""maxSCU"":8,""maxContainerSize"":4},{""resource"":""b791e5d84f22"",""minSCU"":3,""maxSCU"":8,""maxContainerSize"":4}]",,,,,,1,,,1,,,,,,,,,,1,2,
c0c89192-6925-476a-a225-c1d1d3920b62,HaulCargo_SingleToMulti2_Processed_Mixed_PressIceProcFood_Stanton3_SmallGrade,,Hauling - Stellar,,Junior Rank - Small Cargo Haul,@Covalex_HaulCargo_SingleToMulti_title,"Greetings, \n\nSeems like <EM4>[LOCATION]</EM4> currently has some <EM4>4 SCU</EM4> or smaller cargo that needs to be separated and delivered to a few different spots. \n\nDROP OFF LOCATIONS (ANY ORDER)\n\n- Freight elevator at <EM4>[DESTINATION]</EM4>\n- Freight elevator at <EM4>[DESTINATION1]</EM4>\n\nDrop-offs can be done in whatever order works best for you.  \n\nBy the way, we strongly encourage contractors to bring a <EM4>handheld tractor beam</EM4> along.   \n\n[SIGN_OFF]\n\nChase Hewitt\nJr. Logistics Coordinator\nCovalex Shipping  \n'Anything you need, anywhere you need it.'\n\nCovalex Shipping is a limited liability corporation. To encourage timely deliveries and prevent fraud on cargo hauls, Covalex Shipping will set a delivery time limit and upon expiration, any undelivered cargo will be considered stolen and treated as such. Total payment will be prorated according to the percentage of cargo successfully delivered.",@HaulCargo_SingleToMulti_desc,Covalex_HaulCargo_SingleToMulti_desc_01,58000,,1,,3b2f7882-73cc-41a4-9dce-f188d927e905,,"[""cdbe5c5a9cc4"",""581b65066988"",""360e510ac13b"",""baff0c674b66"",""cd6ab6ce61a7""]","{""location"":null}","{""CargoRouteToken"":""@HaulCargo_CargoRoute_Solar"",""CargoGradeToken"":""@HaulCargo_CargoGrade_Small"",""ReputationRank"":""@RepStanding_TransportGuild_Rank2"",""MissionMaxSCUSize"":""@FreightElevator_4SCU"",""SingleToMultiToken"":""@HaulCargo_2_SingleToMultiToken""}","{""guid"":""a2e76ff9-a8d9-46ee-9063-570cd2a06678"",""name"":""Junior"",""minReputation"":250,""nameKey"":""RepStanding_TransportGuild_Rank2"",""includeWhenSharing"":true}",,,false,false,,5,,,,,"[{""resource"":""6bc315f54d54"",""minSCU"":4,""maxSCU"":8,""maxContainerSize"":4},{""resource"":""6bc315f54d54"",""minSCU"":3,""maxSCU"":8,""maxContainerSize"":4},{""resource"":""b791e5d84f22"",""minSCU"":4,""maxSCU"":8,""maxContainerSize"":4},{""resource"":""b791e5d84f22"",""minSCU"":3,""maxSCU"":8,""maxContainerSize"":4}]",,,,,,1,,,1,,,,,,,,,,1,2,
555e08c9-2d81-46fc-a147-622da31e26d5,HaulCargo_SingleToMulti2_Processed_Mixed_PressIceProcFood_Stanton4_SmallGrade2,,Hauling - Stellar,,Junior Rank - Small Cargo Haul,@Covalex_HaulCargo_SingleToMulti_title,"Greetings, \n\nSeems like <EM4>[LOCATION]</EM4> currently has some <EM4>4 SCU</EM4> or smaller cargo that needs to be separated and delivered to a few different spots. \n\nDROP OFF LOCATIONS (ANY ORDER)\n\n- Freight elevator at <EM4>[DESTINATION]</EM4>\n- Freight elevator at <EM4>[DESTINATION1]</EM4>\n\nDrop-offs can be done in whatever order works best for you.  \n\nBy the way, we strongly encourage contractors to bring a <EM4>handheld tractor beam</EM4> along.   \n\n[SIGN_OFF]\n\nChase Hewitt\nJr. Logistics Coordinator\nCovalex Shipping  \n'Anything you need, anywhere you need it.'\n\nCovalex Shipping is a limited liability corporation. To encourage timely deliveries and prevent fraud on cargo hauls, Covalex Shipping will set a delivery time limit and upon expiration, any undelivered cargo will be considered stolen and treated as such. Total payment will be prorated according to the percentage of cargo successfully delivered.",@HaulCargo_SingleToMulti_desc,Covalex_HaulCargo_SingleToMulti_desc_01,64500,,1,,3b2f7882-73cc-41a4-9dce-f188d927e905,,"[""018f9a8014f4"",""f6d49b8ef987"",""afc85b274a27"",""51c7fcbf4b91"",""f14fda6625d9""]","{""location"":null}","{""CargoRouteToken"":""@HaulCargo_CargoRoute_Solar"",""CargoGradeToken"":""@HaulCargo_CargoGrade_Small"",""ReputationRank"":""@RepStanding_TransportGuild_Rank2"",""MissionMaxSCUSize"":""@FreightElevator_4SCU"",""SingleToMultiToken"":""@HaulCargo_2_SingleToMultiToken""}","{""guid"":""a2e76ff9-a8d9-46ee-9063-570cd2a06678"",""name"":""Junior"",""minReputation"":250,""nameKey"":""RepStanding_TransportGuild_Rank2"",""includeWhenSharing"":true}",,,false,false,,5,,,,,"[{""resource"":""6bc315f54d54"",""minSCU"":4,""maxSCU"":8,""maxContainerSize"":4},{""resource"":""6bc315f54d54"",""minSCU"":3,""maxSCU"":8,""maxContainerSize"":4},{""resource"":""b791e5d84f22"",""minSCU"":4,""maxSCU"":8,""maxContainerSize"":4},{""resource"":""b791e5d84f22"",""minSCU"":3,""maxSCU"":8,""maxContainerSize"":4}]",,,,,,1,,,1,,,,,,,,,,1,2,
dc901056-11e4-4e7c-acb9-623961553198,HaulCargo_SingleToMulti2_Processed_Mixed_QTFuelHydroFuelShipAmmo_Stanton1_SmallGrade,,Hauling - Local,,Junior Rank - Small Cargo Haul,@Covalex_HaulCargo_SingleToMulti_title,"Hey,\n\nThe folks at <EM4>[LOCATION]</EM4> have what I like to call a “pilot’s special” waiting to be distributed - a haul of quantum fuel, hydrogen fuel, and ship ammo. Load it up from a freight elevator and deliver it to the following spots in whatever order works best for you. Expect the containers to all be <EM4>4 SCU</EM4> or smaller.   \n\nDROP OFF LOCATIONS (ANY ORDER)\n\n- Freight elevator at <EM4>[DESTINATION]</EM4>\n- Freight elevator at <EM4>[DESTINATION1]</EM4> \n\nBy the way, we strongly encourage contractors to bring a <EM4>handheld tractor beam</EM4> along.   \n\nThanks in advance for ensuring prompt service,\n\nChase Hewitt\nJr. Logistics Coordinator\nCovalex Shipping  \n'Anything you need, anywhere you need it.'\n\nCovalex Shipping is a limited liability corporation. To encourage timely deliveries and prevent fraud on cargo hauls, Covalex Shipping will set a delivery time limit and upon expiration, any undelivered cargo will be considered stolen and treated as such. Total payment will be prorated according to the percentage of cargo successfully delivered.",@Covalex_HaulCargo_SingleToMulti_Processed_Mixed_QTFuelHydroFuelShipAmmo,Covalex_HaulCargo_SingleToMulti_Processed_Mixed_QTFuelHydroFuelShipAmmo,72000,,1,,3b2f7882-73cc-41a4-9dce-f188d927e905,"[""4232ef3f5070"",""7b1065d4eb0f"",""949780e0868b"",""f990880cbf69"",""b77eacfa4977"",""1747b8f71ca1"",""a7d1e6749e18""]","[""e242eae00bfc"",""aef2b32d2479"",""c38446d75efc"",""ef0e5e890240"",""dba6f40b52a0"",""84355f2b6158"",""99f42c1cf91f"",""5992d6926718"",""34b3eeecd6d2"",""44282c75228d"",""018d85504640"",""045624ecf3ed"",""d9dc3fbda8f0"",""7a1dafeca23f"",""6e9a35b86327"",""0e706a121005"",""79cc2b9ecbae"",""6d540401a482"",""3644c6b823f3"",""3cab6cb3c9c7"",""c541444e38cb"",""ed41cf58772b"",""e1f1c2a722d5"",""cc7b55cdb1bf"",""a665ee0ac6de"",""b078bb43496c"",""f80fc0a34790"",""b99d01bd4712"",""c7bb4a68ec1c"",""abb192889356"",""1ad31cfb44e5"",""2e8a69953ce4"",""b6b85246fc3f"",""49b9a33a59f3"",""889e7b4f710f"",""ac581b7b935a"",""b48a0175f686""]","{""location"":[{""guid"":""551af60b-7727-4936-acc7-763d25d7a1de"",""name"":""Hurston"",""navIcon"":""Planet"",""star"":{""guid"":""34ff378f-faee-47bb-b5fe-f505e665c5ca"",""name"":""Stanton"",""navIcon"":""Star""}}]}","{""CargoRouteToken"":""@HaulCargo_CargoRoute_Local"",""CargoGradeToken"":""@HaulCargo_CargoGrade_Small"",""ReputationRank"":""@RepStanding_TransportGuild_Rank2"",""MissionMaxSCUSize"":""@FreightElevator_4SCU"",""SingleToMultiToken"":""@HaulCargo_2_SingleToMultiToken""}","{""guid"":""a2e76ff9-a8d9-46ee-9063-570cd2a06678"",""name"":""Junior"",""minReputation"":250,""nameKey"":""RepStanding_TransportGuild_Rank2"",""includeWhenSharing"":true}",,,false,false,,5,,,,,"[{""resource"":""b1e6f847e239"",""minSCU"":3,""maxSCU"":6,""maxContainerSize"":4},{""resource"":""7f13bf4d94d1"",""minSCU"":5,""maxSCU"":11,""maxContainerSize"":4},{""resource"":""a1e8ada12409"",""minSCU"":4,""maxSCU"":10,""maxContainerSize"":4},{""resource"":""b1e6f847e239"",""minSCU"":2,""maxSCU"":5,""maxContainerSize"":4}]",,,,,,1,,,1,,,,"[""Stanton""]",,,,,,1,2,
efcbb80b-89e3-4746-acdd-078ff370a149,HaulCargo_SingleToMulti2_Processed_Mixed_QTFuelHydroFuelShipAmmo_Stanton1_SmallGrade1,,Hauling - Planetary,,Junior Rank - Small Cargo Haul,@Covalex_HaulCargo_SingleToMulti_title,"Hey,\n\nThe folks at <EM4>[LOCATION]</EM4> have what I like to call a “pilot’s special” waiting to be distributed - a haul of quantum fuel, hydrogen fuel, and ship ammo. Load it up from a freight elevator and deliver it to the following spots in whatever order works best for you. Expect the containers to all be <EM4>4 SCU</EM4> or smaller.   \n\nDROP OFF LOCATIONS (ANY ORDER)\n\n- Freight elevator at <EM4>[DESTINATION]</EM4>\n- Freight elevator at <EM4>[DESTINATION1]</EM4> \n\nBy the way, we strongly encourage contractors to bring a <EM4>handheld tractor beam</EM4> along.   \n\nThanks in advance for ensuring prompt service,\n\nChase Hewitt\nJr. Logistics Coordinator\nCovalex Shipping  \n'Anything you need, anywhere you need it.'\n\nCovalex Shipping is a limited liability corporation. To encourage timely deliveries and prevent fraud on cargo hauls, Covalex Shipping will set a delivery time limit and upon expiration, any undelivered cargo will be considered stolen and treated as such. Total payment will be prorated according to the percentage of cargo successfully delivered.",@Covalex_HaulCargo_SingleToMulti_Processed_Mixed_QTFuelHydroFuelShipAmmo,Covalex_HaulCargo_SingleToMulti_Processed_Mixed_QTFuelHydroFuelShipAmmo,65250,,1,,3b2f7882-73cc-41a4-9dce-f188d927e905,"[""e99a449d68bb"",""939db9c047f8"",""b5cb53e33fcd"",""95a32244f345"",""89a008e35ed9"",""c35c9d645e5d"",""5acdaddce185"",""df84706319ae"",""344489ef2811"",""b7c1fb236967"",""3ec008299c9d"",""d349a20587a2"",""8778a3f3b59c"",""d3473e61952b"",""64827e21d193"",""322451426163"",""074158cec93a"",""4bb7d5766b7c"",""2950082e2ec5"",""0f1b82d15bbf"",""70e2a4e15934"",""c11688d881bf"",""e69a2518b584"",""68086388492f"",""b873eaf28465"",""f40a07fbd12f"",""493a280f272d"",""b995beee5bb3"",""d3ed903f7000"",""547b54692c2b"",""c1d9c915309c"",""57d5a7e2054f"",""e15ed9ae26b0"",""3498b709fb3e"",""dfaa4ef80550"",""8ec2b5822f28"",""d51d9286b7ea"",""c78dabbac080"",""eac7f1ce3c0b"",""731b3f66d433"",""eda891a336d8"",""eaeb897a5b62"",""d075888b87ae"",""cc24d9eed492"",""aea1218cee3a"",""f5d285444203"",""c8ec90a805e4"",""d9e58924ece8"",""c78b26d569cd"",""6d40795eef36"",""b9cc5464bce2"",""f59373b33e29"",""919fb4980f6c"",""a49dc6443322"",""684acd6474b7"",""a854ef6fbec3"",""cc0b084257c7"",""28483b79f0db"",""8a9af4c27255"",""4993c8b73077"",""540e602749e8"",""d460d15a7d1b"",""5de9b063495a"",""d6cbb6d1bbf8"",""5535e1c9c8b5"",""d7f6e64900b0"",""e7b47cf6f5c5"",""9da35e2a2944"",""15a181728888""]",,"{""location"":[{""guid"":""551af60b-7727-4936-acc7-763d25d7a1de"",""name"":""Hurston"",""navIcon"":""Planet"",""star"":{""guid"":""34ff378f-faee-47bb-b5fe-f505e665c5ca"",""name"":""Stanton"",""navIcon"":""Star""}}]}","{""CargoRouteToken"":""@HaulCargo_CargoRoute_Planetary"",""CargoGradeToken"":""@HaulCargo_CargoGrade_Small"",""ReputationRank"":""@RepStanding_TransportGuild_Rank2"",""MissionMaxSCUSize"":""@FreightElevator_4SCU"",""SingleToMultiToken"":""@HaulCargo_2_SingleToMultiToken""}","{""guid"":""a2e76ff9-a8d9-46ee-9063-570cd2a06678"",""name"":""Junior"",""minReputation"":250,""nameKey"":""RepStanding_TransportGuild_Rank2"",""includeWhenSharing"":true}",,,false,false,,5,,,,,"[{""resource"":""b1e6f847e239"",""minSCU"":3,""maxSCU"":6,""maxContainerSize"":4},{""resource"":""7f13bf4d94d1"",""minSCU"":5,""maxSCU"":11,""maxContainerSize"":4},{""resource"":""a1e8ada12409"",""minSCU"":4,""maxSCU"":10,""maxContainerSize"":4},{""resource"":""b1e6f847e239"",""minSCU"":2,""maxSCU"":5,""maxContainerSize"":4}]",,,,,,1,,,1,,,,"[""Stanton""]",,,,,,1,2,
ee4dae8c-7b28-4bbf-bf72-3ce6b5b67a7f,HaulCargo_SingleToMulti2_RefinedOre_Corundum_Stanton_SmallGrade1,,Hauling - Stellar,,Junior Rank - Small Cargo Haul,@Covalex_HaulCargo_SingleToMulti_title,"Hi there,\n\nThe refinery at <EM4>[LOCATION]</EM4> has been busy. They’ve processed a bunch of <EM4>Corundum</EM4> into containers <EM4>4 SCU</EM4> or smaller, and are looking to get it shipped out from a freight elevator. I just checked with the LEOs to see which ones needed this stuff and was able to put together this run.  \n\nDROP OFF LOCATIONS (ANY ORDER)\n\n- Freight elevator at <EM4>[DESTINATION]</EM4>\n- Freight elevator at <EM4>[DESTINATION1]</EM4>\n\nShould be an easy run for you, if you’re free. \n\nBy the way, we strongly encourage contractors to bring a <EM4>handheld tractor beam</EM4> along.   \n\nThanks in advance for ensuring prompt service,\n\nChase Hewitt\nJr. Logistics Coordinator\nCovalex Shipping  \n'Anything you need, anywhere you need it.'\n\nCovalex Shipping is a limited liability corporation. To encourage timely deliveries and prevent fraud on cargo hauls, Covalex Shipping will set a delivery time limit and upon expiration, any undelivered cargo will be considered stolen and treated as such. Total payment will be prorated according to the percentage of cargo successfully delivered.",@Covalex_HaulCargo_SingleToMulti_RefinedOre,Covalex_HaulCargo_SingleToMulti_RefinedOre,52500,,1,,3b2f7882-73cc-41a4-9dce-f188d927e905,"[""e15ed9ae26b0"",""c78dabbac080"",""d075888b87ae"",""d9e58924ece8"",""684acd6474b7""]","[""7c7107f9f580"",""10b299e2ccf9"",""db17a1be6e86"",""0fcc1d84a327"",""e63d2da1ad36"",""32e3bb3ae27a"",""d56b03ec64ca"",""0c19e0494d99"",""59ce884e5a53"",""8ed6f459e7a4"",""2ed683252564"",""de212bfbf4b5"",""bbd717ea0069""]","{""location"":[{""guid"":""5a529db7-1a4e-45b0-bdcb-a5a0c7a7fc57"",""name"":""microTech"",""navIcon"":""Planet"",""star"":{""guid"":""34ff378f-faee-47bb-b5fe-f505e665c5ca"",""name"":""Stanton"",""navIcon"":""Star""}}]}","{""CargoRouteToken"":""@HaulCargo_CargoRoute_Solar"",""CargoGradeToken"":""@HaulCargo_CargoGrade_Small"",""ReputationRank"":""@RepStanding_TransportGuild_Rank2"",""MissionMaxSCUSize"":""@FreightElevator_4SCU"",""Item"":""@items_commodities_corundum"",""SingleToMultiToken"":""@HaulCargo_2_SingleToMultiToken""}","{""guid"":""a2e76ff9-a8d9-46ee-9063-570cd2a06678"",""name"":""Junior"",""minReputation"":250,""nameKey"":""RepStanding_TransportGuild_Rank2"",""includeWhenSharing"":true}",,,false,false,,5,,,,,"[{""resource"":""d3f586abbe5d"",""minSCU"":4,""maxSCU"":8,""maxContainerSize"":4},{""resource"":""d3f586abbe5d"",""minSCU"":4,""maxSCU"":8,""maxContainerSize"":4}]",,,,,,1,,,1,,,,,,,,,,1,2,
52f7d54d-8dca-4092-a1d8-8641a13961b3,HaulCargo_SingleToMulti3_Processed_Stims_Stanton1_SmallGrade2,,Hauling - Stellar,,Junior Rank - Small Cargo Haul,@Covalex_HaulCargo_SingleToMulti_title,"Hi,\n\nThere’s a load of stims at <EM4>[LOCATION]</EM4> ready to be picked up from a freight elevator and delivered to a few spots. They will be packaged up in containers <EM4>4 SCU</EM4> or smaller. Any chance you can knock this one out for me? \n\nDoesn’t matter what order you drop them off.    \n\nDROP OFF LOCATIONS (ANY ORDER)\n\n- Freight elevator at <EM4>[DESTINATION]</EM4>\n- Freight elevator at <EM4>[DESTINATION1]</EM4>\n- Freight elevator at <EM4>[DESTINATION2]</EM4>\n\nGlad I never picked up the habit myself because I swear I get more delivery update requests for “where are my stims?!?” than any other kind of shipment. \n\nBy the way, we strongly encourage contractors to bring a <EM4>handheld tractor beam</EM4> along.   \n\nThanks in advance for ensuring prompt service,\n\nChase Hewitt\nJr. Logistics Coordinator\nCovalex Shipping  \n'Anything you need, anywhere you need it.'\n\nCovalex Shipping is a limited liability corporation. To encourage timely deliveries and prevent fraud on cargo hauls, Covalex Shipping will set a delivery time limit and upon expiration, any undelivered cargo will be considered stolen and treated as such. Total payment will be prorated according to the percentage of cargo successfully delivered.",@Covalex_HaulCargo_SingleToMulti_Processed_Stims,Covalex_HaulCargo_SingleToMulti_Processed_Stims,60750,,1,,3b2f7882-73cc-41a4-9dce-f188d927e905,,"[""e95b4a8986f3"",""b59e5f3521ad"",""b3580d2b56f8"",""4411e7a6a465"",""757b267eceb1""]","{""location"":null}","{""CargoRouteToken"":""@HaulCargo_CargoRoute_Solar"",""CargoGradeToken"":""@HaulCargo_CargoGrade_Small"",""ReputationRank"":""@RepStanding_TransportGuild_Rank2"",""MissionMaxSCUSize"":""@FreightElevator_4SCU"",""SingleToMultiToken"":""@HaulCargo_3_SingleToMultiToken""}","{""guid"":""a2e76ff9-a8d9-46ee-9063-570cd2a06678"",""name"":""Junior"",""minReputation"":250,""nameKey"":""RepStanding_TransportGuild_Rank2"",""includeWhenSharing"":true}",,,false,false,,5,,,,,"[{""resource"":""33ac9b2f41af"",""minSCU"":3,""maxSCU"":5,""maxContainerSize"":4},{""resource"":""33ac9b2f41af"",""minSCU"":2,""maxSCU"":6,""maxContainerSize"":4},{""resource"":""33ac9b2f41af"",""minSCU"":3,""maxSCU"":5,""maxContainerSize"":4}]",,,,,,1,,,1,,,,,,,,,,1,3,
3b58a869-9604-4500-83d4-f3b7ee176228,HaulCargo_SingleToMulti3_Processed_Stims_Stanton2_SmallGrade1,,Hauling - Stellar,,Junior Rank - Small Cargo Haul,@Covalex_HaulCargo_SingleToMulti_title,"Hi,\n\nThere’s a load of stims at <EM4>[LOCATION]</EM4> ready to be picked up from a freight elevator and delivered to a few spots. They will be packaged up in containers <EM4>4 SCU</EM4> or smaller. Any chance you can knock this one out for me? \n\nDoesn’t matter what order you drop them off.    \n\nDROP OFF LOCATIONS (ANY ORDER)\n\n- Freight elevator at <EM4>[DESTINATION]</EM4>\n- Freight elevator at <EM4>[DESTINATION1]</EM4>\n- Freight elevator at <EM4>[DESTINATION2]</EM4>\n\nGlad I never picked up the habit myself because I swear I get more delivery update requests for “where are my stims?!?” than any other kind of shipment. \n\nBy the way, we strongly encourage contractors to bring a <EM4>handheld tractor beam</EM4> along.   \n\nThanks in advance for ensuring prompt service,\n\nChase Hewitt\nJr. Logistics Coordinator\nCovalex Shipping  \n'Anything you need, anywhere you need it.'\n\nCovalex Shipping is a limited liability corporation. To encourage timely deliveries and prevent fraud on cargo hauls, Covalex Shipping will set a delivery time limit and upon expiration, any undelivered cargo will be considered stolen and treated as such. Total payment will be prorated according to the percentage of cargo successfully delivered.",@Covalex_HaulCargo_SingleToMulti_Processed_Stims,Covalex_HaulCargo_SingleToMulti_Processed_Stims,67500,,1,,3b2f7882-73cc-41a4-9dce-f188d927e905,,"[""a135f4e98ad2"",""4a0bccec3491"",""02c36d96275b""]","{""location"":null}","{""CargoRouteToken"":""@HaulCargo_CargoRoute_Solar"",""CargoGradeToken"":""@HaulCargo_CargoGrade_Small"",""ReputationRank"":""@RepStanding_TransportGuild_Rank2"",""MissionMaxSCUSize"":""@FreightElevator_4SCU"",""SingleToMultiToken"":""@HaulCargo_3_SingleToMultiToken""}","{""guid"":""a2e76ff9-a8d9-46ee-9063-570cd2a06678"",""name"":""Junior"",""minReputation"":250,""nameKey"":""RepStanding_TransportGuild_Rank2"",""includeWhenSharing"":true}",,,false,false,,5,,,,,"[{""resource"":""33ac9b2f41af"",""minSCU"":3,""maxSCU"":5,""maxContainerSize"":4},{""resource"":""33ac9b2f41af"",""minSCU"":2,""maxSCU"":6,""maxContainerSize"":4},{""resource"":""33ac9b2f41af"",""minSCU"":3,""maxSCU"":5,""maxContainerSize"":4}]",,,,,,1,,,1,,,,,,,,,,1,3,
cf72467e-433b-46d7-b7c9-c7dd099683c8,HaulCargo_SingleToMulti3_Processed_Stims_Stanton3_SmallGrade,,Hauling - Stellar,,Junior Rank - Small Cargo Haul,@Covalex_HaulCargo_SingleToMulti_title,"Hi,\n\nThere’s a load of stims at <EM4>[LOCATION]</EM4> ready to be picked up from a freight elevator and delivered to a few spots. They will be packaged up in containers <EM4>4 SCU</EM4> or smaller. Any chance you can knock this one out for me? \n\nDoesn’t matter what order you drop them off.    \n\nDROP OFF LOCATIONS (ANY ORDER)\n\n- Freight elevator at <EM4>[DESTINATION]</EM4>\n- Freight elevator at <EM4>[DESTINATION1]</EM4>\n- Freight elevator at <EM4>[DESTINATION2]</EM4>\n\nGlad I never picked up the habit myself because I swear I get more delivery update requests for “where are my stims?!?” than any other kind of shipment. \n\nBy the way, we strongly encourage contractors to bring a <EM4>handheld tractor beam</EM4> along.   \n\nThanks in advance for ensuring prompt service,\n\nChase Hewitt\nJr. Logistics Coordinator\nCovalex Shipping  \n'Anything you need, anywhere you need it.'\n\nCovalex Shipping is a limited liability corporation. To encourage timely deliveries and prevent fraud on cargo hauls, Covalex Shipping will set a delivery time limit and upon expiration, any undelivered cargo will be considered stolen and treated as such. Total payment will be prorated according to the percentage of cargo successfully delivered.",@Covalex_HaulCargo_SingleToMulti_Processed_Stims,Covalex_HaulCargo_SingleToMulti_Processed_Stims,74250,,1,,3b2f7882-73cc-41a4-9dce-f188d927e905,,"[""cdbe5c5a9cc4"",""581b65066988"",""360e510ac13b"",""baff0c674b66"",""cd6ab6ce61a7""]","{""location"":null}","{""CargoRouteToken"":""@HaulCargo_CargoRoute_Solar"",""CargoGradeToken"":""@HaulCargo_CargoGrade_Small"",""ReputationRank"":""@RepStanding_TransportGuild_Rank2"",""MissionMaxSCUSize"":""@FreightElevator_4SCU"",""SingleToMultiToken"":""@HaulCargo_3_SingleToMultiToken""}","{""guid"":""a2e76ff9-a8d9-46ee-9063-570cd2a06678"",""name"":""Junior"",""minReputation"":250,""nameKey"":""RepStanding_TransportGuild_Rank2"",""includeWhenSharing"":true}",,,false,false,,5,,,,,"[{""resource"":""33ac9b2f41af"",""minSCU"":3,""maxSCU"":5,""maxContainerSize"":4},{""resource"":""33ac9b2f41af"",""minSCU"":2,""maxSCU"":6,""maxContainerSize"":4},{""resource"":""33ac9b2f41af"",""minSCU"":3,""maxSCU"":5,""maxContainerSize"":4}]",,,,,,1,,,1,,,,,,,,,,1,3,
9655caa7-bbd8-4089-81e2-83d500cc4863,HaulCargo_SingleToMulti4_Processed_Stims_Stanton1_SmallGrade1,,Hauling - Stellar,,Junior Rank - Small Cargo Haul,@Covalex_HaulCargo_SingleToMulti_title,"Hi,\n\nThere’s a load of stims at <EM4>[LOCATION]</EM4> ready to be picked up from a freight elevator and delivered to a few spots. They will be packaged up in containers <EM4>4 SCU</EM4> or smaller. Any chance you can knock this one out for me? \n\nDoesn’t matter what order you drop them off.    \n\nDROP OFF LOCATIONS (ANY ORDER)\n\n- Freight elevator at <EM4>[DESTINATION]</EM4>\n- Freight elevator at <EM4>[DESTINATION1]</EM4>\n- Freight elevator at <EM4>[DESTINATION2]</EM4>\n- Freight elevator at <EM4>[DESTINATION3]</EM4>\n\nGlad I never picked up the habit myself because I swear I get more delivery update requests for “where are my stims?!?” than any other kind of shipment. \n\nBy the way, we strongly encourage contractors to bring a <EM4>handheld tractor beam</EM4> along.   \n\nThanks in advance for ensuring prompt service,\n\nChase Hewitt\nJr. Logistics Coordinator\nCovalex Shipping  \n'Anything you need, anywhere you need it.'\n\nCovalex Shipping is a limited liability corporation. To encourage timely deliveries and prevent fraud on cargo hauls, Covalex Shipping will set a delivery time limit and upon expiration, any undelivered cargo will be considered stolen and treated as such. Total payment will be prorated according to the percentage of cargo successfully delivered.",@Covalex_HaulCargo_SingleToMulti_Processed_Stims,Covalex_HaulCargo_SingleToMulti_Processed_Stims,72500,,1,,3b2f7882-73cc-41a4-9dce-f188d927e905,,"[""e95b4a8986f3"",""b59e5f3521ad"",""b3580d2b56f8"",""4411e7a6a465"",""757b267eceb1""]","{""location"":null}","{""CargoRouteToken"":""@HaulCargo_CargoRoute_Solar"",""CargoGradeToken"":""@HaulCargo_CargoGrade_Small"",""ReputationRank"":""@RepStanding_TransportGuild_Rank2"",""MissionMaxSCUSize"":""@FreightElevator_4SCU"",""SingleToMultiToken"":""@HaulCargo_4_SingleToMultiToken""}","{""guid"":""a2e76ff9-a8d9-46ee-9063-570cd2a06678"",""name"":""Junior"",""minReputation"":250,""nameKey"":""RepStanding_TransportGuild_Rank2"",""includeWhenSharing"":true}",,,false,false,,5,,,,,"[{""resource"":""33ac9b2f41af"",""minSCU"":2,""maxSCU"":4,""maxContainerSize"":4},{""resource"":""33ac9b2f41af"",""minSCU"":2,""maxSCU"":4,""maxContainerSize"":4},{""resource"":""33ac9b2f41af"",""minSCU"":2,""maxSCU"":4,""maxContainerSize"":4},{""resource"":""33ac9b2f41af"",""minSCU"":2,""maxSCU"":4,""maxContainerSize"":4}]",,,,,,1,,,1,,,,,,,,,,1,4,
2f6162bf-fc09-4753-b4cc-02e85c724725,HaulCargo_SingleToMulti3_Gas_Hydrogen_Stanton_BulkGrade,,Hauling - Stellar,,Master Rank - Large Cargo Haul,@Covalex_HaulCargo_SingleToMulti_title,"Greetings, \n\nSeems like <EM4>[LOCATION]</EM4> currently has some <EM4>32 SCU</EM4> or smaller cargo that needs to be separated and delivered to a few different spots. \n\nDROP OFF LOCATIONS (ANY ORDER)\n\n- Freight elevator at <EM4>[DESTINATION]</EM4>\n- Freight elevator at <EM4>[DESTINATION1]</EM4>\n- Freight elevator at <EM4>[DESTINATION2]</EM4>\n\nDrop-offs can be done in whatever order works best for you.  \n\nBy the way, we strongly encourage contractors to bring a <EM4>handheld tractor beam</EM4> along.   \n\n[SIGN_OFF]\n\nChase Hewitt\nJr. Logistics Coordinator\nCovalex Shipping  \n'Anything you need, anywhere you need it.'\n\nCovalex Shipping is a limited liability corporation. To encourage timely deliveries and prevent fraud on cargo hauls, Covalex Shipping will set a delivery time limit and upon expiration, any undelivered cargo will be considered stolen and treated as such. Total payment will be prorated according to the percentage of cargo successfully delivered.",@HaulCargo_SingleToMulti_desc,Covalex_HaulCargo_SingleToMulti_desc_01,313250,,1,,3b2f7882-73cc-41a4-9dce-f188d927e905,"[""32d25a8fa1b9""]","[""db17a1be6e86"",""d819ce4e66cf"",""e63d2da1ad36"",""8126806f382a"",""2ed683252564"",""de212bfbf4b5""]","{""location"":[{""guid"":""34ff378f-faee-47bb-b5fe-f505e665c5ca"",""name"":""Stanton"",""navIcon"":""Star""}]}","{""CargoRouteToken"":""@HaulCargo_CargoRoute_Solar"",""CargoGradeToken"":""@HaulCargo_CargoGrade_Bulk"",""ReputationRank"":""@RepStanding_TransportGuild_Rank6"",""MissionMaxSCUSize"":""@FreightElevator_32SCU"",""SingleToMultiToken"":""@HaulCargo_3_SingleToMultiToken""}","{""guid"":""87aee2f8-e02f-40d1-bb91-61bdb6fb4222"",""name"":""Master"",""minReputation"":237750,""nameKey"":""RepStanding_TransportGuild_Rank6"",""includeWhenSharing"":true}",,,false,false,,20,,,,,"[{""resource"":""e4ce2ac56db8"",""minSCU"":341,""maxSCU"":938,""maxContainerSize"":32},{""resource"":""e4ce2ac56db8"",""minSCU"":340,""maxSCU"":939,""maxContainerSize"":32},{""resource"":""e4ce2ac56db8"",""minSCU"":341,""maxSCU"":938,""maxContainerSize"":32}]",,,,,,1,,,1,,,,,,,,,,1,3,
1a84c14e-96d9-4307-aefa-9cd8659610c9,HaulCargo_SingleToMulti4_Processed_Mixed_QTFuelHydroFuelShipAmmo_Stanton1_SupplyGrade,,Hauling - Planetary,,Master Rank - Medium Cargo Haul,@Covalex_HaulCargo_SingleToMulti_title,"Hey,\n\nThe folks at <EM4>[LOCATION]</EM4> have what I like to call a “pilot’s special” waiting to be distributed - a haul of quantum fuel, hydrogen fuel, and ship ammo. Load it up from a freight elevator and deliver it to the following spots in whatever order works best for you. Expect the containers to all be <EM4>16 SCU</EM4> or smaller.   \n\nDROP OFF LOCATIONS (ANY ORDER)\n\n- Freight elevator at <EM4>[DESTINATION]</EM4>\n- Freight elevator at <EM4>[DESTINATION1]</EM4>\n- Freight elevator at <EM4>[DESTINATION2]</EM4>\n- Freight elevator at <EM4>[DESTINATION3]</EM4> \n\nBy the way, we strongly encourage contractors to bring a <EM4>handheld tractor beam</EM4> along.   \n\nThanks in advance for ensuring prompt service,\n\nChase Hewitt\nJr. Logistics Coordinator\nCovalex Shipping  \n'Anything you need, anywhere you need it.'\n\nCovalex Shipping is a limited liability corporation. To encourage timely deliveries and prevent fraud on cargo hauls, Covalex Shipping will set a delivery time limit and upon expiration, any undelivered cargo will be considered stolen and treated as such. Total payment will be prorated according to the percentage of cargo successfully delivered.",@Covalex_HaulCargo_SingleToMulti_Processed_Mixed_QTFuelHydroFuelShipAmmo,Covalex_HaulCargo_SingleToMulti_Processed_Mixed_QTFuelHydroFuelShipAmmo,394250,,1,,3b2f7882-73cc-41a4-9dce-f188d927e905,"[""e99a449d68bb"",""939db9c047f8"",""b5cb53e33fcd"",""95a32244f345"",""89a008e35ed9"",""c35c9d645e5d"",""5acdaddce185"",""df84706319ae"",""344489ef2811"",""b7c1fb236967"",""3ec008299c9d"",""d349a20587a2"",""8778a3f3b59c"",""d3473e61952b"",""64827e21d193"",""322451426163"",""074158cec93a"",""4bb7d5766b7c"",""2950082e2ec5"",""0f1b82d15bbf"",""70e2a4e15934"",""c11688d881bf"",""e69a2518b584"",""68086388492f"",""b873eaf28465"",""f40a07fbd12f"",""493a280f272d"",""b995beee5bb3"",""d3ed903f7000"",""547b54692c2b"",""c1d9c915309c"",""57d5a7e2054f"",""e15ed9ae26b0"",""3498b709fb3e"",""dfaa4ef80550"",""8ec2b5822f28"",""d51d9286b7ea"",""c78dabbac080"",""eac7f1ce3c0b"",""731b3f66d433"",""eda891a336d8"",""eaeb897a5b62"",""d075888b87ae"",""cc24d9eed492"",""aea1218cee3a"",""f5d285444203"",""c8ec90a805e4"",""d9e58924ece8"",""c78b26d569cd"",""6d40795eef36"",""b9cc5464bce2"",""f59373b33e29"",""919fb4980f6c"",""a49dc6443322"",""684acd6474b7"",""a854ef6fbec3"",""cc0b084257c7"",""28483b79f0db"",""8a9af4c27255"",""4993c8b73077"",""540e602749e8"",""d460d15a7d1b"",""5de9b063495a"",""d6cbb6d1bbf8"",""5535e1c9c8b5"",""d7f6e64900b0"",""e7b47cf6f5c5"",""9da35e2a2944"",""15a181728888""]","[""7c7107f9f580"",""4c989742e9ab"",""59ce884e5a53"",""bbd717ea0069"",""7e6f1702d348"",""cc76fc07b471"",""0fcc1d84a327"",""269b504a4b6b"",""8ed6f459e7a4""]","{""location"":[{""guid"":""551af60b-7727-4936-acc7-763d25d7a1de"",""name"":""Hurston"",""navIcon"":""Planet"",""star"":{""guid"":""34ff378f-faee-47bb-b5fe-f505e665c5ca"",""name"":""Stanton"",""navIcon"":""Star""}}]}","{""CargoRouteToken"":""@HaulCargo_CargoRoute_Planetary"",""CargoGradeToken"":""@HaulCargo_CargoGrade_Supply"",""ReputationRank"":""@RepStanding_TransportGuild_Rank6"",""MissionMaxSCUSize"":""@FreightElevator_16SCU"",""SingleToMultiToken"":""@HaulCargo_4_SingleToMultiToken""}","{""guid"":""87aee2f8-e02f-40d1-bb91-61bdb6fb4222"",""name"":""Master"",""minReputation"":237750,""nameKey"":""RepStanding_TransportGuild_Rank6"",""includeWhenSharing"":true}",,,false,false,,10,,,,,"[{""resource"":""b1e6f847e239"",""minSCU"":41,""maxSCU"":72,""maxContainerSize"":16},{""resource"":""7f13bf4d94d1"",""minSCU"":81,""maxSCU"":144,""maxContainerSize"":16},{""resource"":""a1e8ada12409"",""minSCU"":82,""maxSCU"":144,""maxContainerSize"":16},{""resource"":""b1e6f847e239"",""minSCU"":40,""maxSCU"":72,""maxContainerSize"":16}]",,,,,,1,,,1,,,,"[""Stanton""]",,,,,,1,4,
d4a28f4e-8a31-404d-ab20-bb6d6d42124d,HaulCargo_SingleToMulti4_Processed_Mixed_QTFuelHydroFuelShipAmmo_Stanton4_SupplyGrade1,,Hauling - Stellar,,Master Rank - Medium Cargo Haul,@Covalex_HaulCargo_SingleToMulti_title,"Hey,\n\nThe folks at <EM4>[LOCATION]</EM4> have what I like to call a “pilot’s special” waiting to be distributed - a haul of quantum fuel, hydrogen fuel, and ship ammo. Load it up from a freight elevator and deliver it to the following spots in whatever order works best for you. Expect the containers to all be <EM4>16 SCU</EM4> or smaller.   \n\nDROP OFF LOCATIONS (ANY ORDER)\n\n- Freight elevator at <EM4>[DESTINATION]</EM4>\n- Freight elevator at <EM4>[DESTINATION1]</EM4>\n- Freight elevator at <EM4>[DESTINATION2]</EM4>\n- Freight elevator at <EM4>[DESTINATION3]</EM4> \n\nBy the way, we strongly encourage contractors to bring a <EM4>handheld tractor beam</EM4> along.   \n\nThanks in advance for ensuring prompt service,\n\nChase Hewitt\nJr. Logistics Coordinator\nCovalex Shipping  \n'Anything you need, anywhere you need it.'\n\nCovalex Shipping is a limited liability corporation. To encourage timely deliveries and prevent fraud on cargo hauls, Covalex Shipping will set a delivery time limit and upon expiration, any undelivered cargo will be considered stolen and treated as such. Total payment will be prorated according to the percentage of cargo successfully delivered.",@Covalex_HaulCargo_SingleToMulti_Processed_Mixed_QTFuelHydroFuelShipAmmo,Covalex_HaulCargo_SingleToMulti_Processed_Mixed_QTFuelHydroFuelShipAmmo,369500,,1,,3b2f7882-73cc-41a4-9dce-f188d927e905,,"[""018f9a8014f4"",""f6d49b8ef987"",""afc85b274a27"",""51c7fcbf4b91"",""f14fda6625d9""]","{""location"":null}","{""CargoRouteToken"":""@HaulCargo_CargoRoute_Solar"",""CargoGradeToken"":""@HaulCargo_CargoGrade_Supply"",""ReputationRank"":""@RepStanding_TransportGuild_Rank6"",""MissionMaxSCUSize"":""@FreightElevator_16SCU"",""SingleToMultiToken"":""@HaulCargo_4_SingleToMultiToken""}","{""guid"":""87aee2f8-e02f-40d1-bb91-61bdb6fb4222"",""name"":""Master"",""minReputation"":237750,""nameKey"":""RepStanding_TransportGuild_Rank6"",""includeWhenSharing"":true}",,,false,false,,10,,,,,"[{""resource"":""b1e6f847e239"",""minSCU"":41,""maxSCU"":72,""maxContainerSize"":16},{""resource"":""7f13bf4d94d1"",""minSCU"":81,""maxSCU"":144,""maxContainerSize"":16},{""resource"":""a1e8ada12409"",""minSCU"":82,""maxSCU"":144,""maxContainerSize"":16},{""resource"":""b1e6f847e239"",""minSCU"":40,""maxSCU"":72,""maxContainerSize"":16}]",,,,,,1,,,1,,,,,,,,,,1,4,
e945d5ef-d55c-4b61-97c5-9b7447b5764a,HaulCargo_SingleToMulti4_RefinedOre_Mixed_AluminiumTitanium_Stanton_SupplyGrade,,Hauling - Stellar,,Master Rank - Medium Cargo Haul,@Covalex_HaulCargo_SingleToMulti_title,"Hey,\n\nThe refinery at <EM4>[LOCATION]</EM4> has been busy. They’ve processed a mix of refined ores and are looking to get the containers (<EM4>16 SCU</EM4> or smaller) shipped out from a freight elevator. I just checked with the LEOs to see where this stuff is needed and was able to put together this run.  \n\nDROP OFF LOCATIONS (ANY ORDER)\n\n- Freight elevator at <EM4>[DESTINATION]</EM4>\n- Freight elevator at <EM4>[DESTINATION1]</EM4>\n- Freight elevator at <EM4>[DESTINATION2]</EM4>\n- Freight elevator at <EM4>[DESTINATION3]</EM4>\n\nShould be an easy run for you, if you’re free. \n\nBy the way, we strongly encourage contractors to bring a <EM4>handheld tractor beam</EM4> along.   \n\nThanks in advance for ensuring prompt service,\n\nChase Hewitt\nJr. Logistics Coordinator\nCovalex Shipping  \n'Anything you need, anywhere you need it.'\n\nCovalex Shipping is a limited liability corporation. To encourage timely deliveries and prevent fraud on cargo hauls, Covalex Shipping will set a delivery time limit and upon expiration, any undelivered cargo will be considered stolen and treated as such. Total payment will be prorated according to the percentage of cargo successfully delivered.",@Covalex_HaulCargo_SingleToMulti_desc_RefinedOre_Mixed,Covalex_HaulCargo_SingleToMulti_desc_RefinedOre_Mixed,383000,,1,,3b2f7882-73cc-41a4-9dce-f188d927e905,"[""d349a20587a2"",""a49dc6443322"",""cc0b084257c7""]","[""7c7107f9f580"",""10b299e2ccf9"",""db17a1be6e86"",""0fcc1d84a327"",""e63d2da1ad36"",""32e3bb3ae27a"",""d56b03ec64ca"",""0c19e0494d99"",""59ce884e5a53"",""8ed6f459e7a4"",""2ed683252564"",""de212bfbf4b5"",""bbd717ea0069""]","{""location"":[{""guid"":""34ff378f-faee-47bb-b5fe-f505e665c5ca"",""name"":""Stanton"",""navIcon"":""Star""}]}","{""CargoRouteToken"":""@HaulCargo_CargoRoute_Solar"",""CargoGradeToken"":""@HaulCargo_CargoGrade_Supply"",""ReputationRank"":""@RepStanding_TransportGuild_Rank6"",""MissionMaxSCUSize"":""@FreightElevator_16SCU"",""SingleToMultiToken"":""@HaulCargo_4_SingleToMultiToken""}","{""guid"":""87aee2f8-e02f-40d1-bb91-61bdb6fb4222"",""name"":""Master"",""minReputation"":237750,""nameKey"":""RepStanding_TransportGuild_Rank6"",""includeWhenSharing"":true}",,,false,false,,10,,,,,"[{""resource"":""114e57c0cc6e"",""minSCU"":61,""maxSCU"":108,""maxContainerSize"":16},{""resource"":""6c1aad782b33"",""minSCU"":61,""maxSCU"":108,""maxContainerSize"":16},{""resource"":""114e57c0cc6e"",""minSCU"":61,""maxSCU"":108,""maxContainerSize"":16},{""resource"":""6c1aad782b33"",""minSCU"":61,""maxSCU"":108,""maxContainerSize"":16}]",,,,,,1,,,1,,,,,,,,,,1,4,
c926101c-4d2a-4014-8ff8-cec7c7b24ff5,HaulCargo_SingleToMulti4_RefinedOre_Mixed_AluminiumTungsten_Stanton_SupplyGrade,,Hauling - Stellar,,Master Rank - Medium Cargo Haul,@Covalex_HaulCargo_SingleToMulti_title,"Hey,\n\nThe refinery at <EM4>[LOCATION]</EM4> has been busy. They’ve processed a mix of refined ores and are looking to get the containers (<EM4>16 SCU</EM4> or smaller) shipped out from a freight elevator. I just checked with the LEOs to see where this stuff is needed and was able to put together this run.  \n\nDROP OFF LOCATIONS (ANY ORDER)\n\n- Freight elevator at <EM4>[DESTINATION]</EM4>\n- Freight elevator at <EM4>[DESTINATION1]</EM4>\n- Freight elevator at <EM4>[DESTINATION2]</EM4>\n- Freight elevator at <EM4>[DESTINATION3]</EM4>\n\nShould be an easy run for you, if you’re free. \n\nBy the way, we strongly encourage contractors to bring a <EM4>handheld tractor beam</EM4> along.   \n\nThanks in advance for ensuring prompt service,\n\nChase Hewitt\nJr. Logistics Coordinator\nCovalex Shipping  \n'Anything you need, anywhere you need it.'\n\nCovalex Shipping is a limited liability corporation. To encourage timely deliveries and prevent fraud on cargo hauls, Covalex Shipping will set a delivery time limit and upon expiration, any undelivered cargo will be considered stolen and treated as such. Total payment will be prorated according to the percentage of cargo successfully delivered.",@Covalex_HaulCargo_SingleToMulti_desc_RefinedOre_Mixed,Covalex_HaulCargo_SingleToMulti_desc_RefinedOre_Mixed,395500,,1,,3b2f7882-73cc-41a4-9dce-f188d927e905,"[""d349a20587a2"",""a49dc6443322"",""cc0b084257c7""]","[""7c7107f9f580"",""10b299e2ccf9"",""db17a1be6e86"",""0fcc1d84a327"",""e63d2da1ad36"",""32e3bb3ae27a"",""d56b03ec64ca"",""0c19e0494d99"",""59ce884e5a53"",""8ed6f459e7a4"",""2ed683252564"",""de212bfbf4b5"",""bbd717ea0069""]","{""location"":[{""guid"":""34ff378f-faee-47bb-b5fe-f505e665c5ca"",""name"":""Stanton"",""navIcon"":""Star""}]}","{""CargoRouteToken"":""@HaulCargo_CargoRoute_Solar"",""CargoGradeToken"":""@HaulCargo_CargoGrade_Supply"",""ReputationRank"":""@RepStanding_TransportGuild_Rank6"",""MissionMaxSCUSize"":""@FreightElevator_16SCU"",""SingleToMultiToken"":""@HaulCargo_4_SingleToMultiToken""}","{""guid"":""87aee2f8-e02f-40d1-bb91-61bdb6fb4222"",""name"":""Master"",""minReputation"":237750,""nameKey"":""RepStanding_TransportGuild_Rank6"",""includeWhenSharing"":true}",,,false,false,,10,,,,,"[{""resource"":""114e57c0cc6e"",""minSCU"":61,""maxSCU"":108,""maxContainerSize"":16},{""resource"":""77b7c49f0863"",""minSCU"":61,""maxSCU"":108,""maxContainerSize"":16},{""resource"":""114e57c0cc6e"",""minSCU"":61,""maxSCU"":108,""maxContainerSize"":16},{""resource"":""77b7c49f0863"",""minSCU"":61,""maxSCU"":108,""maxContainerSize"":16}]",,,,,,1,,,1,,,,,,,,,,1,4,
f78b4f8f-cfec-4f98-a683-720961967578,HaulCargo_SingleToMulti4_RefinedOre_Mixed_AluminiumTungsten_Stanton_SupplyGrade1,,Hauling - Stellar,,Master Rank - Medium Cargo Haul,@Covalex_HaulCargo_SingleToMulti_title,"Hey,\n\nThe refinery at <EM4>[LOCATION]</EM4> has been busy. They’ve processed a mix of refined ores and are looking to get the containers (<EM4>16 SCU</EM4> or smaller) shipped out from a freight elevator. I just checked with the LEOs to see where this stuff is needed and was able to put together this run.  \n\nDROP OFF LOCATIONS (ANY ORDER)\n\n- Freight elevator at <EM4>[DESTINATION]</EM4>\n- Freight elevator at <EM4>[DESTINATION1]</EM4>\n- Freight elevator at <EM4>[DESTINATION2]</EM4>\n- Freight elevator at <EM4>[DESTINATION3]</EM4>\n\nShould be an easy run for you, if you’re free. \n\nBy the way, we strongly encourage contractors to bring a <EM4>handheld tractor beam</EM4> along.   \n\nThanks in advance for ensuring prompt service,\n\nChase Hewitt\nJr. Logistics Coordinator\nCovalex Shipping  \n'Anything you need, anywhere you need it.'\n\nCovalex Shipping is a limited liability corporation. To encourage timely deliveries and prevent fraud on cargo hauls, Covalex Shipping will set a delivery time limit and upon expiration, any undelivered cargo will be considered stolen and treated as such. Total payment will be prorated according to the percentage of cargo successfully delivered.",@Covalex_HaulCargo_SingleToMulti_desc_RefinedOre_Mixed,Covalex_HaulCargo_SingleToMulti_desc_RefinedOre_Mixed,390000,,1,,3b2f7882-73cc-41a4-9dce-f188d927e905,"[""939db9c047f8"",""4bb7d5766b7c"",""dfaa4ef80550"",""eda891a336d8"",""6d40795eef36""]","[""7c7107f9f580"",""10b299e2ccf9"",""db17a1be6e86"",""0fcc1d84a327"",""e63d2da1ad36"",""32e3bb3ae27a"",""d56b03ec64ca"",""0c19e0494d99"",""59ce884e5a53"",""8ed6f459e7a4"",""2ed683252564"",""de212bfbf4b5"",""bbd717ea0069""]","{""location"":[{""guid"":""34ff378f-faee-47bb-b5fe-f505e665c5ca"",""name"":""Stanton"",""navIcon"":""Star""}]}","{""CargoRouteToken"":""@HaulCargo_CargoRoute_Solar"",""CargoGradeToken"":""@HaulCargo_CargoGrade_Supply"",""ReputationRank"":""@RepStanding_TransportGuild_Rank6"",""MissionMaxSCUSize"":""@FreightElevator_16SCU"",""SingleToMultiToken"":""@HaulCargo_4_SingleToMultiToken""}","{""guid"":""87aee2f8-e02f-40d1-bb91-61bdb6fb4222"",""name"":""Master"",""minReputation"":237750,""nameKey"":""RepStanding_TransportGuild_Rank6"",""includeWhenSharing"":true}",,,false,false,,10,,,,,"[{""resource"":""114e57c0cc6e"",""minSCU"":61,""maxSCU"":108,""maxContainerSize"":16},{""resource"":""77b7c49f0863"",""minSCU"":61,""maxSCU"":108,""maxContainerSize"":16},{""resource"":""114e57c0cc6e"",""minSCU"":61,""maxSCU"":108,""maxContainerSize"":16},{""resource"":""77b7c49f0863"",""minSCU"":61,""maxSCU"":108,""maxContainerSize"":16}]",,,,,,1,,,1,,,,,,,,,,1,4,
c3e5963c-2a51-403a-8630-a6e05e868331,HaulCargo_SingleToMulti4_RefinedOre_Mixed_AluminiumTungstenCorundum_Stanton_SupplyGrade,,Hauling - Stellar,,Master Rank - Medium Cargo Haul,@Covalex_HaulCargo_SingleToMulti_title,"Hey,\n\nThe refinery at <EM4>[LOCATION]</EM4> has been busy. They’ve processed a mix of refined ores and are looking to get the containers (<EM4>16 SCU</EM4> or smaller) shipped out from a freight elevator. I just checked with the LEOs to see where this stuff is needed and was able to put together this run.  \n\nDROP OFF LOCATIONS (ANY ORDER)\n\n- Freight elevator at <EM4>[DESTINATION]</EM4>\n- Freight elevator at <EM4>[DESTINATION1]</EM4>\n- Freight elevator at <EM4>[DESTINATION2]</EM4>\n- Freight elevator at <EM4>[DESTINATION3]</EM4>\n\nShould be an easy run for you, if you’re free. \n\nBy the way, we strongly encourage contractors to bring a <EM4>handheld tractor beam</EM4> along.   \n\nThanks in advance for ensuring prompt service,\n\nChase Hewitt\nJr. Logistics Coordinator\nCovalex Shipping  \n'Anything you need, anywhere you need it.'\n\nCovalex Shipping is a limited liability corporation. To encourage timely deliveries and prevent fraud on cargo hauls, Covalex Shipping will set a delivery time limit and upon expiration, any undelivered cargo will be considered stolen and treated as such. Total payment will be prorated according to the percentage of cargo successfully delivered.",@Covalex_HaulCargo_SingleToMulti_desc_RefinedOre_Mixed,Covalex_HaulCargo_SingleToMulti_desc_RefinedOre_Mixed,387000,,1,,3b2f7882-73cc-41a4-9dce-f188d927e905,"[""939db9c047f8"",""4bb7d5766b7c"",""dfaa4ef80550"",""eda891a336d8"",""6d40795eef36""]","[""7c7107f9f580"",""10b299e2ccf9"",""db17a1be6e86"",""0fcc1d84a327"",""e63d2da1ad36"",""32e3bb3ae27a"",""d56b03ec64ca"",""0c19e0494d99"",""59ce884e5a53"",""8ed6f459e7a4"",""2ed683252564"",""de212bfbf4b5"",""bbd717ea0069""]","{""location"":[{""guid"":""34ff378f-faee-47bb-b5fe-f505e665c5ca"",""name"":""Stanton"",""navIcon"":""Star""}]}","{""CargoRouteToken"":""@HaulCargo_CargoRoute_Solar"",""CargoGradeToken"":""@HaulCargo_CargoGrade_Supply"",""ReputationRank"":""@RepStanding_TransportGuild_Rank6"",""MissionMaxSCUSize"":""@FreightElevator_16SCU"",""SingleToMultiToken"":""@HaulCargo_4_SingleToMultiToken""}","{""guid"":""87aee2f8-e02f-40d1-bb91-61bdb6fb4222"",""name"":""Master"",""minReputation"":237750,""nameKey"":""RepStanding_TransportGuild_Rank6"",""includeWhenSharing"":true}",,,false,false,,10,,,,,"[{""resource"":""114e57c0cc6e"",""minSCU"":57,""maxSCU"":100,""maxContainerSize"":16},{""resource"":""77b7c49f0863"",""minSCU"":114,""maxSCU"":200,""maxContainerSize"":16},{""resource"":""d3f586abbe5d"",""minSCU"":14,""maxSCU"":32,""maxContainerSize"":8},{""resource"":""114e57c0cc6e"",""minSCU"":57,""maxSCU"":100,""maxContainerSize"":16}]",,,,,,1,,,1,,,,,,,,,,1,4,
7fa500b8-316a-469a-920a-ede2797765ea,HaulCargo_SingleToMulti4_RefinedOre_Mixed_QuartzCorundum_Stanton_SupplyGrade,,Hauling - Stellar,,Master Rank - Medium Cargo Haul,@Covalex_HaulCargo_SingleToMulti_title,"Hey,\n\nThe refinery at <EM4>[LOCATION]</EM4> has been busy. They’ve processed a mix of refined ores and are looking to get the containers (<EM4>16 SCU</EM4> or smaller) shipped out from a freight elevator. I just checked with the LEOs to see where this stuff is needed and was able to put together this run.  \n\nDROP OFF LOCATIONS (ANY ORDER)\n\n- Freight elevator at <EM4>[DESTINATION]</EM4>\n- Freight elevator at <EM4>[DESTINATION1]</EM4>\n- Freight elevator at <EM4>[DESTINATION2]</EM4>\n- Freight elevator at <EM4>[DESTINATION3]</EM4>\n\nShould be an easy run for you, if you’re free. \n\nBy the way, we strongly encourage contractors to bring a <EM4>handheld tractor beam</EM4> along.   \n\nThanks in advance for ensuring prompt service,\n\nChase Hewitt\nJr. Logistics Coordinator\nCovalex Shipping  \n'Anything you need, anywhere you need it.'\n\nCovalex Shipping is a limited liability corporation. To encourage timely deliveries and prevent fraud on cargo hauls, Covalex Shipping will set a delivery time limit and upon expiration, any undelivered cargo will be considered stolen and treated as such. Total payment will be prorated according to the percentage of cargo successfully delivered.",@Covalex_HaulCargo_SingleToMulti_desc_RefinedOre_Mixed,Covalex_HaulCargo_SingleToMulti_desc_RefinedOre_Mixed,384000,,1,,3b2f7882-73cc-41a4-9dce-f188d927e905,"[""e15ed9ae26b0"",""c78dabbac080"",""d075888b87ae"",""d9e58924ece8"",""684acd6474b7""]","[""7c7107f9f580"",""10b299e2ccf9"",""db17a1be6e86"",""0fcc1d84a327"",""e63d2da1ad36"",""32e3bb3ae27a"",""d56b03ec64ca"",""0c19e0494d99"",""59ce884e5a53"",""8ed6f459e7a4"",""2ed683252564"",""de212bfbf4b5"",""bbd717ea0069""]","{""location"":[{""guid"":""34ff378f-faee-47bb-b5fe-f505e665c5ca"",""name"":""Stanton"",""navIcon"":""Star""}]}","{""CargoRouteToken"":""@HaulCargo_CargoRoute_Solar"",""CargoGradeToken"":""@HaulCargo_CargoGrade_Supply"",""ReputationRank"":""@RepStanding_TransportGuild_Rank6"",""MissionMaxSCUSize"":""@FreightElevator_16SCU"",""SingleToMultiToken"":""@HaulCargo_4_SingleToMultiToken""}","{""guid"":""87aee2f8-e02f-40d1-bb91-61bdb6fb4222"",""name"":""Master"",""minReputation"":237750,""nameKey"":""RepStanding_TransportGuild_Rank6"",""includeWhenSharing"":true}",,,false,false,,10,,,,,"[{""resource"":""8f116d732e1e"",""minSCU"":115,""maxSCU"":200,""maxContainerSize"":16},{""resource"":""d3f586abbe5d"",""minSCU"":7,""maxSCU"":16,""maxContainerSize"":4},{""resource"":""8f116d732e1e"",""minSCU"":115,""maxSCU"":200,""maxContainerSize"":16},{""resource"":""d3f586abbe5d"",""minSCU"":7,""maxSCU"":16,""maxContainerSize"":4}]",,,,,,1,,,1,,,,,,,,,,1,4,
05d7a11d-8720-47c7-9d50-b5d7a03fef0e,HaulCargo_Multi2ToSingle_Waste_Mixed_ScrapWaste_Stanton4_SupplyGrade,,Hauling - Planetary,,Member Rank - Medium Cargo Haul,@Covalex_HaulCargo_MultiToSingle_title,"Hello!\n\nThere’s a load of cargo (<EM4>8 SCU</EM4> or smaller) that needs to be delivered to a freight elevator at <EM4>[DESTINATION]</EM4>. The only thing is that the cargo is spread across a few locations, which I’ve listed out below.  \n\nPICK UP LOCATIONS (ANY ORDER)\n\n- Freight elevator at <EM4>[LOCATION]</EM4>\n- Freight elevator at <EM4>[LOCATION1]</EM4>\n\nMakes no difference what order you grab the stuff, as long as it’s all delivered.\n\nBy the way, we strongly encourage contractors to bring a <EM4>handheld tractor beam</EM4> along.   \n\n[SIGN_OFF]\n\nChase Hewitt\nJr. Logistics Coordinator\nCovalex Shipping  \n'Anything you need, anywhere you need it.'\n\nCovalex Shipping is a limited liability corporation. To encourage timely deliveries and prevent fraud on cargo hauls, Covalex Shipping will set a delivery time limit and upon expiration, any undelivered cargo will be considered stolen and treated as such. Total payment will be prorated according to the percentage of cargo successfully delivered.",@HaulCargo_MultiToSingle_desc,Covalex_HaulCargo_MultiToSingle_desc_01,84000,,1,,3b2f7882-73cc-41a4-9dce-f188d927e905,"[""15a181728888""]","[""7e6f1702d348"",""cc76fc07b471"",""db17a1be6e86"",""e63d2da1ad36"",""32e3bb3ae27a"",""2ed683252564""]","{""location"":[{""guid"":""5a529db7-1a4e-45b0-bdcb-a5a0c7a7fc57"",""name"":""microTech"",""navIcon"":""Planet"",""star"":{""guid"":""34ff378f-faee-47bb-b5fe-f505e665c5ca"",""name"":""Stanton"",""navIcon"":""Star""}}]}","{""CargoRouteToken"":""@HaulCargo_CargoRoute_Planetary"",""CargoGradeToken"":""@HaulCargo_CargoGrade_Supply"",""ReputationRank"":""@RepStanding_TransportGuild_Rank3"",""MissionMaxSCUSize"":""@FreightElevator_8SCU"",""MultiToSingleToken"":""@HaulCargo_2_MultiToSingleToken""}","{""guid"":""d8485181-6938-42ce-bb8a-b76631955a44"",""name"":""Member"",""minReputation"":5250,""nameKey"":""RepStanding_TransportGuild_Rank3"",""includeWhenSharing"":true}",,,false,false,,10,,,,,"[{""resource"":""977fe39d1cc1"",""minSCU"":20,""maxSCU"":28,""maxContainerSize"":8},{""resource"":""977fe39d1cc1"",""minSCU"":20,""maxSCU"":28,""maxContainerSize"":8},{""resource"":""c5ab7d0672fd"",""minSCU"":20,""maxSCU"":28,""maxContainerSize"":8},{""resource"":""c5ab7d0672fd"",""minSCU"":20,""maxSCU"":28,""maxContainerSize"":8}]",,,,,,1,,,1,,,,"[""Stanton""]",,,,,,2,1,
0a4efc1f-f643-4048-bd32-883319b72a93,HaulCargo_SingleToMulti2_RefinedOre_Mixed_AluminiumTitanium_Stanton_SupplyGrade,,Hauling - Stellar,,Member Rank - Medium Cargo Haul,@Covalex_HaulCargo_SingleToMulti_title,"Greetings, \n\nSeems like <EM4>[LOCATION]</EM4> currently has some <EM4>8 SCU</EM4> or smaller cargo that needs to be separated and delivered to a few different spots. \n\nDROP OFF LOCATIONS (ANY ORDER)\n\n- Freight elevator at <EM4>[DESTINATION]</EM4>\n- Freight elevator at <EM4>[DESTINATION1]</EM4>\n\nDrop-offs can be done in whatever order works best for you.  \n\nBy the way, we strongly encourage contractors to bring a <EM4>handheld tractor beam</EM4> along.   \n\n[SIGN_OFF]\n\nChase Hewitt\nJr. Logistics Coordinator\nCovalex Shipping  \n'Anything you need, anywhere you need it.'\n\nCovalex Shipping is a limited liability corporation. To encourage timely deliveries and prevent fraud on cargo hauls, Covalex Shipping will set a delivery time limit and upon expiration, any undelivered cargo will be considered stolen and treated as such. Total payment will be prorated according to the percentage of cargo successfully delivered.",@HaulCargo_SingleToMulti_desc,Covalex_HaulCargo_SingleToMulti_desc_01,79250,,1,,3b2f7882-73cc-41a4-9dce-f188d927e905,"[""d349a20587a2"",""a49dc6443322"",""cc0b084257c7""]","[""7c7107f9f580"",""10b299e2ccf9"",""db17a1be6e86"",""0fcc1d84a327"",""e63d2da1ad36"",""32e3bb3ae27a"",""d56b03ec64ca"",""0c19e0494d99"",""59ce884e5a53"",""8ed6f459e7a4"",""2ed683252564"",""de212bfbf4b5"",""bbd717ea0069""]","{""location"":[{""guid"":""34ff378f-faee-47bb-b5fe-f505e665c5ca"",""name"":""Stanton"",""navIcon"":""Star""}]}","{""CargoRouteToken"":""@HaulCargo_CargoRoute_Solar"",""CargoGradeToken"":""@HaulCargo_CargoGrade_Supply"",""ReputationRank"":""@RepStanding_TransportGuild_Rank3"",""MissionMaxSCUSize"":""@FreightElevator_8SCU"",""SingleToMultiToken"":""@HaulCargo_2_SingleToMultiToken""}","{""guid"":""d8485181-6938-42ce-bb8a-b76631955a44"",""name"":""Member"",""minReputation"":5250,""nameKey"":""RepStanding_TransportGuild_Rank3"",""includeWhenSharing"":true}",,,false,false,,10,,,,,"[{""resource"":""114e57c0cc6e"",""minSCU"":20,""maxSCU"":28,""maxContainerSize"":8},{""resource"":""114e57c0cc6e"",""minSCU"":20,""maxSCU"":28,""maxContainerSize"":8},{""resource"":""6c1aad782b33"",""minSCU"":20,""maxSCU"":28,""maxContainerSize"":8},{""resource"":""6c1aad782b33"",""minSCU"":20,""maxSCU"":28,""maxContainerSize"":8}]",,,,,,1,,,1,,,,,,,,,,1,2,
543e1d62-635f-4b56-964b-416b8a762cd6,HaulCargo_SingleToMulti2_RefinedOre_Mixed_AluminiumTungsten_Stanton_SupplyGrade,,Hauling - Stellar,,Member Rank - Medium Cargo Haul,@Covalex_HaulCargo_SingleToMulti_title,"Hey,\n\nThe refinery at <EM4>[LOCATION]</EM4> has been busy. They’ve processed a mix of refined ores and are looking to get the containers (<EM4>8 SCU</EM4> or smaller) shipped out from a freight elevator. I just checked with the LEOs to see where this stuff is needed and was able to put together this run.  \n\nDROP OFF LOCATIONS (ANY ORDER)\n\n- Freight elevator at <EM4>[DESTINATION]</EM4>\n- Freight elevator at <EM4>[DESTINATION1]</EM4>\n\nShould be an easy run for you, if you’re free. \n\nBy the way, we strongly encourage contractors to bring a <EM4>handheld tractor beam</EM4> along.   \n\nThanks in advance for ensuring prompt service,\n\nChase Hewitt\nJr. Logistics Coordinator\nCovalex Shipping  \n'Anything you need, anywhere you need it.'\n\nCovalex Shipping is a limited liability corporation. To encourage timely deliveries and prevent fraud on cargo hauls, Covalex Shipping will set a delivery time limit and upon expiration, any undelivered cargo will be considered stolen and treated as such. Total payment will be prorated according to the percentage of cargo successfully delivered.",@Covalex_HaulCargo_SingleToMulti_desc_RefinedOre_Mixed,Covalex_HaulCargo_SingleToMulti_desc_RefinedOre_Mixed,76000,,1,,3b2f7882-73cc-41a4-9dce-f188d927e905,"[""939db9c047f8"",""4bb7d5766b7c"",""dfaa4ef80550"",""eda891a336d8"",""6d40795eef36""]","[""7c7107f9f580"",""10b299e2ccf9"",""db17a1be6e86"",""0fcc1d84a327"",""e63d2da1ad36"",""32e3bb3ae27a"",""d56b03ec64ca"",""0c19e0494d99"",""59ce884e5a53"",""8ed6f459e7a4"",""2ed683252564"",""de212bfbf4b5"",""bbd717ea0069""]","{""location"":[{""guid"":""34ff378f-faee-47bb-b5fe-f505e665c5ca"",""name"":""Stanton"",""navIcon"":""Star""}]}","{""CargoRouteToken"":""@HaulCargo_CargoRoute_Solar"",""CargoGradeToken"":""@HaulCargo_CargoGrade_Supply"",""ReputationRank"":""@RepStanding_TransportGuild_Rank3"",""MissionMaxSCUSize"":""@FreightElevator_8SCU"",""SingleToMultiToken"":""@HaulCargo_2_SingleToMultiToken""}","{""guid"":""d8485181-6938-42ce-bb8a-b76631955a44"",""name"":""Member"",""minReputation"":5250,""nameKey"":""RepStanding_TransportGuild_Rank3"",""includeWhenSharing"":true}",,,false,false,,10,,,,,"[{""resource"":""114e57c0cc6e"",""minSCU"":20,""maxSCU"":28,""maxContainerSize"":8},{""resource"":""114e57c0cc6e"",""minSCU"":20,""maxSCU"":28,""maxContainerSize"":8},{""resource"":""77b7c49f0863"",""minSCU"":20,""maxSCU"":28,""maxContainerSize"":8},{""resource"":""77b7c49f0863"",""minSCU"":20,""maxSCU"":28,""maxContainerSize"":8}]",,,,,,1,,,1,,,,,,,,,,1,2,
cac3b366-f5d6-498b-af20-b36e9df3f74c,HaulCargo_SingleToMulti2_RefinedOre_Mixed_AluminiumTungsten_Stanton_SupplyGrade1,,Hauling - Stellar,,Member Rank - Medium Cargo Haul,@Covalex_HaulCargo_SingleToMulti_title,"Hey,\n\nThe refinery at <EM4>[LOCATION]</EM4> has been busy. They’ve processed a mix of refined ores and are looking to get the containers (<EM4>8 SCU</EM4> or smaller) shipped out from a freight elevator. I just checked with the LEOs to see where this stuff is needed and was able to put together this run.  \n\nDROP OFF LOCATIONS (ANY ORDER)\n\n- Freight elevator at <EM4>[DESTINATION]</EM4>\n- Freight elevator at <EM4>[DESTINATION1]</EM4>\n\nShould be an easy run for you, if you’re free. \n\nBy the way, we strongly encourage contractors to bring a <EM4>handheld tractor beam</EM4> along.   \n\nThanks in advance for ensuring prompt service,\n\nChase Hewitt\nJr. Logistics Coordinator\nCovalex Shipping  \n'Anything you need, anywhere you need it.'\n\nCovalex Shipping is a limited liability corporation. To encourage timely deliveries and prevent fraud on cargo hauls, Covalex Shipping will set a delivery time limit and upon expiration, any undelivered cargo will be considered stolen and treated as such. Total payment will be prorated according to the percentage of cargo successfully delivered.",@Covalex_HaulCargo_SingleToMulti_desc_RefinedOre_Mixed,Covalex_HaulCargo_SingleToMulti_desc_RefinedOre_Mixed,77500,,1,,3b2f7882-73cc-41a4-9dce-f188d927e905,"[""939db9c047f8"",""4bb7d5766b7c"",""dfaa4ef80550"",""eda891a336d8"",""6d40795eef36""]","[""7c7107f9f580"",""10b299e2ccf9"",""db17a1be6e86"",""0fcc1d84a327"",""e63d2da1ad36"",""32e3bb3ae27a"",""d56b03ec64ca"",""0c19e0494d99"",""59ce884e5a53"",""8ed6f459e7a4"",""2ed683252564"",""de212bfbf4b5"",""bbd717ea0069""]","{""location"":[{""guid"":""34ff378f-faee-47bb-b5fe-f505e665c5ca"",""name"":""Stanton"",""navIcon"":""Star""}]}","{""CargoRouteToken"":""@HaulCargo_CargoRoute_Solar"",""CargoGradeToken"":""@HaulCargo_CargoGrade_Supply"",""ReputationRank"":""@RepStanding_TransportGuild_Rank3"",""MissionMaxSCUSize"":""@FreightElevator_8SCU"",""SingleToMultiToken"":""@HaulCargo_2_SingleToMultiToken""}","{""guid"":""d8485181-6938-42ce-bb8a-b76631955a44"",""name"":""Member"",""minReputation"":5250,""nameKey"":""RepStanding_TransportGuild_Rank3"",""includeWhenSharing"":true}",,,false,false,,10,,,,,"[{""resource"":""114e57c0cc6e"",""minSCU"":20,""maxSCU"":28,""maxContainerSize"":8},{""resource"":""114e57c0cc6e"",""minSCU"":20,""maxSCU"":28,""maxContainerSize"":8},{""resource"":""77b7c49f0863"",""minSCU"":20,""maxSCU"":28,""maxContainerSize"":8},{""resource"":""77b7c49f0863"",""minSCU"":20,""maxSCU"":28,""maxContainerSize"":8}]",,,,,,1,,,1,,,,,,,,,,1,2,
ef9d030a-4f13-49bb-818c-9dd2a7b1a347,HaulCargo_SingleToMulti2_RefinedOre_Mixed_AluminiumTungstenCorundum_Stanton_SupplyGrade,,Hauling - Stellar,,Member Rank - Medium Cargo Haul,@Covalex_HaulCargo_SingleToMulti_title,"Hey,\n\nThe refinery at <EM4>[LOCATION]</EM4> has been busy. They’ve processed a mix of refined ores and are looking to get the containers (<EM4>8 SCU</EM4> or smaller) shipped out from a freight elevator. I just checked with the LEOs to see where this stuff is needed and was able to put together this run.  \n\nDROP OFF LOCATIONS (ANY ORDER)\n\n- Freight elevator at <EM4>[DESTINATION]</EM4>\n- Freight elevator at <EM4>[DESTINATION1]</EM4>\n\nShould be an easy run for you, if you’re free. \n\nBy the way, we strongly encourage contractors to bring a <EM4>handheld tractor beam</EM4> along.   \n\nThanks in advance for ensuring prompt service,\n\nChase Hewitt\nJr. Logistics Coordinator\nCovalex Shipping  \n'Anything you need, anywhere you need it.'\n\nCovalex Shipping is a limited liability corporation. To encourage timely deliveries and prevent fraud on cargo hauls, Covalex Shipping will set a delivery time limit and upon expiration, any undelivered cargo will be considered stolen and treated as such. Total payment will be prorated according to the percentage of cargo successfully delivered.",@Covalex_HaulCargo_SingleToMulti_desc_RefinedOre_Mixed,Covalex_HaulCargo_SingleToMulti_desc_RefinedOre_Mixed,77750,,1,,3b2f7882-73cc-41a4-9dce-f188d927e905,"[""939db9c047f8"",""4bb7d5766b7c"",""dfaa4ef80550"",""eda891a336d8"",""6d40795eef36""]","[""7c7107f9f580"",""10b299e2ccf9"",""db17a1be6e86"",""0fcc1d84a327"",""e63d2da1ad36"",""32e3bb3ae27a"",""d56b03ec64ca"",""0c19e0494d99"",""59ce884e5a53"",""8ed6f459e7a4"",""2ed683252564"",""de212bfbf4b5"",""bbd717ea0069""]","{""location"":[{""guid"":""34ff378f-faee-47bb-b5fe-f505e665c5ca"",""name"":""Stanton"",""navIcon"":""Star""}]}","{""CargoRouteToken"":""@HaulCargo_CargoRoute_Solar"",""CargoGradeToken"":""@HaulCargo_CargoGrade_Supply"",""ReputationRank"":""@RepStanding_TransportGuild_Rank3"",""MissionMaxSCUSize"":""@FreightElevator_8SCU"",""SingleToMultiToken"":""@HaulCargo_2_SingleToMultiToken""}","{""guid"":""d8485181-6938-42ce-bb8a-b76631955a44"",""name"":""Member"",""minReputation"":5250,""nameKey"":""RepStanding_TransportGuild_Rank3"",""includeWhenSharing"":true}",,,false,false,,10,,,,,"[{""resource"":""114e57c0cc6e"",""minSCU"":17,""maxSCU"":19,""maxContainerSize"":8},{""resource"":""114e57c0cc6e"",""minSCU"":16,""maxSCU"":20,""maxContainerSize"":8},{""resource"":""77b7c49f0863"",""minSCU"":33,""maxSCU"":39,""maxContainerSize"":8},{""resource"":""d3f586abbe5d"",""minSCU"":14,""maxSCU"":32,""maxContainerSize"":8}]",,,,,,1,,,1,,,,,,,,,,1,2,
536e11b9-a041-4606-9c9e-5dd4e51343f5,HaulCargo_SingleToMulti2_RefinedOre_Mixed_QuartzCorundum_Stanton_SupplyGrade,,Hauling - Stellar,,Member Rank - Medium Cargo Haul,@Covalex_HaulCargo_SingleToMulti_title,"Hey,\n\nThe refinery at <EM4>[LOCATION]</EM4> has been busy. They’ve processed a mix of refined ores and are looking to get the containers (<EM4>8 SCU</EM4> or smaller) shipped out from a freight elevator. I just checked with the LEOs to see where this stuff is needed and was able to put together this run.  \n\nDROP OFF LOCATIONS (ANY ORDER)\n\n- Freight elevator at <EM4>[DESTINATION]</EM4>\n- Freight elevator at <EM4>[DESTINATION1]</EM4>\n\nShould be an easy run for you, if you’re free. \n\nBy the way, we strongly encourage contractors to bring a <EM4>handheld tractor beam</EM4> along.   \n\nThanks in advance for ensuring prompt service,\n\nChase Hewitt\nJr. Logistics Coordinator\nCovalex Shipping  \n'Anything you need, anywhere you need it.'\n\nCovalex Shipping is a limited liability corporation. To encourage timely deliveries and prevent fraud on cargo hauls, Covalex Shipping will set a delivery time limit and upon expiration, any undelivered cargo will be considered stolen and treated as such. Total payment will be prorated according to the percentage of cargo successfully delivered.",@Covalex_HaulCargo_SingleToMulti_desc_RefinedOre_Mixed,Covalex_HaulCargo_SingleToMulti_desc_RefinedOre_Mixed,81000,,1,,3b2f7882-73cc-41a4-9dce-f188d927e905,"[""e15ed9ae26b0"",""c78dabbac080"",""d075888b87ae"",""d9e58924ece8"",""684acd6474b7""]","[""7c7107f9f580"",""10b299e2ccf9"",""db17a1be6e86"",""0fcc1d84a327"",""e63d2da1ad36"",""32e3bb3ae27a"",""d56b03ec64ca"",""0c19e0494d99"",""59ce884e5a53"",""8ed6f459e7a4"",""2ed683252564"",""de212bfbf4b5"",""bbd717ea0069""]","{""location"":[{""guid"":""34ff378f-faee-47bb-b5fe-f505e665c5ca"",""name"":""Stanton"",""navIcon"":""Star""}]}","{""CargoRouteToken"":""@HaulCargo_CargoRoute_Solar"",""CargoGradeToken"":""@HaulCargo_CargoGrade_Supply"",""ReputationRank"":""@RepStanding_TransportGuild_Rank3"",""MissionMaxSCUSize"":""@FreightElevator_8SCU"",""SingleToMultiToken"":""@HaulCargo_2_SingleToMultiToken""}","{""guid"":""d8485181-6938-42ce-bb8a-b76631955a44"",""name"":""Member"",""minReputation"":5250,""nameKey"":""RepStanding_TransportGuild_Rank3"",""includeWhenSharing"":true}",,,false,false,,10,,,,,"[{""resource"":""8f116d732e1e"",""minSCU"":33,""maxSCU"":40,""maxContainerSize"":8},{""resource"":""8f116d732e1e"",""minSCU"":33,""maxSCU"":40,""maxContainerSize"":8},{""resource"":""d3f586abbe5d"",""minSCU"":7,""maxSCU"":16,""maxContainerSize"":4},{""resource"":""d3f586abbe5d"",""minSCU"":7,""maxSCU"":16,""maxContainerSize"":4}]",,,,,,1,,,1,,,,,,,,,,1,2,
cacdcf24-84bd-49b8-96e4-92e720585330,HaulCargo_Multi3ToSingle_RawOre_Iron_Stanton1_SmallGrade,,Hauling - Local,,Member Rank - Small Cargo Haul,@Covalex_HaulCargo_MultiToSingle_title,"Hi,\n\nHurston is requesting that we prioritize pick ups from the local mining facilities to free up space for what they’re extracting. Here’s everywhere you need to go:  \n\nPICK UP LOCATIONS (ANY ORDER)\n\n- Freight elevator at <EM4>[LOCATION]</EM4>\n- Freight elevator at <EM4>[LOCATION1]</EM4>\n- Freight elevator at <EM4>[LOCATION2]</EM4>\n\nOnce collected, everything needs to get to a freight elevator at <EM4>[DESTINATION]</EM4>. They've said that all the containers will be at most <EM4>4 SCU</EM4> in size. Sound like something you could handle? \n\nBy the way, we strongly encourage contractors to bring a <EM4>handheld tractor beam</EM4> along.   \n\nThanks in advance for ensuring prompt service,\n\nChase Hewitt\nJr. Logistics Coordinator\nCovalex Shipping  \n'Anything you need, anywhere you need it.'\n\nCovalex Shipping is a limited liability corporation. To encourage timely deliveries and prevent fraud on cargo hauls, Covalex Shipping will set a delivery time limit and upon expiration, any undelivered cargo will be considered stolen and treated as such. Total payment will be prorated according to the percentage of cargo successfully delivered.",@Covalex_HaulCargo_MultiToSingle_desc_RawOre_Stanton1,Covalex_HaulCargo_MultiToSingle_desc_RawOre_Stanton1,118750,,1,,3b2f7882-73cc-41a4-9dce-f188d927e905,"[""35c3ed47bd36""]","[""bbd717ea0069""]","{""location"":[{""guid"":""551af60b-7727-4936-acc7-763d25d7a1de"",""name"":""Hurston"",""navIcon"":""Planet"",""star"":{""guid"":""34ff378f-faee-47bb-b5fe-f505e665c5ca"",""name"":""Stanton"",""navIcon"":""Star""}}]}","{""CargoRouteToken"":""@HaulCargo_CargoRoute_Local"",""CargoGradeToken"":""@HaulCargo_CargoGrade_Small"",""ReputationRank"":""@RepStanding_TransportGuild_Rank3"",""MissionMaxSCUSize"":""@FreightElevator_4SCU"",""MultiToSingleToken"":""@HaulCargo_3_MultiToSingleToken""}","{""guid"":""d8485181-6938-42ce-bb8a-b76631955a44"",""name"":""Member"",""minReputation"":5250,""nameKey"":""RepStanding_TransportGuild_Rank3"",""includeWhenSharing"":true}",,,false,false,,5,,,,,"[{""resource"":""059d2d6be304"",""minSCU"":5,""maxSCU"":11,""maxContainerSize"":4},{""resource"":""059d2d6be304"",""minSCU"":4,""maxSCU"":10,""maxContainerSize"":4},{""resource"":""059d2d6be304"",""minSCU"":5,""maxSCU"":11,""maxContainerSize"":4}]",,,,,,1,,,1,,,,"[""Stanton""]",,,,,,3,1,
70bd1246-8e11-40e7-91f8-c5b9c8617bfa,HaulCargo_Multi3ToSingle_Waste_Mixed_ScrapWaste_Stanton4_SmallGrade,,Hauling - Planetary,,Member Rank - Small Cargo Haul,@Covalex_HaulCargo_MultiToSingle_title,"Hello!\n\nThere’s a load of cargo (<EM4>4 SCU</EM4> or smaller) that needs to be delivered to a freight elevator at <EM4>[DESTINATION]</EM4>. The only thing is that the cargo is spread across a few locations, which I’ve listed out below.  \n\nPICK UP LOCATIONS (ANY ORDER)\n\n- Freight elevator at <EM4>[LOCATION]</EM4>\n- Freight elevator at <EM4>[LOCATION1]</EM4>\n- Freight elevator at <EM4>[LOCATION2]</EM4>\n\nMakes no difference what order you grab the stuff, as long as it’s all delivered.\n\nBy the way, we strongly encourage contractors to bring a <EM4>handheld tractor beam</EM4> along.   \n\n[SIGN_OFF]\n\nChase Hewitt\nJr. Logistics Coordinator\nCovalex Shipping  \n'Anything you need, anywhere you need it.'\n\nCovalex Shipping is a limited liability corporation. To encourage timely deliveries and prevent fraud on cargo hauls, Covalex Shipping will set a delivery time limit and upon expiration, any undelivered cargo will be considered stolen and treated as such. Total payment will be prorated according to the percentage of cargo successfully delivered.",@HaulCargo_MultiToSingle_desc,Covalex_HaulCargo_MultiToSingle_desc_01,95000,,1,,3b2f7882-73cc-41a4-9dce-f188d927e905,"[""15a181728888""]","[""7e6f1702d348"",""cc76fc07b471"",""db17a1be6e86"",""e63d2da1ad36"",""32e3bb3ae27a"",""2ed683252564""]","{""location"":[{""guid"":""5a529db7-1a4e-45b0-bdcb-a5a0c7a7fc57"",""name"":""microTech"",""navIcon"":""Planet"",""star"":{""guid"":""34ff378f-faee-47bb-b5fe-f505e665c5ca"",""name"":""Stanton"",""navIcon"":""Star""}}]}","{""CargoRouteToken"":""@HaulCargo_CargoRoute_Planetary"",""CargoGradeToken"":""@HaulCargo_CargoGrade_Small"",""ReputationRank"":""@RepStanding_TransportGuild_Rank3"",""MissionMaxSCUSize"":""@FreightElevator_4SCU"",""MultiToSingleToken"":""@HaulCargo_3_MultiToSingleToken""}","{""guid"":""d8485181-6938-42ce-bb8a-b76631955a44"",""name"":""Member"",""minReputation"":5250,""nameKey"":""RepStanding_TransportGuild_Rank3"",""includeWhenSharing"":true}",,,false,false,,5,,,,,"[{""resource"":""977fe39d1cc1"",""minSCU"":2,""maxSCU"":4,""maxContainerSize"":4},{""resource"":""c5ab7d0672fd"",""minSCU"":2,""maxSCU"":4,""maxContainerSize"":4},{""resource"":""977fe39d1cc1"",""minSCU"":2,""maxSCU"":4,""maxContainerSize"":4},{""resource"":""c5ab7d0672fd"",""minSCU"":2,""maxSCU"":4,""maxContainerSize"":4}]",,,,,,1,,,1,,,,"[""Stanton""]",,,,,,3,1,
9ce4eae8-6584-4ddd-b288-54d899aa6f12,HaulCargo_Multi3ToSingle_Waste_Mixed_ScrapWaste_Stanton4_SmallGrade1,,Hauling - Stellar,,Member Rank - Small Cargo Haul,@Covalex_HaulCargo_MultiToSingle_title,"Hello!\n\nThere’s a load of cargo (<EM4>4 SCU</EM4> or smaller) that needs to be delivered to a freight elevator at <EM4>[DESTINATION]</EM4>. The only thing is that the cargo is spread across a few locations, which I’ve listed out below.  \n\nPICK UP LOCATIONS (ANY ORDER)\n\n- Freight elevator at <EM4>[LOCATION]</EM4>\n- Freight elevator at <EM4>[LOCATION1]</EM4>\n- Freight elevator at <EM4>[LOCATION2]</EM4>\n\nMakes no difference what order you grab the stuff, as long as it’s all delivered.\n\nBy the way, we strongly encourage contractors to bring a <EM4>handheld tractor beam</EM4> along.   \n\n[SIGN_OFF]\n\nChase Hewitt\nJr. Logistics Coordinator\nCovalex Shipping  \n'Anything you need, anywhere you need it.'\n\nCovalex Shipping is a limited liability corporation. To encourage timely deliveries and prevent fraud on cargo hauls, Covalex Shipping will set a delivery time limit and upon expiration, any undelivered cargo will be considered stolen and treated as such. Total payment will be prorated according to the percentage of cargo successfully delivered.",@HaulCargo_MultiToSingle_desc,Covalex_HaulCargo_MultiToSingle_desc_01,96500,,1,,3b2f7882-73cc-41a4-9dce-f188d927e905,"[""e15ed9ae26b0"",""c78dabbac080"",""d075888b87ae"",""d9e58924ece8"",""684acd6474b7""]","[""db17a1be6e86"",""e63d2da1ad36"",""2ed683252564""]","{""location"":null}","{""CargoRouteToken"":""@HaulCargo_CargoRoute_Solar"",""CargoGradeToken"":""@HaulCargo_CargoGrade_Small"",""ReputationRank"":""@RepStanding_TransportGuild_Rank3"",""MissionMaxSCUSize"":""@FreightElevator_4SCU"",""MultiToSingleToken"":""@HaulCargo_3_MultiToSingleToken""}","{""guid"":""d8485181-6938-42ce-bb8a-b76631955a44"",""name"":""Member"",""minReputation"":5250,""nameKey"":""RepStanding_TransportGuild_Rank3"",""includeWhenSharing"":true}",,,false,false,,5,,,,,"[{""resource"":""977fe39d1cc1"",""minSCU"":2,""maxSCU"":4,""maxContainerSize"":4},{""resource"":""c5ab7d0672fd"",""minSCU"":2,""maxSCU"":4,""maxContainerSize"":4},{""resource"":""977fe39d1cc1"",""minSCU"":2,""maxSCU"":4,""maxContainerSize"":4},{""resource"":""c5ab7d0672fd"",""minSCU"":2,""maxSCU"":4,""maxContainerSize"":4}]",,,,,,1,,,1,,,,,,,,,,3,1,
b8974305-98c1-418d-b251-b59459426cb8,HaulCargo_Multi3ToSingle_Waste_Waste_Stanton1_SmallGrade1,,Hauling - Local,,Member Rank - Small Cargo Haul,@Covalex_HaulCargo_MultiToSingle_title,"Hi,\n\nNeed the trash collected from a few Hurston locations and then taken to a freight elevator at <EM4>[DESTINATION]</EM4>. Don't worry, none of the containers are bigger than <EM4>4 SCU</EM4>.\n\nPICK UP LOCATIONS (ANY ORDER)\n\n- Freight elevator at <EM4>[LOCATION]</EM4>\n- Freight elevator at <EM4>[LOCATION1]</EM4>\n- Freight elevator at <EM4>[LOCATION2]</EM4>\n\nFun fact for you. Hurston is the only planet in Stanton that doesn’t separate their trash and scrap. One of their workers told me that the company did a cost-benefit analysis on it decades ago that determined it wasn’t worth putting a planet-wide system in place to facilitate it. Isn’t that the most Hurston thing ever?   \n\nBy the way, we strongly encourage contractors to bring a <EM4>handheld tractor beam</EM4> along.   \n\nThanks in advance for ensuring prompt service,\n\nChase Hewitt\nJr. Logistics Coordinator\nCovalex Shipping  \n'Anything you need, anywhere you need it.'\n\nCovalex Shipping is a limited liability corporation. To encourage timely deliveries and prevent fraud on cargo hauls, Covalex Shipping will set a delivery time limit and upon expiration, any undelivered cargo will be considered stolen and treated as such. Total payment will be prorated according to the percentage of cargo successfully delivered.",@Covalex_HaulCargo_MultiToSingle_Waste_Waste_Stanton1,Covalex_HaulCargo_MultiToSingle_Waste_Waste_Stanton1,108500,,1,,3b2f7882-73cc-41a4-9dce-f188d927e905,"[""35c3ed47bd36""]","[""32e3bb3ae27a"",""bbd717ea0069""]","{""location"":[{""guid"":""551af60b-7727-4936-acc7-763d25d7a1de"",""name"":""Hurston"",""navIcon"":""Planet"",""star"":{""guid"":""34ff378f-faee-47bb-b5fe-f505e665c5ca"",""name"":""Stanton"",""navIcon"":""Star""}}]}","{""CargoRouteToken"":""@HaulCargo_CargoRoute_Local"",""CargoGradeToken"":""@HaulCargo_CargoGrade_Small"",""ReputationRank"":""@RepStanding_TransportGuild_Rank3"",""MissionMaxSCUSize"":""@FreightElevator_4SCU"",""MultiToSingleToken"":""@HaulCargo_3_MultiToSingleToken""}","{""guid"":""d8485181-6938-42ce-bb8a-b76631955a44"",""name"":""Member"",""minReputation"":5250,""nameKey"":""RepStanding_TransportGuild_Rank3"",""includeWhenSharing"":true}",,,false,false,,5,,,,,"[{""resource"":""977fe39d1cc1"",""minSCU"":3,""maxSCU"":5,""maxContainerSize"":4},{""resource"":""977fe39d1cc1"",""minSCU"":2,""maxSCU"":6,""maxContainerSize"":4}]",,,,,,1,,,1,,,,"[""Stanton""]",,,,,,3,1,
50d9a01c-7f05-4ef7-ac98-78c88a49adac,HaulCargo_Multi4ToSingle_Waste_Mixed_ScrapWaste_Stanton3_SmallGrade1,,Hauling - Stellar,,Member Rank - Small Cargo Haul,@Covalex_HaulCargo_MultiToSingle_title,"Hi there,\n\nThere’s a few sites on ArcCorp that need their waste and scrap collected (all boxes <EM4>4 SCU</EM4> or smaller) and taken to a freight elevator at <EM4>[DESTINATION]</EM4>. Doesn’t matter what order you do the run, as long as you grab it all.    \n\nPICK UP LOCATIONS (ANY ORDER)\n\n- Freight elevator at <EM4>[LOCATION]</EM4>\n- Freight elevator at <EM4>[LOCATION1]</EM4>\n- Freight elevator at <EM4>[LOCATION2]</EM4>\n- Freight elevator at <EM4>[LOCATION3]</EM4>\n\nYou know, my mom was a hauler who specialized in runs like this. It might not be the most glamorous stuff, but she claimed these runs had the best pay-to-risk ratio. Pirates never gave her any trouble when they found out what was on board.  \n\nBy the way, we strongly encourage contractors to bring a <EM4>handheld tractor beam</EM4> along.   \n\nThanks in advance for ensuring prompt service,\n\nChase Hewitt\nJr. Logistics Coordinator\nCovalex Shipping  \n'Anything you need, anywhere you need it.'\n\nCovalex Shipping is a limited liability corporation. To encourage timely deliveries and prevent fraud on cargo hauls, Covalex Shipping will set a delivery time limit and upon expiration, any undelivered cargo will be considered stolen and treated as such. Total payment will be prorated according to the percentage of cargo successfully delivered.",@Covalex_HaulCargo_MultiToSingle_desc_ScrapWaste_Stanton3,Covalex_HaulCargo_MultiToSingle_desc_ScrapWaste_Stanton3,89750,,1,,3b2f7882-73cc-41a4-9dce-f188d927e905,"[""939db9c047f8"",""4bb7d5766b7c"",""dfaa4ef80550"",""eda891a336d8"",""6d40795eef36""]","[""7e6f1702d348"",""cc76fc07b471"",""db17a1be6e86"",""e63d2da1ad36"",""32e3bb3ae27a"",""2ed683252564""]","{""location"":null}","{""CargoRouteToken"":""@HaulCargo_CargoRoute_Solar"",""CargoGradeToken"":""@HaulCargo_CargoGrade_Small"",""ReputationRank"":""@RepStanding_TransportGuild_Rank3"",""MissionMaxSCUSize"":""@FreightElevator_4SCU"",""MultiToSingleToken"":""@HaulCargo_4_MultiToSingleToken""}","{""guid"":""d8485181-6938-42ce-bb8a-b76631955a44"",""name"":""Member"",""minReputation"":5250,""nameKey"":""RepStanding_TransportGuild_Rank3"",""includeWhenSharing"":true}",,,false,false,,5,,,,,"[{""resource"":""977fe39d1cc1"",""minSCU"":2,""maxSCU"":4,""maxContainerSize"":4},{""resource"":""c5ab7d0672fd"",""minSCU"":2,""maxSCU"":4,""maxContainerSize"":4},{""resource"":""977fe39d1cc1"",""minSCU"":2,""maxSCU"":4,""maxContainerSize"":4},{""resource"":""c5ab7d0672fd"",""minSCU"":2,""maxSCU"":4,""maxContainerSize"":4}]",,,,,,1,,,1,,,,,,,,,,4,1,
dca46bbb-7a9f-438a-b892-abb4683f059f,HaulCargo_SingleToMulti3_Gas_Oxygen_Stanton1_SmallGrade,,Hauling - Planetary,,Member Rank - Small Cargo Haul,@Covalex_HaulCargo_SingleToMulti_title,"Greetings, \n\nSeems like <EM4>[LOCATION]</EM4> currently has some <EM4>4 SCU</EM4> or smaller cargo that needs to be separated and delivered to a few different spots. \n\nDROP OFF LOCATIONS (ANY ORDER)\n\n- Freight elevator at <EM4>[DESTINATION]</EM4>\n- Freight elevator at <EM4>[DESTINATION1]</EM4>\n- Freight elevator at <EM4>[DESTINATION2]</EM4>\n\nDrop-offs can be done in whatever order works best for you.  \n\nBy the way, we strongly encourage contractors to bring a <EM4>handheld tractor beam</EM4> along.   \n\n[SIGN_OFF]\n\nChase Hewitt\nJr. Logistics Coordinator\nCovalex Shipping  \n'Anything you need, anywhere you need it.'\n\nCovalex Shipping is a limited liability corporation. To encourage timely deliveries and prevent fraud on cargo hauls, Covalex Shipping will set a delivery time limit and upon expiration, any undelivered cargo will be considered stolen and treated as such. Total payment will be prorated according to the percentage of cargo successfully delivered.",@HaulCargo_SingleToMulti_desc,Covalex_HaulCargo_SingleToMulti_desc_01,99500,,1,,3b2f7882-73cc-41a4-9dce-f188d927e905,"[""35c3ed47bd36"",""15a181728888""]","[""7c7107f9f580"",""32e3bb3ae27a"",""59ce884e5a53"",""bbd717ea0069"",""7e6f1702d348"",""0fcc1d84a327"",""8ed6f459e7a4""]","{""location"":[{""guid"":""551af60b-7727-4936-acc7-763d25d7a1de"",""name"":""Hurston"",""navIcon"":""Planet"",""star"":{""guid"":""34ff378f-faee-47bb-b5fe-f505e665c5ca"",""name"":""Stanton"",""navIcon"":""Star""}}]}","{""CargoRouteToken"":""@HaulCargo_CargoRoute_Planetary"",""CargoGradeToken"":""@HaulCargo_CargoGrade_Small"",""ReputationRank"":""@RepStanding_TransportGuild_Rank3"",""MissionMaxSCUSize"":""@FreightElevator_4SCU"",""SingleToMultiToken"":""@HaulCargo_3_SingleToMultiToken""}","{""guid"":""d8485181-6938-42ce-bb8a-b76631955a44"",""name"":""Member"",""minReputation"":5250,""nameKey"":""RepStanding_TransportGuild_Rank3"",""includeWhenSharing"":true}",,,false,false,,5,,,,,"[{""resource"":null,""minSCU"":5,""maxSCU"":11,""maxContainerSize"":4},{""resource"":null,""minSCU"":4,""maxSCU"":10,""maxContainerSize"":4}]",,,,,,1,,,1,,,,"[""Stanton""]",,,,,,1,3,
5fd3b52e-e095-498a-aac8-15f16b73252b,HaulCargo_SingleToMulti3_NonMetal_Carbon_Stanton1_SmallGrade,,Hauling - Planetary,,Member Rank - Small Cargo Haul,@Covalex_HaulCargo_SingleToMulti_title,"Greetings, \n\nSeems like <EM4>[LOCATION]</EM4> currently has some <EM4>4 SCU</EM4> or smaller cargo that needs to be separated and delivered to a few different spots. \n\nDROP OFF LOCATIONS (ANY ORDER)\n\n- Freight elevator at <EM4>[DESTINATION]</EM4>\n- Freight elevator at <EM4>[DESTINATION1]</EM4>\n- Freight elevator at <EM4>[DESTINATION2]</EM4>\n\nDrop-offs can be done in whatever order works best for you.  \n\nBy the way, we strongly encourage contractors to bring a <EM4>handheld tractor beam</EM4> along.   \n\n[SIGN_OFF]\n\nChase Hewitt\nJr. Logistics Coordinator\nCovalex Shipping  \n'Anything you need, anywhere you need it.'\n\nCovalex Shipping is a limited liability corporation. To encourage timely deliveries and prevent fraud on cargo hauls, Covalex Shipping will set a delivery time limit and upon expiration, any undelivered cargo will be considered stolen and treated as such. Total payment will be prorated according to the percentage of cargo successfully delivered.",@HaulCargo_SingleToMulti_desc,Covalex_HaulCargo_SingleToMulti_desc_01,90250,,1,,3b2f7882-73cc-41a4-9dce-f188d927e905,"[""35c3ed47bd36"",""15a181728888""]","[""7c7107f9f580"",""32e3bb3ae27a"",""59ce884e5a53"",""bbd717ea0069"",""0fcc1d84a327"",""0c19e0494d99"",""8ed6f459e7a4""]","{""location"":[{""guid"":""551af60b-7727-4936-acc7-763d25d7a1de"",""name"":""Hurston"",""navIcon"":""Planet"",""star"":{""guid"":""34ff378f-faee-47bb-b5fe-f505e665c5ca"",""name"":""Stanton"",""navIcon"":""Star""}}]}","{""CargoRouteToken"":""@HaulCargo_CargoRoute_Planetary"",""CargoGradeToken"":""@HaulCargo_CargoGrade_Small"",""ReputationRank"":""@RepStanding_TransportGuild_Rank3"",""MissionMaxSCUSize"":""@FreightElevator_4SCU"",""SingleToMultiToken"":""@HaulCargo_3_SingleToMultiToken""}","{""guid"":""d8485181-6938-42ce-bb8a-b76631955a44"",""name"":""Member"",""minReputation"":5250,""nameKey"":""RepStanding_TransportGuild_Rank3"",""includeWhenSharing"":true}",,,false,false,,5,,,,,"[{""resource"":""fbebe083c5b1"",""minSCU"":3,""maxSCU"":5,""maxContainerSize"":4},{""resource"":""fbebe083c5b1"",""minSCU"":2,""maxSCU"":6,""maxContainerSize"":4}]",,,,,,1,,,1,,,,"[""Stanton""]",,,,,,1,3,
5cce7935-637d-4c15-a817-91136ea022a7,HaulCargo_SingleToMulti3_NonMetal_Silicon_Stanton1_SmallGrade,,Hauling - Planetary,,Member Rank - Small Cargo Haul,@Covalex_HaulCargo_SingleToMulti_title,"Greetings, \n\nSeems like <EM4>[LOCATION]</EM4> currently has some <EM4>4 SCU</EM4> or smaller cargo that needs to be separated and delivered to a few different spots. \n\nDROP OFF LOCATIONS (ANY ORDER)\n\n- Freight elevator at <EM4>[DESTINATION]</EM4>\n- Freight elevator at <EM4>[DESTINATION1]</EM4>\n- Freight elevator at <EM4>[DESTINATION2]</EM4>\n\nDrop-offs can be done in whatever order works best for you.  \n\nBy the way, we strongly encourage contractors to bring a <EM4>handheld tractor beam</EM4> along.   \n\n[SIGN_OFF]\n\nChase Hewitt\nJr. Logistics Coordinator\nCovalex Shipping  \n'Anything you need, anywhere you need it.'\n\nCovalex Shipping is a limited liability corporation. To encourage timely deliveries and prevent fraud on cargo hauls, Covalex Shipping will set a delivery time limit and upon expiration, any undelivered cargo will be considered stolen and treated as such. Total payment will be prorated according to the percentage of cargo successfully delivered.",@HaulCargo_SingleToMulti_desc,Covalex_HaulCargo_SingleToMulti_desc_01,90250,,1,,3b2f7882-73cc-41a4-9dce-f188d927e905,"[""35c3ed47bd36""]","[""32e3bb3ae27a"",""7c7107f9f580"",""e95b4a8986f3"",""b59e5f3521ad"",""b3580d2b56f8"",""59ce884e5a53"",""bbd717ea0069""]","{""location"":[{""guid"":""551af60b-7727-4936-acc7-763d25d7a1de"",""name"":""Hurston"",""navIcon"":""Planet"",""star"":{""guid"":""34ff378f-faee-47bb-b5fe-f505e665c5ca"",""name"":""Stanton"",""navIcon"":""Star""}}]}","{""CargoRouteToken"":""@HaulCargo_CargoRoute_Planetary"",""CargoGradeToken"":""@HaulCargo_CargoGrade_Small"",""ReputationRank"":""@RepStanding_TransportGuild_Rank3"",""MissionMaxSCUSize"":""@FreightElevator_4SCU"",""SingleToMultiToken"":""@HaulCargo_3_SingleToMultiToken""}","{""guid"":""d8485181-6938-42ce-bb8a-b76631955a44"",""name"":""Member"",""minReputation"":5250,""nameKey"":""RepStanding_TransportGuild_Rank3"",""includeWhenSharing"":true}",,,false,false,,5,,,,,"[{""resource"":""ec47388b272f"",""minSCU"":3,""maxSCU"":5,""maxContainerSize"":4},{""resource"":""ec47388b272f"",""minSCU"":2,""maxSCU"":6,""maxContainerSize"":4},{""resource"":""ec47388b272f"",""minSCU"":3,""maxSCU"":5,""maxContainerSize"":4}]",,,,,,1,,,1,,,,"[""Stanton""]",,,,,,1,3,
654c55df-d4f6-479c-b09b-d8fa9cf1ab3e,HaulCargo_SingleToMulti3_Processed_Mixed_PressIceProcFood_Stanton1_SmallGrade,,Hauling - Stellar,,Member Rank - Small Cargo Haul,@Covalex_HaulCargo_SingleToMulti_title,"Greetings, \n\nSeems like <EM4>[LOCATION]</EM4> currently has some <EM4>4 SCU</EM4> or smaller cargo that needs to be separated and delivered to a few different spots. \n\nDROP OFF LOCATIONS (ANY ORDER)\n\n- Freight elevator at <EM4>[DESTINATION]</EM4>\n- Freight elevator at <EM4>[DESTINATION1]</EM4>\n- Freight elevator at <EM4>[DESTINATION2]</EM4>\n\nDrop-offs can be done in whatever order works best for you.  \n\nBy the way, we strongly encourage contractors to bring a <EM4>handheld tractor beam</EM4> along.   \n\n[SIGN_OFF]\n\nChase Hewitt\nJr. Logistics Coordinator\nCovalex Shipping  \n'Anything you need, anywhere you need it.'\n\nCovalex Shipping is a limited liability corporation. To encourage timely deliveries and prevent fraud on cargo hauls, Covalex Shipping will set a delivery time limit and upon expiration, any undelivered cargo will be considered stolen and treated as such. Total payment will be prorated according to the percentage of cargo successfully delivered.",@HaulCargo_SingleToMulti_desc,Covalex_HaulCargo_SingleToMulti_desc_01,81250,,1,,3b2f7882-73cc-41a4-9dce-f188d927e905,,"[""e95b4a8986f3"",""b59e5f3521ad"",""b3580d2b56f8"",""4411e7a6a465"",""757b267eceb1""]","{""location"":null}","{""CargoRouteToken"":""@HaulCargo_CargoRoute_Solar"",""CargoGradeToken"":""@HaulCargo_CargoGrade_Small"",""ReputationRank"":""@RepStanding_TransportGuild_Rank3"",""MissionMaxSCUSize"":""@FreightElevator_4SCU"",""SingleToMultiToken"":""@HaulCargo_3_SingleToMultiToken""}","{""guid"":""d8485181-6938-42ce-bb8a-b76631955a44"",""name"":""Member"",""minReputation"":5250,""nameKey"":""RepStanding_TransportGuild_Rank3"",""includeWhenSharing"":true}",,,false,false,,5,,,,,"[{""resource"":""6bc315f54d54"",""minSCU"":4,""maxSCU"":8,""maxContainerSize"":4},{""resource"":""b791e5d84f22"",""minSCU"":4,""maxSCU"":8,""maxContainerSize"":4},{""resource"":""6bc315f54d54"",""minSCU"":3,""maxSCU"":8,""maxContainerSize"":4},{""resource"":""b791e5d84f22"",""minSCU"":3,""maxSCU"":8,""maxContainerSize"":4}]",,,,,,1,,,1,,,,,,,,,,1,3,
80bd02cf-4f5e-47e4-bd46-0c1697336233,HaulCargo_SingleToMulti3_Processed_Mixed_PressIceProcFood_Stanton1_SmallGrade1,,Hauling - Local,,Member Rank - Small Cargo Haul,@Covalex_HaulCargo_SingleToMulti_title,"Greetings, \n\nSeems like <EM4>[LOCATION]</EM4> currently has some <EM4>4 SCU</EM4> or smaller cargo that needs to be separated and delivered to a few different spots. \n\nDROP OFF LOCATIONS (ANY ORDER)\n\n- Freight elevator at <EM4>[DESTINATION]</EM4>\n- Freight elevator at <EM4>[DESTINATION1]</EM4>\n- Freight elevator at <EM4>[DESTINATION2]</EM4>\n\nDrop-offs can be done in whatever order works best for you.  \n\nBy the way, we strongly encourage contractors to bring a <EM4>handheld tractor beam</EM4> along.   \n\n[SIGN_OFF]\n\nChase Hewitt\nJr. Logistics Coordinator\nCovalex Shipping  \n'Anything you need, anywhere you need it.'\n\nCovalex Shipping is a limited liability corporation. To encourage timely deliveries and prevent fraud on cargo hauls, Covalex Shipping will set a delivery time limit and upon expiration, any undelivered cargo will be considered stolen and treated as such. Total payment will be prorated according to the percentage of cargo successfully delivered.",@HaulCargo_SingleToMulti_desc,Covalex_HaulCargo_SingleToMulti_desc_01,131500,,1,,3b2f7882-73cc-41a4-9dce-f188d927e905,"[""4232ef3f5070"",""7b1065d4eb0f"",""949780e0868b"",""f990880cbf69"",""b77eacfa4977"",""1747b8f71ca1"",""a7d1e6749e18""]","[""e242eae00bfc"",""aef2b32d2479"",""ef0e5e890240"",""dba6f40b52a0"",""84355f2b6158"",""99f42c1cf91f"",""4ea94651f661"",""5992d6926718"",""34b3eeecd6d2"",""44282c75228d"",""018d85504640"",""045624ecf3ed"",""d9dc3fbda8f0"",""667f49ab8f80"",""6e9a35b86327"",""0e706a121005"",""79cc2b9ecbae"",""6d540401a482"",""3644c6b823f3"",""3cab6cb3c9c7"",""1103fb160dd6"",""c541444e38cb"",""fdefa8299d0b"",""ed41cf58772b"",""e1f1c2a722d5"",""cc7b55cdb1bf"",""a665ee0ac6de"",""b078bb43496c"",""f80fc0a34790"",""b99d01bd4712"",""c7bb4a68ec1c"",""abb192889356"",""1ad31cfb44e5"",""2e8a69953ce4"",""b6b85246fc3f"",""49b9a33a59f3"",""889e7b4f710f"",""ac581b7b935a"",""b48a0175f686""]","{""location"":[{""guid"":""551af60b-7727-4936-acc7-763d25d7a1de"",""name"":""Hurston"",""navIcon"":""Planet"",""star"":{""guid"":""34ff378f-faee-47bb-b5fe-f505e665c5ca"",""name"":""Stanton"",""navIcon"":""Star""}}]}","{""CargoRouteToken"":""@HaulCargo_CargoRoute_Local"",""CargoGradeToken"":""@HaulCargo_CargoGrade_Small"",""ReputationRank"":""@RepStanding_TransportGuild_Rank3"",""MissionMaxSCUSize"":""@FreightElevator_4SCU"",""SingleToMultiToken"":""@HaulCargo_3_SingleToMultiToken""}","{""guid"":""d8485181-6938-42ce-bb8a-b76631955a44"",""name"":""Member"",""minReputation"":5250,""nameKey"":""RepStanding_TransportGuild_Rank3"",""includeWhenSharing"":true}",,,false,false,,5,,,,,"[{""resource"":""6bc315f54d54"",""minSCU"":4,""maxSCU"":8,""maxContainerSize"":4},{""resource"":""b791e5d84f22"",""minSCU"":4,""maxSCU"":8,""maxContainerSize"":4},{""resource"":""6bc315f54d54"",""minSCU"":3,""maxSCU"":8,""maxContainerSize"":4},{""resource"":""b791e5d84f22"",""minSCU"":3,""maxSCU"":8,""maxContainerSize"":4}]",,,,,,1,,,1,,,,"[""Stanton""]",,,,,,1,3,
50495425-6853-47ff-bce5-c2ab765ce1b4,HaulCargo_SingleToMulti3_Processed_Mixed_PressIceProcFood_Stanton1_SmallGrade2,,Hauling - Local,,Member Rank - Small Cargo Haul,@Covalex_HaulCargo_SingleToMulti_title,"Greetings, \n\nSeems like <EM4>[LOCATION]</EM4> currently has some <EM4>4 SCU</EM4> or smaller cargo that needs to be separated and delivered to a few different spots. \n\nDROP OFF LOCATIONS (ANY ORDER)\n\n- Freight elevator at <EM4>[DESTINATION]</EM4>\n- Freight elevator at <EM4>[DESTINATION1]</EM4>\n- Freight elevator at <EM4>[DESTINATION2]</EM4>\n\nDrop-offs can be done in whatever order works best for you.  \n\nBy the way, we strongly encourage contractors to bring a <EM4>handheld tractor beam</EM4> along.   \n\n[SIGN_OFF]\n\nChase Hewitt\nJr. Logistics Coordinator\nCovalex Shipping  \n'Anything you need, anywhere you need it.'\n\nCovalex Shipping is a limited liability corporation. To encourage timely deliveries and prevent fraud on cargo hauls, Covalex Shipping will set a delivery time limit and upon expiration, any undelivered cargo will be considered stolen and treated as such. Total payment will be prorated according to the percentage of cargo successfully delivered.",@HaulCargo_SingleToMulti_desc,Covalex_HaulCargo_SingleToMulti_desc_01,127000,,1,,3b2f7882-73cc-41a4-9dce-f188d927e905,"[""a2526a698135"",""d7f6e64900b0"",""0d2b87d23586"",""e63f435dad19"",""7835df714e97"",""33fb69c82e7b"",""cc32f6b0f1d8"",""761b9df55b2f"",""3089bd5b242c""]","[""e242eae00bfc"",""aef2b32d2479"",""ef0e5e890240"",""dba6f40b52a0"",""84355f2b6158"",""99f42c1cf91f"",""4ea94651f661"",""5992d6926718"",""34b3eeecd6d2"",""44282c75228d"",""018d85504640"",""045624ecf3ed"",""d9dc3fbda8f0"",""667f49ab8f80"",""6e9a35b86327"",""0e706a121005"",""79cc2b9ecbae"",""6d540401a482"",""3644c6b823f3"",""3cab6cb3c9c7"",""1103fb160dd6"",""c541444e38cb"",""fdefa8299d0b"",""ed41cf58772b"",""e1f1c2a722d5"",""cc7b55cdb1bf"",""a665ee0ac6de"",""b078bb43496c"",""f80fc0a34790"",""b99d01bd4712"",""c7bb4a68ec1c"",""abb192889356"",""1ad31cfb44e5"",""2e8a69953ce4"",""b6b85246fc3f"",""49b9a33a59f3"",""889e7b4f710f"",""ac581b7b935a"",""b48a0175f686""]","{""location"":[{""guid"":""551af60b-7727-4936-acc7-763d25d7a1de"",""name"":""Hurston"",""navIcon"":""Planet"",""star"":{""guid"":""34ff378f-faee-47bb-b5fe-f505e665c5ca"",""name"":""Stanton"",""navIcon"":""Star""}}]}","{""CargoRouteToken"":""@HaulCargo_CargoRoute_Local"",""CargoGradeToken"":""@HaulCargo_CargoGrade_Small"",""ReputationRank"":""@RepStanding_TransportGuild_Rank3"",""MissionMaxSCUSize"":""@FreightElevator_4SCU"",""SingleToMultiToken"":""@HaulCargo_3_SingleToMultiToken""}","{""guid"":""d8485181-6938-42ce-bb8a-b76631955a44"",""name"":""Member"",""minReputation"":5250,""nameKey"":""RepStanding_TransportGuild_Rank3"",""includeWhenSharing"":true}",,,false,false,,5,,,,,"[{""resource"":""6bc315f54d54"",""minSCU"":4,""maxSCU"":8,""maxContainerSize"":4},{""resource"":""b791e5d84f22"",""minSCU"":4,""maxSCU"":8,""maxContainerSize"":4},{""resource"":""6bc315f54d54"",""minSCU"":3,""maxSCU"":8,""maxContainerSize"":4},{""resource"":""b791e5d84f22"",""minSCU"":3,""maxSCU"":8,""maxContainerSize"":4}]",,,,,,1,,,1,,,,"[""Stanton""]",,,,,,1,3,
c191952a-7afa-4c60-ade3-82b71fcc9de6,HaulCargo_SingleToMulti3_Processed_Mixed_PressIceProcFood_Stanton2_SmallGrade,,Hauling - Planetary,,Member Rank - Small Cargo Haul,@Covalex_HaulCargo_SingleToMulti_title,"Hi, \n\nThere’s a few Crusader facilities that need to be restocked with processed food and pressurized ice. Don’t know why but I’m always surprised when I see how much of this stuff they need delivered.\n\nAnyways, there’s a haul of containers no bigger than <EM4>4 SCU</EM4> waiting at <EM4>[LOCATION]</EM4>. Once you grab the goods from a freight elevator, these are the facilities where it needs to go:\n\nDROP OFF LOCATIONS (ANY ORDER)\n\n- Freight elevator at <EM4>[DESTINATION]</EM4>\n- Freight elevator at <EM4>[DESTINATION1]</EM4>\n- Freight elevator at <EM4>[DESTINATION2]</EM4> \n\nBy the way, we strongly encourage contractors to bring a <EM4>handheld tractor beam</EM4> along.   \n\nThanks in advance for ensuring prompt service,\n\nChase Hewitt\nJr. Logistics Coordinator\nCovalex Shipping  \n'Anything you need, anywhere you need it.'\n\nCovalex Shipping is a limited liability corporation. To encourage timely deliveries and prevent fraud on cargo hauls, Covalex Shipping will set a delivery time limit and upon expiration, any undelivered cargo will be considered stolen and treated as such. Total payment will be prorated according to the percentage of cargo successfully delivered.",@Covalex_HaulCargo_SingleToMulti_desc_ProcessedFood_Stanton2,Covalex_HaulCargo_SingleToMulti_desc_ProcessedFood_Stanton2,121750,,1,,3b2f7882-73cc-41a4-9dce-f188d927e905,"[""11a4696ac43c"",""15a181728888""]","[""667f49ab8f80"",""cc76fc07b471""]","{""location"":[{""guid"":""c15033ab-2eb3-4d6d-b882-0cb336e67ed8"",""name"":""Crusader"",""navIcon"":""Planet"",""star"":{""guid"":""34ff378f-faee-47bb-b5fe-f505e665c5ca"",""name"":""Stanton"",""navIcon"":""Star""}}]}","{""CargoRouteToken"":""@HaulCargo_CargoRoute_Planetary"",""CargoGradeToken"":""@HaulCargo_CargoGrade_Small"",""ReputationRank"":""@RepStanding_TransportGuild_Rank3"",""MissionMaxSCUSize"":""@FreightElevator_4SCU"",""SingleToMultiToken"":""@HaulCargo_3_SingleToMultiToken""}","{""guid"":""d8485181-6938-42ce-bb8a-b76631955a44"",""name"":""Member"",""minReputation"":5250,""nameKey"":""RepStanding_TransportGuild_Rank3"",""includeWhenSharing"":true}",,,false,false,,5,,,,,"[{""resource"":""6bc315f54d54"",""minSCU"":4,""maxSCU"":8,""maxContainerSize"":4},{""resource"":""b791e5d84f22"",""minSCU"":4,""maxSCU"":8,""maxContainerSize"":4},{""resource"":""6bc315f54d54"",""minSCU"":3,""maxSCU"":8,""maxContainerSize"":4},{""resource"":""b791e5d84f22"",""minSCU"":3,""maxSCU"":8,""maxContainerSize"":4}]",,,,,,1,,,1,,,,"[""Stanton""]",,,,,,1,3,
e79b2e84-534a-47d7-bfa0-36253caa561a,HaulCargo_SingleToMulti3_Processed_Mixed_PressIceProcFood_Stanton2_SmallGrade1,,Hauling - Stellar,,Member Rank - Small Cargo Haul,@Covalex_HaulCargo_SingleToMulti_title,"Hi, \n\nThere’s a few Crusader facilities that need to be restocked with processed food and pressurized ice. Don’t know why but I’m always surprised when I see how much of this stuff they need delivered.\n\nAnyways, there’s a haul of containers no bigger than <EM4>4 SCU</EM4> waiting at <EM4>[LOCATION]</EM4>. Once you grab the goods from a freight elevator, these are the facilities where it needs to go:\n\nDROP OFF LOCATIONS (ANY ORDER)\n\n- Freight elevator at <EM4>[DESTINATION]</EM4>\n- Freight elevator at <EM4>[DESTINATION1]</EM4>\n- Freight elevator at <EM4>[DESTINATION2]</EM4> \n\nBy the way, we strongly encourage contractors to bring a <EM4>handheld tractor beam</EM4> along.   \n\nThanks in advance for ensuring prompt service,\n\nChase Hewitt\nJr. Logistics Coordinator\nCovalex Shipping  \n'Anything you need, anywhere you need it.'\n\nCovalex Shipping is a limited liability corporation. To encourage timely deliveries and prevent fraud on cargo hauls, Covalex Shipping will set a delivery time limit and upon expiration, any undelivered cargo will be considered stolen and treated as such. Total payment will be prorated according to the percentage of cargo successfully delivered.",@Covalex_HaulCargo_SingleToMulti_desc_ProcessedFood_Stanton2,Covalex_HaulCargo_SingleToMulti_desc_ProcessedFood_Stanton2,90250,,1,,3b2f7882-73cc-41a4-9dce-f188d927e905,,"[""a135f4e98ad2"",""4a0bccec3491"",""02c36d96275b""]","{""location"":null}","{""CargoRouteToken"":""@HaulCargo_CargoRoute_Solar"",""CargoGradeToken"":""@HaulCargo_CargoGrade_Small"",""ReputationRank"":""@RepStanding_TransportGuild_Rank3"",""MissionMaxSCUSize"":""@FreightElevator_4SCU"",""SingleToMultiToken"":""@HaulCargo_3_SingleToMultiToken""}","{""guid"":""d8485181-6938-42ce-bb8a-b76631955a44"",""name"":""Member"",""minReputation"":5250,""nameKey"":""RepStanding_TransportGuild_Rank3"",""includeWhenSharing"":true}",,,false,false,,5,,,,,"[{""resource"":""6bc315f54d54"",""minSCU"":4,""maxSCU"":8,""maxContainerSize"":4},{""resource"":""b791e5d84f22"",""minSCU"":4,""maxSCU"":8,""maxContainerSize"":4},{""resource"":""6bc315f54d54"",""minSCU"":3,""maxSCU"":8,""maxContainerSize"":4},{""resource"":""b791e5d84f22"",""minSCU"":3,""maxSCU"":8,""maxContainerSize"":4}]",,,,,,1,,,1,,,,,,,,,,1,3,
e140ecf5-2557-434c-a112-fa8fd7cde813,HaulCargo_SingleToMulti3_Processed_Mixed_PressIceProcFood_Stanton3_SmallGrade,,Hauling - Stellar,,Member Rank - Small Cargo Haul,@Covalex_HaulCargo_SingleToMulti_title,"Greetings, \n\nSeems like <EM4>[LOCATION]</EM4> currently has some <EM4>4 SCU</EM4> or smaller cargo that needs to be separated and delivered to a few different spots. \n\nDROP OFF LOCATIONS (ANY ORDER)\n\n- Freight elevator at <EM4>[DESTINATION]</EM4>\n- Freight elevator at <EM4>[DESTINATION1]</EM4>\n- Freight elevator at <EM4>[DESTINATION2]</EM4>\n\nDrop-offs can be done in whatever order works best for you.  \n\nBy the way, we strongly encourage contractors to bring a <EM4>handheld tractor beam</EM4> along.   \n\n[SIGN_OFF]\n\nChase Hewitt\nJr. Logistics Coordinator\nCovalex Shipping  \n'Anything you need, anywhere you need it.'\n\nCovalex Shipping is a limited liability corporation. To encourage timely deliveries and prevent fraud on cargo hauls, Covalex Shipping will set a delivery time limit and upon expiration, any undelivered cargo will be considered stolen and treated as such. Total payment will be prorated according to the percentage of cargo successfully delivered.",@HaulCargo_SingleToMulti_desc,Covalex_HaulCargo_SingleToMulti_desc_01,89000,,1,,3b2f7882-73cc-41a4-9dce-f188d927e905,,"[""cdbe5c5a9cc4"",""581b65066988"",""360e510ac13b"",""baff0c674b66"",""cd6ab6ce61a7""]","{""location"":null}","{""CargoRouteToken"":""@HaulCargo_CargoRoute_Solar"",""CargoGradeToken"":""@HaulCargo_CargoGrade_Small"",""ReputationRank"":""@RepStanding_TransportGuild_Rank3"",""MissionMaxSCUSize"":""@FreightElevator_4SCU"",""SingleToMultiToken"":""@HaulCargo_3_SingleToMultiToken""}","{""guid"":""d8485181-6938-42ce-bb8a-b76631955a44"",""name"":""Member"",""minReputation"":5250,""nameKey"":""RepStanding_TransportGuild_Rank3"",""includeWhenSharing"":true}",,,false,false,,5,,,,,"[{""resource"":""6bc315f54d54"",""minSCU"":4,""maxSCU"":8,""maxContainerSize"":4},{""resource"":""b791e5d84f22"",""minSCU"":4,""maxSCU"":8,""maxContainerSize"":4},{""resource"":""6bc315f54d54"",""minSCU"":3,""maxSCU"":8,""maxContainerSize"":4},{""resource"":""b791e5d84f22"",""minSCU"":3,""maxSCU"":8,""maxContainerSize"":4}]",,,,,,1,,,1,,,,,,,,,,1,3,
57c34412-117f-4d8d-82c4-eeb4992d9631,HaulCargo_SingleToMulti3_Processed_Stims_Stanton1_SmallGrade,,Hauling - Local,,Member Rank - Small Cargo Haul,@Covalex_HaulCargo_SingleToMulti_title,"Hi,\n\nThere’s a load of stims at <EM4>[LOCATION]</EM4> ready to be picked up from a freight elevator and delivered to a few spots. They will be packaged up in containers <EM4>4 SCU</EM4> or smaller. Any chance you can knock this one out for me? \n\nDoesn’t matter what order you drop them off.    \n\nDROP OFF LOCATIONS (ANY ORDER)\n\n- Freight elevator at <EM4>[DESTINATION]</EM4>\n- Freight elevator at <EM4>[DESTINATION1]</EM4>\n- Freight elevator at <EM4>[DESTINATION2]</EM4>\n\nGlad I never picked up the habit myself because I swear I get more delivery update requests for “where are my stims?!?” than any other kind of shipment. \n\nBy the way, we strongly encourage contractors to bring a <EM4>handheld tractor beam</EM4> along.   \n\nThanks in advance for ensuring prompt service,\n\nChase Hewitt\nJr. Logistics Coordinator\nCovalex Shipping  \n'Anything you need, anywhere you need it.'\n\nCovalex Shipping is a limited liability corporation. To encourage timely deliveries and prevent fraud on cargo hauls, Covalex Shipping will set a delivery time limit and upon expiration, any undelivered cargo will be considered stolen and treated as such. Total payment will be prorated according to the percentage of cargo successfully delivered.",@Covalex_HaulCargo_SingleToMulti_Processed_Stims,Covalex_HaulCargo_SingleToMulti_Processed_Stims,98250,,1,,3b2f7882-73cc-41a4-9dce-f188d927e905,"[""4232ef3f5070"",""7b1065d4eb0f"",""949780e0868b"",""f990880cbf69"",""b77eacfa4977"",""1747b8f71ca1"",""a7d1e6749e18""]","[""e242eae00bfc"",""aef2b32d2479"",""c38446d75efc"",""ef0e5e890240"",""dba6f40b52a0"",""84355f2b6158"",""99f42c1cf91f"",""4ea94651f661"",""5992d6926718"",""34b3eeecd6d2"",""44282c75228d"",""018d85504640"",""045624ecf3ed"",""d9dc3fbda8f0"",""7a1dafeca23f"",""667f49ab8f80"",""6e9a35b86327"",""0e706a121005"",""79cc2b9ecbae"",""6d540401a482"",""3644c6b823f3"",""3cab6cb3c9c7"",""1103fb160dd6"",""c541444e38cb"",""fdefa8299d0b"",""ed41cf58772b"",""e1f1c2a722d5"",""cc7b55cdb1bf"",""a665ee0ac6de"",""b078bb43496c"",""f80fc0a34790"",""b99d01bd4712"",""c7bb4a68ec1c"",""abb192889356"",""1ad31cfb44e5"",""2e8a69953ce4"",""b6b85246fc3f"",""49b9a33a59f3"",""889e7b4f710f"",""ac581b7b935a"",""b48a0175f686""]","{""location"":[{""guid"":""551af60b-7727-4936-acc7-763d25d7a1de"",""name"":""Hurston"",""navIcon"":""Planet"",""star"":{""guid"":""34ff378f-faee-47bb-b5fe-f505e665c5ca"",""name"":""Stanton"",""navIcon"":""Star""}}]}","{""CargoRouteToken"":""@HaulCargo_CargoRoute_Local"",""CargoGradeToken"":""@HaulCargo_CargoGrade_Small"",""ReputationRank"":""@RepStanding_TransportGuild_Rank3"",""MissionMaxSCUSize"":""@FreightElevator_4SCU"",""SingleToMultiToken"":""@HaulCargo_3_SingleToMultiToken""}","{""guid"":""d8485181-6938-42ce-bb8a-b76631955a44"",""name"":""Member"",""minReputation"":5250,""nameKey"":""RepStanding_TransportGuild_Rank3"",""includeWhenSharing"":true}",,,false,false,,5,,,,,"[{""resource"":""33ac9b2f41af"",""minSCU"":3,""maxSCU"":5,""maxContainerSize"":4},{""resource"":""33ac9b2f41af"",""minSCU"":2,""maxSCU"":6,""maxContainerSize"":4},{""resource"":""33ac9b2f41af"",""minSCU"":3,""maxSCU"":5,""maxContainerSize"":4}]",,,,,,1,,,1,,,,"[""Stanton""]",,,,,,1,3,
0b35c27b-59a8-470c-91ef-ce916386251f,HaulCargo_SingleToMulti3_Processed_Stims_Stanton1_SmallGrade1,,Hauling - Planetary,,Member Rank - Small Cargo Haul,@Covalex_HaulCargo_SingleToMulti_title,"Hi,\n\nThere’s a load of stims at <EM4>[LOCATION]</EM4> ready to be picked up from a freight elevator and delivered to a few spots. They will be packaged up in containers <EM4>4 SCU</EM4> or smaller. Any chance you can knock this one out for me? \n\nDoesn’t matter what order you drop them off.    \n\nDROP OFF LOCATIONS (ANY ORDER)\n\n- Freight elevator at <EM4>[DESTINATION]</EM4>\n- Freight elevator at <EM4>[DESTINATION1]</EM4>\n- Freight elevator at <EM4>[DESTINATION2]</EM4>\n\nGlad I never picked up the habit myself because I swear I get more delivery update requests for “where are my stims?!?” than any other kind of shipment. \n\nBy the way, we strongly encourage contractors to bring a <EM4>handheld tractor beam</EM4> along.   \n\nThanks in advance for ensuring prompt service,\n\nChase Hewitt\nJr. Logistics Coordinator\nCovalex Shipping  \n'Anything you need, anywhere you need it.'\n\nCovalex Shipping is a limited liability corporation. To encourage timely deliveries and prevent fraud on cargo hauls, Covalex Shipping will set a delivery time limit and upon expiration, any undelivered cargo will be considered stolen and treated as such. Total payment will be prorated according to the percentage of cargo successfully delivered.",@Covalex_HaulCargo_SingleToMulti_Processed_Stims,Covalex_HaulCargo_SingleToMulti_Processed_Stims,90250,,1,,3b2f7882-73cc-41a4-9dce-f188d927e905,"[""35c3ed47bd36"",""11a4696ac43c"",""15a181728888""]","[""7c7107f9f580"",""4c989742e9ab"",""59ce884e5a53"",""bbd717ea0069"",""667f49ab8f80"",""7e6f1702d348"",""cc76fc07b471"",""0fcc1d84a327"",""269b504a4b6b"",""8ed6f459e7a4""]","{""location"":[{""guid"":""551af60b-7727-4936-acc7-763d25d7a1de"",""name"":""Hurston"",""navIcon"":""Planet"",""star"":{""guid"":""34ff378f-faee-47bb-b5fe-f505e665c5ca"",""name"":""Stanton"",""navIcon"":""Star""}}]}","{""CargoRouteToken"":""@HaulCargo_CargoRoute_Planetary"",""CargoGradeToken"":""@HaulCargo_CargoGrade_Small"",""ReputationRank"":""@RepStanding_TransportGuild_Rank3"",""MissionMaxSCUSize"":""@FreightElevator_4SCU"",""SingleToMultiToken"":""@HaulCargo_3_SingleToMultiToken""}","{""guid"":""d8485181-6938-42ce-bb8a-b76631955a44"",""name"":""Member"",""minReputation"":5250,""nameKey"":""RepStanding_TransportGuild_Rank3"",""includeWhenSharing"":true}",,,false,false,,5,,,,,"[{""resource"":""33ac9b2f41af"",""minSCU"":3,""maxSCU"":5,""maxContainerSize"":4},{""resource"":""33ac9b2f41af"",""minSCU"":2,""maxSCU"":6,""maxContainerSize"":4}]",,,,,,1,,,1,,,,"[""Stanton""]",,,,,,1,3,
7db6be10-677e-4dca-b27f-c1edb0ccbcad,HaulCargo_SingleToMulti3_Processed_Stims_Stanton4_SmallGrade1,,Hauling - Stellar,,Member Rank - Small Cargo Haul,@Covalex_HaulCargo_SingleToMulti_title,"Hi,\n\nThere’s a load of stims at <EM4>[LOCATION]</EM4> ready to be picked up from a freight elevator and delivered to a few spots. They will be packaged up in containers <EM4>4 SCU</EM4> or smaller. Any chance you can knock this one out for me? \n\nDoesn’t matter what order you drop them off.    \n\nDROP OFF LOCATIONS (ANY ORDER)\n\n- Freight elevator at <EM4>[DESTINATION]</EM4>\n- Freight elevator at <EM4>[DESTINATION1]</EM4>\n- Freight elevator at <EM4>[DESTINATION2]</EM4>\n\nGlad I never picked up the habit myself because I swear I get more delivery update requests for “where are my stims?!?” than any other kind of shipment. \n\nBy the way, we strongly encourage contractors to bring a <EM4>handheld tractor beam</EM4> along.   \n\nThanks in advance for ensuring prompt service,\n\nChase Hewitt\nJr. Logistics Coordinator\nCovalex Shipping  \n'Anything you need, anywhere you need it.'\n\nCovalex Shipping is a limited liability corporation. To encourage timely deliveries and prevent fraud on cargo hauls, Covalex Shipping will set a delivery time limit and upon expiration, any undelivered cargo will be considered stolen and treated as such. Total payment will be prorated according to the percentage of cargo successfully delivered.",@Covalex_HaulCargo_SingleToMulti_Processed_Stims,Covalex_HaulCargo_SingleToMulti_Processed_Stims,96500,,1,,3b2f7882-73cc-41a4-9dce-f188d927e905,,"[""018f9a8014f4"",""f6d49b8ef987"",""afc85b274a27"",""51c7fcbf4b91"",""f14fda6625d9""]","{""location"":null}","{""CargoRouteToken"":""@HaulCargo_CargoRoute_Solar"",""CargoGradeToken"":""@HaulCargo_CargoGrade_Small"",""ReputationRank"":""@RepStanding_TransportGuild_Rank3"",""MissionMaxSCUSize"":""@FreightElevator_4SCU"",""SingleToMultiToken"":""@HaulCargo_3_SingleToMultiToken""}","{""guid"":""d8485181-6938-42ce-bb8a-b76631955a44"",""name"":""Member"",""minReputation"":5250,""nameKey"":""RepStanding_TransportGuild_Rank3"",""includeWhenSharing"":true}",,,false,false,,5,,,,,"[{""resource"":""33ac9b2f41af"",""minSCU"":3,""maxSCU"":5,""maxContainerSize"":4},{""resource"":""33ac9b2f41af"",""minSCU"":2,""maxSCU"":6,""maxContainerSize"":4},{""resource"":""33ac9b2f41af"",""minSCU"":3,""maxSCU"":5,""maxContainerSize"":4}]",,,,,,1,,,1,,,,,,,,,,1,3,
68809c4b-8dd8-4ca1-8169-a0d0898e59b8,HaulCargo_SingleToMulti3_RefinedOre_Aluminium_Stanton1_SmallGrade,,Hauling - Planetary,,Member Rank - Small Cargo Haul,@Covalex_HaulCargo_SingleToMulti_title,"Greetings, \n\nSeems like <EM4>[LOCATION]</EM4> currently has some <EM4>4 SCU</EM4> or smaller cargo that needs to be separated and delivered to a few different spots. \n\nDROP OFF LOCATIONS (ANY ORDER)\n\n- Freight elevator at <EM4>[DESTINATION]</EM4>\n- Freight elevator at <EM4>[DESTINATION1]</EM4>\n- Freight elevator at <EM4>[DESTINATION2]</EM4>\n\nDrop-offs can be done in whatever order works best for you.  \n\nBy the way, we strongly encourage contractors to bring a <EM4>handheld tractor beam</EM4> along.   \n\n[SIGN_OFF]\n\nChase Hewitt\nJr. Logistics Coordinator\nCovalex Shipping  \n'Anything you need, anywhere you need it.'\n\nCovalex Shipping is a limited liability corporation. To encourage timely deliveries and prevent fraud on cargo hauls, Covalex Shipping will set a delivery time limit and upon expiration, any undelivered cargo will be considered stolen and treated as such. Total payment will be prorated according to the percentage of cargo successfully delivered.",@HaulCargo_SingleToMulti_desc,Covalex_HaulCargo_SingleToMulti_desc_01,99500,,1,,3b2f7882-73cc-41a4-9dce-f188d927e905,"[""35c3ed47bd36"",""15a181728888""]","[""7c7107f9f580"",""32e3bb3ae27a"",""59ce884e5a53"",""bbd717ea0069"",""0fcc1d84a327"",""0c19e0494d99"",""8ed6f459e7a4""]","{""location"":[{""guid"":""551af60b-7727-4936-acc7-763d25d7a1de"",""name"":""Hurston"",""navIcon"":""Planet"",""star"":{""guid"":""34ff378f-faee-47bb-b5fe-f505e665c5ca"",""name"":""Stanton"",""navIcon"":""Star""}}]}","{""CargoRouteToken"":""@HaulCargo_CargoRoute_Planetary"",""CargoGradeToken"":""@HaulCargo_CargoGrade_Small"",""ReputationRank"":""@RepStanding_TransportGuild_Rank3"",""MissionMaxSCUSize"":""@FreightElevator_4SCU"",""SingleToMultiToken"":""@HaulCargo_3_SingleToMultiToken""}","{""guid"":""d8485181-6938-42ce-bb8a-b76631955a44"",""name"":""Member"",""minReputation"":5250,""nameKey"":""RepStanding_TransportGuild_Rank3"",""includeWhenSharing"":true}",,,false,false,,5,,,,,"[{""resource"":""114e57c0cc6e"",""minSCU"":5,""maxSCU"":11,""maxContainerSize"":4},{""resource"":""114e57c0cc6e"",""minSCU"":4,""maxSCU"":10,""maxContainerSize"":4}]",,,,,,1,,,1,,,,"[""Stanton""]",,,,,,1,3,
698a2696-0c6b-4ab2-be85-370a7782d1fe,HaulCargo_SingleToMulti3_RefinedOre_Corundum_Stanton_SmallGrade,,Hauling - Stellar,,Member Rank - Small Cargo Haul,@Covalex_HaulCargo_SingleToMulti_title,"Hi there,\n\nThe refinery at <EM4>[LOCATION]</EM4> has been busy. They’ve processed a bunch of <EM4>Corundum</EM4> into containers <EM4>4 SCU</EM4> or smaller, and are looking to get it shipped out from a freight elevator. I just checked with the LEOs to see which ones needed this stuff and was able to put together this run.  \n\nDROP OFF LOCATIONS (ANY ORDER)\n\n- Freight elevator at <EM4>[DESTINATION]</EM4>\n- Freight elevator at <EM4>[DESTINATION1]</EM4>\n- Freight elevator at <EM4>[DESTINATION2]</EM4>\n\nShould be an easy run for you, if you’re free. \n\nBy the way, we strongly encourage contractors to bring a <EM4>handheld tractor beam</EM4> along.   \n\nThanks in advance for ensuring prompt service,\n\nChase Hewitt\nJr. Logistics Coordinator\nCovalex Shipping  \n'Anything you need, anywhere you need it.'\n\nCovalex Shipping is a limited liability corporation. To encourage timely deliveries and prevent fraud on cargo hauls, Covalex Shipping will set a delivery time limit and upon expiration, any undelivered cargo will be considered stolen and treated as such. Total payment will be prorated according to the percentage of cargo successfully delivered.",@Covalex_HaulCargo_SingleToMulti_RefinedOre,Covalex_HaulCargo_SingleToMulti_RefinedOre,85750,,1,,3b2f7882-73cc-41a4-9dce-f188d927e905,"[""939db9c047f8"",""4bb7d5766b7c"",""dfaa4ef80550"",""eda891a336d8"",""6d40795eef36"",""e15ed9ae26b0"",""c78dabbac080"",""d075888b87ae"",""d9e58924ece8"",""684acd6474b7""]","[""7c7107f9f580"",""10b299e2ccf9"",""db17a1be6e86"",""0fcc1d84a327"",""e63d2da1ad36"",""32e3bb3ae27a"",""d56b03ec64ca"",""0c19e0494d99"",""59ce884e5a53"",""8ed6f459e7a4"",""2ed683252564"",""de212bfbf4b5"",""bbd717ea0069""]","{""location"":[{""guid"":""35a9f8f5-8f80-4796-83db-7d7362baeb9a"",""name"":""ArcCorp"",""navIcon"":""Planet"",""star"":{""guid"":""34ff378f-faee-47bb-b5fe-f505e665c5ca"",""name"":""Stanton"",""navIcon"":""Star""}}]}","{""CargoRouteToken"":""@HaulCargo_CargoRoute_Solar"",""CargoGradeToken"":""@HaulCargo_CargoGrade_Small"",""ReputationRank"":""@RepStanding_TransportGuild_Rank3"",""MissionMaxSCUSize"":""@FreightElevator_4SCU"",""Item"":""@items_commodities_corundum"",""SingleToMultiToken"":""@HaulCargo_3_SingleToMultiToken""}","{""guid"":""d8485181-6938-42ce-bb8a-b76631955a44"",""name"":""Member"",""minReputation"":5250,""nameKey"":""RepStanding_TransportGuild_Rank3"",""includeWhenSharing"":true}",,,false,false,,5,,,,,"[{""resource"":""d3f586abbe5d"",""minSCU"":5,""maxSCU"":11,""maxContainerSize"":4},{""resource"":""d3f586abbe5d"",""minSCU"":4,""maxSCU"":10,""maxContainerSize"":4}]",,,,,,1,,,1,,,,,,,,,,1,3,
aae2bb8c-9062-4169-a24e-49836893b2d2,HaulCargo_SingleToMulti3_RefinedOre_Corundum_Stanton1_SmallGrade,,Hauling - Planetary,,Member Rank - Small Cargo Haul,@Covalex_HaulCargo_SingleToMulti_title,"Greetings, \n\nSeems like <EM4>[LOCATION]</EM4> currently has some <EM4>4 SCU</EM4> or smaller cargo that needs to be separated and delivered to a few different spots. \n\nDROP OFF LOCATIONS (ANY ORDER)\n\n- Freight elevator at <EM4>[DESTINATION]</EM4>\n- Freight elevator at <EM4>[DESTINATION1]</EM4>\n- Freight elevator at <EM4>[DESTINATION2]</EM4>\n\nDrop-offs can be done in whatever order works best for you.  \n\nBy the way, we strongly encourage contractors to bring a <EM4>handheld tractor beam</EM4> along.   \n\n[SIGN_OFF]\n\nChase Hewitt\nJr. Logistics Coordinator\nCovalex Shipping  \n'Anything you need, anywhere you need it.'\n\nCovalex Shipping is a limited liability corporation. To encourage timely deliveries and prevent fraud on cargo hauls, Covalex Shipping will set a delivery time limit and upon expiration, any undelivered cargo will be considered stolen and treated as such. Total payment will be prorated according to the percentage of cargo successfully delivered.",@HaulCargo_SingleToMulti_desc,Covalex_HaulCargo_SingleToMulti_desc_01,90250,,1,,3b2f7882-73cc-41a4-9dce-f188d927e905,"[""35c3ed47bd36"",""15a181728888""]","[""7c7107f9f580"",""32e3bb3ae27a"",""59ce884e5a53"",""bbd717ea0069"",""0fcc1d84a327"",""0c19e0494d99"",""8ed6f459e7a4""]","{""location"":[{""guid"":""551af60b-7727-4936-acc7-763d25d7a1de"",""name"":""Hurston"",""navIcon"":""Planet"",""star"":{""guid"":""34ff378f-faee-47bb-b5fe-f505e665c5ca"",""name"":""Stanton"",""navIcon"":""Star""}}]}","{""CargoRouteToken"":""@HaulCargo_CargoRoute_Planetary"",""CargoGradeToken"":""@HaulCargo_CargoGrade_Small"",""ReputationRank"":""@RepStanding_TransportGuild_Rank3"",""MissionMaxSCUSize"":""@FreightElevator_4SCU"",""SingleToMultiToken"":""@HaulCargo_3_SingleToMultiToken""}","{""guid"":""d8485181-6938-42ce-bb8a-b76631955a44"",""name"":""Member"",""minReputation"":5250,""nameKey"":""RepStanding_TransportGuild_Rank3"",""includeWhenSharing"":true}",,,false,false,,5,,,,,"[{""resource"":""d3f586abbe5d"",""minSCU"":3,""maxSCU"":5,""maxContainerSize"":4},{""resource"":""d3f586abbe5d"",""minSCU"":2,""maxSCU"":6,""maxContainerSize"":4}]",,,,,,1,,,1,,,,"[""Stanton""]",,,,,,1,3,
04d3c89e-9dd1-489a-b155-f448e75aea46,HaulCargo_SingleToMulti3_RefinedOre_Quartz_Stanton1_SmallGrade,,Hauling - Planetary,,Member Rank - Small Cargo Haul,@Covalex_HaulCargo_SingleToMulti_title,"Greetings, \n\nSeems like <EM4>[LOCATION]</EM4> currently has some <EM4>4 SCU</EM4> or smaller cargo that needs to be separated and delivered to a few different spots. \n\nDROP OFF LOCATIONS (ANY ORDER)\n\n- Freight elevator at <EM4>[DESTINATION]</EM4>\n- Freight elevator at <EM4>[DESTINATION1]</EM4>\n- Freight elevator at <EM4>[DESTINATION2]</EM4>\n\nDrop-offs can be done in whatever order works best for you.  \n\nBy the way, we strongly encourage contractors to bring a <EM4>handheld tractor beam</EM4> along.   \n\n[SIGN_OFF]\n\nChase Hewitt\nJr. Logistics Coordinator\nCovalex Shipping  \n'Anything you need, anywhere you need it.'\n\nCovalex Shipping is a limited liability corporation. To encourage timely deliveries and prevent fraud on cargo hauls, Covalex Shipping will set a delivery time limit and upon expiration, any undelivered cargo will be considered stolen and treated as such. Total payment will be prorated according to the percentage of cargo successfully delivered.",@HaulCargo_SingleToMulti_desc,Covalex_HaulCargo_SingleToMulti_desc_01,99500,,1,,3b2f7882-73cc-41a4-9dce-f188d927e905,"[""35c3ed47bd36"",""15a181728888""]","[""7c7107f9f580"",""32e3bb3ae27a"",""59ce884e5a53"",""bbd717ea0069"",""0fcc1d84a327"",""0c19e0494d99"",""8ed6f459e7a4""]","{""location"":[{""guid"":""551af60b-7727-4936-acc7-763d25d7a1de"",""name"":""Hurston"",""navIcon"":""Planet"",""star"":{""guid"":""34ff378f-faee-47bb-b5fe-f505e665c5ca"",""name"":""Stanton"",""navIcon"":""Star""}}]}","{""CargoRouteToken"":""@HaulCargo_CargoRoute_Planetary"",""CargoGradeToken"":""@HaulCargo_CargoGrade_Small"",""ReputationRank"":""@RepStanding_TransportGuild_Rank3"",""MissionMaxSCUSize"":""@FreightElevator_4SCU"",""SingleToMultiToken"":""@HaulCargo_3_SingleToMultiToken""}","{""guid"":""d8485181-6938-42ce-bb8a-b76631955a44"",""name"":""Member"",""minReputation"":5250,""nameKey"":""RepStanding_TransportGuild_Rank3"",""includeWhenSharing"":true}",,,false,false,,5,,,,,"[{""resource"":""8f116d732e1e"",""minSCU"":5,""maxSCU"":11,""maxContainerSize"":4},{""resource"":""8f116d732e1e"",""minSCU"":4,""maxSCU"":10,""maxContainerSize"":4}]",,,,,,1,,,1,,,,"[""Stanton""]",,,,,,1,3,
e41e956c-9d41-4f74-a3cf-72f0d233567a,HaulCargo_SingleToMulti3_RefinedOre_Tin_Stanton1_SmallGrade,,Hauling - Planetary,,Member Rank - Small Cargo Haul,@Covalex_HaulCargo_SingleToMulti_title,"Greetings, \n\nSeems like <EM4>[LOCATION]</EM4> currently has some <EM4>4 SCU</EM4> or smaller cargo that needs to be separated and delivered to a few different spots. \n\nDROP OFF LOCATIONS (ANY ORDER)\n\n- Freight elevator at <EM4>[DESTINATION]</EM4>\n- Freight elevator at <EM4>[DESTINATION1]</EM4>\n- Freight elevator at <EM4>[DESTINATION2]</EM4>\n\nDrop-offs can be done in whatever order works best for you.  \n\nBy the way, we strongly encourage contractors to bring a <EM4>handheld tractor beam</EM4> along.   \n\n[SIGN_OFF]\n\nChase Hewitt\nJr. Logistics Coordinator\nCovalex Shipping  \n'Anything you need, anywhere you need it.'\n\nCovalex Shipping is a limited liability corporation. To encourage timely deliveries and prevent fraud on cargo hauls, Covalex Shipping will set a delivery time limit and upon expiration, any undelivered cargo will be considered stolen and treated as such. Total payment will be prorated according to the percentage of cargo successfully delivered.",@HaulCargo_SingleToMulti_desc,Covalex_HaulCargo_SingleToMulti_desc_01,99500,,1,,3b2f7882-73cc-41a4-9dce-f188d927e905,"[""35c3ed47bd36""]","[""7c7107f9f580"",""32e3bb3ae27a"",""59ce884e5a53"",""bbd717ea0069""]","{""location"":[{""guid"":""551af60b-7727-4936-acc7-763d25d7a1de"",""name"":""Hurston"",""navIcon"":""Planet"",""star"":{""guid"":""34ff378f-faee-47bb-b5fe-f505e665c5ca"",""name"":""Stanton"",""navIcon"":""Star""}}]}","{""CargoRouteToken"":""@HaulCargo_CargoRoute_Planetary"",""CargoGradeToken"":""@HaulCargo_CargoGrade_Small"",""ReputationRank"":""@RepStanding_TransportGuild_Rank3"",""MissionMaxSCUSize"":""@FreightElevator_4SCU"",""SingleToMultiToken"":""@HaulCargo_3_SingleToMultiToken""}","{""guid"":""d8485181-6938-42ce-bb8a-b76631955a44"",""name"":""Member"",""minReputation"":5250,""nameKey"":""RepStanding_TransportGuild_Rank3"",""includeWhenSharing"":true}",,,false,false,,5,,,,,"[{""resource"":""7847383427be"",""minSCU"":5,""maxSCU"":11,""maxContainerSize"":4},{""resource"":""7847383427be"",""minSCU"":4,""maxSCU"":10,""maxContainerSize"":4},{""resource"":""7847383427be"",""minSCU"":5,""maxSCU"":11,""maxContainerSize"":4}]",,,,,,1,,,1,,,,"[""Stanton""]",,,,,,1,3,
6c51af92-0bdd-487e-b32e-752e9c142cca,HaulCargo_SingleToMulti3_RefinedOre_Titanium_Stanton1_SmallGrade,,Hauling - Planetary,,Member Rank - Small Cargo Haul,@Covalex_HaulCargo_SingleToMulti_title,"Greetings, \n\nSeems like <EM4>[LOCATION]</EM4> currently has some <EM4>4 SCU</EM4> or smaller cargo that needs to be separated and delivered to a few different spots. \n\nDROP OFF LOCATIONS (ANY ORDER)\n\n- Freight elevator at <EM4>[DESTINATION]</EM4>\n- Freight elevator at <EM4>[DESTINATION1]</EM4>\n- Freight elevator at <EM4>[DESTINATION2]</EM4>\n\nDrop-offs can be done in whatever order works best for you.  \n\nBy the way, we strongly encourage contractors to bring a <EM4>handheld tractor beam</EM4> along.   \n\n[SIGN_OFF]\n\nChase Hewitt\nJr. Logistics Coordinator\nCovalex Shipping  \n'Anything you need, anywhere you need it.'\n\nCovalex Shipping is a limited liability corporation. To encourage timely deliveries and prevent fraud on cargo hauls, Covalex Shipping will set a delivery time limit and upon expiration, any undelivered cargo will be considered stolen and treated as such. Total payment will be prorated according to the percentage of cargo successfully delivered.",@HaulCargo_SingleToMulti_desc,Covalex_HaulCargo_SingleToMulti_desc_01,99500,,1,,3b2f7882-73cc-41a4-9dce-f188d927e905,"[""35c3ed47bd36"",""15a181728888""]","[""7c7107f9f580"",""32e3bb3ae27a"",""59ce884e5a53"",""bbd717ea0069"",""0fcc1d84a327"",""0c19e0494d99"",""8ed6f459e7a4""]","{""location"":[{""guid"":""551af60b-7727-4936-acc7-763d25d7a1de"",""name"":""Hurston"",""navIcon"":""Planet"",""star"":{""guid"":""34ff378f-faee-47bb-b5fe-f505e665c5ca"",""name"":""Stanton"",""navIcon"":""Star""}}]}","{""CargoRouteToken"":""@HaulCargo_CargoRoute_Planetary"",""CargoGradeToken"":""@HaulCargo_CargoGrade_Small"",""ReputationRank"":""@RepStanding_TransportGuild_Rank3"",""MissionMaxSCUSize"":""@FreightElevator_4SCU"",""SingleToMultiToken"":""@HaulCargo_3_SingleToMultiToken""}","{""guid"":""d8485181-6938-42ce-bb8a-b76631955a44"",""name"":""Member"",""minReputation"":5250,""nameKey"":""RepStanding_TransportGuild_Rank3"",""includeWhenSharing"":true}",,,false,false,,5,,,,,"[{""resource"":""6c1aad782b33"",""minSCU"":5,""maxSCU"":11,""maxContainerSize"":4},{""resource"":""6c1aad782b33"",""minSCU"":4,""maxSCU"":10,""maxContainerSize"":4}]",,,,,,1,,,1,,,,"[""Stanton""]",,,,,,1,3,
d8f8b755-efd6-41eb-95a0-0e333eef8a65,HaulCargo_SingleToMulti3_RefinedOre_Tungsten_Stanton1_SmallGrade,,Hauling - Planetary,,Member Rank - Small Cargo Haul,@Covalex_HaulCargo_SingleToMulti_title,"Greetings, \n\nSeems like <EM4>[LOCATION]</EM4> currently has some <EM4>4 SCU</EM4> or smaller cargo that needs to be separated and delivered to a few different spots. \n\nDROP OFF LOCATIONS (ANY ORDER)\n\n- Freight elevator at <EM4>[DESTINATION]</EM4>\n- Freight elevator at <EM4>[DESTINATION1]</EM4>\n- Freight elevator at <EM4>[DESTINATION2]</EM4>\n\nDrop-offs can be done in whatever order works best for you.  \n\nBy the way, we strongly encourage contractors to bring a <EM4>handheld tractor beam</EM4> along.   \n\n[SIGN_OFF]\n\nChase Hewitt\nJr. Logistics Coordinator\nCovalex Shipping  \n'Anything you need, anywhere you need it.'\n\nCovalex Shipping is a limited liability corporation. To encourage timely deliveries and prevent fraud on cargo hauls, Covalex Shipping will set a delivery time limit and upon expiration, any undelivered cargo will be considered stolen and treated as such. Total payment will be prorated according to the percentage of cargo successfully delivered.",@HaulCargo_SingleToMulti_desc,Covalex_HaulCargo_SingleToMulti_desc_01,99500,,1,,3b2f7882-73cc-41a4-9dce-f188d927e905,"[""35c3ed47bd36"",""15a181728888""]","[""7c7107f9f580"",""32e3bb3ae27a"",""59ce884e5a53"",""bbd717ea0069"",""0fcc1d84a327"",""0c19e0494d99"",""8ed6f459e7a4""]","{""location"":[{""guid"":""551af60b-7727-4936-acc7-763d25d7a1de"",""name"":""Hurston"",""navIcon"":""Planet"",""star"":{""guid"":""34ff378f-faee-47bb-b5fe-f505e665c5ca"",""name"":""Stanton"",""navIcon"":""Star""}}]}","{""CargoRouteToken"":""@HaulCargo_CargoRoute_Planetary"",""CargoGradeToken"":""@HaulCargo_CargoGrade_Small"",""ReputationRank"":""@RepStanding_TransportGuild_Rank3"",""MissionMaxSCUSize"":""@FreightElevator_4SCU"",""SingleToMultiToken"":""@HaulCargo_3_SingleToMultiToken""}","{""guid"":""d8485181-6938-42ce-bb8a-b76631955a44"",""name"":""Member"",""minReputation"":5250,""nameKey"":""RepStanding_TransportGuild_Rank3"",""includeWhenSharing"":true}",,,false,false,,5,,,,,"[{""resource"":""77b7c49f0863"",""minSCU"":5,""maxSCU"":11,""maxContainerSize"":4},{""resource"":""77b7c49f0863"",""minSCU"":4,""maxSCU"":10,""maxContainerSize"":-1},{""resource"":""77b7c49f0863"",""minSCU"":4,""maxSCU"":10,""maxContainerSize"":4}]",,,,,,1,,,1,,,,"[""Stanton""]",,,,,,1,3,
a910b7f6-7e4d-48e0-891c-f666406db4a6,HaulCargo_SingleToMulti4_Gas_Oxygen_Stanton1_SmallGrade,,Hauling - Planetary,,Member Rank - Small Cargo Haul,@Covalex_HaulCargo_SingleToMulti_title,"Greetings, \n\nSeems like <EM4>[LOCATION]</EM4> currently has some <EM4>4 SCU</EM4> or smaller cargo that needs to be separated and delivered to a few different spots. \n\nDROP OFF LOCATIONS (ANY ORDER)\n\n- Freight elevator at <EM4>[DESTINATION]</EM4>\n- Freight elevator at <EM4>[DESTINATION1]</EM4>\n- Freight elevator at <EM4>[DESTINATION2]</EM4>\n- Freight elevator at <EM4>[DESTINATION3]</EM4>\n\nDrop-offs can be done in whatever order works best for you.  \n\nBy the way, we strongly encourage contractors to bring a <EM4>handheld tractor beam</EM4> along.   \n\n[SIGN_OFF]\n\nChase Hewitt\nJr. Logistics Coordinator\nCovalex Shipping  \n'Anything you need, anywhere you need it.'\n\nCovalex Shipping is a limited liability corporation. To encourage timely deliveries and prevent fraud on cargo hauls, Covalex Shipping will set a delivery time limit and upon expiration, any undelivered cargo will be considered stolen and treated as such. Total payment will be prorated according to the percentage of cargo successfully delivered.",@HaulCargo_SingleToMulti_desc,Covalex_HaulCargo_SingleToMulti_desc_01,101000,,1,,3b2f7882-73cc-41a4-9dce-f188d927e905,"[""35c3ed47bd36""]","[""7c7107f9f580"",""32e3bb3ae27a"",""59ce884e5a53"",""bbd717ea0069""]","{""location"":[{""guid"":""551af60b-7727-4936-acc7-763d25d7a1de"",""name"":""Hurston"",""navIcon"":""Planet"",""star"":{""guid"":""34ff378f-faee-47bb-b5fe-f505e665c5ca"",""name"":""Stanton"",""navIcon"":""Star""}}]}","{""CargoRouteToken"":""@HaulCargo_CargoRoute_Planetary"",""CargoGradeToken"":""@HaulCargo_CargoGrade_Small"",""ReputationRank"":""@RepStanding_TransportGuild_Rank3"",""MissionMaxSCUSize"":""@FreightElevator_4SCU"",""SingleToMultiToken"":""@HaulCargo_4_SingleToMultiToken""}","{""guid"":""d8485181-6938-42ce-bb8a-b76631955a44"",""name"":""Member"",""minReputation"":5250,""nameKey"":""RepStanding_TransportGuild_Rank3"",""includeWhenSharing"":true}",,,false,false,,5,,,,,"[{""resource"":null,""minSCU"":4,""maxSCU"":8,""maxContainerSize"":4},{""resource"":null,""minSCU"":3,""maxSCU"":8,""maxContainerSize"":4},{""resource"":null,""minSCU"":4,""maxSCU"":8,""maxContainerSize"":4},{""resource"":null,""minSCU"":3,""maxSCU"":8,""maxContainerSize"":4}]",,,,,,1,,,1,,,,"[""Stanton""]",,,,,,1,4,
f108b67f-64b3-42bd-b126-643d637d5097,HaulCargo_SingleToMulti4_NonMetal_Carbon_Stanton1_SmallGrade,,Hauling - Planetary,,Member Rank - Small Cargo Haul,@Covalex_HaulCargo_SingleToMulti_title,"Greetings, \n\nSeems like <EM4>[LOCATION]</EM4> currently has some <EM4>4 SCU</EM4> or smaller cargo that needs to be separated and delivered to a few different spots. \n\nDROP OFF LOCATIONS (ANY ORDER)\n\n- Freight elevator at <EM4>[DESTINATION]</EM4>\n- Freight elevator at <EM4>[DESTINATION1]</EM4>\n- Freight elevator at <EM4>[DESTINATION2]</EM4>\n- Freight elevator at <EM4>[DESTINATION3]</EM4>\n\nDrop-offs can be done in whatever order works best for you.  \n\nBy the way, we strongly encourage contractors to bring a <EM4>handheld tractor beam</EM4> along.   \n\n[SIGN_OFF]\n\nChase Hewitt\nJr. Logistics Coordinator\nCovalex Shipping  \n'Anything you need, anywhere you need it.'\n\nCovalex Shipping is a limited liability corporation. To encourage timely deliveries and prevent fraud on cargo hauls, Covalex Shipping will set a delivery time limit and upon expiration, any undelivered cargo will be considered stolen and treated as such. Total payment will be prorated according to the percentage of cargo successfully delivered.",@HaulCargo_SingleToMulti_desc,Covalex_HaulCargo_SingleToMulti_desc_01,90750,,1,,3b2f7882-73cc-41a4-9dce-f188d927e905,"[""35c3ed47bd36""]","[""7c7107f9f580"",""32e3bb3ae27a"",""59ce884e5a53"",""bbd717ea0069""]","{""location"":[{""guid"":""551af60b-7727-4936-acc7-763d25d7a1de"",""name"":""Hurston"",""navIcon"":""Planet"",""star"":{""guid"":""34ff378f-faee-47bb-b5fe-f505e665c5ca"",""name"":""Stanton"",""navIcon"":""Star""}}]}","{""CargoRouteToken"":""@HaulCargo_CargoRoute_Planetary"",""CargoGradeToken"":""@HaulCargo_CargoGrade_Small"",""ReputationRank"":""@RepStanding_TransportGuild_Rank3"",""MissionMaxSCUSize"":""@FreightElevator_4SCU"",""SingleToMultiToken"":""@HaulCargo_4_SingleToMultiToken""}","{""guid"":""d8485181-6938-42ce-bb8a-b76631955a44"",""name"":""Member"",""minReputation"":5250,""nameKey"":""RepStanding_TransportGuild_Rank3"",""includeWhenSharing"":true}",,,false,false,,5,,,,,"[{""resource"":""fbebe083c5b1"",""minSCU"":2,""maxSCU"":4,""maxContainerSize"":4},{""resource"":""fbebe083c5b1"",""minSCU"":2,""maxSCU"":4,""maxContainerSize"":4},{""resource"":""fbebe083c5b1"",""minSCU"":2,""maxSCU"":4,""maxContainerSize"":4},{""resource"":""fbebe083c5b1"",""minSCU"":2,""maxSCU"":4,""maxContainerSize"":4}]",,,,,,1,,,1,,,,"[""Stanton""]",,,,,,1,4,
5b4be6e7-a4c9-4e85-b98f-bdabb372534a,HaulCargo_SingleToMulti4_Processed_Mixed_PressIceProcFood_Stanton1_SmallGrade,,Hauling - Stellar,,Member Rank - Small Cargo Haul,@Covalex_HaulCargo_SingleToMulti_title,"Greetings, \n\nSeems like <EM4>[LOCATION]</EM4> currently has some <EM4>4 SCU</EM4> or smaller cargo that needs to be separated and delivered to a few different spots. \n\nDROP OFF LOCATIONS (ANY ORDER)\n\n- Freight elevator at <EM4>[DESTINATION]</EM4>\n- Freight elevator at <EM4>[DESTINATION1]</EM4>\n- Freight elevator at <EM4>[DESTINATION2]</EM4>\n- Freight elevator at <EM4>[DESTINATION3]</EM4>\n\nDrop-offs can be done in whatever order works best for you.  \n\nBy the way, we strongly encourage contractors to bring a <EM4>handheld tractor beam</EM4> along.   \n\n[SIGN_OFF]\n\nChase Hewitt\nJr. Logistics Coordinator\nCovalex Shipping  \n'Anything you need, anywhere you need it.'\n\nCovalex Shipping is a limited liability corporation. To encourage timely deliveries and prevent fraud on cargo hauls, Covalex Shipping will set a delivery time limit and upon expiration, any undelivered cargo will be considered stolen and treated as such. Total payment will be prorated according to the percentage of cargo successfully delivered.",@HaulCargo_SingleToMulti_desc,Covalex_HaulCargo_SingleToMulti_desc_01,100500,,1,,3b2f7882-73cc-41a4-9dce-f188d927e905,,"[""e95b4a8986f3"",""b59e5f3521ad"",""b3580d2b56f8"",""4411e7a6a465"",""757b267eceb1""]","{""location"":null}","{""CargoRouteToken"":""@HaulCargo_CargoRoute_Solar"",""CargoGradeToken"":""@HaulCargo_CargoGrade_Small"",""ReputationRank"":""@RepStanding_TransportGuild_Rank3"",""MissionMaxSCUSize"":""@FreightElevator_4SCU"",""SingleToMultiToken"":""@HaulCargo_4_SingleToMultiToken""}","{""guid"":""d8485181-6938-42ce-bb8a-b76631955a44"",""name"":""Member"",""minReputation"":5250,""nameKey"":""RepStanding_TransportGuild_Rank3"",""includeWhenSharing"":true}",,,false,false,,5,,,,,"[{""resource"":""6bc315f54d54"",""minSCU"":4,""maxSCU"":8,""maxContainerSize"":4},{""resource"":""b791e5d84f22"",""minSCU"":4,""maxSCU"":8,""maxContainerSize"":4},{""resource"":""6bc315f54d54"",""minSCU"":3,""maxSCU"":8,""maxContainerSize"":4},{""resource"":""b791e5d84f22"",""minSCU"":3,""maxSCU"":8,""maxContainerSize"":4}]",,,,,,1,,,1,,,,,,,,,,1,4,
589336ad-3946-4a35-9470-4b42b038e274,HaulCargo_SingleToMulti4_Processed_Mixed_QTFuelHydroFuelShipAmmo_Stanton3_SmallGrade,,Hauling - Planetary,,Member Rank - Small Cargo Haul,@Covalex_HaulCargo_SingleToMulti_title,"Hey,\n\nThe folks at <EM4>[LOCATION]</EM4> have what I like to call a “pilot’s special” waiting to be distributed - a haul of quantum fuel, hydrogen fuel, and ship ammo. Load it up from a freight elevator and deliver it to the following spots in whatever order works best for you. Expect the containers to all be <EM4>4 SCU</EM4> or smaller.   \n\nDROP OFF LOCATIONS (ANY ORDER)\n\n- Freight elevator at <EM4>[DESTINATION]</EM4>\n- Freight elevator at <EM4>[DESTINATION1]</EM4>\n- Freight elevator at <EM4>[DESTINATION2]</EM4>\n- Freight elevator at <EM4>[DESTINATION3]</EM4> \n\nBy the way, we strongly encourage contractors to bring a <EM4>handheld tractor beam</EM4> along.   \n\nThanks in advance for ensuring prompt service,\n\nChase Hewitt\nJr. Logistics Coordinator\nCovalex Shipping  \n'Anything you need, anywhere you need it.'\n\nCovalex Shipping is a limited liability corporation. To encourage timely deliveries and prevent fraud on cargo hauls, Covalex Shipping will set a delivery time limit and upon expiration, any undelivered cargo will be considered stolen and treated as such. Total payment will be prorated according to the percentage of cargo successfully delivered.",@Covalex_HaulCargo_SingleToMulti_Processed_Mixed_QTFuelHydroFuelShipAmmo,Covalex_HaulCargo_SingleToMulti_Processed_Mixed_QTFuelHydroFuelShipAmmo,123500,,1,,3b2f7882-73cc-41a4-9dce-f188d927e905,"[""e99a449d68bb"",""939db9c047f8"",""b5cb53e33fcd"",""95a32244f345"",""89a008e35ed9"",""c35c9d645e5d"",""5acdaddce185"",""df84706319ae"",""344489ef2811"",""b7c1fb236967"",""3ec008299c9d"",""d349a20587a2"",""8778a3f3b59c"",""d3473e61952b"",""64827e21d193"",""322451426163"",""074158cec93a"",""4bb7d5766b7c"",""2950082e2ec5"",""0f1b82d15bbf"",""70e2a4e15934"",""c11688d881bf"",""e69a2518b584"",""68086388492f"",""b873eaf28465"",""f40a07fbd12f"",""493a280f272d"",""b995beee5bb3"",""d3ed903f7000"",""547b54692c2b"",""c1d9c915309c"",""57d5a7e2054f"",""e15ed9ae26b0"",""3498b709fb3e"",""dfaa4ef80550"",""8ec2b5822f28"",""d51d9286b7ea"",""c78dabbac080"",""eac7f1ce3c0b"",""731b3f66d433"",""eda891a336d8"",""eaeb897a5b62"",""d075888b87ae"",""cc24d9eed492"",""aea1218cee3a"",""f5d285444203"",""c8ec90a805e4"",""d9e58924ece8"",""c78b26d569cd"",""6d40795eef36"",""b9cc5464bce2"",""f59373b33e29"",""919fb4980f6c"",""a49dc6443322"",""684acd6474b7"",""a854ef6fbec3"",""cc0b084257c7"",""28483b79f0db"",""8a9af4c27255"",""4993c8b73077"",""540e602749e8"",""d460d15a7d1b"",""5de9b063495a"",""d6cbb6d1bbf8"",""5535e1c9c8b5"",""d7f6e64900b0"",""e7b47cf6f5c5"",""9da35e2a2944"",""15a181728888""]","[""889e7b4f710f""]","{""location"":[{""guid"":""35a9f8f5-8f80-4796-83db-7d7362baeb9a"",""name"":""ArcCorp"",""navIcon"":""Planet"",""star"":{""guid"":""34ff378f-faee-47bb-b5fe-f505e665c5ca"",""name"":""Stanton"",""navIcon"":""Star""}}]}","{""CargoRouteToken"":""@HaulCargo_CargoRoute_Planetary"",""CargoGradeToken"":""@HaulCargo_CargoGrade_Small"",""ReputationRank"":""@RepStanding_TransportGuild_Rank3"",""MissionMaxSCUSize"":""@FreightElevator_4SCU"",""SingleToMultiToken"":""@HaulCargo_4_SingleToMultiToken""}","{""guid"":""d8485181-6938-42ce-bb8a-b76631955a44"",""name"":""Member"",""minReputation"":5250,""nameKey"":""RepStanding_TransportGuild_Rank3"",""includeWhenSharing"":true}",,,false,false,,5,,,,,"[{""resource"":""b1e6f847e239"",""minSCU"":3,""maxSCU"":6,""maxContainerSize"":4},{""resource"":""7f13bf4d94d1"",""minSCU"":5,""maxSCU"":11,""maxContainerSize"":4},{""resource"":""a1e8ada12409"",""minSCU"":4,""maxSCU"":10,""maxContainerSize"":4},{""resource"":""b1e6f847e239"",""minSCU"":2,""maxSCU"":5,""maxContainerSize"":4}]",,,,,,1,,,1,,,,"[""Stanton""]",,,,,,1,4,
546625d0-0617-43a4-a7bb-b7ad5987b6b5,HaulCargo_SingleToMulti4_Processed_Stims_Stanton1_SmallGrade,,Hauling - Planetary,,Member Rank - Small Cargo Haul,@Covalex_HaulCargo_SingleToMulti_title,"Hi,\n\nThere’s a load of stims at <EM4>[LOCATION]</EM4> ready to be picked up from a freight elevator and delivered to a few spots. They will be packaged up in containers <EM4>4 SCU</EM4> or smaller. Any chance you can knock this one out for me? \n\nDoesn’t matter what order you drop them off.    \n\nDROP OFF LOCATIONS (ANY ORDER)\n\n- Freight elevator at <EM4>[DESTINATION]</EM4>\n- Freight elevator at <EM4>[DESTINATION1]</EM4>\n- Freight elevator at <EM4>[DESTINATION2]</EM4>\n- Freight elevator at <EM4>[DESTINATION3]</EM4>\n\nGlad I never picked up the habit myself because I swear I get more delivery update requests for “where are my stims?!?” than any other kind of shipment. \n\nBy the way, we strongly encourage contractors to bring a <EM4>handheld tractor beam</EM4> along.   \n\nThanks in advance for ensuring prompt service,\n\nChase Hewitt\nJr. Logistics Coordinator\nCovalex Shipping  \n'Anything you need, anywhere you need it.'\n\nCovalex Shipping is a limited liability corporation. To encourage timely deliveries and prevent fraud on cargo hauls, Covalex Shipping will set a delivery time limit and upon expiration, any undelivered cargo will be considered stolen and treated as such. Total payment will be prorated according to the percentage of cargo successfully delivered.",@Covalex_HaulCargo_SingleToMulti_Processed_Stims,Covalex_HaulCargo_SingleToMulti_Processed_Stims,90750,,1,,3b2f7882-73cc-41a4-9dce-f188d927e905,"[""35c3ed47bd36"",""e2c9d59de95f"",""15a181728888""]","[""7c7107f9f580"",""4c989742e9ab"",""59ce884e5a53"",""bbd717ea0069"",""889e7b4f710f"",""7e6f1702d348"",""cc76fc07b471"",""0fcc1d84a327"",""269b504a4b6b"",""8ed6f459e7a4""]","{""location"":[{""guid"":""551af60b-7727-4936-acc7-763d25d7a1de"",""name"":""Hurston"",""navIcon"":""Planet"",""star"":{""guid"":""34ff378f-faee-47bb-b5fe-f505e665c5ca"",""name"":""Stanton"",""navIcon"":""Star""}}]}","{""CargoRouteToken"":""@HaulCargo_CargoRoute_Planetary"",""CargoGradeToken"":""@HaulCargo_CargoGrade_Small"",""ReputationRank"":""@RepStanding_TransportGuild_Rank3"",""MissionMaxSCUSize"":""@FreightElevator_4SCU"",""SingleToMultiToken"":""@HaulCargo_4_SingleToMultiToken""}","{""guid"":""d8485181-6938-42ce-bb8a-b76631955a44"",""name"":""Member"",""minReputation"":5250,""nameKey"":""RepStanding_TransportGuild_Rank3"",""includeWhenSharing"":true}",,,false,false,,5,,,,,"[{""resource"":""33ac9b2f41af"",""minSCU"":2,""maxSCU"":4,""maxContainerSize"":4}]",,,,,,1,,,1,,,,"[""Stanton""]",,,,,,1,4,
e69b5b80-acd4-4a61-942f-d623170d2858,HaulCargo_SingleToMulti4_Processed_Stims_Stanton3_SmallGrade1,,Hauling - Stellar,,Member Rank - Small Cargo Haul,@Covalex_HaulCargo_SingleToMulti_title,"Hi,\n\nThere’s a load of stims at <EM4>[LOCATION]</EM4> ready to be picked up from a freight elevator and delivered to a few spots. They will be packaged up in containers <EM4>4 SCU</EM4> or smaller. Any chance you can knock this one out for me? \n\nDoesn’t matter what order you drop them off.    \n\nDROP OFF LOCATIONS (ANY ORDER)\n\n- Freight elevator at <EM4>[DESTINATION]</EM4>\n- Freight elevator at <EM4>[DESTINATION1]</EM4>\n- Freight elevator at <EM4>[DESTINATION2]</EM4>\n- Freight elevator at <EM4>[DESTINATION3]</EM4>\n\nGlad I never picked up the habit myself because I swear I get more delivery update requests for “where are my stims?!?” than any other kind of shipment. \n\nBy the way, we strongly encourage contractors to bring a <EM4>handheld tractor beam</EM4> along.   \n\nThanks in advance for ensuring prompt service,\n\nChase Hewitt\nJr. Logistics Coordinator\nCovalex Shipping  \n'Anything you need, anywhere you need it.'\n\nCovalex Shipping is a limited liability corporation. To encourage timely deliveries and prevent fraud on cargo hauls, Covalex Shipping will set a delivery time limit and upon expiration, any undelivered cargo will be considered stolen and treated as such. Total payment will be prorated according to the percentage of cargo successfully delivered.",@Covalex_HaulCargo_SingleToMulti_Processed_Stims,Covalex_HaulCargo_SingleToMulti_Processed_Stims,89750,,1,,3b2f7882-73cc-41a4-9dce-f188d927e905,,"[""cdbe5c5a9cc4"",""581b65066988"",""360e510ac13b"",""baff0c674b66"",""cd6ab6ce61a7""]","{""location"":null}","{""CargoRouteToken"":""@HaulCargo_CargoRoute_Solar"",""CargoGradeToken"":""@HaulCargo_CargoGrade_Small"",""ReputationRank"":""@RepStanding_TransportGuild_Rank3"",""MissionMaxSCUSize"":""@FreightElevator_4SCU"",""SingleToMultiToken"":""@HaulCargo_4_SingleToMultiToken""}","{""guid"":""d8485181-6938-42ce-bb8a-b76631955a44"",""name"":""Member"",""minReputation"":5250,""nameKey"":""RepStanding_TransportGuild_Rank3"",""includeWhenSharing"":true}",,,false,false,,5,,,,,"[{""resource"":""33ac9b2f41af"",""minSCU"":2,""maxSCU"":4,""maxContainerSize"":4},{""resource"":""33ac9b2f41af"",""minSCU"":2,""maxSCU"":4,""maxContainerSize"":4},{""resource"":""33ac9b2f41af"",""minSCU"":2,""maxSCU"":4,""maxContainerSize"":4},{""resource"":""33ac9b2f41af"",""minSCU"":2,""maxSCU"":4,""maxContainerSize"":4}]",,,,,,1,,,1,,,,,,,,,,1,4,
3e84937f-f9c8-4c47-8f98-b31e29c119c4,HaulCargo_SingleToMulti4_RefinedOre_Aluminium_Stanton1_SmallGrade,,Hauling - Planetary,,Member Rank - Small Cargo Haul,@Covalex_HaulCargo_SingleToMulti_title,"Greetings, \n\nSeems like <EM4>[LOCATION]</EM4> currently has some <EM4>4 SCU</EM4> or smaller cargo that needs to be separated and delivered to a few different spots. \n\nDROP OFF LOCATIONS (ANY ORDER)\n\n- Freight elevator at <EM4>[DESTINATION]</EM4>\n- Freight elevator at <EM4>[DESTINATION1]</EM4>\n- Freight elevator at <EM4>[DESTINATION2]</EM4>\n- Freight elevator at <EM4>[DESTINATION3]</EM4>\n\nDrop-offs can be done in whatever order works best for you.  \n\nBy the way, we strongly encourage contractors to bring a <EM4>handheld tractor beam</EM4> along.   \n\n[SIGN_OFF]\n\nChase Hewitt\nJr. Logistics Coordinator\nCovalex Shipping  \n'Anything you need, anywhere you need it.'\n\nCovalex Shipping is a limited liability corporation. To encourage timely deliveries and prevent fraud on cargo hauls, Covalex Shipping will set a delivery time limit and upon expiration, any undelivered cargo will be considered stolen and treated as such. Total payment will be prorated according to the percentage of cargo successfully delivered.",@HaulCargo_SingleToMulti_desc,Covalex_HaulCargo_SingleToMulti_desc_01,101000,,1,,3b2f7882-73cc-41a4-9dce-f188d927e905,"[""35c3ed47bd36""]","[""7c7107f9f580"",""32e3bb3ae27a"",""59ce884e5a53"",""bbd717ea0069""]","{""location"":[{""guid"":""551af60b-7727-4936-acc7-763d25d7a1de"",""name"":""Hurston"",""navIcon"":""Planet"",""star"":{""guid"":""34ff378f-faee-47bb-b5fe-f505e665c5ca"",""name"":""Stanton"",""navIcon"":""Star""}}]}","{""CargoRouteToken"":""@HaulCargo_CargoRoute_Planetary"",""CargoGradeToken"":""@HaulCargo_CargoGrade_Small"",""ReputationRank"":""@RepStanding_TransportGuild_Rank3"",""MissionMaxSCUSize"":""@FreightElevator_4SCU"",""SingleToMultiToken"":""@HaulCargo_4_SingleToMultiToken""}","{""guid"":""d8485181-6938-42ce-bb8a-b76631955a44"",""name"":""Member"",""minReputation"":5250,""nameKey"":""RepStanding_TransportGuild_Rank3"",""includeWhenSharing"":true}",,,false,false,,5,,,,,"[{""resource"":""114e57c0cc6e"",""minSCU"":4,""maxSCU"":8,""maxContainerSize"":4},{""resource"":""114e57c0cc6e"",""minSCU"":3,""maxSCU"":8,""maxContainerSize"":4},{""resource"":""114e57c0cc6e"",""minSCU"":4,""maxSCU"":8,""maxContainerSize"":4},{""resource"":""114e57c0cc6e"",""minSCU"":3,""maxSCU"":8,""maxContainerSize"":4}]",,,,,,1,,,1,,,,"[""Stanton""]",,,,,,1,4,
fd5615f8-a727-47e2-861e-679188653a33,HaulCargo_SingleToMulti4_RefinedOre_Corundum_Stanton1_SmallGrade,,Hauling - Planetary,,Member Rank - Small Cargo Haul,@Covalex_HaulCargo_SingleToMulti_title,"Greetings, \n\nSeems like <EM4>[LOCATION]</EM4> currently has some <EM4>4 SCU</EM4> or smaller cargo that needs to be separated and delivered to a few different spots. \n\nDROP OFF LOCATIONS (ANY ORDER)\n\n- Freight elevator at <EM4>[DESTINATION]</EM4>\n- Freight elevator at <EM4>[DESTINATION1]</EM4>\n- Freight elevator at <EM4>[DESTINATION2]</EM4>\n- Freight elevator at <EM4>[DESTINATION3]</EM4>\n\nDrop-offs can be done in whatever order works best for you.  \n\nBy the way, we strongly encourage contractors to bring a <EM4>handheld tractor beam</EM4> along.   \n\n[SIGN_OFF]\n\nChase Hewitt\nJr. Logistics Coordinator\nCovalex Shipping  \n'Anything you need, anywhere you need it.'\n\nCovalex Shipping is a limited liability corporation. To encourage timely deliveries and prevent fraud on cargo hauls, Covalex Shipping will set a delivery time limit and upon expiration, any undelivered cargo will be considered stolen and treated as such. Total payment will be prorated according to the percentage of cargo successfully delivered.",@HaulCargo_SingleToMulti_desc,Covalex_HaulCargo_SingleToMulti_desc_01,90750,,1,,3b2f7882-73cc-41a4-9dce-f188d927e905,"[""32d25a8fa1b9""]","[""7c7107f9f580"",""32e3bb3ae27a"",""59ce884e5a53"",""bbd717ea0069""]","{""location"":[{""guid"":""34ff378f-faee-47bb-b5fe-f505e665c5ca"",""name"":""Stanton"",""navIcon"":""Star""}]}","{""CargoRouteToken"":""@HaulCargo_CargoRoute_Planetary"",""CargoGradeToken"":""@HaulCargo_CargoGrade_Small"",""ReputationRank"":""@RepStanding_TransportGuild_Rank3"",""MissionMaxSCUSize"":""@FreightElevator_4SCU"",""SingleToMultiToken"":""@HaulCargo_4_SingleToMultiToken""}","{""guid"":""d8485181-6938-42ce-bb8a-b76631955a44"",""name"":""Member"",""minReputation"":5250,""nameKey"":""RepStanding_TransportGuild_Rank3"",""includeWhenSharing"":true}",,,false,false,,5,,,,,"[{""resource"":""d3f586abbe5d"",""minSCU"":2,""maxSCU"":4,""maxContainerSize"":4},{""resource"":""d3f586abbe5d"",""minSCU"":2,""maxSCU"":4,""maxContainerSize"":4},{""resource"":""d3f586abbe5d"",""minSCU"":2,""maxSCU"":4,""maxContainerSize"":4},{""resource"":""d3f586abbe5d"",""minSCU"":2,""maxSCU"":4,""maxContainerSize"":4}]",,,,,,1,,,1,,,,,,,,,,1,4,
ff044893-63cb-4609-8fac-22fb6c66ce11,HaulCargo_SingleToMulti4_RefinedOre_Quartz_Stanton1_SmallGrade,,Hauling - Planetary,,Member Rank - Small Cargo Haul,@Covalex_HaulCargo_SingleToMulti_title,"Greetings, \n\nSeems like <EM4>[LOCATION]</EM4> currently has some <EM4>4 SCU</EM4> or smaller cargo that needs to be separated and delivered to a few different spots. \n\nDROP OFF LOCATIONS (ANY ORDER)\n\n- Freight elevator at <EM4>[DESTINATION]</EM4>\n- Freight elevator at <EM4>[DESTINATION1]</EM4>\n- Freight elevator at <EM4>[DESTINATION2]</EM4>\n- Freight elevator at <EM4>[DESTINATION3]</EM4>\n\nDrop-offs can be done in whatever order works best for you.  \n\nBy the way, we strongly encourage contractors to bring a <EM4>handheld tractor beam</EM4> along.   \n\n[SIGN_OFF]\n\nChase Hewitt\nJr. Logistics Coordinator\nCovalex Shipping  \n'Anything you need, anywhere you need it.'\n\nCovalex Shipping is a limited liability corporation. To encourage timely deliveries and prevent fraud on cargo hauls, Covalex Shipping will set a delivery time limit and upon expiration, any undelivered cargo will be considered stolen and treated as such. Total payment will be prorated according to the percentage of cargo successfully delivered.",@HaulCargo_SingleToMulti_desc,Covalex_HaulCargo_SingleToMulti_desc_01,101000,,1,,3b2f7882-73cc-41a4-9dce-f188d927e905,"[""35c3ed47bd36""]","[""7c7107f9f580"",""32e3bb3ae27a"",""59ce884e5a53"",""bbd717ea0069""]","{""location"":[{""guid"":""551af60b-7727-4936-acc7-763d25d7a1de"",""name"":""Hurston"",""navIcon"":""Planet"",""star"":{""guid"":""34ff378f-faee-47bb-b5fe-f505e665c5ca"",""name"":""Stanton"",""navIcon"":""Star""}}]}","{""CargoRouteToken"":""@HaulCargo_CargoRoute_Planetary"",""CargoGradeToken"":""@HaulCargo_CargoGrade_Small"",""ReputationRank"":""@RepStanding_TransportGuild_Rank3"",""MissionMaxSCUSize"":""@FreightElevator_4SCU"",""SingleToMultiToken"":""@HaulCargo_4_SingleToMultiToken""}","{""guid"":""d8485181-6938-42ce-bb8a-b76631955a44"",""name"":""Member"",""minReputation"":5250,""nameKey"":""RepStanding_TransportGuild_Rank3"",""includeWhenSharing"":true}",,,false,false,,5,,,,,"[{""resource"":""8f116d732e1e"",""minSCU"":4,""maxSCU"":8,""maxContainerSize"":4},{""resource"":""8f116d732e1e"",""minSCU"":3,""maxSCU"":8,""maxContainerSize"":4},{""resource"":""8f116d732e1e"",""minSCU"":4,""maxSCU"":8,""maxContainerSize"":4},{""resource"":""8f116d732e1e"",""minSCU"":3,""maxSCU"":8,""maxContainerSize"":4}]",,,,,,1,,,1,,,,"[""Stanton""]",,,,,,1,4,
c7fa2573-bb99-40b1-8ad8-b4cc9ba591aa,HaulCargo_SingleToMulti4_RefinedOre_Titanium_Stanton1_SmallGrade,,Hauling - Planetary,,Member Rank - Small Cargo Haul,@Covalex_HaulCargo_SingleToMulti_title,"Greetings, \n\nSeems like <EM4>[LOCATION]</EM4> currently has some <EM4>4 SCU</EM4> or smaller cargo that needs to be separated and delivered to a few different spots. \n\nDROP OFF LOCATIONS (ANY ORDER)\n\n- Freight elevator at <EM4>[DESTINATION]</EM4>\n- Freight elevator at <EM4>[DESTINATION1]</EM4>\n- Freight elevator at <EM4>[DESTINATION2]</EM4>\n- Freight elevator at <EM4>[DESTINATION3]</EM4>\n\nDrop-offs can be done in whatever order works best for you.  \n\nBy the way, we strongly encourage contractors to bring a <EM4>handheld tractor beam</EM4> along.   \n\n[SIGN_OFF]\n\nChase Hewitt\nJr. Logistics Coordinator\nCovalex Shipping  \n'Anything you need, anywhere you need it.'\n\nCovalex Shipping is a limited liability corporation. To encourage timely deliveries and prevent fraud on cargo hauls, Covalex Shipping will set a delivery time limit and upon expiration, any undelivered cargo will be considered stolen and treated as such. Total payment will be prorated according to the percentage of cargo successfully delivered.",@HaulCargo_SingleToMulti_desc,Covalex_HaulCargo_SingleToMulti_desc_01,101000,,1,,3b2f7882-73cc-41a4-9dce-f188d927e905,"[""35c3ed47bd36""]","[""7c7107f9f580"",""32e3bb3ae27a"",""59ce884e5a53"",""bbd717ea0069""]","{""location"":[{""guid"":""551af60b-7727-4936-acc7-763d25d7a1de"",""name"":""Hurston"",""navIcon"":""Planet"",""star"":{""guid"":""34ff378f-faee-47bb-b5fe-f505e665c5ca"",""name"":""Stanton"",""navIcon"":""Star""}}]}","{""CargoRouteToken"":""@HaulCargo_CargoRoute_Planetary"",""CargoGradeToken"":""@HaulCargo_CargoGrade_Small"",""ReputationRank"":""@RepStanding_TransportGuild_Rank3"",""MissionMaxSCUSize"":""@FreightElevator_4SCU"",""SingleToMultiToken"":""@HaulCargo_4_SingleToMultiToken""}","{""guid"":""d8485181-6938-42ce-bb8a-b76631955a44"",""name"":""Member"",""minReputation"":5250,""nameKey"":""RepStanding_TransportGuild_Rank3"",""includeWhenSharing"":true}",,,false,false,,5,,,,,"[{""resource"":""6c1aad782b33"",""minSCU"":4,""maxSCU"":8,""maxContainerSize"":4},{""resource"":""6c1aad782b33"",""minSCU"":3,""maxSCU"":8,""maxContainerSize"":4},{""resource"":""6c1aad782b33"",""minSCU"":4,""maxSCU"":8,""maxContainerSize"":4},{""resource"":""6c1aad782b33"",""minSCU"":3,""maxSCU"":8,""maxContainerSize"":4}]",,,,,,1,,,1,,,,"[""Stanton""]",,,,,,1,4,
365bf47e-cfdc-4774-bc1e-3d5156ebc427,HaulCargo_SingleToMulti4_RefinedOre_Tungsten_Stanton1_SmallGrade,,Hauling - Planetary,,Member Rank - Small Cargo Haul,@Covalex_HaulCargo_SingleToMulti_title,"Greetings, \n\nSeems like <EM4>[LOCATION]</EM4> currently has some <EM4>4 SCU</EM4> or smaller cargo that needs to be separated and delivered to a few different spots. \n\nDROP OFF LOCATIONS (ANY ORDER)\n\n- Freight elevator at <EM4>[DESTINATION]</EM4>\n- Freight elevator at <EM4>[DESTINATION1]</EM4>\n- Freight elevator at <EM4>[DESTINATION2]</EM4>\n- Freight elevator at <EM4>[DESTINATION3]</EM4>\n\nDrop-offs can be done in whatever order works best for you.  \n\nBy the way, we strongly encourage contractors to bring a <EM4>handheld tractor beam</EM4> along.   \n\n[SIGN_OFF]\n\nChase Hewitt\nJr. Logistics Coordinator\nCovalex Shipping  \n'Anything you need, anywhere you need it.'\n\nCovalex Shipping is a limited liability corporation. To encourage timely deliveries and prevent fraud on cargo hauls, Covalex Shipping will set a delivery time limit and upon expiration, any undelivered cargo will be considered stolen and treated as such. Total payment will be prorated according to the percentage of cargo successfully delivered.",@HaulCargo_SingleToMulti_desc,Covalex_HaulCargo_SingleToMulti_desc_01,101000,,1,,3b2f7882-73cc-41a4-9dce-f188d927e905,"[""35c3ed47bd36""]","[""7c7107f9f580"",""32e3bb3ae27a"",""59ce884e5a53"",""bbd717ea0069""]","{""location"":[{""guid"":""551af60b-7727-4936-acc7-763d25d7a1de"",""name"":""Hurston"",""navIcon"":""Planet"",""star"":{""guid"":""34ff378f-faee-47bb-b5fe-f505e665c5ca"",""name"":""Stanton"",""navIcon"":""Star""}}]}","{""CargoRouteToken"":""@HaulCargo_CargoRoute_Planetary"",""CargoGradeToken"":""@HaulCargo_CargoGrade_Small"",""ReputationRank"":""@RepStanding_TransportGuild_Rank3"",""MissionMaxSCUSize"":""@FreightElevator_4SCU"",""SingleToMultiToken"":""@HaulCargo_4_SingleToMultiToken""}","{""guid"":""d8485181-6938-42ce-bb8a-b76631955a44"",""name"":""Member"",""minReputation"":5250,""nameKey"":""RepStanding_TransportGuild_Rank3"",""includeWhenSharing"":true}",,,false,false,,5,,,,,"[{""resource"":""77b7c49f0863"",""minSCU"":4,""maxSCU"":8,""maxContainerSize"":4},{""resource"":""77b7c49f0863"",""minSCU"":3,""maxSCU"":8,""maxContainerSize"":4},{""resource"":""77b7c49f0863"",""minSCU"":4,""maxSCU"":8,""maxContainerSize"":4},{""resource"":""77b7c49f0863"",""minSCU"":3,""maxSCU"":8,""maxContainerSize"":4}]",,,,,,1,,,1,,,,"[""Stanton""]",,,,,,1,4,
9663d2cd-6e5a-4764-be19-08ad88df7507,HaulCargo_AToB_Stanton1_Intro,,Hauling,,Opportunity for Independent Cargo Hauler,@Covalex_HaulCargo_AToB_Intro_title,"Earning such accolades as 'Imperial Finances' Top 10 Shipping Companies' and 'Delivery Digest's 2945's Most Trusted Transport,' Covalex is busier than ever. And that means more cargo going to more places. That's where you come in.  \n\nCovalex is looking for dependable and industrious pilots to join our expanding family. Do you have access to a ship that can hold <EM4>1 SCU cargo containers</EM4>? Can you pass an Advocacy background check if required? Then a universe of opportunity is waiting for you. \n\nSimply complete an 'Evaluation Trial’ by picking up a shipment of <EM4>Tungsten</EM4> from a freight elevator at <EM4>[LOCATION]</EM4> and successfully delivering it to a freight elevator at <EM4>[DESTINATION]</EM4>.\n\nUpon satisfactory completion, you'll be eligible to become part of Covalex Shipping's vast network of independent transport specialists*.\n\nBy the way, we strongly encourage contractors to bring a <EM4>handheld tractor beam</EM4> along.   \n\nCovalex Shipping  \n'Anything you need, anywhere you need it.'\n\n*Covalex Shipping is a limited liability corporation. To encourage timely deliveries and prevent fraud on cargo hauls, Covalex Shipping will set a delivery time limit and upon expiration, any undelivered cargo will be considered stolen and treated as such. Total payment will be prorated according to the percentage of cargo successfully delivered.",@Covalex_HaulCargo_AToB_Intro_desc,Covalex_HaulCargo_AToB_Intro_desc,50250,,,,3b2f7882-73cc-41a4-9dce-f188d927e905,"[""35c3ed47bd36""]","[""7c7107f9f580"",""32e3bb3ae27a"",""59ce884e5a53"",""bbd717ea0069""]","{""location"":[{""guid"":""551af60b-7727-4936-acc7-763d25d7a1de"",""name"":""Hurston"",""navIcon"":""Planet"",""star"":{""guid"":""34ff378f-faee-47bb-b5fe-f505e665c5ca"",""name"":""Stanton"",""navIcon"":""Star""}}]}","{""CargoRouteToken"":""@HaulCargo_CargoRoute_Planetary"",""CargoGradeToken"":""@HaulCargo_CargoGrade_ExtraSmall"",""ReputationRank"":""@RepStanding_TransportGuild_Rank0"",""MissionMaxSCUSize"":""@FreightElevator_1SCU"",""Item"":""@items_commodities_tungsten""}","{""guid"":""f0d4d7dc-1081-42ef-901c-e29b4a2ce33f"",""name"":""Trainee"",""minReputation"":0,""nameKey"":""RepStanding_TransportGuild_Rank0"",""includeWhenSharing"":true}",,,false,false,,5,,,,,"[{""resource"":""77b7c49f0863"",""minSCU"":6,""maxSCU"":6,""maxContainerSize"":1}]",,,,,1,1,,1,1,,,,"[""Stanton""]",,,,,,1,1,
b32fba85-8711-4dee-8007-a043d88c17ef,HaulCargo_AToB_Stanton2_Intro,,Hauling,,Opportunity for Independent Cargo Hauler,@Covalex_HaulCargo_AToB_Intro_title,"Earning such accolades as 'Imperial Finances' Top 10 Shipping Companies' and 'Delivery Digest's 2945's Most Trusted Transport,' Covalex is busier than ever. And that means more cargo going to more places. That's where you come in.  \n\nCovalex is looking for dependable and industrious pilots to join our expanding family. Do you have access to a ship that can hold <EM4>1 SCU cargo containers</EM4>? Can you pass an Advocacy background check if required? Then a universe of opportunity is waiting for you. \n\nSimply complete an 'Evaluation Trial’ by picking up a shipment of <EM4>Titanium</EM4> from a freight elevator at <EM4>[LOCATION]</EM4> and successfully delivering it to a freight elevator at <EM4>[DESTINATION]</EM4>.\n\nUpon satisfactory completion, you'll be eligible to become part of Covalex Shipping's vast network of independent transport specialists*.\n\nBy the way, we strongly encourage contractors to bring a <EM4>handheld tractor beam</EM4> along.   \n\nCovalex Shipping  \n'Anything you need, anywhere you need it.'\n\n*Covalex Shipping is a limited liability corporation. To encourage timely deliveries and prevent fraud on cargo hauls, Covalex Shipping will set a delivery time limit and upon expiration, any undelivered cargo will be considered stolen and treated as such. Total payment will be prorated according to the percentage of cargo successfully delivered.",@Covalex_HaulCargo_AToB_Intro_desc,Covalex_HaulCargo_AToB_Intro_desc,50250,,,,3b2f7882-73cc-41a4-9dce-f188d927e905,"[""11a4696ac43c""]","[""d56b03ec64ca""]","{""location"":[{""guid"":""c15033ab-2eb3-4d6d-b882-0cb336e67ed8"",""name"":""Crusader"",""navIcon"":""Planet"",""star"":{""guid"":""34ff378f-faee-47bb-b5fe-f505e665c5ca"",""name"":""Stanton"",""navIcon"":""Star""}}]}","{""CargoRouteToken"":""@HaulCargo_CargoRoute_Planetary"",""CargoGradeToken"":""@HaulCargo_CargoGrade_ExtraSmall"",""ReputationRank"":""@RepStanding_TransportGuild_Rank0"",""MissionMaxSCUSize"":""@FreightElevator_1SCU"",""Item"":""@items_commodities_titanium""}","{""guid"":""f0d4d7dc-1081-42ef-901c-e29b4a2ce33f"",""name"":""Trainee"",""minReputation"":0,""nameKey"":""RepStanding_TransportGuild_Rank0"",""includeWhenSharing"":true}",,,false,false,,5,,,,,"[{""resource"":""6c1aad782b33"",""minSCU"":6,""maxSCU"":6,""maxContainerSize"":1}]",,,,,1,1,,1,1,,,,"[""Stanton""]",,,,,,1,1,
4518132e-7299-465f-a42c-c3efdfdbd046,HaulCargo_AToB_Stanton3_Intro,,Hauling,,Opportunity for Independent Cargo Hauler,@Covalex_HaulCargo_AToB_Intro_title,"Earning such accolades as 'Imperial Finances' Top 10 Shipping Companies' and 'Delivery Digest's 2945's Most Trusted Transport,' Covalex is busier than ever. And that means more cargo going to more places. That's where you come in.  \n\nCovalex is looking for dependable and industrious pilots to join our expanding family. Do you have access to a ship that can hold <EM4>1 SCU cargo containers</EM4>? Can you pass an Advocacy background check if required? Then a universe of opportunity is waiting for you. \n\nSimply complete an 'Evaluation Trial’ by picking up a shipment of <EM4>Corundum</EM4> from a freight elevator at <EM4>[LOCATION]</EM4> and successfully delivering it to a freight elevator at <EM4>[DESTINATION]</EM4>.\n\nUpon satisfactory completion, you'll be eligible to become part of Covalex Shipping's vast network of independent transport specialists*.\n\nBy the way, we strongly encourage contractors to bring a <EM4>handheld tractor beam</EM4> along.   \n\nCovalex Shipping  \n'Anything you need, anywhere you need it.'\n\n*Covalex Shipping is a limited liability corporation. To encourage timely deliveries and prevent fraud on cargo hauls, Covalex Shipping will set a delivery time limit and upon expiration, any undelivered cargo will be considered stolen and treated as such. Total payment will be prorated according to the percentage of cargo successfully delivered.",@Covalex_HaulCargo_AToB_Intro_desc,Covalex_HaulCargo_AToB_Intro_desc,50250,,,,3b2f7882-73cc-41a4-9dce-f188d927e905,"[""e2c9d59de95f""]","[""10b299e2ccf9""]","{""location"":[{""guid"":""35a9f8f5-8f80-4796-83db-7d7362baeb9a"",""name"":""ArcCorp"",""navIcon"":""Planet"",""star"":{""guid"":""34ff378f-faee-47bb-b5fe-f505e665c5ca"",""name"":""Stanton"",""navIcon"":""Star""}}]}","{""CargoRouteToken"":""@HaulCargo_CargoRoute_Planetary"",""CargoGradeToken"":""@HaulCargo_CargoGrade_ExtraSmall"",""ReputationRank"":""@RepStanding_TransportGuild_Rank0"",""MissionMaxSCUSize"":""@FreightElevator_1SCU"",""Item"":""@items_commodities_corundum""}","{""guid"":""f0d4d7dc-1081-42ef-901c-e29b4a2ce33f"",""name"":""Trainee"",""minReputation"":0,""nameKey"":""RepStanding_TransportGuild_Rank0"",""includeWhenSharing"":true}",,,false,false,,5,,,,,"[{""resource"":""d3f586abbe5d"",""minSCU"":6,""maxSCU"":6,""maxContainerSize"":1}]",,,,,1,1,,1,1,,,,"[""Stanton""]",,,,,,1,1,
0d3b359b-b038-4765-814f-792e2f54aa45,HaulCargo_AToB_Stanton4_Intro,,Hauling,,Opportunity for Independent Cargo Hauler,@Covalex_HaulCargo_AToB_Intro_title,"Earning such accolades as 'Imperial Finances' Top 10 Shipping Companies' and 'Delivery Digest's 2945's Most Trusted Transport,' Covalex is busier than ever. And that means more cargo going to more places. That's where you come in.  \n\nCovalex is looking for dependable and industrious pilots to join our expanding family. Do you have access to a ship that can hold <EM4>1 SCU cargo containers</EM4>? Can you pass an Advocacy background check if required? Then a universe of opportunity is waiting for you. \n\nSimply complete an 'Evaluation Trial’ by picking up a shipment of <EM4>Quartz</EM4> from a freight elevator at <EM4>[LOCATION]</EM4> and successfully delivering it to a freight elevator at <EM4>[DESTINATION]</EM4>.\n\nUpon satisfactory completion, you'll be eligible to become part of Covalex Shipping's vast network of independent transport specialists*.\n\nBy the way, we strongly encourage contractors to bring a <EM4>handheld tractor beam</EM4> along.   \n\nCovalex Shipping  \n'Anything you need, anywhere you need it.'\n\n*Covalex Shipping is a limited liability corporation. To encourage timely deliveries and prevent fraud on cargo hauls, Covalex Shipping will set a delivery time limit and upon expiration, any undelivered cargo will be considered stolen and treated as such. Total payment will be prorated according to the percentage of cargo successfully delivered.",@Covalex_HaulCargo_AToB_Intro_desc,Covalex_HaulCargo_AToB_Intro_desc,50250,,,,3b2f7882-73cc-41a4-9dce-f188d927e905,"[""15a181728888""]","[""0fcc1d84a327"",""0c19e0494d99"",""8ed6f459e7a4""]","{""location"":[{""guid"":""5a529db7-1a4e-45b0-bdcb-a5a0c7a7fc57"",""name"":""microTech"",""navIcon"":""Planet"",""star"":{""guid"":""34ff378f-faee-47bb-b5fe-f505e665c5ca"",""name"":""Stanton"",""navIcon"":""Star""}}]}","{""CargoRouteToken"":""@HaulCargo_CargoRoute_Planetary"",""CargoGradeToken"":""@HaulCargo_CargoGrade_ExtraSmall"",""ReputationRank"":""@RepStanding_TransportGuild_Rank0"",""MissionMaxSCUSize"":""@FreightElevator_1SCU"",""Item"":""@items_commodities_quartz""}","{""guid"":""f0d4d7dc-1081-42ef-901c-e29b4a2ce33f"",""name"":""Trainee"",""minReputation"":0,""nameKey"":""RepStanding_TransportGuild_Rank0"",""includeWhenSharing"":true}",,,false,false,,5,,,,,"[{""resource"":""8f116d732e1e"",""minSCU"":6,""maxSCU"":6,""maxContainerSize"":1}]",,,,,1,1,,1,1,,,,"[""Stanton""]",,,,,,1,1,
fa76b87e-e37a-4420-832e-bfe197729965,HaulCargo_AToB_NonMetal_Carbon_Stanton1_SmallGrade,,Hauling - Stellar,,Rookie Rank - Direct Extra Small Cargo Haul,@Covalex_HaulCargo_AToB_title,"Hello,\n\nNeed a contractor for a simple cargo haul going from a freight elevator at <EM4>[LOCATION]</EM4> to a freight elevator at <EM4>[DESTINATION]</EM4>. At most the containers will be <EM4>1 SCU</EM4> in size. \n\nAlso, we strongly encourage contractors to bring a <EM4>handheld tractor beam</EM4> along. \n\nAny chance you’re available to take care of it for us?\n\n[SIGN_OFF]\n\nChase Hewitt\nJr. Logistics Coordinator\nCovalex Shipping  \n'Anything you need, anywhere you need it.'\n\nCovalex Shipping is a limited liability corporation. To encourage timely deliveries and prevent fraud on cargo hauls, Covalex Shipping will set a delivery time limit and upon expiration, any undelivered cargo will be considered stolen and treated as such. Total payment will be prorated according to the percentage of cargo successfully delivered.",@HaulCargo_AtoB_desc,Covalex_HaulCargo_AToB_desc_01,45000,,1,,3b2f7882-73cc-41a4-9dce-f188d927e905,"[""d460d15a7d1b"",""e7b47cf6f5c5""]","[""ffd2d63ccf28"",""7c7107f9f580"",""33494a2baa8a"",""10b299e2ccf9"",""db17a1be6e86"",""0fcc1d84a327"",""d819ce4e66cf"",""e63d2da1ad36"",""32e3bb3ae27a"",""d56b03ec64ca"",""8126806f382a"",""0c19e0494d99"",""59ce884e5a53"",""8ed6f459e7a4"",""2ed683252564"",""de212bfbf4b5"",""bbd717ea0069""]","{""location"":null}","{""CargoRouteToken"":""@HaulCargo_CargoRoute_Solar"",""CargoGradeToken"":""@HaulCargo_CargoGrade_ExtraSmall"",""ReputationRank"":""@RepStanding_TransportGuild_Rank1"",""MissionMaxSCUSize"":""@FreightElevator_1SCU""}","{""guid"":""ce51c554-5529-41be-a15e-761b45fea837"",""name"":""Rookie"",""minReputation"":50,""nameKey"":""RepStanding_TransportGuild_Rank1"",""includeWhenSharing"":true}",,,false,false,,5,,,,,"[{""resource"":""fbebe083c5b1"",""minSCU"":6,""maxSCU"":12,""maxContainerSize"":1}]",,,,,,1,,,1,,,,,,,,,,1,1,
647d9946-6a15-47a8-be11-3825aded5f56,HaulCargo_AToB_NonMetal_Carbon_Stanton1_SmallGrade1,,Hauling - Planetary,,Rookie Rank - Direct Extra Small Cargo Haul,@Covalex_HaulCargo_AToB_title,"Hello,\n\nNeed a contractor for a simple cargo haul going from a freight elevator at <EM4>[LOCATION]</EM4> to a freight elevator at <EM4>[DESTINATION]</EM4>. At most the containers will be <EM4>1 SCU</EM4> in size. \n\nAlso, we strongly encourage contractors to bring a <EM4>handheld tractor beam</EM4> along. \n\nAny chance you’re available to take care of it for us?\n\n[SIGN_OFF]\n\nChase Hewitt\nJr. Logistics Coordinator\nCovalex Shipping  \n'Anything you need, anywhere you need it.'\n\nCovalex Shipping is a limited liability corporation. To encourage timely deliveries and prevent fraud on cargo hauls, Covalex Shipping will set a delivery time limit and upon expiration, any undelivered cargo will be considered stolen and treated as such. Total payment will be prorated according to the percentage of cargo successfully delivered.",@HaulCargo_AtoB_desc,Covalex_HaulCargo_AToB_desc_01,50250,,1,,3b2f7882-73cc-41a4-9dce-f188d927e905,"[""35c3ed47bd36"",""11a4696ac43c"",""e2c9d59de95f"",""15a181728888""]","[""7c7107f9f580"",""32e3bb3ae27a"",""59ce884e5a53"",""bbd717ea0069"",""33494a2baa8a"",""d56b03ec64ca"",""10b299e2ccf9"",""0fcc1d84a327"",""0c19e0494d99"",""8ed6f459e7a4""]","{""location"":[{""guid"":""551af60b-7727-4936-acc7-763d25d7a1de"",""name"":""Hurston"",""navIcon"":""Planet"",""star"":{""guid"":""34ff378f-faee-47bb-b5fe-f505e665c5ca"",""name"":""Stanton"",""navIcon"":""Star""}}]}","{""CargoRouteToken"":""@HaulCargo_CargoRoute_Planetary"",""CargoGradeToken"":""@HaulCargo_CargoGrade_ExtraSmall"",""ReputationRank"":""@RepStanding_TransportGuild_Rank1"",""MissionMaxSCUSize"":""@FreightElevator_1SCU""}","{""guid"":""ce51c554-5529-41be-a15e-761b45fea837"",""name"":""Rookie"",""minReputation"":50,""nameKey"":""RepStanding_TransportGuild_Rank1"",""includeWhenSharing"":true}",,,false,false,,5,,,,,"[{""resource"":""fbebe083c5b1"",""minSCU"":6,""maxSCU"":12,""maxContainerSize"":1}]",,,,,,1,,,1,,,,"[""Stanton""]",,,,,,1,1,
de830b23-692b-4493-b274-a8aa98c65378,HaulCargo_AToB_NonMetal_Carbon_Stanton2_SmallGrade,,Hauling - Stellar,,Rookie Rank - Direct Extra Small Cargo Haul,@Covalex_HaulCargo_AToB_title,"Hello,\n\nNeed a contractor for a simple cargo haul going from a freight elevator at <EM4>[LOCATION]</EM4> to a freight elevator at <EM4>[DESTINATION]</EM4>. At most the containers will be <EM4>1 SCU</EM4> in size. \n\nAlso, we strongly encourage contractors to bring a <EM4>handheld tractor beam</EM4> along. \n\nAny chance you’re available to take care of it for us?\n\n[SIGN_OFF]\n\nChase Hewitt\nJr. Logistics Coordinator\nCovalex Shipping  \n'Anything you need, anywhere you need it.'\n\nCovalex Shipping is a limited liability corporation. To encourage timely deliveries and prevent fraud on cargo hauls, Covalex Shipping will set a delivery time limit and upon expiration, any undelivered cargo will be considered stolen and treated as such. Total payment will be prorated according to the percentage of cargo successfully delivered.",@HaulCargo_AtoB_desc,Covalex_HaulCargo_AToB_desc_01,45250,,1,,3b2f7882-73cc-41a4-9dce-f188d927e905,"[""cc0b084257c7""]","[""ffd2d63ccf28"",""7c7107f9f580"",""33494a2baa8a"",""10b299e2ccf9"",""db17a1be6e86"",""0fcc1d84a327"",""d819ce4e66cf"",""e63d2da1ad36"",""32e3bb3ae27a"",""d56b03ec64ca"",""8126806f382a"",""0c19e0494d99"",""59ce884e5a53"",""8ed6f459e7a4"",""2ed683252564"",""de212bfbf4b5"",""bbd717ea0069""]","{""location"":null}","{""CargoRouteToken"":""@HaulCargo_CargoRoute_Solar"",""CargoGradeToken"":""@HaulCargo_CargoGrade_ExtraSmall"",""ReputationRank"":""@RepStanding_TransportGuild_Rank1"",""MissionMaxSCUSize"":""@FreightElevator_1SCU""}","{""guid"":""ce51c554-5529-41be-a15e-761b45fea837"",""name"":""Rookie"",""minReputation"":50,""nameKey"":""RepStanding_TransportGuild_Rank1"",""includeWhenSharing"":true}",,,false,false,,5,,,,,"[{""resource"":""fbebe083c5b1"",""minSCU"":6,""maxSCU"":12,""maxContainerSize"":1}]",,,,,,1,,,1,,,,,,,,,,1,1,
2a6bd2d2-6245-4850-b7ec-29fc38146c83,HaulCargo_AToB_NonMetal_Carbon_Stanton3_SmallGrade,,Hauling - Stellar,,Rookie Rank - Direct Extra Small Cargo Haul,@Covalex_HaulCargo_AToB_title,"Hello,\n\nNeed a contractor for a simple cargo haul going from a freight elevator at <EM4>[LOCATION]</EM4> to a freight elevator at <EM4>[DESTINATION]</EM4>. At most the containers will be <EM4>1 SCU</EM4> in size. \n\nAlso, we strongly encourage contractors to bring a <EM4>handheld tractor beam</EM4> along. \n\nAny chance you’re available to take care of it for us?\n\n[SIGN_OFF]\n\nChase Hewitt\nJr. Logistics Coordinator\nCovalex Shipping  \n'Anything you need, anywhere you need it.'\n\nCovalex Shipping is a limited liability corporation. To encourage timely deliveries and prevent fraud on cargo hauls, Covalex Shipping will set a delivery time limit and upon expiration, any undelivered cargo will be considered stolen and treated as such. Total payment will be prorated according to the percentage of cargo successfully delivered.",@HaulCargo_AtoB_desc,Covalex_HaulCargo_AToB_desc_01,45500,,1,,3b2f7882-73cc-41a4-9dce-f188d927e905,"[""dfaa4ef80550"",""eda891a336d8"",""6d40795eef36""]","[""ffd2d63ccf28"",""7c7107f9f580"",""33494a2baa8a"",""10b299e2ccf9"",""db17a1be6e86"",""0fcc1d84a327"",""d819ce4e66cf"",""e63d2da1ad36"",""32e3bb3ae27a"",""d56b03ec64ca"",""8126806f382a"",""0c19e0494d99"",""59ce884e5a53"",""8ed6f459e7a4"",""2ed683252564"",""de212bfbf4b5"",""bbd717ea0069""]","{""location"":null}","{""CargoRouteToken"":""@HaulCargo_CargoRoute_Solar"",""CargoGradeToken"":""@HaulCargo_CargoGrade_ExtraSmall"",""ReputationRank"":""@RepStanding_TransportGuild_Rank1"",""MissionMaxSCUSize"":""@FreightElevator_1SCU""}","{""guid"":""ce51c554-5529-41be-a15e-761b45fea837"",""name"":""Rookie"",""minReputation"":50,""nameKey"":""RepStanding_TransportGuild_Rank1"",""includeWhenSharing"":true}",,,false,false,,5,,,,,"[{""resource"":""fbebe083c5b1"",""minSCU"":6,""maxSCU"":12,""maxContainerSize"":1}]",,,,,,1,,,1,,,,,,,,,,1,1,
18541391-aa87-4e29-8883-1e0022a27291,HaulCargo_AToB_NonMetal_Carbon_Stanton4_SmallGrade,,Hauling - Stellar,,Rookie Rank - Direct Extra Small Cargo Haul,@Covalex_HaulCargo_AToB_title,"Hello,\n\nNeed a contractor for a simple cargo haul going from a freight elevator at <EM4>[LOCATION]</EM4> to a freight elevator at <EM4>[DESTINATION]</EM4>. At most the containers will be <EM4>1 SCU</EM4> in size. \n\nAlso, we strongly encourage contractors to bring a <EM4>handheld tractor beam</EM4> along. \n\nAny chance you’re available to take care of it for us?\n\n[SIGN_OFF]\n\nChase Hewitt\nJr. Logistics Coordinator\nCovalex Shipping  \n'Anything you need, anywhere you need it.'\n\nCovalex Shipping is a limited liability corporation. To encourage timely deliveries and prevent fraud on cargo hauls, Covalex Shipping will set a delivery time limit and upon expiration, any undelivered cargo will be considered stolen and treated as such. Total payment will be prorated according to the percentage of cargo successfully delivered.",@HaulCargo_AtoB_desc,Covalex_HaulCargo_AToB_desc_01,45750,,1,,3b2f7882-73cc-41a4-9dce-f188d927e905,"[""c78dabbac080"",""d9e58924ece8"",""684acd6474b7""]","[""ffd2d63ccf28"",""7c7107f9f580"",""33494a2baa8a"",""10b299e2ccf9"",""db17a1be6e86"",""0fcc1d84a327"",""d819ce4e66cf"",""e63d2da1ad36"",""32e3bb3ae27a"",""d56b03ec64ca"",""8126806f382a"",""0c19e0494d99"",""59ce884e5a53"",""8ed6f459e7a4"",""2ed683252564"",""de212bfbf4b5"",""bbd717ea0069""]","{""location"":null}","{""CargoRouteToken"":""@HaulCargo_CargoRoute_Solar"",""CargoGradeToken"":""@HaulCargo_CargoGrade_ExtraSmall"",""ReputationRank"":""@RepStanding_TransportGuild_Rank1"",""MissionMaxSCUSize"":""@FreightElevator_1SCU""}","{""guid"":""ce51c554-5529-41be-a15e-761b45fea837"",""name"":""Rookie"",""minReputation"":50,""nameKey"":""RepStanding_TransportGuild_Rank1"",""includeWhenSharing"":true}",,,false,false,,5,,,,,"[{""resource"":""fbebe083c5b1"",""minSCU"":6,""maxSCU"":12,""maxContainerSize"":1}]",,,,,,1,,,1,,,,,,,,,,1,1,
2cbf6678-9d74-4982-8298-e125688d94da,HaulCargo_AToB_NonMetal_Silicon_Stanton1_SmallGrade,,Hauling - Stellar,,Rookie Rank - Direct Extra Small Cargo Haul,@Covalex_HaulCargo_AToB_title,"Hello,\n\nNeed a contractor for a simple cargo haul going from a freight elevator at <EM4>[LOCATION]</EM4> to a freight elevator at <EM4>[DESTINATION]</EM4>. At most the containers will be <EM4>1 SCU</EM4> in size. \n\nAlso, we strongly encourage contractors to bring a <EM4>handheld tractor beam</EM4> along. \n\nAny chance you’re available to take care of it for us?\n\n[SIGN_OFF]\n\nChase Hewitt\nJr. Logistics Coordinator\nCovalex Shipping  \n'Anything you need, anywhere you need it.'\n\nCovalex Shipping is a limited liability corporation. To encourage timely deliveries and prevent fraud on cargo hauls, Covalex Shipping will set a delivery time limit and upon expiration, any undelivered cargo will be considered stolen and treated as such. Total payment will be prorated according to the percentage of cargo successfully delivered.",@HaulCargo_AtoB_desc,Covalex_HaulCargo_AToB_desc_01,50250,,1,,3b2f7882-73cc-41a4-9dce-f188d927e905,"[""d460d15a7d1b"",""e7b47cf6f5c5"",""35c3ed47bd36"",""15a181728888""]","[""e95b4a8986f3"",""b59e5f3521ad"",""b3580d2b56f8"",""32e3bb3ae27a"",""0c19e0494d99""]","{""location"":null}","{""CargoRouteToken"":""@HaulCargo_CargoRoute_Solar"",""CargoGradeToken"":""@HaulCargo_CargoGrade_ExtraSmall"",""ReputationRank"":""@RepStanding_TransportGuild_Rank1"",""MissionMaxSCUSize"":""@FreightElevator_1SCU""}","{""guid"":""ce51c554-5529-41be-a15e-761b45fea837"",""name"":""Rookie"",""minReputation"":50,""nameKey"":""RepStanding_TransportGuild_Rank1"",""includeWhenSharing"":true}",,,false,false,,5,,,,,"[{""resource"":""ec47388b272f"",""minSCU"":6,""maxSCU"":12,""maxContainerSize"":1}]",,,,,,1,,,1,,,,"[""Stanton""]",,,,,,1,1,
3aecdc63-c5c5-455e-8f5b-53a1941c5ff6,HaulCargo_AToB_NonMetal_Silicon_Stanton2_SmallGrade,,Hauling - Stellar,,Rookie Rank - Direct Extra Small Cargo Haul,@Covalex_HaulCargo_AToB_title,"Hello,\n\nNeed a contractor for a simple cargo haul going from a freight elevator at <EM4>[LOCATION]</EM4> to a freight elevator at <EM4>[DESTINATION]</EM4>. At most the containers will be <EM4>1 SCU</EM4> in size. \n\nAlso, we strongly encourage contractors to bring a <EM4>handheld tractor beam</EM4> along. \n\nAny chance you’re available to take care of it for us?\n\n[SIGN_OFF]\n\nChase Hewitt\nJr. Logistics Coordinator\nCovalex Shipping  \n'Anything you need, anywhere you need it.'\n\nCovalex Shipping is a limited liability corporation. To encourage timely deliveries and prevent fraud on cargo hauls, Covalex Shipping will set a delivery time limit and upon expiration, any undelivered cargo will be considered stolen and treated as such. Total payment will be prorated according to the percentage of cargo successfully delivered.",@HaulCargo_AtoB_desc,Covalex_HaulCargo_AToB_desc_01,49750,,1,,3b2f7882-73cc-41a4-9dce-f188d927e905,"[""cc0b084257c7""]","[""a135f4e98ad2"",""4a0bccec3491""]","{""location"":null}","{""CargoRouteToken"":""@HaulCargo_CargoRoute_Solar"",""CargoGradeToken"":""@HaulCargo_CargoGrade_ExtraSmall"",""ReputationRank"":""@RepStanding_TransportGuild_Rank1"",""MissionMaxSCUSize"":""@FreightElevator_1SCU""}","{""guid"":""ce51c554-5529-41be-a15e-761b45fea837"",""name"":""Rookie"",""minReputation"":50,""nameKey"":""RepStanding_TransportGuild_Rank1"",""includeWhenSharing"":true}",,,false,false,,5,,,,,"[{""resource"":""ec47388b272f"",""minSCU"":6,""maxSCU"":12,""maxContainerSize"":1}]",,,,,,1,,,1,,,,,,,,,,1,1,
99524c5c-8693-429d-9f88-86eed6cbb8b2,HaulCargo_AToB_NonMetal_Silicon_Stanton4_SmallGrade,,Hauling - Stellar,,Rookie Rank - Direct Extra Small Cargo Haul,@Covalex_HaulCargo_AToB_title,"Hello,\n\nNeed a contractor for a simple cargo haul going from a freight elevator at <EM4>[LOCATION]</EM4> to a freight elevator at <EM4>[DESTINATION]</EM4>. At most the containers will be <EM4>1 SCU</EM4> in size. \n\nAlso, we strongly encourage contractors to bring a <EM4>handheld tractor beam</EM4> along. \n\nAny chance you’re available to take care of it for us?\n\n[SIGN_OFF]\n\nChase Hewitt\nJr. Logistics Coordinator\nCovalex Shipping  \n'Anything you need, anywhere you need it.'\n\nCovalex Shipping is a limited liability corporation. To encourage timely deliveries and prevent fraud on cargo hauls, Covalex Shipping will set a delivery time limit and upon expiration, any undelivered cargo will be considered stolen and treated as such. Total payment will be prorated according to the percentage of cargo successfully delivered.",@HaulCargo_AtoB_desc,Covalex_HaulCargo_AToB_desc_01,63500,,1,,3b2f7882-73cc-41a4-9dce-f188d927e905,"[""c78dabbac080"",""d9e58924ece8"",""684acd6474b7""]","[""018f9a8014f4"",""afc85b274a27""]","{""location"":null}","{""CargoRouteToken"":""@HaulCargo_CargoRoute_Solar"",""CargoGradeToken"":""@HaulCargo_CargoGrade_ExtraSmall"",""ReputationRank"":""@RepStanding_TransportGuild_Rank1"",""MissionMaxSCUSize"":""@FreightElevator_1SCU""}","{""guid"":""ce51c554-5529-41be-a15e-761b45fea837"",""name"":""Rookie"",""minReputation"":50,""nameKey"":""RepStanding_TransportGuild_Rank1"",""includeWhenSharing"":true}",,,false,false,,5,,,,,"[{""resource"":""ec47388b272f"",""minSCU"":6,""maxSCU"":12,""maxContainerSize"":1}]",,,,,,1,,,1,,,,,,,,,,1,1,
159f5338-90b9-40b0-864b-a162a09023ae,HaulCargo_AToB_RefinedOre_Aluminium_Stanton1_SmallGrade,,Hauling - Planetary,,Rookie Rank - Direct Extra Small Cargo Haul,@Covalex_HaulCargo_AToB_title,"Hello,\n\nNeed a contractor for a simple cargo haul going from a freight elevator at <EM4>[LOCATION]</EM4> to a freight elevator at <EM4>[DESTINATION]</EM4>. At most the containers will be <EM4>1 SCU</EM4> in size. \n\nAlso, we strongly encourage contractors to bring a <EM4>handheld tractor beam</EM4> along. \n\nAny chance you’re available to take care of it for us?\n\n[SIGN_OFF]\n\nChase Hewitt\nJr. Logistics Coordinator\nCovalex Shipping  \n'Anything you need, anywhere you need it.'\n\nCovalex Shipping is a limited liability corporation. To encourage timely deliveries and prevent fraud on cargo hauls, Covalex Shipping will set a delivery time limit and upon expiration, any undelivered cargo will be considered stolen and treated as such. Total payment will be prorated according to the percentage of cargo successfully delivered.",@HaulCargo_AtoB_desc,Covalex_HaulCargo_AToB_desc_01,50250,,1,,3b2f7882-73cc-41a4-9dce-f188d927e905,"[""35c3ed47bd36"",""11a4696ac43c"",""e2c9d59de95f"",""15a181728888""]","[""7c7107f9f580"",""32e3bb3ae27a"",""59ce884e5a53"",""bbd717ea0069"",""d56b03ec64ca"",""10b299e2ccf9"",""0fcc1d84a327"",""0c19e0494d99"",""8ed6f459e7a4""]","{""location"":[{""guid"":""551af60b-7727-4936-acc7-763d25d7a1de"",""name"":""Hurston"",""navIcon"":""Planet"",""star"":{""guid"":""34ff378f-faee-47bb-b5fe-f505e665c5ca"",""name"":""Stanton"",""navIcon"":""Star""}}]}","{""CargoRouteToken"":""@HaulCargo_CargoRoute_Planetary"",""CargoGradeToken"":""@HaulCargo_CargoGrade_ExtraSmall"",""ReputationRank"":""@RepStanding_TransportGuild_Rank1"",""MissionMaxSCUSize"":""@FreightElevator_1SCU""}","{""guid"":""ce51c554-5529-41be-a15e-761b45fea837"",""name"":""Rookie"",""minReputation"":50,""nameKey"":""RepStanding_TransportGuild_Rank1"",""includeWhenSharing"":true}",,,false,false,,5,,,,,"[{""resource"":""114e57c0cc6e"",""minSCU"":6,""maxSCU"":12,""maxContainerSize"":1}]",,,,,,1,,,1,,,,"[""Stanton""]",,,,,,1,1,
df42dc6b-5b76-4a99-a572-51ce3ea3bfec,HaulCargo_AToB_RefinedOre_Corundum_Stanton1_SmallGrade,,Hauling - Planetary,,Rookie Rank - Direct Extra Small Cargo Haul,@Covalex_HaulCargo_AToB_title,"Hello,\n\nNeed a contractor for a simple cargo haul going from a freight elevator at <EM4>[LOCATION]</EM4> to a freight elevator at <EM4>[DESTINATION]</EM4>. At most the containers will be <EM4>1 SCU</EM4> in size. \n\nAlso, we strongly encourage contractors to bring a <EM4>handheld tractor beam</EM4> along. \n\nAny chance you’re available to take care of it for us?\n\n[SIGN_OFF]\n\nChase Hewitt\nJr. Logistics Coordinator\nCovalex Shipping  \n'Anything you need, anywhere you need it.'\n\nCovalex Shipping is a limited liability corporation. To encourage timely deliveries and prevent fraud on cargo hauls, Covalex Shipping will set a delivery time limit and upon expiration, any undelivered cargo will be considered stolen and treated as such. Total payment will be prorated according to the percentage of cargo successfully delivered.",@HaulCargo_AtoB_desc,Covalex_HaulCargo_AToB_desc_01,50250,,1,,3b2f7882-73cc-41a4-9dce-f188d927e905,"[""35c3ed47bd36"",""11a4696ac43c"",""e2c9d59de95f"",""15a181728888""]","[""7c7107f9f580"",""32e3bb3ae27a"",""59ce884e5a53"",""bbd717ea0069"",""d56b03ec64ca"",""10b299e2ccf9"",""0fcc1d84a327"",""0c19e0494d99"",""8ed6f459e7a4""]","{""location"":[{""guid"":""551af60b-7727-4936-acc7-763d25d7a1de"",""name"":""Hurston"",""navIcon"":""Planet"",""star"":{""guid"":""34ff378f-faee-47bb-b5fe-f505e665c5ca"",""name"":""Stanton"",""navIcon"":""Star""}}]}","{""CargoRouteToken"":""@HaulCargo_CargoRoute_Planetary"",""CargoGradeToken"":""@HaulCargo_CargoGrade_ExtraSmall"",""ReputationRank"":""@RepStanding_TransportGuild_Rank1"",""MissionMaxSCUSize"":""@FreightElevator_1SCU""}","{""guid"":""ce51c554-5529-41be-a15e-761b45fea837"",""name"":""Rookie"",""minReputation"":50,""nameKey"":""RepStanding_TransportGuild_Rank1"",""includeWhenSharing"":true}",,,false,false,,5,,,,,"[{""resource"":""d3f586abbe5d"",""minSCU"":6,""maxSCU"":12,""maxContainerSize"":1}]",,,,,,1,,,1,,,,"[""Stanton""]",,,,,,1,1,
03698e91-9dfb-486e-9463-f37c8bde765d,HaulCargo_AToB_RefinedOre_Quartz_Stanton1_SmallGrade,,Hauling - Planetary,,Rookie Rank - Direct Extra Small Cargo Haul,@Covalex_HaulCargo_AToB_title,"Hello,\n\nNeed a contractor for a simple cargo haul going from a freight elevator at <EM4>[LOCATION]</EM4> to a freight elevator at <EM4>[DESTINATION]</EM4>. At most the containers will be <EM4>1 SCU</EM4> in size. \n\nAlso, we strongly encourage contractors to bring a <EM4>handheld tractor beam</EM4> along. \n\nAny chance you’re available to take care of it for us?\n\n[SIGN_OFF]\n\nChase Hewitt\nJr. Logistics Coordinator\nCovalex Shipping  \n'Anything you need, anywhere you need it.'\n\nCovalex Shipping is a limited liability corporation. To encourage timely deliveries and prevent fraud on cargo hauls, Covalex Shipping will set a delivery time limit and upon expiration, any undelivered cargo will be considered stolen and treated as such. Total payment will be prorated according to the percentage of cargo successfully delivered.",@HaulCargo_AtoB_desc,Covalex_HaulCargo_AToB_desc_01,50250,,1,,3b2f7882-73cc-41a4-9dce-f188d927e905,"[""35c3ed47bd36"",""11a4696ac43c"",""e2c9d59de95f"",""15a181728888""]","[""7c7107f9f580"",""32e3bb3ae27a"",""59ce884e5a53"",""bbd717ea0069"",""d56b03ec64ca"",""10b299e2ccf9"",""0fcc1d84a327"",""0c19e0494d99"",""8ed6f459e7a4""]","{""location"":[{""guid"":""551af60b-7727-4936-acc7-763d25d7a1de"",""name"":""Hurston"",""navIcon"":""Planet"",""star"":{""guid"":""34ff378f-faee-47bb-b5fe-f505e665c5ca"",""name"":""Stanton"",""navIcon"":""Star""}}]}","{""CargoRouteToken"":""@HaulCargo_CargoRoute_Planetary"",""CargoGradeToken"":""@HaulCargo_CargoGrade_ExtraSmall"",""ReputationRank"":""@RepStanding_TransportGuild_Rank1"",""MissionMaxSCUSize"":""@FreightElevator_1SCU""}","{""guid"":""ce51c554-5529-41be-a15e-761b45fea837"",""name"":""Rookie"",""minReputation"":50,""nameKey"":""RepStanding_TransportGuild_Rank1"",""includeWhenSharing"":true}",,,false,false,,5,,,,,"[{""resource"":""8f116d732e1e"",""minSCU"":6,""maxSCU"":12,""maxContainerSize"":1}]",,,,,,1,,,1,,,,"[""Stanton""]",,,,,,1,1,
8e90ce76-e5e5-49a0-bc6a-7c5b0963c388,HaulCargo_AToB_RefinedOre_Titanium_Stanton1_SmallGrade,,Hauling - Planetary,,Rookie Rank - Direct Extra Small Cargo Haul,@Covalex_HaulCargo_AToB_title,"Hello,\n\nNeed a contractor for a simple cargo haul going from a freight elevator at <EM4>[LOCATION]</EM4> to a freight elevator at <EM4>[DESTINATION]</EM4>. At most the containers will be <EM4>1 SCU</EM4> in size. \n\nAlso, we strongly encourage contractors to bring a <EM4>handheld tractor beam</EM4> along. \n\nAny chance you’re available to take care of it for us?\n\n[SIGN_OFF]\n\nChase Hewitt\nJr. Logistics Coordinator\nCovalex Shipping  \n'Anything you need, anywhere you need it.'\n\nCovalex Shipping is a limited liability corporation. To encourage timely deliveries and prevent fraud on cargo hauls, Covalex Shipping will set a delivery time limit and upon expiration, any undelivered cargo will be considered stolen and treated as such. Total payment will be prorated according to the percentage of cargo successfully delivered.",@HaulCargo_AtoB_desc,Covalex_HaulCargo_AToB_desc_01,50250,,1,,3b2f7882-73cc-41a4-9dce-f188d927e905,"[""35c3ed47bd36"",""11a4696ac43c"",""e2c9d59de95f"",""15a181728888""]","[""7c7107f9f580"",""32e3bb3ae27a"",""59ce884e5a53"",""bbd717ea0069"",""d56b03ec64ca"",""10b299e2ccf9"",""0fcc1d84a327"",""0c19e0494d99"",""8ed6f459e7a4""]","{""location"":[{""guid"":""551af60b-7727-4936-acc7-763d25d7a1de"",""name"":""Hurston"",""navIcon"":""Planet"",""star"":{""guid"":""34ff378f-faee-47bb-b5fe-f505e665c5ca"",""name"":""Stanton"",""navIcon"":""Star""}}]}","{""CargoRouteToken"":""@HaulCargo_CargoRoute_Planetary"",""CargoGradeToken"":""@HaulCargo_CargoGrade_ExtraSmall"",""ReputationRank"":""@RepStanding_TransportGuild_Rank1"",""MissionMaxSCUSize"":""@FreightElevator_1SCU""}","{""guid"":""ce51c554-5529-41be-a15e-761b45fea837"",""name"":""Rookie"",""minReputation"":50,""nameKey"":""RepStanding_TransportGuild_Rank1"",""includeWhenSharing"":true}",,,false,false,,5,,,,,"[{""resource"":""6c1aad782b33"",""minSCU"":6,""maxSCU"":12,""maxContainerSize"":1}]",,,,,,1,,,1,,,,"[""Stanton""]",,,,,,1,1,
2aeca397-bbde-43c2-b494-57b0ac6977e9,HaulCargo_AToB_RefinedOre_Tungsten_Stanton1_SmallGrade,,Hauling - Planetary,,Rookie Rank - Direct Extra Small Cargo Haul,@Covalex_HaulCargo_AToB_title,"Hello,\n\nNeed a contractor for a simple cargo haul going from a freight elevator at <EM4>[LOCATION]</EM4> to a freight elevator at <EM4>[DESTINATION]</EM4>. At most the containers will be <EM4>1 SCU</EM4> in size. \n\nAlso, we strongly encourage contractors to bring a <EM4>handheld tractor beam</EM4> along. \n\nAny chance you’re available to take care of it for us?\n\n[SIGN_OFF]\n\nChase Hewitt\nJr. Logistics Coordinator\nCovalex Shipping  \n'Anything you need, anywhere you need it.'\n\nCovalex Shipping is a limited liability corporation. To encourage timely deliveries and prevent fraud on cargo hauls, Covalex Shipping will set a delivery time limit and upon expiration, any undelivered cargo will be considered stolen and treated as such. Total payment will be prorated according to the percentage of cargo successfully delivered.",@HaulCargo_AtoB_desc,Covalex_HaulCargo_AToB_desc_01,50250,,1,,3b2f7882-73cc-41a4-9dce-f188d927e905,"[""35c3ed47bd36"",""11a4696ac43c"",""e2c9d59de95f"",""eac7f1ce3c0b"",""f44f8c4ebc77"",""33fb69c82e7b"",""7835df714e97"",""cc32f6b0f1d8"",""cdb0b3a60f0a"",""7d2fc570e19e"",""53f11bb3af5c"",""3726a3459bd0"",""59bcf258bb06"",""501b5a32fa4a"",""0d2b87d23586"",""99a20f9e0edf"",""3089bd5b242c"",""761b9df55b2f"",""bcd83a4bcc16"",""90cb841eed0e"",""30315664418c"",""a2526a698135"",""344489ef2811"",""e63f435dad19"",""46fc94c68dfb"",""0f1b82d15bbf"",""c08a5fd268c6"",""5cd7f648cb37"",""381c737dcb2f"",""8df655e271c6"",""542d5bba0a4e"",""b873eaf28465"",""b0119de4651d"",""dd4b2c21d504"",""4878a19f70fb"",""0b6daacd2578"",""35612a2f1355"",""edb2b26535cf"",""e15ed9ae26b0"",""ad4890a004cd"",""b176e4cfd0f4"",""a6688ee0da7a"",""b3903a0458bf"",""f69703185b66"",""769b5e010a71"",""c78dabbac080"",""a1b4c18a95ce"",""c8ec90a805e4"",""09ab1dcd3985"",""d075888b87ae"",""d9e58924ece8"",""b94b926e7bc3"",""2c34d7cd3f58"",""684acd6474b7"",""c809bc4da138"",""e5c26653b19c"",""111788f5d06c"",""94b5514b89ef"",""c8513bccecd3"",""b139e4086d8b"",""f8d92b40d014"",""01717738329f"",""8cf491401eef""]","[""7c7107f9f580"",""32e3bb3ae27a"",""59ce884e5a53"",""bbd717ea0069"",""d56b03ec64ca"",""10b299e2ccf9"",""0fcc1d84a327"",""0c19e0494d99"",""8ed6f459e7a4""]","{""location"":[{""guid"":""551af60b-7727-4936-acc7-763d25d7a1de"",""name"":""Hurston"",""navIcon"":""Planet"",""star"":{""guid"":""34ff378f-faee-47bb-b5fe-f505e665c5ca"",""name"":""Stanton"",""navIcon"":""Star""}}]}","{""CargoRouteToken"":""@HaulCargo_CargoRoute_Planetary"",""CargoGradeToken"":""@HaulCargo_CargoGrade_ExtraSmall"",""ReputationRank"":""@RepStanding_TransportGuild_Rank1"",""MissionMaxSCUSize"":""@FreightElevator_1SCU""}","{""guid"":""ce51c554-5529-41be-a15e-761b45fea837"",""name"":""Rookie"",""minReputation"":50,""nameKey"":""RepStanding_TransportGuild_Rank1"",""includeWhenSharing"":true}",,,false,false,,5,,,,,"[{""resource"":""77b7c49f0863"",""minSCU"":6,""maxSCU"":12,""maxContainerSize"":1}]",,,,,,1,,1,1,,,,"[""Stanton""]",,,,,,1,1,
c8c7bf19-93a3-4e30-9af6-39cbcca2e4fa,HaulCargo_AToB_Waste_Waste_Stanton1_SmallGrade1,,Hauling - Stellar,,Rookie Rank - Direct Extra Small Cargo Haul,@Covalex_HaulCargo_AToB_title,"Hello,\n\nNeed a contractor for a simple cargo haul going from a freight elevator at <EM4>[LOCATION]</EM4> to a freight elevator at <EM4>[DESTINATION]</EM4>. At most the containers will be <EM4>1 SCU</EM4> in size. \n\nAlso, we strongly encourage contractors to bring a <EM4>handheld tractor beam</EM4> along. \n\nAny chance you’re available to take care of it for us?\n\n[SIGN_OFF]\n\nChase Hewitt\nJr. Logistics Coordinator\nCovalex Shipping  \n'Anything you need, anywhere you need it.'\n\nCovalex Shipping is a limited liability corporation. To encourage timely deliveries and prevent fraud on cargo hauls, Covalex Shipping will set a delivery time limit and upon expiration, any undelivered cargo will be considered stolen and treated as such. Total payment will be prorated according to the percentage of cargo successfully delivered.",@HaulCargo_AtoB_desc,Covalex_HaulCargo_AToB_desc_01,48500,,1,,3b2f7882-73cc-41a4-9dce-f188d927e905,"[""074158cec93a"",""c11688d881bf"",""3498b709fb3e"",""d460d15a7d1b"",""e7b47cf6f5c5""]","[""ffd2d63ccf28"",""7c7107f9f580"",""7e6f1702d348"",""cc76fc07b471"",""db17a1be6e86"",""d819ce4e66cf"",""e63d2da1ad36"",""32e3bb3ae27a"",""2ed683252564"",""de212bfbf4b5"",""bbd717ea0069""]","{""location"":null}","{""CargoRouteToken"":""@HaulCargo_CargoRoute_Solar"",""CargoGradeToken"":""@HaulCargo_CargoGrade_ExtraSmall"",""ReputationRank"":""@RepStanding_TransportGuild_Rank1"",""MissionMaxSCUSize"":""@FreightElevator_1SCU""}","{""guid"":""ce51c554-5529-41be-a15e-761b45fea837"",""name"":""Rookie"",""minReputation"":50,""nameKey"":""RepStanding_TransportGuild_Rank1"",""includeWhenSharing"":true}",,,false,false,,5,,,,,"[{""resource"":""977fe39d1cc1"",""minSCU"":6,""maxSCU"":12,""maxContainerSize"":1}]",,,,,,1,,,1,,,,,,,,,,1,1,
2e669681-127d-4235-aa1c-41d321f1e3e6,HaulCargo_AToB_Gas_Oxygen_Stanton2_SupplyGrade,,Hauling - Planetary,,Rookie Rank - Direct Medium Cargo Haul,@Covalex_HaulCargo_AToB_title,"Hello,\n\nNeed a contractor for a simple cargo haul going from a freight elevator at <EM4>[LOCATION]</EM4> to a freight elevator at <EM4>[DESTINATION]</EM4>. At most the containers will be <EM4>8 SCU</EM4> in size. \n\nAlso, we strongly encourage contractors to bring a <EM4>handheld tractor beam</EM4> along. \n\nAny chance you’re available to take care of it for us?\n\n[SIGN_OFF]\n\nChase Hewitt\nJr. Logistics Coordinator\nCovalex Shipping  \n'Anything you need, anywhere you need it.'\n\nCovalex Shipping is a limited liability corporation. To encourage timely deliveries and prevent fraud on cargo hauls, Covalex Shipping will set a delivery time limit and upon expiration, any undelivered cargo will be considered stolen and treated as such. Total payment will be prorated according to the percentage of cargo successfully delivered.",@HaulCargo_AtoB_desc,Covalex_HaulCargo_AToB_desc_01,76500,,1,,3b2f7882-73cc-41a4-9dce-f188d927e905,"[""f2d7471c5237"",""b4de9ffe26a6"",""edb2b26535cf""]","[""ef0e5e890240"",""7c7107f9f580"",""10b299e2ccf9"",""7e6f1702d348"",""db17a1be6e86"",""d9dc3fbda8f0"",""0fcc1d84a327"",""6e9a35b86327"",""d819ce4e66cf"",""e63d2da1ad36"",""32e3bb3ae27a"",""3cab6cb3c9c7"",""8126806f382a"",""ed41cf58772b"",""e1f1c2a722d5"",""59ce884e5a53"",""b078bb43496c"",""8ed6f459e7a4"",""2ed683252564"",""2e8a69953ce4"",""de212bfbf4b5"",""bbd717ea0069""]","{""location"":[{""guid"":""c15033ab-2eb3-4d6d-b882-0cb336e67ed8"",""name"":""Crusader"",""navIcon"":""Planet"",""star"":{""guid"":""34ff378f-faee-47bb-b5fe-f505e665c5ca"",""name"":""Stanton"",""navIcon"":""Star""}}]}","{""CargoRouteToken"":""@HaulCargo_CargoRoute_Planetary"",""CargoGradeToken"":""@HaulCargo_CargoGrade_Supply"",""ReputationRank"":""@RepStanding_TransportGuild_Rank1"",""MissionMaxSCUSize"":""@FreightElevator_8SCU""}","{""guid"":""ce51c554-5529-41be-a15e-761b45fea837"",""name"":""Rookie"",""minReputation"":50,""nameKey"":""RepStanding_TransportGuild_Rank1"",""includeWhenSharing"":true}",,,false,false,,10,,,,,"[{""resource"":null,""minSCU"":80,""maxSCU"":112,""maxContainerSize"":8}]",,,,,,1,,,1,,,,"[""Stanton""]",,,,,,1,1,
ea1cb775-4219-40c8-be3a-ac98adbb5331,HaulCargo_AToB_NonMetal_Silicon_Stanton1_SupplyGrade,,Hauling - Stellar,,Rookie Rank - Direct Medium Cargo Haul,@Covalex_HaulCargo_AToB_title,"Hello,\n\nNeed a contractor for a simple cargo haul going from a freight elevator at <EM4>[LOCATION]</EM4> to a freight elevator at <EM4>[DESTINATION]</EM4>. At most the containers will be <EM4>8 SCU</EM4> in size. \n\nAlso, we strongly encourage contractors to bring a <EM4>handheld tractor beam</EM4> along. \n\nAny chance you’re available to take care of it for us?\n\n[SIGN_OFF]\n\nChase Hewitt\nJr. Logistics Coordinator\nCovalex Shipping  \n'Anything you need, anywhere you need it.'\n\nCovalex Shipping is a limited liability corporation. To encourage timely deliveries and prevent fraud on cargo hauls, Covalex Shipping will set a delivery time limit and upon expiration, any undelivered cargo will be considered stolen and treated as such. Total payment will be prorated according to the percentage of cargo successfully delivered.",@HaulCargo_AtoB_desc,Covalex_HaulCargo_AToB_desc_01,50500,,1,,3b2f7882-73cc-41a4-9dce-f188d927e905,"[""d460d15a7d1b"",""e7b47cf6f5c5""]","[""ffd2d63ccf28"",""cdbe5c5a9cc4"",""7c7107f9f580"",""10b299e2ccf9"",""a135f4e98ad2"",""e95b4a8986f3"",""581b65066988"",""db17a1be6e86"",""b59e5f3521ad"",""0fcc1d84a327"",""d819ce4e66cf"",""e63d2da1ad36"",""32e3bb3ae27a"",""018f9a8014f4"",""d56b03ec64ca"",""b3580d2b56f8"",""8126806f382a"",""0c19e0494d99"",""afc85b274a27"",""59ce884e5a53"",""8ed6f459e7a4"",""4a0bccec3491"",""2ed683252564"",""de212bfbf4b5"",""bbd717ea0069""]","{""location"":null}","{""CargoRouteToken"":""@HaulCargo_CargoRoute_Solar"",""CargoGradeToken"":""@HaulCargo_CargoGrade_Supply"",""ReputationRank"":""@RepStanding_TransportGuild_Rank1"",""MissionMaxSCUSize"":""@FreightElevator_8SCU""}","{""guid"":""ce51c554-5529-41be-a15e-761b45fea837"",""name"":""Rookie"",""minReputation"":50,""nameKey"":""RepStanding_TransportGuild_Rank1"",""includeWhenSharing"":true}",,,false,false,,10,,,,,"[{""resource"":""ec47388b272f"",""minSCU"":80,""maxSCU"":112,""maxContainerSize"":8}]",,,,,,1,,,1,,,,,,,,,,1,1,
ef0b95be-1975-4035-863c-6e73b94a6074,HaulCargo_AToB_NonMetal_Silicon_Stanton2_SupplyGrade,,Hauling - Stellar,,Rookie Rank - Direct Medium Cargo Haul,@Covalex_HaulCargo_AToB_title,"Hello,\n\nNeed a contractor for a simple cargo haul going from a freight elevator at <EM4>[LOCATION]</EM4> to a freight elevator at <EM4>[DESTINATION]</EM4>. At most the containers will be <EM4>8 SCU</EM4> in size. \n\nAlso, we strongly encourage contractors to bring a <EM4>handheld tractor beam</EM4> along. \n\nAny chance you’re available to take care of it for us?\n\n[SIGN_OFF]\n\nChase Hewitt\nJr. Logistics Coordinator\nCovalex Shipping  \n'Anything you need, anywhere you need it.'\n\nCovalex Shipping is a limited liability corporation. To encourage timely deliveries and prevent fraud on cargo hauls, Covalex Shipping will set a delivery time limit and upon expiration, any undelivered cargo will be considered stolen and treated as such. Total payment will be prorated according to the percentage of cargo successfully delivered.",@HaulCargo_AtoB_desc,Covalex_HaulCargo_AToB_desc_01,50750,,1,,3b2f7882-73cc-41a4-9dce-f188d927e905,"[""cc0b084257c7""]","[""ffd2d63ccf28"",""cdbe5c5a9cc4"",""7c7107f9f580"",""10b299e2ccf9"",""a135f4e98ad2"",""e95b4a8986f3"",""581b65066988"",""db17a1be6e86"",""b59e5f3521ad"",""0fcc1d84a327"",""d819ce4e66cf"",""e63d2da1ad36"",""32e3bb3ae27a"",""018f9a8014f4"",""d56b03ec64ca"",""b3580d2b56f8"",""8126806f382a"",""0c19e0494d99"",""afc85b274a27"",""59ce884e5a53"",""8ed6f459e7a4"",""4a0bccec3491"",""2ed683252564"",""de212bfbf4b5"",""bbd717ea0069""]","{""location"":null}","{""CargoRouteToken"":""@HaulCargo_CargoRoute_Solar"",""CargoGradeToken"":""@HaulCargo_CargoGrade_Supply"",""ReputationRank"":""@RepStanding_TransportGuild_Rank1"",""MissionMaxSCUSize"":""@FreightElevator_8SCU""}","{""guid"":""ce51c554-5529-41be-a15e-761b45fea837"",""name"":""Rookie"",""minReputation"":50,""nameKey"":""RepStanding_TransportGuild_Rank1"",""includeWhenSharing"":true}",,,false,false,,10,,,,,"[{""resource"":""ec47388b272f"",""minSCU"":80,""maxSCU"":112,""maxContainerSize"":8}]",,,,,,1,,,1,,,,,,,,,,1,1,
b443a6f3-ef75-482f-8507-1b0bbaae0b2d,HaulCargo_AToB_NonMetal_Silicon_Stanton3_SupplyGrade,,Hauling - Stellar,,Rookie Rank - Direct Medium Cargo Haul,@Covalex_HaulCargo_AToB_title,"Hello,\n\nNeed a contractor for a simple cargo haul going from a freight elevator at <EM4>[LOCATION]</EM4> to a freight elevator at <EM4>[DESTINATION]</EM4>. At most the containers will be <EM4>8 SCU</EM4> in size. \n\nAlso, we strongly encourage contractors to bring a <EM4>handheld tractor beam</EM4> along. \n\nAny chance you’re available to take care of it for us?\n\n[SIGN_OFF]\n\nChase Hewitt\nJr. Logistics Coordinator\nCovalex Shipping  \n'Anything you need, anywhere you need it.'\n\nCovalex Shipping is a limited liability corporation. To encourage timely deliveries and prevent fraud on cargo hauls, Covalex Shipping will set a delivery time limit and upon expiration, any undelivered cargo will be considered stolen and treated as such. Total payment will be prorated according to the percentage of cargo successfully delivered.",@HaulCargo_AtoB_desc,Covalex_HaulCargo_AToB_desc_01,51000,,1,,3b2f7882-73cc-41a4-9dce-f188d927e905,"[""dfaa4ef80550"",""eda891a336d8"",""6d40795eef36""]","[""ffd2d63ccf28"",""cdbe5c5a9cc4"",""7c7107f9f580"",""10b299e2ccf9"",""a135f4e98ad2"",""e95b4a8986f3"",""581b65066988"",""db17a1be6e86"",""b59e5f3521ad"",""0fcc1d84a327"",""d819ce4e66cf"",""e63d2da1ad36"",""32e3bb3ae27a"",""018f9a8014f4"",""d56b03ec64ca"",""b3580d2b56f8"",""8126806f382a"",""0c19e0494d99"",""afc85b274a27"",""59ce884e5a53"",""8ed6f459e7a4"",""4a0bccec3491"",""2ed683252564"",""de212bfbf4b5"",""bbd717ea0069""]","{""location"":null}","{""CargoRouteToken"":""@HaulCargo_CargoRoute_Solar"",""CargoGradeToken"":""@HaulCargo_CargoGrade_Supply"",""ReputationRank"":""@RepStanding_TransportGuild_Rank1"",""MissionMaxSCUSize"":""@FreightElevator_8SCU""}","{""guid"":""ce51c554-5529-41be-a15e-761b45fea837"",""name"":""Rookie"",""minReputation"":50,""nameKey"":""RepStanding_TransportGuild_Rank1"",""includeWhenSharing"":true}",,,false,false,,10,,,,,"[{""resource"":""ec47388b272f"",""minSCU"":80,""maxSCU"":112,""maxContainerSize"":8}]",,,,,,1,,,1,,,,,,,,,,1,1,
17b4e74d-e581-438b-893f-68e6f80f9ebd,HaulCargo_AToB_NonMetal_Silicon_Stanton4_SupplyGrade,,Hauling - Stellar,,Rookie Rank - Direct Medium Cargo Haul,@Covalex_HaulCargo_AToB_title,"Hello,\n\nNeed a contractor for a simple cargo haul going from a freight elevator at <EM4>[LOCATION]</EM4> to a freight elevator at <EM4>[DESTINATION]</EM4>. At most the containers will be <EM4>8 SCU</EM4> in size. \n\nAlso, we strongly encourage contractors to bring a <EM4>handheld tractor beam</EM4> along. \n\nAny chance you’re available to take care of it for us?\n\n[SIGN_OFF]\n\nChase Hewitt\nJr. Logistics Coordinator\nCovalex Shipping  \n'Anything you need, anywhere you need it.'\n\nCovalex Shipping is a limited liability corporation. To encourage timely deliveries and prevent fraud on cargo hauls, Covalex Shipping will set a delivery time limit and upon expiration, any undelivered cargo will be considered stolen and treated as such. Total payment will be prorated according to the percentage of cargo successfully delivered.",@HaulCargo_AtoB_desc,Covalex_HaulCargo_AToB_desc_01,51250,,1,,3b2f7882-73cc-41a4-9dce-f188d927e905,"[""c78dabbac080"",""d9e58924ece8"",""684acd6474b7""]","[""ffd2d63ccf28"",""cdbe5c5a9cc4"",""7c7107f9f580"",""10b299e2ccf9"",""a135f4e98ad2"",""e95b4a8986f3"",""581b65066988"",""db17a1be6e86"",""b59e5f3521ad"",""0fcc1d84a327"",""d819ce4e66cf"",""e63d2da1ad36"",""32e3bb3ae27a"",""018f9a8014f4"",""d56b03ec64ca"",""b3580d2b56f8"",""8126806f382a"",""0c19e0494d99"",""afc85b274a27"",""59ce884e5a53"",""8ed6f459e7a4"",""4a0bccec3491"",""2ed683252564"",""de212bfbf4b5"",""bbd717ea0069""]","{""location"":null}","{""CargoRouteToken"":""@HaulCargo_CargoRoute_Solar"",""CargoGradeToken"":""@HaulCargo_CargoGrade_Supply"",""ReputationRank"":""@RepStanding_TransportGuild_Rank1"",""MissionMaxSCUSize"":""@FreightElevator_8SCU""}","{""guid"":""ce51c554-5529-41be-a15e-761b45fea837"",""name"":""Rookie"",""minReputation"":50,""nameKey"":""RepStanding_TransportGuild_Rank1"",""includeWhenSharing"":true}",,,false,false,,10,,,,,"[{""resource"":""ec47388b272f"",""minSCU"":80,""maxSCU"":112,""maxContainerSize"":8}]",,,,,,1,,,1,,,,,,,,,,1,1,
d34b3fd0-bdd5-40c3-a521-0c0c758c47dd,HaulCargo_AToB_Processed_Stims_Stanton1_SupplyGrade,,Hauling - Planetary,,Rookie Rank - Direct Medium Cargo Haul,@Covalex_HaulCargo_AToB_title,"Hello,\n\nNeed a contractor for a simple cargo haul going from a freight elevator at <EM4>[LOCATION]</EM4> to a freight elevator at <EM4>[DESTINATION]</EM4>. At most the containers will be <EM4>8 SCU</EM4> in size. \n\nAlso, we strongly encourage contractors to bring a <EM4>handheld tractor beam</EM4> along. \n\nAny chance you’re available to take care of it for us?\n\n[SIGN_OFF]\n\nChase Hewitt\nJr. Logistics Coordinator\nCovalex Shipping  \n'Anything you need, anywhere you need it.'\n\nCovalex Shipping is a limited liability corporation. To encourage timely deliveries and prevent fraud on cargo hauls, Covalex Shipping will set a delivery time limit and upon expiration, any undelivered cargo will be considered stolen and treated as such. Total payment will be prorated according to the percentage of cargo successfully delivered.",@HaulCargo_AtoB_desc,Covalex_HaulCargo_AToB_desc_01,76500,,1,,3b2f7882-73cc-41a4-9dce-f188d927e905,"[""b77eacfa4977"",""87890be8c56e"",""edb2b26535cf""]","[""e242eae00bfc"",""cdbe5c5a9cc4"",""aef2b32d2479"",""c38446d75efc"",""ef0e5e890240"",""dba6f40b52a0"",""7c7107f9f580"",""84355f2b6158"",""7e6f1702d348"",""99f42c1cf91f"",""4ea94651f661"",""4c989742e9ab"",""a135f4e98ad2"",""5992d6926718"",""34b3eeecd6d2"",""44282c75228d"",""018d85504640"",""e95b4a8986f3"",""581b65066988"",""045624ecf3ed"",""cc76fc07b471"",""db17a1be6e86"",""b59e5f3521ad"",""d9dc3fbda8f0"",""7a1dafeca23f"",""0fcc1d84a327"",""667f49ab8f80"",""6e9a35b86327"",""0e706a121005"",""79cc2b9ecbae"",""e63d2da1ad36"",""6d540401a482"",""3644c6b823f3"",""32e3bb3ae27a"",""3cab6cb3c9c7"",""018f9a8014f4"",""d56b03ec64ca"",""b3580d2b56f8"",""1103fb160dd6"",""360e510ac13b"",""c541444e38cb"",""fdefa8299d0b"",""ed41cf58772b"",""f6d49b8ef987"",""269b504a4b6b"",""e1f1c2a722d5"",""baff0c674b66"",""cc7b55cdb1bf"",""0c19e0494d99"",""afc85b274a27"",""a665ee0ac6de"",""59ce884e5a53"",""b078bb43496c"",""8ed6f459e7a4"",""51c7fcbf4b91"",""f80fc0a34790"",""cd6ab6ce61a7"",""b99d01bd4712"",""c7bb4a68ec1c"",""abb192889356"",""4a0bccec3491"",""f14fda6625d9"",""2ed683252564"",""02c36d96275b"",""1ad31cfb44e5"",""2e8a69953ce4"",""b6b85246fc3f"",""de212bfbf4b5"",""4411e7a6a465"",""49b9a33a59f3"",""889e7b4f710f"",""ac581b7b935a"",""bbd717ea0069"",""757b267eceb1"",""b48a0175f686""]","{""location"":[{""guid"":""551af60b-7727-4936-acc7-763d25d7a1de"",""name"":""Hurston"",""navIcon"":""Planet"",""star"":{""guid"":""34ff378f-faee-47bb-b5fe-f505e665c5ca"",""name"":""Stanton"",""navIcon"":""Star""}}]}","{""CargoRouteToken"":""@HaulCargo_CargoRoute_Planetary"",""CargoGradeToken"":""@HaulCargo_CargoGrade_Supply"",""ReputationRank"":""@RepStanding_TransportGuild_Rank1"",""MissionMaxSCUSize"":""@FreightElevator_8SCU""}","{""guid"":""ce51c554-5529-41be-a15e-761b45fea837"",""name"":""Rookie"",""minReputation"":50,""nameKey"":""RepStanding_TransportGuild_Rank1"",""includeWhenSharing"":true}",,,false,false,,10,,,,,"[{""resource"":""33ac9b2f41af"",""minSCU"":80,""maxSCU"":112,""maxContainerSize"":8}]",,,,,,1,,,1,,,,"[""Stanton""]",,,,,,1,1,
e0718312-ac4d-4cb4-8f4c-6ec9e599ac74,HaulCargo_AToB_RawOre_Aluminium_Stanton2_SupplyGrade,,Hauling - Stellar,,Rookie Rank - Direct Medium Cargo Haul,@Covalex_HaulCargo_AToB_title,"Hello,\n\nNeed a contractor for a simple cargo haul going from a freight elevator at <EM4>[LOCATION]</EM4> to a freight elevator at <EM4>[DESTINATION]</EM4>. At most the containers will be <EM4>8 SCU</EM4> in size. \n\nAlso, we strongly encourage contractors to bring a <EM4>handheld tractor beam</EM4> along. \n\nAny chance you’re available to take care of it for us?\n\n[SIGN_OFF]\n\nChase Hewitt\nJr. Logistics Coordinator\nCovalex Shipping  \n'Anything you need, anywhere you need it.'\n\nCovalex Shipping is a limited liability corporation. To encourage timely deliveries and prevent fraud on cargo hauls, Covalex Shipping will set a delivery time limit and upon expiration, any undelivered cargo will be considered stolen and treated as such. Total payment will be prorated according to the percentage of cargo successfully delivered.",@HaulCargo_AtoB_desc,Covalex_HaulCargo_AToB_desc_01,50750,,1,,3b2f7882-73cc-41a4-9dce-f188d927e905,,"[""02c36d96275b""]","{""location"":null}","{""CargoRouteToken"":""@HaulCargo_CargoRoute_Solar"",""CargoGradeToken"":""@HaulCargo_CargoGrade_Supply"",""ReputationRank"":""@RepStanding_TransportGuild_Rank1"",""MissionMaxSCUSize"":""@FreightElevator_8SCU""}","{""guid"":""ce51c554-5529-41be-a15e-761b45fea837"",""name"":""Rookie"",""minReputation"":50,""nameKey"":""RepStanding_TransportGuild_Rank1"",""includeWhenSharing"":true}",,,false,false,,10,,,,,"[{""resource"":""93c88e84e876"",""minSCU"":80,""maxSCU"":112,""maxContainerSize"":8}]",,,,,,1,,,1,,,,,,,,,,1,1,
071f2a79-cbf2-4ede-8b1e-e2109ef63d66,HaulCargo_AToB_RawOre_Aluminium_Stanton3_SupplyGrade,,Hauling - Stellar,,Rookie Rank - Direct Medium Cargo Haul,@Covalex_HaulCargo_AToB_title,"Hello,\n\nNeed a contractor for a simple cargo haul going from a freight elevator at <EM4>[LOCATION]</EM4> to a freight elevator at <EM4>[DESTINATION]</EM4>. At most the containers will be <EM4>8 SCU</EM4> in size. \n\nAlso, we strongly encourage contractors to bring a <EM4>handheld tractor beam</EM4> along. \n\nAny chance you’re available to take care of it for us?\n\n[SIGN_OFF]\n\nChase Hewitt\nJr. Logistics Coordinator\nCovalex Shipping  \n'Anything you need, anywhere you need it.'\n\nCovalex Shipping is a limited liability corporation. To encourage timely deliveries and prevent fraud on cargo hauls, Covalex Shipping will set a delivery time limit and upon expiration, any undelivered cargo will be considered stolen and treated as such. Total payment will be prorated according to the percentage of cargo successfully delivered.",@HaulCargo_AtoB_desc,Covalex_HaulCargo_AToB_desc_01,51000,,1,,3b2f7882-73cc-41a4-9dce-f188d927e905,,"[""baff0c674b66"",""cd6ab6ce61a7""]","{""location"":null}","{""CargoRouteToken"":""@HaulCargo_CargoRoute_Solar"",""CargoGradeToken"":""@HaulCargo_CargoGrade_Supply"",""ReputationRank"":""@RepStanding_TransportGuild_Rank1"",""MissionMaxSCUSize"":""@FreightElevator_8SCU""}","{""guid"":""ce51c554-5529-41be-a15e-761b45fea837"",""name"":""Rookie"",""minReputation"":50,""nameKey"":""RepStanding_TransportGuild_Rank1"",""includeWhenSharing"":true}",,,false,false,,10,,,,,"[{""resource"":""93c88e84e876"",""minSCU"":80,""maxSCU"":112,""maxContainerSize"":8}]",,,,,,1,,,1,,,,,,,,,,1,1,
b3819710-5c2c-4db2-b232-95af66734e54,HaulCargo_AToB_RawOre_Copper_Stanton1_SupplyGrade,,Hauling - Stellar,,Rookie Rank - Direct Medium Cargo Haul,@Covalex_HaulCargo_AToB_title,"Hello,\n\nNeed a contractor for a simple cargo haul going from a freight elevator at <EM4>[LOCATION]</EM4> to a freight elevator at <EM4>[DESTINATION]</EM4>. At most the containers will be <EM4>8 SCU</EM4> in size. \n\nAlso, we strongly encourage contractors to bring a <EM4>handheld tractor beam</EM4> along. \n\nAny chance you’re available to take care of it for us?\n\n[SIGN_OFF]\n\nChase Hewitt\nJr. Logistics Coordinator\nCovalex Shipping  \n'Anything you need, anywhere you need it.'\n\nCovalex Shipping is a limited liability corporation. To encourage timely deliveries and prevent fraud on cargo hauls, Covalex Shipping will set a delivery time limit and upon expiration, any undelivered cargo will be considered stolen and treated as such. Total payment will be prorated according to the percentage of cargo successfully delivered.",@HaulCargo_AtoB_desc,Covalex_HaulCargo_AToB_desc_01,50500,,1,,3b2f7882-73cc-41a4-9dce-f188d927e905,,"[""757b267eceb1""]","{""location"":null}","{""CargoRouteToken"":""@HaulCargo_CargoRoute_Solar"",""CargoGradeToken"":""@HaulCargo_CargoGrade_Supply"",""ReputationRank"":""@RepStanding_TransportGuild_Rank1"",""MissionMaxSCUSize"":""@FreightElevator_8SCU""}","{""guid"":""ce51c554-5529-41be-a15e-761b45fea837"",""name"":""Rookie"",""minReputation"":50,""nameKey"":""RepStanding_TransportGuild_Rank1"",""includeWhenSharing"":true}",,,false,false,,10,,,,,"[{""resource"":""37b4502d11ef"",""minSCU"":80,""maxSCU"":112,""maxContainerSize"":8}]",,,,,,1,,,1,,,,,,,,,,1,1,
ce79c43c-32f6-4413-85c9-c78b3924037a,HaulCargo_AToB_RawOre_Copper_Stanton2_SupplyGrade,,Hauling - Stellar,,Rookie Rank - Direct Medium Cargo Haul,@Covalex_HaulCargo_AToB_title,"Hello,\n\nNeed a contractor for a simple cargo haul going from a freight elevator at <EM4>[LOCATION]</EM4> to a freight elevator at <EM4>[DESTINATION]</EM4>. At most the containers will be <EM4>8 SCU</EM4> in size. \n\nAlso, we strongly encourage contractors to bring a <EM4>handheld tractor beam</EM4> along. \n\nAny chance you’re available to take care of it for us?\n\n[SIGN_OFF]\n\nChase Hewitt\nJr. Logistics Coordinator\nCovalex Shipping  \n'Anything you need, anywhere you need it.'\n\nCovalex Shipping is a limited liability corporation. To encourage timely deliveries and prevent fraud on cargo hauls, Covalex Shipping will set a delivery time limit and upon expiration, any undelivered cargo will be considered stolen and treated as such. Total payment will be prorated according to the percentage of cargo successfully delivered.",@HaulCargo_AtoB_desc,Covalex_HaulCargo_AToB_desc_01,50750,,1,,3b2f7882-73cc-41a4-9dce-f188d927e905,,"[""02c36d96275b""]","{""location"":null}","{""CargoRouteToken"":""@HaulCargo_CargoRoute_Solar"",""CargoGradeToken"":""@HaulCargo_CargoGrade_Supply"",""ReputationRank"":""@RepStanding_TransportGuild_Rank1"",""MissionMaxSCUSize"":""@FreightElevator_8SCU""}","{""guid"":""ce51c554-5529-41be-a15e-761b45fea837"",""name"":""Rookie"",""minReputation"":50,""nameKey"":""RepStanding_TransportGuild_Rank1"",""includeWhenSharing"":true}",,,false,false,,10,,,,,"[{""resource"":""37b4502d11ef"",""minSCU"":80,""maxSCU"":112,""maxContainerSize"":8}]",,,,,,1,,,1,,,,,,,,,,1,1,
91acd7df-3bb6-4764-9323-b2b625b841ec,HaulCargo_AToB_RawOre_Corundum_Stanton3_SupplyGrade,,Hauling - Stellar,,Rookie Rank - Direct Medium Cargo Haul,@Covalex_HaulCargo_AToB_title,"Hello,\n\nNeed a contractor for a simple cargo haul going from a freight elevator at <EM4>[LOCATION]</EM4> to a freight elevator at <EM4>[DESTINATION]</EM4>. At most the containers will be <EM4>8 SCU</EM4> in size. \n\nAlso, we strongly encourage contractors to bring a <EM4>handheld tractor beam</EM4> along. \n\nAny chance you’re available to take care of it for us?\n\n[SIGN_OFF]\n\nChase Hewitt\nJr. Logistics Coordinator\nCovalex Shipping  \n'Anything you need, anywhere you need it.'\n\nCovalex Shipping is a limited liability corporation. To encourage timely deliveries and prevent fraud on cargo hauls, Covalex Shipping will set a delivery time limit and upon expiration, any undelivered cargo will be considered stolen and treated as such. Total payment will be prorated according to the percentage of cargo successfully delivered.",@HaulCargo_AtoB_desc,Covalex_HaulCargo_AToB_desc_01,51000,,1,,3b2f7882-73cc-41a4-9dce-f188d927e905,,"[""baff0c674b66"",""cd6ab6ce61a7""]","{""location"":null}","{""CargoRouteToken"":""@HaulCargo_CargoRoute_Solar"",""CargoGradeToken"":""@HaulCargo_CargoGrade_Supply"",""ReputationRank"":""@RepStanding_TransportGuild_Rank1"",""MissionMaxSCUSize"":""@FreightElevator_8SCU""}","{""guid"":""ce51c554-5529-41be-a15e-761b45fea837"",""name"":""Rookie"",""minReputation"":50,""nameKey"":""RepStanding_TransportGuild_Rank1"",""includeWhenSharing"":true}",,,false,false,,10,,,,,"[{""resource"":""ce00bf017a92"",""minSCU"":80,""maxSCU"":112,""maxContainerSize"":8}]",,,,,,1,,,1,,,,,,,,,,1,1,
944801b5-df9d-44a1-9a52-e575c5ea7858,HaulCargo_AToB_RawOre_Corundum_Stanton4_SupplyGrade,,Hauling - Stellar,,Rookie Rank - Direct Medium Cargo Haul,@Covalex_HaulCargo_AToB_title,"Hello,\n\nNeed a contractor for a simple cargo haul going from a freight elevator at <EM4>[LOCATION]</EM4> to a freight elevator at <EM4>[DESTINATION]</EM4>. At most the containers will be <EM4>8 SCU</EM4> in size. \n\nAlso, we strongly encourage contractors to bring a <EM4>handheld tractor beam</EM4> along. \n\nAny chance you’re available to take care of it for us?\n\n[SIGN_OFF]\n\nChase Hewitt\nJr. Logistics Coordinator\nCovalex Shipping  \n'Anything you need, anywhere you need it.'\n\nCovalex Shipping is a limited liability corporation. To encourage timely deliveries and prevent fraud on cargo hauls, Covalex Shipping will set a delivery time limit and upon expiration, any undelivered cargo will be considered stolen and treated as such. Total payment will be prorated according to the percentage of cargo successfully delivered.",@HaulCargo_AtoB_desc,Covalex_HaulCargo_AToB_desc_01,51250,,1,,3b2f7882-73cc-41a4-9dce-f188d927e905,,"[""f6d49b8ef987"",""f14fda6625d9""]","{""location"":null}","{""CargoRouteToken"":""@HaulCargo_CargoRoute_Solar"",""CargoGradeToken"":""@HaulCargo_CargoGrade_Supply"",""ReputationRank"":""@RepStanding_TransportGuild_Rank1"",""MissionMaxSCUSize"":""@FreightElevator_8SCU""}","{""guid"":""ce51c554-5529-41be-a15e-761b45fea837"",""name"":""Rookie"",""minReputation"":50,""nameKey"":""RepStanding_TransportGuild_Rank1"",""includeWhenSharing"":true}",,,false,false,,10,,,,,"[{""resource"":""ce00bf017a92"",""minSCU"":80,""maxSCU"":112,""maxContainerSize"":8}]",,,,,,1,,,1,,,,,,,,,,1,1,
5b15b60b-dd61-4115-8787-b88ac3d9f00d,HaulCargo_AToB_RawOre_Iron_Stanton1_SupplyGrade1,,Hauling - Stellar,,Rookie Rank - Direct Medium Cargo Haul,@Covalex_HaulCargo_AToB_title,"Hello,\n\nNeed a contractor for a simple cargo haul going from a freight elevator at <EM4>[LOCATION]</EM4> to a freight elevator at <EM4>[DESTINATION]</EM4>. At most the containers will be <EM4>8 SCU</EM4> in size. \n\nAlso, we strongly encourage contractors to bring a <EM4>handheld tractor beam</EM4> along. \n\nAny chance you’re available to take care of it for us?\n\n[SIGN_OFF]\n\nChase Hewitt\nJr. Logistics Coordinator\nCovalex Shipping  \n'Anything you need, anywhere you need it.'\n\nCovalex Shipping is a limited liability corporation. To encourage timely deliveries and prevent fraud on cargo hauls, Covalex Shipping will set a delivery time limit and upon expiration, any undelivered cargo will be considered stolen and treated as such. Total payment will be prorated according to the percentage of cargo successfully delivered.",@HaulCargo_AtoB_desc,Covalex_HaulCargo_AToB_desc_01,50500,,1,,3b2f7882-73cc-41a4-9dce-f188d927e905,,"[""4411e7a6a465"",""757b267eceb1""]","{""location"":null}","{""CargoRouteToken"":""@HaulCargo_CargoRoute_Solar"",""CargoGradeToken"":""@HaulCargo_CargoGrade_Supply"",""ReputationRank"":""@RepStanding_TransportGuild_Rank1"",""MissionMaxSCUSize"":""@FreightElevator_8SCU""}","{""guid"":""ce51c554-5529-41be-a15e-761b45fea837"",""name"":""Rookie"",""minReputation"":50,""nameKey"":""RepStanding_TransportGuild_Rank1"",""includeWhenSharing"":true}",,,false,false,,10,,,,,"[{""resource"":""059d2d6be304"",""minSCU"":80,""maxSCU"":112,""maxContainerSize"":8}]",,,,,,1,,,1,,,,,,,,,,1,1,
e13a799a-12af-4a53-aef3-800fdcd28b42,HaulCargo_AToB_RawOre_Iron_Stanton2_SupplyGrade,,Hauling - Stellar,,Rookie Rank - Direct Medium Cargo Haul,@Covalex_HaulCargo_AToB_title,"Hello,\n\nNeed a contractor for a simple cargo haul going from a freight elevator at <EM4>[LOCATION]</EM4> to a freight elevator at <EM4>[DESTINATION]</EM4>. At most the containers will be <EM4>8 SCU</EM4> in size. \n\nAlso, we strongly encourage contractors to bring a <EM4>handheld tractor beam</EM4> along. \n\nAny chance you’re available to take care of it for us?\n\n[SIGN_OFF]\n\nChase Hewitt\nJr. Logistics Coordinator\nCovalex Shipping  \n'Anything you need, anywhere you need it.'\n\nCovalex Shipping is a limited liability corporation. To encourage timely deliveries and prevent fraud on cargo hauls, Covalex Shipping will set a delivery time limit and upon expiration, any undelivered cargo will be considered stolen and treated as such. Total payment will be prorated according to the percentage of cargo successfully delivered.",@HaulCargo_AtoB_desc,Covalex_HaulCargo_AToB_desc_01,50750,,1,,3b2f7882-73cc-41a4-9dce-f188d927e905,,"[""02c36d96275b""]","{""location"":null}","{""CargoRouteToken"":""@HaulCargo_CargoRoute_Solar"",""CargoGradeToken"":""@HaulCargo_CargoGrade_Supply"",""ReputationRank"":""@RepStanding_TransportGuild_Rank1"",""MissionMaxSCUSize"":""@FreightElevator_8SCU""}","{""guid"":""ce51c554-5529-41be-a15e-761b45fea837"",""name"":""Rookie"",""minReputation"":50,""nameKey"":""RepStanding_TransportGuild_Rank1"",""includeWhenSharing"":true}",,,false,false,,10,,,,,"[{""resource"":""059d2d6be304"",""minSCU"":80,""maxSCU"":112,""maxContainerSize"":8}]",,,,,,1,,,1,,,,,,,,,,1,1,
05e8b305-d182-4db0-82b3-394ddc9b9a77,HaulCargo_AToB_RawOre_Quartz_Stanton1_SupplyGrade,,Hauling - Stellar,,Rookie Rank - Direct Medium Cargo Haul,@Covalex_HaulCargo_AToB_title,"Hello,\n\nNeed a contractor for a simple cargo haul going from a freight elevator at <EM4>[LOCATION]</EM4> to a freight elevator at <EM4>[DESTINATION]</EM4>. At most the containers will be <EM4>8 SCU</EM4> in size. \n\nAlso, we strongly encourage contractors to bring a <EM4>handheld tractor beam</EM4> along. \n\nAny chance you’re available to take care of it for us?\n\n[SIGN_OFF]\n\nChase Hewitt\nJr. Logistics Coordinator\nCovalex Shipping  \n'Anything you need, anywhere you need it.'\n\nCovalex Shipping is a limited liability corporation. To encourage timely deliveries and prevent fraud on cargo hauls, Covalex Shipping will set a delivery time limit and upon expiration, any undelivered cargo will be considered stolen and treated as such. Total payment will be prorated according to the percentage of cargo successfully delivered.",@HaulCargo_AtoB_desc,Covalex_HaulCargo_AToB_desc_01,50500,,1,,3b2f7882-73cc-41a4-9dce-f188d927e905,,"[""4411e7a6a465""]","{""location"":null}","{""CargoRouteToken"":""@HaulCargo_CargoRoute_Solar"",""CargoGradeToken"":""@HaulCargo_CargoGrade_Supply"",""ReputationRank"":""@RepStanding_TransportGuild_Rank1"",""MissionMaxSCUSize"":""@FreightElevator_8SCU""}","{""guid"":""ce51c554-5529-41be-a15e-761b45fea837"",""name"":""Rookie"",""minReputation"":50,""nameKey"":""RepStanding_TransportGuild_Rank1"",""includeWhenSharing"":true}",,,false,false,,10,,,,,"[{""resource"":""ab591b2bae61"",""minSCU"":80,""maxSCU"":112,""maxContainerSize"":8}]",,,,,,1,,,1,,,,,,,,,,1,1,
af175776-2722-4ec6-9451-c8c7ee4c268a,HaulCargo_AToB_RawOre_Quartz_Stanton4_SupplyGrade,,Hauling - Stellar,,Rookie Rank - Direct Medium Cargo Haul,@Covalex_HaulCargo_AToB_title,"Hello,\n\nNeed a contractor for a simple cargo haul going from a freight elevator at <EM4>[LOCATION]</EM4> to a freight elevator at <EM4>[DESTINATION]</EM4>. At most the containers will be <EM4>8 SCU</EM4> in size. \n\nAlso, we strongly encourage contractors to bring a <EM4>handheld tractor beam</EM4> along. \n\nAny chance you’re available to take care of it for us?\n\n[SIGN_OFF]\n\nChase Hewitt\nJr. Logistics Coordinator\nCovalex Shipping  \n'Anything you need, anywhere you need it.'\n\nCovalex Shipping is a limited liability corporation. To encourage timely deliveries and prevent fraud on cargo hauls, Covalex Shipping will set a delivery time limit and upon expiration, any undelivered cargo will be considered stolen and treated as such. Total payment will be prorated according to the percentage of cargo successfully delivered.",@HaulCargo_AtoB_desc,Covalex_HaulCargo_AToB_desc_01,51250,,1,,3b2f7882-73cc-41a4-9dce-f188d927e905,"[""15a181728888""]","[""f6d49b8ef987"",""f14fda6625d9""]","{""location"":[{""guid"":""5a529db7-1a4e-45b0-bdcb-a5a0c7a7fc57"",""name"":""microTech"",""navIcon"":""Planet"",""star"":{""guid"":""34ff378f-faee-47bb-b5fe-f505e665c5ca"",""name"":""Stanton"",""navIcon"":""Star""}}]}","{""CargoRouteToken"":""@HaulCargo_CargoRoute_Solar"",""CargoGradeToken"":""@HaulCargo_CargoGrade_Supply"",""ReputationRank"":""@RepStanding_TransportGuild_Rank1"",""MissionMaxSCUSize"":""@FreightElevator_8SCU""}","{""guid"":""ce51c554-5529-41be-a15e-761b45fea837"",""name"":""Rookie"",""minReputation"":50,""nameKey"":""RepStanding_TransportGuild_Rank1"",""includeWhenSharing"":true}",,,false,false,,10,,,,,"[{""resource"":""ab591b2bae61"",""minSCU"":80,""maxSCU"":112,""maxContainerSize"":8}]",,,,,,1,,,1,,,,"[""Stanton""]",,,,,,1,1,
8d14e8be-5a58-4826-8407-5b35be739732,HaulCargo_AToB_RawOre_Titanium_Stanton2_SupplyGrade,,Hauling - Stellar,,Rookie Rank - Direct Medium Cargo Haul,@Covalex_HaulCargo_AToB_title,"Hello,\n\nNeed a contractor for a simple cargo haul going from a freight elevator at <EM4>[LOCATION]</EM4> to a freight elevator at <EM4>[DESTINATION]</EM4>. At most the containers will be <EM4>8 SCU</EM4> in size. \n\nAlso, we strongly encourage contractors to bring a <EM4>handheld tractor beam</EM4> along. \n\nAny chance you’re available to take care of it for us?\n\n[SIGN_OFF]\n\nChase Hewitt\nJr. Logistics Coordinator\nCovalex Shipping  \n'Anything you need, anywhere you need it.'\n\nCovalex Shipping is a limited liability corporation. To encourage timely deliveries and prevent fraud on cargo hauls, Covalex Shipping will set a delivery time limit and upon expiration, any undelivered cargo will be considered stolen and treated as such. Total payment will be prorated according to the percentage of cargo successfully delivered.",@HaulCargo_AtoB_desc,Covalex_HaulCargo_AToB_desc_01,50750,,1,,3b2f7882-73cc-41a4-9dce-f188d927e905,,"[""02c36d96275b""]","{""location"":null}","{""CargoRouteToken"":""@HaulCargo_CargoRoute_Solar"",""CargoGradeToken"":""@HaulCargo_CargoGrade_Supply"",""ReputationRank"":""@RepStanding_TransportGuild_Rank1"",""MissionMaxSCUSize"":""@FreightElevator_8SCU""}","{""guid"":""ce51c554-5529-41be-a15e-761b45fea837"",""name"":""Rookie"",""minReputation"":50,""nameKey"":""RepStanding_TransportGuild_Rank1"",""includeWhenSharing"":true}",,,false,false,,10,,,,,"[{""resource"":""9a60c87abe20"",""minSCU"":80,""maxSCU"":112,""maxContainerSize"":8}]",,,,,,1,,,1,,,,,,,,,,1,1,
63416f88-efb2-4103-8cba-0a60de753a9e,HaulCargo_AToB_RawOre_Tungsten_Stanton3_SupplyGrade,,Hauling - Stellar,,Rookie Rank - Direct Medium Cargo Haul,@Covalex_HaulCargo_AToB_title,"Hello,\n\nNeed a contractor for a simple cargo haul going from a freight elevator at <EM4>[LOCATION]</EM4> to a freight elevator at <EM4>[DESTINATION]</EM4>. At most the containers will be <EM4>8 SCU</EM4> in size. \n\nAlso, we strongly encourage contractors to bring a <EM4>handheld tractor beam</EM4> along. \n\nAny chance you’re available to take care of it for us?\n\n[SIGN_OFF]\n\nChase Hewitt\nJr. Logistics Coordinator\nCovalex Shipping  \n'Anything you need, anywhere you need it.'\n\nCovalex Shipping is a limited liability corporation. To encourage timely deliveries and prevent fraud on cargo hauls, Covalex Shipping will set a delivery time limit and upon expiration, any undelivered cargo will be considered stolen and treated as such. Total payment will be prorated according to the percentage of cargo successfully delivered.",@HaulCargo_AtoB_desc,Covalex_HaulCargo_AToB_desc_01,51000,,1,,3b2f7882-73cc-41a4-9dce-f188d927e905,,"[""baff0c674b66"",""cd6ab6ce61a7""]","{""location"":null}","{""CargoRouteToken"":""@HaulCargo_CargoRoute_Solar"",""CargoGradeToken"":""@HaulCargo_CargoGrade_Supply"",""ReputationRank"":""@RepStanding_TransportGuild_Rank1"",""MissionMaxSCUSize"":""@FreightElevator_8SCU""}","{""guid"":""ce51c554-5529-41be-a15e-761b45fea837"",""name"":""Rookie"",""minReputation"":50,""nameKey"":""RepStanding_TransportGuild_Rank1"",""includeWhenSharing"":true}",,,false,false,,10,,,,,"[{""resource"":""f009ff385c83"",""minSCU"":80,""maxSCU"":112,""maxContainerSize"":8}]",,,,,,1,,,1,,,,,,,,,,1,1,
518d6875-e517-4b0b-a6bc-eda8096307ac,HaulCargo_AToB_Waste_Mixed_ScrapWaste_Stanton2_SupplyGrade,,Hauling - Planetary,,Rookie Rank - Direct Medium Cargo Haul,@Covalex_HaulCargo_AToB_title,"Hello,\n\nNeed a contractor for a simple cargo haul going from a freight elevator at <EM4>[LOCATION]</EM4> to a freight elevator at <EM4>[DESTINATION]</EM4>. At most the containers will be <EM4>8 SCU</EM4> in size. \n\nAlso, we strongly encourage contractors to bring a <EM4>handheld tractor beam</EM4> along. \n\nAny chance you’re available to take care of it for us?\n\n[SIGN_OFF]\n\nChase Hewitt\nJr. Logistics Coordinator\nCovalex Shipping  \n'Anything you need, anywhere you need it.'\n\nCovalex Shipping is a limited liability corporation. To encourage timely deliveries and prevent fraud on cargo hauls, Covalex Shipping will set a delivery time limit and upon expiration, any undelivered cargo will be considered stolen and treated as such. Total payment will be prorated according to the percentage of cargo successfully delivered.",@HaulCargo_AtoB_desc,Covalex_HaulCargo_AToB_desc_01,53000,,1,,3b2f7882-73cc-41a4-9dce-f188d927e905,"[""f2d7471c5237"",""b4de9ffe26a6"",""87890be8c56e"",""edb2b26535cf""]","[""7e6f1702d348"",""cc76fc07b471"",""db17a1be6e86"",""e63d2da1ad36"",""32e3bb3ae27a"",""2ed683252564""]","{""location"":[{""guid"":""c15033ab-2eb3-4d6d-b882-0cb336e67ed8"",""name"":""Crusader"",""navIcon"":""Planet"",""star"":{""guid"":""34ff378f-faee-47bb-b5fe-f505e665c5ca"",""name"":""Stanton"",""navIcon"":""Star""}}]}","{""CargoRouteToken"":""@HaulCargo_CargoRoute_Planetary"",""CargoGradeToken"":""@HaulCargo_CargoGrade_Supply"",""ReputationRank"":""@RepStanding_TransportGuild_Rank1"",""MissionMaxSCUSize"":""@FreightElevator_8SCU""}","{""guid"":""ce51c554-5529-41be-a15e-761b45fea837"",""name"":""Rookie"",""minReputation"":50,""nameKey"":""RepStanding_TransportGuild_Rank1"",""includeWhenSharing"":true}",,,false,false,,10,,,,,"[{""resource"":""977fe39d1cc1"",""minSCU"":40,""maxSCU"":56,""maxContainerSize"":8},{""resource"":""c5ab7d0672fd"",""minSCU"":40,""maxSCU"":56,""maxContainerSize"":8}]",,,,,,1,,,1,,,,,,,,,,1,1,
d4eac174-04bf-437b-9595-3fa05e359e07,HaulCargo_AToB_Gas_Hydrogen_Stanton2_SmallGrade,,Hauling - Planetary,,Rookie Rank - Direct Small Cargo Haul,@Covalex_HaulCargo_AToB_title,"Hello,\n\nNeed a contractor for a simple cargo haul going from a freight elevator at <EM4>[LOCATION]</EM4> to a freight elevator at <EM4>[DESTINATION]</EM4>. At most the containers will be <EM4>4 SCU</EM4> in size. \n\nAlso, we strongly encourage contractors to bring a <EM4>handheld tractor beam</EM4> along. \n\nAny chance you’re available to take care of it for us?\n\n[SIGN_OFF]\n\nChase Hewitt\nJr. Logistics Coordinator\nCovalex Shipping  \n'Anything you need, anywhere you need it.'\n\nCovalex Shipping is a limited liability corporation. To encourage timely deliveries and prevent fraud on cargo hauls, Covalex Shipping will set a delivery time limit and upon expiration, any undelivered cargo will be considered stolen and treated as such. Total payment will be prorated according to the percentage of cargo successfully delivered.",@HaulCargo_AtoB_desc,Covalex_HaulCargo_AToB_desc_01,43750,,1,,3b2f7882-73cc-41a4-9dce-f188d927e905,"[""11a4696ac43c"",""15a181728888""]","[""7e6f1702d348""]","{""location"":[{""guid"":""c15033ab-2eb3-4d6d-b882-0cb336e67ed8"",""name"":""Crusader"",""navIcon"":""Planet"",""star"":{""guid"":""34ff378f-faee-47bb-b5fe-f505e665c5ca"",""name"":""Stanton"",""navIcon"":""Star""}}]}","{""CargoRouteToken"":""@HaulCargo_CargoRoute_Planetary"",""CargoGradeToken"":""@HaulCargo_CargoGrade_Small"",""ReputationRank"":""@RepStanding_TransportGuild_Rank1"",""MissionMaxSCUSize"":""@FreightElevator_4SCU""}","{""guid"":""ce51c554-5529-41be-a15e-761b45fea837"",""name"":""Rookie"",""minReputation"":50,""nameKey"":""RepStanding_TransportGuild_Rank1"",""includeWhenSharing"":true}",,,false,false,,5,,,,,"[{""resource"":""e4ce2ac56db8"",""minSCU"":14,""maxSCU"":32,""maxContainerSize"":4}]",,,,,,1,,,1,,,,"[""Stanton""]",,,,,,1,1,
afc02dff-dbd7-4eee-bdd0-0d875a25763d,HaulCargo_AToB_Gas_Oxygen_Stanton_SmallGrade,,Hauling - Stellar,,Rookie Rank - Direct Small Cargo Haul,@Covalex_HaulCargo_AToB_title,"Hello,\n\nNeed a contractor for a simple cargo haul going from a freight elevator at <EM4>[LOCATION]</EM4> to a freight elevator at <EM4>[DESTINATION]</EM4>. At most the containers will be <EM4>4 SCU</EM4> in size. \n\nAlso, we strongly encourage contractors to bring a <EM4>handheld tractor beam</EM4> along. \n\nAny chance you’re available to take care of it for us?\n\n[SIGN_OFF]\n\nChase Hewitt\nJr. Logistics Coordinator\nCovalex Shipping  \n'Anything you need, anywhere you need it.'\n\nCovalex Shipping is a limited liability corporation. To encourage timely deliveries and prevent fraud on cargo hauls, Covalex Shipping will set a delivery time limit and upon expiration, any undelivered cargo will be considered stolen and treated as such. Total payment will be prorated according to the percentage of cargo successfully delivered.",@HaulCargo_AtoB_desc,Covalex_HaulCargo_AToB_desc_01,42250,,1,,3b2f7882-73cc-41a4-9dce-f188d927e905,"[""32d25a8fa1b9""]","[""7c7107f9f580"",""10b299e2ccf9"",""7e6f1702d348"",""0fcc1d84a327"",""32e3bb3ae27a"",""59ce884e5a53"",""8ed6f459e7a4"",""bbd717ea0069""]","{""location"":[{""guid"":""34ff378f-faee-47bb-b5fe-f505e665c5ca"",""name"":""Stanton"",""navIcon"":""Star""}]}","{""CargoRouteToken"":""@HaulCargo_CargoRoute_Solar"",""CargoGradeToken"":""@HaulCargo_CargoGrade_Small"",""ReputationRank"":""@RepStanding_TransportGuild_Rank1"",""MissionMaxSCUSize"":""@FreightElevator_4SCU""}","{""guid"":""ce51c554-5529-41be-a15e-761b45fea837"",""name"":""Rookie"",""minReputation"":50,""nameKey"":""RepStanding_TransportGuild_Rank1"",""includeWhenSharing"":true}",,,false,false,,5,,,,,"[{""resource"":null,""minSCU"":8,""maxSCU"":16,""maxContainerSize"":4}]",,,,,,1,,,1,,,,,,,,,,1,1,
ec5aeda7-8d3e-4405-b8c0-07d5057305aa,HaulCargo_AToB_Gas_Oxygen_Stanton1_SmallGrade,,Hauling - Planetary,,Rookie Rank - Direct Small Cargo Haul,@Covalex_HaulCargo_AToB_title,"Hello,\n\nNeed a contractor for a simple cargo haul going from a freight elevator at <EM4>[LOCATION]</EM4> to a freight elevator at <EM4>[DESTINATION]</EM4>. At most the containers will be <EM4>4 SCU</EM4> in size. \n\nAlso, we strongly encourage contractors to bring a <EM4>handheld tractor beam</EM4> along. \n\nAny chance you’re available to take care of it for us?\n\n[SIGN_OFF]\n\nChase Hewitt\nJr. Logistics Coordinator\nCovalex Shipping  \n'Anything you need, anywhere you need it.'\n\nCovalex Shipping is a limited liability corporation. To encourage timely deliveries and prevent fraud on cargo hauls, Covalex Shipping will set a delivery time limit and upon expiration, any undelivered cargo will be considered stolen and treated as such. Total payment will be prorated according to the percentage of cargo successfully delivered.",@HaulCargo_AtoB_desc,Covalex_HaulCargo_AToB_desc_01,37250,,1,,3b2f7882-73cc-41a4-9dce-f188d927e905,"[""35c3ed47bd36"",""11a4696ac43c"",""e2c9d59de95f"",""15a181728888""]","[""7c7107f9f580"",""32e3bb3ae27a"",""59ce884e5a53"",""bbd717ea0069"",""10b299e2ccf9"",""7e6f1702d348"",""0fcc1d84a327"",""8ed6f459e7a4""]","{""location"":[{""guid"":""551af60b-7727-4936-acc7-763d25d7a1de"",""name"":""Hurston"",""navIcon"":""Planet"",""star"":{""guid"":""34ff378f-faee-47bb-b5fe-f505e665c5ca"",""name"":""Stanton"",""navIcon"":""Star""}}]}","{""CargoRouteToken"":""@HaulCargo_CargoRoute_Planetary"",""CargoGradeToken"":""@HaulCargo_CargoGrade_Small"",""ReputationRank"":""@RepStanding_TransportGuild_Rank1"",""MissionMaxSCUSize"":""@FreightElevator_4SCU""}","{""guid"":""ce51c554-5529-41be-a15e-761b45fea837"",""name"":""Rookie"",""minReputation"":50,""nameKey"":""RepStanding_TransportGuild_Rank1"",""includeWhenSharing"":true}",,,false,false,,5,,,,,"[{""resource"":null,""minSCU"":8,""maxSCU"":16,""maxContainerSize"":4}]",,,,,,1,,,1,,,,"[""Stanton""]",,,,,,1,1,
928c9317-d1ed-4ea9-979c-1e8cac7b1ca1,HaulCargo_AToB_Processed_AgriculturalSupplies_Stanton_SmallGrade,,Hauling - Stellar,,Rookie Rank - Direct Small Cargo Haul,@Covalex_HaulCargo_AToB_title,"Hello,\n\nNeed a contractor for a simple cargo haul going from a freight elevator at <EM4>[LOCATION]</EM4> to a freight elevator at <EM4>[DESTINATION]</EM4>. At most the containers will be <EM4>4 SCU</EM4> in size. \n\nAlso, we strongly encourage contractors to bring a <EM4>handheld tractor beam</EM4> along. \n\nAny chance you’re available to take care of it for us?\n\n[SIGN_OFF]\n\nChase Hewitt\nJr. Logistics Coordinator\nCovalex Shipping  \n'Anything you need, anywhere you need it.'\n\nCovalex Shipping is a limited liability corporation. To encourage timely deliveries and prevent fraud on cargo hauls, Covalex Shipping will set a delivery time limit and upon expiration, any undelivered cargo will be considered stolen and treated as such. Total payment will be prorated according to the percentage of cargo successfully delivered.",@HaulCargo_AtoB_desc,Covalex_HaulCargo_AToB_desc_01,41750,,1,,3b2f7882-73cc-41a4-9dce-f188d927e905,"[""32d25a8fa1b9""]","[""835233495c33"",""ef0e5e890240"",""36a4d07f5ba6"",""7e6f1702d348"",""6b6ebf6490bf"",""db17a1be6e86"",""d9dc3fbda8f0"",""6e9a35b86327"",""d819ce4e66cf"",""0ded966e2152"",""e63d2da1ad36"",""3cab6cb3c9c7"",""945cda2742a2"",""d56b03ec64ca"",""ed41cf58772b"",""e1f1c2a722d5"",""0c19e0494d99"",""b078bb43496c"",""16a67e996f29"",""2e8a69953ce4"",""de212bfbf4b5""]","{""location"":[{""guid"":""34ff378f-faee-47bb-b5fe-f505e665c5ca"",""name"":""Stanton"",""navIcon"":""Star""}]}","{""CargoRouteToken"":""@HaulCargo_CargoRoute_Solar"",""CargoGradeToken"":""@HaulCargo_CargoGrade_Small"",""ReputationRank"":""@RepStanding_TransportGuild_Rank1"",""MissionMaxSCUSize"":""@FreightElevator_4SCU""}","{""guid"":""ce51c554-5529-41be-a15e-761b45fea837"",""name"":""Rookie"",""minReputation"":50,""nameKey"":""RepStanding_TransportGuild_Rank1"",""includeWhenSharing"":true}",,,false,false,,5,,,,,"[{""resource"":""7b27b1113342"",""minSCU"":8,""maxSCU"":16,""maxContainerSize"":4}]",,,,,,1,,,1,,,,"[""Pyro"",""Stanton""]",,,,,,1,1,
4327d2a4-a19d-4fcb-960a-acd9194b266a,HaulCargo_AToB_Processed_AgriculturalSupplies_Stanton2_SmallGrade,,Hauling - Planetary,,Rookie Rank - Direct Small Cargo Haul,@Covalex_HaulCargo_AToB_title,"Hello,\n\nNeed a contractor for a simple cargo haul going from a freight elevator at <EM4>[LOCATION]</EM4> to a freight elevator at <EM4>[DESTINATION]</EM4>. At most the containers will be <EM4>4 SCU</EM4> in size. \n\nAlso, we strongly encourage contractors to bring a <EM4>handheld tractor beam</EM4> along. \n\nAny chance you’re available to take care of it for us?\n\n[SIGN_OFF]\n\nChase Hewitt\nJr. Logistics Coordinator\nCovalex Shipping  \n'Anything you need, anywhere you need it.'\n\nCovalex Shipping is a limited liability corporation. To encourage timely deliveries and prevent fraud on cargo hauls, Covalex Shipping will set a delivery time limit and upon expiration, any undelivered cargo will be considered stolen and treated as such. Total payment will be prorated according to the percentage of cargo successfully delivered.",@HaulCargo_AtoB_desc,Covalex_HaulCargo_AToB_desc_01,34500,,1,,3b2f7882-73cc-41a4-9dce-f188d927e905,"[""826e7730f4b1"",""f2d7471c5237"",""377f888147ba"",""3da7101c169c"",""b4de9ffe26a6"",""90cb841eed0e"",""b0119de4651d"",""35612a2f1355"",""edb2b26535cf""]","[""835233495c33"",""ef0e5e890240"",""36a4d07f5ba6"",""7e6f1702d348"",""6b6ebf6490bf"",""db17a1be6e86"",""d9dc3fbda8f0"",""6e9a35b86327"",""d819ce4e66cf"",""0ded966e2152"",""e63d2da1ad36"",""3cab6cb3c9c7"",""945cda2742a2"",""d56b03ec64ca"",""ed41cf58772b"",""e1f1c2a722d5"",""0c19e0494d99"",""b078bb43496c"",""16a67e996f29"",""2e8a69953ce4"",""de212bfbf4b5""]","{""location"":[{""guid"":""c15033ab-2eb3-4d6d-b882-0cb336e67ed8"",""name"":""Crusader"",""navIcon"":""Planet"",""star"":{""guid"":""34ff378f-faee-47bb-b5fe-f505e665c5ca"",""name"":""Stanton"",""navIcon"":""Star""}}]}","{""CargoRouteToken"":""@HaulCargo_CargoRoute_Planetary"",""CargoGradeToken"":""@HaulCargo_CargoGrade_Small"",""ReputationRank"":""@RepStanding_TransportGuild_Rank1"",""MissionMaxSCUSize"":""@FreightElevator_4SCU""}","{""guid"":""ce51c554-5529-41be-a15e-761b45fea837"",""name"":""Rookie"",""minReputation"":50,""nameKey"":""RepStanding_TransportGuild_Rank1"",""includeWhenSharing"":true}",,,false,false,,5,,,,,"[{""resource"":""7b27b1113342"",""minSCU"":8,""maxSCU"":16,""maxContainerSize"":4}]",,,,,,1,,,1,,,,"[""Pyro"",""Stanton""]",,,,,,1,1,
87efa5f4-d6f4-4b26-a51c-85dc1fac6266,HaulCargo_AToB_Processed_AgriculturalSupplies_Stanton2_SmallGrade1,,Hauling - Planetary,,Rookie Rank - Direct Small Cargo Haul,@Covalex_HaulCargo_AToB_title,"Hello,\n\nNeed a contractor for a simple cargo haul going from a freight elevator at <EM4>[LOCATION]</EM4> to a freight elevator at <EM4>[DESTINATION]</EM4>. At most the containers will be <EM4>4 SCU</EM4> in size. \n\nAlso, we strongly encourage contractors to bring a <EM4>handheld tractor beam</EM4> along. \n\nAny chance you’re available to take care of it for us?\n\n[SIGN_OFF]\n\nChase Hewitt\nJr. Logistics Coordinator\nCovalex Shipping  \n'Anything you need, anywhere you need it.'\n\nCovalex Shipping is a limited liability corporation. To encourage timely deliveries and prevent fraud on cargo hauls, Covalex Shipping will set a delivery time limit and upon expiration, any undelivered cargo will be considered stolen and treated as such. Total payment will be prorated according to the percentage of cargo successfully delivered.",@HaulCargo_AtoB_desc,Covalex_HaulCargo_AToB_desc_01,37250,,1,,3b2f7882-73cc-41a4-9dce-f188d927e905,"[""11a4696ac43c"",""15a181728888""]","[""d56b03ec64ca"",""0c19e0494d99"",""7e6f1702d348""]","{""location"":[{""guid"":""c15033ab-2eb3-4d6d-b882-0cb336e67ed8"",""name"":""Crusader"",""navIcon"":""Planet"",""star"":{""guid"":""34ff378f-faee-47bb-b5fe-f505e665c5ca"",""name"":""Stanton"",""navIcon"":""Star""}}]}","{""CargoRouteToken"":""@HaulCargo_CargoRoute_Planetary"",""CargoGradeToken"":""@HaulCargo_CargoGrade_Small"",""ReputationRank"":""@RepStanding_TransportGuild_Rank1"",""MissionMaxSCUSize"":""@FreightElevator_4SCU""}","{""guid"":""ce51c554-5529-41be-a15e-761b45fea837"",""name"":""Rookie"",""minReputation"":50,""nameKey"":""RepStanding_TransportGuild_Rank1"",""includeWhenSharing"":true}",,,false,false,,5,,,,,"[{""resource"":""7b27b1113342"",""minSCU"":8,""maxSCU"":16,""maxContainerSize"":4}]",,,,,,1,,,1,,,,"[""Stanton""]",,,,,,1,1,
9b62c553-1b80-48da-9777-29221a2de172,HaulCargo_AToB_Processed_AgriculturalSupplies_Stanton4_SmallGrade2,,Hauling - Planetary,,Rookie Rank - Direct Small Cargo Haul,@Covalex_HaulCargo_AToB_title,"Hello,\n\nNeed a contractor for a simple cargo haul going from a freight elevator at <EM4>[LOCATION]</EM4> to a freight elevator at <EM4>[DESTINATION]</EM4>. At most the containers will be <EM4>4 SCU</EM4> in size. \n\nAlso, we strongly encourage contractors to bring a <EM4>handheld tractor beam</EM4> along. \n\nAny chance you’re available to take care of it for us?\n\n[SIGN_OFF]\n\nChase Hewitt\nJr. Logistics Coordinator\nCovalex Shipping  \n'Anything you need, anywhere you need it.'\n\nCovalex Shipping is a limited liability corporation. To encourage timely deliveries and prevent fraud on cargo hauls, Covalex Shipping will set a delivery time limit and upon expiration, any undelivered cargo will be considered stolen and treated as such. Total payment will be prorated according to the percentage of cargo successfully delivered.",@HaulCargo_AtoB_desc,Covalex_HaulCargo_AToB_desc_01,45000,,1,,3b2f7882-73cc-41a4-9dce-f188d927e905,"[""33fb69c82e7b"",""7835df714e97"",""344489ef2811"",""5cd7f648cb37"",""cdb0b3a60f0a"",""761b9df55b2f"",""3089bd5b242c"",""e63f435dad19"",""a2526a698135"",""0d2b87d23586""]","[""835233495c33"",""ef0e5e890240"",""36a4d07f5ba6"",""7e6f1702d348"",""6b6ebf6490bf"",""db17a1be6e86"",""d9dc3fbda8f0"",""6e9a35b86327"",""d819ce4e66cf"",""0ded966e2152"",""e63d2da1ad36"",""3cab6cb3c9c7"",""945cda2742a2"",""d56b03ec64ca"",""ed41cf58772b"",""e1f1c2a722d5"",""0c19e0494d99"",""b078bb43496c"",""16a67e996f29"",""2e8a69953ce4"",""de212bfbf4b5""]","{""location"":[{""guid"":""5a529db7-1a4e-45b0-bdcb-a5a0c7a7fc57"",""name"":""microTech"",""navIcon"":""Planet"",""star"":{""guid"":""34ff378f-faee-47bb-b5fe-f505e665c5ca"",""name"":""Stanton"",""navIcon"":""Star""}}]}","{""CargoRouteToken"":""@HaulCargo_CargoRoute_Planetary"",""CargoGradeToken"":""@HaulCargo_CargoGrade_Small"",""ReputationRank"":""@RepStanding_TransportGuild_Rank1"",""MissionMaxSCUSize"":""@FreightElevator_4SCU""}","{""guid"":""ce51c554-5529-41be-a15e-761b45fea837"",""name"":""Rookie"",""minReputation"":50,""nameKey"":""RepStanding_TransportGuild_Rank1"",""includeWhenSharing"":true}",,,false,false,,5,,,,,"[{""resource"":""7b27b1113342"",""minSCU"":8,""maxSCU"":16,""maxContainerSize"":4}]",,,,,,1,,,1,,,,"[""Pyro"",""Stanton""]",,,,,,1,1,
c511cdda-0d01-49ec-a7ed-88723ebc2e59,HaulCargo_AToB_Processed_Mixed_PressIceProcFood_Stanton1_SmallGrade,,Hauling - Planetary,,Rookie Rank - Direct Small Cargo Haul,@Covalex_HaulCargo_AToB_title,"Hello,\n\nNeed a contractor for a simple cargo haul going from a freight elevator at <EM4>[LOCATION]</EM4> to a freight elevator at <EM4>[DESTINATION]</EM4>. At most the containers will be <EM4>4 SCU</EM4> in size. \n\nAlso, we strongly encourage contractors to bring a <EM4>handheld tractor beam</EM4> along. \n\nAny chance you’re available to take care of it for us?\n\n[SIGN_OFF]\n\nChase Hewitt\nJr. Logistics Coordinator\nCovalex Shipping  \n'Anything you need, anywhere you need it.'\n\nCovalex Shipping is a limited liability corporation. To encourage timely deliveries and prevent fraud on cargo hauls, Covalex Shipping will set a delivery time limit and upon expiration, any undelivered cargo will be considered stolen and treated as such. Total payment will be prorated according to the percentage of cargo successfully delivered.",@HaulCargo_AtoB_desc,Covalex_HaulCargo_AToB_desc_01,43750,,1,,3b2f7882-73cc-41a4-9dce-f188d927e905,"[""35c3ed47bd36"",""15a181728888""]","[""cdbe5c5a9cc4"",""7c7107f9f580"",""10b299e2ccf9"",""7e6f1702d348"",""4c989742e9ab"",""a135f4e98ad2"",""e95b4a8986f3"",""581b65066988"",""cc76fc07b471"",""b59e5f3521ad"",""0fcc1d84a327"",""32e3bb3ae27a"",""018f9a8014f4"",""d56b03ec64ca"",""b3580d2b56f8"",""360e510ac13b"",""f6d49b8ef987"",""269b504a4b6b"",""baff0c674b66"",""afc85b274a27"",""59ce884e5a53"",""8ed6f459e7a4"",""51c7fcbf4b91"",""cd6ab6ce61a7"",""4a0bccec3491"",""f14fda6625d9"",""02c36d96275b"",""4411e7a6a465"",""bbd717ea0069"",""757b267eceb1"",""e242eae00bfc"",""aef2b32d2479"",""ef0e5e890240"",""dba6f40b52a0"",""84355f2b6158"",""99f42c1cf91f"",""4ea94651f661"",""5992d6926718"",""34b3eeecd6d2"",""44282c75228d"",""018d85504640"",""045624ecf3ed"",""d9dc3fbda8f0"",""667f49ab8f80"",""6e9a35b86327"",""0e706a121005"",""79cc2b9ecbae"",""6d540401a482"",""3644c6b823f3"",""3cab6cb3c9c7"",""1103fb160dd6"",""c541444e38cb"",""fdefa8299d0b"",""ed41cf58772b"",""e1f1c2a722d5"",""cc7b55cdb1bf"",""a665ee0ac6de"",""b078bb43496c"",""f80fc0a34790"",""b99d01bd4712"",""c7bb4a68ec1c"",""abb192889356"",""1ad31cfb44e5"",""2e8a69953ce4"",""b6b85246fc3f"",""49b9a33a59f3"",""889e7b4f710f"",""ac581b7b935a"",""b48a0175f686""]","{""location"":[{""guid"":""551af60b-7727-4936-acc7-763d25d7a1de"",""name"":""Hurston"",""navIcon"":""Planet"",""star"":{""guid"":""34ff378f-faee-47bb-b5fe-f505e665c5ca"",""name"":""Stanton"",""navIcon"":""Star""}}]}","{""CargoRouteToken"":""@HaulCargo_CargoRoute_Planetary"",""CargoGradeToken"":""@HaulCargo_CargoGrade_Small"",""ReputationRank"":""@RepStanding_TransportGuild_Rank1"",""MissionMaxSCUSize"":""@FreightElevator_4SCU""}","{""guid"":""ce51c554-5529-41be-a15e-761b45fea837"",""name"":""Rookie"",""minReputation"":50,""nameKey"":""RepStanding_TransportGuild_Rank1"",""includeWhenSharing"":true}",,,false,false,,5,,,,,"[{""resource"":""6bc315f54d54"",""minSCU"":7,""maxSCU"":16,""maxContainerSize"":4},{""resource"":""b791e5d84f22"",""minSCU"":7,""maxSCU"":16,""maxContainerSize"":4}]",,,,,,1,,,1,,,,"[""Stanton""]",,,,,,1,1,
fa0150eb-6148-45ec-b003-d97eed746347,HaulCargo_AToB_Processed_Mixed_PressIceProcFood_Stanton1_SmallGrade1,,Hauling - Stellar,,Rookie Rank - Direct Small Cargo Haul,@Covalex_HaulCargo_AToB_title,"Hello,\n\nNeed a contractor for a simple cargo haul going from a freight elevator at <EM4>[LOCATION]</EM4> to a freight elevator at <EM4>[DESTINATION]</EM4>. At most the containers will be <EM4>4 SCU</EM4> in size. \n\nAlso, we strongly encourage contractors to bring a <EM4>handheld tractor beam</EM4> along. \n\nAny chance you’re available to take care of it for us?\n\n[SIGN_OFF]\n\nChase Hewitt\nJr. Logistics Coordinator\nCovalex Shipping  \n'Anything you need, anywhere you need it.'\n\nCovalex Shipping is a limited liability corporation. To encourage timely deliveries and prevent fraud on cargo hauls, Covalex Shipping will set a delivery time limit and upon expiration, any undelivered cargo will be considered stolen and treated as such. Total payment will be prorated according to the percentage of cargo successfully delivered.",@HaulCargo_AtoB_desc,Covalex_HaulCargo_AToB_desc_01,41500,,1,,3b2f7882-73cc-41a4-9dce-f188d927e905,,"[""e95b4a8986f3"",""b59e5f3521ad"",""b3580d2b56f8"",""4411e7a6a465"",""757b267eceb1""]","{""location"":null}","{""CargoRouteToken"":""@HaulCargo_CargoRoute_Solar"",""CargoGradeToken"":""@HaulCargo_CargoGrade_Small"",""ReputationRank"":""@RepStanding_TransportGuild_Rank1"",""MissionMaxSCUSize"":""@FreightElevator_4SCU""}","{""guid"":""ce51c554-5529-41be-a15e-761b45fea837"",""name"":""Rookie"",""minReputation"":50,""nameKey"":""RepStanding_TransportGuild_Rank1"",""includeWhenSharing"":true}",,,false,false,,5,,,,,"[{""resource"":""6bc315f54d54"",""minSCU"":7,""maxSCU"":16,""maxContainerSize"":4},{""resource"":""b791e5d84f22"",""minSCU"":7,""maxSCU"":16,""maxContainerSize"":4}]",,,,,,1,,,1,,,,,,,,,,1,1,
bf29ab28-f31a-4a24-ba07-47906fd51386,HaulCargo_AToB_Processed_Mixed_PressIceProcFood_Stanton2_SmallGrade,,Hauling - Stellar,,Rookie Rank - Direct Small Cargo Haul,@Covalex_HaulCargo_AToB_title,"Hi, \n\nLooks like Orison needs another resupply of processed food and pressurized ice. They have this stuff on a standard delivery schedule but they just requested a shipment as soon as possible.  \n\nAre you available to make the run? The stuff (<EM4>4 SCU containers</EM4> or smaller) is waiting to be picked up from a freight elevator at <EM4>[LOCATION]</EM4>. Should be a quick and easy run for you to a freight elevator at <EM4>[DESTINATION]</EM4>. \n\nBy the way, we strongly encourage contractors to bring a <EM4>handheld tractor beam</EM4> along.   \n\nThanks in advance for ensuring prompt service,\n\nChase Hewitt\nJr. Logistics Coordinator\nCovalex Shipping  \n'Anything you need, anywhere you need it.'\n\nCovalex Shipping is a limited liability corporation. To encourage timely deliveries and prevent fraud on cargo hauls, Covalex Shipping will set a delivery time limit and upon expiration, any undelivered cargo will be considered stolen and treated as such. Total payment will be prorated according to the percentage of cargo successfully delivered.",@Covalex_HaulCargo_AtoB_desc_ProcessedFood_Stanton2,Covalex_HaulCargo_AtoB_desc_ProcessedFood_Stanton2,40750,,1,,3b2f7882-73cc-41a4-9dce-f188d927e905,,"[""a135f4e98ad2"",""4a0bccec3491"",""02c36d96275b""]","{""location"":null}","{""CargoRouteToken"":""@HaulCargo_CargoRoute_Solar"",""CargoGradeToken"":""@HaulCargo_CargoGrade_Small"",""ReputationRank"":""@RepStanding_TransportGuild_Rank1"",""MissionMaxSCUSize"":""@FreightElevator_4SCU""}","{""guid"":""ce51c554-5529-41be-a15e-761b45fea837"",""name"":""Rookie"",""minReputation"":50,""nameKey"":""RepStanding_TransportGuild_Rank1"",""includeWhenSharing"":true}",,,false,false,,5,,,,,"[{""resource"":""6bc315f54d54"",""minSCU"":7,""maxSCU"":16,""maxContainerSize"":4},{""resource"":""b791e5d84f22"",""minSCU"":7,""maxSCU"":16,""maxContainerSize"":4}]",,,,,,1,,,1,,,,,,,,,,1,1,
ac4b8de7-d42e-4874-96d5-adabba67da73,HaulCargo_AToB_Processed_Mixed_PressIceProcFood_Stanton3_SmallGrade,,Hauling - Stellar,,Rookie Rank - Direct Small Cargo Haul,@Covalex_HaulCargo_AToB_title,"Hello,\n\nNeed a contractor for a simple cargo haul going from a freight elevator at <EM4>[LOCATION]</EM4> to a freight elevator at <EM4>[DESTINATION]</EM4>. At most the containers will be <EM4>4 SCU</EM4> in size. \n\nAlso, we strongly encourage contractors to bring a <EM4>handheld tractor beam</EM4> along. \n\nAny chance you’re available to take care of it for us?\n\n[SIGN_OFF]\n\nChase Hewitt\nJr. Logistics Coordinator\nCovalex Shipping  \n'Anything you need, anywhere you need it.'\n\nCovalex Shipping is a limited liability corporation. To encourage timely deliveries and prevent fraud on cargo hauls, Covalex Shipping will set a delivery time limit and upon expiration, any undelivered cargo will be considered stolen and treated as such. Total payment will be prorated according to the percentage of cargo successfully delivered.",@HaulCargo_AtoB_desc,Covalex_HaulCargo_AToB_desc_01,45500,,1,,3b2f7882-73cc-41a4-9dce-f188d927e905,,"[""cdbe5c5a9cc4"",""581b65066988"",""360e510ac13b"",""baff0c674b66"",""cd6ab6ce61a7""]","{""location"":null}","{""CargoRouteToken"":""@HaulCargo_CargoRoute_Solar"",""CargoGradeToken"":""@HaulCargo_CargoGrade_Small"",""ReputationRank"":""@RepStanding_TransportGuild_Rank1"",""MissionMaxSCUSize"":""@FreightElevator_4SCU""}","{""guid"":""ce51c554-5529-41be-a15e-761b45fea837"",""name"":""Rookie"",""minReputation"":50,""nameKey"":""RepStanding_TransportGuild_Rank1"",""includeWhenSharing"":true}",,,false,false,,5,,,,,"[{""resource"":""6bc315f54d54"",""minSCU"":7,""maxSCU"":16,""maxContainerSize"":4},{""resource"":""b791e5d84f22"",""minSCU"":7,""maxSCU"":16,""maxContainerSize"":4}]",,,,,,1,,,1,,,,,,,,,,1,1,
86432180-5242-42ca-9108-c2681ac28a52,HaulCargo_AToB_Processed_PressurizedIce_Stanton3_SmallGrade,,Hauling - Planetary,,Rookie Rank - Direct Small Cargo Haul,@Covalex_HaulCargo_AToB_title,"Hello,\n\nNeed a contractor for a simple cargo haul going from a freight elevator at <EM4>[LOCATION]</EM4> to a freight elevator at <EM4>[DESTINATION]</EM4>. At most the containers will be <EM4>4 SCU</EM4> in size. \n\nAlso, we strongly encourage contractors to bring a <EM4>handheld tractor beam</EM4> along. \n\nAny chance you’re available to take care of it for us?\n\n[SIGN_OFF]\n\nChase Hewitt\nJr. Logistics Coordinator\nCovalex Shipping  \n'Anything you need, anywhere you need it.'\n\nCovalex Shipping is a limited liability corporation. To encourage timely deliveries and prevent fraud on cargo hauls, Covalex Shipping will set a delivery time limit and upon expiration, any undelivered cargo will be considered stolen and treated as such. Total payment will be prorated according to the percentage of cargo successfully delivered.",@HaulCargo_AtoB_desc,Covalex_HaulCargo_AToB_desc_01,43750,,1,,3b2f7882-73cc-41a4-9dce-f188d927e905,"[""e2c9d59de95f""]","[""10b299e2ccf9""]","{""location"":[{""guid"":""35a9f8f5-8f80-4796-83db-7d7362baeb9a"",""name"":""ArcCorp"",""navIcon"":""Planet"",""star"":{""guid"":""34ff378f-faee-47bb-b5fe-f505e665c5ca"",""name"":""Stanton"",""navIcon"":""Star""}}]}","{""CargoRouteToken"":""@HaulCargo_CargoRoute_Planetary"",""CargoGradeToken"":""@HaulCargo_CargoGrade_Small"",""ReputationRank"":""@RepStanding_TransportGuild_Rank1"",""MissionMaxSCUSize"":""@FreightElevator_4SCU""}","{""guid"":""ce51c554-5529-41be-a15e-761b45fea837"",""name"":""Rookie"",""minReputation"":50,""nameKey"":""RepStanding_TransportGuild_Rank1"",""includeWhenSharing"":true}",,,false,false,,60,,,,,"[{""resource"":""6bc315f54d54"",""minSCU"":14,""maxSCU"":32,""maxContainerSize"":4}]",,,,,,1,,,1,,,,"[""Stanton""]",,,,,,1,1,
cc17910b-fe1d-4684-a0fc-264f0ad3a134,HaulCargo_AToB_Processed_Stims_Stanton1_SmallGrade,,Hauling - Planetary,,Rookie Rank - Direct Small Cargo Haul,@Covalex_HaulCargo_AToB_title,"Hello,\n\nNeed a contractor for a simple cargo haul going from a freight elevator at <EM4>[LOCATION]</EM4> to a freight elevator at <EM4>[DESTINATION]</EM4>. At most the containers will be <EM4>4 SCU</EM4> in size. \n\nAlso, we strongly encourage contractors to bring a <EM4>handheld tractor beam</EM4> along. \n\nAny chance you’re available to take care of it for us?\n\n[SIGN_OFF]\n\nChase Hewitt\nJr. Logistics Coordinator\nCovalex Shipping  \n'Anything you need, anywhere you need it.'\n\nCovalex Shipping is a limited liability corporation. To encourage timely deliveries and prevent fraud on cargo hauls, Covalex Shipping will set a delivery time limit and upon expiration, any undelivered cargo will be considered stolen and treated as such. Total payment will be prorated according to the percentage of cargo successfully delivered.",@HaulCargo_AtoB_desc,Covalex_HaulCargo_AToB_desc_01,37250,,1,,3b2f7882-73cc-41a4-9dce-f188d927e905,"[""35c3ed47bd36"",""15a181728888""]","[""7c7107f9f580"",""4c989742e9ab"",""59ce884e5a53"",""bbd717ea0069"",""7e6f1702d348"",""cc76fc07b471"",""0fcc1d84a327"",""269b504a4b6b"",""8ed6f459e7a4"",""e242eae00bfc"",""aef2b32d2479"",""c38446d75efc"",""ef0e5e890240"",""dba6f40b52a0"",""84355f2b6158"",""99f42c1cf91f"",""4ea94651f661"",""5992d6926718"",""34b3eeecd6d2"",""44282c75228d"",""018d85504640"",""045624ecf3ed"",""d9dc3fbda8f0"",""7a1dafeca23f"",""667f49ab8f80"",""6e9a35b86327"",""0e706a121005"",""79cc2b9ecbae"",""6d540401a482"",""3644c6b823f3"",""3cab6cb3c9c7"",""1103fb160dd6"",""c541444e38cb"",""fdefa8299d0b"",""ed41cf58772b"",""e1f1c2a722d5"",""cc7b55cdb1bf"",""a665ee0ac6de"",""b078bb43496c"",""f80fc0a34790"",""b99d01bd4712"",""c7bb4a68ec1c"",""abb192889356"",""1ad31cfb44e5"",""2e8a69953ce4"",""b6b85246fc3f"",""49b9a33a59f3"",""889e7b4f710f"",""ac581b7b935a"",""b48a0175f686""]","{""location"":[{""guid"":""551af60b-7727-4936-acc7-763d25d7a1de"",""name"":""Hurston"",""navIcon"":""Planet"",""star"":{""guid"":""34ff378f-faee-47bb-b5fe-f505e665c5ca"",""name"":""Stanton"",""navIcon"":""Star""}}]}","{""CargoRouteToken"":""@HaulCargo_CargoRoute_Planetary"",""CargoGradeToken"":""@HaulCargo_CargoGrade_Small"",""ReputationRank"":""@RepStanding_TransportGuild_Rank1"",""MissionMaxSCUSize"":""@FreightElevator_4SCU""}","{""guid"":""ce51c554-5529-41be-a15e-761b45fea837"",""name"":""Rookie"",""minReputation"":50,""nameKey"":""RepStanding_TransportGuild_Rank1"",""includeWhenSharing"":true}",,,false,false,,5,,,,,"[{""resource"":""33ac9b2f41af"",""minSCU"":8,""maxSCU"":16,""maxContainerSize"":4}]",,,,,,1,,,1,,,,"[""Stanton""]",,,,,,1,1,
f2cd346d-0339-4f42-adb2-407916037c51,HaulCargo_AToB_Processed_Stims_Stanton1_SmallGrade1,,Hauling - Stellar,,Rookie Rank - Direct Small Cargo Haul,@Covalex_HaulCargo_AToB_title,"Hello,\n\nNeed a contractor for a simple cargo haul going from a freight elevator at <EM4>[LOCATION]</EM4> to a freight elevator at <EM4>[DESTINATION]</EM4>. At most the containers will be <EM4>4 SCU</EM4> in size. \n\nAlso, we strongly encourage contractors to bring a <EM4>handheld tractor beam</EM4> along. \n\nAny chance you’re available to take care of it for us?\n\n[SIGN_OFF]\n\nChase Hewitt\nJr. Logistics Coordinator\nCovalex Shipping  \n'Anything you need, anywhere you need it.'\n\nCovalex Shipping is a limited liability corporation. To encourage timely deliveries and prevent fraud on cargo hauls, Covalex Shipping will set a delivery time limit and upon expiration, any undelivered cargo will be considered stolen and treated as such. Total payment will be prorated according to the percentage of cargo successfully delivered.",@HaulCargo_AtoB_desc,Covalex_HaulCargo_AToB_desc_01,35500,,1,,3b2f7882-73cc-41a4-9dce-f188d927e905,,"[""e95b4a8986f3"",""b59e5f3521ad"",""b3580d2b56f8"",""4411e7a6a465"",""757b267eceb1""]","{""location"":null}","{""CargoRouteToken"":""@HaulCargo_CargoRoute_Solar"",""CargoGradeToken"":""@HaulCargo_CargoGrade_Small"",""ReputationRank"":""@RepStanding_TransportGuild_Rank1"",""MissionMaxSCUSize"":""@FreightElevator_4SCU""}","{""guid"":""ce51c554-5529-41be-a15e-761b45fea837"",""name"":""Rookie"",""minReputation"":50,""nameKey"":""RepStanding_TransportGuild_Rank1"",""includeWhenSharing"":true}",,,false,false,,5,,,,,"[{""resource"":""33ac9b2f41af"",""minSCU"":8,""maxSCU"":16,""maxContainerSize"":4}]",,,,,,1,,,1,,,,,,,,,,1,1,
8f957107-3a35-4471-9b8f-534195aab758,HaulCargo_AToB_Processed_Stims_Stanton2_SmallGrade,,Hauling - Stellar,,Rookie Rank - Direct Small Cargo Haul,@Covalex_HaulCargo_AToB_title,"Hello,\n\nNeed a contractor for a simple cargo haul going from a freight elevator at <EM4>[LOCATION]</EM4> to a freight elevator at <EM4>[DESTINATION]</EM4>. At most the containers will be <EM4>4 SCU</EM4> in size. \n\nAlso, we strongly encourage contractors to bring a <EM4>handheld tractor beam</EM4> along. \n\nAny chance you’re available to take care of it for us?\n\n[SIGN_OFF]\n\nChase Hewitt\nJr. Logistics Coordinator\nCovalex Shipping  \n'Anything you need, anywhere you need it.'\n\nCovalex Shipping is a limited liability corporation. To encourage timely deliveries and prevent fraud on cargo hauls, Covalex Shipping will set a delivery time limit and upon expiration, any undelivered cargo will be considered stolen and treated as such. Total payment will be prorated according to the percentage of cargo successfully delivered.",@HaulCargo_AtoB_desc,Covalex_HaulCargo_AToB_desc_01,34750,,1,,3b2f7882-73cc-41a4-9dce-f188d927e905,,"[""a135f4e98ad2"",""4a0bccec3491"",""02c36d96275b""]","{""location"":null}","{""CargoRouteToken"":""@HaulCargo_CargoRoute_Solar"",""CargoGradeToken"":""@HaulCargo_CargoGrade_Small"",""ReputationRank"":""@RepStanding_TransportGuild_Rank1"",""MissionMaxSCUSize"":""@FreightElevator_4SCU""}","{""guid"":""ce51c554-5529-41be-a15e-761b45fea837"",""name"":""Rookie"",""minReputation"":50,""nameKey"":""RepStanding_TransportGuild_Rank1"",""includeWhenSharing"":true}",,,false,false,,5,,,,,"[{""resource"":""33ac9b2f41af"",""minSCU"":8,""maxSCU"":16,""maxContainerSize"":4}]",,,,,,1,,,1,,,,,,,,,,1,1,
3f6322d0-1873-480d-9f8f-3c9a6cf55ef5,HaulCargo_AToB_Processed_Stims_Stanton3_SmallGrade,,Hauling - Stellar,,Rookie Rank - Direct Small Cargo Haul,@Covalex_HaulCargo_AToB_title,"Hello,\n\nNeed a contractor for a simple cargo haul going from a freight elevator at <EM4>[LOCATION]</EM4> to a freight elevator at <EM4>[DESTINATION]</EM4>. At most the containers will be <EM4>4 SCU</EM4> in size. \n\nAlso, we strongly encourage contractors to bring a <EM4>handheld tractor beam</EM4> along. \n\nAny chance you’re available to take care of it for us?\n\n[SIGN_OFF]\n\nChase Hewitt\nJr. Logistics Coordinator\nCovalex Shipping  \n'Anything you need, anywhere you need it.'\n\nCovalex Shipping is a limited liability corporation. To encourage timely deliveries and prevent fraud on cargo hauls, Covalex Shipping will set a delivery time limit and upon expiration, any undelivered cargo will be considered stolen and treated as such. Total payment will be prorated according to the percentage of cargo successfully delivered.",@HaulCargo_AtoB_desc,Covalex_HaulCargo_AToB_desc_01,40250,,1,,3b2f7882-73cc-41a4-9dce-f188d927e905,,"[""cdbe5c5a9cc4"",""581b65066988"",""360e510ac13b"",""baff0c674b66"",""cd6ab6ce61a7""]","{""location"":null}","{""CargoRouteToken"":""@HaulCargo_CargoRoute_Solar"",""CargoGradeToken"":""@HaulCargo_CargoGrade_Small"",""ReputationRank"":""@RepStanding_TransportGuild_Rank1"",""MissionMaxSCUSize"":""@FreightElevator_4SCU""}","{""guid"":""ce51c554-5529-41be-a15e-761b45fea837"",""name"":""Rookie"",""minReputation"":50,""nameKey"":""RepStanding_TransportGuild_Rank1"",""includeWhenSharing"":true}",,,false,false,,5,,,,,"[{""resource"":""33ac9b2f41af"",""minSCU"":8,""maxSCU"":16,""maxContainerSize"":4}]",,,,,,1,,,1,,,,,,,,,,1,1,
aaa3db93-85ff-41c1-a8b3-d5e6b4e94265,HaulCargo_AToB_Processed_Stims_Stanton4_SmallGrade2,,Hauling - Stellar,,Rookie Rank - Direct Small Cargo Haul,@Covalex_HaulCargo_AToB_title,"Hello,\n\nNeed a contractor for a simple cargo haul going from a freight elevator at <EM4>[LOCATION]</EM4> to a freight elevator at <EM4>[DESTINATION]</EM4>. At most the containers will be <EM4>4 SCU</EM4> in size. \n\nAlso, we strongly encourage contractors to bring a <EM4>handheld tractor beam</EM4> along. \n\nAny chance you’re available to take care of it for us?\n\n[SIGN_OFF]\n\nChase Hewitt\nJr. Logistics Coordinator\nCovalex Shipping  \n'Anything you need, anywhere you need it.'\n\nCovalex Shipping is a limited liability corporation. To encourage timely deliveries and prevent fraud on cargo hauls, Covalex Shipping will set a delivery time limit and upon expiration, any undelivered cargo will be considered stolen and treated as such. Total payment will be prorated according to the percentage of cargo successfully delivered.",@HaulCargo_AtoB_desc,Covalex_HaulCargo_AToB_desc_01,44500,,1,,3b2f7882-73cc-41a4-9dce-f188d927e905,,"[""018f9a8014f4"",""f6d49b8ef987"",""afc85b274a27"",""51c7fcbf4b91"",""f14fda6625d9""]","{""location"":null}","{""CargoRouteToken"":""@HaulCargo_CargoRoute_Solar"",""CargoGradeToken"":""@HaulCargo_CargoGrade_Small"",""ReputationRank"":""@RepStanding_TransportGuild_Rank1"",""MissionMaxSCUSize"":""@FreightElevator_4SCU""}","{""guid"":""ce51c554-5529-41be-a15e-761b45fea837"",""name"":""Rookie"",""minReputation"":50,""nameKey"":""RepStanding_TransportGuild_Rank1"",""includeWhenSharing"":true}",,,false,false,,5,,,,,"[{""resource"":""33ac9b2f41af"",""minSCU"":8,""maxSCU"":16,""maxContainerSize"":4}]",,,,,,1,,,1,,,,,,,,,,1,1,
ea2e453c-a637-46f3-bf6c-486c68c413b1,HaulCargo_AToB_RawOre_Mixed_AluminiumTitanium_Stanton2_SmallGrade,,Hauling - Planetary,,Rookie Rank - Direct Small Cargo Haul,@Covalex_HaulCargo_AToB_title,"Hello,\n\nNeed a contractor for a simple cargo haul going from a freight elevator at <EM4>[LOCATION]</EM4> to a freight elevator at <EM4>[DESTINATION]</EM4>. At most the containers will be <EM4>4 SCU</EM4> in size. \n\nAlso, we strongly encourage contractors to bring a <EM4>handheld tractor beam</EM4> along. \n\nAny chance you’re available to take care of it for us?\n\n[SIGN_OFF]\n\nChase Hewitt\nJr. Logistics Coordinator\nCovalex Shipping  \n'Anything you need, anywhere you need it.'\n\nCovalex Shipping is a limited liability corporation. To encourage timely deliveries and prevent fraud on cargo hauls, Covalex Shipping will set a delivery time limit and upon expiration, any undelivered cargo will be considered stolen and treated as such. Total payment will be prorated according to the percentage of cargo successfully delivered.",@HaulCargo_AtoB_desc,Covalex_HaulCargo_AToB_desc_01,45000,,1,,3b2f7882-73cc-41a4-9dce-f188d927e905,"[""d05dd7e33838"",""f2d7471c5237"",""225e0b8e461f"",""420925b581c4""]","[""db17a1be6e86"",""02c36d96275b""]","{""location"":[{""guid"":""c15033ab-2eb3-4d6d-b882-0cb336e67ed8"",""name"":""Crusader"",""navIcon"":""Planet"",""star"":{""guid"":""34ff378f-faee-47bb-b5fe-f505e665c5ca"",""name"":""Stanton"",""navIcon"":""Star""}}]}","{""CargoRouteToken"":""@HaulCargo_CargoRoute_Planetary"",""CargoGradeToken"":""@HaulCargo_CargoGrade_Small"",""ReputationRank"":""@RepStanding_TransportGuild_Rank1"",""MissionMaxSCUSize"":""@FreightElevator_4SCU""}","{""guid"":""ce51c554-5529-41be-a15e-761b45fea837"",""name"":""Rookie"",""minReputation"":50,""nameKey"":""RepStanding_TransportGuild_Rank1"",""includeWhenSharing"":true}",,,false,false,,5,,,,,"[{""resource"":""93c88e84e876"",""minSCU"":4,""maxSCU"":8,""maxContainerSize"":4},{""resource"":""9a60c87abe20"",""minSCU"":4,""maxSCU"":8,""maxContainerSize"":4}]",,,,,,1,,,1,,,,"[""Stanton""]",,,,,,1,1,
45e7b8b9-0f1e-42a8-ab67-4b5996a090ae,HaulCargo_AToB_RefinedOre_Corundum_Stanton_SmallGrade,,Hauling - Stellar,,Rookie Rank - Direct Small Cargo Haul,@Covalex_HaulCargo_AToB_title,"Hello,\n\nNeed a contractor for a simple cargo haul going from a freight elevator at <EM4>[LOCATION]</EM4> to a freight elevator at <EM4>[DESTINATION]</EM4>. At most the containers will be <EM4>4 SCU</EM4> in size. \n\nAlso, we strongly encourage contractors to bring a <EM4>handheld tractor beam</EM4> along. \n\nAny chance you’re available to take care of it for us?\n\n[SIGN_OFF]\n\nChase Hewitt\nJr. Logistics Coordinator\nCovalex Shipping  \n'Anything you need, anywhere you need it.'\n\nCovalex Shipping is a limited liability corporation. To encourage timely deliveries and prevent fraud on cargo hauls, Covalex Shipping will set a delivery time limit and upon expiration, any undelivered cargo will be considered stolen and treated as such. Total payment will be prorated according to the percentage of cargo successfully delivered.",@HaulCargo_AtoB_desc,Covalex_HaulCargo_AToB_desc_01,40750,,1,,3b2f7882-73cc-41a4-9dce-f188d927e905,"[""939db9c047f8"",""4bb7d5766b7c"",""dfaa4ef80550"",""eda891a336d8"",""6d40795eef36""]","[""7c7107f9f580"",""10b299e2ccf9"",""db17a1be6e86"",""0fcc1d84a327"",""e63d2da1ad36"",""32e3bb3ae27a"",""d56b03ec64ca"",""0c19e0494d99"",""59ce884e5a53"",""8ed6f459e7a4"",""2ed683252564"",""de212bfbf4b5"",""bbd717ea0069""]","{""location"":[{""guid"":""35a9f8f5-8f80-4796-83db-7d7362baeb9a"",""name"":""ArcCorp"",""navIcon"":""Planet"",""star"":{""guid"":""34ff378f-faee-47bb-b5fe-f505e665c5ca"",""name"":""Stanton"",""navIcon"":""Star""}}]}","{""CargoRouteToken"":""@HaulCargo_CargoRoute_Solar"",""CargoGradeToken"":""@HaulCargo_CargoGrade_Small"",""ReputationRank"":""@RepStanding_TransportGuild_Rank1"",""MissionMaxSCUSize"":""@FreightElevator_4SCU""}","{""guid"":""ce51c554-5529-41be-a15e-761b45fea837"",""name"":""Rookie"",""minReputation"":50,""nameKey"":""RepStanding_TransportGuild_Rank1"",""includeWhenSharing"":true}",,,false,false,,5,,,,,"[{""resource"":""d3f586abbe5d"",""minSCU"":8,""maxSCU"":16,""maxContainerSize"":4}]",,,,,,1,,,1,,,,,,,,,,1,1,
4bac622e-49d4-4b0b-8cca-4d78d46fad67,HaulCargo_AToB_RefinedOre_Corundum_Stanton_SmallGrade1,,Hauling - Stellar,,Rookie Rank - Direct Small Cargo Haul,@Covalex_HaulCargo_AToB_title,"Hello,\n\nNeed a contractor for a simple cargo haul going from a freight elevator at <EM4>[LOCATION]</EM4> to a freight elevator at <EM4>[DESTINATION]</EM4>. At most the containers will be <EM4>4 SCU</EM4> in size. \n\nAlso, we strongly encourage contractors to bring a <EM4>handheld tractor beam</EM4> along. \n\nAny chance you’re available to take care of it for us?\n\n[SIGN_OFF]\n\nChase Hewitt\nJr. Logistics Coordinator\nCovalex Shipping  \n'Anything you need, anywhere you need it.'\n\nCovalex Shipping is a limited liability corporation. To encourage timely deliveries and prevent fraud on cargo hauls, Covalex Shipping will set a delivery time limit and upon expiration, any undelivered cargo will be considered stolen and treated as such. Total payment will be prorated according to the percentage of cargo successfully delivered.",@HaulCargo_AtoB_desc,Covalex_HaulCargo_AToB_desc_01,33250,,1,,3b2f7882-73cc-41a4-9dce-f188d927e905,"[""e15ed9ae26b0"",""c78dabbac080"",""d075888b87ae"",""d9e58924ece8"",""684acd6474b7""]","[""7c7107f9f580"",""10b299e2ccf9"",""db17a1be6e86"",""0fcc1d84a327"",""e63d2da1ad36"",""32e3bb3ae27a"",""d56b03ec64ca"",""0c19e0494d99"",""59ce884e5a53"",""8ed6f459e7a4"",""2ed683252564"",""de212bfbf4b5"",""bbd717ea0069""]","{""location"":[{""guid"":""5a529db7-1a4e-45b0-bdcb-a5a0c7a7fc57"",""name"":""microTech"",""navIcon"":""Planet"",""star"":{""guid"":""34ff378f-faee-47bb-b5fe-f505e665c5ca"",""name"":""Stanton"",""navIcon"":""Star""}}]}","{""CargoRouteToken"":""@HaulCargo_CargoRoute_Solar"",""CargoGradeToken"":""@HaulCargo_CargoGrade_Small"",""ReputationRank"":""@RepStanding_TransportGuild_Rank1"",""MissionMaxSCUSize"":""@FreightElevator_4SCU""}","{""guid"":""ce51c554-5529-41be-a15e-761b45fea837"",""name"":""Rookie"",""minReputation"":50,""nameKey"":""RepStanding_TransportGuild_Rank1"",""includeWhenSharing"":true}",,,false,false,,5,,,,,"[{""resource"":""d3f586abbe5d"",""minSCU"":8,""maxSCU"":16,""maxContainerSize"":4}]",,,,,,1,,,1,,,,,,,,,,1,1,
c98415de-ffa0-48ad-b3c1-ad29c42e10b1,HaulCargo_AToB_RefinedOre_Tin_Stanton1_SmallGrade,,Hauling - Planetary,,Rookie Rank - Direct Small Cargo Haul,@Covalex_HaulCargo_AToB_title,"Hello,\n\nNeed a contractor for a simple cargo haul going from a freight elevator at <EM4>[LOCATION]</EM4> to a freight elevator at <EM4>[DESTINATION]</EM4>. At most the containers will be <EM4>4 SCU</EM4> in size. \n\nAlso, we strongly encourage contractors to bring a <EM4>handheld tractor beam</EM4> along. \n\nAny chance you’re available to take care of it for us?\n\n[SIGN_OFF]\n\nChase Hewitt\nJr. Logistics Coordinator\nCovalex Shipping  \n'Anything you need, anywhere you need it.'\n\nCovalex Shipping is a limited liability corporation. To encourage timely deliveries and prevent fraud on cargo hauls, Covalex Shipping will set a delivery time limit and upon expiration, any undelivered cargo will be considered stolen and treated as such. Total payment will be prorated according to the percentage of cargo successfully delivered.",@HaulCargo_AtoB_desc,Covalex_HaulCargo_AToB_desc_01,37250,,1,,3b2f7882-73cc-41a4-9dce-f188d927e905,"[""35c3ed47bd36"",""15a181728888""]","[""32e3bb3ae27a"",""0c19e0494d99""]","{""location"":[{""guid"":""551af60b-7727-4936-acc7-763d25d7a1de"",""name"":""Hurston"",""navIcon"":""Planet"",""star"":{""guid"":""34ff378f-faee-47bb-b5fe-f505e665c5ca"",""name"":""Stanton"",""navIcon"":""Star""}}]}","{""CargoRouteToken"":""@HaulCargo_CargoRoute_Planetary"",""CargoGradeToken"":""@HaulCargo_CargoGrade_Small"",""ReputationRank"":""@RepStanding_TransportGuild_Rank1"",""MissionMaxSCUSize"":""@FreightElevator_4SCU""}","{""guid"":""ce51c554-5529-41be-a15e-761b45fea837"",""name"":""Rookie"",""minReputation"":50,""nameKey"":""RepStanding_TransportGuild_Rank1"",""includeWhenSharing"":true}",,,false,false,,5,,,,,"[{""resource"":""7847383427be"",""minSCU"":8,""maxSCU"":16,""maxContainerSize"":4}]",,,,,,1,,,1,,,,"[""Stanton""]",,,,,,1,1,
f1de88c0-a528-45f6-b642-ba765bd249f1,HaulCargo_AToB_Waste_Mixed_ScrapWaste_Stanton2_SmallGrade,,Hauling - Stellar,,Rookie Rank - Direct Small Cargo Haul,@Covalex_HaulCargo_AToB_title,"Hello,\n\nNeed a contractor for a simple cargo haul going from a freight elevator at <EM4>[LOCATION]</EM4> to a freight elevator at <EM4>[DESTINATION]</EM4>. At most the containers will be <EM4>4 SCU</EM4> in size. \n\nAlso, we strongly encourage contractors to bring a <EM4>handheld tractor beam</EM4> along. \n\nAny chance you’re available to take care of it for us?\n\n[SIGN_OFF]\n\nChase Hewitt\nJr. Logistics Coordinator\nCovalex Shipping  \n'Anything you need, anywhere you need it.'\n\nCovalex Shipping is a limited liability corporation. To encourage timely deliveries and prevent fraud on cargo hauls, Covalex Shipping will set a delivery time limit and upon expiration, any undelivered cargo will be considered stolen and treated as such. Total payment will be prorated according to the percentage of cargo successfully delivered.",@HaulCargo_AtoB_desc,Covalex_HaulCargo_AToB_desc_01,34750,,1,,3b2f7882-73cc-41a4-9dce-f188d927e905,"[""d349a20587a2"",""a49dc6443322"",""cc0b084257c7""]","[""7e6f1702d348"",""cc76fc07b471"",""db17a1be6e86"",""e63d2da1ad36"",""32e3bb3ae27a"",""2ed683252564""]","{""location"":null}","{""CargoRouteToken"":""@HaulCargo_CargoRoute_Solar"",""CargoGradeToken"":""@HaulCargo_CargoGrade_Small"",""ReputationRank"":""@RepStanding_TransportGuild_Rank1"",""MissionMaxSCUSize"":""@FreightElevator_4SCU""}","{""guid"":""ce51c554-5529-41be-a15e-761b45fea837"",""name"":""Rookie"",""minReputation"":50,""nameKey"":""RepStanding_TransportGuild_Rank1"",""includeWhenSharing"":true}",,,false,false,,5,,,,,"[{""resource"":""977fe39d1cc1"",""minSCU"":4,""maxSCU"":8,""maxContainerSize"":4},{""resource"":""c5ab7d0672fd"",""minSCU"":4,""maxSCU"":8,""maxContainerSize"":4}]",,,,,,1,,,1,,,,,,,,,,1,1,
f0c658d1-9acb-47e9-b032-7da09b42298a,HaulCargo_AToB_Waste_Mixed_ScrapWaste_Stanton3_SmallGrade,,Hauling - Stellar,,Rookie Rank - Direct Small Cargo Haul,@Covalex_HaulCargo_AToB_title,"Hello,\n\nNeed a contractor for a simple cargo haul going from a freight elevator at <EM4>[LOCATION]</EM4> to a freight elevator at <EM4>[DESTINATION]</EM4>. At most the containers will be <EM4>4 SCU</EM4> in size. \n\nAlso, we strongly encourage contractors to bring a <EM4>handheld tractor beam</EM4> along. \n\nAny chance you’re available to take care of it for us?\n\n[SIGN_OFF]\n\nChase Hewitt\nJr. Logistics Coordinator\nCovalex Shipping  \n'Anything you need, anywhere you need it.'\n\nCovalex Shipping is a limited liability corporation. To encourage timely deliveries and prevent fraud on cargo hauls, Covalex Shipping will set a delivery time limit and upon expiration, any undelivered cargo will be considered stolen and treated as such. Total payment will be prorated according to the percentage of cargo successfully delivered.",@HaulCargo_AtoB_desc,Covalex_HaulCargo_AToB_desc_01,40250,,1,,3b2f7882-73cc-41a4-9dce-f188d927e905,"[""939db9c047f8"",""4bb7d5766b7c"",""dfaa4ef80550"",""eda891a336d8"",""6d40795eef36""]","[""db17a1be6e86"",""e63d2da1ad36"",""2ed683252564""]","{""location"":null}","{""CargoRouteToken"":""@HaulCargo_CargoRoute_Solar"",""CargoGradeToken"":""@HaulCargo_CargoGrade_Small"",""ReputationRank"":""@RepStanding_TransportGuild_Rank1"",""MissionMaxSCUSize"":""@FreightElevator_4SCU""}","{""guid"":""ce51c554-5529-41be-a15e-761b45fea837"",""name"":""Rookie"",""minReputation"":50,""nameKey"":""RepStanding_TransportGuild_Rank1"",""includeWhenSharing"":true}",,,false,false,,5,,,,,"[{""resource"":""977fe39d1cc1"",""minSCU"":4,""maxSCU"":8,""maxContainerSize"":4},{""resource"":""c5ab7d0672fd"",""minSCU"":4,""maxSCU"":8,""maxContainerSize"":4}]",,,,,,1,,,1,,,,,,,,,,1,1,
337c3c81-f086-4510-b5b9-6fd7597bae8c,HaulCargo_AToB_Waste_Mixed_ScrapWaste_Stanton4_SmallGrade1,,Hauling - Planetary,,Rookie Rank - Direct Small Cargo Haul,@Covalex_HaulCargo_AToB_title,"Hello,\n\nNeed a contractor for a simple cargo haul going from a freight elevator at <EM4>[LOCATION]</EM4> to a freight elevator at <EM4>[DESTINATION]</EM4>. At most the containers will be <EM4>4 SCU</EM4> in size. \n\nAlso, we strongly encourage contractors to bring a <EM4>handheld tractor beam</EM4> along. \n\nAny chance you’re available to take care of it for us?\n\n[SIGN_OFF]\n\nChase Hewitt\nJr. Logistics Coordinator\nCovalex Shipping  \n'Anything you need, anywhere you need it.'\n\nCovalex Shipping is a limited liability corporation. To encourage timely deliveries and prevent fraud on cargo hauls, Covalex Shipping will set a delivery time limit and upon expiration, any undelivered cargo will be considered stolen and treated as such. Total payment will be prorated according to the percentage of cargo successfully delivered.",@HaulCargo_AtoB_desc,Covalex_HaulCargo_AToB_desc_01,45000,,1,,3b2f7882-73cc-41a4-9dce-f188d927e905,"[""15a181728888""]","[""7e6f1702d348"",""cc76fc07b471"",""db17a1be6e86"",""e63d2da1ad36"",""32e3bb3ae27a"",""2ed683252564""]","{""location"":[{""guid"":""5a529db7-1a4e-45b0-bdcb-a5a0c7a7fc57"",""name"":""microTech"",""navIcon"":""Planet"",""star"":{""guid"":""34ff378f-faee-47bb-b5fe-f505e665c5ca"",""name"":""Stanton"",""navIcon"":""Star""}}]}","{""CargoRouteToken"":""@HaulCargo_CargoRoute_Planetary"",""CargoGradeToken"":""@HaulCargo_CargoGrade_Small"",""ReputationRank"":""@RepStanding_TransportGuild_Rank1"",""MissionMaxSCUSize"":""@FreightElevator_4SCU""}","{""guid"":""ce51c554-5529-41be-a15e-761b45fea837"",""name"":""Rookie"",""minReputation"":50,""nameKey"":""RepStanding_TransportGuild_Rank1"",""includeWhenSharing"":true}",,,false,false,,5,,,,,"[{""resource"":""977fe39d1cc1"",""minSCU"":4,""maxSCU"":8,""maxContainerSize"":4},{""resource"":""c5ab7d0672fd"",""minSCU"":4,""maxSCU"":8,""maxContainerSize"":4}]",,,,,,1,,,1,,,,"[""Stanton""]",,,,,,1,1,
58ada4ab-eb45-4a24-8c96-1632d42cf476,HaulCargo_AToB_Waste_Mixed_ScrapWaste_Stanton4_SmallGrade2,,Hauling - Stellar,,Rookie Rank - Direct Small Cargo Haul,@Covalex_HaulCargo_AToB_title,"Hello,\n\nNeed a contractor for a simple cargo haul going from a freight elevator at <EM4>[LOCATION]</EM4> to a freight elevator at <EM4>[DESTINATION]</EM4>. At most the containers will be <EM4>4 SCU</EM4> in size. \n\nAlso, we strongly encourage contractors to bring a <EM4>handheld tractor beam</EM4> along. \n\nAny chance you’re available to take care of it for us?\n\n[SIGN_OFF]\n\nChase Hewitt\nJr. Logistics Coordinator\nCovalex Shipping  \n'Anything you need, anywhere you need it.'\n\nCovalex Shipping is a limited liability corporation. To encourage timely deliveries and prevent fraud on cargo hauls, Covalex Shipping will set a delivery time limit and upon expiration, any undelivered cargo will be considered stolen and treated as such. Total payment will be prorated according to the percentage of cargo successfully delivered.",@HaulCargo_AtoB_desc,Covalex_HaulCargo_AToB_desc_01,44500,,1,,3b2f7882-73cc-41a4-9dce-f188d927e905,"[""e15ed9ae26b0"",""c78dabbac080"",""d075888b87ae"",""d9e58924ece8"",""684acd6474b7""]","[""7e6f1702d348"",""cc76fc07b471"",""db17a1be6e86"",""e63d2da1ad36"",""32e3bb3ae27a"",""2ed683252564""]","{""location"":null}","{""CargoRouteToken"":""@HaulCargo_CargoRoute_Solar"",""CargoGradeToken"":""@HaulCargo_CargoGrade_Small"",""ReputationRank"":""@RepStanding_TransportGuild_Rank1"",""MissionMaxSCUSize"":""@FreightElevator_4SCU""}","{""guid"":""ce51c554-5529-41be-a15e-761b45fea837"",""name"":""Rookie"",""minReputation"":50,""nameKey"":""RepStanding_TransportGuild_Rank1"",""includeWhenSharing"":true}",,,false,false,,5,,,,,"[{""resource"":""977fe39d1cc1"",""minSCU"":4,""maxSCU"":8,""maxContainerSize"":4},{""resource"":""c5ab7d0672fd"",""minSCU"":4,""maxSCU"":8,""maxContainerSize"":4}]",,,,,,1,,,1,,,,,,,,,,1,1,
b282f4d1-b22c-4f27-9b42-0edabdb326be,HaulCargo_AToB_Waste_Scrap_Stanton1_SmallGrade,,Hauling - Planetary,,Rookie Rank - Direct Small Cargo Haul,@Covalex_HaulCargo_AToB_title,"Hello,\n\nNeed a contractor for a simple cargo haul going from a freight elevator at <EM4>[LOCATION]</EM4> to a freight elevator at <EM4>[DESTINATION]</EM4>. At most the containers will be <EM4>4 SCU</EM4> in size. \n\nAlso, we strongly encourage contractors to bring a <EM4>handheld tractor beam</EM4> along. \n\nAny chance you’re available to take care of it for us?\n\n[SIGN_OFF]\n\nChase Hewitt\nJr. Logistics Coordinator\nCovalex Shipping  \n'Anything you need, anywhere you need it.'\n\nCovalex Shipping is a limited liability corporation. To encourage timely deliveries and prevent fraud on cargo hauls, Covalex Shipping will set a delivery time limit and upon expiration, any undelivered cargo will be considered stolen and treated as such. Total payment will be prorated according to the percentage of cargo successfully delivered.",@HaulCargo_AtoB_desc,Covalex_HaulCargo_AToB_desc_01,37250,,1,,3b2f7882-73cc-41a4-9dce-f188d927e905,"[""35c3ed47bd36""]","[""32e3bb3ae27a""]","{""location"":[{""guid"":""551af60b-7727-4936-acc7-763d25d7a1de"",""name"":""Hurston"",""navIcon"":""Planet"",""star"":{""guid"":""34ff378f-faee-47bb-b5fe-f505e665c5ca"",""name"":""Stanton"",""navIcon"":""Star""}}]}","{""CargoRouteToken"":""@HaulCargo_CargoRoute_Planetary"",""CargoGradeToken"":""@HaulCargo_CargoGrade_Small"",""ReputationRank"":""@RepStanding_TransportGuild_Rank1"",""MissionMaxSCUSize"":""@FreightElevator_4SCU""}","{""guid"":""ce51c554-5529-41be-a15e-761b45fea837"",""name"":""Rookie"",""minReputation"":50,""nameKey"":""RepStanding_TransportGuild_Rank1"",""includeWhenSharing"":true}",,,false,false,,5,,,,,"[{""resource"":""c5ab7d0672fd"",""minSCU"":8,""maxSCU"":16,""maxContainerSize"":4}]",,,,,,1,,,1,,,,"[""Stanton""]",,,,,,1,1,
68ecc3c2-1af8-47d2-80bf-efbce346f267,HaulCargo_Multi2ToSingle_Waste_Waste_Stanton1_SmallGrade1,,Hauling - Stellar,,Rookie Rank - Extra Small Cargo Haul,@Covalex_HaulCargo_MultiToSingle_title,"Hi,\n\nNeed the trash collected from a few Hurston locations and then taken to a freight elevator at <EM4>[DESTINATION]</EM4>. Don't worry, none of the containers are bigger than <EM4>1 SCU</EM4>.\n\nPICK UP LOCATIONS (ANY ORDER)\n\n- Freight elevator at <EM4>[LOCATION]</EM4>\n- Freight elevator at <EM4>[LOCATION1]</EM4>\n\nFun fact for you. Hurston is the only planet in Stanton that doesn’t separate their trash and scrap. One of their workers told me that the company did a cost-benefit analysis on it decades ago that determined it wasn’t worth putting a planet-wide system in place to facilitate it. Isn’t that the most Hurston thing ever?   \n\nBy the way, we strongly encourage contractors to bring a <EM4>handheld tractor beam</EM4> along.   \n\nThanks in advance for ensuring prompt service,\n\nChase Hewitt\nJr. Logistics Coordinator\nCovalex Shipping  \n'Anything you need, anywhere you need it.'\n\nCovalex Shipping is a limited liability corporation. To encourage timely deliveries and prevent fraud on cargo hauls, Covalex Shipping will set a delivery time limit and upon expiration, any undelivered cargo will be considered stolen and treated as such. Total payment will be prorated according to the percentage of cargo successfully delivered.",@Covalex_HaulCargo_MultiToSingle_Waste_Waste_Stanton1,Covalex_HaulCargo_MultiToSingle_Waste_Waste_Stanton1,50250,,1,,3b2f7882-73cc-41a4-9dce-f188d927e905,"[""074158cec93a"",""c11688d881bf"",""3498b709fb3e"",""d460d15a7d1b"",""e7b47cf6f5c5""]","[""ffd2d63ccf28"",""7c7107f9f580"",""7e6f1702d348"",""cc76fc07b471"",""db17a1be6e86"",""d819ce4e66cf"",""e63d2da1ad36"",""32e3bb3ae27a"",""2ed683252564"",""de212bfbf4b5"",""bbd717ea0069""]","{""location"":null}","{""CargoRouteToken"":""@HaulCargo_CargoRoute_Solar"",""CargoGradeToken"":""@HaulCargo_CargoGrade_ExtraSmall"",""ReputationRank"":""@RepStanding_TransportGuild_Rank1"",""MissionMaxSCUSize"":""@FreightElevator_1SCU"",""MultiToSingleToken"":""@HaulCargo_2_MultiToSingleToken""}","{""guid"":""ce51c554-5529-41be-a15e-761b45fea837"",""name"":""Rookie"",""minReputation"":50,""nameKey"":""RepStanding_TransportGuild_Rank1"",""includeWhenSharing"":true}",,,false,false,,5,,,,,"[{""resource"":""977fe39d1cc1"",""minSCU"":3,""maxSCU"":6,""maxContainerSize"":1},{""resource"":""977fe39d1cc1"",""minSCU"":3,""maxSCU"":6,""maxContainerSize"":1}]",,,,,,1,,,1,,,,,,,,,,2,1,
8c0dbcbd-ebaf-4d04-b934-bbebda6f9191,HaulCargo_SingleToMulti2_NonMetal_Carbon_Stanton_SmallGrade,,Hauling - Stellar,,Rookie Rank - Extra Small Cargo Haul,@Covalex_HaulCargo_SingleToMulti_title,"Greetings, \n\nSeems like <EM4>[LOCATION]</EM4> currently has some <EM4>1 SCU</EM4> or smaller cargo that needs to be separated and delivered to a few different spots. \n\nDROP OFF LOCATIONS (ANY ORDER)\n\n- Freight elevator at <EM4>[DESTINATION]</EM4>\n- Freight elevator at <EM4>[DESTINATION1]</EM4>\n\nDrop-offs can be done in whatever order works best for you.  \n\nBy the way, we strongly encourage contractors to bring a <EM4>handheld tractor beam</EM4> along.   \n\n[SIGN_OFF]\n\nChase Hewitt\nJr. Logistics Coordinator\nCovalex Shipping  \n'Anything you need, anywhere you need it.'\n\nCovalex Shipping is a limited liability corporation. To encourage timely deliveries and prevent fraud on cargo hauls, Covalex Shipping will set a delivery time limit and upon expiration, any undelivered cargo will be considered stolen and treated as such. Total payment will be prorated according to the percentage of cargo successfully delivered.",@HaulCargo_SingleToMulti_desc,Covalex_HaulCargo_SingleToMulti_desc_01,63250,,1,,3b2f7882-73cc-41a4-9dce-f188d927e905,"[""32d25a8fa1b9""]","[""ffd2d63ccf28"",""7c7107f9f580"",""33494a2baa8a"",""10b299e2ccf9"",""db17a1be6e86"",""0fcc1d84a327"",""d819ce4e66cf"",""e63d2da1ad36"",""32e3bb3ae27a"",""d56b03ec64ca"",""8126806f382a"",""0c19e0494d99"",""59ce884e5a53"",""8ed6f459e7a4"",""2ed683252564"",""de212bfbf4b5"",""bbd717ea0069""]","{""location"":[{""guid"":""34ff378f-faee-47bb-b5fe-f505e665c5ca"",""name"":""Stanton"",""navIcon"":""Star""}]}","{""CargoRouteToken"":""@HaulCargo_CargoRoute_Solar"",""CargoGradeToken"":""@HaulCargo_CargoGrade_ExtraSmall"",""ReputationRank"":""@RepStanding_TransportGuild_Rank1"",""MissionMaxSCUSize"":""@FreightElevator_1SCU"",""SingleToMultiToken"":""@HaulCargo_2_SingleToMultiToken""}","{""guid"":""ce51c554-5529-41be-a15e-761b45fea837"",""name"":""Rookie"",""minReputation"":50,""nameKey"":""RepStanding_TransportGuild_Rank1"",""includeWhenSharing"":true}",,,false,false,,5,,,,,"[{""resource"":""fbebe083c5b1"",""minSCU"":3,""maxSCU"":6,""maxContainerSize"":1},{""resource"":""fbebe083c5b1"",""minSCU"":3,""maxSCU"":6,""maxContainerSize"":1}]",,,,,,1,,,1,,,,,,,,,,1,2,
e5b8f0ca-8d85-46e7-8b11-be2c449c3b43,HaulCargo_SingleToMulti2_NonMetal_Carbon_Stanton1_SmallGrade,,Hauling - Planetary,,Rookie Rank - Extra Small Cargo Haul,@Covalex_HaulCargo_SingleToMulti_title,"Greetings, \n\nSeems like <EM4>[LOCATION]</EM4> currently has some <EM4>1 SCU</EM4> or smaller cargo that needs to be separated and delivered to a few different spots. \n\nDROP OFF LOCATIONS (ANY ORDER)\n\n- Freight elevator at <EM4>[DESTINATION]</EM4>\n- Freight elevator at <EM4>[DESTINATION1]</EM4>\n\nDrop-offs can be done in whatever order works best for you.  \n\nBy the way, we strongly encourage contractors to bring a <EM4>handheld tractor beam</EM4> along.   \n\n[SIGN_OFF]\n\nChase Hewitt\nJr. Logistics Coordinator\nCovalex Shipping  \n'Anything you need, anywhere you need it.'\n\nCovalex Shipping is a limited liability corporation. To encourage timely deliveries and prevent fraud on cargo hauls, Covalex Shipping will set a delivery time limit and upon expiration, any undelivered cargo will be considered stolen and treated as such. Total payment will be prorated according to the percentage of cargo successfully delivered.",@HaulCargo_SingleToMulti_desc,Covalex_HaulCargo_SingleToMulti_desc_01,61500,,1,,3b2f7882-73cc-41a4-9dce-f188d927e905,"[""35c3ed47bd36"",""15a181728888""]","[""7c7107f9f580"",""32e3bb3ae27a"",""59ce884e5a53"",""bbd717ea0069"",""0fcc1d84a327"",""0c19e0494d99"",""8ed6f459e7a4""]","{""location"":[{""guid"":""551af60b-7727-4936-acc7-763d25d7a1de"",""name"":""Hurston"",""navIcon"":""Planet"",""star"":{""guid"":""34ff378f-faee-47bb-b5fe-f505e665c5ca"",""name"":""Stanton"",""navIcon"":""Star""}}]}","{""CargoRouteToken"":""@HaulCargo_CargoRoute_Planetary"",""CargoGradeToken"":""@HaulCargo_CargoGrade_ExtraSmall"",""ReputationRank"":""@RepStanding_TransportGuild_Rank1"",""MissionMaxSCUSize"":""@FreightElevator_1SCU"",""SingleToMultiToken"":""@HaulCargo_2_SingleToMultiToken""}","{""guid"":""ce51c554-5529-41be-a15e-761b45fea837"",""name"":""Rookie"",""minReputation"":50,""nameKey"":""RepStanding_TransportGuild_Rank1"",""includeWhenSharing"":true}",,,false,false,,5,,,,,"[{""resource"":""fbebe083c5b1"",""minSCU"":3,""maxSCU"":6,""maxContainerSize"":1}]",,,,,,1,,,1,,,,"[""Stanton""]",,,,,,1,2,
7b5bbd2f-e16a-421c-809f-8d1d35e9c096,HaulCargo_SingleToMulti2_NonMetal_Silicon_Stanton1_SmallGrade,,Hauling - Planetary,,Rookie Rank - Extra Small Cargo Haul,@Covalex_HaulCargo_SingleToMulti_title,"Greetings, \n\nSeems like <EM4>[LOCATION]</EM4> currently has some <EM4>1 SCU</EM4> or smaller cargo that needs to be separated and delivered to a few different spots. \n\nDROP OFF LOCATIONS (ANY ORDER)\n\n- Freight elevator at <EM4>[DESTINATION]</EM4>\n- Freight elevator at <EM4>[DESTINATION1]</EM4>\n\nDrop-offs can be done in whatever order works best for you.  \n\nBy the way, we strongly encourage contractors to bring a <EM4>handheld tractor beam</EM4> along.   \n\n[SIGN_OFF]\n\nChase Hewitt\nJr. Logistics Coordinator\nCovalex Shipping  \n'Anything you need, anywhere you need it.'\n\nCovalex Shipping is a limited liability corporation. To encourage timely deliveries and prevent fraud on cargo hauls, Covalex Shipping will set a delivery time limit and upon expiration, any undelivered cargo will be considered stolen and treated as such. Total payment will be prorated according to the percentage of cargo successfully delivered.",@HaulCargo_SingleToMulti_desc,Covalex_HaulCargo_SingleToMulti_desc_01,61500,,1,,3b2f7882-73cc-41a4-9dce-f188d927e905,"[""35c3ed47bd36"",""15a181728888""]","[""7c7107f9f580"",""e95b4a8986f3"",""b59e5f3521ad"",""32e3bb3ae27a"",""b3580d2b56f8"",""59ce884e5a53"",""bbd717ea0069"",""0fcc1d84a327"",""018f9a8014f4"",""0c19e0494d99"",""afc85b274a27"",""8ed6f459e7a4""]","{""location"":[{""guid"":""551af60b-7727-4936-acc7-763d25d7a1de"",""name"":""Hurston"",""navIcon"":""Planet"",""star"":{""guid"":""34ff378f-faee-47bb-b5fe-f505e665c5ca"",""name"":""Stanton"",""navIcon"":""Star""}}]}","{""CargoRouteToken"":""@HaulCargo_CargoRoute_Planetary"",""CargoGradeToken"":""@HaulCargo_CargoGrade_ExtraSmall"",""ReputationRank"":""@RepStanding_TransportGuild_Rank1"",""MissionMaxSCUSize"":""@FreightElevator_1SCU"",""SingleToMultiToken"":""@HaulCargo_2_SingleToMultiToken""}","{""guid"":""ce51c554-5529-41be-a15e-761b45fea837"",""name"":""Rookie"",""minReputation"":50,""nameKey"":""RepStanding_TransportGuild_Rank1"",""includeWhenSharing"":true}",,,false,false,,5,,,,,"[{""resource"":""ec47388b272f"",""minSCU"":3,""maxSCU"":6,""maxContainerSize"":1}]",,,,,,1,,,1,,,,"[""Stanton""]",,,,,,1,2,
15676c6a-5ea5-4983-83a6-a7e61fdd5770,HaulCargo_SingleToMulti2_RefinedOre_Aluminium_Stanton1_SmallGrade,,Hauling - Planetary,,Rookie Rank - Extra Small Cargo Haul,@Covalex_HaulCargo_SingleToMulti_title,"Greetings, \n\nSeems like <EM4>[LOCATION]</EM4> currently has some <EM4>1 SCU</EM4> or smaller cargo that needs to be separated and delivered to a few different spots. \n\nDROP OFF LOCATIONS (ANY ORDER)\n\n- Freight elevator at <EM4>[DESTINATION]</EM4>\n- Freight elevator at <EM4>[DESTINATION1]</EM4>\n\nDrop-offs can be done in whatever order works best for you.  \n\nBy the way, we strongly encourage contractors to bring a <EM4>handheld tractor beam</EM4> along.   \n\n[SIGN_OFF]\n\nChase Hewitt\nJr. Logistics Coordinator\nCovalex Shipping  \n'Anything you need, anywhere you need it.'\n\nCovalex Shipping is a limited liability corporation. To encourage timely deliveries and prevent fraud on cargo hauls, Covalex Shipping will set a delivery time limit and upon expiration, any undelivered cargo will be considered stolen and treated as such. Total payment will be prorated according to the percentage of cargo successfully delivered.",@HaulCargo_SingleToMulti_desc,Covalex_HaulCargo_SingleToMulti_desc_01,61500,,1,,3b2f7882-73cc-41a4-9dce-f188d927e905,"[""35c3ed47bd36"",""15a181728888""]","[""7c7107f9f580"",""32e3bb3ae27a"",""59ce884e5a53"",""bbd717ea0069"",""0fcc1d84a327"",""0c19e0494d99"",""8ed6f459e7a4""]","{""location"":[{""guid"":""551af60b-7727-4936-acc7-763d25d7a1de"",""name"":""Hurston"",""navIcon"":""Planet"",""star"":{""guid"":""34ff378f-faee-47bb-b5fe-f505e665c5ca"",""name"":""Stanton"",""navIcon"":""Star""}}]}","{""CargoRouteToken"":""@HaulCargo_CargoRoute_Planetary"",""CargoGradeToken"":""@HaulCargo_CargoGrade_ExtraSmall"",""ReputationRank"":""@RepStanding_TransportGuild_Rank1"",""MissionMaxSCUSize"":""@FreightElevator_1SCU"",""SingleToMultiToken"":""@HaulCargo_2_SingleToMultiToken""}","{""guid"":""ce51c554-5529-41be-a15e-761b45fea837"",""name"":""Rookie"",""minReputation"":50,""nameKey"":""RepStanding_TransportGuild_Rank1"",""includeWhenSharing"":true}",,,false,false,,5,,,,,"[{""resource"":""114e57c0cc6e"",""minSCU"":3,""maxSCU"":6,""maxContainerSize"":1}]",,,,,,1,,,1,,,,"[""Stanton""]",,,,,,1,2,
44a11ae7-d1fe-4397-a3b4-54a209cf8f90,HaulCargo_SingleToMulti2_RefinedOre_Corundum_Stanton1_SmallGrade,,Hauling - Planetary,,Rookie Rank - Extra Small Cargo Haul,@Covalex_HaulCargo_SingleToMulti_title,"Greetings, \n\nSeems like <EM4>[LOCATION]</EM4> currently has some <EM4>1 SCU</EM4> or smaller cargo that needs to be separated and delivered to a few different spots. \n\nDROP OFF LOCATIONS (ANY ORDER)\n\n- Freight elevator at <EM4>[DESTINATION]</EM4>\n- Freight elevator at <EM4>[DESTINATION1]</EM4>\n\nDrop-offs can be done in whatever order works best for you.  \n\nBy the way, we strongly encourage contractors to bring a <EM4>handheld tractor beam</EM4> along.   \n\n[SIGN_OFF]\n\nChase Hewitt\nJr. Logistics Coordinator\nCovalex Shipping  \n'Anything you need, anywhere you need it.'\n\nCovalex Shipping is a limited liability corporation. To encourage timely deliveries and prevent fraud on cargo hauls, Covalex Shipping will set a delivery time limit and upon expiration, any undelivered cargo will be considered stolen and treated as such. Total payment will be prorated according to the percentage of cargo successfully delivered.",@HaulCargo_SingleToMulti_desc,Covalex_HaulCargo_SingleToMulti_desc_01,61500,,1,,3b2f7882-73cc-41a4-9dce-f188d927e905,"[""35c3ed47bd36"",""15a181728888""]","[""7c7107f9f580"",""32e3bb3ae27a"",""59ce884e5a53"",""bbd717ea0069"",""0fcc1d84a327"",""0c19e0494d99"",""8ed6f459e7a4""]","{""location"":[{""guid"":""551af60b-7727-4936-acc7-763d25d7a1de"",""name"":""Hurston"",""navIcon"":""Planet"",""star"":{""guid"":""34ff378f-faee-47bb-b5fe-f505e665c5ca"",""name"":""Stanton"",""navIcon"":""Star""}}]}","{""CargoRouteToken"":""@HaulCargo_CargoRoute_Planetary"",""CargoGradeToken"":""@HaulCargo_CargoGrade_ExtraSmall"",""ReputationRank"":""@RepStanding_TransportGuild_Rank1"",""MissionMaxSCUSize"":""@FreightElevator_1SCU"",""SingleToMultiToken"":""@HaulCargo_2_SingleToMultiToken""}","{""guid"":""ce51c554-5529-41be-a15e-761b45fea837"",""name"":""Rookie"",""minReputation"":50,""nameKey"":""RepStanding_TransportGuild_Rank1"",""includeWhenSharing"":true}",,,false,false,,5,,,,,"[{""resource"":""d3f586abbe5d"",""minSCU"":3,""maxSCU"":6,""maxContainerSize"":1}]",,,,,,1,,,1,,,,"[""Stanton""]",,,,,,1,2,
a15fcca0-9de7-4233-bee5-a545df6f095f,HaulCargo_SingleToMulti2_RefinedOre_Quartz_Stanton1_SmallGrade,,Hauling - Planetary,,Rookie Rank - Extra Small Cargo Haul,@Covalex_HaulCargo_SingleToMulti_title,"Greetings, \n\nSeems like <EM4>[LOCATION]</EM4> currently has some <EM4>1 SCU</EM4> or smaller cargo that needs to be separated and delivered to a few different spots. \n\nDROP OFF LOCATIONS (ANY ORDER)\n\n- Freight elevator at <EM4>[DESTINATION]</EM4>\n- Freight elevator at <EM4>[DESTINATION1]</EM4>\n\nDrop-offs can be done in whatever order works best for you.  \n\nBy the way, we strongly encourage contractors to bring a <EM4>handheld tractor beam</EM4> along.   \n\n[SIGN_OFF]\n\nChase Hewitt\nJr. Logistics Coordinator\nCovalex Shipping  \n'Anything you need, anywhere you need it.'\n\nCovalex Shipping is a limited liability corporation. To encourage timely deliveries and prevent fraud on cargo hauls, Covalex Shipping will set a delivery time limit and upon expiration, any undelivered cargo will be considered stolen and treated as such. Total payment will be prorated according to the percentage of cargo successfully delivered.",@HaulCargo_SingleToMulti_desc,Covalex_HaulCargo_SingleToMulti_desc_01,61500,,1,,3b2f7882-73cc-41a4-9dce-f188d927e905,"[""35c3ed47bd36"",""15a181728888""]","[""7c7107f9f580"",""32e3bb3ae27a"",""59ce884e5a53"",""bbd717ea0069"",""0fcc1d84a327"",""0c19e0494d99"",""8ed6f459e7a4""]","{""location"":[{""guid"":""551af60b-7727-4936-acc7-763d25d7a1de"",""name"":""Hurston"",""navIcon"":""Planet"",""star"":{""guid"":""34ff378f-faee-47bb-b5fe-f505e665c5ca"",""name"":""Stanton"",""navIcon"":""Star""}}]}","{""CargoRouteToken"":""@HaulCargo_CargoRoute_Planetary"",""CargoGradeToken"":""@HaulCargo_CargoGrade_ExtraSmall"",""ReputationRank"":""@RepStanding_TransportGuild_Rank1"",""MissionMaxSCUSize"":""@FreightElevator_1SCU"",""SingleToMultiToken"":""@HaulCargo_2_SingleToMultiToken""}","{""guid"":""ce51c554-5529-41be-a15e-761b45fea837"",""name"":""Rookie"",""minReputation"":50,""nameKey"":""RepStanding_TransportGuild_Rank1"",""includeWhenSharing"":true}",,,false,false,,5,,,,,"[{""resource"":""8f116d732e1e"",""minSCU"":3,""maxSCU"":6,""maxContainerSize"":1}]",,,,,,1,,,1,,,,"[""Stanton""]",,,,,,1,2,
8d319950-67e4-4cc5-845f-da5f854b5348,HaulCargo_SingleToMulti2_RefinedOre_Titanium_Stanton1_SmallGrade,,Hauling - Planetary,,Rookie Rank - Extra Small Cargo Haul,@Covalex_HaulCargo_SingleToMulti_title,"Greetings, \n\nSeems like <EM4>[LOCATION]</EM4> currently has some <EM4>1 SCU</EM4> or smaller cargo that needs to be separated and delivered to a few different spots. \n\nDROP OFF LOCATIONS (ANY ORDER)\n\n- Freight elevator at <EM4>[DESTINATION]</EM4>\n- Freight elevator at <EM4>[DESTINATION1]</EM4>\n\nDrop-offs can be done in whatever order works best for you.  \n\nBy the way, we strongly encourage contractors to bring a <EM4>handheld tractor beam</EM4> along.   \n\n[SIGN_OFF]\n\nChase Hewitt\nJr. Logistics Coordinator\nCovalex Shipping  \n'Anything you need, anywhere you need it.'\n\nCovalex Shipping is a limited liability corporation. To encourage timely deliveries and prevent fraud on cargo hauls, Covalex Shipping will set a delivery time limit and upon expiration, any undelivered cargo will be considered stolen and treated as such. Total payment will be prorated according to the percentage of cargo successfully delivered.",@HaulCargo_SingleToMulti_desc,Covalex_HaulCargo_SingleToMulti_desc_01,61500,,1,,3b2f7882-73cc-41a4-9dce-f188d927e905,"[""35c3ed47bd36"",""15a181728888""]","[""7c7107f9f580"",""32e3bb3ae27a"",""59ce884e5a53"",""bbd717ea0069"",""0fcc1d84a327"",""0c19e0494d99"",""8ed6f459e7a4""]","{""location"":[{""guid"":""551af60b-7727-4936-acc7-763d25d7a1de"",""name"":""Hurston"",""navIcon"":""Planet"",""star"":{""guid"":""34ff378f-faee-47bb-b5fe-f505e665c5ca"",""name"":""Stanton"",""navIcon"":""Star""}}]}","{""CargoRouteToken"":""@HaulCargo_CargoRoute_Planetary"",""CargoGradeToken"":""@HaulCargo_CargoGrade_ExtraSmall"",""ReputationRank"":""@RepStanding_TransportGuild_Rank1"",""MissionMaxSCUSize"":""@FreightElevator_1SCU"",""SingleToMultiToken"":""@HaulCargo_2_SingleToMultiToken""}","{""guid"":""ce51c554-5529-41be-a15e-761b45fea837"",""name"":""Rookie"",""minReputation"":50,""nameKey"":""RepStanding_TransportGuild_Rank1"",""includeWhenSharing"":true}",,,false,false,,5,,,,,"[{""resource"":""6c1aad782b33"",""minSCU"":3,""maxSCU"":6,""maxContainerSize"":1}]",,,,,,1,,,1,,,,"[""Stanton""]",,,,,,1,2,
160d1c4f-2f11-4746-a7f9-e0603851478b,HaulCargo_SingleToMulti2_RefinedOre_Tungsten_Stanton1_SmallGrade,,Hauling - Planetary,,Rookie Rank - Extra Small Cargo Haul,@Covalex_HaulCargo_SingleToMulti_title,"Greetings, \n\nSeems like <EM4>[LOCATION]</EM4> currently has some <EM4>1 SCU</EM4> or smaller cargo that needs to be separated and delivered to a few different spots. \n\nDROP OFF LOCATIONS (ANY ORDER)\n\n- Freight elevator at <EM4>[DESTINATION]</EM4>\n- Freight elevator at <EM4>[DESTINATION1]</EM4>\n\nDrop-offs can be done in whatever order works best for you.  \n\nBy the way, we strongly encourage contractors to bring a <EM4>handheld tractor beam</EM4> along.   \n\n[SIGN_OFF]\n\nChase Hewitt\nJr. Logistics Coordinator\nCovalex Shipping  \n'Anything you need, anywhere you need it.'\n\nCovalex Shipping is a limited liability corporation. To encourage timely deliveries and prevent fraud on cargo hauls, Covalex Shipping will set a delivery time limit and upon expiration, any undelivered cargo will be considered stolen and treated as such. Total payment will be prorated according to the percentage of cargo successfully delivered.",@HaulCargo_SingleToMulti_desc,Covalex_HaulCargo_SingleToMulti_desc_01,61500,,1,,3b2f7882-73cc-41a4-9dce-f188d927e905,"[""35c3ed47bd36"",""15a181728888""]","[""7c7107f9f580"",""32e3bb3ae27a"",""59ce884e5a53"",""bbd717ea0069"",""0fcc1d84a327"",""0c19e0494d99"",""8ed6f459e7a4""]","{""location"":[{""guid"":""551af60b-7727-4936-acc7-763d25d7a1de"",""name"":""Hurston"",""navIcon"":""Planet"",""star"":{""guid"":""34ff378f-faee-47bb-b5fe-f505e665c5ca"",""name"":""Stanton"",""navIcon"":""Star""}}]}","{""CargoRouteToken"":""@HaulCargo_CargoRoute_Planetary"",""CargoGradeToken"":""@HaulCargo_CargoGrade_ExtraSmall"",""ReputationRank"":""@RepStanding_TransportGuild_Rank1"",""MissionMaxSCUSize"":""@FreightElevator_1SCU"",""SingleToMultiToken"":""@HaulCargo_2_SingleToMultiToken""}","{""guid"":""ce51c554-5529-41be-a15e-761b45fea837"",""name"":""Rookie"",""minReputation"":50,""nameKey"":""RepStanding_TransportGuild_Rank1"",""includeWhenSharing"":true}",,,false,false,,5,,,,,"[{""resource"":""77b7c49f0863"",""minSCU"":3,""maxSCU"":6,""maxContainerSize"":1}]",,,,,,1,,,1,,,,"[""Stanton""]",,,,,,1,2,
05c4628c-4fdc-4279-ab36-6c03997c7295,HaulCargo_Multi2ToSingle_Waste_Mixed_ScrapWaste_Stanton2_SmallGrade1,,Hauling - Stellar,,Rookie Rank - Small Cargo Haul,@Covalex_HaulCargo_MultiToSingle_title,"Hello!\n\nThere’s a load of cargo (<EM4>4 SCU</EM4> or smaller) that needs to be delivered to a freight elevator at <EM4>[DESTINATION]</EM4>. The only thing is that the cargo is spread across a few locations, which I’ve listed out below.  \n\nPICK UP LOCATIONS (ANY ORDER)\n\n- Freight elevator at <EM4>[LOCATION]</EM4>\n- Freight elevator at <EM4>[LOCATION1]</EM4>\n\nMakes no difference what order you grab the stuff, as long as it’s all delivered.\n\nBy the way, we strongly encourage contractors to bring a <EM4>handheld tractor beam</EM4> along.   \n\n[SIGN_OFF]\n\nChase Hewitt\nJr. Logistics Coordinator\nCovalex Shipping  \n'Anything you need, anywhere you need it.'\n\nCovalex Shipping is a limited liability corporation. To encourage timely deliveries and prevent fraud on cargo hauls, Covalex Shipping will set a delivery time limit and upon expiration, any undelivered cargo will be considered stolen and treated as such. Total payment will be prorated according to the percentage of cargo successfully delivered.",@HaulCargo_MultiToSingle_desc,Covalex_HaulCargo_MultiToSingle_desc_01,42000,,1,,3b2f7882-73cc-41a4-9dce-f188d927e905,"[""d349a20587a2"",""a49dc6443322"",""cc0b084257c7""]","[""7e6f1702d348"",""cc76fc07b471"",""db17a1be6e86"",""e63d2da1ad36"",""32e3bb3ae27a"",""2ed683252564""]","{""location"":null}","{""CargoRouteToken"":""@HaulCargo_CargoRoute_Solar"",""CargoGradeToken"":""@HaulCargo_CargoGrade_Small"",""ReputationRank"":""@RepStanding_TransportGuild_Rank1"",""MissionMaxSCUSize"":""@FreightElevator_4SCU"",""MultiToSingleToken"":""@HaulCargo_2_MultiToSingleToken""}","{""guid"":""ce51c554-5529-41be-a15e-761b45fea837"",""name"":""Rookie"",""minReputation"":50,""nameKey"":""RepStanding_TransportGuild_Rank1"",""includeWhenSharing"":true}",,,false,false,,5,,,,,"[{""resource"":""977fe39d1cc1"",""minSCU"":2,""maxSCU"":4,""maxContainerSize"":4},{""resource"":""977fe39d1cc1"",""minSCU"":2,""maxSCU"":4,""maxContainerSize"":4},{""resource"":""c5ab7d0672fd"",""minSCU"":2,""maxSCU"":4,""maxContainerSize"":4},{""resource"":""c5ab7d0672fd"",""minSCU"":2,""maxSCU"":4,""maxContainerSize"":4}]",,,,,,1,,,1,,,,,,,,,,2,1,
375b9d89-e6a5-452f-b834-047cb743482d,HaulCargo_Multi2ToSingle_Waste_Mixed_ScrapWaste_Stanton3_SmallGrade1,,Hauling - Stellar,,Rookie Rank - Small Cargo Haul,@Covalex_HaulCargo_MultiToSingle_title,"Hi there,\n\nThere’s a few sites on ArcCorp that need their waste and scrap collected (all boxes <EM4>4 SCU</EM4> or smaller) and taken to a freight elevator at <EM4>[DESTINATION]</EM4>. Doesn’t matter what order you do the run, as long as you grab it all.    \n\nPICK UP LOCATIONS (ANY ORDER)\n\n- Freight elevator at <EM4>[LOCATION]</EM4>\n- Freight elevator at <EM4>[LOCATION1]</EM4>\n\nYou know, my mom was a hauler who specialized in runs like this. It might not be the most glamorous stuff, but she claimed these runs had the best pay-to-risk ratio. Pirates never gave her any trouble when they found out what was on board.  \n\nBy the way, we strongly encourage contractors to bring a <EM4>handheld tractor beam</EM4> along.   \n\nThanks in advance for ensuring prompt service,\n\nChase Hewitt\nJr. Logistics Coordinator\nCovalex Shipping  \n'Anything you need, anywhere you need it.'\n\nCovalex Shipping is a limited liability corporation. To encourage timely deliveries and prevent fraud on cargo hauls, Covalex Shipping will set a delivery time limit and upon expiration, any undelivered cargo will be considered stolen and treated as such. Total payment will be prorated according to the percentage of cargo successfully delivered.",@Covalex_HaulCargo_MultiToSingle_desc_ScrapWaste_Stanton3,Covalex_HaulCargo_MultiToSingle_desc_ScrapWaste_Stanton3,44000,,1,,3b2f7882-73cc-41a4-9dce-f188d927e905,"[""939db9c047f8"",""4bb7d5766b7c"",""dfaa4ef80550"",""eda891a336d8"",""6d40795eef36""]","[""7e6f1702d348"",""cc76fc07b471"",""db17a1be6e86"",""e63d2da1ad36"",""32e3bb3ae27a"",""2ed683252564""]","{""location"":null}","{""CargoRouteToken"":""@HaulCargo_CargoRoute_Solar"",""CargoGradeToken"":""@HaulCargo_CargoGrade_Small"",""ReputationRank"":""@RepStanding_TransportGuild_Rank1"",""MissionMaxSCUSize"":""@FreightElevator_4SCU"",""MultiToSingleToken"":""@HaulCargo_2_MultiToSingleToken""}","{""guid"":""ce51c554-5529-41be-a15e-761b45fea837"",""name"":""Rookie"",""minReputation"":50,""nameKey"":""RepStanding_TransportGuild_Rank1"",""includeWhenSharing"":true}",,,false,false,,5,,,,,"[{""resource"":""977fe39d1cc1"",""minSCU"":2,""maxSCU"":4,""maxContainerSize"":4},{""resource"":""977fe39d1cc1"",""minSCU"":2,""maxSCU"":4,""maxContainerSize"":4},{""resource"":""c5ab7d0672fd"",""minSCU"":2,""maxSCU"":4,""maxContainerSize"":4},{""resource"":""c5ab7d0672fd"",""minSCU"":2,""maxSCU"":4,""maxContainerSize"":4}]",,,,,,1,,,1,,,,,,,,,,2,1,
e0e41991-b694-48db-bf68-8795262da0e8,HaulCargo_Multi2ToSingle_Waste_Mixed_ScrapWaste_Stanton4_SmallGrade2,,Hauling - Stellar,,Rookie Rank - Small Cargo Haul,@Covalex_HaulCargo_MultiToSingle_title,"Hello!\n\nThere’s a load of cargo (<EM4>4 SCU</EM4> or smaller) that needs to be delivered to a freight elevator at <EM4>[DESTINATION]</EM4>. The only thing is that the cargo is spread across a few locations, which I’ve listed out below.  \n\nPICK UP LOCATIONS (ANY ORDER)\n\n- Freight elevator at <EM4>[LOCATION]</EM4>\n- Freight elevator at <EM4>[LOCATION1]</EM4>\n\nMakes no difference what order you grab the stuff, as long as it’s all delivered.\n\nBy the way, we strongly encourage contractors to bring a <EM4>handheld tractor beam</EM4> along.   \n\n[SIGN_OFF]\n\nChase Hewitt\nJr. Logistics Coordinator\nCovalex Shipping  \n'Anything you need, anywhere you need it.'\n\nCovalex Shipping is a limited liability corporation. To encourage timely deliveries and prevent fraud on cargo hauls, Covalex Shipping will set a delivery time limit and upon expiration, any undelivered cargo will be considered stolen and treated as such. Total payment will be prorated according to the percentage of cargo successfully delivered.",@HaulCargo_MultiToSingle_desc,Covalex_HaulCargo_MultiToSingle_desc_01,50250,,1,,3b2f7882-73cc-41a4-9dce-f188d927e905,"[""e15ed9ae26b0"",""c78dabbac080"",""d075888b87ae"",""d9e58924ece8"",""684acd6474b7""]","[""db17a1be6e86"",""e63d2da1ad36"",""2ed683252564""]","{""location"":null}","{""CargoRouteToken"":""@HaulCargo_CargoRoute_Solar"",""CargoGradeToken"":""@HaulCargo_CargoGrade_Small"",""ReputationRank"":""@RepStanding_TransportGuild_Rank1"",""MissionMaxSCUSize"":""@FreightElevator_4SCU"",""MultiToSingleToken"":""@HaulCargo_2_MultiToSingleToken""}","{""guid"":""ce51c554-5529-41be-a15e-761b45fea837"",""name"":""Rookie"",""minReputation"":50,""nameKey"":""RepStanding_TransportGuild_Rank1"",""includeWhenSharing"":true}",,,false,false,,5,,,,,"[{""resource"":""977fe39d1cc1"",""minSCU"":2,""maxSCU"":4,""maxContainerSize"":4},{""resource"":""977fe39d1cc1"",""minSCU"":2,""maxSCU"":4,""maxContainerSize"":4},{""resource"":""c5ab7d0672fd"",""minSCU"":2,""maxSCU"":4,""maxContainerSize"":4},{""resource"":""c5ab7d0672fd"",""minSCU"":2,""maxSCU"":4,""maxContainerSize"":4}]",,,,,,1,,,1,,,,,,,,,,2,1,
c1063adb-30a0-4027-84b0-fb06529383ee,HaulCargo_SingleToMulti2_Gas_Hydrogen_Stanton2_SmallGrade,,Hauling - Planetary,,Rookie Rank - Small Cargo Haul,@Covalex_HaulCargo_SingleToMulti_title,"Greetings, \n\nSeems like <EM4>[LOCATION]</EM4> currently has some <EM4>4 SCU</EM4> or smaller cargo that needs to be separated and delivered to a few different spots. \n\nDROP OFF LOCATIONS (ANY ORDER)\n\n- Freight elevator at <EM4>[DESTINATION]</EM4>\n- Freight elevator at <EM4>[DESTINATION1]</EM4>\n\nDrop-offs can be done in whatever order works best for you.  \n\nBy the way, we strongly encourage contractors to bring a <EM4>handheld tractor beam</EM4> along.   \n\n[SIGN_OFF]\n\nChase Hewitt\nJr. Logistics Coordinator\nCovalex Shipping  \n'Anything you need, anywhere you need it.'\n\nCovalex Shipping is a limited liability corporation. To encourage timely deliveries and prevent fraud on cargo hauls, Covalex Shipping will set a delivery time limit and upon expiration, any undelivered cargo will be considered stolen and treated as such. Total payment will be prorated according to the percentage of cargo successfully delivered.",@HaulCargo_SingleToMulti_desc,Covalex_HaulCargo_SingleToMulti_desc_01,55000,,1,,3b2f7882-73cc-41a4-9dce-f188d927e905,"[""11a4696ac43c"",""15a181728888""]",,"{""location"":[{""guid"":""c15033ab-2eb3-4d6d-b882-0cb336e67ed8"",""name"":""Crusader"",""navIcon"":""Planet"",""star"":{""guid"":""34ff378f-faee-47bb-b5fe-f505e665c5ca"",""name"":""Stanton"",""navIcon"":""Star""}}]}","{""CargoRouteToken"":""@HaulCargo_CargoRoute_Planetary"",""CargoGradeToken"":""@HaulCargo_CargoGrade_Small"",""ReputationRank"":""@RepStanding_TransportGuild_Rank1"",""MissionMaxSCUSize"":""@FreightElevator_4SCU"",""SingleToMultiToken"":""@HaulCargo_2_SingleToMultiToken""}","{""guid"":""ce51c554-5529-41be-a15e-761b45fea837"",""name"":""Rookie"",""minReputation"":50,""nameKey"":""RepStanding_TransportGuild_Rank1"",""includeWhenSharing"":true}",,,false,false,,5,,,,,"[{""resource"":""e4ce2ac56db8"",""minSCU"":7,""maxSCU"":16,""maxContainerSize"":4}]",,,,,,1,,,1,,,,"[""Stanton""]",,,,,,1,2,
70ac2f0d-aa3b-412f-8940-f1c363ad3351,HaulCargo_SingleToMulti2_Gas_Oxygen_Stanton_SmallGrade,,Hauling - Stellar,,Rookie Rank - Small Cargo Haul,@Covalex_HaulCargo_SingleToMulti_title,"Greetings, \n\nSeems like <EM4>[LOCATION]</EM4> currently has some <EM4>4 SCU</EM4> or smaller cargo that needs to be separated and delivered to a few different spots. \n\nDROP OFF LOCATIONS (ANY ORDER)\n\n- Freight elevator at <EM4>[DESTINATION]</EM4>\n- Freight elevator at <EM4>[DESTINATION1]</EM4>\n\nDrop-offs can be done in whatever order works best for you.  \n\nBy the way, we strongly encourage contractors to bring a <EM4>handheld tractor beam</EM4> along.   \n\n[SIGN_OFF]\n\nChase Hewitt\nJr. Logistics Coordinator\nCovalex Shipping  \n'Anything you need, anywhere you need it.'\n\nCovalex Shipping is a limited liability corporation. To encourage timely deliveries and prevent fraud on cargo hauls, Covalex Shipping will set a delivery time limit and upon expiration, any undelivered cargo will be considered stolen and treated as such. Total payment will be prorated according to the percentage of cargo successfully delivered.",@HaulCargo_SingleToMulti_desc,Covalex_HaulCargo_SingleToMulti_desc_01,48750,,1,,3b2f7882-73cc-41a4-9dce-f188d927e905,"[""32d25a8fa1b9""]","[""7c7107f9f580"",""10b299e2ccf9"",""7e6f1702d348"",""0fcc1d84a327"",""32e3bb3ae27a"",""59ce884e5a53"",""8ed6f459e7a4"",""bbd717ea0069""]","{""location"":[{""guid"":""34ff378f-faee-47bb-b5fe-f505e665c5ca"",""name"":""Stanton"",""navIcon"":""Star""}]}","{""CargoRouteToken"":""@HaulCargo_CargoRoute_Solar"",""CargoGradeToken"":""@HaulCargo_CargoGrade_Small"",""ReputationRank"":""@RepStanding_TransportGuild_Rank1"",""MissionMaxSCUSize"":""@FreightElevator_4SCU"",""SingleToMultiToken"":""@HaulCargo_2_SingleToMultiToken""}","{""guid"":""ce51c554-5529-41be-a15e-761b45fea837"",""name"":""Rookie"",""minReputation"":50,""nameKey"":""RepStanding_TransportGuild_Rank1"",""includeWhenSharing"":true}",,,false,false,,5,,,,,"[{""resource"":null,""minSCU"":4,""maxSCU"":8,""maxContainerSize"":4},{""resource"":null,""minSCU"":4,""maxSCU"":8,""maxContainerSize"":4}]",,,,,,1,,,1,,,,,,,,,,1,2,
b7c6de5a-4403-46d3-9e6b-b2c23d653a6c,HaulCargo_SingleToMulti2_Gas_Oxygen_Stanton1_SmallGrade,,Hauling - Planetary,,Rookie Rank - Small Cargo Haul,@Covalex_HaulCargo_SingleToMulti_title,"Greetings, \n\nSeems like <EM4>[LOCATION]</EM4> currently has some <EM4>4 SCU</EM4> or smaller cargo that needs to be separated and delivered to a few different spots. \n\nDROP OFF LOCATIONS (ANY ORDER)\n\n- Freight elevator at <EM4>[DESTINATION]</EM4>\n- Freight elevator at <EM4>[DESTINATION1]</EM4>\n\nDrop-offs can be done in whatever order works best for you.  \n\nBy the way, we strongly encourage contractors to bring a <EM4>handheld tractor beam</EM4> along.   \n\n[SIGN_OFF]\n\nChase Hewitt\nJr. Logistics Coordinator\nCovalex Shipping  \n'Anything you need, anywhere you need it.'\n\nCovalex Shipping is a limited liability corporation. To encourage timely deliveries and prevent fraud on cargo hauls, Covalex Shipping will set a delivery time limit and upon expiration, any undelivered cargo will be considered stolen and treated as such. Total payment will be prorated according to the percentage of cargo successfully delivered.",@HaulCargo_SingleToMulti_desc,Covalex_HaulCargo_SingleToMulti_desc_01,48500,,1,,3b2f7882-73cc-41a4-9dce-f188d927e905,"[""35c3ed47bd36"",""89a008e35ed9"",""5acdaddce185"",""87890be8c56e"",""344489ef2811"",""70e2a4e15934"",""e69a2518b584"",""b873eaf28465"",""f40a07fbd12f"",""97eb00c40c72"",""d3ed903f7000"",""b77eacfa4977"",""57d5a7e2054f"",""e9187036aea8"",""d51d9286b7ea"",""731b3f66d433"",""aea1218cee3a"",""f5d285444203"",""c8ec90a805e4"",""a854ef6fbec3"",""8a9af4c27255"",""540e602749e8"",""d7f6e64900b0"",""15a181728888""]","[""7c7107f9f580"",""32e3bb3ae27a"",""59ce884e5a53"",""bbd717ea0069"",""7e6f1702d348"",""0fcc1d84a327"",""8ed6f459e7a4""]","{""location"":[{""guid"":""551af60b-7727-4936-acc7-763d25d7a1de"",""name"":""Hurston"",""navIcon"":""Planet"",""star"":{""guid"":""34ff378f-faee-47bb-b5fe-f505e665c5ca"",""name"":""Stanton"",""navIcon"":""Star""}}]}","{""CargoRouteToken"":""@HaulCargo_CargoRoute_Planetary"",""CargoGradeToken"":""@HaulCargo_CargoGrade_Small"",""ReputationRank"":""@RepStanding_TransportGuild_Rank1"",""MissionMaxSCUSize"":""@FreightElevator_4SCU"",""SingleToMultiToken"":""@HaulCargo_2_SingleToMultiToken""}","{""guid"":""ce51c554-5529-41be-a15e-761b45fea837"",""name"":""Rookie"",""minReputation"":50,""nameKey"":""RepStanding_TransportGuild_Rank1"",""includeWhenSharing"":true}",,,false,false,,5,,,,,"[{""resource"":null,""minSCU"":4,""maxSCU"":8,""maxContainerSize"":4}]",,,,,,1,,,1,,,,"[""Stanton""]",,,,,,1,2,
427442fa-30cb-4ea9-a483-ad54d2d27161,HaulCargo_SingleToMulti2_Processed_AgriculturalSupplies_Stanton2_SmallGrade,,Hauling - Planetary,,Rookie Rank - Small Cargo Haul,@Covalex_HaulCargo_SingleToMulti_title,"Greetings, \n\nSeems like <EM4>[LOCATION]</EM4> currently has some <EM4>4 SCU</EM4> or smaller cargo that needs to be separated and delivered to a few different spots. \n\nDROP OFF LOCATIONS (ANY ORDER)\n\n- Freight elevator at <EM4>[DESTINATION]</EM4>\n- Freight elevator at <EM4>[DESTINATION1]</EM4>\n\nDrop-offs can be done in whatever order works best for you.  \n\nBy the way, we strongly encourage contractors to bring a <EM4>handheld tractor beam</EM4> along.   \n\n[SIGN_OFF]\n\nChase Hewitt\nJr. Logistics Coordinator\nCovalex Shipping  \n'Anything you need, anywhere you need it.'\n\nCovalex Shipping is a limited liability corporation. To encourage timely deliveries and prevent fraud on cargo hauls, Covalex Shipping will set a delivery time limit and upon expiration, any undelivered cargo will be considered stolen and treated as such. Total payment will be prorated according to the percentage of cargo successfully delivered.",@HaulCargo_SingleToMulti_desc,Covalex_HaulCargo_SingleToMulti_desc_01,48500,,1,,3b2f7882-73cc-41a4-9dce-f188d927e905,"[""11a4696ac43c"",""15a181728888""]",,"{""location"":[{""guid"":""c15033ab-2eb3-4d6d-b882-0cb336e67ed8"",""name"":""Crusader"",""navIcon"":""Planet"",""star"":{""guid"":""34ff378f-faee-47bb-b5fe-f505e665c5ca"",""name"":""Stanton"",""navIcon"":""Star""}}]}","{""CargoRouteToken"":""@HaulCargo_CargoRoute_Planetary"",""CargoGradeToken"":""@HaulCargo_CargoGrade_Small"",""ReputationRank"":""@RepStanding_TransportGuild_Rank1"",""MissionMaxSCUSize"":""@FreightElevator_4SCU"",""SingleToMultiToken"":""@HaulCargo_2_SingleToMultiToken""}","{""guid"":""ce51c554-5529-41be-a15e-761b45fea837"",""name"":""Rookie"",""minReputation"":50,""nameKey"":""RepStanding_TransportGuild_Rank1"",""includeWhenSharing"":true}",,,false,false,,5,,,,,"[{""resource"":""7b27b1113342"",""minSCU"":4,""maxSCU"":8,""maxContainerSize"":4}]",,,,,,1,,,1,,,,"[""Stanton""]",,,,,,1,2,
4562ff5f-a28c-4216-b4f8-831e55e5d004,HaulCargo_SingleToMulti2_Processed_ProcessedFood_Stanton3_SmallGrade,,Hauling - Planetary,,Rookie Rank - Small Cargo Haul,@Covalex_HaulCargo_SingleToMulti_title,"Greetings, \n\nSeems like <EM4>[LOCATION]</EM4> currently has some <EM4>4 SCU</EM4> or smaller cargo that needs to be separated and delivered to a few different spots. \n\nDROP OFF LOCATIONS (ANY ORDER)\n\n- Freight elevator at <EM4>[DESTINATION]</EM4>\n- Freight elevator at <EM4>[DESTINATION1]</EM4>\n\nDrop-offs can be done in whatever order works best for you.  \n\nBy the way, we strongly encourage contractors to bring a <EM4>handheld tractor beam</EM4> along.   \n\n[SIGN_OFF]\n\nChase Hewitt\nJr. Logistics Coordinator\nCovalex Shipping  \n'Anything you need, anywhere you need it.'\n\nCovalex Shipping is a limited liability corporation. To encourage timely deliveries and prevent fraud on cargo hauls, Covalex Shipping will set a delivery time limit and upon expiration, any undelivered cargo will be considered stolen and treated as such. Total payment will be prorated according to the percentage of cargo successfully delivered.",@HaulCargo_SingleToMulti_desc,Covalex_HaulCargo_SingleToMulti_desc_01,55000,,1,,3b2f7882-73cc-41a4-9dce-f188d927e905,"[""e2c9d59de95f""]",,"{""location"":[{""guid"":""35a9f8f5-8f80-4796-83db-7d7362baeb9a"",""name"":""ArcCorp"",""navIcon"":""Planet"",""star"":{""guid"":""34ff378f-faee-47bb-b5fe-f505e665c5ca"",""name"":""Stanton"",""navIcon"":""Star""}}]}","{""CargoRouteToken"":""@HaulCargo_CargoRoute_Planetary"",""CargoGradeToken"":""@HaulCargo_CargoGrade_Small"",""ReputationRank"":""@RepStanding_TransportGuild_Rank1"",""MissionMaxSCUSize"":""@FreightElevator_4SCU"",""SingleToMultiToken"":""@HaulCargo_2_SingleToMultiToken""}","{""guid"":""ce51c554-5529-41be-a15e-761b45fea837"",""name"":""Rookie"",""minReputation"":50,""nameKey"":""RepStanding_TransportGuild_Rank1"",""includeWhenSharing"":true}",,,false,false,,5,,,,,"[{""resource"":""b791e5d84f22"",""minSCU"":7,""maxSCU"":16,""maxContainerSize"":4},{""resource"":""b791e5d84f22"",""minSCU"":7,""maxSCU"":16,""maxContainerSize"":4}]",,,,,,1,,,1,,,,"[""Stanton""]",,,,,,1,2,
45f6464d-2913-4000-9eb2-cb743deea6f5,HaulCargo_SingleToMulti2_Processed_Stims_Stanton1_SmallGrade,,Hauling - Planetary,,Rookie Rank - Small Cargo Haul,@Covalex_HaulCargo_SingleToMulti_title,"Hi,\n\nThere’s a load of stims at <EM4>[LOCATION]</EM4> ready to be picked up from a freight elevator and delivered to a few spots. They will be packaged up in containers <EM4>4 SCU</EM4> or smaller. Any chance you can knock this one out for me? \n\nDoesn’t matter what order you drop them off.    \n\nDROP OFF LOCATIONS (ANY ORDER)\n\n- Freight elevator at <EM4>[DESTINATION]</EM4>\n- Freight elevator at <EM4>[DESTINATION1]</EM4>\n\nGlad I never picked up the habit myself because I swear I get more delivery update requests for “where are my stims?!?” than any other kind of shipment. \n\nBy the way, we strongly encourage contractors to bring a <EM4>handheld tractor beam</EM4> along.   \n\nThanks in advance for ensuring prompt service,\n\nChase Hewitt\nJr. Logistics Coordinator\nCovalex Shipping  \n'Anything you need, anywhere you need it.'\n\nCovalex Shipping is a limited liability corporation. To encourage timely deliveries and prevent fraud on cargo hauls, Covalex Shipping will set a delivery time limit and upon expiration, any undelivered cargo will be considered stolen and treated as such. Total payment will be prorated according to the percentage of cargo successfully delivered.",@Covalex_HaulCargo_SingleToMulti_Processed_Stims,Covalex_HaulCargo_SingleToMulti_Processed_Stims,48500,,1,,3b2f7882-73cc-41a4-9dce-f188d927e905,"[""35c3ed47bd36"",""11a4696ac43c"",""e2c9d59de95f"",""15a181728888""]","[""7c7107f9f580"",""4c989742e9ab"",""59ce884e5a53"",""bbd717ea0069"",""667f49ab8f80"",""7e6f1702d348"",""cc76fc07b471"",""0fcc1d84a327"",""269b504a4b6b"",""8ed6f459e7a4""]","{""location"":[{""guid"":""551af60b-7727-4936-acc7-763d25d7a1de"",""name"":""Hurston"",""navIcon"":""Planet"",""star"":{""guid"":""34ff378f-faee-47bb-b5fe-f505e665c5ca"",""name"":""Stanton"",""navIcon"":""Star""}}]}","{""CargoRouteToken"":""@HaulCargo_CargoRoute_Planetary"",""CargoGradeToken"":""@HaulCargo_CargoGrade_Small"",""ReputationRank"":""@RepStanding_TransportGuild_Rank1"",""MissionMaxSCUSize"":""@FreightElevator_4SCU"",""SingleToMultiToken"":""@HaulCargo_2_SingleToMultiToken""}","{""guid"":""ce51c554-5529-41be-a15e-761b45fea837"",""name"":""Rookie"",""minReputation"":50,""nameKey"":""RepStanding_TransportGuild_Rank1"",""includeWhenSharing"":true}",,,false,false,,5,,,,,"[{""resource"":""33ac9b2f41af"",""minSCU"":4,""maxSCU"":8,""maxContainerSize"":4}]",,,,,,1,,,1,,,,"[""Stanton""]",,,,,,1,2,
dbc88372-fe44-4faf-a67d-a7854e121a6f,HaulCargo_SingleToMulti2_Processed_Stims_Stanton1_SmallGrade2,,Hauling - Stellar,,Rookie Rank - Small Cargo Haul,@Covalex_HaulCargo_SingleToMulti_title,"Hi,\n\nThere’s a load of stims at <EM4>[LOCATION]</EM4> ready to be picked up from a freight elevator and delivered to a few spots. They will be packaged up in containers <EM4>4 SCU</EM4> or smaller. Any chance you can knock this one out for me? \n\nDoesn’t matter what order you drop them off.    \n\nDROP OFF LOCATIONS (ANY ORDER)\n\n- Freight elevator at <EM4>[DESTINATION]</EM4>\n- Freight elevator at <EM4>[DESTINATION1]</EM4>\n\nGlad I never picked up the habit myself because I swear I get more delivery update requests for “where are my stims?!?” than any other kind of shipment. \n\nBy the way, we strongly encourage contractors to bring a <EM4>handheld tractor beam</EM4> along.   \n\nThanks in advance for ensuring prompt service,\n\nChase Hewitt\nJr. Logistics Coordinator\nCovalex Shipping  \n'Anything you need, anywhere you need it.'\n\nCovalex Shipping is a limited liability corporation. To encourage timely deliveries and prevent fraud on cargo hauls, Covalex Shipping will set a delivery time limit and upon expiration, any undelivered cargo will be considered stolen and treated as such. Total payment will be prorated according to the percentage of cargo successfully delivered.",@Covalex_HaulCargo_SingleToMulti_Processed_Stims,Covalex_HaulCargo_SingleToMulti_Processed_Stims,37250,,1,,3b2f7882-73cc-41a4-9dce-f188d927e905,,"[""e95b4a8986f3"",""b59e5f3521ad"",""b3580d2b56f8"",""4411e7a6a465"",""757b267eceb1""]","{""location"":null}","{""CargoRouteToken"":""@HaulCargo_CargoRoute_Solar"",""CargoGradeToken"":""@HaulCargo_CargoGrade_Small"",""ReputationRank"":""@RepStanding_TransportGuild_Rank1"",""MissionMaxSCUSize"":""@FreightElevator_4SCU"",""SingleToMultiToken"":""@HaulCargo_2_SingleToMultiToken""}","{""guid"":""ce51c554-5529-41be-a15e-761b45fea837"",""name"":""Rookie"",""minReputation"":50,""nameKey"":""RepStanding_TransportGuild_Rank1"",""includeWhenSharing"":true}",,,false,false,,5,,,,,"[{""resource"":""33ac9b2f41af"",""minSCU"":4,""maxSCU"":8,""maxContainerSize"":4},{""resource"":""33ac9b2f41af"",""minSCU"":4,""maxSCU"":8,""maxContainerSize"":4}]",,,,,,1,,,1,,,,,,,,,,1,2,
f82d4c02-7579-4d5a-b5b6-3e4c3c567f15,HaulCargo_SingleToMulti2_Processed_Stims_Stanton2_SmallGrade1,,Hauling - Stellar,,Rookie Rank - Small Cargo Haul,@Covalex_HaulCargo_SingleToMulti_title,"Hi,\n\nThere’s a load of stims at <EM4>[LOCATION]</EM4> ready to be picked up from a freight elevator and delivered to a few spots. They will be packaged up in containers <EM4>4 SCU</EM4> or smaller. Any chance you can knock this one out for me? \n\nDoesn’t matter what order you drop them off.    \n\nDROP OFF LOCATIONS (ANY ORDER)\n\n- Freight elevator at <EM4>[DESTINATION]</EM4>\n- Freight elevator at <EM4>[DESTINATION1]</EM4>\n\nGlad I never picked up the habit myself because I swear I get more delivery update requests for “where are my stims?!?” than any other kind of shipment. \n\nBy the way, we strongly encourage contractors to bring a <EM4>handheld tractor beam</EM4> along.   \n\nThanks in advance for ensuring prompt service,\n\nChase Hewitt\nJr. Logistics Coordinator\nCovalex Shipping  \n'Anything you need, anywhere you need it.'\n\nCovalex Shipping is a limited liability corporation. To encourage timely deliveries and prevent fraud on cargo hauls, Covalex Shipping will set a delivery time limit and upon expiration, any undelivered cargo will be considered stolen and treated as such. Total payment will be prorated according to the percentage of cargo successfully delivered.",@Covalex_HaulCargo_SingleToMulti_Processed_Stims,Covalex_HaulCargo_SingleToMulti_Processed_Stims,42000,,1,,3b2f7882-73cc-41a4-9dce-f188d927e905,,"[""a135f4e98ad2"",""4a0bccec3491"",""02c36d96275b""]","{""location"":null}","{""CargoRouteToken"":""@HaulCargo_CargoRoute_Solar"",""CargoGradeToken"":""@HaulCargo_CargoGrade_Small"",""ReputationRank"":""@RepStanding_TransportGuild_Rank1"",""MissionMaxSCUSize"":""@FreightElevator_4SCU"",""SingleToMultiToken"":""@HaulCargo_2_SingleToMultiToken""}","{""guid"":""ce51c554-5529-41be-a15e-761b45fea837"",""name"":""Rookie"",""minReputation"":50,""nameKey"":""RepStanding_TransportGuild_Rank1"",""includeWhenSharing"":true}",,,false,false,,5,,,,,"[{""resource"":""33ac9b2f41af"",""minSCU"":4,""maxSCU"":8,""maxContainerSize"":4},{""resource"":""33ac9b2f41af"",""minSCU"":4,""maxSCU"":8,""maxContainerSize"":4}]",,,,,,1,,,1,,,,,,,,,,1,2,
0390b1a3-138b-4760-a65f-198d24df5aa2,HaulCargo_SingleToMulti2_Processed_Stims_Stanton3_SmallGrade1,,Hauling - Stellar,,Rookie Rank - Small Cargo Haul,@Covalex_HaulCargo_SingleToMulti_title,"Hi,\n\nThere’s a load of stims at <EM4>[LOCATION]</EM4> ready to be picked up from a freight elevator and delivered to a few spots. They will be packaged up in containers <EM4>4 SCU</EM4> or smaller. Any chance you can knock this one out for me? \n\nDoesn’t matter what order you drop them off.    \n\nDROP OFF LOCATIONS (ANY ORDER)\n\n- Freight elevator at <EM4>[DESTINATION]</EM4>\n- Freight elevator at <EM4>[DESTINATION1]</EM4>\n\nGlad I never picked up the habit myself because I swear I get more delivery update requests for “where are my stims?!?” than any other kind of shipment. \n\nBy the way, we strongly encourage contractors to bring a <EM4>handheld tractor beam</EM4> along.   \n\nThanks in advance for ensuring prompt service,\n\nChase Hewitt\nJr. Logistics Coordinator\nCovalex Shipping  \n'Anything you need, anywhere you need it.'\n\nCovalex Shipping is a limited liability corporation. To encourage timely deliveries and prevent fraud on cargo hauls, Covalex Shipping will set a delivery time limit and upon expiration, any undelivered cargo will be considered stolen and treated as such. Total payment will be prorated according to the percentage of cargo successfully delivered.",@Covalex_HaulCargo_SingleToMulti_Processed_Stims,Covalex_HaulCargo_SingleToMulti_Processed_Stims,44000,,1,,3b2f7882-73cc-41a4-9dce-f188d927e905,,"[""cdbe5c5a9cc4"",""581b65066988"",""360e510ac13b"",""baff0c674b66"",""cd6ab6ce61a7""]","{""location"":null}","{""CargoRouteToken"":""@HaulCargo_CargoRoute_Solar"",""CargoGradeToken"":""@HaulCargo_CargoGrade_Small"",""ReputationRank"":""@RepStanding_TransportGuild_Rank1"",""MissionMaxSCUSize"":""@FreightElevator_4SCU"",""SingleToMultiToken"":""@HaulCargo_2_SingleToMultiToken""}","{""guid"":""ce51c554-5529-41be-a15e-761b45fea837"",""name"":""Rookie"",""minReputation"":50,""nameKey"":""RepStanding_TransportGuild_Rank1"",""includeWhenSharing"":true}",,,false,false,,5,,,,,"[{""resource"":""33ac9b2f41af"",""minSCU"":4,""maxSCU"":8,""maxContainerSize"":4},{""resource"":""33ac9b2f41af"",""minSCU"":4,""maxSCU"":8,""maxContainerSize"":4}]",,,,,,1,,,1,,,,,,,,,,1,2,
c4f720fd-21c1-4060-adf8-417838b8809b,HaulCargo_SingleToMulti2_Processed_Stims_Stanton4_SmallGrade2,,Hauling - Stellar,,Rookie Rank - Small Cargo Haul,@Covalex_HaulCargo_SingleToMulti_title,"Hi,\n\nThere’s a load of stims at <EM4>[LOCATION]</EM4> ready to be picked up from a freight elevator and delivered to a few spots. They will be packaged up in containers <EM4>4 SCU</EM4> or smaller. Any chance you can knock this one out for me? \n\nDoesn’t matter what order you drop them off.    \n\nDROP OFF LOCATIONS (ANY ORDER)\n\n- Freight elevator at <EM4>[DESTINATION]</EM4>\n- Freight elevator at <EM4>[DESTINATION1]</EM4>\n\nGlad I never picked up the habit myself because I swear I get more delivery update requests for “where are my stims?!?” than any other kind of shipment. \n\nBy the way, we strongly encourage contractors to bring a <EM4>handheld tractor beam</EM4> along.   \n\nThanks in advance for ensuring prompt service,\n\nChase Hewitt\nJr. Logistics Coordinator\nCovalex Shipping  \n'Anything you need, anywhere you need it.'\n\nCovalex Shipping is a limited liability corporation. To encourage timely deliveries and prevent fraud on cargo hauls, Covalex Shipping will set a delivery time limit and upon expiration, any undelivered cargo will be considered stolen and treated as such. Total payment will be prorated according to the percentage of cargo successfully delivered.",@Covalex_HaulCargo_SingleToMulti_Processed_Stims,Covalex_HaulCargo_SingleToMulti_Processed_Stims,50250,,1,,3b2f7882-73cc-41a4-9dce-f188d927e905,,"[""018f9a8014f4"",""f6d49b8ef987"",""afc85b274a27"",""51c7fcbf4b91"",""f14fda6625d9""]","{""location"":null}","{""CargoRouteToken"":""@HaulCargo_CargoRoute_Solar"",""CargoGradeToken"":""@HaulCargo_CargoGrade_Small"",""ReputationRank"":""@RepStanding_TransportGuild_Rank1"",""MissionMaxSCUSize"":""@FreightElevator_4SCU"",""SingleToMultiToken"":""@HaulCargo_2_SingleToMultiToken""}","{""guid"":""ce51c554-5529-41be-a15e-761b45fea837"",""name"":""Rookie"",""minReputation"":50,""nameKey"":""RepStanding_TransportGuild_Rank1"",""includeWhenSharing"":true}",,,false,false,,5,,,,,"[{""resource"":""33ac9b2f41af"",""minSCU"":4,""maxSCU"":8,""maxContainerSize"":4},{""resource"":""33ac9b2f41af"",""minSCU"":4,""maxSCU"":8,""maxContainerSize"":4}]",,,,,,1,,,1,,,,,,,,,,1,2,
e7e831be-6fae-4650-9ccc-81aa6fe3551c,HaulCargo_SingleToMulti2_RefinedOre_Corundum_Stanton_SmallGrade,,Hauling - Stellar,,Rookie Rank - Small Cargo Haul,@Covalex_HaulCargo_SingleToMulti_title,"Hi there,\n\nThe refinery at <EM4>[LOCATION]</EM4> has been busy. They’ve processed a bunch of <EM4>Corundum</EM4> into containers <EM4>4 SCU</EM4> or smaller, and are looking to get it shipped out from a freight elevator. I just checked with the LEOs to see which ones needed this stuff and was able to put together this run.  \n\nDROP OFF LOCATIONS (ANY ORDER)\n\n- Freight elevator at <EM4>[DESTINATION]</EM4>\n- Freight elevator at <EM4>[DESTINATION1]</EM4>\n\nShould be an easy run for you, if you’re free. \n\nBy the way, we strongly encourage contractors to bring a <EM4>handheld tractor beam</EM4> along.   \n\nThanks in advance for ensuring prompt service,\n\nChase Hewitt\nJr. Logistics Coordinator\nCovalex Shipping  \n'Anything you need, anywhere you need it.'\n\nCovalex Shipping is a limited liability corporation. To encourage timely deliveries and prevent fraud on cargo hauls, Covalex Shipping will set a delivery time limit and upon expiration, any undelivered cargo will be considered stolen and treated as such. Total payment will be prorated according to the percentage of cargo successfully delivered.",@Covalex_HaulCargo_SingleToMulti_RefinedOre,Covalex_HaulCargo_SingleToMulti_RefinedOre,49750,,1,,3b2f7882-73cc-41a4-9dce-f188d927e905,"[""939db9c047f8"",""4bb7d5766b7c"",""dfaa4ef80550"",""eda891a336d8"",""6d40795eef36""]","[""7c7107f9f580"",""10b299e2ccf9"",""db17a1be6e86"",""0fcc1d84a327"",""e63d2da1ad36"",""32e3bb3ae27a"",""d56b03ec64ca"",""0c19e0494d99"",""59ce884e5a53"",""8ed6f459e7a4"",""2ed683252564"",""de212bfbf4b5"",""bbd717ea0069""]","{""location"":[{""guid"":""35a9f8f5-8f80-4796-83db-7d7362baeb9a"",""name"":""ArcCorp"",""navIcon"":""Planet"",""star"":{""guid"":""34ff378f-faee-47bb-b5fe-f505e665c5ca"",""name"":""Stanton"",""navIcon"":""Star""}}]}","{""CargoRouteToken"":""@HaulCargo_CargoRoute_Solar"",""CargoGradeToken"":""@HaulCargo_CargoGrade_Small"",""ReputationRank"":""@RepStanding_TransportGuild_Rank1"",""MissionMaxSCUSize"":""@FreightElevator_4SCU"",""Item"":""@items_commodities_corundum"",""SingleToMultiToken"":""@HaulCargo_2_SingleToMultiToken""}","{""guid"":""ce51c554-5529-41be-a15e-761b45fea837"",""name"":""Rookie"",""minReputation"":50,""nameKey"":""RepStanding_TransportGuild_Rank1"",""includeWhenSharing"":true}",,,false,false,,5,,,,,"[{""resource"":""d3f586abbe5d"",""minSCU"":4,""maxSCU"":8,""maxContainerSize"":4},{""resource"":""d3f586abbe5d"",""minSCU"":4,""maxSCU"":8,""maxContainerSize"":4}]",,,,,,1,,,1,,,,,,,,,,1,2,
89b787b8-ebc0-4f12-b286-1f7f9f41f947,HaulCargo_SingleToMulti2_RefinedOre_Tin_Stanton1_SmallGrade,,Hauling - Planetary,,Rookie Rank - Small Cargo Haul,@Covalex_HaulCargo_SingleToMulti_title,"Greetings, \n\nSeems like <EM4>[LOCATION]</EM4> currently has some <EM4>4 SCU</EM4> or smaller cargo that needs to be separated and delivered to a few different spots. \n\nDROP OFF LOCATIONS (ANY ORDER)\n\n- Freight elevator at <EM4>[DESTINATION]</EM4>\n- Freight elevator at <EM4>[DESTINATION1]</EM4>\n\nDrop-offs can be done in whatever order works best for you.  \n\nBy the way, we strongly encourage contractors to bring a <EM4>handheld tractor beam</EM4> along.   \n\n[SIGN_OFF]\n\nChase Hewitt\nJr. Logistics Coordinator\nCovalex Shipping  \n'Anything you need, anywhere you need it.'\n\nCovalex Shipping is a limited liability corporation. To encourage timely deliveries and prevent fraud on cargo hauls, Covalex Shipping will set a delivery time limit and upon expiration, any undelivered cargo will be considered stolen and treated as such. Total payment will be prorated according to the percentage of cargo successfully delivered.",@HaulCargo_SingleToMulti_desc,Covalex_HaulCargo_SingleToMulti_desc_01,48500,,1,,3b2f7882-73cc-41a4-9dce-f188d927e905,"[""35c3ed47bd36"",""15a181728888""]","[""7c7107f9f580"",""32e3bb3ae27a"",""59ce884e5a53"",""bbd717ea0069"",""0fcc1d84a327"",""0c19e0494d99"",""8ed6f459e7a4""]","{""location"":[{""guid"":""551af60b-7727-4936-acc7-763d25d7a1de"",""name"":""Hurston"",""navIcon"":""Planet"",""star"":{""guid"":""34ff378f-faee-47bb-b5fe-f505e665c5ca"",""name"":""Stanton"",""navIcon"":""Star""}}]}","{""CargoRouteToken"":""@HaulCargo_CargoRoute_Planetary"",""CargoGradeToken"":""@HaulCargo_CargoGrade_Small"",""ReputationRank"":""@RepStanding_TransportGuild_Rank1"",""MissionMaxSCUSize"":""@FreightElevator_4SCU"",""SingleToMultiToken"":""@HaulCargo_2_SingleToMultiToken""}","{""guid"":""ce51c554-5529-41be-a15e-761b45fea837"",""name"":""Rookie"",""minReputation"":50,""nameKey"":""RepStanding_TransportGuild_Rank1"",""includeWhenSharing"":true}",,,false,false,,5,,,,,"[{""resource"":""7847383427be"",""minSCU"":4,""maxSCU"":8,""maxContainerSize"":4}]",,,,,,1,,,1,,,,"[""Stanton""]",,,,,,1,2,
06d087e3-aee8-4a6d-b819-be06b54390da,HaulCargo_Multi3ToSingle_Waste_Waste_Stanton_BulkGrade,,Hauling - Stellar,,Senior Rank - Large Cargo Haul,@Covalex_HaulCargo_MultiToSingle_title,"Hello!\n\nThere’s a load of cargo (<EM4>32 SCU</EM4> or smaller) that needs to be delivered to a freight elevator at <EM4>[DESTINATION]</EM4>. The only thing is that the cargo is spread across a few locations, which I’ve listed out below.  \n\nPICK UP LOCATIONS (ANY ORDER)\n\n- Freight elevator at <EM4>[LOCATION]</EM4>\n- Freight elevator at <EM4>[LOCATION1]</EM4>\n- Freight elevator at <EM4>[LOCATION2]</EM4>\n\nMakes no difference what order you grab the stuff, as long as it’s all delivered.\n\nBy the way, we strongly encourage contractors to bring a <EM4>handheld tractor beam</EM4> along.   \n\n[SIGN_OFF]\n\nChase Hewitt\nJr. Logistics Coordinator\nCovalex Shipping  \n'Anything you need, anywhere you need it.'\n\nCovalex Shipping is a limited liability corporation. To encourage timely deliveries and prevent fraud on cargo hauls, Covalex Shipping will set a delivery time limit and upon expiration, any undelivered cargo will be considered stolen and treated as such. Total payment will be prorated according to the percentage of cargo successfully delivered.",@HaulCargo_MultiToSingle_desc,Covalex_HaulCargo_MultiToSingle_desc_01,209500,,1,,3b2f7882-73cc-41a4-9dce-f188d927e905,"[""32d25a8fa1b9""]","[""ffd2d63ccf28"",""7c7107f9f580"",""7e6f1702d348"",""cc76fc07b471"",""db17a1be6e86"",""d819ce4e66cf"",""e63d2da1ad36"",""32e3bb3ae27a"",""2ed683252564"",""de212bfbf4b5"",""bbd717ea0069""]","{""location"":[{""guid"":""34ff378f-faee-47bb-b5fe-f505e665c5ca"",""name"":""Stanton"",""navIcon"":""Star""}]}","{""CargoRouteToken"":""@HaulCargo_CargoRoute_Solar"",""CargoGradeToken"":""@HaulCargo_CargoGrade_Bulk"",""ReputationRank"":""@RepStanding_TransportGuild_Rank5"",""MissionMaxSCUSize"":""@FreightElevator_32SCU"",""MultiToSingleToken"":""@HaulCargo_3_MultiToSingleToken""}","{""guid"":""120d179a-d3d1-464a-9391-160358abf60f"",""name"":""Senior"",""minReputation"":77750,""nameKey"":""RepStanding_TransportGuild_Rank5"",""includeWhenSharing"":true}",,,false,false,,20,,,,,"[{""resource"":""977fe39d1cc1"",""minSCU"":133,""maxSCU"":213,""maxContainerSize"":32},{""resource"":""977fe39d1cc1"",""minSCU"":132,""maxSCU"":212,""maxContainerSize"":32},{""resource"":""977fe39d1cc1"",""minSCU"":133,""maxSCU"":213,""maxContainerSize"":32}]",,,,,,1,,,1,,,,,,,,,,3,1,
02674975-c818-4535-bffb-e0240be87b26,HaulCargo_SingleToMulti3_Processed_Mixed_PressIceProcFood_Stanton1_SupplyGrade,,Hauling - Planetary,,Senior Rank - Medium Cargo Haul,@Covalex_HaulCargo_SingleToMulti_title,"Greetings, \n\nSeems like <EM4>[LOCATION]</EM4> currently has some <EM4>16 SCU</EM4> or smaller cargo that needs to be separated and delivered to a few different spots. \n\nDROP OFF LOCATIONS (ANY ORDER)\n\n- Freight elevator at <EM4>[DESTINATION]</EM4>\n- Freight elevator at <EM4>[DESTINATION1]</EM4>\n- Freight elevator at <EM4>[DESTINATION2]</EM4>\n\nDrop-offs can be done in whatever order works best for you.  \n\nBy the way, we strongly encourage contractors to bring a <EM4>handheld tractor beam</EM4> along.   \n\n[SIGN_OFF]\n\nChase Hewitt\nJr. Logistics Coordinator\nCovalex Shipping  \n'Anything you need, anywhere you need it.'\n\nCovalex Shipping is a limited liability corporation. To encourage timely deliveries and prevent fraud on cargo hauls, Covalex Shipping will set a delivery time limit and upon expiration, any undelivered cargo will be considered stolen and treated as such. Total payment will be prorated according to the percentage of cargo successfully delivered.",@HaulCargo_SingleToMulti_desc,Covalex_HaulCargo_SingleToMulti_desc_01,332250,,1,,3b2f7882-73cc-41a4-9dce-f188d927e905,"[""35c3ed47bd36""]","[""cdbe5c5a9cc4"",""7c7107f9f580"",""10b299e2ccf9"",""7e6f1702d348"",""4c989742e9ab"",""a135f4e98ad2"",""e95b4a8986f3"",""581b65066988"",""cc76fc07b471"",""b59e5f3521ad"",""0fcc1d84a327"",""32e3bb3ae27a"",""018f9a8014f4"",""d56b03ec64ca"",""b3580d2b56f8"",""360e510ac13b"",""f6d49b8ef987"",""269b504a4b6b"",""baff0c674b66"",""afc85b274a27"",""59ce884e5a53"",""8ed6f459e7a4"",""51c7fcbf4b91"",""cd6ab6ce61a7"",""4a0bccec3491"",""f14fda6625d9"",""02c36d96275b"",""4411e7a6a465"",""bbd717ea0069"",""757b267eceb1""]","{""location"":[{""guid"":""551af60b-7727-4936-acc7-763d25d7a1de"",""name"":""Hurston"",""navIcon"":""Planet"",""star"":{""guid"":""34ff378f-faee-47bb-b5fe-f505e665c5ca"",""name"":""Stanton"",""navIcon"":""Star""}}]}","{""CargoRouteToken"":""@HaulCargo_CargoRoute_Planetary"",""CargoGradeToken"":""@HaulCargo_CargoGrade_Supply"",""ReputationRank"":""@RepStanding_TransportGuild_Rank5"",""MissionMaxSCUSize"":""@FreightElevator_16SCU"",""SingleToMultiToken"":""@HaulCargo_3_SingleToMultiToken""}","{""guid"":""120d179a-d3d1-464a-9391-160358abf60f"",""name"":""Senior"",""minReputation"":77750,""nameKey"":""RepStanding_TransportGuild_Rank5"",""includeWhenSharing"":true}",,,false,false,,10,,,,,"[{""resource"":""6bc315f54d54"",""minSCU"":7,""maxSCU"":16,""maxContainerSize"":4},{""resource"":""b791e5d84f22"",""minSCU"":115,""maxSCU"":200,""maxContainerSize"":16},{""resource"":""6bc315f54d54"",""minSCU"":7,""maxSCU"":16,""maxContainerSize"":4},{""resource"":""b791e5d84f22"",""minSCU"":115,""maxSCU"":200,""maxContainerSize"":16}]",,,,,,1,,,1,,,,"[""Stanton""]",,,,,,1,3,
14e4a39e-cbd2-4d82-aead-d9cafa38f6b4,HaulCargo_SingleToMulti3_Processed_Mixed_QTFuelHydroFuelShipAmmo_Stanton1_SupplyGrade,,Hauling - Planetary,,Senior Rank - Medium Cargo Haul,@Covalex_HaulCargo_SingleToMulti_title,"Hey,\n\nThe folks at <EM4>[LOCATION]</EM4> have what I like to call a “pilot’s special” waiting to be distributed - a haul of quantum fuel, hydrogen fuel, and ship ammo. Load it up from a freight elevator and deliver it to the following spots in whatever order works best for you. Expect the containers to all be <EM4>16 SCU</EM4> or smaller.   \n\nDROP OFF LOCATIONS (ANY ORDER)\n\n- Freight elevator at <EM4>[DESTINATION]</EM4>\n- Freight elevator at <EM4>[DESTINATION1]</EM4>\n- Freight elevator at <EM4>[DESTINATION2]</EM4> \n\nBy the way, we strongly encourage contractors to bring a <EM4>handheld tractor beam</EM4> along.   \n\nThanks in advance for ensuring prompt service,\n\nChase Hewitt\nJr. Logistics Coordinator\nCovalex Shipping  \n'Anything you need, anywhere you need it.'\n\nCovalex Shipping is a limited liability corporation. To encourage timely deliveries and prevent fraud on cargo hauls, Covalex Shipping will set a delivery time limit and upon expiration, any undelivered cargo will be considered stolen and treated as such. Total payment will be prorated according to the percentage of cargo successfully delivered.",@Covalex_HaulCargo_SingleToMulti_Processed_Mixed_QTFuelHydroFuelShipAmmo,Covalex_HaulCargo_SingleToMulti_Processed_Mixed_QTFuelHydroFuelShipAmmo,332250,,1,,3b2f7882-73cc-41a4-9dce-f188d927e905,"[""e99a449d68bb"",""939db9c047f8"",""b5cb53e33fcd"",""95a32244f345"",""89a008e35ed9"",""c35c9d645e5d"",""5acdaddce185"",""df84706319ae"",""344489ef2811"",""b7c1fb236967"",""3ec008299c9d"",""d349a20587a2"",""8778a3f3b59c"",""d3473e61952b"",""64827e21d193"",""322451426163"",""074158cec93a"",""4bb7d5766b7c"",""2950082e2ec5"",""0f1b82d15bbf"",""70e2a4e15934"",""c11688d881bf"",""e69a2518b584"",""68086388492f"",""b873eaf28465"",""f40a07fbd12f"",""493a280f272d"",""b995beee5bb3"",""d3ed903f7000"",""547b54692c2b"",""c1d9c915309c"",""57d5a7e2054f"",""e15ed9ae26b0"",""3498b709fb3e"",""dfaa4ef80550"",""8ec2b5822f28"",""d51d9286b7ea"",""c78dabbac080"",""eac7f1ce3c0b"",""731b3f66d433"",""eda891a336d8"",""eaeb897a5b62"",""d075888b87ae"",""cc24d9eed492"",""aea1218cee3a"",""f5d285444203"",""c8ec90a805e4"",""d9e58924ece8"",""c78b26d569cd"",""6d40795eef36"",""b9cc5464bce2"",""f59373b33e29"",""919fb4980f6c"",""a49dc6443322"",""684acd6474b7"",""a854ef6fbec3"",""cc0b084257c7"",""28483b79f0db"",""8a9af4c27255"",""4993c8b73077"",""540e602749e8"",""d460d15a7d1b"",""5de9b063495a"",""d6cbb6d1bbf8"",""5535e1c9c8b5"",""d7f6e64900b0"",""e7b47cf6f5c5"",""9da35e2a2944"",""15a181728888""]","[""7c7107f9f580"",""4c989742e9ab"",""59ce884e5a53"",""bbd717ea0069"",""7e6f1702d348"",""cc76fc07b471"",""0fcc1d84a327"",""269b504a4b6b"",""8ed6f459e7a4""]","{""location"":[{""guid"":""551af60b-7727-4936-acc7-763d25d7a1de"",""name"":""Hurston"",""navIcon"":""Planet"",""star"":{""guid"":""34ff378f-faee-47bb-b5fe-f505e665c5ca"",""name"":""Stanton"",""navIcon"":""Star""}}]}","{""CargoRouteToken"":""@HaulCargo_CargoRoute_Planetary"",""CargoGradeToken"":""@HaulCargo_CargoGrade_Supply"",""ReputationRank"":""@RepStanding_TransportGuild_Rank5"",""MissionMaxSCUSize"":""@FreightElevator_16SCU"",""SingleToMultiToken"":""@HaulCargo_3_SingleToMultiToken""}","{""guid"":""120d179a-d3d1-464a-9391-160358abf60f"",""name"":""Senior"",""minReputation"":77750,""nameKey"":""RepStanding_TransportGuild_Rank5"",""includeWhenSharing"":true}",,,false,false,,10,,,,,"[{""resource"":""7f13bf4d94d1"",""minSCU"":41,""maxSCU"":72,""maxContainerSize"":16},{""resource"":""b1e6f847e239"",""minSCU"":81,""maxSCU"":144,""maxContainerSize"":16},{""resource"":""a1e8ada12409"",""minSCU"":82,""maxSCU"":144,""maxContainerSize"":16},{""resource"":""b1e6f847e239"",""minSCU"":40,""maxSCU"":72,""maxContainerSize"":16}]",,,,,,1,,,1,,,,"[""Stanton""]",,,,,,1,3,
6d480cb9-a179-489d-9f88-5b4e9793a4e7,HaulCargo_SingleToMulti3_Processed_Mixed_QTFuelHydroFuelShipAmmo_Stanton1_SupplyGrade1,,Hauling - Stellar,,Senior Rank - Medium Cargo Haul,@Covalex_HaulCargo_SingleToMulti_title,"Hey,\n\nThe folks at <EM4>[LOCATION]</EM4> have what I like to call a “pilot’s special” waiting to be distributed - a haul of quantum fuel, hydrogen fuel, and ship ammo. Load it up from a freight elevator and deliver it to the following spots in whatever order works best for you. Expect the containers to all be <EM4>16 SCU</EM4> or smaller.   \n\nDROP OFF LOCATIONS (ANY ORDER)\n\n- Freight elevator at <EM4>[DESTINATION]</EM4>\n- Freight elevator at <EM4>[DESTINATION1]</EM4>\n- Freight elevator at <EM4>[DESTINATION2]</EM4> \n\nBy the way, we strongly encourage contractors to bring a <EM4>handheld tractor beam</EM4> along.   \n\nThanks in advance for ensuring prompt service,\n\nChase Hewitt\nJr. Logistics Coordinator\nCovalex Shipping  \n'Anything you need, anywhere you need it.'\n\nCovalex Shipping is a limited liability corporation. To encourage timely deliveries and prevent fraud on cargo hauls, Covalex Shipping will set a delivery time limit and upon expiration, any undelivered cargo will be considered stolen and treated as such. Total payment will be prorated according to the percentage of cargo successfully delivered.",@Covalex_HaulCargo_SingleToMulti_Processed_Mixed_QTFuelHydroFuelShipAmmo,Covalex_HaulCargo_SingleToMulti_Processed_Mixed_QTFuelHydroFuelShipAmmo,290500,,1,,3b2f7882-73cc-41a4-9dce-f188d927e905,"[""e99a449d68bb"",""939db9c047f8"",""b5cb53e33fcd"",""95a32244f345"",""89a008e35ed9"",""c35c9d645e5d"",""5acdaddce185"",""df84706319ae"",""344489ef2811"",""b7c1fb236967"",""3ec008299c9d"",""d349a20587a2"",""8778a3f3b59c"",""d3473e61952b"",""64827e21d193"",""322451426163"",""074158cec93a"",""4bb7d5766b7c"",""2950082e2ec5"",""0f1b82d15bbf"",""70e2a4e15934"",""c11688d881bf"",""e69a2518b584"",""68086388492f"",""b873eaf28465"",""f40a07fbd12f"",""493a280f272d"",""b995beee5bb3"",""d3ed903f7000"",""547b54692c2b"",""c1d9c915309c"",""57d5a7e2054f"",""e15ed9ae26b0"",""3498b709fb3e"",""dfaa4ef80550"",""8ec2b5822f28"",""d51d9286b7ea"",""c78dabbac080"",""eac7f1ce3c0b"",""731b3f66d433"",""eda891a336d8"",""eaeb897a5b62"",""d075888b87ae"",""cc24d9eed492"",""aea1218cee3a"",""f5d285444203"",""c8ec90a805e4"",""d9e58924ece8"",""c78b26d569cd"",""6d40795eef36"",""b9cc5464bce2"",""f59373b33e29"",""919fb4980f6c"",""a49dc6443322"",""684acd6474b7"",""a854ef6fbec3"",""cc0b084257c7"",""28483b79f0db"",""8a9af4c27255"",""4993c8b73077"",""540e602749e8"",""d460d15a7d1b"",""5de9b063495a"",""d6cbb6d1bbf8"",""5535e1c9c8b5"",""d7f6e64900b0"",""e7b47cf6f5c5"",""9da35e2a2944""]","[""e95b4a8986f3"",""b59e5f3521ad"",""b3580d2b56f8"",""4411e7a6a465"",""757b267eceb1""]","{""location"":null}","{""CargoRouteToken"":""@HaulCargo_CargoRoute_Solar"",""CargoGradeToken"":""@HaulCargo_CargoGrade_Supply"",""ReputationRank"":""@RepStanding_TransportGuild_Rank5"",""MissionMaxSCUSize"":""@FreightElevator_16SCU"",""SingleToMultiToken"":""@HaulCargo_3_SingleToMultiToken""}","{""guid"":""120d179a-d3d1-464a-9391-160358abf60f"",""name"":""Senior"",""minReputation"":77750,""nameKey"":""RepStanding_TransportGuild_Rank5"",""includeWhenSharing"":true}",,,false,false,,10,,,,,"[{""resource"":""7f13bf4d94d1"",""minSCU"":41,""maxSCU"":72,""maxContainerSize"":16},{""resource"":""b1e6f847e239"",""minSCU"":81,""maxSCU"":144,""maxContainerSize"":16},{""resource"":""a1e8ada12409"",""minSCU"":82,""maxSCU"":144,""maxContainerSize"":16},{""resource"":""b1e6f847e239"",""minSCU"":40,""maxSCU"":72,""maxContainerSize"":16}]",,,,,,1,,,1,,,,"[""Stanton""]",,,,,,1,3,
ebe7e695-83b2-4a34-9ece-212eee62f0eb,HaulCargo_SingleToMulti3_Processed_Mixed_QTFuelHydroFuelShipAmmo_Stanton2_SupplyGrade,,Hauling - Stellar,,Senior Rank - Medium Cargo Haul,@Covalex_HaulCargo_SingleToMulti_title,"Hey,\n\nThe folks at <EM4>[LOCATION]</EM4> have what I like to call a “pilot’s special” waiting to be distributed - a haul of quantum fuel, hydrogen fuel, and ship ammo. Load it up from a freight elevator and deliver it to the following spots in whatever order works best for you. Expect the containers to all be <EM4>16 SCU</EM4> or smaller.   \n\nDROP OFF LOCATIONS (ANY ORDER)\n\n- Freight elevator at <EM4>[DESTINATION]</EM4>\n- Freight elevator at <EM4>[DESTINATION1]</EM4>\n- Freight elevator at <EM4>[DESTINATION2]</EM4> \n\nBy the way, we strongly encourage contractors to bring a <EM4>handheld tractor beam</EM4> along.   \n\nThanks in advance for ensuring prompt service,\n\nChase Hewitt\nJr. Logistics Coordinator\nCovalex Shipping  \n'Anything you need, anywhere you need it.'\n\nCovalex Shipping is a limited liability corporation. To encourage timely deliveries and prevent fraud on cargo hauls, Covalex Shipping will set a delivery time limit and upon expiration, any undelivered cargo will be considered stolen and treated as such. Total payment will be prorated according to the percentage of cargo successfully delivered.",@Covalex_HaulCargo_SingleToMulti_Processed_Mixed_QTFuelHydroFuelShipAmmo,Covalex_HaulCargo_SingleToMulti_Processed_Mixed_QTFuelHydroFuelShipAmmo,296250,,1,,3b2f7882-73cc-41a4-9dce-f188d927e905,"[""e99a449d68bb"",""939db9c047f8"",""b5cb53e33fcd"",""95a32244f345"",""89a008e35ed9"",""c35c9d645e5d"",""5acdaddce185"",""df84706319ae"",""344489ef2811"",""b7c1fb236967"",""3ec008299c9d"",""d349a20587a2"",""8778a3f3b59c"",""d3473e61952b"",""64827e21d193"",""322451426163"",""074158cec93a"",""4bb7d5766b7c"",""2950082e2ec5"",""0f1b82d15bbf"",""70e2a4e15934"",""c11688d881bf"",""e69a2518b584"",""68086388492f"",""b873eaf28465"",""f40a07fbd12f"",""493a280f272d"",""b995beee5bb3"",""d3ed903f7000"",""547b54692c2b"",""c1d9c915309c"",""57d5a7e2054f"",""e15ed9ae26b0"",""3498b709fb3e"",""dfaa4ef80550"",""8ec2b5822f28"",""d51d9286b7ea"",""c78dabbac080"",""eac7f1ce3c0b"",""731b3f66d433"",""eda891a336d8"",""eaeb897a5b62"",""d075888b87ae"",""cc24d9eed492"",""aea1218cee3a"",""f5d285444203"",""c8ec90a805e4"",""d9e58924ece8"",""c78b26d569cd"",""6d40795eef36"",""b9cc5464bce2"",""f59373b33e29"",""919fb4980f6c"",""a49dc6443322"",""684acd6474b7"",""a854ef6fbec3"",""cc0b084257c7"",""28483b79f0db"",""8a9af4c27255"",""4993c8b73077"",""540e602749e8"",""d460d15a7d1b"",""5de9b063495a"",""d6cbb6d1bbf8"",""5535e1c9c8b5"",""d7f6e64900b0"",""e7b47cf6f5c5"",""9da35e2a2944""]","[""a135f4e98ad2"",""4a0bccec3491"",""02c36d96275b""]","{""location"":null}","{""CargoRouteToken"":""@HaulCargo_CargoRoute_Solar"",""CargoGradeToken"":""@HaulCargo_CargoGrade_Supply"",""ReputationRank"":""@RepStanding_TransportGuild_Rank5"",""MissionMaxSCUSize"":""@FreightElevator_16SCU"",""SingleToMultiToken"":""@HaulCargo_3_SingleToMultiToken""}","{""guid"":""120d179a-d3d1-464a-9391-160358abf60f"",""name"":""Senior"",""minReputation"":77750,""nameKey"":""RepStanding_TransportGuild_Rank5"",""includeWhenSharing"":true}",,,false,false,,10,,,,,"[{""resource"":""7f13bf4d94d1"",""minSCU"":41,""maxSCU"":72,""maxContainerSize"":16},{""resource"":""b1e6f847e239"",""minSCU"":81,""maxSCU"":144,""maxContainerSize"":16},{""resource"":""a1e8ada12409"",""minSCU"":82,""maxSCU"":144,""maxContainerSize"":16},{""resource"":""b1e6f847e239"",""minSCU"":40,""maxSCU"":72,""maxContainerSize"":16}]",,,,,,1,,,1,,,,"[""Stanton""]",,,,,,1,3,
851cb0b2-3965-430f-b824-f8dfaa2e40ac,HaulCargo_SingleToMulti3_Processed_Mixed_QTFuelHydroFuelShipAmmo_Stanton3_SupplyGrade,,Hauling - Stellar,,Senior Rank - Medium Cargo Haul,@Covalex_HaulCargo_SingleToMulti_title,"Greetings, \n\nSeems like <EM4>[LOCATION]</EM4> currently has some <EM4>16 SCU</EM4> or smaller cargo that needs to be separated and delivered to a few different spots. \n\nDROP OFF LOCATIONS (ANY ORDER)\n\n- Freight elevator at <EM4>[DESTINATION]</EM4>\n- Freight elevator at <EM4>[DESTINATION1]</EM4>\n- Freight elevator at <EM4>[DESTINATION2]</EM4>\n\nDrop-offs can be done in whatever order works best for you.  \n\nBy the way, we strongly encourage contractors to bring a <EM4>handheld tractor beam</EM4> along.   \n\n[SIGN_OFF]\n\nChase Hewitt\nJr. Logistics Coordinator\nCovalex Shipping  \n'Anything you need, anywhere you need it.'\n\nCovalex Shipping is a limited liability corporation. To encourage timely deliveries and prevent fraud on cargo hauls, Covalex Shipping will set a delivery time limit and upon expiration, any undelivered cargo will be considered stolen and treated as such. Total payment will be prorated according to the percentage of cargo successfully delivered.",@HaulCargo_SingleToMulti_desc,Covalex_HaulCargo_SingleToMulti_desc_01,302000,,1,,3b2f7882-73cc-41a4-9dce-f188d927e905,,"[""cdbe5c5a9cc4"",""581b65066988"",""360e510ac13b"",""baff0c674b66"",""cd6ab6ce61a7""]","{""location"":null}","{""CargoRouteToken"":""@HaulCargo_CargoRoute_Solar"",""CargoGradeToken"":""@HaulCargo_CargoGrade_Supply"",""ReputationRank"":""@RepStanding_TransportGuild_Rank5"",""MissionMaxSCUSize"":""@FreightElevator_16SCU"",""SingleToMultiToken"":""@HaulCargo_3_SingleToMultiToken""}","{""guid"":""120d179a-d3d1-464a-9391-160358abf60f"",""name"":""Senior"",""minReputation"":77750,""nameKey"":""RepStanding_TransportGuild_Rank5"",""includeWhenSharing"":true}",,,false,false,,10,,,,,"[{""resource"":""7f13bf4d94d1"",""minSCU"":41,""maxSCU"":72,""maxContainerSize"":16},{""resource"":""b1e6f847e239"",""minSCU"":81,""maxSCU"":144,""maxContainerSize"":16},{""resource"":""a1e8ada12409"",""minSCU"":82,""maxSCU"":144,""maxContainerSize"":16},{""resource"":""b1e6f847e239"",""minSCU"":40,""maxSCU"":72,""maxContainerSize"":16}]",,,,,,1,,,1,,,,,,,,,,1,3,
6514b864-8911-4bd1-b9e5-a286db3eccd7,HaulCargo_SingleToMulti3_Processed_Mixed_QTFuelHydroFuelShipAmmo_Stanton4_SupplyGrade1,,Hauling - Stellar,,Senior Rank - Medium Cargo Haul,@Covalex_HaulCargo_SingleToMulti_title,"Hey,\n\nThe folks at <EM4>[LOCATION]</EM4> have what I like to call a “pilot’s special” waiting to be distributed - a haul of quantum fuel, hydrogen fuel, and ship ammo. Load it up from a freight elevator and deliver it to the following spots in whatever order works best for you. Expect the containers to all be <EM4>16 SCU</EM4> or smaller.   \n\nDROP OFF LOCATIONS (ANY ORDER)\n\n- Freight elevator at <EM4>[DESTINATION]</EM4>\n- Freight elevator at <EM4>[DESTINATION1]</EM4>\n- Freight elevator at <EM4>[DESTINATION2]</EM4> \n\nBy the way, we strongly encourage contractors to bring a <EM4>handheld tractor beam</EM4> along.   \n\nThanks in advance for ensuring prompt service,\n\nChase Hewitt\nJr. Logistics Coordinator\nCovalex Shipping  \n'Anything you need, anywhere you need it.'\n\nCovalex Shipping is a limited liability corporation. To encourage timely deliveries and prevent fraud on cargo hauls, Covalex Shipping will set a delivery time limit and upon expiration, any undelivered cargo will be considered stolen and treated as such. Total payment will be prorated according to the percentage of cargo successfully delivered.",@Covalex_HaulCargo_SingleToMulti_Processed_Mixed_QTFuelHydroFuelShipAmmo,Covalex_HaulCargo_SingleToMulti_Processed_Mixed_QTFuelHydroFuelShipAmmo,320500,,1,,3b2f7882-73cc-41a4-9dce-f188d927e905,,"[""018f9a8014f4"",""f6d49b8ef987"",""afc85b274a27"",""51c7fcbf4b91"",""f14fda6625d9""]","{""location"":null}","{""CargoRouteToken"":""@HaulCargo_CargoRoute_Solar"",""CargoGradeToken"":""@HaulCargo_CargoGrade_Supply"",""ReputationRank"":""@RepStanding_TransportGuild_Rank5"",""MissionMaxSCUSize"":""@FreightElevator_16SCU"",""SingleToMultiToken"":""@HaulCargo_3_SingleToMultiToken""}","{""guid"":""120d179a-d3d1-464a-9391-160358abf60f"",""name"":""Senior"",""minReputation"":77750,""nameKey"":""RepStanding_TransportGuild_Rank5"",""includeWhenSharing"":true}",,,false,false,,10,,,,,"[{""resource"":""7f13bf4d94d1"",""minSCU"":41,""maxSCU"":72,""maxContainerSize"":16},{""resource"":""b1e6f847e239"",""minSCU"":81,""maxSCU"":144,""maxContainerSize"":16},{""resource"":""a1e8ada12409"",""minSCU"":82,""maxSCU"":144,""maxContainerSize"":16},{""resource"":""b1e6f847e239"",""minSCU"":40,""maxSCU"":72,""maxContainerSize"":16}]",,,,,,1,,,1,,,,,,,,,,1,3,
f3285f2e-9866-4ab5-99fe-ec32fe9c9b16,HaulCargo_SingleToMulti3_RefinedOre_Aluminium_Stanton_SupplyGrade,,Hauling - Stellar,,Senior Rank - Medium Cargo Haul,@Covalex_HaulCargo_SingleToMulti_title,"Hi there,\n\nThe refinery at <EM4>[LOCATION]</EM4> has been busy. They’ve processed a bunch of <EM4>Aluminum</EM4> into containers <EM4>16 SCU</EM4> or smaller, and are looking to get it shipped out from a freight elevator. I just checked with the LEOs to see which ones needed this stuff and was able to put together this run.  \n\nDROP OFF LOCATIONS (ANY ORDER)\n\n- Freight elevator at <EM4>[DESTINATION]</EM4>\n- Freight elevator at <EM4>[DESTINATION1]</EM4>\n- Freight elevator at <EM4>[DESTINATION2]</EM4>\n\nShould be an easy run for you, if you’re free. \n\nBy the way, we strongly encourage contractors to bring a <EM4>handheld tractor beam</EM4> along.   \n\nThanks in advance for ensuring prompt service,\n\nChase Hewitt\nJr. Logistics Coordinator\nCovalex Shipping  \n'Anything you need, anywhere you need it.'\n\nCovalex Shipping is a limited liability corporation. To encourage timely deliveries and prevent fraud on cargo hauls, Covalex Shipping will set a delivery time limit and upon expiration, any undelivered cargo will be considered stolen and treated as such. Total payment will be prorated according to the percentage of cargo successfully delivered.",@Covalex_HaulCargo_SingleToMulti_RefinedOre,Covalex_HaulCargo_SingleToMulti_RefinedOre,279250,,1,,3b2f7882-73cc-41a4-9dce-f188d927e905,"[""d349a20587a2"",""a49dc6443322"",""cc0b084257c7""]","[""7c7107f9f580"",""10b299e2ccf9"",""db17a1be6e86"",""0fcc1d84a327"",""e63d2da1ad36"",""32e3bb3ae27a"",""d56b03ec64ca"",""0c19e0494d99"",""59ce884e5a53"",""8ed6f459e7a4"",""2ed683252564"",""de212bfbf4b5"",""bbd717ea0069""]","{""location"":[{""guid"":""34ff378f-faee-47bb-b5fe-f505e665c5ca"",""name"":""Stanton"",""navIcon"":""Star""}]}","{""CargoRouteToken"":""@HaulCargo_CargoRoute_Solar"",""CargoGradeToken"":""@HaulCargo_CargoGrade_Supply"",""ReputationRank"":""@RepStanding_TransportGuild_Rank5"",""MissionMaxSCUSize"":""@FreightElevator_16SCU"",""Item"":""@items_commodities_aluminum"",""SingleToMultiToken"":""@HaulCargo_3_SingleToMultiToken""}","{""guid"":""120d179a-d3d1-464a-9391-160358abf60f"",""name"":""Senior"",""minReputation"":77750,""nameKey"":""RepStanding_TransportGuild_Rank5"",""includeWhenSharing"":true}",,,false,false,,10,,,,,"[{""resource"":""114e57c0cc6e"",""minSCU"":81,""maxSCU"":144,""maxContainerSize"":16},{""resource"":""114e57c0cc6e"",""minSCU"":80,""maxSCU"":144,""maxContainerSize"":16},{""resource"":""114e57c0cc6e"",""minSCU"":81,""maxSCU"":144,""maxContainerSize"":16}]",,,,,,1,,,1,,,,,,,,,,1,3,
a35314f2-a334-49e3-8850-7f316487d473,HaulCargo_SingleToMulti3_RefinedOre_Aluminium_Stanton_SupplyGrade1,,Hauling - Stellar,,Senior Rank - Medium Cargo Haul,@Covalex_HaulCargo_SingleToMulti_title,"Hi there,\n\nThe refinery at <EM4>[LOCATION]</EM4> has been busy. They’ve processed a bunch of <EM4>Aluminum</EM4> into containers <EM4>16 SCU</EM4> or smaller, and are looking to get it shipped out from a freight elevator. I just checked with the LEOs to see which ones needed this stuff and was able to put together this run.  \n\nDROP OFF LOCATIONS (ANY ORDER)\n\n- Freight elevator at <EM4>[DESTINATION]</EM4>\n- Freight elevator at <EM4>[DESTINATION1]</EM4>\n- Freight elevator at <EM4>[DESTINATION2]</EM4>\n\nShould be an easy run for you, if you’re free. \n\nBy the way, we strongly encourage contractors to bring a <EM4>handheld tractor beam</EM4> along.   \n\nThanks in advance for ensuring prompt service,\n\nChase Hewitt\nJr. Logistics Coordinator\nCovalex Shipping  \n'Anything you need, anywhere you need it.'\n\nCovalex Shipping is a limited liability corporation. To encourage timely deliveries and prevent fraud on cargo hauls, Covalex Shipping will set a delivery time limit and upon expiration, any undelivered cargo will be considered stolen and treated as such. Total payment will be prorated according to the percentage of cargo successfully delivered.",@Covalex_HaulCargo_SingleToMulti_RefinedOre,Covalex_HaulCargo_SingleToMulti_RefinedOre,277000,,1,,3b2f7882-73cc-41a4-9dce-f188d927e905,"[""939db9c047f8"",""4bb7d5766b7c"",""dfaa4ef80550"",""eda891a336d8"",""6d40795eef36""]","[""7c7107f9f580"",""10b299e2ccf9"",""db17a1be6e86"",""0fcc1d84a327"",""e63d2da1ad36"",""32e3bb3ae27a"",""d56b03ec64ca"",""0c19e0494d99"",""59ce884e5a53"",""8ed6f459e7a4"",""2ed683252564"",""de212bfbf4b5"",""bbd717ea0069""]","{""location"":[{""guid"":""34ff378f-faee-47bb-b5fe-f505e665c5ca"",""name"":""Stanton"",""navIcon"":""Star""}]}","{""CargoRouteToken"":""@HaulCargo_CargoRoute_Solar"",""CargoGradeToken"":""@HaulCargo_CargoGrade_Supply"",""ReputationRank"":""@RepStanding_TransportGuild_Rank5"",""MissionMaxSCUSize"":""@FreightElevator_16SCU"",""Item"":""@items_commodities_aluminum"",""SingleToMultiToken"":""@HaulCargo_3_SingleToMultiToken""}","{""guid"":""120d179a-d3d1-464a-9391-160358abf60f"",""name"":""Senior"",""minReputation"":77750,""nameKey"":""RepStanding_TransportGuild_Rank5"",""includeWhenSharing"":true}",,,false,false,,10,,,,,"[{""resource"":""114e57c0cc6e"",""minSCU"":81,""maxSCU"":144,""maxContainerSize"":16},{""resource"":""114e57c0cc6e"",""minSCU"":80,""maxSCU"":144,""maxContainerSize"":16},{""resource"":""114e57c0cc6e"",""minSCU"":81,""maxSCU"":144,""maxContainerSize"":16}]",,,,,,1,,,1,,,,,,,,,,1,3,
7b653aa6-cfb3-44bc-9ebc-01f5c39f039c,HaulCargo_SingleToMulti3_RefinedOre_Mixed_AluminiumTitanium_Stanton_SupplyGrade,,Hauling - Stellar,,Senior Rank - Medium Cargo Haul,@Covalex_HaulCargo_SingleToMulti_title,"Hey,\n\nThe refinery at <EM4>[LOCATION]</EM4> has been busy. They’ve processed a mix of refined ores and are looking to get the containers (<EM4>16 SCU</EM4> or smaller) shipped out from a freight elevator. I just checked with the LEOs to see where this stuff is needed and was able to put together this run.  \n\nDROP OFF LOCATIONS (ANY ORDER)\n\n- Freight elevator at <EM4>[DESTINATION]</EM4>\n- Freight elevator at <EM4>[DESTINATION1]</EM4>\n- Freight elevator at <EM4>[DESTINATION2]</EM4>\n\nShould be an easy run for you, if you’re free. \n\nBy the way, we strongly encourage contractors to bring a <EM4>handheld tractor beam</EM4> along.   \n\nThanks in advance for ensuring prompt service,\n\nChase Hewitt\nJr. Logistics Coordinator\nCovalex Shipping  \n'Anything you need, anywhere you need it.'\n\nCovalex Shipping is a limited liability corporation. To encourage timely deliveries and prevent fraud on cargo hauls, Covalex Shipping will set a delivery time limit and upon expiration, any undelivered cargo will be considered stolen and treated as such. Total payment will be prorated according to the percentage of cargo successfully delivered.",@Covalex_HaulCargo_SingleToMulti_desc_RefinedOre_Mixed,Covalex_HaulCargo_SingleToMulti_desc_RefinedOre_Mixed,337750,,1,,3b2f7882-73cc-41a4-9dce-f188d927e905,"[""d349a20587a2"",""a49dc6443322"",""cc0b084257c7""]","[""7c7107f9f580"",""10b299e2ccf9"",""db17a1be6e86"",""0fcc1d84a327"",""e63d2da1ad36"",""32e3bb3ae27a"",""d56b03ec64ca"",""0c19e0494d99"",""59ce884e5a53"",""8ed6f459e7a4"",""2ed683252564"",""de212bfbf4b5"",""bbd717ea0069""]","{""location"":[{""guid"":""34ff378f-faee-47bb-b5fe-f505e665c5ca"",""name"":""Stanton"",""navIcon"":""Star""}]}","{""CargoRouteToken"":""@HaulCargo_CargoRoute_Solar"",""CargoGradeToken"":""@HaulCargo_CargoGrade_Supply"",""ReputationRank"":""@RepStanding_TransportGuild_Rank5"",""MissionMaxSCUSize"":""@FreightElevator_16SCU"",""SingleToMultiToken"":""@HaulCargo_3_SingleToMultiToken""}","{""guid"":""120d179a-d3d1-464a-9391-160358abf60f"",""name"":""Senior"",""minReputation"":77750,""nameKey"":""RepStanding_TransportGuild_Rank5"",""includeWhenSharing"":true}",,,false,false,,10,,,,,"[{""resource"":""114e57c0cc6e"",""minSCU"":61,""maxSCU"":108,""maxContainerSize"":16},{""resource"":""114e57c0cc6e"",""minSCU"":61,""maxSCU"":108,""maxContainerSize"":16},{""resource"":""6c1aad782b33"",""minSCU"":61,""maxSCU"":108,""maxContainerSize"":16},{""resource"":""6c1aad782b33"",""minSCU"":61,""maxSCU"":108,""maxContainerSize"":16}]",,,,,,1,,,1,,,,,,,,,,1,3,
0deda031-5607-42ab-9626-3b7d3a814539,HaulCargo_SingleToMulti3_RefinedOre_Mixed_AluminiumTungsten_Stanton_SupplyGrade,,Hauling - Stellar,,Senior Rank - Medium Cargo Haul,@Covalex_HaulCargo_SingleToMulti_title,"Hey,\n\nThe refinery at <EM4>[LOCATION]</EM4> has been busy. They’ve processed a mix of refined ores and are looking to get the containers (<EM4>16 SCU</EM4> or smaller) shipped out from a freight elevator. I just checked with the LEOs to see where this stuff is needed and was able to put together this run.  \n\nDROP OFF LOCATIONS (ANY ORDER)\n\n- Freight elevator at <EM4>[DESTINATION]</EM4>\n- Freight elevator at <EM4>[DESTINATION1]</EM4>\n- Freight elevator at <EM4>[DESTINATION2]</EM4>\n\nShould be an easy run for you, if you’re free. \n\nBy the way, we strongly encourage contractors to bring a <EM4>handheld tractor beam</EM4> along.   \n\nThanks in advance for ensuring prompt service,\n\nChase Hewitt\nJr. Logistics Coordinator\nCovalex Shipping  \n'Anything you need, anywhere you need it.'\n\nCovalex Shipping is a limited liability corporation. To encourage timely deliveries and prevent fraud on cargo hauls, Covalex Shipping will set a delivery time limit and upon expiration, any undelivered cargo will be considered stolen and treated as such. Total payment will be prorated according to the percentage of cargo successfully delivered.",@Covalex_HaulCargo_SingleToMulti_desc_RefinedOre_Mixed,Covalex_HaulCargo_SingleToMulti_desc_RefinedOre_Mixed,345500,,1,,3b2f7882-73cc-41a4-9dce-f188d927e905,"[""d349a20587a2"",""a49dc6443322"",""cc0b084257c7""]","[""7c7107f9f580"",""10b299e2ccf9"",""db17a1be6e86"",""0fcc1d84a327"",""e63d2da1ad36"",""32e3bb3ae27a"",""d56b03ec64ca"",""0c19e0494d99"",""59ce884e5a53"",""8ed6f459e7a4"",""2ed683252564"",""de212bfbf4b5"",""bbd717ea0069""]","{""location"":[{""guid"":""34ff378f-faee-47bb-b5fe-f505e665c5ca"",""name"":""Stanton"",""navIcon"":""Star""}]}","{""CargoRouteToken"":""@HaulCargo_CargoRoute_Solar"",""CargoGradeToken"":""@HaulCargo_CargoGrade_Supply"",""ReputationRank"":""@RepStanding_TransportGuild_Rank5"",""MissionMaxSCUSize"":""@FreightElevator_16SCU"",""SingleToMultiToken"":""@HaulCargo_3_SingleToMultiToken""}","{""guid"":""120d179a-d3d1-464a-9391-160358abf60f"",""name"":""Senior"",""minReputation"":77750,""nameKey"":""RepStanding_TransportGuild_Rank5"",""includeWhenSharing"":true}",,,false,false,,10,,,,,"[{""resource"":""114e57c0cc6e"",""minSCU"":61,""maxSCU"":108,""maxContainerSize"":16},{""resource"":""114e57c0cc6e"",""minSCU"":61,""maxSCU"":108,""maxContainerSize"":16},{""resource"":""77b7c49f0863"",""minSCU"":61,""maxSCU"":108,""maxContainerSize"":16},{""resource"":""77b7c49f0863"",""minSCU"":61,""maxSCU"":108,""maxContainerSize"":16}]",,,,,,1,,,1,,,,,,,,,,1,3,
feaf144f-463c-4b6e-85da-6a6c6f59d578,HaulCargo_SingleToMulti3_RefinedOre_Mixed_AluminiumTungsten_Stanton_SupplyGrade1,,Hauling - Stellar,,Senior Rank - Medium Cargo Haul,@Covalex_HaulCargo_SingleToMulti_title,"Hey,\n\nThe refinery at <EM4>[LOCATION]</EM4> has been busy. They’ve processed a mix of refined ores and are looking to get the containers (<EM4>16 SCU</EM4> or smaller) shipped out from a freight elevator. I just checked with the LEOs to see where this stuff is needed and was able to put together this run.  \n\nDROP OFF LOCATIONS (ANY ORDER)\n\n- Freight elevator at <EM4>[DESTINATION]</EM4>\n- Freight elevator at <EM4>[DESTINATION1]</EM4>\n- Freight elevator at <EM4>[DESTINATION2]</EM4>\n\nShould be an easy run for you, if you’re free. \n\nBy the way, we strongly encourage contractors to bring a <EM4>handheld tractor beam</EM4> along.   \n\nThanks in advance for ensuring prompt service,\n\nChase Hewitt\nJr. Logistics Coordinator\nCovalex Shipping  \n'Anything you need, anywhere you need it.'\n\nCovalex Shipping is a limited liability corporation. To encourage timely deliveries and prevent fraud on cargo hauls, Covalex Shipping will set a delivery time limit and upon expiration, any undelivered cargo will be considered stolen and treated as such. Total payment will be prorated according to the percentage of cargo successfully delivered.",@Covalex_HaulCargo_SingleToMulti_desc_RefinedOre_Mixed,Covalex_HaulCargo_SingleToMulti_desc_RefinedOre_Mixed,338500,,1,,3b2f7882-73cc-41a4-9dce-f188d927e905,"[""939db9c047f8"",""4bb7d5766b7c"",""dfaa4ef80550"",""eda891a336d8"",""6d40795eef36""]","[""7c7107f9f580"",""10b299e2ccf9"",""db17a1be6e86"",""0fcc1d84a327"",""e63d2da1ad36"",""32e3bb3ae27a"",""d56b03ec64ca"",""0c19e0494d99"",""59ce884e5a53"",""8ed6f459e7a4"",""2ed683252564"",""de212bfbf4b5"",""bbd717ea0069""]","{""location"":[{""guid"":""34ff378f-faee-47bb-b5fe-f505e665c5ca"",""name"":""Stanton"",""navIcon"":""Star""}]}","{""CargoRouteToken"":""@HaulCargo_CargoRoute_Solar"",""CargoGradeToken"":""@HaulCargo_CargoGrade_Supply"",""ReputationRank"":""@RepStanding_TransportGuild_Rank5"",""MissionMaxSCUSize"":""@FreightElevator_16SCU"",""SingleToMultiToken"":""@HaulCargo_3_SingleToMultiToken""}","{""guid"":""120d179a-d3d1-464a-9391-160358abf60f"",""name"":""Senior"",""minReputation"":77750,""nameKey"":""RepStanding_TransportGuild_Rank5"",""includeWhenSharing"":true}",,,false,false,,10,,,,,"[{""resource"":""114e57c0cc6e"",""minSCU"":61,""maxSCU"":108,""maxContainerSize"":16},{""resource"":""114e57c0cc6e"",""minSCU"":61,""maxSCU"":108,""maxContainerSize"":16},{""resource"":""77b7c49f0863"",""minSCU"":61,""maxSCU"":108,""maxContainerSize"":16},{""resource"":""77b7c49f0863"",""minSCU"":61,""maxSCU"":108,""maxContainerSize"":16}]",,,,,,1,,,1,,,,,,,,,,1,3,
85aec31a-2b0e-4b90-a44c-c773934c5d3e,HaulCargo_SingleToMulti3_RefinedOre_Mixed_AluminiumTungstenCorundum_Stanton_SupplyGrade,,Hauling - Stellar,,Senior Rank - Medium Cargo Haul,@Covalex_HaulCargo_SingleToMulti_title,"Hey,\n\nThe refinery at <EM4>[LOCATION]</EM4> has been busy. They’ve processed a mix of refined ores and are looking to get the containers (<EM4>16 SCU</EM4> or smaller) shipped out from a freight elevator. I just checked with the LEOs to see where this stuff is needed and was able to put together this run.  \n\nDROP OFF LOCATIONS (ANY ORDER)\n\n- Freight elevator at <EM4>[DESTINATION]</EM4>\n- Freight elevator at <EM4>[DESTINATION1]</EM4>\n- Freight elevator at <EM4>[DESTINATION2]</EM4>\n\nShould be an easy run for you, if you’re free. \n\nBy the way, we strongly encourage contractors to bring a <EM4>handheld tractor beam</EM4> along.   \n\nThanks in advance for ensuring prompt service,\n\nChase Hewitt\nJr. Logistics Coordinator\nCovalex Shipping  \n'Anything you need, anywhere you need it.'\n\nCovalex Shipping is a limited liability corporation. To encourage timely deliveries and prevent fraud on cargo hauls, Covalex Shipping will set a delivery time limit and upon expiration, any undelivered cargo will be considered stolen and treated as such. Total payment will be prorated according to the percentage of cargo successfully delivered.",@Covalex_HaulCargo_SingleToMulti_desc_RefinedOre_Mixed,Covalex_HaulCargo_SingleToMulti_desc_RefinedOre_Mixed,339500,,1,,3b2f7882-73cc-41a4-9dce-f188d927e905,"[""939db9c047f8"",""4bb7d5766b7c"",""dfaa4ef80550"",""eda891a336d8"",""6d40795eef36""]","[""7c7107f9f580"",""10b299e2ccf9"",""db17a1be6e86"",""0fcc1d84a327"",""e63d2da1ad36"",""32e3bb3ae27a"",""d56b03ec64ca"",""0c19e0494d99"",""59ce884e5a53"",""8ed6f459e7a4"",""2ed683252564"",""de212bfbf4b5"",""bbd717ea0069""]","{""location"":[{""guid"":""34ff378f-faee-47bb-b5fe-f505e665c5ca"",""name"":""Stanton"",""navIcon"":""Star""}]}","{""CargoRouteToken"":""@HaulCargo_CargoRoute_Solar"",""CargoGradeToken"":""@HaulCargo_CargoGrade_Supply"",""ReputationRank"":""@RepStanding_TransportGuild_Rank5"",""MissionMaxSCUSize"":""@FreightElevator_16SCU"",""SingleToMultiToken"":""@HaulCargo_3_SingleToMultiToken""}","{""guid"":""120d179a-d3d1-464a-9391-160358abf60f"",""name"":""Senior"",""minReputation"":77750,""nameKey"":""RepStanding_TransportGuild_Rank5"",""includeWhenSharing"":true}",,,false,false,,10,,,,,"[{""resource"":""114e57c0cc6e"",""minSCU"":57,""maxSCU"":100,""maxContainerSize"":16},{""resource"":""114e57c0cc6e"",""minSCU"":57,""maxSCU"":100,""maxContainerSize"":16},{""resource"":""d3f586abbe5d"",""minSCU"":14,""maxSCU"":32,""maxContainerSize"":8},{""resource"":""77b7c49f0863"",""minSCU"":114,""maxSCU"":200,""maxContainerSize"":16}]",,,,,,1,,,1,,,,,,,,,,1,3,
691d09bf-7a07-4809-a860-0065f876dc37,HaulCargo_SingleToMulti3_RefinedOre_Mixed_QuartzCorundum_Stanton_SupplyGrade,,Hauling - Stellar,,Senior Rank - Medium Cargo Haul,@Covalex_HaulCargo_SingleToMulti_title,"Hey,\n\nThe refinery at <EM4>[LOCATION]</EM4> has been busy. They’ve processed a mix of refined ores and are looking to get the containers (<EM4>16 SCU</EM4> or smaller) shipped out from a freight elevator. I just checked with the LEOs to see where this stuff is needed and was able to put together this run.  \n\nDROP OFF LOCATIONS (ANY ORDER)\n\n- Freight elevator at <EM4>[DESTINATION]</EM4>\n- Freight elevator at <EM4>[DESTINATION1]</EM4>\n- Freight elevator at <EM4>[DESTINATION2]</EM4>\n\nShould be an easy run for you, if you’re free. \n\nBy the way, we strongly encourage contractors to bring a <EM4>handheld tractor beam</EM4> along.   \n\nThanks in advance for ensuring prompt service,\n\nChase Hewitt\nJr. Logistics Coordinator\nCovalex Shipping  \n'Anything you need, anywhere you need it.'\n\nCovalex Shipping is a limited liability corporation. To encourage timely deliveries and prevent fraud on cargo hauls, Covalex Shipping will set a delivery time limit and upon expiration, any undelivered cargo will be considered stolen and treated as such. Total payment will be prorated according to the percentage of cargo successfully delivered.",@Covalex_HaulCargo_SingleToMulti_desc_RefinedOre_Mixed,Covalex_HaulCargo_SingleToMulti_desc_RefinedOre_Mixed,339750,,1,,3b2f7882-73cc-41a4-9dce-f188d927e905,"[""e15ed9ae26b0"",""c78dabbac080"",""d075888b87ae"",""d9e58924ece8"",""684acd6474b7""]","[""7c7107f9f580"",""10b299e2ccf9"",""db17a1be6e86"",""0fcc1d84a327"",""e63d2da1ad36"",""32e3bb3ae27a"",""d56b03ec64ca"",""0c19e0494d99"",""59ce884e5a53"",""8ed6f459e7a4"",""2ed683252564"",""de212bfbf4b5"",""bbd717ea0069""]","{""location"":[{""guid"":""34ff378f-faee-47bb-b5fe-f505e665c5ca"",""name"":""Stanton"",""navIcon"":""Star""}]}","{""CargoRouteToken"":""@HaulCargo_CargoRoute_Solar"",""CargoGradeToken"":""@HaulCargo_CargoGrade_Supply"",""ReputationRank"":""@RepStanding_TransportGuild_Rank5"",""MissionMaxSCUSize"":""@FreightElevator_16SCU"",""SingleToMultiToken"":""@HaulCargo_3_SingleToMultiToken""}","{""guid"":""120d179a-d3d1-464a-9391-160358abf60f"",""name"":""Senior"",""minReputation"":77750,""nameKey"":""RepStanding_TransportGuild_Rank5"",""includeWhenSharing"":true}",,,false,false,,10,,,,,"[{""resource"":""8f116d732e1e"",""minSCU"":115,""maxSCU"":200,""maxContainerSize"":16},{""resource"":""8f116d732e1e"",""minSCU"":115,""maxSCU"":200,""maxContainerSize"":16},{""resource"":""d3f586abbe5d"",""minSCU"":7,""maxSCU"":16,""maxContainerSize"":4},{""resource"":""d3f586abbe5d"",""minSCU"":7,""maxSCU"":16,""maxContainerSize"":4}]",,,,,,1,,,1,,,,,,,,,,1,3,
c1af052f-31e6-4874-843c-77ae72063bb1,HaulCargo_SingleToMulti3_RefinedOre_Quartz_Stanton_SupplyGrade,,Hauling - Stellar,,Senior Rank - Medium Cargo Haul,@Covalex_HaulCargo_SingleToMulti_title,"Hi there,\n\nThe refinery at <EM4>[LOCATION]</EM4> has been busy. They’ve processed a bunch of <EM4>Quartz</EM4> into containers <EM4>16 SCU</EM4> or smaller, and are looking to get it shipped out from a freight elevator. I just checked with the LEOs to see which ones needed this stuff and was able to put together this run.  \n\nDROP OFF LOCATIONS (ANY ORDER)\n\n- Freight elevator at <EM4>[DESTINATION]</EM4>\n- Freight elevator at <EM4>[DESTINATION1]</EM4>\n- Freight elevator at <EM4>[DESTINATION2]</EM4>\n\nShould be an easy run for you, if you’re free. \n\nBy the way, we strongly encourage contractors to bring a <EM4>handheld tractor beam</EM4> along.   \n\nThanks in advance for ensuring prompt service,\n\nChase Hewitt\nJr. Logistics Coordinator\nCovalex Shipping  \n'Anything you need, anywhere you need it.'\n\nCovalex Shipping is a limited liability corporation. To encourage timely deliveries and prevent fraud on cargo hauls, Covalex Shipping will set a delivery time limit and upon expiration, any undelivered cargo will be considered stolen and treated as such. Total payment will be prorated according to the percentage of cargo successfully delivered.",@Covalex_HaulCargo_SingleToMulti_RefinedOre,Covalex_HaulCargo_SingleToMulti_RefinedOre,280250,,1,,3b2f7882-73cc-41a4-9dce-f188d927e905,"[""074158cec93a"",""c11688d881bf"",""3498b709fb3e"",""d460d15a7d1b"",""e7b47cf6f5c5""]","[""835233495c33"",""7c7107f9f580"",""10b299e2ccf9"",""6b6ebf6490bf"",""db17a1be6e86"",""dc43d22c47ef"",""0fcc1d84a327"",""0ded966e2152"",""e63d2da1ad36"",""32e3bb3ae27a"",""945cda2742a2"",""d56b03ec64ca"",""0c19e0494d99"",""59ce884e5a53"",""8ed6f459e7a4"",""16a67e996f29"",""6d1fd40caa22"",""2ed683252564"",""de212bfbf4b5"",""bbd717ea0069""]","{""location"":[{""guid"":""34ff378f-faee-47bb-b5fe-f505e665c5ca"",""name"":""Stanton"",""navIcon"":""Star""}]}","{""CargoRouteToken"":""@HaulCargo_CargoRoute_Solar"",""CargoGradeToken"":""@HaulCargo_CargoGrade_Supply"",""ReputationRank"":""@RepStanding_TransportGuild_Rank5"",""MissionMaxSCUSize"":""@FreightElevator_16SCU"",""Item"":""@items_commodities_quartz"",""SingleToMultiToken"":""@HaulCargo_3_SingleToMultiToken""}","{""guid"":""120d179a-d3d1-464a-9391-160358abf60f"",""name"":""Senior"",""minReputation"":77750,""nameKey"":""RepStanding_TransportGuild_Rank5"",""includeWhenSharing"":true}",,,false,false,,10,,,,,"[{""resource"":""8f116d732e1e"",""minSCU"":81,""maxSCU"":144,""maxContainerSize"":16},{""resource"":""8f116d732e1e"",""minSCU"":80,""maxSCU"":144,""maxContainerSize"":16},{""resource"":""8f116d732e1e"",""minSCU"":81,""maxSCU"":144,""maxContainerSize"":16}]",,,,,,1,,,1,,,,,,,,,,1,3,
3a533b9b-d3fc-46f6-b2c9-aa713973199d,HaulCargo_SingleToMulti3_RefinedOre_Quartz_Stanton_SupplyGrade1,,Hauling - Stellar,,Senior Rank - Medium Cargo Haul,@Covalex_HaulCargo_SingleToMulti_title,"Hi there,\n\nThe refinery at <EM4>[LOCATION]</EM4> has been busy. They’ve processed a bunch of <EM4>Quartz</EM4> into containers <EM4>16 SCU</EM4> or smaller, and are looking to get it shipped out from a freight elevator. I just checked with the LEOs to see which ones needed this stuff and was able to put together this run.  \n\nDROP OFF LOCATIONS (ANY ORDER)\n\n- Freight elevator at <EM4>[DESTINATION]</EM4>\n- Freight elevator at <EM4>[DESTINATION1]</EM4>\n- Freight elevator at <EM4>[DESTINATION2]</EM4>\n\nShould be an easy run for you, if you’re free. \n\nBy the way, we strongly encourage contractors to bring a <EM4>handheld tractor beam</EM4> along.   \n\nThanks in advance for ensuring prompt service,\n\nChase Hewitt\nJr. Logistics Coordinator\nCovalex Shipping  \n'Anything you need, anywhere you need it.'\n\nCovalex Shipping is a limited liability corporation. To encourage timely deliveries and prevent fraud on cargo hauls, Covalex Shipping will set a delivery time limit and upon expiration, any undelivered cargo will be considered stolen and treated as such. Total payment will be prorated according to the percentage of cargo successfully delivered.",@Covalex_HaulCargo_SingleToMulti_RefinedOre,Covalex_HaulCargo_SingleToMulti_RefinedOre,278000,,1,,3b2f7882-73cc-41a4-9dce-f188d927e905,"[""e15ed9ae26b0"",""c78dabbac080"",""d075888b87ae"",""d9e58924ece8"",""684acd6474b7""]","[""835233495c33"",""7c7107f9f580"",""10b299e2ccf9"",""6b6ebf6490bf"",""db17a1be6e86"",""dc43d22c47ef"",""0fcc1d84a327"",""0ded966e2152"",""e63d2da1ad36"",""32e3bb3ae27a"",""945cda2742a2"",""d56b03ec64ca"",""0c19e0494d99"",""59ce884e5a53"",""8ed6f459e7a4"",""16a67e996f29"",""6d1fd40caa22"",""2ed683252564"",""de212bfbf4b5"",""bbd717ea0069""]","{""location"":[{""guid"":""34ff378f-faee-47bb-b5fe-f505e665c5ca"",""name"":""Stanton"",""navIcon"":""Star""}]}","{""CargoRouteToken"":""@HaulCargo_CargoRoute_Solar"",""CargoGradeToken"":""@HaulCargo_CargoGrade_Supply"",""ReputationRank"":""@RepStanding_TransportGuild_Rank5"",""MissionMaxSCUSize"":""@FreightElevator_16SCU"",""Item"":""@items_commodities_quartz"",""SingleToMultiToken"":""@HaulCargo_3_SingleToMultiToken""}","{""guid"":""120d179a-d3d1-464a-9391-160358abf60f"",""name"":""Senior"",""minReputation"":77750,""nameKey"":""RepStanding_TransportGuild_Rank5"",""includeWhenSharing"":true}",,,false,false,,10,,,,,"[{""resource"":""8f116d732e1e"",""minSCU"":81,""maxSCU"":144,""maxContainerSize"":16},{""resource"":""8f116d732e1e"",""minSCU"":80,""maxSCU"":144,""maxContainerSize"":16},{""resource"":""8f116d732e1e"",""minSCU"":81,""maxSCU"":144,""maxContainerSize"":16}]",,,,,,1,,,1,,,,,,,,,,1,3,
47ed852c-5445-4f66-99c7-320981615d11,HaulCargo_SingleToMulti3_RefinedOre_Tin_Stanton_SupplyGrade,,Hauling - Stellar,,Senior Rank - Medium Cargo Haul,@Covalex_HaulCargo_SingleToMulti_title,"Greetings, \n\nSeems like <EM4>[LOCATION]</EM4> currently has some <EM4>16 SCU</EM4> or smaller cargo that needs to be separated and delivered to a few different spots. \n\nDROP OFF LOCATIONS (ANY ORDER)\n\n- Freight elevator at <EM4>[DESTINATION]</EM4>\n- Freight elevator at <EM4>[DESTINATION1]</EM4>\n- Freight elevator at <EM4>[DESTINATION2]</EM4>\n\nDrop-offs can be done in whatever order works best for you.  \n\nBy the way, we strongly encourage contractors to bring a <EM4>handheld tractor beam</EM4> along.   \n\n[SIGN_OFF]\n\nChase Hewitt\nJr. Logistics Coordinator\nCovalex Shipping  \n'Anything you need, anywhere you need it.'\n\nCovalex Shipping is a limited liability corporation. To encourage timely deliveries and prevent fraud on cargo hauls, Covalex Shipping will set a delivery time limit and upon expiration, any undelivered cargo will be considered stolen and treated as such. Total payment will be prorated according to the percentage of cargo successfully delivered.",@HaulCargo_SingleToMulti_desc,Covalex_HaulCargo_SingleToMulti_desc_01,289000,,1,,3b2f7882-73cc-41a4-9dce-f188d927e905,"[""32d25a8fa1b9""]","[""7c7107f9f580"",""10b299e2ccf9"",""db17a1be6e86"",""0fcc1d84a327"",""e63d2da1ad36"",""32e3bb3ae27a"",""d56b03ec64ca"",""0c19e0494d99"",""59ce884e5a53"",""8ed6f459e7a4"",""2ed683252564"",""de212bfbf4b5"",""bbd717ea0069""]","{""location"":[{""guid"":""34ff378f-faee-47bb-b5fe-f505e665c5ca"",""name"":""Stanton"",""navIcon"":""Star""}]}","{""CargoRouteToken"":""@HaulCargo_CargoRoute_Solar"",""CargoGradeToken"":""@HaulCargo_CargoGrade_Supply"",""ReputationRank"":""@RepStanding_TransportGuild_Rank5"",""MissionMaxSCUSize"":""@FreightElevator_16SCU"",""SingleToMultiToken"":""@HaulCargo_3_SingleToMultiToken""}","{""guid"":""120d179a-d3d1-464a-9391-160358abf60f"",""name"":""Senior"",""minReputation"":77750,""nameKey"":""RepStanding_TransportGuild_Rank5"",""includeWhenSharing"":true}",,,false,false,,10,,,,,"[{""resource"":""7847383427be"",""minSCU"":81,""maxSCU"":144,""maxContainerSize"":16},{""resource"":""7847383427be"",""minSCU"":80,""maxSCU"":144,""maxContainerSize"":16},{""resource"":""7847383427be"",""minSCU"":81,""maxSCU"":144,""maxContainerSize"":16}]",,,,,,1,,,1,,,,,,,,,,1,3,
81e4857b-a5d3-4ad5-89d0-9bec88eb7b80,HaulCargo_SingleToMulti3_RefinedOre_Titanium_Stanton_SupplyGrade,,Hauling - Stellar,,Senior Rank - Medium Cargo Haul,@Covalex_HaulCargo_SingleToMulti_title,"Hi there,\n\nThe refinery at <EM4>[LOCATION]</EM4> has been busy. They’ve processed a bunch of <EM4>Titanium</EM4> into containers <EM4>16 SCU</EM4> or smaller, and are looking to get it shipped out from a freight elevator. I just checked with the LEOs to see which ones needed this stuff and was able to put together this run.  \n\nDROP OFF LOCATIONS (ANY ORDER)\n\n- Freight elevator at <EM4>[DESTINATION]</EM4>\n- Freight elevator at <EM4>[DESTINATION1]</EM4>\n- Freight elevator at <EM4>[DESTINATION2]</EM4>\n\nShould be an easy run for you, if you’re free. \n\nBy the way, we strongly encourage contractors to bring a <EM4>handheld tractor beam</EM4> along.   \n\nThanks in advance for ensuring prompt service,\n\nChase Hewitt\nJr. Logistics Coordinator\nCovalex Shipping  \n'Anything you need, anywhere you need it.'\n\nCovalex Shipping is a limited liability corporation. To encourage timely deliveries and prevent fraud on cargo hauls, Covalex Shipping will set a delivery time limit and upon expiration, any undelivered cargo will be considered stolen and treated as such. Total payment will be prorated according to the percentage of cargo successfully delivered.",@Covalex_HaulCargo_SingleToMulti_RefinedOre,Covalex_HaulCargo_SingleToMulti_RefinedOre,276250,,1,,3b2f7882-73cc-41a4-9dce-f188d927e905,"[""d349a20587a2"",""a49dc6443322"",""cc0b084257c7""]","[""e242eae00bfc"",""835233495c33"",""7c7107f9f580"",""10b299e2ccf9"",""84355f2b6158"",""5992d6926718"",""44282c75228d"",""018d85504640"",""6b6ebf6490bf"",""db17a1be6e86"",""dc43d22c47ef"",""0fcc1d84a327"",""0ded966e2152"",""e63d2da1ad36"",""32e3bb3ae27a"",""945cda2742a2"",""d56b03ec64ca"",""0c19e0494d99"",""59ce884e5a53"",""8ed6f459e7a4"",""16a67e996f29"",""6d1fd40caa22"",""2ed683252564"",""1ad31cfb44e5"",""de212bfbf4b5"",""bbd717ea0069""]","{""location"":[{""guid"":""34ff378f-faee-47bb-b5fe-f505e665c5ca"",""name"":""Stanton"",""navIcon"":""Star""}]}","{""CargoRouteToken"":""@HaulCargo_CargoRoute_Solar"",""CargoGradeToken"":""@HaulCargo_CargoGrade_Supply"",""ReputationRank"":""@RepStanding_TransportGuild_Rank5"",""MissionMaxSCUSize"":""@FreightElevator_16SCU"",""Item"":""@items_commodities_titanium"",""SingleToMultiToken"":""@HaulCargo_3_SingleToMultiToken""}","{""guid"":""120d179a-d3d1-464a-9391-160358abf60f"",""name"":""Senior"",""minReputation"":77750,""nameKey"":""RepStanding_TransportGuild_Rank5"",""includeWhenSharing"":true}",,,false,false,,10,,,,,"[{""resource"":""6c1aad782b33"",""minSCU"":81,""maxSCU"":144,""maxContainerSize"":16},{""resource"":""6c1aad782b33"",""minSCU"":80,""maxSCU"":144,""maxContainerSize"":16},{""resource"":""6c1aad782b33"",""minSCU"":81,""maxSCU"":144,""maxContainerSize"":16}]",,,,,,1,,,1,,,,"[""Stanton""]",,,,,,1,3,
8a7b0a47-5f0b-411f-81a3-16a830730671,HaulCargo_SingleToMulti3_RefinedOre_Tungsten_Stanton_SupplyGrade,,Hauling - Stellar,,Senior Rank - Medium Cargo Haul,@Covalex_HaulCargo_SingleToMulti_title,"Hi there,\n\nThe refinery at <EM4>[LOCATION]</EM4> has been busy. They’ve processed a bunch of <EM4>Tungsten</EM4> into containers <EM4>16 SCU</EM4> or smaller, and are looking to get it shipped out from a freight elevator. I just checked with the LEOs to see which ones needed this stuff and was able to put together this run.  \n\nDROP OFF LOCATIONS (ANY ORDER)\n\n- Freight elevator at <EM4>[DESTINATION]</EM4>\n- Freight elevator at <EM4>[DESTINATION1]</EM4>\n- Freight elevator at <EM4>[DESTINATION2]</EM4>\n\nShould be an easy run for you, if you’re free. \n\nBy the way, we strongly encourage contractors to bring a <EM4>handheld tractor beam</EM4> along.   \n\nThanks in advance for ensuring prompt service,\n\nChase Hewitt\nJr. Logistics Coordinator\nCovalex Shipping  \n'Anything you need, anywhere you need it.'\n\nCovalex Shipping is a limited liability corporation. To encourage timely deliveries and prevent fraud on cargo hauls, Covalex Shipping will set a delivery time limit and upon expiration, any undelivered cargo will be considered stolen and treated as such. Total payment will be prorated according to the percentage of cargo successfully delivered.",@Covalex_HaulCargo_SingleToMulti_RefinedOre,Covalex_HaulCargo_SingleToMulti_RefinedOre,282500,,1,,3b2f7882-73cc-41a4-9dce-f188d927e905,"[""d349a20587a2"",""a49dc6443322"",""cc0b084257c7""]","[""7c7107f9f580"",""10b299e2ccf9"",""db17a1be6e86"",""0fcc1d84a327"",""e63d2da1ad36"",""32e3bb3ae27a"",""d56b03ec64ca"",""0c19e0494d99"",""59ce884e5a53"",""8ed6f459e7a4"",""2ed683252564"",""de212bfbf4b5"",""bbd717ea0069""]","{""location"":[{""guid"":""34ff378f-faee-47bb-b5fe-f505e665c5ca"",""name"":""Stanton"",""navIcon"":""Star""}]}","{""CargoRouteToken"":""@HaulCargo_CargoRoute_Solar"",""CargoGradeToken"":""@HaulCargo_CargoGrade_Supply"",""ReputationRank"":""@RepStanding_TransportGuild_Rank5"",""MissionMaxSCUSize"":""@FreightElevator_16SCU"",""Item"":""@items_commodities_tungsten"",""SingleToMultiToken"":""@HaulCargo_3_SingleToMultiToken""}","{""guid"":""120d179a-d3d1-464a-9391-160358abf60f"",""name"":""Senior"",""minReputation"":77750,""nameKey"":""RepStanding_TransportGuild_Rank5"",""includeWhenSharing"":true}",,,false,false,,10,,,,,"[{""resource"":""77b7c49f0863"",""minSCU"":81,""maxSCU"":144,""maxContainerSize"":16},{""resource"":""77b7c49f0863"",""minSCU"":80,""maxSCU"":144,""maxContainerSize"":16},{""resource"":""77b7c49f0863"",""minSCU"":81,""maxSCU"":144,""maxContainerSize"":16}]",,,,,,1,,,1,,,,,,,,,,1,3,
f3eda6ce-4301-453d-b85a-677591753e00,HaulCargo_SingleToMulti3_RefinedOre_Tungsten_Stanton_SupplyGrade1,,Hauling - Stellar,,Senior Rank - Medium Cargo Haul,@Covalex_HaulCargo_SingleToMulti_title,"Hi there,\n\nThe refinery at <EM4>[LOCATION]</EM4> has been busy. They’ve processed a bunch of <EM4>Tungsten</EM4> into containers <EM4>16 SCU</EM4> or smaller, and are looking to get it shipped out from a freight elevator. I just checked with the LEOs to see which ones needed this stuff and was able to put together this run.  \n\nDROP OFF LOCATIONS (ANY ORDER)\n\n- Freight elevator at <EM4>[DESTINATION]</EM4>\n- Freight elevator at <EM4>[DESTINATION1]</EM4>\n- Freight elevator at <EM4>[DESTINATION2]</EM4>\n\nShould be an easy run for you, if you’re free. \n\nBy the way, we strongly encourage contractors to bring a <EM4>handheld tractor beam</EM4> along.   \n\nThanks in advance for ensuring prompt service,\n\nChase Hewitt\nJr. Logistics Coordinator\nCovalex Shipping  \n'Anything you need, anywhere you need it.'\n\nCovalex Shipping is a limited liability corporation. To encourage timely deliveries and prevent fraud on cargo hauls, Covalex Shipping will set a delivery time limit and upon expiration, any undelivered cargo will be considered stolen and treated as such. Total payment will be prorated according to the percentage of cargo successfully delivered.",@Covalex_HaulCargo_SingleToMulti_RefinedOre,Covalex_HaulCargo_SingleToMulti_RefinedOre,277750,,1,,3b2f7882-73cc-41a4-9dce-f188d927e905,"[""939db9c047f8"",""4bb7d5766b7c"",""dfaa4ef80550"",""eda891a336d8"",""6d40795eef36""]","[""7c7107f9f580"",""10b299e2ccf9"",""db17a1be6e86"",""0fcc1d84a327"",""e63d2da1ad36"",""32e3bb3ae27a"",""d56b03ec64ca"",""0c19e0494d99"",""59ce884e5a53"",""8ed6f459e7a4"",""2ed683252564"",""de212bfbf4b5"",""bbd717ea0069""]","{""location"":[{""guid"":""34ff378f-faee-47bb-b5fe-f505e665c5ca"",""name"":""Stanton"",""navIcon"":""Star""}]}","{""CargoRouteToken"":""@HaulCargo_CargoRoute_Solar"",""CargoGradeToken"":""@HaulCargo_CargoGrade_Supply"",""ReputationRank"":""@RepStanding_TransportGuild_Rank5"",""MissionMaxSCUSize"":""@FreightElevator_16SCU"",""Item"":""@items_commodities_tungsten"",""SingleToMultiToken"":""@HaulCargo_3_SingleToMultiToken""}","{""guid"":""120d179a-d3d1-464a-9391-160358abf60f"",""name"":""Senior"",""minReputation"":77750,""nameKey"":""RepStanding_TransportGuild_Rank5"",""includeWhenSharing"":true}",,,false,false,,10,,,,,"[{""resource"":""77b7c49f0863"",""minSCU"":81,""maxSCU"":144,""maxContainerSize"":16},{""resource"":""77b7c49f0863"",""minSCU"":80,""maxSCU"":144,""maxContainerSize"":16},{""resource"":""77b7c49f0863"",""minSCU"":81,""maxSCU"":144,""maxContainerSize"":16}]",,,,,,1,,,1,,,,,,,,,,1,3,
212df642-26d0-4e99-b8c0-c212ae4cfbd8,HaulCargo_SingleToMulti4_Processed_Mixed_QTFuelHydroFuelShipAmmo_Stanton1_SupplyGrade1,,Hauling - Stellar,,Senior Rank - Medium Cargo Haul,@Covalex_HaulCargo_SingleToMulti_title,"Hey,\n\nThe folks at <EM4>[LOCATION]</EM4> have what I like to call a “pilot’s special” waiting to be distributed - a haul of quantum fuel, hydrogen fuel, and ship ammo. Load it up from a freight elevator and deliver it to the following spots in whatever order works best for you. Expect the containers to all be <EM4>16 SCU</EM4> or smaller.   \n\nDROP OFF LOCATIONS (ANY ORDER)\n\n- Freight elevator at <EM4>[DESTINATION]</EM4>\n- Freight elevator at <EM4>[DESTINATION1]</EM4>\n- Freight elevator at <EM4>[DESTINATION2]</EM4>\n- Freight elevator at <EM4>[DESTINATION3]</EM4> \n\nBy the way, we strongly encourage contractors to bring a <EM4>handheld tractor beam</EM4> along.   \n\nThanks in advance for ensuring prompt service,\n\nChase Hewitt\nJr. Logistics Coordinator\nCovalex Shipping  \n'Anything you need, anywhere you need it.'\n\nCovalex Shipping is a limited liability corporation. To encourage timely deliveries and prevent fraud on cargo hauls, Covalex Shipping will set a delivery time limit and upon expiration, any undelivered cargo will be considered stolen and treated as such. Total payment will be prorated according to the percentage of cargo successfully delivered.",@Covalex_HaulCargo_SingleToMulti_Processed_Mixed_QTFuelHydroFuelShipAmmo,Covalex_HaulCargo_SingleToMulti_Processed_Mixed_QTFuelHydroFuelShipAmmo,325250,,1,,3b2f7882-73cc-41a4-9dce-f188d927e905,"[""e99a449d68bb"",""939db9c047f8"",""b5cb53e33fcd"",""95a32244f345"",""89a008e35ed9"",""c35c9d645e5d"",""5acdaddce185"",""df84706319ae"",""344489ef2811"",""b7c1fb236967"",""3ec008299c9d"",""d349a20587a2"",""8778a3f3b59c"",""d3473e61952b"",""64827e21d193"",""322451426163"",""074158cec93a"",""4bb7d5766b7c"",""2950082e2ec5"",""0f1b82d15bbf"",""70e2a4e15934"",""c11688d881bf"",""e69a2518b584"",""68086388492f"",""b873eaf28465"",""f40a07fbd12f"",""493a280f272d"",""b995beee5bb3"",""d3ed903f7000"",""547b54692c2b"",""c1d9c915309c"",""57d5a7e2054f"",""e15ed9ae26b0"",""3498b709fb3e"",""dfaa4ef80550"",""8ec2b5822f28"",""d51d9286b7ea"",""c78dabbac080"",""eac7f1ce3c0b"",""731b3f66d433"",""eda891a336d8"",""eaeb897a5b62"",""d075888b87ae"",""cc24d9eed492"",""aea1218cee3a"",""f5d285444203"",""c8ec90a805e4"",""d9e58924ece8"",""c78b26d569cd"",""6d40795eef36"",""b9cc5464bce2"",""f59373b33e29"",""919fb4980f6c"",""a49dc6443322"",""684acd6474b7"",""a854ef6fbec3"",""cc0b084257c7"",""28483b79f0db"",""8a9af4c27255"",""4993c8b73077"",""540e602749e8"",""d460d15a7d1b"",""5de9b063495a"",""d6cbb6d1bbf8"",""5535e1c9c8b5"",""d7f6e64900b0"",""e7b47cf6f5c5"",""9da35e2a2944""]","[""e95b4a8986f3"",""b59e5f3521ad"",""b3580d2b56f8"",""4411e7a6a465"",""757b267eceb1""]","{""location"":null}","{""CargoRouteToken"":""@HaulCargo_CargoRoute_Solar"",""CargoGradeToken"":""@HaulCargo_CargoGrade_Supply"",""ReputationRank"":""@RepStanding_TransportGuild_Rank5"",""MissionMaxSCUSize"":""@FreightElevator_16SCU"",""SingleToMultiToken"":""@HaulCargo_4_SingleToMultiToken""}","{""guid"":""120d179a-d3d1-464a-9391-160358abf60f"",""name"":""Senior"",""minReputation"":77750,""nameKey"":""RepStanding_TransportGuild_Rank5"",""includeWhenSharing"":true}",,,false,false,,10,,,,,"[{""resource"":""b1e6f847e239"",""minSCU"":41,""maxSCU"":72,""maxContainerSize"":16},{""resource"":""7f13bf4d94d1"",""minSCU"":81,""maxSCU"":144,""maxContainerSize"":16},{""resource"":""a1e8ada12409"",""minSCU"":82,""maxSCU"":144,""maxContainerSize"":16},{""resource"":""b1e6f847e239"",""minSCU"":40,""maxSCU"":72,""maxContainerSize"":16}]",,,,,,1,,,1,,,,"[""Stanton""]",,,,,,1,4,
fecdc2c1-7267-44d7-95ab-9358d266bfb0,HaulCargo_SingleToMulti4_Processed_Mixed_QTFuelHydroFuelShipAmmo_Stanton3_SupplyGrade,,Hauling - Stellar,,Senior Rank - Medium Cargo Haul,@Covalex_HaulCargo_SingleToMulti_title,"Greetings, \n\nSeems like <EM4>[LOCATION]</EM4> currently has some <EM4>16 SCU</EM4> or smaller cargo that needs to be separated and delivered to a few different spots. \n\nDROP OFF LOCATIONS (ANY ORDER)\n\n- Freight elevator at <EM4>[DESTINATION]</EM4>\n- Freight elevator at <EM4>[DESTINATION1]</EM4>\n- Freight elevator at <EM4>[DESTINATION2]</EM4>\n- Freight elevator at <EM4>[DESTINATION3]</EM4>\n\nDrop-offs can be done in whatever order works best for you.  \n\nBy the way, we strongly encourage contractors to bring a <EM4>handheld tractor beam</EM4> along.   \n\n[SIGN_OFF]\n\nChase Hewitt\nJr. Logistics Coordinator\nCovalex Shipping  \n'Anything you need, anywhere you need it.'\n\nCovalex Shipping is a limited liability corporation. To encourage timely deliveries and prevent fraud on cargo hauls, Covalex Shipping will set a delivery time limit and upon expiration, any undelivered cargo will be considered stolen and treated as such. Total payment will be prorated according to the percentage of cargo successfully delivered.",@HaulCargo_SingleToMulti_desc,Covalex_HaulCargo_SingleToMulti_desc_01,340000,,1,,3b2f7882-73cc-41a4-9dce-f188d927e905,,"[""cdbe5c5a9cc4"",""581b65066988"",""360e510ac13b"",""baff0c674b66"",""cd6ab6ce61a7""]","{""location"":null}","{""CargoRouteToken"":""@HaulCargo_CargoRoute_Solar"",""CargoGradeToken"":""@HaulCargo_CargoGrade_Supply"",""ReputationRank"":""@RepStanding_TransportGuild_Rank5"",""MissionMaxSCUSize"":""@FreightElevator_16SCU"",""SingleToMultiToken"":""@HaulCargo_4_SingleToMultiToken""}","{""guid"":""120d179a-d3d1-464a-9391-160358abf60f"",""name"":""Senior"",""minReputation"":77750,""nameKey"":""RepStanding_TransportGuild_Rank5"",""includeWhenSharing"":true}",,,false,false,,10,,,,,"[{""resource"":""b1e6f847e239"",""minSCU"":41,""maxSCU"":72,""maxContainerSize"":16},{""resource"":""7f13bf4d94d1"",""minSCU"":81,""maxSCU"":144,""maxContainerSize"":16},{""resource"":""a1e8ada12409"",""minSCU"":82,""maxSCU"":144,""maxContainerSize"":16},{""resource"":""b1e6f847e239"",""minSCU"":40,""maxSCU"":72,""maxContainerSize"":16}]",,,,,,1,,,1,,,,,,,,,,1,4,
5468552d-fb97-4548-a49f-1f19fca2a335,HaulCargo_SingleToMulti4_RefinedOre_Aluminium_Stanton_SupplyGrade,,Hauling - Stellar,,Senior Rank - Medium Cargo Haul,@Covalex_HaulCargo_SingleToMulti_title,"Hi there,\n\nThe refinery at <EM4>[LOCATION]</EM4> has been busy. They’ve processed a bunch of <EM4>Aluminum</EM4> into containers <EM4>16 SCU</EM4> or smaller, and are looking to get it shipped out from a freight elevator. I just checked with the LEOs to see which ones needed this stuff and was able to put together this run.  \n\nDROP OFF LOCATIONS (ANY ORDER)\n\n- Freight elevator at <EM4>[DESTINATION]</EM4>\n- Freight elevator at <EM4>[DESTINATION1]</EM4>\n- Freight elevator at <EM4>[DESTINATION2]</EM4>\n- Freight elevator at <EM4>[DESTINATION3]</EM4>\n\nShould be an easy run for you, if you’re free. \n\nBy the way, we strongly encourage contractors to bring a <EM4>handheld tractor beam</EM4> along.   \n\nThanks in advance for ensuring prompt service,\n\nChase Hewitt\nJr. Logistics Coordinator\nCovalex Shipping  \n'Anything you need, anywhere you need it.'\n\nCovalex Shipping is a limited liability corporation. To encourage timely deliveries and prevent fraud on cargo hauls, Covalex Shipping will set a delivery time limit and upon expiration, any undelivered cargo will be considered stolen and treated as such. Total payment will be prorated according to the percentage of cargo successfully delivered.",@Covalex_HaulCargo_SingleToMulti_RefinedOre,Covalex_HaulCargo_SingleToMulti_RefinedOre,318250,,1,,3b2f7882-73cc-41a4-9dce-f188d927e905,"[""d349a20587a2"",""a49dc6443322"",""cc0b084257c7""]","[""7c7107f9f580"",""10b299e2ccf9"",""db17a1be6e86"",""0fcc1d84a327"",""e63d2da1ad36"",""32e3bb3ae27a"",""d56b03ec64ca"",""0c19e0494d99"",""59ce884e5a53"",""8ed6f459e7a4"",""2ed683252564"",""de212bfbf4b5"",""bbd717ea0069""]","{""location"":[{""guid"":""34ff378f-faee-47bb-b5fe-f505e665c5ca"",""name"":""Stanton"",""navIcon"":""Star""}]}","{""CargoRouteToken"":""@HaulCargo_CargoRoute_Solar"",""CargoGradeToken"":""@HaulCargo_CargoGrade_Supply"",""ReputationRank"":""@RepStanding_TransportGuild_Rank5"",""MissionMaxSCUSize"":""@FreightElevator_16SCU"",""Item"":""@items_commodities_aluminum"",""SingleToMultiToken"":""@HaulCargo_4_SingleToMultiToken""}","{""guid"":""120d179a-d3d1-464a-9391-160358abf60f"",""name"":""Senior"",""minReputation"":77750,""nameKey"":""RepStanding_TransportGuild_Rank5"",""includeWhenSharing"":true}",,,false,false,,10,,,,,"[{""resource"":""114e57c0cc6e"",""minSCU"":61,""maxSCU"":108,""maxContainerSize"":16},{""resource"":""114e57c0cc6e"",""minSCU"":61,""maxSCU"":108,""maxContainerSize"":16},{""resource"":""114e57c0cc6e"",""minSCU"":61,""maxSCU"":108,""maxContainerSize"":16},{""resource"":""114e57c0cc6e"",""minSCU"":61,""maxSCU"":108,""maxContainerSize"":16}]",,,,,,1,,,1,,,,,,,,,,1,4,
1c2bb5a0-4226-4f93-ab76-ec2c0f110eeb,HaulCargo_SingleToMulti4_RefinedOre_Aluminium_Stanton_SupplyGrade1,,Hauling - Stellar,,Senior Rank - Medium Cargo Haul,@Covalex_HaulCargo_SingleToMulti_title,"Hi there,\n\nThe refinery at <EM4>[LOCATION]</EM4> has been busy. They’ve processed a bunch of <EM4>Aluminum</EM4> into containers <EM4>16 SCU</EM4> or smaller, and are looking to get it shipped out from a freight elevator. I just checked with the LEOs to see which ones needed this stuff and was able to put together this run.  \n\nDROP OFF LOCATIONS (ANY ORDER)\n\n- Freight elevator at <EM4>[DESTINATION]</EM4>\n- Freight elevator at <EM4>[DESTINATION1]</EM4>\n- Freight elevator at <EM4>[DESTINATION2]</EM4>\n- Freight elevator at <EM4>[DESTINATION3]</EM4>\n\nShould be an easy run for you, if you’re free. \n\nBy the way, we strongly encourage contractors to bring a <EM4>handheld tractor beam</EM4> along.   \n\nThanks in advance for ensuring prompt service,\n\nChase Hewitt\nJr. Logistics Coordinator\nCovalex Shipping  \n'Anything you need, anywhere you need it.'\n\nCovalex Shipping is a limited liability corporation. To encourage timely deliveries and prevent fraud on cargo hauls, Covalex Shipping will set a delivery time limit and upon expiration, any undelivered cargo will be considered stolen and treated as such. Total payment will be prorated according to the percentage of cargo successfully delivered.",@Covalex_HaulCargo_SingleToMulti_RefinedOre,Covalex_HaulCargo_SingleToMulti_RefinedOre,319000,,1,,3b2f7882-73cc-41a4-9dce-f188d927e905,"[""939db9c047f8"",""4bb7d5766b7c"",""dfaa4ef80550"",""eda891a336d8"",""6d40795eef36""]","[""7c7107f9f580"",""10b299e2ccf9"",""db17a1be6e86"",""0fcc1d84a327"",""e63d2da1ad36"",""32e3bb3ae27a"",""d56b03ec64ca"",""0c19e0494d99"",""59ce884e5a53"",""8ed6f459e7a4"",""2ed683252564"",""de212bfbf4b5"",""bbd717ea0069""]","{""location"":[{""guid"":""34ff378f-faee-47bb-b5fe-f505e665c5ca"",""name"":""Stanton"",""navIcon"":""Star""}]}","{""CargoRouteToken"":""@HaulCargo_CargoRoute_Solar"",""CargoGradeToken"":""@HaulCargo_CargoGrade_Supply"",""ReputationRank"":""@RepStanding_TransportGuild_Rank5"",""MissionMaxSCUSize"":""@FreightElevator_16SCU"",""Item"":""@items_commodities_aluminum"",""SingleToMultiToken"":""@HaulCargo_4_SingleToMultiToken""}","{""guid"":""120d179a-d3d1-464a-9391-160358abf60f"",""name"":""Senior"",""minReputation"":77750,""nameKey"":""RepStanding_TransportGuild_Rank5"",""includeWhenSharing"":true}",,,false,false,,10,,,,,"[{""resource"":""114e57c0cc6e"",""minSCU"":61,""maxSCU"":108,""maxContainerSize"":16},{""resource"":""114e57c0cc6e"",""minSCU"":61,""maxSCU"":108,""maxContainerSize"":16},{""resource"":""114e57c0cc6e"",""minSCU"":61,""maxSCU"":108,""maxContainerSize"":16},{""resource"":""114e57c0cc6e"",""minSCU"":61,""maxSCU"":108,""maxContainerSize"":16}]",,,,,,1,,,1,,,,,,,,,,1,4,
b7819e19-30fb-485e-98f8-4bd45044c1bd,HaulCargo_SingleToMulti4_RefinedOre_Quartz_Stanton_SupplyGrade,,Hauling - Stellar,,Senior Rank - Medium Cargo Haul,@Covalex_HaulCargo_SingleToMulti_title,"Hi there,\n\nThe refinery at <EM4>[LOCATION]</EM4> has been busy. They’ve processed a bunch of <EM4>Quartz</EM4> into containers <EM4>16 SCU</EM4> or smaller, and are looking to get it shipped out from a freight elevator. I just checked with the LEOs to see which ones needed this stuff and was able to put together this run.  \n\nDROP OFF LOCATIONS (ANY ORDER)\n\n- Freight elevator at <EM4>[DESTINATION]</EM4>\n- Freight elevator at <EM4>[DESTINATION1]</EM4>\n- Freight elevator at <EM4>[DESTINATION2]</EM4>\n- Freight elevator at <EM4>[DESTINATION3]</EM4>\n\nShould be an easy run for you, if you’re free. \n\nBy the way, we strongly encourage contractors to bring a <EM4>handheld tractor beam</EM4> along.   \n\nThanks in advance for ensuring prompt service,\n\nChase Hewitt\nJr. Logistics Coordinator\nCovalex Shipping  \n'Anything you need, anywhere you need it.'\n\nCovalex Shipping is a limited liability corporation. To encourage timely deliveries and prevent fraud on cargo hauls, Covalex Shipping will set a delivery time limit and upon expiration, any undelivered cargo will be considered stolen and treated as such. Total payment will be prorated according to the percentage of cargo successfully delivered.",@Covalex_HaulCargo_SingleToMulti_RefinedOre,Covalex_HaulCargo_SingleToMulti_RefinedOre,319500,,1,,3b2f7882-73cc-41a4-9dce-f188d927e905,"[""074158cec93a"",""c11688d881bf"",""3498b709fb3e"",""d460d15a7d1b"",""e7b47cf6f5c5""]","[""835233495c33"",""7c7107f9f580"",""10b299e2ccf9"",""6b6ebf6490bf"",""db17a1be6e86"",""dc43d22c47ef"",""0fcc1d84a327"",""0ded966e2152"",""e63d2da1ad36"",""32e3bb3ae27a"",""945cda2742a2"",""d56b03ec64ca"",""0c19e0494d99"",""59ce884e5a53"",""8ed6f459e7a4"",""16a67e996f29"",""6d1fd40caa22"",""2ed683252564"",""de212bfbf4b5"",""bbd717ea0069""]","{""location"":[{""guid"":""34ff378f-faee-47bb-b5fe-f505e665c5ca"",""name"":""Stanton"",""navIcon"":""Star""}]}","{""CargoRouteToken"":""@HaulCargo_CargoRoute_Solar"",""CargoGradeToken"":""@HaulCargo_CargoGrade_Supply"",""ReputationRank"":""@RepStanding_TransportGuild_Rank5"",""MissionMaxSCUSize"":""@FreightElevator_16SCU"",""Item"":""@items_commodities_quartz"",""SingleToMultiToken"":""@HaulCargo_4_SingleToMultiToken""}","{""guid"":""120d179a-d3d1-464a-9391-160358abf60f"",""name"":""Senior"",""minReputation"":77750,""nameKey"":""RepStanding_TransportGuild_Rank5"",""includeWhenSharing"":true}",,,false,false,,10,,,,,"[{""resource"":""8f116d732e1e"",""minSCU"":61,""maxSCU"":108,""maxContainerSize"":16},{""resource"":""8f116d732e1e"",""minSCU"":61,""maxSCU"":108,""maxContainerSize"":16},{""resource"":""8f116d732e1e"",""minSCU"":61,""maxSCU"":108,""maxContainerSize"":16},{""resource"":""8f116d732e1e"",""minSCU"":61,""maxSCU"":108,""maxContainerSize"":16}]",,,,,,1,,,1,,,,,,,,,,1,4,
22282ab5-4876-4b27-8f5c-ae816974e68a,HaulCargo_SingleToMulti4_RefinedOre_Quartz_Stanton_SupplyGrade1,,Hauling - Stellar,,Senior Rank - Medium Cargo Haul,@Covalex_HaulCargo_SingleToMulti_title,"Hi there,\n\nThe refinery at <EM4>[LOCATION]</EM4> has been busy. They’ve processed a bunch of <EM4>Quartz</EM4> into containers <EM4>16 SCU</EM4> or smaller, and are looking to get it shipped out from a freight elevator. I just checked with the LEOs to see which ones needed this stuff and was able to put together this run.  \n\nDROP OFF LOCATIONS (ANY ORDER)\n\n- Freight elevator at <EM4>[DESTINATION]</EM4>\n- Freight elevator at <EM4>[DESTINATION1]</EM4>\n- Freight elevator at <EM4>[DESTINATION2]</EM4>\n- Freight elevator at <EM4>[DESTINATION3]</EM4>\n\nShould be an easy run for you, if you’re free. \n\nBy the way, we strongly encourage contractors to bring a <EM4>handheld tractor beam</EM4> along.   \n\nThanks in advance for ensuring prompt service,\n\nChase Hewitt\nJr. Logistics Coordinator\nCovalex Shipping  \n'Anything you need, anywhere you need it.'\n\nCovalex Shipping is a limited liability corporation. To encourage timely deliveries and prevent fraud on cargo hauls, Covalex Shipping will set a delivery time limit and upon expiration, any undelivered cargo will be considered stolen and treated as such. Total payment will be prorated according to the percentage of cargo successfully delivered.",@Covalex_HaulCargo_SingleToMulti_RefinedOre,Covalex_HaulCargo_SingleToMulti_RefinedOre,314000,,1,,3b2f7882-73cc-41a4-9dce-f188d927e905,"[""e15ed9ae26b0"",""c78dabbac080"",""d075888b87ae"",""d9e58924ece8"",""684acd6474b7""]","[""835233495c33"",""7c7107f9f580"",""10b299e2ccf9"",""6b6ebf6490bf"",""db17a1be6e86"",""dc43d22c47ef"",""0fcc1d84a327"",""0ded966e2152"",""e63d2da1ad36"",""32e3bb3ae27a"",""945cda2742a2"",""d56b03ec64ca"",""0c19e0494d99"",""59ce884e5a53"",""8ed6f459e7a4"",""16a67e996f29"",""6d1fd40caa22"",""2ed683252564"",""de212bfbf4b5"",""bbd717ea0069""]","{""location"":[{""guid"":""34ff378f-faee-47bb-b5fe-f505e665c5ca"",""name"":""Stanton"",""navIcon"":""Star""}]}","{""CargoRouteToken"":""@HaulCargo_CargoRoute_Solar"",""CargoGradeToken"":""@HaulCargo_CargoGrade_Supply"",""ReputationRank"":""@RepStanding_TransportGuild_Rank5"",""MissionMaxSCUSize"":""@FreightElevator_16SCU"",""Item"":""@items_commodities_quartz"",""SingleToMultiToken"":""@HaulCargo_4_SingleToMultiToken""}","{""guid"":""120d179a-d3d1-464a-9391-160358abf60f"",""name"":""Senior"",""minReputation"":77750,""nameKey"":""RepStanding_TransportGuild_Rank5"",""includeWhenSharing"":true}",,,false,false,,10,,,,,"[{""resource"":""8f116d732e1e"",""minSCU"":61,""maxSCU"":108,""maxContainerSize"":16},{""resource"":""8f116d732e1e"",""minSCU"":61,""maxSCU"":108,""maxContainerSize"":16},{""resource"":""8f116d732e1e"",""minSCU"":61,""maxSCU"":108,""maxContainerSize"":16},{""resource"":""8f116d732e1e"",""minSCU"":61,""maxSCU"":108,""maxContainerSize"":16}]",,,,,,1,,,1,,,,,,,,,,1,4,
e9a36014-7bb2-495d-8888-1bf883ee2fee,HaulCargo_SingleToMulti4_RefinedOre_Titanium_Stanton_SupplyGrade,,Hauling - Stellar,,Senior Rank - Medium Cargo Haul,@Covalex_HaulCargo_SingleToMulti_title,"Hi there,\n\nThe refinery at <EM4>[LOCATION]</EM4> has been busy. They’ve processed a bunch of <EM4>Titanium</EM4> into containers <EM4>16 SCU</EM4> or smaller, and are looking to get it shipped out from a freight elevator. I just checked with the LEOs to see which ones needed this stuff and was able to put together this run.  \n\nDROP OFF LOCATIONS (ANY ORDER)\n\n- Freight elevator at <EM4>[DESTINATION]</EM4>\n- Freight elevator at <EM4>[DESTINATION1]</EM4>\n- Freight elevator at <EM4>[DESTINATION2]</EM4>\n- Freight elevator at <EM4>[DESTINATION3]</EM4>\n\nShould be an easy run for you, if you’re free. \n\nBy the way, we strongly encourage contractors to bring a <EM4>handheld tractor beam</EM4> along.   \n\nThanks in advance for ensuring prompt service,\n\nChase Hewitt\nJr. Logistics Coordinator\nCovalex Shipping  \n'Anything you need, anywhere you need it.'\n\nCovalex Shipping is a limited liability corporation. To encourage timely deliveries and prevent fraud on cargo hauls, Covalex Shipping will set a delivery time limit and upon expiration, any undelivered cargo will be considered stolen and treated as such. Total payment will be prorated according to the percentage of cargo successfully delivered.",@Covalex_HaulCargo_SingleToMulti_RefinedOre,Covalex_HaulCargo_SingleToMulti_RefinedOre,313250,,1,,3b2f7882-73cc-41a4-9dce-f188d927e905,"[""d349a20587a2"",""a49dc6443322"",""cc0b084257c7""]","[""e242eae00bfc"",""835233495c33"",""7c7107f9f580"",""10b299e2ccf9"",""84355f2b6158"",""5992d6926718"",""44282c75228d"",""018d85504640"",""6b6ebf6490bf"",""db17a1be6e86"",""dc43d22c47ef"",""0fcc1d84a327"",""0ded966e2152"",""e63d2da1ad36"",""32e3bb3ae27a"",""945cda2742a2"",""d56b03ec64ca"",""0c19e0494d99"",""59ce884e5a53"",""8ed6f459e7a4"",""16a67e996f29"",""6d1fd40caa22"",""2ed683252564"",""1ad31cfb44e5"",""de212bfbf4b5"",""bbd717ea0069""]","{""location"":[{""guid"":""34ff378f-faee-47bb-b5fe-f505e665c5ca"",""name"":""Stanton"",""navIcon"":""Star""}]}","{""CargoRouteToken"":""@HaulCargo_CargoRoute_Solar"",""CargoGradeToken"":""@HaulCargo_CargoGrade_Supply"",""ReputationRank"":""@RepStanding_TransportGuild_Rank5"",""MissionMaxSCUSize"":""@FreightElevator_16SCU"",""Item"":""@items_commodities_titanium"",""SingleToMultiToken"":""@HaulCargo_4_SingleToMultiToken""}","{""guid"":""120d179a-d3d1-464a-9391-160358abf60f"",""name"":""Senior"",""minReputation"":77750,""nameKey"":""RepStanding_TransportGuild_Rank5"",""includeWhenSharing"":true}",,,false,false,,10,,,,,"[{""resource"":""6c1aad782b33"",""minSCU"":61,""maxSCU"":108,""maxContainerSize"":16},{""resource"":""6c1aad782b33"",""minSCU"":61,""maxSCU"":108,""maxContainerSize"":16},{""resource"":""6c1aad782b33"",""minSCU"":61,""maxSCU"":108,""maxContainerSize"":16},{""resource"":""6c1aad782b33"",""minSCU"":61,""maxSCU"":108,""maxContainerSize"":16}]",,,,,,1,,,1,,,,"[""Stanton""]",,,,,,1,4,
10ff3ab2-1850-484c-9052-d97c24d1a269,HaulCargo_SingleToMulti4_RefinedOre_Tungsten_Stanton_SupplyGrade,,Hauling - Stellar,,Senior Rank - Medium Cargo Haul,@Covalex_HaulCargo_SingleToMulti_title,"Hi there,\n\nThe refinery at <EM4>[LOCATION]</EM4> has been busy. They’ve processed a bunch of <EM4>Tungsten</EM4> into containers <EM4>16 SCU</EM4> or smaller, and are looking to get it shipped out from a freight elevator. I just checked with the LEOs to see which ones needed this stuff and was able to put together this run.  \n\nDROP OFF LOCATIONS (ANY ORDER)\n\n- Freight elevator at <EM4>[DESTINATION]</EM4>\n- Freight elevator at <EM4>[DESTINATION1]</EM4>\n- Freight elevator at <EM4>[DESTINATION2]</EM4>\n- Freight elevator at <EM4>[DESTINATION3]</EM4>\n\nShould be an easy run for you, if you’re free. \n\nBy the way, we strongly encourage contractors to bring a <EM4>handheld tractor beam</EM4> along.   \n\nThanks in advance for ensuring prompt service,\n\nChase Hewitt\nJr. Logistics Coordinator\nCovalex Shipping  \n'Anything you need, anywhere you need it.'\n\nCovalex Shipping is a limited liability corporation. To encourage timely deliveries and prevent fraud on cargo hauls, Covalex Shipping will set a delivery time limit and upon expiration, any undelivered cargo will be considered stolen and treated as such. Total payment will be prorated according to the percentage of cargo successfully delivered.",@Covalex_HaulCargo_SingleToMulti_RefinedOre,Covalex_HaulCargo_SingleToMulti_RefinedOre,323500,,1,,3b2f7882-73cc-41a4-9dce-f188d927e905,"[""d349a20587a2"",""a49dc6443322"",""cc0b084257c7""]","[""7c7107f9f580"",""10b299e2ccf9"",""db17a1be6e86"",""0fcc1d84a327"",""e63d2da1ad36"",""32e3bb3ae27a"",""d56b03ec64ca"",""0c19e0494d99"",""59ce884e5a53"",""8ed6f459e7a4"",""2ed683252564"",""de212bfbf4b5"",""bbd717ea0069""]","{""location"":[{""guid"":""34ff378f-faee-47bb-b5fe-f505e665c5ca"",""name"":""Stanton"",""navIcon"":""Star""}]}","{""CargoRouteToken"":""@HaulCargo_CargoRoute_Solar"",""CargoGradeToken"":""@HaulCargo_CargoGrade_Supply"",""ReputationRank"":""@RepStanding_TransportGuild_Rank5"",""MissionMaxSCUSize"":""@FreightElevator_16SCU"",""Item"":""@items_commodities_tungsten"",""SingleToMultiToken"":""@HaulCargo_4_SingleToMultiToken""}","{""guid"":""120d179a-d3d1-464a-9391-160358abf60f"",""name"":""Senior"",""minReputation"":77750,""nameKey"":""RepStanding_TransportGuild_Rank5"",""includeWhenSharing"":true}",,,false,false,,10,,,,,"[{""resource"":""77b7c49f0863"",""minSCU"":61,""maxSCU"":108,""maxContainerSize"":16},{""resource"":""77b7c49f0863"",""minSCU"":61,""maxSCU"":108,""maxContainerSize"":16},{""resource"":""77b7c49f0863"",""minSCU"":61,""maxSCU"":108,""maxContainerSize"":16},{""resource"":""77b7c49f0863"",""minSCU"":61,""maxSCU"":108,""maxContainerSize"":16}]",,,,,,1,,,1,,,,,,,,,,1,4,
e17b7546-8bc3-429b-a4de-1165c4867afc,HaulCargo_SingleToMulti4_RefinedOre_Tungsten_Stanton_SupplyGrade1,,Hauling - Stellar,,Senior Rank - Medium Cargo Haul,@Covalex_HaulCargo_SingleToMulti_title,"Hi there,\n\nThe refinery at <EM4>[LOCATION]</EM4> has been busy. They’ve processed a bunch of <EM4>Tungsten</EM4> into containers <EM4>16 SCU</EM4> or smaller, and are looking to get it shipped out from a freight elevator. I just checked with the LEOs to see which ones needed this stuff and was able to put together this run.  \n\nDROP OFF LOCATIONS (ANY ORDER)\n\n- Freight elevator at <EM4>[DESTINATION]</EM4>\n- Freight elevator at <EM4>[DESTINATION1]</EM4>\n- Freight elevator at <EM4>[DESTINATION2]</EM4>\n- Freight elevator at <EM4>[DESTINATION3]</EM4>\n\nShould be an easy run for you, if you’re free. \n\nBy the way, we strongly encourage contractors to bring a <EM4>handheld tractor beam</EM4> along.   \n\nThanks in advance for ensuring prompt service,\n\nChase Hewitt\nJr. Logistics Coordinator\nCovalex Shipping  \n'Anything you need, anywhere you need it.'\n\nCovalex Shipping is a limited liability corporation. To encourage timely deliveries and prevent fraud on cargo hauls, Covalex Shipping will set a delivery time limit and upon expiration, any undelivered cargo will be considered stolen and treated as such. Total payment will be prorated according to the percentage of cargo successfully delivered.",@Covalex_HaulCargo_SingleToMulti_RefinedOre,Covalex_HaulCargo_SingleToMulti_RefinedOre,319000,,1,,3b2f7882-73cc-41a4-9dce-f188d927e905,"[""939db9c047f8"",""4bb7d5766b7c"",""dfaa4ef80550"",""eda891a336d8"",""6d40795eef36""]","[""7c7107f9f580"",""10b299e2ccf9"",""db17a1be6e86"",""0fcc1d84a327"",""e63d2da1ad36"",""32e3bb3ae27a"",""d56b03ec64ca"",""0c19e0494d99"",""59ce884e5a53"",""8ed6f459e7a4"",""2ed683252564"",""de212bfbf4b5"",""bbd717ea0069""]","{""location"":[{""guid"":""34ff378f-faee-47bb-b5fe-f505e665c5ca"",""name"":""Stanton"",""navIcon"":""Star""}]}","{""CargoRouteToken"":""@HaulCargo_CargoRoute_Solar"",""CargoGradeToken"":""@HaulCargo_CargoGrade_Supply"",""ReputationRank"":""@RepStanding_TransportGuild_Rank5"",""MissionMaxSCUSize"":""@FreightElevator_16SCU"",""Item"":""@items_commodities_tungsten"",""SingleToMultiToken"":""@HaulCargo_4_SingleToMultiToken""}","{""guid"":""120d179a-d3d1-464a-9391-160358abf60f"",""name"":""Senior"",""minReputation"":77750,""nameKey"":""RepStanding_TransportGuild_Rank5"",""includeWhenSharing"":true}",,,false,false,,10,,,,,"[{""resource"":""77b7c49f0863"",""minSCU"":61,""maxSCU"":108,""maxContainerSize"":16},{""resource"":""77b7c49f0863"",""minSCU"":61,""maxSCU"":108,""maxContainerSize"":16},{""resource"":""77b7c49f0863"",""minSCU"":61,""maxSCU"":108,""maxContainerSize"":16},{""resource"":""77b7c49f0863"",""minSCU"":61,""maxSCU"":108,""maxContainerSize"":16}]",,,,,,1,,,1,,,,,,,,,,1,4,
