Manufacturer Class,Code,Name Key,Short Name Key,Description Key,Logo,Logo Full Color,Logo Simplified White,Dashboard Canvas Config GUID,Building Blocks Style GUID,Audio Manufacturer Tag GUID,Light Amplification GUID,Record GUID,Record Path
ACAS,ACAS,manufacturer_NameACAS,,manufacturer_DescACAS,UI/SharedAssets/ManufacturerLogos/AceAstrogation_256.tif,,,,,,,cfc0122d-5275-415a-a656-3dcb3346feb5,libs/foundry/records/scitemmanufacturer/acas.xml
ACDO,ACDO,manufacturer_NameACDO,,manufacturer_DescACDO,UI/SharedAssets/ManufacturerLogos/Aciedo_256.tif,,,,,,,b99ddb18-b325-44de-abfa-ce2e978424e4,libs/foundry/records/scitemmanufacturer/acdo.xml
CCC,CCC,manufacturer_NameCCC,,manufacturer_DescCCC,UI/SharedAssets/ManufacturerLogos/CCConversions_256.tif,,,,,,,be4a26fd-0585-4aaf-bad9-d234091bd02e,libs/foundry/records/scitemmanufacturer/armor/ccc.xml
CLDA,CLDA,manufacturer_NameCLDA,,manufacturer_DescCLDA,UI/SharedAssets/ManufacturerLogos/Caldera_256.tif,,,,4cd2b771-4180-4732-ba6e-15d5baeb4e79,,,eddc1a94-7840-4855-9889-544821d4d739,libs/foundry/records/scitemmanufacturer/armor/clda.xml
DOOM,DOOM,manufacturer_NameDOOM,,manufacturer_DescDOOM,UI/SharedAssets/ManufacturerLogos/Doomsday_256.tif,,,,,,,b495993e-c10a-41e4-876d-1de96de54e33,libs/foundry/records/scitemmanufacturer/armor/doom.xml
HDTC,HDTC,manufacturer_NameHDTC,,manufacturer_DescHDTC,UI/SharedAssets/ManufacturerLogos/HardinTactical_256.tif,,,,,,,8368a760-84b4-4359-bda1-7b015dc0c884,libs/foundry/records/scitemmanufacturer/armor/hdtc.xml
QRT,,manufacturer_NameQRT,,manufacturer_DescQRT,UI/SharedAssets/ManufacturerLogos/QuirinusTech_256_diff.tif,,,,,,,64f8b397-8c0d-40b0-96a0-52bbeb41e5ad,libs/foundry/records/scitemmanufacturer/armor/qrt.xml
RRS,RRS,manufacturer_NameRRS,,manufacturer_DescRRS,UI/SharedAssets/ManufacturerLogos/roussimoff_256.tif,,,,,,,73a6ba90-8f53-423d-ad0b-96e81b7e18a5,libs/foundry/records/scitemmanufacturer/armor/rrs.xml
CDS,CDS,manufacturer_NameCDS,,manufacturer_DescCDS,UI/SharedAssets/ManufacturerLogos/CDS_256.tif,,,,,,,8a7bd715-5b97-404f-b02e-0d0cc593f608,libs/foundry/records/scitemmanufacturer/armor/scitemmanufacturer.cds.xml
KSAR,KSAR,manufacturer_NameKSAR,,manufacturer_DescKSAR,UI/SharedAssets/ManufacturerLogos/Kastak_256.tif,,,,e81f8232-e8f2-461a-9e11-ed83a75534ad,,,709e8255-a0b1-4c5e-8b0e-28781be25984,libs/foundry/records/scitemmanufacturer/armor/scitemmanufacturer.ksar.xml
NVY,NVY,manufacturer_NameNVY,,manufacturer_DescNVY,UI/SharedAssets/ManufacturerLogos/UnknownManufacturer_256.tif,,,,,,,d133f90d-bc69-4273-9867-6c03631f0c4b,libs/foundry/records/scitemmanufacturer/armor/scitemmanufacturer.nvy.xml
VGL,VGL,manufacturer_NameVGL,,manufacturer_DescVGL,UI/SharedAssets/ManufacturerLogos/Virgil_256.tif,,,,,,,0e6d8f1b-ebb8-4773-8ca4-f25d737c8709,libs/foundry/records/scitemmanufacturer/armor/scitemmanufacturer.vgl.xml
SYFB,SYFB,manufacturer_NameSYFB,,manufacturer_DescSYFB,UI/SharedAssets/ManufacturerLogos/UnknownManufacturer_256.tif,,,,,,,0d3e6377-4be0-4c38-8269-3ac5dbd132d8,libs/foundry/records/scitemmanufacturer/armor/syfb.xml
THP,THP,manufacturer_NameTHP,,manufacturer_DescTHP,UI/SharedAssets/ManufacturerLogos/Tehachapi_256.tif,,,,,,,c0bc7b2d-9c1a-4029-9715-f28b81122863,libs/foundry/records/scitemmanufacturer/armor/thp.xml
UBA,UBA,manufacturer_NameUBA,,manufacturer_DescUBA,UI/SharedAssets/ManufacturerLogos/UnknownManufacturer_256.tif,,,,,,,04ded06f-7862-4771-b40f-aa310b74ee17,libs/foundry/records/scitemmanufacturer/armor/uba.xml
ASD_LO,ASD,manufacturer_NameASAD,,manufacturer_DescASAD,UI/SharedAssets/ManufacturerLogos/AssociatedScienceAndDevelopment_256.tif,,,,7e1c2c4c-06c6-4490-ad82-d22b6b8c8e19,,,bb5a8287-6bb7-4936-a898-4b1850e8112e,libs/foundry/records/scitemmanufacturer/asd_lo.xml
ASD,ASD,manufacturer_NameASAD,,manufacturer_DescASAD,UI/SharedAssets/ManufacturerLogos/AssociatedScienceAndDevelopment_256.tif,,,,0faa0654-a642-46ba-a3f3-9e2def46e9b0,,,055fe7c5-2e02-4e3a-aacb-f289563fabbd,libs/foundry/records/scitemmanufacturer/asd.xml
BANU,BANU,manufacturer_NameBANU,,manufacturer_DescBANU,UI/SharedAssets/ManufacturerLogos/Banu_256.tif,,,27ccfeae-f505-4e24-bae8-1d5a99429fa3,f6eecdfd-8d14-4bcc-a9ab-5f3217c4840d,c4e29be8-0102-45f0-b730-d4266fec7ab4,6305e167-ed9f-4f39-a8d9-20832bd3f387,2b5ba252-e826-4356-ac0d-8d88007ea386,libs/foundry/records/scitemmanufacturer/banu.xml
BLTR,BLTR,manufacturer_NameBLTR,,manufacturer_DescBLTR,UI/SharedAssets/ManufacturerLogos/rep_ui_icon_logo_bluetriangle_diff.tif,,,,,,,bcea197e-ac9d-49f4-a692-d77c6927077f,libs/foundry/records/scitemmanufacturer/bltr.xml
BRRA,BRRA,manufacturer_NameBRRA,,manufacturer_DescBRRA,UI/SharedAssets/ManufacturerLogos/rep_ui_icon_logo_BRRA_diff.tif,,,,,,,ad865899-f5ba-4818-ae8c-fe80a55108b7,libs/foundry/records/scitemmanufacturer/brra.xml
CHCO,CHCO,manufacturer_NameCHCO,,manufacturer_DescCHCO,UI/SharedAssets/ManufacturerLogos/rep_ui_icon_logo_chimera_diff.tif,,,,,,,8af71a8a-7da0-4e31-afc7-648fc916e387,libs/foundry/records/scitemmanufacturer/chco.xml
987,987,manufacturer_Name987,,manufacturer_Desc987,UI/SharedAssets/ManufacturerLogos/987_256.tif,,,,,,,3b54a8cc-5700-45f1-940a-2436b213926f,libs/foundry/records/scitemmanufacturer/clothes/987.xml
CBA,CBA,manufacturer_NameCBA,,manufacturer_DescCBA,UI/SharedAssets/ManufacturerLogos/codeblueapparel_256.tif,,,,,,,d9179d05-55be-4eed-8b1b-93bb8450ff04,libs/foundry/records/scitemmanufacturer/clothes/cba.xml
DRN,DRN,manufacturer_NameDRN,,manufacturer_DescDRN,UI/SharedAssets/ManufacturerLogos/Derion_256.tif,,,,,,,2ab62815-6273-44b9-bbc6-28d36fed6fd8,libs/foundry/records/scitemmanufacturer/clothes/drn.xml
DYL,DYL,manufacturer_NameDYL,,manufacturer_DescDYL,UI/SharedAssets/ManufacturerLogos/UnknownManufacturer_256.tif,,,,,,,92b20988-dbf3-4e95-b4a9-7e5e22112516,libs/foundry/records/scitemmanufacturer/clothes/dyl.xml
FIO,FIO,manufacturer_NameFIO,,manufacturer_DescFIO,UI/SharedAssets/ManufacturerLogos/Fiore_256.tif,,,,,,,503b0974-5027-4c69-bce6-a38c42e87ebe,libs/foundry/records/scitemmanufacturer/clothes/fio.xml
GSB,GSB,manufacturer_NameGSB,,manufacturer_DescGSB,UI/SharedAssets/ManufacturerLogos/GrindstoneBoots_256.tif,,,,,,,6d4b7375-8e0c-445a-a243-21f8f94f99cb,libs/foundry/records/scitemmanufacturer/clothes/gsb.xml
GYS,GYS,manufacturer_NameGYS,,manufacturer_DescGYS,UI/SharedAssets/ManufacturerLogos/Gyson_256.tif,,,,,,,d56a3985-2f29-4095-b2f2-542376cc74f4,libs/foundry/records/scitemmanufacturer/clothes/gys.xml
HDH,HDH,manufacturer_NameHDH,,manufacturer_DescHDH,UI/SharedAssets/ManufacturerLogos/Habidash_256.tif,,,,,,,70ce6432-3a1e-45a1-8179-fe30a3ee54dc,libs/foundry/records/scitemmanufacturer/clothes/hdh.xml
MYM,MYM,manufacturer_NameMYM,,manufacturer_DescMYM,UI/SharedAssets/ManufacturerLogos/MuyMuy_256.tif,,,,,,,cc1731c4-8156-4750-a138-96838df79117,libs/foundry/records/scitemmanufacturer/clothes/mym.xml
NRS,NRS,manufacturer_NameNRS,,manufacturer_DescNRS,UI/SharedAssets/ManufacturerLogos/NorthStar_256.tif,,,,,,,2d1922e0-f8dc-46d3-a453-6a85711f3771,libs/foundry/records/scitemmanufacturer/clothes/nrs.xml
NVS,NVS,manufacturer_NameNVS,,manufacturer_DescNVS,UI/SharedAssets/ManufacturerLogos/NavySurplus_256.tif,,,,,,,f8efa046-7f79-4e09-b2fc-35d0df2429cf,libs/foundry/records/scitemmanufacturer/clothes/nvs.xml
OCT,OCT,manufacturer_NameOCT,,manufacturer_DescOCT,UI/SharedAssets/ManufacturerLogos/octagon_256.tif,,,,,,,4a05001d-0511-415f-8e32-618fbd75242b,libs/foundry/records/scitemmanufacturer/clothes/oct.xml
OPS,OPS,manufacturer_NameOPS,,manufacturer_DescOPS,UI/SharedAssets/ManufacturerLogos/OpalSky_256.tif,,,,,,,6f5af1a4-a50d-41e5-8bb0-c1acd89d4b9e,libs/foundry/records/scitemmanufacturer/clothes/ops.xml
RMB,RMB,manufacturer_NameRMB,,manufacturer_DescRMB,UI/SharedAssets/ManufacturerLogos/Rambler_256.tif,,,,,,,e7489831-23c1-4629-ab36-221bb9bad06f,libs/foundry/records/scitemmanufacturer/clothes/rmb.xml
ALB,ALB,manufacturer_NameALB,,manufacturer_DescALB,UI/SharedAssets/ManufacturerLogos/alejobros_256.tif,,,,,,,dd14fd7f-eead-4f7d-8057-2d95405a0183,libs/foundry/records/scitemmanufacturer/clothes/scitemmanufacturer.alb.xml
CBD,CBD,manufacturer_NameCBD,,manufacturer_DescCBD,UI/SharedAssets/ManufacturerLogos/cbd_256.tif,,,,,,,64eef2d9-5d3d-431d-a83b-ae077a16b4e2,libs/foundry/records/scitemmanufacturer/clothes/scitemmanufacturer.cbd.xml
CTL,CTL,manufacturer_NameCTL,,manufacturer_DescCTL,UI/SharedAssets/ManufacturerLogos/CityLights_256.tif,,,,,,,5ca8a669-44c2-40e4-89b2-7a5da790b832,libs/foundry/records/scitemmanufacturer/clothes/scitemmanufacturer.ctl.xml
DMC,DMC,manufacturer_NameDMC,,manufacturer_DescDMC,UI/SharedAssets/ManufacturerLogos/DMC_256.tif,,,,,,,a53bbc2b-aa43-483d-967e-0cebc5600c04,libs/foundry/records/scitemmanufacturer/clothes/scitemmanufacturer.dmc.xml
ELD,ELD,manufacturer_NameELD,,manufacturer_DescELD,UI/SharedAssets/ManufacturerLogos/EscarLTD_256.tif,,,,,,,190a2e0e-6d60-4719-8238-ac7e1c746626,libs/foundry/records/scitemmanufacturer/clothes/scitemmanufacturer.eld.xml
EVL,EVL,manufacturer_NameEVL,,manufacturer_DescEVL,UI/SharedAssets/ManufacturerLogos/evl_256.tif,,,,,,,c0635984-4973-41c6-ac27-0c9a39ae051d,libs/foundry/records/scitemmanufacturer/clothes/scitemmanufacturer.evl.xml
HWK,HWK,manufacturer_NameHWK,,manufacturer_DescHWK,UI/SharedAssets/ManufacturerLogos/Hawksworths_256.tif,,,,,,,d7a8b196-8778-4e18-8c8c-38229eef01f1,libs/foundry/records/scitemmanufacturer/clothes/scitemmanufacturer.hwk.xml
R6P,R6P,manufacturer_NameR6P,,manufacturer_DescR6P,UI/SharedAssets/ManufacturerLogos/r6pro_256.tif,,,,,,,1ddcadf0-7bb0-4fa9-94f0-6af19432631c,libs/foundry/records/scitemmanufacturer/clothes/scitemmanufacturer.r6p.xml
SPV,SPV,manufacturer_NameSPV,,manufacturer_DescSPV,UI/SharedAssets/ManufacturerLogos/SPV_256.tif,,,,,,,e7c9f9ee-a1db-40ee-bfa8-a8ffead4ac1d,libs/foundry/records/scitemmanufacturer/clothes/scitemmanufacturer.spv.xml
SCU,SCU,manufacturer_NameSCU,,manufacturer_DescSCU,UI/SharedAssets/ManufacturerLogos/Stegmans_256.tif,,,,,,,20121812-97a6-4ce1-a6a4-88a5ed646c58,libs/foundry/records/scitemmanufacturer/clothes/scu.xml
UPS,UPS,manufacturer_NameUPS,,manufacturer_DescUPS,UI/SharedAssets/ManufacturerLogos/Upsiders_256.tif,,,,,,,f444bb54-a422-44a0-abdb-a0384f0f5593,libs/foundry/records/scitemmanufacturer/clothes/ups.xml
VPW,VPW,manufacturer_NameVPW,,manufacturer_DescVPW,UI/SharedAssets/ManufacturerLogos/UnknownManufacturer_256.tif,,,,,,,7dfff1b9-2bfa-4ace-86d9-30329a2a0f30,libs/foundry/records/scitemmanufacturer/clothes/vpw.xml
Flair_Dashboard_Cockpit_Bot_Logo_a,,,,,UI/SharedAssets/CockpitFlairLogos/flair_dashboard_cockpit_bot_logo_a_diff.tif,,,,,,,0b5e4d5d-d435-45f8-9093-6daa1950158f,libs/foundry/records/scitemmanufacturer/cockpitflairlogos/flair_dashboard_cockpit_bot_logo_a.xml
Flair_Dashboard_Heart_Teddy_Logo_a,,,,,UI/SharedAssets/CockpitFlairLogos/flair_dashboard_heart_teddy_logo_a_diff.tif,,,,,,,f332f071-5df1-404b-a37e-e77cf287c0dd,libs/foundry/records/scitemmanufacturer/cockpitflairlogos/flair_dashboard_heart_teddy_logo_a.xml
CRLF_Medgun,CUR,manufacturer_NameCRLF,,manufacturer_DescCRLF,UI/SharedAssets/ManufacturerLogos/curelife_256.tif,,,,20ca722c-5d0a-4919-9f3d-1d975fddf814,,,f4a1ad63-43fb-483c-a90f-33dd50586e3a,libs/foundry/records/scitemmanufacturer/crlf_medgun.xml
CRUS,CRUS,manufacturer_NameCRUS,,manufacturer_DescCRUS,UI/SharedAssets/ManufacturerLogos/Crusader_256.tif,,,feab71bd-5e76-4039-89ed-74484ed413f4,c8953e7c-6f83-439e-8e71-9cd23eaabb12,d98c7c8b-87f2-4431-acac-e60282e1dda3,4830ef02-0d3c-474f-9376-ebdfff301dd3,63685f47-b0cc-4ebe-8f16-72793a5cd6e0,libs/foundry/records/scitemmanufacturer/crus.xml
ESPR,ESPR,manufacturer_NameESPR,,manufacturer_DescESPR,UI/SharedAssets/ManufacturerLogos/Esperia_256.tif,,,1d652fdc-08be-4d0d-93e0-84719d1a58ce,e543516a-2715-466b-9a43-4ace5d2b005b,a7eb8029-c56f-4c6b-8d2f-febe6fcd0ca0,86059c80-623f-4ce0-ae3a-3c46cd1f380e,4ecc1a24-d228-4dd5-8857-21ba6145a1d3,libs/foundry/records/scitemmanufacturer/espr.xml
FFSY,FFSY,manufacturer_NameFFSY,,manufacturer_DescFFSY,UI/SharedAssets/ManufacturerLogos/FlashfireSystems_256.tif,,,,,,,b9b97673-c585-4e0a-b229-a0a3c79668c3,libs/foundry/records/scitemmanufacturer/ffsy.xml
FSKI,FSKI,manufacturer_NameAEGS,,manufacturer_DescAEGS,UI/SharedAssets/ManufacturerLogos/FirestormKinetics_256.tif,,,,,,,5f81335d-44e6-4104-841e-c5af9df06829,libs/foundry/records/scitemmanufacturer/fski.xml
GAMA,GAM,manufacturer_NameGAMA,,manufacturer_DescGAMA,UI/SharedAssets/ManufacturerLogos/Gatac_256.tif,UI/Textures/Logos/logo_corp_GAMA_Square_Color.tif,UI/Textures/Logos/logo_corp_GAMA_Square_White.tif,d19dbfa0-5701-4d9e-9048-64507cd4ea25,3719f75c-2717-4dca-9046-b78bb3952fc9,,,31907472-a884-4ebc-86db-cd4f7797e514,libs/foundry/records/scitemmanufacturer/gama.xml
GATS,GAT,manufacturer_NameGATS,,manufacturer_DescGATS,UI/SharedAssets/ManufacturerLogos/Gallensontacticalsystems_256.tif,,,,,,,a834198a-3465-4b02-86a5-887e922ec06d,libs/foundry/records/scitemmanufacturer/gats.xml
GEND,GEND,manufacturer_NameGEND,,manufacturer_DescGEND,UI/SharedAssets/ManufacturerLogos/GenericDrink_256.tif,,,,,,,f80ab8de-4d04-4a1f-a8f2-ee2bb01fd125,libs/foundry/records/scitemmanufacturer/gend.xml
GENF,GENF,manufacturer_NameGENF,,manufacturer_DescGENF,UI/SharedAssets/ManufacturerLogos/GenericFood_256.tif,,,,,,,1b6be99e-f430-459f-ab2a-a912fd6722f8,libs/foundry/records/scitemmanufacturer/genf.xml
GHEX,GHEX,manufacturer_NameARCC,,manufacturer_DescARCC,UI/SharedAssets/ManufacturerLogos/ArcCorp_256.tif,,,,4ced3cd1-c648-4af2-951a-a0106f0184a0,,,49e92191-59aa-4a08-b7d6-3b68e0370ea8,libs/foundry/records/scitemmanufacturer/ghex.xml
GREY,GLSN,manufacturer_NameGREY,,manufacturer_DescGREY,UI/SharedAssets/ManufacturerLogos/GREY_256.tif,UI/Textures/Logos/logo_corp_GREY_Square_Color.tif,UI/Textures/Logos/logo_corp_GREY_Square_White.tif,caa36388-0d29-4c0a-bb3c-b088ac459f5d,4108de29-df26-4e5c-95e6-0b52a764ce28,,,768b4380-6486-4187-8c22-bc3deaf80770,libs/foundry/records/scitemmanufacturer/grey.xml
GRIN_Weapons,GRIN,manufacturer_NameGRIN,,manufacturer_DescGRIN,UI/SharedAssets/ManufacturerLogos/Greycat_256.tif,,,69bc2998-c8fb-4037-8aea-2f2287aa5057,35e68ab8-e34c-488e-9cc4-07275d46cc5e,90065e22-d32e-4d69-b6c4-a8ff7767185b,,d8eca6d3-b40c-46c0-953e-ef5840c1fa63,libs/foundry/records/scitemmanufacturer/grin_weapons.xml
GRIN,GRIN,manufacturer_NameGRIN,,manufacturer_DescGRIN,UI/SharedAssets/ManufacturerLogos/Greycat_256.tif,,,69bc2998-c8fb-4037-8aea-2f2287aa5057,1c828710-2088-498a-abb5-007389af5557,90065e22-d32e-4d69-b6c4-a8ff7767185b,,819545f4-18af-49a6-814e-ca4fd08f56e5,libs/foundry/records/scitemmanufacturer/grin.xml
GRNP,GRNP,manufacturer_NameGRNP,,manufacturer_DescGRNP,UI/SharedAssets/ManufacturerLogos/rep_ui_icon_logo_gnp_diff.tif,,,,,,,3909dad3-eab3-4da7-9d90-74d7064d5900,libs/foundry/records/scitemmanufacturer/grnp.xml
AEHA,,,,,,,,,,,,c7865487-2114-4863-b691-2d7d29ce1bfa,libs/foundry/records/scitemmanufacturer/hangars/scitemmanufacturer.aeha.xml
REYO,REYO,items_hangarNameRevelYork,,,,ui/textures/logos/hangars/logo_corp_reyo_square_color.tif,ui/textures/logos/hangars/logo_corp_reyo_square_white.tif,,,,,c4052a24-2547-4ebc-9137-aa9f09a907af,libs/foundry/records/scitemmanufacturer/hangars/scitemmanufacturer.reyo.xml
SELA,SELA,items_hangarNameSelfLand,,,,ui/textures/logos/hangars/logo_corp_sela_square_color.tif,ui/textures/logos/hangars/logo_corp_sela_square_white.tif,,,,,4526be72-2c19-453c-ab43-29cc23f77154,libs/foundry/records/scitemmanufacturer/hangars/scitemmanufacturer.sela.xml
VFGI,VFGI,items_hangarNameVFGIndustrial,,,,ui/textures/logos/hangars/logo_corp_vfgi_square_color.tif,ui/textures/logos/hangars/logo_corp_vfgi_square_white.tif,,,,,3ce33ad8-82e7-4d8d-9ad1-bc95b976c17c,libs/foundry/records/scitemmanufacturer/hangars/scitemmanufacturer.vfgi.xml
HRST,HRST,manufacturer_NameHRST,,manufacturer_DescHRST,UI/SharedAssets/ManufacturerLogos/HurstonDynamics_256.tif,,,,,,,ee8b7bb3-d420-435c-924f-561e67e64588,libs/foundry/records/scitemmanufacturer/hrst.xml
JOKR,JOK,manufacturer_NameJOKR,,manufacturer_DescJOKR,UI/SharedAssets/ManufacturerLogos/Jokerengineering_256.tif,,,,,,,19fbaf6d-d6dc-4e15-8fdf-67101934ff3c,libs/foundry/records/scitemmanufacturer/jokr.xml
KAP,KAP,manufacturer_NameKAP,,manufacturer_DescKAP,UI/SharedAssets/ManufacturerLogos/KAP_256_diff.tif,,,,,,,a349d45f-cda5-4fdb-89ea-4ea91804a163,libs/foundry/records/scitemmanufacturer/kap.xml
KBAR,KBAR,manufacturer_NameKBAR,,manufacturer_DescKBAR,UI/SharedAssets/ManufacturerLogos/Knightbridge_256.tif,,,,,,,7b4402a1-f17f-4125-afcc-4a159dcd29e0,libs/foundry/records/scitemmanufacturer/kbar.xml
KRON,KRON,manufacturer_NameKRON,,manufacturer_DescKRON,UI/SharedAssets/ManufacturerLogos/Kroneg_256.tif,,,,,,,2a64f92e-8f6d-47ac-a6ed-643465e91d4b,libs/foundry/records/scitemmanufacturer/kron.xml
LOCO,LOCO,manufacturer_NameLOCO,,manufacturer_DescLOCO,UI/SharedAssets/ManufacturerLogos/LortellComputing_256.tif,,,,,,,4ee4ba50-f4e3-4c54-9f44-9a6c5691c77e,libs/foundry/records/scitemmanufacturer/loco.xml
MISC_ENV,MIS,manufacturer_NameMISC,,manufacturer_DescMISC,UI/SharedAssets/ManufacturerLogos/MISC_256.tif,ui/textures/logos/logo_corp_misc_square_color.tif,ui/textures/logos/logo_corp_misc_square_white.tif,e11c9ec0-b60c-4422-bb9d-514f408107b7,167bcc17-d661-4db5-b608-a9318709afe6,3efe67d3-018f-4ab3-9588-4f8b2a3386fb,24dca732-04cc-4896-b90f-d304741ab2dd,74b1d2f4-f820-4935-a25c-b11f68d72f55,libs/foundry/records/scitemmanufacturer/misc_env.xml
MITE,MIT,manufacturer_NameMITE,,manufacturer_DescMITE,UI/SharedAssets/ManufacturerLogos/Microtech_256.tif,,,,2b93381a-6b0b-48d1-b3c3-726c9c3f5dcd,,,9f0f7735-d389-4c7d-95f1-c4d0c57f7214,libs/foundry/records/scitemmanufacturer/mite.xml
MRAI_2025,MIS,manufacturer_NameMRAI,,manufacturer_DescMRAI,UI/SharedAssets/ManufacturerLogos/Mirai_256.tif,ui/textures/logos/logo_corp_misc_square_color.tif,ui/textures/logos/logo_corp_misc_square_white.tif,e11c9ec0-b60c-4422-bb9d-514f408107b7,aeb49981-3d4b-4215-be81-72c3197acaa3,,58910403-ade7-4ecd-8688-d3f2231bb9c0,857a8335-65be-491a-b613-2f16cf165289,libs/foundry/records/scitemmanufacturer/mrai_2025.xml
MRAI,MIS,manufacturer_NameMRAI,,manufacturer_DescMRAI,UI/SharedAssets/ManufacturerLogos/Mirai_256.tif,ui/textures/logos/logo_corp_misc_square_color.tif,ui/textures/logos/logo_corp_misc_square_white.tif,e11c9ec0-b60c-4422-bb9d-514f408107b7,90de1054-feef-4b2c-ad07-94aea6e5c826,,58910403-ade7-4ecd-8688-d3f2231bb9c0,cdf6ea1e-7de3-4b58-bf9d-13c5fbafc49a,libs/foundry/records/scitemmanufacturer/mrai.xml
MXOX,MXOX,manufacturer_NameAEGS,,manufacturer_DescAEGS,UI/SharedAssets/ManufacturerLogos/Maxox_256.tif,ui/textures/logos/logo_corp_aegs_square_color.tif,ui/textures/logos/logo_corp_aegs_square_white.tif,,,,,de0d3594-9f18-42c0-8a90-6edd723d80f8,libs/foundry/records/scitemmanufacturer/mxox.xml
NAVE,NAVE,manufacturer_NameNAVE,,manufacturer_DescNAVE,UI/SharedAssets/ManufacturerLogos/rep_ui_icon_logo_navE7_diff.tif,,,,,,,afff101e-eb2c-4f93-960f-cec9936b9f39,libs/foundry/records/scitemmanufacturer/nave.xml
NOVP,NOVP,manufacturer_NameNOVP,,manufacturer_DescNOVP,UI/SharedAssets/ManufacturerLogos/Nova_256.tif,,,,,,,67fd3077-ee8c-4a7c-8bad-91500b2a9509,libs/foundry/records/scitemmanufacturer/novp.xml
NYX_A,NYX_A,,,,,,,,9db29158-a4c0-4363-be75-cba5c765b882,,,33c31854-6b5e-4687-9b75-322b6610d734,libs/foundry/records/scitemmanufacturer/nyx_a.xml
Paint_Test_01,,manufacturer_NameACAS,,manufacturer_DescACAS,UI/SharedAssets/PaintColorLogos/ANVL_Arrow_IconTest_01.tif,,,,,,,f9a339fa-3f9e-4ad8-8b43-b8fdad0bb079,libs/foundry/records/scitemmanufacturer/paint_test_01.xml
Paint_Test_02,,manufacturer_NameACAS,,manufacturer_DescACAS,UI/SharedAssets/PaintColorLogos/ANVL_Arrow_IconTest_02.tif,,,,,,,7baf4fc8-aeec-4c5c-ac15-109a3b9d4345,libs/foundry/records/scitemmanufacturer/paint_test_02.xml
Paint_100i_Black_Orange_Logo,,manufacturer_NameOrigin,,manufacturer_DescOrigin,UI/SharedAssets/PaintColorLogos/Paint_100i_Flame_Black_Orange_Icon.tif,,,,,,,d595e38d-4a65-45be-9d95-93b41c57d2a3,libs/foundry/records/scitemmanufacturer/paintcolorlogos/paint_100i_black_orange_logo.xml
Paint_100i_Blue_Gold_Logo,,manufacturer_NameOrigin,,manufacturer_DescOrigin,UI/SharedAssets/PaintColorLogos/Paint_100i_BlueAmetrine_Blue_Gold_Icon.tif,,,,,,,8846a4a4-6aa9-435a-8f28-9ca433ee6503,libs/foundry/records/scitemmanufacturer/paintcolorlogos/paint_100i_blue_gold_logo.xml
Paint_100i_Blue_Pink_Logo,,manufacturer_NameOrigin,,manufacturer_DescOrigin,UI/SharedAssets/PaintColorLogos/Paint_100i_Melrose_Blue_Pink_Icon.tif,,,,,,,2058ea19-0f9f-4f54-9ce4-5db9f3541db2,libs/foundry/records/scitemmanufacturer/paintcolorlogos/paint_100i_blue_pink_logo.xml
Paint_100i_Camo_Black_Logo,,manufacturer_NameOrigin,,manufacturer_DescOrigin,UI/SharedAssets/PaintColorLogos/Paint_100i_SlateCamo_Camo_Black_Icon.tif,,,,,,,a1f72772-2e79-4af3-a1d1-23fc5147e573,libs/foundry/records/scitemmanufacturer/paintcolorlogos/paint_100i_camo_black_logo.xml
Paint_100i_Fleetweek2021_Blue_Gold_Logo,,manufacturer_NameOrigin,,manufacturer_DescOrigin,UI/SharedAssets/PaintColorLogos/Paint_100i_Triton_Blue_Yellow_Icon.tif,,,,,,,1244444d-b901-4e2e-b8e1-77838fd563d2,libs/foundry/records/scitemmanufacturer/paintcolorlogos/paint_100i_fleetweek2021_blue_gold_logo.xml
Paint_100i_Fleetweek2021_Camo_Logo,,manufacturer_NameOrigin,,manufacturer_DescOrigin,UI/SharedAssets/PaintColorLogos/Paint_100i_Frostbite_Camo_Icon.tif,,,,,,,358fa1a1-b6e7-4f24-877a-6bbbf4da4370,libs/foundry/records/scitemmanufacturer/paintcolorlogos/paint_100i_fleetweek2021_camo_logo.xml
Paint_100i_Fleetweek2021_Green_Orange_Logo,,manufacturer_NameOrigin,,manufacturer_DescOrigin,UI/SharedAssets/PaintColorLogos/Paint_100i_Timberline_Green_Orange_Icon.tif,,,,,,,318fc3f5-5e6a-4c4e-a87b-07e31474abfd,libs/foundry/records/scitemmanufacturer/paintcolorlogos/paint_100i_fleetweek2021_green_orange_logo.xml
Paint_100i_Invictus_Unity_Metal_Teal_Logo,,manufacturer_NameOrigin,,manufacturer_DescOrigin,UI/SharedAssets/PaintColorLogos/Paint_100i_Unity_2952_Metal_Teal_Icon.tif,,,,,,,360c52bb-6297-4ec1-94a7-668e4000a8df,libs/foundry/records/scitemmanufacturer/paintcolorlogos/paint_100i_invictus_unity_metal_teal_logo.xml
Paint_100i_Luminalia_2952_Green_Red,,manufacturer_NameOrigin,,manufacturer_DescOrigin,UI/SharedAssets/PaintColorLogos/Paint_100i_Luminalia_2952_green_red_Icon.tif,,,,,,,75e58764-b06b-49de-a207-08e65993991c,libs/foundry/records/scitemmanufacturer/paintcolorlogos/paint_100i_luminalia_2952_green_red.xml
Paint_100i_Luminalia_2952_White_Blue,,manufacturer_NameOrigin,,manufacturer_DescOrigin,UI/SharedAssets/PaintColorLogos/Paint_100i_Luminalia_2952_white_blue_Icon.tif,,,,,,,3ebc1d4a-cc16-4e91-ba22-304109012537,libs/foundry/records/scitemmanufacturer/paintcolorlogos/paint_100i_luminalia_2952_white_blue.xml
Paint_100i_LunarNewYears_Red_Gold_Dog_Logo,,manufacturer_NameOrigin,,manufacturer_DescOrigin,UI/SharedAssets/PaintColorLogos/Paint_100i_2954RedFestival_Red_Gold_Dog_Icon.tif,,,,,,,99e81d5f-d54b-4e61-a860-80ff4fbb1bd6,libs/foundry/records/scitemmanufacturer/paintcolorlogos/paint_100i_lunarnewyears_red_gold_dog_logo.xml
Paint_100i_LunarNewYears_Red_Gold_Dragon_Logo,,manufacturer_NameOrigin,,manufacturer_DescOrigin,UI/SharedAssets/PaintColorLogos/Paint_100i_2954RedFestival_Red_Gold_Dragon_Icon.tif,,,,,,,52c47ddc-fb6c-477f-8c63-079ecbf5c87f,libs/foundry/records/scitemmanufacturer/paintcolorlogos/paint_100i_lunarnewyears_red_gold_dragon_logo.xml
Paint_100i_Sand_Red_Logo,,manufacturer_NameOrigin,,manufacturer_DescOrigin,UI/SharedAssets/PaintColorLogos/Paint_100i_SandWave_Sand_Red_Icon.tif,,,,,,,15338981-c0b4-4e17-a79d-11c21cad26e6,libs/foundry/records/scitemmanufacturer/paintcolorlogos/paint_100i_sand_red_logo.xml
Paint_400i_Black_Gold_Logo,,manufacturer_NameOrigin,,manufacturer_DescOrigin,UI/SharedAssets/PaintColorLogos/Paint_400i_Penumbra_Black_Gold.tif,,,,,,,2c6ce8c0-59e5-43c8-ad57-d6a149ca3704,libs/foundry/records/scitemmanufacturer/paintcolorlogos/paint_400i_black_gold_logo.xml
Paint_400i_Black_Orange_Logo,,manufacturer_NameOrigin,,manufacturer_DescOrigin,UI/SharedAssets/PaintColorLogos/Paint_400i_Afterglow_Black_Orange.tif,,,,,,,ce6be594-983b-4c8b-a17c-4537774d1f6c,libs/foundry/records/scitemmanufacturer/paintcolorlogos/paint_400i_black_orange_logo.xml
Paint_400i_Black_White_Logo,,manufacturer_NameOrigin,,manufacturer_DescOrigin,UI/SharedAssets/PaintColorLogos/Paint_400i_Calacatta_Black_White.tif,,,,,,,ee99e82b-3ece-4f60-8590-1a831a80811e,libs/foundry/records/scitemmanufacturer/paintcolorlogos/paint_400i_black_white_logo.xml
Paint_400i_CitCon_Meridian_Logo,,manufacturer_NameOrigin,,manufacturer_DescOrigin,UI/SharedAssets/PaintColorLogos/Paint_400i_Meridian.tif,,,,,,,582feb16-11d4-4c7d-bbfd-43b6bb545908,libs/foundry/records/scitemmanufacturer/paintcolorlogos/paint_400i_citcon_meridian_logo.xml
Paint_400i_Grey_Yellow_Logo,,manufacturer_NameOrigin,,manufacturer_DescOrigin,UI/SharedAssets/PaintColorLogos/Paint_400i_Stratus_Grey_Yellow.tif,,,,,,,68064481-93ce-427e-9192-8d3f6d9288fe,libs/foundry/records/scitemmanufacturer/paintcolorlogos/paint_400i_grey_yellow_logo.xml
Paint_400i_IAE2951_Black_Blue_Logo,,manufacturer_NameOrigin,,manufacturer_DescOrigin,UI/SharedAssets/PaintColorLogos/Paint_400i_Stormbringer_Black_Blue_Icon.tif,,,,,,,1add6d2a-e2d0-4486-aa3a-b4eee18eb763,libs/foundry/records/scitemmanufacturer/paintcolorlogos/paint_400i_iae2951_black_blue_logo.xml
Paint_400i_IAE2951_Grey_White_Logo,,manufacturer_NameOrigin,,manufacturer_DescOrigin,UI/SharedAssets/PaintColorLogos/Paint_400i_Polar_White_Grey_Icon.tif,,,,,,,6f5941aa-ab59-4441-936b-17c9f706d8fd,libs/foundry/records/scitemmanufacturer/paintcolorlogos/paint_400i_iae2951_grey_white_logo.xml
Paint_400i_Luminalia_2954_Green_Red_Red_Logo,,manufacturer_NameARGO,,manufacturer_DescARGO,UI/SharedAssets/PaintColorLogos/Paint_400i_Luminalia_2954_Green_Red.tif,,,,,,,abf3b4b0-856d-43eb-aa70-555d83d2b506,libs/foundry/records/scitemmanufacturer/paintcolorlogos/paint_400i_luminalia_2954_green_red_red_logo.xml
Paint_400i_Luminalia_2954_White_White_Blue_Logo,,manufacturer_NameARGO,,manufacturer_DescARGO,UI/SharedAssets/PaintColorLogos/Paint_400i_Luminalia_2954_White_White_Blue.tif,,,,,,,57045f34-9e25-492b-bed6-8db2fe638946,libs/foundry/records/scitemmanufacturer/paintcolorlogos/paint_400i_luminalia_2954_white_white_blue_logo.xml
Paint_400i_LunarNewYears2954_Red_Gold_Dog_Logo,,manufacturer_NameOrigin,,manufacturer_DescOrigin,UI/SharedAssets/PaintColorLogos/Paint_400i_2954RedFestival_Red_Gold_Dog_Icon.tif,,,,,,,69a8c291-ba2a-4b8b-958c-59f3dc93848b,libs/foundry/records/scitemmanufacturer/paintcolorlogos/paint_400i_lunarnewyears2954_red_gold_dog_logo.xml
Paint_400i_LunarNewYears2954_Red_Gold_Dragon_Logo,,manufacturer_NameOrigin,,manufacturer_DescOrigin,UI/SharedAssets/PaintColorLogos/Paint_400i_2954RedFestival_Red_Gold_Dragon_Icon.tif,,,,,,,a8b607f5-51a8-4c6a-9f66-f2bff44ac858,libs/foundry/records/scitemmanufacturer/paintcolorlogos/paint_400i_lunarnewyears2954_red_gold_dragon_logo.xml
Paint_400i_StellaFortuna2952_Green_Logo,,manufacturer_NameOrigin,,manufacturer_DescOrigin,UI/SharedAssets/PaintColorLogos/Paint_400i_StellaFortuna_2952_Green_Icon.tif,,,,,,,1b289052-672c-4a29-8c7d-0304c3ec7e17,libs/foundry/records/scitemmanufacturer/paintcolorlogos/paint_400i_stellafortuna2952_green_logo.xml
Paint_600i_BIS2951_Logo,,manufacturer_NameOrigin,,manufacturer_DescOrigin,UI/SharedAssets/PaintColorLogos/Paint_600i_BIS_2021_Blue_DarkBlue_Icon.tif,,,,,,,68a63acd-d678-4124-933a-1a28c66d59cd,libs/foundry/records/scitemmanufacturer/paintcolorlogos/paint_600i_bis2951_logo.xml
Paint_600i_BIS2953_Purple_Blue_Cyan_Logo,,manufacturer_NameOrigin,,manufacturer_DescOrigin,UI/SharedAssets/PaintColorLogos/Paint_600i_BIS2953_Purple_Blue_Cyan_Icon.tif,,,,,,,6634ac9f-c4e7-4750-b372-7b4788e5eb88,libs/foundry/records/scitemmanufacturer/paintcolorlogos/paint_600i_bis2953_purple_blue_cyan_logo.xml
Paint_600i_IAE_2952_Black_Red_Logo,,manufacturer_NameOrigin,,manufacturer_DescOrigin,UI/SharedAssets/PaintColorLogos/Paint_600i_IAE_2952_Black_Red_Icon.tif,,,,,,,2f6579ff-ba18-43e4-891a-ddca4233e7a0,libs/foundry/records/scitemmanufacturer/paintcolorlogos/paint_600i_iae_2952_black_red_logo.xml
Paint_600i_IAE_2952_Metal_Logo,,manufacturer_NameOrigin,,manufacturer_DescOrigin,UI/SharedAssets/PaintColorLogos/Paint_600i_IAE_2952_Bare_Metal_Icon.tif,,,,,,,e746cb3e-3c63-46ee-b8e8-f3fab0ef889d,libs/foundry/records/scitemmanufacturer/paintcolorlogos/paint_600i_iae_2952_metal_logo.xml
Paint_600i_LunarNewYears2954_Red_Gold_Dog_Logo,,manufacturer_NameOrigin,,manufacturer_DescOrigin,UI/SharedAssets/PaintColorLogos/Paint_600i_2954RedFestival_Red_Gold_Dog_Icon.tif,,,,,,,b2c3b2a7-8a41-4211-b623-adec1ad8bcb9,libs/foundry/records/scitemmanufacturer/paintcolorlogos/paint_600i_lunarnewyears2954_red_gold_dog_logo.xml
Paint_600i_LunarNewYears2954_Red_Gold_Dragon_Logo,,manufacturer_NameOrigin,,manufacturer_DescOrigin,UI/SharedAssets/PaintColorLogos/Paint_600i_2954RedFestival_Red_Gold_Dragon_Icon.tif,,,,,,,b95b48d6-0645-4564-bad3-2f3612171242,libs/foundry/records/scitemmanufacturer/paintcolorlogos/paint_600i_lunarnewyears2954_red_gold_dragon_logo.xml
Paint_600i_StellaFortuna2952_Green_Logo,,manufacturer_NameOrigin,,manufacturer_DescOrigin,UI/SharedAssets/PaintColorLogos/Paint_600i_StellaFortuna_2952_Green_Icon.tif,,,,,,,4a1e69f5-6ace-4aed-9e3e-e1b60f6441b7,libs/foundry/records/scitemmanufacturer/paintcolorlogos/paint_600i_stellafortuna2952_green_logo.xml
Paint_600i_Touring_Blue_Turquoise_Logo,,manufacturer_NameOrigin,,manufacturer_DescOrigin,UI/SharedAssets/PaintColorLogos/Paint_600i_Touring_Unity_Blue_Turquoise_Icon.tif,,,,,,,f7491201-2630-4cf5-82d6-0413b8050d91,libs/foundry/records/scitemmanufacturer/paintcolorlogos/paint_600i_touring_blue_turquoise_logo.xml
Paint_890J_Black_Gold_Logo,,manufacturer_NameOrigin,,manufacturer_DescOrigin,UI/SharedAssets/PaintColorLogos/Paint_890J_Black_Gold_Icon.tif,,,,,,,e790eacb-111e-4a82-93d3-8beb0580d6c3,libs/foundry/records/scitemmanufacturer/paintcolorlogos/paint_890j_black_gold_logo.xml
Paint_890J_Blue_Red_Logo,,manufacturer_NameOrigin,,manufacturer_DescOrigin,UI/SharedAssets/PaintColorLogos/Paint_890J_Blue_Red_Icon.tif,,,,,,,b21509f7-6d72-4a2a-9a15-5a2a9ed2c775,libs/foundry/records/scitemmanufacturer/paintcolorlogos/paint_890j_blue_red_logo.xml
Paint_890J_Steel_Logo,,manufacturer_NameOrigin,,manufacturer_DescOrigin,UI/SharedAssets/PaintColorLogos/Paint_890J_Steel_Icon.tif,,,,,,,d8b9ddde-2e7c-4e4c-9cac-ee77c806e70c,libs/foundry/records/scitemmanufacturer/paintcolorlogos/paint_890j_steel_logo.xml
Paint_ANVL_Atlas_Orange_Green_Camo_Logo,,manufacturer_NameANVL,,manufacturer_DescANVL,UI/SharedAssets/PaintColorLogos/Paint_Centurion_Camo_Orange_Green_Icon.tif,,,,,,,d87c027a-3582-4151-bf49-f97830f3f133,libs/foundry/records/scitemmanufacturer/paintcolorlogos/paint_anvl_atlas_orange_green_camo_logo.xml
Paint_ANVL_Atlas_Sand_Camo_Logo,,manufacturer_NameANVL,,manufacturer_DescANVL,UI/SharedAssets/PaintColorLogos/Paint_Centurion_Camo_Sand_Icon.tif,,,,,,,258fad3c-da23-4e3e-90d9-6bdce841c67a,libs/foundry/records/scitemmanufacturer/paintcolorlogos/paint_anvl_atlas_sand_camo_logo.xml
Paint_ANVL_Atlas_White_Grey_Camo_Logo,,manufacturer_NameANVL,,manufacturer_DescANVL,UI/SharedAssets/PaintColorLogos/Paint_Centurion_Camo_White_grey_Icon.tif,,,,,,,2719b509-765f-41c6-97cc-f17a8f90873a,libs/foundry/records/scitemmanufacturer/paintcolorlogos/paint_anvl_atlas_white_grey_camo_logo.xml
Paint_Apollo_Black_Gold_Logo,,manufacturer_NameRSI,,manufacturer_DescRSI,UI/SharedAssets/PaintColorLogos/Paint_RSI_Apollo_Black_Gold.tif,,,,,,,a5831997-4c18-4840-b30d-bec71991b6d1,libs/foundry/records/scitemmanufacturer/paintcolorlogos/paint_apollo_black_gold_logo.xml
Paint_Apollo_Blue_Orange_Logo,,manufacturer_NameRSI,,manufacturer_DescRSI,UI/SharedAssets/PaintColorLogos/Paint_RSI_Apollo_Blue_Orange.tif,,,,,,,51f30c8c-e5cf-4733-9b75-4cf9bb53e9be,libs/foundry/records/scitemmanufacturer/paintcolorlogos/paint_apollo_blue_orange_logo.xml
Paint_Apollo_Grey_Red_Logo,,manufacturer_NameRSI,,manufacturer_DescRSI,UI/SharedAssets/PaintColorLogos/Paint_RSI_Apollo_Grey_Red.tif,,,,,,,b5ad38e2-0bbf-42fd-9545-5e512bfef7fa,libs/foundry/records/scitemmanufacturer/paintcolorlogos/paint_apollo_grey_red_logo.xml
Paint_Apollo_Red_Red_Red_Logo,,manufacturer_NameOrigin,,manufacturer_DescOrigin,UI/SharedAssets/PaintColorLogos/Paint_RSI_Apollo_Camo_Red_Red_Red_icon.tif,,,,,,,274d58d4-9556-4f91-aff8-52fc4efe33ad,libs/foundry/records/scitemmanufacturer/paintcolorlogos/paint_apollo_red_red_red_logo.xml
Paint_Apollo_Silver_Blue_Logo,,manufacturer_NameRSI,,manufacturer_DescRSI,UI/SharedAssets/PaintColorLogos/Paint_RSI_Apollo_Silver_Blue.tif,,,,,,,28a007de-e502-4e82-9c55-a2021caea509,libs/foundry/records/scitemmanufacturer/paintcolorlogos/paint_apollo_silver_blue_logo.xml
Paint_Apollo_Teal_Red_Logo,,manufacturer_NameRSI,,manufacturer_DescRSI,UI/SharedAssets/PaintColorLogos/Paint_RSI_Apollo_Teal_Red.tif,,,,,,,4d58e88a-7f2b-46ac-afaa-d8bfd6425043,libs/foundry/records/scitemmanufacturer/paintcolorlogos/paint_apollo_teal_red_logo.xml
Paint_Arrow_Beige_Grey_Red_Headhunters_Logo,,manufacturer_NameACAS,,manufacturer_DescACAS,UI/SharedAssets/PaintColorLogos/paint_arrow_beige_grey_red_headhunters_icon.tif,,,,,,,62446ae0-401d-4b6e-b4a1-6dbf345e2b60,libs/foundry/records/scitemmanufacturer/paintcolorlogos/paint_arrow_beige_grey_red_headhunters_logo.xml
Paint_Arrow_FW2955_Grey_Black_Red_Camo_Logo,,manufacturer_NameANVL,,manufacturer_DescANVL,UI/SharedAssets/PaintColorLogos/Paint_Arrow_FW2955_Grey_Black_Red_Camo_Icon.tif,,,,,,,9476773b-c167-47d2-8346-005daeea1fe8,libs/foundry/records/scitemmanufacturer/paintcolorlogos/paint_arrow_fw2955_grey_black_red_camo_logo.xml
Paint_Arrow_Green_Black_Grey_cfp_Logo,,manufacturer_NameACAS,,manufacturer_DescACAS,UI/SharedAssets/PaintColorLogos/paint_arrow_green_black_grey_cfp_icon.tif,,,,,,,f8929650-bfbf-4dd5-a7d1-cce28a42704e,libs/foundry/records/scitemmanufacturer/paintcolorlogos/paint_arrow_green_black_grey_cfp_logo.xml
Paint_Arrow_Invictus_Camo_Logo,,manufacturer_NameACAS,,manufacturer_DescACAS,UI/SharedAssets/PaintColorLogos/Paint_Arrow_Invictus_Camo_Icon.tif,,,,,,,d91a28fa-a957-4189-9cd0-ef5693504597,libs/foundry/records/scitemmanufacturer/paintcolorlogos/paint_arrow_invictus_camo_logo.xml
Paint_Arrow_Invictus_Green_Grey_Logo,,manufacturer_NameACAS,,manufacturer_DescACAS,UI/SharedAssets/PaintColorLogos/Paint_Arrow_Invictus_Green_Grey_Icon.tif,,,,,,,81841c4a-2abd-42d2-aefc-982b540576ac,libs/foundry/records/scitemmanufacturer/paintcolorlogos/paint_arrow_invictus_green_grey_logo.xml
Paint_Arrow_Invictus_Metallic_Grey_Logo,,manufacturer_NameACAS,,manufacturer_DescACAS,UI/SharedAssets/PaintColorLogos/Paint_Arrow_Invictus_Metallic_Grey_Icon.tif,,,,,,,ffb94ac4-c575-4af2-bd55-ec8129f3b3d6,libs/foundry/records/scitemmanufacturer/paintcolorlogos/paint_arrow_invictus_metallic_grey_logo.xml
Paint_Arrow_Invictus_Tan_Green_Logo,,manufacturer_NameACAS,,manufacturer_DescACAS,UI/SharedAssets/PaintColorLogos/Paint_Arrow_Invictus_Tan_Green_Icon.tif,,,,,,,5f893cd8-6fd2-4a41-bc9d-6e176d8db564,libs/foundry/records/scitemmanufacturer/paintcolorlogos/paint_arrow_invictus_tan_green_logo.xml
Paint_Arrow_Invictus_Unity_Logo,,manufacturer_NameACAS,,manufacturer_DescACAS,UI/SharedAssets/PaintColorLogos/Paint_Arrow_Invictus_Unity_Icon.tif,,,,,,,2b1996e8-3143-4767-bd4e-3df499421cc9,libs/foundry/records/scitemmanufacturer/paintcolorlogos/paint_arrow_invictus_unity_logo.xml
Paint_Arrow_Lovestruck_Pink_Black_Logo,,manufacturer_NameANVL,,manufacturer_DescANVL,UI/SharedAssets/PaintColorLogos/Paint_Arrow_Lovestruck_Purple_Pink_Icon.tif,,,,,,,fade4a10-6604-476f-974b-7e3f9d9b95dd,libs/foundry/records/scitemmanufacturer/paintcolorlogos/paint_arrow_lovestruck_pink_black_logo.xml
Paint_Asgard_Beige_Black_Red_Logo,,manufacturer_NameOrigin,,manufacturer_DescOrigin,UI/SharedAssets/PaintColorLogos/Paint_Asgard_Beige_Black_Red.tif,,,,,,,9e76c7ed-f353-430b-9067-b0589f4549c2,libs/foundry/records/scitemmanufacturer/paintcolorlogos/paint_asgard_beige_black_red_logo.xml
Paint_Asgard_BIS2955_Orange_Black_Orange_Logo,,manufacturer_NameANVL,,manufacturer_DescANVL,UI/SharedAssets/PaintColorLogos/paint_asgard_bis2025_orange_black_orange_icon.tif,,,,,,,ec4feb7d-395b-43f2-a4b0-de5c32f83a1c,libs/foundry/records/scitemmanufacturer/paintcolorlogos/paint_asgard_bis2955_orange_black_orange_logo.xml
Paint_Asgard_Black_Black_Red_Camo_Logo,,manufacturer_NameANVL,,manufacturer_DescANVL,UI/SharedAssets/PaintColorLogos/Paint_Asgard_Black_Black_Red_Camo_Icon.tif,,,,,,,643cc7d5-f186-45c0-930c-51cb2f713dc2,libs/foundry/records/scitemmanufacturer/paintcolorlogos/paint_asgard_black_black_red_camo_logo.xml
Paint_Asgard_Black_Black_Yellow_Logo,,manufacturer_NameOrigin,,manufacturer_DescOrigin,UI/SharedAssets/PaintColorLogos/Paint_Asgard_Black_Black_Yellow.tif,,,,,,,a1f42a8c-50f9-47c3-a091-79296e64af29,libs/foundry/records/scitemmanufacturer/paintcolorlogos/paint_asgard_black_black_yellow_logo.xml
Paint_Asgard_Black_Grey_Red_Pirate_Skull_Logo,,manufacturer_NameOrigin,,manufacturer_DescOrigin,UI/SharedAssets/PaintColorLogos/Paint_Asgard_Black_Grey_Red_Pirate_Skull_Icon.tif,,,,,,,775ef814-3ad6-466e-886b-95407c53a9d8,libs/foundry/records/scitemmanufacturer/paintcolorlogos/paint_asgard_black_grey_red_pirate_skull_logo.xml
Paint_Asgard_Blue_Black_Red_Logo,,manufacturer_NameOrigin,,manufacturer_DescOrigin,UI/SharedAssets/PaintColorLogos/Paint_Asgard_Blue_Black_Red.tif,,,,,,,fce963cc-f0bc-4976-8640-b5cc556fd2df,libs/foundry/records/scitemmanufacturer/paintcolorlogos/paint_asgard_blue_black_red_logo.xml
Paint_Asgard_Clean_Air_Green_Green_Yellow_Logo,,manufacturer_NameOrigin,,manufacturer_DescOrigin,UI/SharedAssets/PaintColorLogos/Paint_Asgard_Clean_Air_Green_Green_Yellow.tif,,,,,,,68ba7118-4a1d-48de-b934-b079d580f222,libs/foundry/records/scitemmanufacturer/paintcolorlogos/paint_asgard_clean_air_green_green_yellow_logo.xml
Paint_Asgard_Green_Black_Yellow_Logo,,manufacturer_NameOrigin,,manufacturer_DescOrigin,UI/SharedAssets/PaintColorLogos/Paint_Asgard_Green_Black_Yellow.tif,,,,,,,597ba99b-9d05-4a44-8553-a8b550ee775c,libs/foundry/records/scitemmanufacturer/paintcolorlogos/paint_asgard_green_black_yellow_logo.xml
Paint_Asgard_VIP_Copper_Logo,,manufacturer_NameOrigin,,manufacturer_DescOrigin,UI/SharedAssets/PaintColorLogos/Paint_Asgard_Vip_Copper.tif,,,,,,,fa105f27-e6b4-4fbf-babc-6e5d0f635265,libs/foundry/records/scitemmanufacturer/paintcolorlogos/paint_asgard_vip_copper_logo.xml
Paint_ATLS_Black_Grey_DarkGrey_Logo,,manufacturer_NameARGO,,manufacturer_DescARGO,UI/SharedAssets/PaintColorLogos/Paint_argo_atls_stripe_black_grey_grey.tif,,,,,,,12751ec6-d6dd-4c11-93f9-98a86e4f87f1,libs/foundry/records/scitemmanufacturer/paintcolorlogos/paint_atls_black_grey_darkgrey_logo.xml
Paint_ATLS_Black_Grey_Grey_Logo,,manufacturer_NameARGO,,manufacturer_DescARGO,UI/SharedAssets/PaintColorLogos/Paint_argo_atls_black_grey_grey_Icon.tif,,,,,,,14b3cf25-5019-43e0-ac7c-b7383e4d4f19,libs/foundry/records/scitemmanufacturer/paintcolorlogos/paint_atls_black_grey_grey_logo.xml
Paint_ATLS_Blue_Blue_Grey_Logo,,manufacturer_NameARGO,,manufacturer_DescARGO,UI/SharedAssets/PaintColorLogos/Paint_argo_atls_blue_blue_grey_Icon.tif,,,,,,,86504dfa-e717-48cd-a89d-e72530e1966f,libs/foundry/records/scitemmanufacturer/paintcolorlogos/paint_atls_blue_blue_grey_logo.xml
Paint_ATLS_Blue_Grey_White_Logo,,manufacturer_NameARGO,,manufacturer_DescARGO,UI/SharedAssets/PaintColorLogos/Paint_argo_atls_logo_blue_grey_white_Icon.tif,,,,,,,e57cf717-6bf1-4872-b1ab-26b0cd45a684,libs/foundry/records/scitemmanufacturer/paintcolorlogos/paint_atls_blue_grey_white_logo.xml
Paint_ATLS_Lunar_2956_Red_Gold_Logo,,manufacturer_NameARGO,,manufacturer_DescARGO,UI/SharedAssets/PaintColorLogos/Paint_argo_atls_lunar_2956_Icon.tif,,,,,,,6f3cb34c-f31d-4dfa-a971-9550249d37dd,libs/foundry/records/scitemmanufacturer/paintcolorlogos/paint_atls_lunar_2956_red_gold_logo.xml
Paint_ATLS_Lunar_2956_Red_Gold_Rat_Logo,,manufacturer_NameARGO,,manufacturer_DescARGO,UI/SharedAssets/PaintColorLogos/Paint_argo_atls_lunar_2956_rat_Icon.tif,,,,,,,ecc3e150-026a-4706-a939-87a0f4c3be8e,libs/foundry/records/scitemmanufacturer/paintcolorlogos/paint_atls_lunar_2956_red_gold_rat_logo.xml
Paint_ATLS_Olive_Olive_Grey_Logo,,manufacturer_NameARGO,,manufacturer_DescARGO,UI/SharedAssets/PaintColorLogos/Paint_argo_atls_olive_olive_grey_Icon.tif,,,,,,,5520ad16-c2e8-48af-b366-9cdf5b5f0542,libs/foundry/records/scitemmanufacturer/paintcolorlogos/paint_atls_olive_olive_grey_logo.xml
Paint_ATLS_Orange_Grey_Logo,,manufacturer_NameARGO,,manufacturer_DescARGO,UI/SharedAssets/PaintColorLogos/Paint_argo_atls_orange_grey_Icon.tif,,,,,,,24c49a29-e0c9-4b1f-bf8b-13e887e8823d,libs/foundry/records/scitemmanufacturer/paintcolorlogos/paint_atls_orange_grey_logo.xml
Paint_ATLS_Pale_Yellow_Grey_Logo,,manufacturer_NameARGO,,manufacturer_DescARGO,UI/SharedAssets/PaintColorLogos/Paint_argo_atls_pale_yellow_grey_Icon.tif,,,,,,,4b3cbf20-e9ad-406e-9ba0-cc26e56b248e,libs/foundry/records/scitemmanufacturer/paintcolorlogos/paint_atls_pale_yellow_grey_logo.xml
Paint_ATLS_Silver_Grey_Lime_Logo,,manufacturer_NameARGO,,manufacturer_DescARGO,UI/SharedAssets/PaintColorLogos/Paint_argo_atls_logo_silver_grey_lime.tif,,,,,,,9eb4d10c-deeb-42bf-aa1f-e5a4792c77b8,libs/foundry/records/scitemmanufacturer/paintcolorlogos/paint_atls_silver_grey_lime_logo.xml
Paint_ATLS_Steel_Steel_Black_Logo,,manufacturer_NameARGO,,manufacturer_DescARGO,UI/SharedAssets/PaintColorLogos/Paint_argo_atls_steel_black_Icon.tif,,,,,,,93a25da3-2fcc-4b52-af47-8730cad6f829,libs/foundry/records/scitemmanufacturer/paintcolorlogos/paint_atls_steel_steel_black_logo.xml
Paint_ATLS_WorkersWeek_White_Blue_Blue_Logo,,manufacturer_NameARGO,,manufacturer_DescARGO,UI/SharedAssets/PaintColorLogos/Paint_argo_atls_workers_week.tif,,,,,,,8c956861-7c87-4bc6-9f15-52646bdd2fc7,libs/foundry/records/scitemmanufacturer/paintcolorlogos/paint_atls_workersweek_white_blue_blue_logo.xml
Paint_Aurora_Black_Green_Gold_Logo,,manufacturer_NameACAS,,manufacturer_DescACAS,UI\SharedAssets\PaintColorLogos\Paint_Aurora_GS_Black_Green_Gold_Icon.tif,,,,,,,f691b60e-f490-4e4a-8ce3-031df8296b62,libs/foundry/records/scitemmanufacturer/paintcolorlogos/paint_aurora_black_green_gold_logo.xml
Paint_Aurora_Black_Green_Orange_Logo,,manufacturer_NameACAS,,manufacturer_DescACAS,UI/SharedAssets/PaintColorLogos/Paint_Aurora_GS_Black_Green_Orange_Icon.tif,,,,,,,131a71f2-36d4-41e7-9b24-8ac7d49136c3,libs/foundry/records/scitemmanufacturer/paintcolorlogos/paint_aurora_black_green_orange_logo.xml
Paint_Aurora_Black_Grey_Yellow_Logo,,manufacturer_NameACAS,,manufacturer_DescACAS,UI\SharedAssets\PaintColorLogos\Paint_Aurora_GS_Black_Grey_Yellow_Icon.tif,,,,,,,cf594fb5-3b61-42e1-8b5b-dd82c1c4587b,libs/foundry/records/scitemmanufacturer/paintcolorlogos/paint_aurora_black_grey_yellow_logo.xml
Paint_Aurora_Black_Red_White_Logo,,manufacturer_NameACAS,,manufacturer_DescACAS,UI\SharedAssets\PaintColorLogos\Paint_Aurora_Black_Red_White_Icon.tif,,,,,,,fa80a083-faff-40a9-808f-17980cb04f27,libs/foundry/records/scitemmanufacturer/paintcolorlogos/paint_aurora_black_red_white_logo.xml
Paint_Aurora_Black_Silver_Red_Logo,,manufacturer_NameACAS,,manufacturer_DescACAS,UI\SharedAssets\PaintColorLogos\Paint_Aurora_GS_Black_Silver_Red.tif,,,,,,,df1154ca-2f79-4067-be39-50050020b9a1,libs/foundry/records/scitemmanufacturer/paintcolorlogos/paint_aurora_black_silver_red_logo.xml
Paint_Aurora_Black_White_Gold_Logo,,manufacturer_NameACAS,,manufacturer_DescACAS,UI\SharedAssets\PaintColorLogos\Paint_Aurora_GS_Black_White_Gold.tif,,,,,,,5a6983b0-3a62-4054-905d-b29ffb15949c,libs/foundry/records/scitemmanufacturer/paintcolorlogos/paint_aurora_black_white_gold_logo.xml
Paint_Aurora_Black_Yellow_Red_Logo,,manufacturer_NameACAS,,manufacturer_DescACAS,UI\SharedAssets\PaintColorLogos\paint_Aurora_GS_Black_Yellow_Red_Icon.tif,,,,,,,02dd2390-8bcb-499f-89b4-04c110e29eb1,libs/foundry/records/scitemmanufacturer/paintcolorlogos/paint_aurora_black_yellow_red_logo.xml
Paint_Aurora_Blue_Black_Red_Logo,,manufacturer_NameACAS,,manufacturer_DescACAS,UI/SharedAssets/PaintColorLogos/Paint_Aurora_GS_Blue_Black_Red_Icon.tif,,,,,,,d1c53bf6-8fb9-4812-ade7-91bb08210915,libs/foundry/records/scitemmanufacturer/paintcolorlogos/paint_aurora_blue_black_red_logo.xml
Paint_Aurora_Blue_Blue_Grey_Electro_Logo,,manufacturer_NameACAS,,manufacturer_DescACAS,UI\SharedAssets\PaintColorLogos\Paint_Aurora_GS_Blue_Blue_Blue_Grey_Electro_Icon.tif,,,,,,,0ed137f9-6ee9-427e-a91f-076c1c4e564f,libs/foundry/records/scitemmanufacturer/paintcolorlogos/paint_aurora_blue_blue_grey_electro_logo.xml
Paint_Aurora_Blue_Blue_Grey_Logo,,manufacturer_NameACAS,,manufacturer_DescACAS,UI\SharedAssets\PaintColorLogos\Paint_Aurora_GS_Blue_Blue_Grey_Icon.tif,,,,,,,33360507-d902-4209-8f80-727a6d54c7e2,libs/foundry/records/scitemmanufacturer/paintcolorlogos/paint_aurora_blue_blue_grey_logo.xml
Paint_Aurora_GoblinG_A_Red_Black_Logo,,manufacturer_NameRSI,,manufacturer_DescRSI,UI/SharedAssets/PaintColorLogos/Paint_Aurora_Arccorp_Icon.tif,,,,,,,44078548-84df-4108-92d1-d7a72f0e83c5,libs/foundry/records/scitemmanufacturer/paintcolorlogos/paint_aurora_gobling_a_red_black_logo.xml
Paint_Aurora_GoblinG_C_Blue_Black_Logo,,manufacturer_NameRSI,,manufacturer_DescRSI,UI/SharedAssets/PaintColorLogos/Paint_Aurora_Crusader_Icon.tif,,,,,,,e39474d3-ac98-402e-b694-bc14ee769c5f,libs/foundry/records/scitemmanufacturer/paintcolorlogos/paint_aurora_gobling_c_blue_black_logo.xml
Paint_Aurora_GoblinG_H_Black_Yellow_Logo,,manufacturer_NameRSI,,manufacturer_DescRSI,UI/SharedAssets/PaintColorLogos/Paint_Aurora_Hurston_Icon.tif,,,,,,,97ff99dc-fd97-4326-b88d-9c9322906c99,libs/foundry/records/scitemmanufacturer/paintcolorlogos/paint_aurora_gobling_h_black_yellow_logo.xml
Paint_Aurora_GoblinG_M_White_Blue_Logo,,manufacturer_NameRSI,,manufacturer_DescRSI,UI/SharedAssets/PaintColorLogos/Paint_Aurora_Microtech_Icon.tif,,,,,,,48e90d5e-9958-493c-a120-04b8e687ccf4,libs/foundry/records/scitemmanufacturer/paintcolorlogos/paint_aurora_gobling_m_white_blue_logo.xml
Paint_Aurora_Grey_Silver_Silver_Logo,,manufacturer_NameACAS,,manufacturer_DescACAS,UI\SharedAssets\PaintColorLogos\Paint_Aurora_GS_Grey_Silver_Silver_Icon.tif,,,,,,,a2767359-f193-4331-96a5-b5c9ce69b17e,libs/foundry/records/scitemmanufacturer/paintcolorlogos/paint_aurora_grey_silver_silver_logo.xml
Paint_Aurora_Invictus_Blue_Gold_Logo,,manufacturer_NameACAS,,manufacturer_DescACAS,UI/SharedAssets/PaintColorLogos/Paint_Aurora_Invictus_Blue_Gold_Icon.tif,,,,,,,c7a2b240-6159-4614-a420-bdaaa609fc06,libs/foundry/records/scitemmanufacturer/paintcolorlogos/paint_aurora_invictus_blue_gold_logo.xml
Paint_Aurora_Invictus_Green_Gold_Logo,,manufacturer_NameACAS,,manufacturer_DescACAS,UI/SharedAssets/PaintColorLogos/Paint_Aurora_Invictus_Green_Gold_Icon.tif,,,,,,,7c13cc98-3ce7-4eb8-b349-7afaa9056d10,libs/foundry/records/scitemmanufacturer/paintcolorlogos/paint_aurora_invictus_green_gold_logo.xml
Paint_Aurora_Invictus_Light_Dark_Grey_Logo,,manufacturer_NameACAS,,manufacturer_DescACAS,UI/SharedAssets/PaintColorLogos/Paint_Aurora_Invictus_Light_Dark_Grey_Icon.tif,,,,,,,d79b686d-5542-4c9c-9f23-e8533d0f3ee5,libs/foundry/records/scitemmanufacturer/paintcolorlogos/paint_aurora_invictus_light_dark_grey_logo.xml
Paint_Aurora_Invictus_Unity_Metal_Teal_Logo,,manufacturer_NameRSI,,manufacturer_DescRSI,UI/SharedAssets/PaintColorLogos/Paint_Aurora_Unity_2952_Metal_Teal_Icon.tif,,,,,,,fc5a25f9-4151-4e37-967b-aa3bf0a643a3,libs/foundry/records/scitemmanufacturer/paintcolorlogos/paint_aurora_invictus_unity_metal_teal_logo.xml
Paint_Aurora_Luminalia_2951_White_Blue_Logo,,manufacturer_NameACAS,,manufacturer_DescACAS,UI/SharedAssets/PaintColorLogos/Paint_Aurora_Luminalia_2021_White_Blue_Icon.tif,,,,,,,8ac88cf3-f2c5-4ccb-a389-515e599d1125,libs/foundry/records/scitemmanufacturer/paintcolorlogos/paint_aurora_luminalia_2951_white_blue_logo.xml
Paint_Aurora_Mk2_Black_Black_Black_Logo,,manufacturer_NameRSI,,manufacturer_DescRSI,UI/SharedAssets/PaintColorLogos/Paint_Aurora_MK2_Black_Black_Black.tif,,,,,,,5d016e83-abcd-4b72-bd4d-2dc15ff1ad7e,libs/foundry/records/scitemmanufacturer/paintcolorlogos/paint_aurora_mk2_black_black_black_logo.xml
Paint_Aurora_Mk2_Blue_Blue_Yellow_Logo,,manufacturer_NameRSI,,manufacturer_DescRSI,UI/SharedAssets/PaintColorLogos/Paint_Aurora_MK2_Blue_Blue_Yellow.tif,,,,,,,d02856a3-ec75-4d0d-b4c0-617d64daf810,libs/foundry/records/scitemmanufacturer/paintcolorlogos/paint_aurora_mk2_blue_blue_yellow_logo.xml
Paint_Aurora_Mk2_Green_Green_Bronze_Logo,,manufacturer_NameRSI,,manufacturer_DescRSI,UI/SharedAssets/PaintColorLogos/Paint_Aurora_MK2_Green_Green_Bronze.tif,,,,,,,7de1c36e-52d8-4767-affd-11322a0bdc6a,libs/foundry/records/scitemmanufacturer/paintcolorlogos/paint_aurora_mk2_green_green_bronze_logo.xml
Paint_Aurora_Mk2_Pink_Green_Purple_Logo,,manufacturer_NameRSI,,manufacturer_DescRSI,UI/SharedAssets/PaintColorLogos/Paint_Aurora_MK2_Pink_Green_Purple.tif,,,,,,,644ec9b5-7ba8-4c5d-9e4b-7b25d677f141,libs/foundry/records/scitemmanufacturer/paintcolorlogos/paint_aurora_mk2_pink_green_purple_logo.xml
Paint_Aurora_Mk2_White_Blue_Yellow_Logo,,manufacturer_NameRSI,,manufacturer_DescRSI,UI/SharedAssets/PaintColorLogos/Paint_Aurora_MK2_White_Blue_Yellow.tif,,,,,,,578ec2f8-218b-44ac-8443-83b08b17f33a,libs/foundry/records/scitemmanufacturer/paintcolorlogos/paint_aurora_mk2_white_blue_yellow_logo.xml
Paint_Aurora_Mk2_White_Gray_Red_Logo,,manufacturer_NameRSI,,manufacturer_DescRSI,UI/SharedAssets/PaintColorLogos/Paint_Aurora_MK2_White_Gray_Red.tif,,,,,,,d0b4b885-46bb-4ecb-98b2-7aba859f7302,libs/foundry/records/scitemmanufacturer/paintcolorlogos/paint_aurora_mk2_white_gray_red_logo.xml
Paint_Avenger_Black_Grey_Red_Pirate_Skull_Logo,,manufacturer_NameACAS,,manufacturer_DescACAS,UI/SharedAssets/PaintColorLogos/Paint_Avenger_Black_Grey_Red_Pirate_Skull_Icon.tif,,,,,,,ba47015b-7a56-4f7e-a371-1536b3a22692,libs/foundry/records/scitemmanufacturer/paintcolorlogos/paint_avenger_black_grey_red_pirate_skull_logo.xml
Paint_Avenger_Copernicus_LightBlue_Logo,,manufacturer_NameACAS,,manufacturer_DescACAS,UI/SharedAssets/PaintColorLogos/Paint_Avenger_ICC_Centurion_Copernicus_LightBlue_Icon.tif,,,,,,,66c4b17b-7cfb-4669-8755-6b907757b3d7,libs/foundry/records/scitemmanufacturer/paintcolorlogos/paint_avenger_copernicus_lightblue_logo.xml
Paint_Avenger_DeBiasio_Orange_Grey_Logo,,manufacturer_NameACAS,,manufacturer_DescACAS,UI/SharedAssets/PaintColorLogos/Paint_Avenger_ICC_Store_DeBiasio_Orange_Grey_Icon.tif,,,,,,,aeef7008-04b1-4dd5-8e83-dfbba8bd815e,libs/foundry/records/scitemmanufacturer/paintcolorlogos/paint_avenger_debiasio_orange_grey_logo.xml
Paint_Avenger_Fleetweek_Black_Chrome_Logo,,manufacturer_NameACAS,,manufacturer_DescACAS,UI/SharedAssets/PaintColorLogos/Paint_Avenger_Fleetweek_Black_Chrome_Icon.tif,,,,,,,90acbefd-cdf5-447b-806d-60fdf5698d42,libs/foundry/records/scitemmanufacturer/paintcolorlogos/paint_avenger_fleetweek_black_chrome_logo.xml
Paint_Avenger_Fleetweek_Grey_Beige_Tigerstripe_Logo,,manufacturer_NameACAS,,manufacturer_DescACAS,UI/SharedAssets/PaintColorLogos/Paint_Avenger_Fleetweek_Grey_Beige_Tigerstripe_Icon.tif,,,,,,,24378a91-5581-4a0a-9899-8aeeb84c97c5,libs/foundry/records/scitemmanufacturer/paintcolorlogos/paint_avenger_fleetweek_grey_beige_tigerstripe_logo.xml
Paint_Avenger_FW2955_Grey_Black_Red_Camo_Logo,,manufacturer_NameACAS,,manufacturer_DescACAS,UI/SharedAssets/PaintColorLogos/Paint_Avenger_FW2955_Grey_Black_Red_Camo_Icon.tif,,,,,,,0b8344a2-9028-4978-a678-05e23a877702,libs/foundry/records/scitemmanufacturer/paintcolorlogos/paint_avenger_fw2955_grey_black_red_camo_logo.xml
Paint_Avenger_Invictus_Blue_Gold_Logo,,manufacturer_NameACAS,,manufacturer_DescACAS,UI/SharedAssets/PaintColorLogos/Paint_Avenger_Invictus_Blue_Gold_Icon.tif,,,,,,,ca59737e-9f4c-492d-b712-187ee7e34b0e,libs/foundry/records/scitemmanufacturer/paintcolorlogos/paint_avenger_invictus_blue_gold_logo.xml
Paint_Avenger_Invictus_Camo_Logo,,manufacturer_NameACAS,,manufacturer_DescACAS,UI/SharedAssets/PaintColorLogos/Paint_Avenger_Invictus_Camo_Icon.tif,,,,,,,cfa84c3a-39e9-47cd-aba6-db54c8856559,libs/foundry/records/scitemmanufacturer/paintcolorlogos/paint_avenger_invictus_camo_logo.xml
Paint_Avenger_Invictus_Olive_Green_Logo,,manufacturer_NameACAS,,manufacturer_DescACAS,UI/SharedAssets/PaintColorLogos/Paint_Avenger_Invictus_Olive_Green_Icon.tif,,,,,,,9d0d4372-deec-48ce-9c8a-cbba7a143859,libs/foundry/records/scitemmanufacturer/paintcolorlogos/paint_avenger_invictus_olive_green_logo.xml
Paint_Avenger_Kepler_Blue_Orange,,manufacturer_NameACAS,,manufacturer_DescACAS,UI/SharedAssets/PaintColorLogos/Paint_Avenger_ICC_Imperator_Kepler_Blue_Orange_Icon.tif,,,,,,,bf399daa-bd59-4a4f-ac22-6a654e45b554,libs/foundry/records/scitemmanufacturer/paintcolorlogos/paint_avenger_kepler_blue_orange.xml
Paint_Avenger_Luminalia_2952_Green_Red,,manufacturer_NameACAS,,manufacturer_DescACAS,UI/SharedAssets/PaintColorLogos/Paint_Avenger_Luminalia_2952_Green_Red_Icon.tif,,,,,,,5e457f7c-257b-4f42-be04-fe6af48cba7a,libs/foundry/records/scitemmanufacturer/paintcolorlogos/paint_avenger_luminalia_2952_green_red.xml
Paint_Avenger_Luminalia_2952_White_Blue,,manufacturer_NameACAS,,manufacturer_DescACAS,UI/SharedAssets/PaintColorLogos/Paint_Avenger_Luminalia_2952_White_Blue_Icon.tif,,,,,,,21fdb7fe-bf69-45ce-9a43-a709d5bcbf6d,libs/foundry/records/scitemmanufacturer/paintcolorlogos/paint_avenger_luminalia_2952_white_blue.xml
Paint_Avenger_TalkLikeAPirate_Metal_Red_Logo,,manufacturer_NameACAS,,manufacturer_DescACAS,UI/SharedAssets/PaintColorLogos/Paint_Avenger_TLAPD_Metal_Red_Icon.tif,,,,,,,9282ef50-29dd-446f-b702-45321803987d,libs/foundry/records/scitemmanufacturer/paintcolorlogos/paint_avenger_talklikeapirate_metal_red_logo.xml
Paint_Buccaneer_Black_Black_Red_Camo_Logo,,manufacturer_NameDRAK,,manufacturer_DescDRAK,UI/SharedAssets/PaintColorLogos/Paint_Buccaneer_Black_Black_Red_Camo_Icon.tif,,,,,,,62ae5ae3-dd50-4ca7-b0db-8ae97e0c709e,libs/foundry/records/scitemmanufacturer/paintcolorlogos/paint_buccaneer_black_black_red_camo_logo.xml
Paint_Buccaneer_Ghoulish_Green_Logo,,manufacturer_NameACAS,,manufacturer_DescACAS,UI/SharedAssets/PaintColorLogos/Paint_Buccaneer_Halloween.tif,,,,,,,48df59c5-6327-4bac-a0f7-71e6eeb50495,libs/foundry/records/scitemmanufacturer/paintcolorlogos/paint_buccaneer_ghoulish_green_logo.xml
Paint_Buccaneer_IAE2951_Black_Blue_Logo,,manufacturer_NameDRAK,,manufacturer_DescDRAK,UI/SharedAssets/PaintColorLogos/Paint_Buccaneer_Stormbringer_Black_Blue_Icon.tif,,,,,,,3e1b1609-0fd2-4092-8880-667839f41bae,libs/foundry/records/scitemmanufacturer/paintcolorlogos/paint_buccaneer_iae2951_black_blue_logo.xml
Paint_Buccaneer_IAE2951_Grey_White_Logo,,manufacturer_NameDRAK,,manufacturer_DescDRAK,UI/SharedAssets/PaintColorLogos/Paint_Buccaneer_Polar_White_Grey_Icon.tif,,,,,,,08a54880-dd7f-4d1d-816f-545acafb9fca,libs/foundry/records/scitemmanufacturer/paintcolorlogos/paint_buccaneer_iae2951_grey_white_logo.xml
Paint_Buccaneer_Red_Red_Black_Logo,,manufacturer_NameOrigin,,manufacturer_DescOrigin,UI/SharedAssets/PaintColorLogos/Paint_Buccaneer_Red_Red_Black_Icon.tif,,,,,,,aebb1e9d-f3ff-47bb-939c-f5637dfba474,libs/foundry/records/scitemmanufacturer/paintcolorlogos/paint_buccaneer_red_red_black_logo.xml
Paint_Carrack_BIS2950_Logo,,manufacturer_NameANVL,,manufacturer_DescANVL,UI/SharedAssets/PaintColorLogos/Paint_Carrack_BIS2950_Icon.tif,,,,,,,c1812173-fe42-4d17-8984-3467aa8c3fe9,libs/foundry/records/scitemmanufacturer/paintcolorlogos/paint_carrack_bis2950_logo.xml
Paint_Carrack_BIS2952_Black_Red_Logo,,manufacturer_NameANVL,,manufacturer_DescANVL,UI/SharedAssets/PaintColorLogos/Paint_Carrack_BIS_2952_Icon.tif,,,,,,,b852df2e-fede-4241-9324-fc7cf6301ac3,libs/foundry/records/scitemmanufacturer/paintcolorlogos/paint_carrack_bis2952_black_red_logo.xml
Paint_Carrack_Black_Black_Red_Camo_Logo,,manufacturer_NameANVL,,manufacturer_DescANVL,UI/SharedAssets/PaintColorLogos/Paint_Carrack_Black_Black_Red_Camo_Icon.tif,,,,,,,d8882663-00e3-4580-a3b8-0e69da0e4f34,libs/foundry/records/scitemmanufacturer/paintcolorlogos/paint_carrack_black_black_red_camo_logo.xml
Paint_Carrack_Copernicus_LightBlue_Logo,,manufacturer_NameANVL,,manufacturer_DescANVL,UI/SharedAssets/PaintColorLogos/Paint_Carrack_ICC_Centurion_Copernicus_LightBlue_Icon.tif,,,,,,,0e69c8b1-1a09-45c7-92d8-7237c1e44270,libs/foundry/records/scitemmanufacturer/paintcolorlogos/paint_carrack_copernicus_lightblue_logo.xml
Paint_Carrack_DeBiasio_Orange_Grey_Logo,,manufacturer_NameANVL,,manufacturer_DescANVL,UI/SharedAssets/PaintColorLogos/Paint_Carrack_ICC_Store_DeBiasio_Orange_Grey_Icon.tif,,,,,,,8c8be9b5-8f65-4fa7-9398-32683661afa8,libs/foundry/records/scitemmanufacturer/paintcolorlogos/paint_carrack_debiasio_orange_grey_logo.xml
Paint_Carrack_Expedition_White_Logo,,manufacturer_NameANVL,,manufacturer_DescANVL,UI/SharedAssets/PaintColorLogos/Paint_Carrack_Expedition.tif,,,,,,,8071acb0-a46b-434f-9bda-9cba431d2584,libs/foundry/records/scitemmanufacturer/paintcolorlogos/paint_carrack_expedition_white_logo.xml
Paint_Carrack_Halloween2024_Blood_Logo,,manufacturer_NameANVL,,manufacturer_DescANVL,UI/SharedAssets/PaintColorLogos/Paint_Carack_Halloween_Blood_Icon.tif,,,,,,,d568b52d-d788-4d08-b778-00af946c75ac,libs/foundry/records/scitemmanufacturer/paintcolorlogos/paint_carrack_halloween2024_blood_logo.xml
Paint_Carrack_IAE2951_Black_Blue_Logo,,manufacturer_NameANVL,,manufacturer_DescANVL,UI/SharedAssets/PaintColorLogos/Paint_Carrack_Stormbringer_Black_Blue_Icon.tif,,,,,,,0f0ac093-c0eb-43e8-b5dd-b32167eb23fc,libs/foundry/records/scitemmanufacturer/paintcolorlogos/paint_carrack_iae2951_black_blue_logo.xml
Paint_Carrack_IAE2951_Grey_White_Logo,,manufacturer_NameANVL,,manufacturer_DescANVL,UI/SharedAssets/PaintColorLogos/Paint_Carack_Polar_White_Grey_Icon.tif,,,,,,,5b57fb6f-4a45-48fb-a1b9-e680d2c9e0e9,libs/foundry/records/scitemmanufacturer/paintcolorlogos/paint_carrack_iae2951_grey_white_logo.xml
Paint_Carrack_Kepler_Blue_Orange_Logo,,manufacturer_NameANVL,,manufacturer_DescANVL,UI/SharedAssets/PaintColorLogos/Paint_Carrack_ICC_Imperator_Kepler_Blue_Orange_Icon.tif,,,,,,,cd8386c7-24c2-4806-a967-3bcc4334c19a,libs/foundry/records/scitemmanufacturer/paintcolorlogos/paint_carrack_kepler_blue_orange_logo.xml
Paint_Carrack_LunarNewYear_Red_Gold_Logo,,manufacturer_NameANVL,,manufacturer_DescANVL,UI/SharedAssets/PaintColorLogos/Paint_Carrack_Luna_2953_Red.tif,,,,,,,65e9b8a0-18aa-4f9b-8fb8-4ad9d8e5f241,libs/foundry/records/scitemmanufacturer/paintcolorlogos/paint_carrack_lunarnewyear_red_gold_logo.xml
Paint_Carrack_Reward_Faction_Citizens_For_Prosperity_Logo,,manufacturer_NameANVL,,manufacturer_DescANVL,UI/SharedAssets/PaintColorLogos/Paint_Carrack_Citizens_For_Prosperity_Icon.tif,,,,,,,a0275388-936d-4bab-a5bf-cc8e4e410f17,libs/foundry/records/scitemmanufacturer/paintcolorlogos/paint_carrack_reward_faction_citizens_for_prosperity_logo.xml
Paint_Carrack_Reward_Faction_Frontier_Fighters_Logo,,manufacturer_NameANVL,,manufacturer_DescANVL,UI/SharedAssets/PaintColorLogos/Paint_Carrack_Frontier_Fighters_Icon.tif,,,,,,,0027f4f4-483e-462e-a362-ee0df5bb81f5,libs/foundry/records/scitemmanufacturer/paintcolorlogos/paint_carrack_reward_faction_frontier_fighters_logo.xml
Paint_Carrack_Reward_Faction_Head_Hunters_Logo,,manufacturer_NameANVL,,manufacturer_DescANVL,UI/SharedAssets/PaintColorLogos/Paint_Carrack_Head_Hunters_Icon.tif,,,,,,,3c381ef7-f1fe-4799-9b97-95201020d808,libs/foundry/records/scitemmanufacturer/paintcolorlogos/paint_carrack_reward_faction_head_hunters_logo.xml
Paint_Carrack_Reward_Faction_Xeno_Threat_Logo,,manufacturer_NameANVL,,manufacturer_DescANVL,UI/SharedAssets/PaintColorLogos/Paint_Carrack_Xeno_Threat_Icon.tif,,,,,,,bca60d77-68b8-4272-a7d6-8f80b1d2637f,libs/foundry/records/scitemmanufacturer/paintcolorlogos/paint_carrack_reward_faction_xeno_threat_logo.xml
Paint_Caterpillar_Blue_Turquoise_Logo,,manufacturer_NameDRAK,,manufacturer_DescDRAK,UI/SharedAssets/PaintColorLogos/Paint_Caterpillar_Unity_Blue_Turquoise_Icon.tif,,,,,,,239c06e5-9a37-43d5-b6dc-1455ed4710f0,libs/foundry/records/scitemmanufacturer/paintcolorlogos/paint_caterpillar_blue_turquoise_logo.xml
Paint_Caterpillar_Fleetweek_Grey_Camo_Logo,,manufacturer_NameDRAK,,manufacturer_DescDRAK,UI/SharedAssets/PaintColorLogos/Paint_Caterpillar_Invictus_2952_Grey_Camo_Icon.tif,,,,,,,6558312d-422a-4835-b93d-8a2cacbe09f1,libs/foundry/records/scitemmanufacturer/paintcolorlogos/paint_caterpillar_fleetweek_grey_camo_logo.xml
Paint_Caterpillar_Ghoulish_Green_Logo,,manufacturer_NameACAS,,manufacturer_DescACAS,UI/SharedAssets/PaintColorLogos/Paint_Caterpillar_Halloween.tif,,,,,,,abe92ba8-97ed-4d8d-9e0f-54f22985280a,libs/foundry/records/scitemmanufacturer/paintcolorlogos/paint_caterpillar_ghoulish_green_logo.xml
Paint_Caterpillar_GoblinG_A_Red_Black_Logo,,manufacturer_NameDRAK,,manufacturer_DescDRAK,UI/SharedAssets/PaintColorLogos/Paint_Caterpillar_Arccorp_Icon.tif,,,,,,,594d6dbc-ccfa-4dbc-adf2-d692cd932d2f,libs/foundry/records/scitemmanufacturer/paintcolorlogos/paint_caterpillar_gobling_a_red_black_logo.xml
Paint_Caterpillar_GoblinG_C_Blue_Black_Logo,,manufacturer_NameDRAK,,manufacturer_DescDRAK,UI/SharedAssets/PaintColorLogos/Paint_Caterpillar_Crusader_Icon.tif,,,,,,,8715193f-dd6a-4841-93be-b7fc6b63d2cc,libs/foundry/records/scitemmanufacturer/paintcolorlogos/paint_caterpillar_gobling_c_blue_black_logo.xml
Paint_Caterpillar_GoblinG_H_Black_Yellow_Logo,,manufacturer_NameDRAK,,manufacturer_DescDRAK,UI/SharedAssets/PaintColorLogos/Paint_Caterpillar_Hurston_Icon.tif,,,,,,,56128f11-247c-4aa8-83da-dfe27a4c0129,libs/foundry/records/scitemmanufacturer/paintcolorlogos/paint_caterpillar_gobling_h_black_yellow_logo.xml
Paint_Caterpillar_GoblinG_M_White_Blue_Logo,,manufacturer_NameDRAK,,manufacturer_DescDRAK,UI/SharedAssets/PaintColorLogos/Paint_Caterpillar_Microtech_Icon.tif,,,,,,,a3035d93-c911-40c0-beed-04565b97ee98,libs/foundry/records/scitemmanufacturer/paintcolorlogos/paint_caterpillar_gobling_m_white_blue_logo.xml
Paint_Caterpillar_IAE2950_Grey_Blue_Logo,,manufacturer_NameDRAK,,manufacturer_DescDRAK,UI/SharedAssets/PaintColorLogos/Paint_Caterpillar_IAE2950_Grey_Blue_Icon.tif,,,,,,,a4787abe-4939-418a-bcd7-6b314ade3a9e,libs/foundry/records/scitemmanufacturer/paintcolorlogos/paint_caterpillar_iae2950_grey_blue_logo.xml
Paint_Caterpillar_IAE2950_Grey_White_Logo,,manufacturer_NameDRAK,,manufacturer_DescDRAK,UI/SharedAssets/PaintColorLogos/Paint_Caterpillar_IAE2950_Grey_White_Icon.tif,,,,,,,ff80d229-b77f-4be0-88d6-37fc10ddcc1b,libs/foundry/records/scitemmanufacturer/paintcolorlogos/paint_caterpillar_iae2950_grey_white_logo.xml
Paint_Caterpillar_Luminalia_2951_Green_Red_Logo,,manufacturer_NameDRAK,,manufacturer_DescDRAK,UI/SharedAssets/PaintColorLogos/Paint_Caterpillar_Luminalia_2021_Green_Red_Icon.tif,,,,,,,9b9fd22f-39c5-4c60-85ec-a571149e5a64,libs/foundry/records/scitemmanufacturer/paintcolorlogos/paint_caterpillar_luminalia_2951_green_red_logo.xml
Paint_Caterpillar_Luminalia_2951_White_Blue_Logo,,manufacturer_NameDRAK,,manufacturer_DescDRAK,UI/SharedAssets/PaintColorLogos/Paint_Caterpillar_Luminalia_2021_White_Blue_Icon.tif,,,,,,,0c86915c-88b6-454c-9c33-8ce48dd89489,libs/foundry/records/scitemmanufacturer/paintcolorlogos/paint_caterpillar_luminalia_2951_white_blue_logo.xml
Paint_Caterpillar_Pirate_Logo,,manufacturer_NameDRAK,,manufacturer_DescDRAK,UI/SharedAssets/PaintColorLogos/Paint_Caterpillar_Pirate_Icon.tif,,,,,,,f5f4b034-9018-40b5-8b8e-fb7356dede88,libs/foundry/records/scitemmanufacturer/paintcolorlogos/paint_caterpillar_pirate_logo.xml
Paint_Caterpillar_Showdown_Logo,,manufacturer_NameDRAK,,manufacturer_DescDRAK,UI/SharedAssets/PaintColorLogos/Paint_Caterpillar_Showdown_Icon.tif,,,,,,,4efef32c-11a8-4481-8440-7b09920d4a22,libs/foundry/records/scitemmanufacturer/paintcolorlogos/paint_caterpillar_showdown_logo.xml
Paint_Clipper_Black_Black_Red_Camo_Logo,,manufacturer_NameDRAK,,manufacturer_DescDRAK,UI/SharedAssets/PaintColorLogos/paint_clipper_black_black_red_camo_icon.tif,,,,,,,9f69b415-6004-4cde-815b-3f06b01099aa,libs/foundry/records/scitemmanufacturer/paintcolorlogos/paint_clipper_black_black_red_camo_logo.xml
Paint_Clipper_Black_Cream_Red_Logo,,manufacturer_NameOrigin,,manufacturer_DescOrigin,UI/SharedAssets/PaintColorLogos/paint_clipper_black_cream_red.tif,,,,,,,9dc43dcf-2756-4434-933b-274cdc59d077,libs/foundry/records/scitemmanufacturer/paintcolorlogos/paint_clipper_black_cream_red_logo.xml
Paint_Clipper_Blue_Black_White_Logo,,manufacturer_NameOrigin,,manufacturer_DescOrigin,UI/SharedAssets/PaintColorLogos/paint_clipper_blue_black_white.tif,,,,,,,7fd8d9fe-ed83-4ca5-acd3-f8f33240bcd7,libs/foundry/records/scitemmanufacturer/paintcolorlogos/paint_clipper_blue_black_white_logo.xml
Paint_Clipper_Green_Khaki_Brown_Logo,,manufacturer_NameOrigin,,manufacturer_DescOrigin,UI/SharedAssets/PaintColorLogos/paint_clipper_camo.tif,,,,,,,ef757be3-1019-43cf-acb4-0764f394327c,libs/foundry/records/scitemmanufacturer/paintcolorlogos/paint_clipper_green_khaki_brown_logo.xml
Paint_Clipper_Red_Black_White_Logo,,manufacturer_NameOrigin,,manufacturer_DescOrigin,UI/SharedAssets/PaintColorLogos/paint_clipper_red_black_white.tif,,,,,,,63d68d0b-e605-4f5c-aa2e-d1884cd12cae,libs/foundry/records/scitemmanufacturer/paintcolorlogos/paint_clipper_red_black_white_logo.xml
Paint_Clipper_White_Black_Red_Logo,,manufacturer_NameOrigin,,manufacturer_DescOrigin,UI/SharedAssets/PaintColorLogos/paint_clipper_white_black_red.tif,,,,,,,bd00f727-44cc-4b55-8dc6-1bd6d04c2287,libs/foundry/records/scitemmanufacturer/paintcolorlogos/paint_clipper_white_black_red_logo.xml
Paint_Clipper_Yellow_Black_White_Logo,,manufacturer_NameOrigin,,manufacturer_DescOrigin,UI/SharedAssets/PaintColorLogos/paint_clipper_yellow_black_white.tif,,,,,,,aa1a264d-0ecd-4bf7-b177-083eae2ffc56,libs/foundry/records/scitemmanufacturer/paintcolorlogos/paint_clipper_yellow_black_white_logo.xml
Paint_Constellation_Andromeda_GoblinG_A_Red_Black_Logo,,manufacturer_NameRSI,,manufacturer_DescRSI,UI/SharedAssets/PaintColorLogos/Paint_Constellation_Andromeda_Arccorp_Icon.tif,,,,,,,bc762805-7d81-46ed-983d-8cc8a92d0e36,libs/foundry/records/scitemmanufacturer/paintcolorlogos/paint_constellation_andromeda_gobling_a_red_black_logo.xml
Paint_Constellation_Andromeda_GoblinG_C_Blue_Black_Logo,,manufacturer_NameRSI,,manufacturer_DescRSI,UI/SharedAssets/PaintColorLogos/Paint_Constellation_Andromeda_Crusader_Icon.tif,,,,,,,004b6b95-3f6a-4ae1-88d9-0e0912b64396,libs/foundry/records/scitemmanufacturer/paintcolorlogos/paint_constellation_andromeda_gobling_c_blue_black_logo.xml
Paint_Constellation_Andromeda_GoblinG_H_Black_Yellow_Logo,,manufacturer_NameRSI,,manufacturer_DescRSI,UI/SharedAssets/PaintColorLogos/Paint_Constellation_Andromeda_Hurston_Icon.tif,,,,,,,c6221fd7-a9da-40a1-9e4b-bd118ad0604e,libs/foundry/records/scitemmanufacturer/paintcolorlogos/paint_constellation_andromeda_gobling_h_black_yellow_logo.xml
Paint_Constellation_Andromeda_GoblinG_M_White_Blue_Logo,,manufacturer_NameRSI,,manufacturer_DescRSI,UI/SharedAssets/PaintColorLogos/Paint_Constellation_Andromeda_Microtech_Icon.tif,,,,,,,86b1f113-f9a9-43ce-b86c-a17c7c57f94c,libs/foundry/records/scitemmanufacturer/paintcolorlogos/paint_constellation_andromeda_gobling_m_white_blue_logo.xml
Paint_Constellation_Aquila_GoblinG_A_Red_Black_Logo,,manufacturer_NameRSI,,manufacturer_DescRSI,UI/SharedAssets/PaintColorLogos/Paint_Constellation_Aquila_Arccorp_Icon.tif,,,,,,,750bb7e0-7b3c-4294-897f-4eaedf9bb935,libs/foundry/records/scitemmanufacturer/paintcolorlogos/paint_constellation_aquila_gobling_a_red_black_logo.xml
Paint_Constellation_Aquila_GoblinG_C_Blue_Black_Logo,,manufacturer_NameRSI,,manufacturer_DescRSI,UI/SharedAssets/PaintColorLogos/Paint_Constellation_Aquila_Crusader_Icon.tif,,,,,,,f9198ff3-9972-435c-850d-43a9cc77bdf8,libs/foundry/records/scitemmanufacturer/paintcolorlogos/paint_constellation_aquila_gobling_c_blue_black_logo.xml
Paint_Constellation_Aquila_GoblinG_H_Black_Yellow_Logo,,manufacturer_NameRSI,,manufacturer_DescRSI,UI/SharedAssets/PaintColorLogos/Paint_Constellation_Aquila_Hurston_Icon.tif,,,,,,,1ab76550-5084-4101-921d-7bf2f84212d6,libs/foundry/records/scitemmanufacturer/paintcolorlogos/paint_constellation_aquila_gobling_h_black_yellow_logo.xml
Paint_Constellation_Aquila_GoblinG_M_White_Blue_Logo,,manufacturer_NameRSI,,manufacturer_DescRSI,UI/SharedAssets/PaintColorLogos/Paint_Constellation_Aquila_Microtech_Icon.tif,,,,,,,40a6e19d-a658-4c67-b7c6-7dfe176b2e74,libs/foundry/records/scitemmanufacturer/paintcolorlogos/paint_constellation_aquila_gobling_m_white_blue_logo.xml
Paint_Constellation_FW2955_Grey_Black_Red_Camo_Logo,,manufacturer_NameRSI,,manufacturer_DescRSI,UI/SharedAssets/PaintColorLogos/Paint_Constellation_FW2955_Grey_Black_Red_Camo_Icon.tif,,,,,,,a7dca20e-94de-482b-9edf-857243aae424,libs/foundry/records/scitemmanufacturer/paintcolorlogos/paint_constellation_fw2955_grey_black_red_camo_logo.xml
Paint_Constellation_Heron_Black_Logo,,manufacturer_NameRSI,,manufacturer_DescRSI,UI/SharedAssets/PaintColorLogos/Paint_Constellation_Heron_Black_Icon.tif,,,,,,,f07a37b5-0bad-489c-ba86-838fb3584639,libs/foundry/records/scitemmanufacturer/paintcolorlogos/paint_constellation_heron_black_logo.xml
Paint_Constellation_Heron_Orange_Logo,,manufacturer_NameRSI,,manufacturer_DescRSI,UI/SharedAssets/PaintColorLogos/Paint_Constellation_Heron_Orange_Icon.tif,,,,,,,920a9ddf-7dca-4f9b-836d-cbc579342b31,libs/foundry/records/scitemmanufacturer/paintcolorlogos/paint_constellation_heron_orange_logo.xml
Paint_Constellation_Heron_White_Logo,,manufacturer_NameRSI,,manufacturer_DescRSI,UI/SharedAssets/PaintColorLogos/Paint_Constellation_Heron_White_Icon.tif,,,,,,,1842c9ea-2067-409d-91ac-5723548582e4,libs/foundry/records/scitemmanufacturer/paintcolorlogos/paint_constellation_heron_white_logo.xml
Paint_Constellation_IAE2951_Black_Blue,,manufacturer_NameRSI,,manufacturer_DescRSI,UI/SharedAssets/PaintColorLogos/Paint_Constellation_Stormbringer_Black_Blue_Icon.tif,,,,,,,0168bcd0-6ccf-44a4-8a13-19e5ce7cdf51,libs/foundry/records/scitemmanufacturer/paintcolorlogos/paint_constellation_iae2951_black_blue.xml
Paint_Constellation_IAE2951_Grey_White_Logo,,manufacturer_NameRSI,,manufacturer_DescRSI,UI/SharedAssets/PaintColorLogos/Paint_Constellation_Polar_White_Grey_Icon.tif,,,,,,,aa57885d-0246-4598-af2d-fdecd458874a,libs/foundry/records/scitemmanufacturer/paintcolorlogos/paint_constellation_iae2951_grey_white_logo.xml
Paint_Constellation_Invictus_Blue_Gold_Logo,,manufacturer_NameACAS,,manufacturer_DescACAS,UI/SharedAssets/PaintColorLogos/Paint_Constellation_Invictus_Blue_Gold_Icon.tif,,,,,,,b41905c3-665b-482d-8187-f0e1251e88c0,libs/foundry/records/scitemmanufacturer/paintcolorlogos/paint_constellation_invictus_blue_gold_logo.xml
Paint_Constellation_Invictus_Dark_Green_Logo,,manufacturer_NameACAS,,manufacturer_DescACAS,UI/SharedAssets/PaintColorLogos/Paint_Constellation_Invictus_Dark_Green_Icon.tif,,,,,,,c9fc36cf-6582-4332-ab0b-530aa46b21e7,libs/foundry/records/scitemmanufacturer/paintcolorlogos/paint_constellation_invictus_dark_green_logo.xml
Paint_Constellation_LunarNewYear2952_Red_Logo,,manufacturer_NameAEGS,,manufacturer_DescAEGS,UI/SharedAssets/PaintColorLogos/Paint_Constellation_Andromeda_Luna_2952_Red.tif,,,,,,,17e755b4-3cb4-464d-994e-d216c2c8df98,libs/foundry/records/scitemmanufacturer/paintcolorlogos/paint_constellation_lunarnewyear2952_red_logo.xml
Paint_Constellation_Phoenix_GoblinG_A_Red_Black_Logo,,manufacturer_NameRSI,,manufacturer_DescRSI,UI/SharedAssets/PaintColorLogos/Paint_Constellation_Phoenix_Arccorp_Icon.tif,,,,,,,19a0f488-ff5e-41ab-a4d8-1d640f684a5b,libs/foundry/records/scitemmanufacturer/paintcolorlogos/paint_constellation_phoenix_gobling_a_red_black_logo.xml
Paint_Constellation_Phoenix_GoblinG_C_Blue_Black_Logo,,manufacturer_NameRSI,,manufacturer_DescRSI,UI/SharedAssets/PaintColorLogos/Paint_Constellation_Phoenix_Crusader_Icon.tif,,,,,,,6abd2c66-1398-4be6-847d-ddd7c909cf90,libs/foundry/records/scitemmanufacturer/paintcolorlogos/paint_constellation_phoenix_gobling_c_blue_black_logo.xml
Paint_Constellation_Phoenix_GoblinG_H_Black_Yellow_Logo,,manufacturer_NameRSI,,manufacturer_DescRSI,UI/SharedAssets/PaintColorLogos/Paint_Constellation_Phoenix_Hurston_Icon.tif,,,,,,,7dde3a27-2889-49b7-a2d0-3f43e3397d0c,libs/foundry/records/scitemmanufacturer/paintcolorlogos/paint_constellation_phoenix_gobling_h_black_yellow_logo.xml
Paint_Constellation_Phoenix_GoblinG_M_White_Blue_Logo,,manufacturer_NameRSI,,manufacturer_DescRSI,UI/SharedAssets/PaintColorLogos/Paint_Constellation_Phoenix_Microtech_Icon.tif,,,,,,,6c5b2ed5-1456-40eb-98eb-ea4132517b81,libs/foundry/records/scitemmanufacturer/paintcolorlogos/paint_constellation_phoenix_gobling_m_white_blue_logo.xml
Paint_Constellation_Taurus_GoblinG_A_Red_Black_Logo,,manufacturer_NameRSI,,manufacturer_DescRSI,UI/SharedAssets/PaintColorLogos/Paint_Constellation_Taurus_Arccorp_Icon.tif,,,,,,,bbbc782b-3661-45cd-a1f5-ad7f993b40d4,libs/foundry/records/scitemmanufacturer/paintcolorlogos/paint_constellation_taurus_gobling_a_red_black_logo.xml
Paint_Constellation_Taurus_GoblinG_C_Blue_Black_Logo,,manufacturer_NameRSI,,manufacturer_DescRSI,UI/SharedAssets/PaintColorLogos/Paint_Constellation_Taurus_Crusader_Icon.tif,,,,,,,5270b560-10e0-4c64-aa82-4e386def32e7,libs/foundry/records/scitemmanufacturer/paintcolorlogos/paint_constellation_taurus_gobling_c_blue_black_logo.xml
Paint_Constellation_Taurus_GoblinG_H_Black_Yellow_Logo,,manufacturer_NameRSI,,manufacturer_DescRSI,UI/SharedAssets/PaintColorLogos/Paint_Constellation_Taurus_Hurston_Icon.tif,,,,,,,ba31b374-0d6b-4fe6-aa26-3eb4fa50a695,libs/foundry/records/scitemmanufacturer/paintcolorlogos/paint_constellation_taurus_gobling_h_black_yellow_logo.xml
Paint_Constellation_Taurus_GoblinG_M_White_Blue_Logo,,manufacturer_NameRSI,,manufacturer_DescRSI,UI/SharedAssets/PaintColorLogos/Paint_Constellation_Taurus_Microtech_Icon.tif,,,,,,,74e74f52-0977-4ac4-b9b3-1b7f871ca635,libs/foundry/records/scitemmanufacturer/paintcolorlogos/paint_constellation_taurus_gobling_m_white_blue_logo.xml
Paint_Corsair_Beige_Tan_Beige_Pyro_Graffiti_Logo,,manufacturer_NameDRAK,,manufacturer_DescDRAK,UI/SharedAssets/PaintColorLogos/Paint_Corsair_Paint_Beige_Tan_Beige_Pyro_Graffiti_Icon.tif,,,,,,,f15387e4-0ef9-4a92-bac1-ada137defefd,libs/foundry/records/scitemmanufacturer/paintcolorlogos/paint_corsair_beige_tan_beige_pyro_graffiti_logo.xml
Paint_Corsair_BIS2953_Purple_Blue_Cyan_Logo,,manufacturer_NameDRAK,,manufacturer_DescDRAK,UI/SharedAssets/PaintColorLogos/Paint_Corsair_BIS2953_Purple_Blue_Cyan_Icon.tif,,,,,,,e1dfde0f-1a2e-4a71-94a8-485e78161f5b,libs/foundry/records/scitemmanufacturer/paintcolorlogos/paint_corsair_bis2953_purple_blue_cyan_logo.xml
Paint_Corsair_Black_Black_Gold_Camo_Logo,,manufacturer_NameDRAK,,manufacturer_DescDRAK,UI/SharedAssets/PaintColorLogos/Paint_Corsair_Black_Black_Gold_Icon.tif,,,,,,,9b518ef7-23f4-4896-b5fc-87c0c3f1192d,libs/foundry/records/scitemmanufacturer/paintcolorlogos/paint_corsair_black_black_gold_camo_logo.xml
Paint_Corsair_Black_Black_Red_Camo_Logo,,manufacturer_NameDRAK,,manufacturer_DescDRAK,UI/SharedAssets/PaintColorLogos/Paint_Corsair_Black_Black_Red_Camo_Icon.tif,,,,,,,be84aedf-c7ae-4c6f-baea-44d9a646064c,libs/foundry/records/scitemmanufacturer/paintcolorlogos/paint_corsair_black_black_red_camo_logo.xml
Paint_Corsair_Black_Black_Red_Logo,,manufacturer_NameDRAK,,manufacturer_DescDRAK,UI/SharedAssets/PaintColorLogos/Paint_Corsair_Black_Black_Red_Icon.tif,,,,,,,7a36938b-dce6-42e6-b607-28dbc53ed3fa,libs/foundry/records/scitemmanufacturer/paintcolorlogos/paint_corsair_black_black_red_logo.xml
Paint_Corsair_Black_Grey_Red_Pirate_Skull_Logo,,manufacturer_NameDRAK,,manufacturer_DescDRAK,UI/SharedAssets/PaintColorLogos/Paint_Corsair_Black_Grey_Red_Pirate_Skull_Icon.tif,,,,,,,ae7be99f-93f4-4766-8b44-63add3eef617,libs/foundry/records/scitemmanufacturer/paintcolorlogos/paint_corsair_black_grey_red_pirate_skull_logo.xml
Paint_Corsair_Green_Black_Logo,,manufacturer_NameDRAK,,manufacturer_DescDRAK,UI/SharedAssets/PaintColorLogos/Paint_Corsair_Halloween_Ghoulish_Green_Icon.tif,,,,,,,206a763c-fc2d-42dd-93e9-445c783979d2,libs/foundry/records/scitemmanufacturer/paintcolorlogos/paint_corsair_green_black_logo.xml
Paint_Corsair_Olive_Olive_Yellow_Logo,,manufacturer_NameDRAK,,manufacturer_DescDRAK,UI/SharedAssets/PaintColorLogos/Paint_Corsair_Olive_Olive_Yellow_Icon.tif,,,,,,,4757b905-a921-40c7-a8cf-3b6b1b5156fa,libs/foundry/records/scitemmanufacturer/paintcolorlogos/paint_corsair_olive_olive_yellow_logo.xml
Paint_Corsair_Red_White_Black_Logo,,manufacturer_NameDRAK,,manufacturer_DescDRAK,UI/SharedAssets/PaintColorLogos/Paint_Corsair_Red_White_Black_Icon.tif,,,,,,,6504156d-df79-4c19-a373-df4906ecc233,libs/foundry/records/scitemmanufacturer/paintcolorlogos/paint_corsair_red_white_black_logo.xml
Paint_Corsair_Yellow_Grey_Black_Logo,,manufacturer_NameDRAK,,manufacturer_DescDRAK,UI/SharedAssets/PaintColorLogos/Paint_Corsair_Yellow_Grey_Black_Icon.tif,,,,,,,409ec917-e1f8-4255-b502-14cd662745bb,libs/foundry/records/scitemmanufacturer/paintcolorlogos/paint_corsair_yellow_grey_black_logo.xml
Paint_CSV_Black_Brown_Grey_Logo,,manufacturer_NameARGO,,manufacturer_DescARGO,UI/SharedAssets/PaintColorLogos/Paint_CSV_Black_Brown.tif,,,,,,,b129bc00-14be-4a39-904c-05eec03ebc02,libs/foundry/records/scitemmanufacturer/paintcolorlogos/paint_csv_black_brown_grey_logo.xml
Paint_CSV_White_Black_Black_Logo,,manufacturer_NameARGO,,manufacturer_DescARGO,UI/SharedAssets/PaintColorLogos/Paint_CSV_White_Black.tif,,,,,,,6a98182e-47df-4005-99be-7e5b3d6eeeb7,libs/foundry/records/scitemmanufacturer/paintcolorlogos/paint_csv_white_black_black_logo.xml
Paint_CSV_Yellow_Black_Black_Logo,,manufacturer_NameARGO,,manufacturer_DescARGO,UI/SharedAssets/PaintColorLogos/Paint_CSV_Yellow_Black.tif,,,,,,,0e3005be-4518-4ead-8c09-23511fda995b,libs/foundry/records/scitemmanufacturer/paintcolorlogos/paint_csv_yellow_black_black_logo.xml
Paint_Cutlass_Beige_Tan_Beige_Pyro_Graffiti_Logo,,manufacturer_NameDRAK,,manufacturer_DescDRAK,UI/SharedAssets/PaintColorLogos/Paint_Cutlass_Beige_Tan_Beige_Pyro_Graffiti_Icon.tif,,,,,,,4bc98904-fe1f-46b8-9058-2faf1a5cce15,libs/foundry/records/scitemmanufacturer/paintcolorlogos/paint_cutlass_beige_tan_beige_pyro_graffiti_logo.xml
Paint_Cutlass_Black_BIS2950_Logo,,manufacturer_NameDRAK,,manufacturer_DescDRAK,UI/SharedAssets/PaintColorLogos/Paint_Cutlass_Black_BIS2950_Icon.tif,,,,,,,dba5ca22-0ba4-4a97-81bb-bff2fd857544,libs/foundry/records/scitemmanufacturer/paintcolorlogos/paint_cutlass_black_bis2950_logo.xml
Paint_Cutlass_Black_Blue_Turquoise_Logo,,manufacturer_NameDRAK,,manufacturer_DescDRAK,UI/SharedAssets/PaintColorLogos/Paint_Cutlass_Black_Unity_Blue_Turquoise_Icon.tif,,,,,,,d4f92c80-48b0-41d9-8515-2d81d5b60f99,libs/foundry/records/scitemmanufacturer/paintcolorlogos/paint_cutlass_black_blue_turquoise_logo.xml
Paint_Cutlass_Blue_Blue_Gold_Gothic_Logo,,manufacturer_NameDRAK,,manufacturer_DescDRAK,UI/SharedAssets/PaintColorLogos/Paint_Cutlass_Black_Blue_Gold_Gothic_Icon.tif,,,,,,,a6789a95-1d35-404b-be62-198b01da1524,libs/foundry/records/scitemmanufacturer/paintcolorlogos/paint_cutlass_blue_blue_gold_gothic_logo.xml
Paint_Cutlass_Cypress_LightGreen_Camo_Logo,,manufacturer_NameDRAK,,manufacturer_DescDRAK,UI/SharedAssets/PaintColorLogos/paint_cutlass_steel_cypress_lightgreen_icon.tif,,,,,,,e8e6eb8e-be07-4852-a6f5-c6c7307b76c8,libs/foundry/records/scitemmanufacturer/paintcolorlogos/paint_cutlass_cypress_lightgreen_camo_logo.xml
Paint_Cutlass_Fleetweek_2021_Grey_Camo_Logo,,manufacturer_NameDRAK,,manufacturer_DescDRAK,UI/SharedAssets/PaintColorLogos/Paint_Cutlass_Black_Mistwalker_Grey_Camo_Icon.tif,,,,,,,fe066bb1-3452-4188-a486-a2c2b64c6f52,libs/foundry/records/scitemmanufacturer/paintcolorlogos/paint_cutlass_fleetweek_2021_grey_camo_logo.xml
Paint_Cutlass_Fleetweek_2021_Red_Black_Logo,,manufacturer_NameDRAK,,manufacturer_DescDRAK,UI/SharedAssets/PaintColorLogos/Paint_Cutlass_Black_Coalfire_Black_Red_Icon.tif,,,,,,,3daf5697-ce6c-4027-a46c-897276f0046b,libs/foundry/records/scitemmanufacturer/paintcolorlogos/paint_cutlass_fleetweek_2021_red_black_logo.xml
Paint_Cutlass_Ghoulish_Green_Logo,,manufacturer_NameACAS,,manufacturer_DescACAS,UI/SharedAssets/PaintColorLogos/Paint_Cutlass_Ghoulish_Green_Icon.tif,,,,,,,291a1832-08df-4d05-9c2f-c6be0d13ff0c,libs/foundry/records/scitemmanufacturer/paintcolorlogos/paint_cutlass_ghoulish_green_logo.xml
Paint_Cutlass_Hawthorn_Green_Camo_Logo,,manufacturer_NameDRAK,,manufacturer_DescDRAK,UI/SharedAssets/PaintColorLogos/paint_cutlass_steel_hawthorne_green_icon.tif,,,,,,,4a39f3e6-987e-4172-8411-b995e4299bfc,libs/foundry/records/scitemmanufacturer/paintcolorlogos/paint_cutlass_hawthorn_green_camo_logo.xml
Paint_Cutlass_Saurian_DarkGreen_Logo,,manufacturer_NameDRAK,,manufacturer_DescDRAK,UI/SharedAssets/PaintColorLogos/paint_cutlass_steel_saurian_darkgreen_icon.tif,,,,,,,b332d6d2-6371-4ead-bf22-83073bf7283b,libs/foundry/records/scitemmanufacturer/paintcolorlogos/paint_cutlass_saurian_darkgreen_logo.xml
Paint_Cutlass_Showdown_Logo,,manufacturer_NameDRAK,,manufacturer_DescDRAK,UI/SharedAssets/PaintColorLogos/Paint_Cutlass_Black_Showdown_Icon.tif,,,,,,,1b4e2018-f0c3-487e-9526-1f05681ff13a,libs/foundry/records/scitemmanufacturer/paintcolorlogos/paint_cutlass_showdown_logo.xml
Paint_Cutlass_Special_Asia_Logo,,manufacturer_NameDRAK,,manufacturer_DescDRAK,UI/SharedAssets/PaintColorLogos/Paint_Cutlass_Black_Gold_Scale_Icon.tif,,,,,,,601b238d-9f3b-4839-b10f-e84584878737,libs/foundry/records/scitemmanufacturer/paintcolorlogos/paint_cutlass_special_asia_logo.xml
Paint_Cutlass_TalkLikeAPirate_Black_Red_Logo,,manufacturer_NameACAS,,manufacturer_DescACAS,UI/SharedAssets/PaintColorLogos/Paint_Cutlass_Black_TLAPD_Black_Red_Icon.tif,,,,,,,a7f18d9c-1de6-440f-9c24-9cfa860751b0,libs/foundry/records/scitemmanufacturer/paintcolorlogos/paint_cutlass_talklikeapirate_black_red_logo.xml
Paint_Cutter_2955_RedFestival_Red_Gold_Pig_Logo,,manufacturer_NameDRAK,,manufacturer_DescDRAK,UI/SharedAssets/PaintColorLogos/Paint_Cutter_Luna_2955_Red.tif,,,,,,,aa64dbf4-5bf7-4c1b-bc4b-176c8428229b,libs/foundry/records/scitemmanufacturer/paintcolorlogos/paint_cutter_2955_redfestival_red_gold_pig_logo.xml
Paint_Cutter_2955_RedFestival_Red_Gold_Snake_Logo,,manufacturer_NameDRAK,,manufacturer_DescDRAK,UI/SharedAssets/PaintColorLogos/Paint_Cutter_Luna_2955_Red.tif,,,,,,,7f89d2d9-19a1-4114-aca3-6fc6e60cc29a,libs/foundry/records/scitemmanufacturer/paintcolorlogos/paint_cutter_2955_redfestival_red_gold_snake_logo.xml
Paint_Cutter_Beige_Orange_Logo,,manufacturer_NameDRAK,,manufacturer_DescDRAK,UI/SharedAssets/PaintColorLogos/Paint_Cutter_Rambler_Beige_Orange_Icon.tif,,,,,,,9a5b5b75-3f09-4412-8a1e-c793a41c574d,libs/foundry/records/scitemmanufacturer/paintcolorlogos/paint_cutter_beige_orange_logo.xml
Paint_Cutter_Beige_Tan_Beige_Pyro_Graffiti_Logo,,manufacturer_NameDRAK,,manufacturer_DescDRAK,UI/SharedAssets/PaintColorLogos/Paint_Cutter_Beige_Tan_Beige_Pyro_Graffiti_Icon.tif,,,,,,,98400348-cc17-4dc4-9e5d-a2897dd91a74,libs/foundry/records/scitemmanufacturer/paintcolorlogos/paint_cutter_beige_tan_beige_pyro_graffiti_logo.xml
Paint_Cutter_Black_Cyan_Logo,,manufacturer_NameDRAK,,manufacturer_DescDRAK,UI/SharedAssets/PaintColorLogos/Paint_Cutter_Black_Cyan_Icon.tif,,,,,,,f2f85709-f8ac-4279-ace8-2390b9a93919,libs/foundry/records/scitemmanufacturer/paintcolorlogos/paint_cutter_black_cyan_logo.xml
Paint_Cutter_Black_Silver_Stripe_Logo,,manufacturer_NameDRAK,,manufacturer_DescDRAK,UI/SharedAssets/PaintColorLogos/Paint_Cutlass_Black_BIS2950_Icon.tif,,,,,,,37d2dc37-1592-431e-86b9-1355f36f7bdf,libs/foundry/records/scitemmanufacturer/paintcolorlogos/paint_cutter_black_silver_stripe_logo.xml
Paint_Cutter_Brown_Orange_Logo,,manufacturer_NameDRAK,,manufacturer_DescDRAK,UI/SharedAssets/PaintColorLogos/Paint_Cutter_Brown_Orange_Icon.tif,,,,,,,d69d3700-df2d-4459-9fac-35de490e0012,libs/foundry/records/scitemmanufacturer/paintcolorlogos/paint_cutter_brown_orange_logo.xml
Paint_Cutter_Fleetweek_Black_Pink_Stripe_Logo,,manufacturer_NameACAS,,manufacturer_DescACAS,UI/SharedAssets/PaintColorLogos/Paint_Cutter_Fleetweek_Pink_Silver_Black_Icon.tif,,,,,,,a2780876-f540-4f81-b9fb-2c7d6ace7a6c,libs/foundry/records/scitemmanufacturer/paintcolorlogos/paint_cutter_fleetweek_black_pink_stripe_logo.xml
Paint_Cutter_Fleetweek_Black_Yellow_Logo,,manufacturer_NameACAS,,manufacturer_DescACAS,UI/SharedAssets/PaintColorLogos/Paint_Cutter_Fleetweek_Pyrite_Black_Silver_Icon.tif,,,,,,,89427966-9068-49fc-b89e-3c049202667d,libs/foundry/records/scitemmanufacturer/paintcolorlogos/paint_cutter_fleetweek_black_yellow_logo.xml
Paint_Cutter_Green_Black_Logo,,manufacturer_NameDRAK,,manufacturer_DescDRAK,UI/SharedAssets/PaintColorLogos/Paint_Cutter_Halloween_Ghoulish_Green_Icon.tif,,,,,,,2afcb4ad-419b-4d5c-8ae0-a88101df1c52,libs/foundry/records/scitemmanufacturer/paintcolorlogos/paint_cutter_green_black_logo.xml
Paint_Cutter_Green_Orange_Stripe_Logo,,manufacturer_NameDRAK,,manufacturer_DescDRAK,UI/SharedAssets/PaintColorLogos/Paint_Cutter_Green_Orange_Stripe_Icon.tif,,,,,,,b15646cd-d8ce-4832-b3ff-32f0f310f980,libs/foundry/records/scitemmanufacturer/paintcolorlogos/paint_cutter_green_orange_stripe_logo.xml
Paint_Cutter_Luminalia_2953_Green_Red_Logo,,manufacturer_NameDRAK,,manufacturer_DescDRAK,UI/SharedAssets/PaintColorLogos/Paint_Cutter_Luminalia_2952_green_red_Icon.tif,,,,,,,9403001e-e2a2-47cb-8a3d-586d69098d23,libs/foundry/records/scitemmanufacturer/paintcolorlogos/paint_cutter_luminalia_2953_green_red_logo.xml
Paint_Cutter_Luminalia_2953_White_Blue_Logo,,manufacturer_NameDRAK,,manufacturer_DescDRAK,UI/SharedAssets/PaintColorLogos/Paint_Cutter_Luminalia_2952_white_blue_Icon.tif,,,,,,,57b0275d-7444-4b5b-b188-fe21366e2983,libs/foundry/records/scitemmanufacturer/paintcolorlogos/paint_cutter_luminalia_2953_white_blue_logo.xml
Paint_Cutter_Metal_Logo,,manufacturer_NameDRAK,,manufacturer_DescDRAK,UI/SharedAssets/PaintColorLogos/Paint_Cutter_Metal_Icon.tif,,,,,,,7abf3d4b-5659-420f-9417-17c45ac22dbf,libs/foundry/records/scitemmanufacturer/paintcolorlogos/paint_cutter_metal_logo.xml
Paint_Cutter_Ochre_Metal_Logo,,manufacturer_NameDRAK,,manufacturer_DescDRAK,UI/SharedAssets/PaintColorLogos/Paint_Cutter_Ochre_Metal_Icon.tif,,,,,,,37e16b4b-24a9-4fc2-86d9-813390ab1db1,libs/foundry/records/scitemmanufacturer/paintcolorlogos/paint_cutter_ochre_metal_logo.xml
Paint_Cutter_Olive_White_Orange_Logo,,manufacturer_NameDRAK,,manufacturer_DescDRAK,UI/SharedAssets/PaintColorLogos/Paint_Cutter_Olive_White_Orange_Icon.tif,,,,,,,f80fffce-3533-4eea-9b03-1b75e733b7d1,libs/foundry/records/scitemmanufacturer/paintcolorlogos/paint_cutter_olive_white_orange_logo.xml
Paint_Cutter_Orange_Grey_Stripe_Logo,,manufacturer_NameDRAK,,manufacturer_DescDRAK,UI/SharedAssets/PaintColorLogos/Paint_Cutter_Orange_Grey_Stripe_Icon.tif,,,,,,,61af9bd8-a8ae-49ab-8f1b-a6494fafaebb,libs/foundry/records/scitemmanufacturer/paintcolorlogos/paint_cutter_orange_grey_stripe_logo.xml
Paint_Cutter_Pearl_Silver_Logo,,manufacturer_NameDRAK,,manufacturer_DescDRAK,UI/SharedAssets/PaintColorLogos/Paint_Cutter_Pearl_Silver_Icon.tif,,,,,,,26359163-576b-40d4-81ca-b39cb1a76a4d,libs/foundry/records/scitemmanufacturer/paintcolorlogos/paint_cutter_pearl_silver_logo.xml
Paint_Cutter_Red_White_Pink_Crusader_Logo,,manufacturer_NameDRAK,,manufacturer_DescDRAK,UI/SharedAssets/PaintColorLogos/Paint_Cutter_Red_White_Pink_Crusader_Icon.tif,,,,,,,b71f4b0e-8b2f-4cc9-b6b5-81912a10e9a1,libs/foundry/records/scitemmanufacturer/paintcolorlogos/paint_cutter_red_white_pink_crusader_logo.xml
Paint_Cutter_Reward_Faction_Citizens_For_Prosperity_Logo,,manufacturer_NameANVL,,manufacturer_DescANVL,UI/SharedAssets/PaintColorLogos/Paint_Cutter_Citizens_For_Prosperity_Icon.tif,,,,,,,934ad5e2-40fb-4ce2-877b-09aae46edced,libs/foundry/records/scitemmanufacturer/paintcolorlogos/paint_cutter_reward_faction_citizens_for_prosperity_logo.xml
Paint_Cutter_Reward_Faction_Frontier_Fighters_Logo,,manufacturer_NameANVL,,manufacturer_DescANVL,UI/SharedAssets/PaintColorLogos/Paint_Cutter_Frontier_Fighters_Icon.tif,,,,,,,91741790-c5bd-488f-8136-6bcb6a8e3e22,libs/foundry/records/scitemmanufacturer/paintcolorlogos/paint_cutter_reward_faction_frontier_fighters_logo.xml
Paint_Cutter_Reward_Faction_Head_Hunters_Logo,,manufacturer_NameANVL,,manufacturer_DescANVL,UI/SharedAssets/PaintColorLogos/Paint_Cutter_Head_Hunters_Icon.tif,,,,,,,4e9fd6bf-95ca-4899-a73c-2cd5e70dd608,libs/foundry/records/scitemmanufacturer/paintcolorlogos/paint_cutter_reward_faction_head_hunters_logo.xml
Paint_Cutter_Reward_Faction_Xeno_Threat_Logo,,manufacturer_NameANVL,,manufacturer_DescANVL,UI/SharedAssets/PaintColorLogos/Paint_Cutter_Xeno_Threat_Icon.tif,,,,,,,8fe91485-ebcf-42df-955b-444f2fe86b1e,libs/foundry/records/scitemmanufacturer/paintcolorlogos/paint_cutter_reward_faction_xeno_threat_logo.xml
Paint_Cutter_Sand_Orange_Hurston_Logo,,manufacturer_NameDRAK,,manufacturer_DescDRAK,UI/SharedAssets/PaintColorLogos/Paint_Cutter_Sand_Orange_Hurston_Icon.tif,,,,,,,74bd07c6-3aec-4400-84cf-1995aee5686a,libs/foundry/records/scitemmanufacturer/paintcolorlogos/paint_cutter_sand_orange_hurston_logo.xml
Paint_Cutter_Unity_2952_Metal_Teal_Grey_Logo,,manufacturer_NameDRAK,,manufacturer_DescDRAK,UI/SharedAssets/PaintColorLogos/Paint_Cutter_Unity_2952_Metal_Teal_Grey_Icon.tif,,,,,,,0c11d1d2-a8d1-4256-8f99-48363a20552a,libs/foundry/records/scitemmanufacturer/paintcolorlogos/paint_cutter_unity_2952_metal_teal_grey_logo.xml
Paint_Cutter_White_Blue_Blue_microTech_Logo,,manufacturer_NameDRAK,,manufacturer_DescDRAK,UI/SharedAssets/PaintColorLogos/Paint_Cutter_White_Blue_Blue_microTech_Icon.tif,,,,,,,9e5a0a71-a59a-4026-be9c-370f78d00f1f,libs/foundry/records/scitemmanufacturer/paintcolorlogos/paint_cutter_white_blue_blue_microtech_logo.xml
Paint_Cyclone_Fleetweek_2021_Blue_Yellow_Logo,,manufacturer_NameTMBL,,manufacturer_DescTMBL,UI/SharedAssets/PaintColorLogos/Paint_Cyclone_Tiriton_Blue_Yellow_Icon.tif,,,,,,,abe53599-feb8-4502-9c62-14d51ca80c7c,libs/foundry/records/scitemmanufacturer/paintcolorlogos/paint_cyclone_fleetweek_2021_blue_yellow_logo.xml
Paint_Cyclone_Fleetweek_2021_Green_Orange_Logo,,manufacturer_NameTMBL,,manufacturer_DescTMBL,UI/SharedAssets/PaintColorLogos/Paint_Cyclone_Timberline_Green_Orange_Icon.tif,,,,,,,5803a5bc-72c0-4f09-ac63-199828f3b780,libs/foundry/records/scitemmanufacturer/paintcolorlogos/paint_cyclone_fleetweek_2021_green_orange_logo.xml
Paint_Cyclone_Fleetweek_2021_Ice_Camo_Logo,,manufacturer_NameTMBL,,manufacturer_DescTMBL,UI/SharedAssets/PaintColorLogos/Paint_Cyclone_Frostbite_Camo_Icon.tif,,,,,,,a6502eb3-edf0-46c7-8eb6-96b56dbb58aa,libs/foundry/records/scitemmanufacturer/paintcolorlogos/paint_cyclone_fleetweek_2021_ice_camo_logo.xml
Paint_Cyclone_Lovestruck_Pink_Black_Logo,,manufacturer_NameTMBL,,manufacturer_DescTMBL,UI/SharedAssets/PaintColorLogos/Paint_Cyclone_Lovestruck_Purple_Pink_Icon.tif,,,,,,,b8014d52-29bb-46b6-9216-f905e6acb1fe,libs/foundry/records/scitemmanufacturer/paintcolorlogos/paint_cyclone_lovestruck_pink_black_logo.xml
Paint_Cyclone_Racing_Blue_Blue_Blue_TigerStripes_Logo,,manufacturer_NameTMBL,,manufacturer_DescTMBL,UI/SharedAssets/PaintColorLogos/Paint_Cyclone_Racing_Blue_Blue_Blue_Tigerstripes_Icon.tif,,,,,,,7183f984-fe06-472b-966a-dfd15782f554,libs/foundry/records/scitemmanufacturer/paintcolorlogos/paint_cyclone_racing_blue_blue_blue_tigerstripes_logo.xml
Paint_Cyclone_Racing_Blue_White_Logo,,manufacturer_NameTMBL,,manufacturer_DescTMBL,UI/SharedAssets/PaintColorLogos/Paint_Cyclone_Racing_Blue_White_Icon.tif,,,,,,,b720ffd0-e191-4a3d-a41e-fd57f0c7b461,libs/foundry/records/scitemmanufacturer/paintcolorlogos/paint_cyclone_racing_blue_white_logo.xml
Paint_Cyclone_Racing_Purple_White_Logo,,manufacturer_NameTMBL,,manufacturer_DescTMBL,UI/SharedAssets/PaintColorLogos/Paint_Cyclone_Racing_Purple_White_Icon.tif,,,,,,,a334af93-83d8-468c-8e91-149aab2f23f9,libs/foundry/records/scitemmanufacturer/paintcolorlogos/paint_cyclone_racing_purple_white_logo.xml
Paint_Cyclone_Racing_Red_Silver_Logo,,manufacturer_NameTMBL,,manufacturer_DescTMBL,UI/SharedAssets/PaintColorLogos/Paint_Cyclone_Racing_Red_Silver_Icon.tif,,,,,,,7c1b2f5b-84af-48ed-bed7-308f9c96b5f4,libs/foundry/records/scitemmanufacturer/paintcolorlogos/paint_cyclone_racing_red_silver_logo.xml
Paint_Cyclone_Racing_Yellow_White_Grey_Stripes_Logo,,manufacturer_NameTMBL,,manufacturer_DescTMBL,UI/SharedAssets/PaintColorLogos/Paint_Cyclone_Racing_Yellow_White_Grey_Stripes_Icon.tif,,,,,,,6b812416-a1d0-4010-b3dc-f1033e1248ad,libs/foundry/records/scitemmanufacturer/paintcolorlogos/paint_cyclone_racing_yellow_white_grey_stripes_logo.xml
Paint_Defender_AlienWeek_Green_Red_Logo,,manufacturer_NameBANU,,manufacturer_DescBANU,UI/SharedAssets/PaintColorLogos/Paint_Defender_AlienWeek_Green_Red_Icon.tif,,,,,,,d29ebd20-4fc4-498f-8a0e-369b1e649be8,libs/foundry/records/scitemmanufacturer/paintcolorlogos/paint_defender_alienweek_green_red_logo.xml
Paint_Defender_AlienWeek_Platinum_Silver_Purple_Mosaic_Logo,,manufacturer_NameBANU,,manufacturer_DescBANU,UI/SharedAssets/PaintColorLogos/Paint_Defender_AlienWeek_Platinum_Silver_Purple_Mosaic_Icon.tif,,,,,,,bce4f7e0-2523-4427-8bdd-306f9554efd3,libs/foundry/records/scitemmanufacturer/paintcolorlogos/paint_defender_alienweek_platinum_silver_purple_mosaic_logo.xml
Paint_Defender_IAE2951_Black_Blue_Logo,,manufacturer_NameBANU,,manufacturer_DescBANU,UI/SharedAssets/PaintColorLogos/Paint_Defender_Stormbringer_Black_Blue_Icon.tif,,,,,,,209dad5e-a844-4a74-925a-72dbcc404b4f,libs/foundry/records/scitemmanufacturer/paintcolorlogos/paint_defender_iae2951_black_blue_logo.xml
Paint_Defender_IAE2951_Grey_White_Logo,,manufacturer_NameBANU,,manufacturer_DescBANU,UI/SharedAssets/PaintColorLogos/Paint_Defender_Polar_White_Grey_Icon.tif,,,,,,,50b4f742-a2f1-4bbc-bb14-dcca9d5e905a,libs/foundry/records/scitemmanufacturer/paintcolorlogos/paint_defender_iae2951_grey_white_logo.xml
Paint_Defender_Silver_Red_Logo,,,,,UI/SharedAssets/PaintColorLogos/Paint_Defender_Platinum_Silver_Red_Icon.tif,,,,,,,37f705b2-b12d-4688-8055-787e8cd82330,libs/foundry/records/scitemmanufacturer/paintcolorlogos/paint_defender_silver_red_logo.xml
Paint_Defender_Teal_Red_Logo,,manufacturer_NameBANU,,manufacturer_DescBANU,UI/SharedAssets/PaintColorLogos/Paint_Defender_Harmony_Teal_Red_Icon.tif,,,,,,,2f1876f4-1749-4670-98af-ebf465f18255,libs/foundry/records/scitemmanufacturer/paintcolorlogos/paint_defender_teal_red_logo.xml
Paint_Dragonfly_Citcon2953_Beige_Tan_Beige_Logo,,manufacturer_NameDRAK,,manufacturer_DescDRAK,UI/SharedAssets/PaintColorLogos/Paint_Dragonfly_CitCon2953_Beige_Tan_Icon.tif,,,,,,,7a10191a-0f7d-4be1-97dc-3d95b1d2c251,libs/foundry/records/scitemmanufacturer/paintcolorlogos/paint_dragonfly_citcon2953_beige_tan_beige_logo.xml
Paint_Dragonfly_Fleetweek_Black_Red_Logo,,manufacturer_NameDRAK,,manufacturer_DescDRAK,UI\SharedAssets\PaintColorLogos\Paint_Dragonfly_Coalfire_Black_Red_Icon.tif,,,,,,,03d30194-9800-49c6-a18e-8bfa82fc98d2,libs/foundry/records/scitemmanufacturer/paintcolorlogos/paint_dragonfly_fleetweek_black_red_logo.xml
Paint_Dragonfly_Fleetweek_Grey_Camo_Logo,,manufacturer_NameDRAK,,manufacturer_DescDRAK,UI\SharedAssets\PaintColorLogos\Paint_Dragonfly_Mistwalker_Grey_Camo_Icon.tif,,,,,,,fbe042de-31fa-4381-89db-5f42759672f6,libs/foundry/records/scitemmanufacturer/paintcolorlogos/paint_dragonfly_fleetweek_grey_camo_logo.xml
Paint_Dragonfly_Ghoulish_Green_Logo,,manufacturer_NameACAS,,manufacturer_DescACAS,UI/SharedAssets/PaintColorLogos/Paint_Dragonfly_Halloween.tif,,,,,,,1b2e3994-e890-4554-a23c-86f13f08cf01,libs/foundry/records/scitemmanufacturer/paintcolorlogos/paint_dragonfly_ghoulish_green_logo.xml
Paint_Dragonfly_Racing_Blue_White_Logo,,manufacturer_NameDRAK,,manufacturer_DescDRAK,UI/SharedAssets/PaintColorLogos/Paint_Dragonfly_Racing_Blue_White.tif,,,,,,,1cee6ff2-154b-40d4-af18-cbf832d77c2c,libs/foundry/records/scitemmanufacturer/paintcolorlogos/paint_dragonfly_racing_blue_white_logo.xml
Paint_Dragonfly_Racing_Purple_White_Logo,,manufacturer_NameDRAK,,manufacturer_DescDRAK,UI/SharedAssets/PaintColorLogos/Paint_Dragonfly_Racing_Purple_White.tif,,,,,,,0b6cb305-69e2-4a87-8fda-1bc81220d764,libs/foundry/records/scitemmanufacturer/paintcolorlogos/paint_dragonfly_racing_purple_white_logo.xml
Paint_Dragonfly_Racing_Red_Silver_Logo,,manufacturer_NameDRAK,,manufacturer_DescDRAK,UI/SharedAssets/PaintColorLogos/Paint_Dragonfly_Racing_Red_Silver.tif,,,,,,,7b792705-e8f0-4ecf-b763-5762e55a3ab4,libs/foundry/records/scitemmanufacturer/paintcolorlogos/paint_dragonfly_racing_red_silver_logo.xml
Paint_Eclipse_BIS2950_Logo,,manufacturer_NameAEGS,,manufacturer_DescAEGS,UI/SharedAssets/PaintColorLogos/Paint_Eclipse_BIS2950_Icon.tif,,,,,,,d55b3732-924d-4afe-b505-7acce2bcc1cc,libs/foundry/records/scitemmanufacturer/paintcolorlogos/paint_eclipse_bis2950_logo.xml
Paint_Eclipse_Black_Black_Red_Camo_Logo,,manufacturer_NameAEGS,,manufacturer_DescAEGS,UI/SharedAssets/PaintColorLogos/Paint_Eclipse_Black_Black_Red_Camo_Icon.tif,,,,,,,582027b5-b5ed-4510-abf1-28149294bf08,libs/foundry/records/scitemmanufacturer/paintcolorlogos/paint_eclipse_black_black_red_camo_logo.xml
Paint_Eclipse_IAE_2952_Blue_Red_Camo_Logo,,manufacturer_NameAEGS,,manufacturer_DescAEGS,UI/SharedAssets/PaintColorLogos/Paint_Eclipse_IAE_2952_Blue_Red_Camo_Icon.tif,,,,,,,ac2ca85c-d048-4de0-917b-1f36d8b6c58d,libs/foundry/records/scitemmanufacturer/paintcolorlogos/paint_eclipse_iae_2952_blue_red_camo_logo.xml
Paint_Eclipse_IAE_2952_Green_Yellow_Logo,,manufacturer_NameAEGS,,manufacturer_DescAEGS,UI/SharedAssets/PaintColorLogos/Paint_Eclipse_IAE_2952_Green_Yellow_Icon.tif,,,,,,,6792beec-e658-4096-a9a5-c24df26514a2,libs/foundry/records/scitemmanufacturer/paintcolorlogos/paint_eclipse_iae_2952_green_yellow_logo.xml
Paint_Eclipse_PirateWeek_Black_Clear_Logo,,manufacturer_NameAEGS,,manufacturer_DescAEGS,UI/SharedAssets/PaintColorLogos/Paint_Eclipse_TLAPD_Black_Black_Black_Clearcoat_Icon.tif,,,,,,,efc862e1-0977-41f9-922f-f110f30c838d,libs/foundry/records/scitemmanufacturer/paintcolorlogos/paint_eclipse_pirateweek_black_clear_logo.xml
Paint_Fortune_2955_RedFestival_Red_Gold_Pig_Logo,,manufacturer_NameMISC,,manufacturer_DescMISC,UI/SharedAssets/PaintColorLogos/Paint_Fortune_Luna_2955_Red_Icon.tif,,,,,,,1899ff4c-7223-400a-810c-c5e678a3a294,libs/foundry/records/scitemmanufacturer/paintcolorlogos/paint_fortune_2955_redfestival_red_gold_pig_logo.xml
Paint_Fortune_2955_RedFestival_Red_Gold_Snake_Logo,,manufacturer_NameMISC,,manufacturer_DescMISC,UI/SharedAssets/PaintColorLogos/Paint_Fortune_Luna_2955_Red_Icon.tif,,,,,,,0d378ed2-a3f9-405f-bd2d-e1af39b86484,libs/foundry/records/scitemmanufacturer/paintcolorlogos/paint_fortune_2955_redfestival_red_gold_snake_logo.xml
Paint_Fortune_Black_Orange_Logo,,manufacturer_NameMISC,,manufacturer_DescMISC,UI/SharedAssets/PaintColorLogos/Paint_Fortune_Black_Orange_Icon.tif,,,,,,,356130d4-455c-4506-9f38-32e9e53379d8,libs/foundry/records/scitemmanufacturer/paintcolorlogos/paint_fortune_black_orange_logo.xml
Paint_Fortune_Black_Tan_Logo,,manufacturer_NameMISC,,manufacturer_DescMISC,UI/SharedAssets/PaintColorLogos/Paint_Fortune_Black_Tan_Icon.tif,,,,,,,4c52362f-2718-4a59-aba5-0bb56b31d010,libs/foundry/records/scitemmanufacturer/paintcolorlogos/paint_fortune_black_tan_logo.xml
Paint_Fortune_Black_White_Logo,,manufacturer_NameMISC,,manufacturer_DescMISC,UI/SharedAssets/PaintColorLogos/Paint_Fortune_Black_White_Icon.tif,,,,,,,b8c90431-8dc0-48e4-97de-2ba6cb71fd8c,libs/foundry/records/scitemmanufacturer/paintcolorlogos/paint_fortune_black_white_logo.xml
Paint_Fortune_Blue_Gray_Logo,,manufacturer_NameMISC,,manufacturer_DescMISC,UI/SharedAssets/PaintColorLogos/Paint_Fortune_Blue_Gray_Icon.tif,,,,,,,ba9e1aa3-68ab-4529-b72b-e6aff7419c39,libs/foundry/records/scitemmanufacturer/paintcolorlogos/paint_fortune_blue_gray_logo.xml
Paint_Fortune_Copper_Black_Logo,,manufacturer_NameMISC,,manufacturer_DescMISC,UI/SharedAssets/PaintColorLogos/Paint_Fortune_Copper_Black_Icon.tif,,,,,,,3707a96a-0a9f-4058-9aad-1eccc96b4526,libs/foundry/records/scitemmanufacturer/paintcolorlogos/paint_fortune_copper_black_logo.xml
Paint_Fortune_Green_Copper_Logo,,manufacturer_NameMISC,,manufacturer_DescMISC,UI/SharedAssets/PaintColorLogos/Paint_Fortune_Green_Copper_Icon.tif,,,,,,,94b75df6-b75a-42bf-8ef2-52f874cec1ea,libs/foundry/records/scitemmanufacturer/paintcolorlogos/paint_fortune_green_copper_logo.xml
Paint_Fortune_pink_grey_black_iridescent_Logo,,manufacturer_NameMISC,,manufacturer_DescMISC,UI/SharedAssets/PaintColorLogos/paint_fortune_pink_grey_black_iridescent_icon.tif,,,,,,,175a241a-50ac-483a-bb98-8e9ef876680d,libs/foundry/records/scitemmanufacturer/paintcolorlogos/paint_fortune_pink_grey_black_iridescent_logo.xml
Paint_Fortune_Scavengers_Black_Black_Black_Logo,,manufacturer_NameMISC,,manufacturer_DescMISC,UI/SharedAssets/PaintColorLogos/Paint_Fortune_Scavengers_Black_Black_Black_Icon.tif,,,,,,,07dc3a1d-19f7-4672-bfbc-5dfda4a18dc0,libs/foundry/records/scitemmanufacturer/paintcolorlogos/paint_fortune_scavengers_black_black_black_logo.xml
Paint_Fortune_Yellow_White_Logo,,manufacturer_NameMISC,,manufacturer_DescMISC,UI/SharedAssets/PaintColorLogos/Paint_Fortune_Yellow_White_Icon.tif,,,,,,,161d2198-c638-4a98-8914-a76b90b4cae4,libs/foundry/records/scitemmanufacturer/paintcolorlogos/paint_fortune_yellow_white_logo.xml
Paint_Freelancer_Black_Red_Logo,,manufacturer_NameACAS,,manufacturer_DescACAS,UI/SharedAssets/PaintColorLogos/Paint_Freelancer_Black_Red_Icon.tif,,,,,,,75aa1a5e-2d58-4d3c-9add-354b7a001328,libs/foundry/records/scitemmanufacturer/paintcolorlogos/paint_freelancer_black_red_logo.xml
Paint_Freelancer_Blue_Turquoise_Logo,,manufacturer_NameACAS,,manufacturer_DescACAS,UI/SharedAssets/PaintColorLogos/Paint_Freelancer_Unity_Blue_Turquoise_Icon.tif,,,,,,,bebd9740-16a3-4d45-8a15-be2ef047f013,libs/foundry/records/scitemmanufacturer/paintcolorlogos/paint_freelancer_blue_turquoise_logo.xml
Paint_Freelancer_GoblinG_A_Red_Black_Logo,,manufacturer_NameMISC,,manufacturer_DescMISC,UI/SharedAssets/PaintColorLogos/Paint_Freelancer_Arccorp_Icon.tif,,,,,,,484b8c21-2835-41f5-9be5-9b2b2420077a,libs/foundry/records/scitemmanufacturer/paintcolorlogos/paint_freelancer_gobling_a_red_black_logo.xml
Paint_Freelancer_GoblinG_C_Blue_Black_Logo,,manufacturer_NameMISC,,manufacturer_DescMISC,UI/SharedAssets/PaintColorLogos/Paint_Freelancer_Crusader_Icon.tif,,,,,,,a0accdbc-f869-4cc1-8d7e-d52a337c64f0,libs/foundry/records/scitemmanufacturer/paintcolorlogos/paint_freelancer_gobling_c_blue_black_logo.xml
Paint_Freelancer_GoblinG_H_Black_Yellow_Logo,,manufacturer_NameMISC,,manufacturer_DescMISC,UI/SharedAssets/PaintColorLogos/Paint_Freelancer_Hurston_Icon.tif,,,,,,,ccb9e747-bdf1-436f-b1b1-e10d27f0d969,libs/foundry/records/scitemmanufacturer/paintcolorlogos/paint_freelancer_gobling_h_black_yellow_logo.xml
Paint_Freelancer_GoblinG_M_White_Blue_Logo,,manufacturer_NameMISC,,manufacturer_DescMISC,UI/SharedAssets/PaintColorLogos/Paint_Freelancer_Microtech_Icon.tif,,,,,,,26c07a48-f263-4085-b775-47e5379ee577,libs/foundry/records/scitemmanufacturer/paintcolorlogos/paint_freelancer_gobling_m_white_blue_logo.xml
Paint_Freelancer_Invictus_Black_Logo,,manufacturer_NameACAS,,manufacturer_DescACAS,UI/SharedAssets/PaintColorLogos/Paint_Freelancer_Invictus_Black_Icon.tif,,,,,,,0d980e20-09f0-4f96-9bb7-cefb5e58eccc,libs/foundry/records/scitemmanufacturer/paintcolorlogos/paint_freelancer_invictus_black_logo.xml
Paint_Freelancer_Invictus_Camo_Logo,,manufacturer_NameACAS,,manufacturer_DescACAS,UI/SharedAssets/PaintColorLogos/Paint_Freelancer_Invictus_Camo_Icon.tif,,,,,,,9c81c42b-e9d5-4bce-a2d2-c3ec88436f89,libs/foundry/records/scitemmanufacturer/paintcolorlogos/paint_freelancer_invictus_camo_logo.xml
Paint_Freelancer_Luminalia_2953_Green_Red_Logo,,manufacturer_NameMISC,,manufacturer_DescMISC,UI/SharedAssets/PaintColorLogos/Paint_Freelancer_Luminalia_2952_green_red_Icon.tif,,,,,,,17cbdc1e-db91-4f6c-9bc2-91e3de85a085,libs/foundry/records/scitemmanufacturer/paintcolorlogos/paint_freelancer_luminalia_2953_green_red_logo.xml
Paint_Freelancer_Luminalia_2953_White_Blue_Logo,,manufacturer_NameMISC,,manufacturer_DescMISC,UI/SharedAssets/PaintColorLogos/Paint_Freelancer_Luminalia_2952_white_blue_Icon.tif,,,,,,,926d3c2c-9233-47f8-a014-ac6338a1c435,libs/foundry/records/scitemmanufacturer/paintcolorlogos/paint_freelancer_luminalia_2953_white_blue_logo.xml
Paint_Freelancer_LunarNewYear2951_Logo,,manufacturer_NameACAS,,manufacturer_DescACAS,UI/SharedAssets/PaintColorLogos/Paint_Freelancer_LunarNewYear2951_icon.tif,,,,,,,81d604c4-be65-4eda-83a7-31f63e150be5,libs/foundry/records/scitemmanufacturer/paintcolorlogos/paint_freelancer_lunarnewyear2951_logo.xml
Paint_Freelancer_Orange_Brown_Logo,,manufacturer_NameACAS,,manufacturer_DescACAS,UI/SharedAssets/PaintColorLogos/Paint_Freelancer_Orange_Brown_Icon.tif,,,,,,,70ecdb11-5147-4468-9bce-a9543bbc08dd,libs/foundry/records/scitemmanufacturer/paintcolorlogos/paint_freelancer_orange_brown_logo.xml
Paint_Freelancer_Pink_Blue_Logo,,manufacturer_NameACAS,,manufacturer_DescACAS,UI/SharedAssets/PaintColorLogos/Paint_Freelancer_Pink_Blue_Icon.tif,,,,,,,f23b1ca1-83a8-49d8-827d-1da92511cb3e,libs/foundry/records/scitemmanufacturer/paintcolorlogos/paint_freelancer_pink_blue_logo.xml
Paint_Freelancer_White_Red_Logo,,manufacturer_NameACAS,,manufacturer_DescACAS,UI/SharedAssets/PaintColorLogos/Paint_Freelancer_White_Red_Icon.tif,,,,,,,603b6064-8e4a-4a46-b0d1-241d7043ceaf,libs/foundry/records/scitemmanufacturer/paintcolorlogos/paint_freelancer_white_red_logo.xml
Paint_Fury_Blue_Black_Black_Logo,,manufacturer_NameMISC,,manufacturer_DescMISC,UI/SharedAssets/PaintColorLogos/Paint_Fury_Blue_Black_Black_Icon.tif,,,,,,,cb69279c-a648-4724-85df-eaafa94f2dcc,libs/foundry/records/scitemmanufacturer/paintcolorlogos/paint_fury_blue_black_black_logo.xml
Paint_Fury_Brown_Black_Brown_Camo_Logo,,manufacturer_NameMISC,,manufacturer_DescMISC,UI/SharedAssets/PaintColorLogos/Paint_Fury_Brown_Black_Brown_Camo_Icon.tif,,,,,,,5ef8df89-251e-4e83-9749-a5f03e4c5779,libs/foundry/records/scitemmanufacturer/paintcolorlogos/paint_fury_brown_black_brown_camo_logo.xml
Paint_Fury_Green_Green_Red_Logo,,manufacturer_NameMISC,,manufacturer_DescMISC,UI/SharedAssets/PaintColorLogos/Paint_Fury_Green_Green_Red_Icon.tif,,,,,,,abd483d4-d493-4a27-bab8-449a21354550,libs/foundry/records/scitemmanufacturer/paintcolorlogos/paint_fury_green_green_red_logo.xml
Paint_Fury_Grey_Black_Gold_Logo,,manufacturer_NameMISC,,manufacturer_DescMISC,UI/SharedAssets/PaintColorLogos/Paint_Fury_Grey_Black_Gold_Icon.tif,,,,,,,c7a0065c-f7e7-47ed-ba5f-d7c1302ccb7a,libs/foundry/records/scitemmanufacturer/paintcolorlogos/paint_fury_grey_black_gold_logo.xml
Paint_Fury_Racing_Red_Blue_Blue_Logo,,manufacturer_NameOrigin,,manufacturer_DescOrigin,UI/SharedAssets/PaintColorLogos/Paint_Fury_Racing_Red_Blue_Blue_Icon.tif,,,,,,,a094adc2-6ca1-47e3-a29f-0c584126a249,libs/foundry/records/scitemmanufacturer/paintcolorlogos/paint_fury_racing_red_blue_blue_logo.xml
Paint_Fury_Red_Black_Black_Logo,,manufacturer_NameMISC,,manufacturer_DescMISC,UI/SharedAssets/PaintColorLogos/Paint_Fury_Red_Black_Black_Icon.tif,,,,,,,0b2ee4cc-da0e-4918-84e2-1c9be8ee9f55,libs/foundry/records/scitemmanufacturer/paintcolorlogos/paint_fury_red_black_black_logo.xml
Paint_Fury_White_White_Red_Logo,,manufacturer_NameMISC,,manufacturer_DescMISC,UI/SharedAssets/PaintColorLogos/Paint_Fury_White_White_Red_Icon.tif,,,,,,,d6cf7fa3-95ba-4ed6-a506-465f934eca96,libs/foundry/records/scitemmanufacturer/paintcolorlogos/paint_fury_white_white_red_logo.xml
Paint_FuryLX_Black_Black_Black_Logo,,manufacturer_NameMRAI,,manufacturer_DescMRAI,UI/SharedAssets/PaintColorLogos/Paint_Fury_LX_Black_Black_Black_Icon.tif,,,,,,,244463ce-6810-4a08-a912-ac1c52f55b70,libs/foundry/records/scitemmanufacturer/paintcolorlogos/paint_furylx_black_black_black_logo.xml
Paint_FuryLX_Red_White_White_Logo,,manufacturer_NameMRAI,,manufacturer_DescMRAI,UI/SharedAssets/PaintColorLogos/Paint_Fury_LX_Red_White_White_Icon.tif,,,,,,,77ef1a86-11dd-40d6-af10-6470a018e659,libs/foundry/records/scitemmanufacturer/paintcolorlogos/paint_furylx_red_white_white_logo.xml
Paint_FuryLX_StellaFortuna2954_Green_Logo,,manufacturer_NameMRAI,,manufacturer_DescMRAI,UI/SharedAssets/PaintColorLogos/Paint_Fury_StellaFortuna_2954_Green_Icon.tif,,,,,,,3e213a23-cc49-43e0-af73-7f6444dd23ab,libs/foundry/records/scitemmanufacturer/paintcolorlogos/paint_furylx_stellafortuna2954_green_logo.xml
Paint_FuryLX_White_Blue_Grey_Logo,,manufacturer_NameMRAI,,manufacturer_DescMRAI,UI/SharedAssets/PaintColorLogos/Paint_Fury_LX_White_Blue_Grey_Icon.tif,,,,,,,3e607fe1-9ed2-4282-b183-17319287ae41,libs/foundry/records/scitemmanufacturer/paintcolorlogos/paint_furylx_white_blue_grey_logo.xml
Paint_Gladiator_BIS2955_Orange_Black_Orange_Logo,,manufacturer_NameANVL,,manufacturer_DescANVL,UI/SharedAssets/PaintColorLogos/paint_gladiator_bis2025_orange_black_orange_icon.tif,,,,,,,887d16c1-50f9-4450-bad4-85821aa4b24a,libs/foundry/records/scitemmanufacturer/paintcolorlogos/paint_gladiator_bis2955_orange_black_orange_logo.xml
Paint_Gladiator_Black_Black_Red_Camo_Logo,,manufacturer_NameANVL,,manufacturer_DescANVL,UI/SharedAssets/PaintColorLogos/paint_gladiator_black_black_red_camo_icon.tif,,,,,,,ea2d2fe9-01ff-45b8-b257-e04c5e0ba857,libs/foundry/records/scitemmanufacturer/paintcolorlogos/paint_gladiator_black_black_red_camo_logo.xml
Paint_Gladius_Black_Grey_Grey_Geometric_Logo,,manufacturer_NameAEGS,,manufacturer_DescAEGS,UI/SharedAssets/PaintColorLogos/paint_gladius_black_grey_grey_geometric_icon.tif,,,,,,,bca337a9-dac7-4f33-818f-ce49af5834b9,libs/foundry/records/scitemmanufacturer/paintcolorlogos/paint_gladius_black_grey_grey_geometric_logo.xml
Paint_Gladius_Blue_Turquoise_Logo,,manufacturer_NameAEGS,,manufacturer_DescAEGS,UI/SharedAssets/PaintColorLogos/Paint_Gladius_Unity_Blue_Turquoise_Icon.tif,,,,,,,02d95c6e-88dd-4c07-a5df-073fe7a8c0bc,libs/foundry/records/scitemmanufacturer/paintcolorlogos/paint_gladius_blue_turquoise_logo.xml
Paint_Gladius_Fleetweek_2021_Blue_Yellow_Logo,,manufacturer_NameAEGS,,manufacturer_DescAEGS,UI/SharedAssets/PaintColorLogos/Paint_Gladius_Triton_Blue_Yellow_Icon.tif,,,,,,,20878b35-0b19-4131-80e3-657e9ca5ef71,libs/foundry/records/scitemmanufacturer/paintcolorlogos/paint_gladius_fleetweek_2021_blue_yellow_logo.xml
Paint_Gladius_Fleetweek_2021_Green_Orange_Logo,,manufacturer_NameAEGS,,manufacturer_DescAEGS,UI/SharedAssets/PaintColorLogos/Paint_Gladius_Timberline_Green_Orange_Icon.tif,,,,,,,5411de04-c6cc-42a8-91a7-d70b198b0558,libs/foundry/records/scitemmanufacturer/paintcolorlogos/paint_gladius_fleetweek_2021_green_orange_logo.xml
Paint_Gladius_Fleetweek_2021_Ice_Camo_Logo,,manufacturer_NameAEGS,,manufacturer_DescAEGS,UI/SharedAssets/PaintColorLogos/Paint_Gladius_Frostbite_Camo_Icon.tif,,,,,,,0b4c7adb-e919-4f72-bb9d-5b83dcae9c7e,libs/foundry/records/scitemmanufacturer/paintcolorlogos/paint_gladius_fleetweek_2021_ice_camo_logo.xml
Paint_Gladius_FW2955_Grey_Black_Red_Camo_Logo,,manufacturer_NameAEGS,,manufacturer_DescAEGS,UI/SharedAssets/PaintColorLogos/Paint_Gladius_FW2955_Grey_Black_Red_Camo_Icon.tif,,,,,,,72fe1436-ffe9-4102-9df8-4b73437da259,libs/foundry/records/scitemmanufacturer/paintcolorlogos/paint_gladius_fw2955_grey_black_red_camo_logo.xml
Paint_Gladius_Grey_Black_Red_Logo,,manufacturer_NameAEGS,,manufacturer_DescAEGS,UI/SharedAssets/PaintColorLogos/Paint_Gladius_RP_Icon.tif,,,,,,,67522744-fdbc-4d3b-9179-2998d8d07f41,libs/foundry/records/scitemmanufacturer/paintcolorlogos/paint_gladius_grey_black_red_logo.xml
Paint_Gladius_Luminalia_2954_Green_Red_Red_Logo,,manufacturer_NameAEGS,,manufacturer_DescAEGS,UI/SharedAssets/PaintColorLogos/Paint_Gladius_Luminalia_2954_Green_Red_Icon.tif,,,,,,,85239fbc-6f98-48bc-b9a4-2d4e3bd677f4,libs/foundry/records/scitemmanufacturer/paintcolorlogos/paint_gladius_luminalia_2954_green_red_red_logo.xml
Paint_Gladius_Luminalia_2954_White_Blue_Blue_Logo,,manufacturer_NameAEGS,,manufacturer_DescAEGS,UI/SharedAssets/PaintColorLogos/Paint_Gladius_Luminalia_2954_White_Blue_Blue.tif,,,,,,,4a76c0bf-1a83-45f8-b8f9-1bd532f1c9e2,libs/foundry/records/scitemmanufacturer/paintcolorlogos/paint_gladius_luminalia_2954_white_blue_blue_logo.xml
Paint_Gladius_TalkLikeAPirate_Metal_Red_Logo,,manufacturer_NameAEGS,,manufacturer_DescAEGS,UI/SharedAssets/PaintColorLogos/Paint_Gladius_TLAPD_Metal_Red_Icon.tif,,,,,,,aa823c43-3fea-4688-8a38-79fd6d333f9e,libs/foundry/records/scitemmanufacturer/paintcolorlogos/paint_gladius_talklikeapirate_metal_red_logo.xml
Paint_Golem_Black_Green_Grey_Logo,,manufacturer_NameDRAK,,manufacturer_DescDRAK,UI/SharedAssets/PaintColorLogos/Paint_Golem_Black_Green_Grey_Icon.tif,,,,,,,67263514-70b2-4d3e-bc10-d6abe0af605a,libs/foundry/records/scitemmanufacturer/paintcolorlogos/paint_golem_black_green_grey_logo.xml
Paint_Golem_Black_Red_Black,,manufacturer_NameDRAK,,manufacturer_DescDRAK,UI/SharedAssets/PaintColorLogos/Paint_Golem_OX_Black_Red_Black_Icon.tif,,,,,,,927f5161-8835-407e-860b-a877b447c91a,libs/foundry/records/scitemmanufacturer/paintcolorlogos/paint_golem_black_red_black.xml
Paint_Golem_Blue_Black_Green,,manufacturer_NameDRAK,,manufacturer_DescDRAK,UI/SharedAssets/PaintColorLogos/Paint_Golem_OX_Blue_Black_Green_Icon.tif,,,,,,,01e32c9a-db2a-419c-8cb0-f5565675a51b,libs/foundry/records/scitemmanufacturer/paintcolorlogos/paint_golem_blue_black_green.xml
Paint_Golem_Gray_Metal_Metal,,manufacturer_NameDRAK,,manufacturer_DescDRAK,UI/SharedAssets/PaintColorLogos/Paint_Golem_OX_Gray_Black_Black_Icon.tif,,,,,,,1b30597f-2eb9-4426-a20f-6dbfa7200072,libs/foundry/records/scitemmanufacturer/paintcolorlogos/paint_golem_gray_metal_metal.xml
Paint_Golem_Grey_Black_Black_Logo,,manufacturer_NameDRAK,,manufacturer_DescDRAK,UI/SharedAssets/PaintColorLogos/Paint_Golem_Grey_Black_Black_Icon.tif,,,,,,,ea9ea072-6e5e-464d-85fd-73915960e172,libs/foundry/records/scitemmanufacturer/paintcolorlogos/paint_golem_grey_black_black_logo.xml
Paint_Golem_Luminalia_Green_Red_Logo,,manufacturer_NameDRAK,,manufacturer_DescDRAK,UI/SharedAssets/PaintColorLogos/Paint_Golem_Green_Red_Luminalia.tif,,,,,,,70a3138d-1fcf-4ccf-bd8d-47579b0857fb,libs/foundry/records/scitemmanufacturer/paintcolorlogos/paint_golem_luminalia_green_red_logo.xml
Paint_Golem_Luminalia_White_Blue_Logo,,manufacturer_NameDRAK,,manufacturer_DescDRAK,UI/SharedAssets/PaintColorLogos/Paint_Golem_White_White_Blue_Luminalia.tif,,,,,,,5b4f0fc0-031b-4555-8d91-7de433ff6e85,libs/foundry/records/scitemmanufacturer/paintcolorlogos/paint_golem_luminalia_white_blue_logo.xml
Paint_Golem_Orange_White_Orange_Logo,,manufacturer_NameDRAK,,manufacturer_DescDRAK,UI/SharedAssets/PaintColorLogos/Paint_Golem_Orange_White_Orange_Icon.tif,,,,,,,1af8f15b-e65d-4016-8cae-1dab84a9b34d,libs/foundry/records/scitemmanufacturer/paintcolorlogos/paint_golem_orange_white_orange_logo.xml
Paint_Golem_WorkersWeek_White_Blue_Blue_Logo,,manufacturer_NameDRAK,,manufacturer_DescDRAK,UI/SharedAssets/PaintColorLogos/Paint_Golem_Workers_Week_White_Blue_Blue_Icon.tif,,,,,,,4223a576-de81-4b8a-b1f7-909d2ff83a35,libs/foundry/records/scitemmanufacturer/paintcolorlogos/paint_golem_workersweek_white_blue_blue_logo.xml
Paint_Golem_Yellow_Gray_White,,manufacturer_NameDRAK,,manufacturer_DescDRAK,UI/SharedAssets/PaintColorLogos/Paint_Golem_OX_Yellow_Gray_White_Icon.tif,,,,,,,32885aea-17f4-4e7b-8ae7-c9ebb092e761,libs/foundry/records/scitemmanufacturer/paintcolorlogos/paint_golem_yellow_gray_white.xml
Paint_Golem_Yellow_Grey_Orange_Logo,,manufacturer_NameDRAK,,manufacturer_DescDRAK,UI/SharedAssets/PaintColorLogos/Paint_Golem_Yellow_Grey_Orange_Front_Stripe_Icon.tif,,,,,,,25aa7065-3257-4ccf-a4fd-2dbe5708e802,libs/foundry/records/scitemmanufacturer/paintcolorlogos/paint_golem_yellow_grey_orange_logo.xml
Paint_Guardian_Blue_Grey_Black_Logo,,manufacturer_NameMRAI,,manufacturer_DescMRAI,UI/SharedAssets/PaintColorLogos/Paint_Guardian_Blue_Grey_Black_Icon.tif,,,,,,,8cf76a34-52eb-46be-acec-66c5917fc34e,libs/foundry/records/scitemmanufacturer/paintcolorlogos/paint_guardian_blue_grey_black_logo.xml
Paint_Guardian_Grey_Black_Gold_Camo_Logo,,manufacturer_NameMRAI,,manufacturer_DescMRAI,UI/SharedAssets/PaintColorLogos/Paint_Guardian_Grey_Black_Gold_Camo_Icon.tif,,,,,,,a9b21a00-b64d-4196-b240-aefa43480e94,libs/foundry/records/scitemmanufacturer/paintcolorlogos/paint_guardian_grey_black_gold_camo_logo.xml
Paint_Guardian_Greyblue_Tan_Grey_Logo,,manufacturer_NameMRAI,,manufacturer_DescMRAI,UI/SharedAssets/PaintColorLogos/Paint_Guardian_Greyblue_Tan_Grey_Icon.tif,,,,,,,9ad49020-ae1b-4017-a923-8d8b413531b4,libs/foundry/records/scitemmanufacturer/paintcolorlogos/paint_guardian_greyblue_tan_grey_logo.xml
Paint_Guardian_Halloween25_Orange_Black_Logo,,manufacturer_NameDRAK,,manufacturer_DescDRAK,UI/SharedAssets/PaintColorLogos/Paint_Guardian_Halloween_Orange_Black_Icon.tif,,,,,,,906a2636-192f-4197-9e9e-51c8a65af918,libs/foundry/records/scitemmanufacturer/paintcolorlogos/paint_guardian_halloween25_orange_black_logo.xml
Paint_Guardian_MX_Black_Black_Red_Logo,,manufacturer_NameMRAI,,manufacturer_DescMRAI,UI/SharedAssets/PaintColorLogos/Paint_Guardian_MX_Black_Black_Red_Icon.tif,,,,,,,c00beaa3-3cff-45a4-9ba2-2440b88ee342,libs/foundry/records/scitemmanufacturer/paintcolorlogos/paint_guardian_mx_black_black_red_logo.xml
Paint_Guardian_MX_Black_White_Red_Logo,,manufacturer_NameMRAI,,manufacturer_DescMRAI,UI/SharedAssets/PaintColorLogos/Paint_Guardian_MX_Black_White_Red_Icon.tif,,,,,,,67491806-1b03-483c-a97c-3bfc06127579,libs/foundry/records/scitemmanufacturer/paintcolorlogos/paint_guardian_mx_black_white_red_logo.xml
Paint_Guardian_MX_Blue_Blue_Blue_Logo,,manufacturer_NameMRAI,,manufacturer_DescMRAI,UI/SharedAssets/PaintColorLogos/Paint_Guardian_MX_Blue_Blue_Blue_Icon.tif,,,,,,,01cb7556-7978-4faa-90b1-9778bbac718e,libs/foundry/records/scitemmanufacturer/paintcolorlogos/paint_guardian_mx_blue_blue_blue_logo.xml
Paint_Guardian_MX_Green_Green_Red_Logo,,manufacturer_NameMRAI,,manufacturer_DescMRAI,UI/SharedAssets/PaintColorLogos/Paint_Guardian_MX_Green_Green_Red_Icon.tif,,,,,,,c750ef06-1515-444c-a2bd-899ba4b17d90,libs/foundry/records/scitemmanufacturer/paintcolorlogos/paint_guardian_mx_green_green_red_logo.xml
Paint_Guardian_MX_Red_Red_Red_Logo,,manufacturer_NameMRAI,,manufacturer_DescMRAI,UI/SharedAssets/PaintColorLogos/Paint_Guardian_MX_Red_Red_Red_Icon.tif,,,,,,,eb991595-e675-437e-80d1-1bd23e1a20d1,libs/foundry/records/scitemmanufacturer/paintcolorlogos/paint_guardian_mx_red_red_red_logo.xml
Paint_Guardian_MX_Tan_Green_Tan_Logo,,manufacturer_NameMRAI,,manufacturer_DescMRAI,UI/SharedAssets/PaintColorLogos/Paint_Guardian_MX_Tan_Green_Tan_Icon.tif,,,,,,,f6f3ead5-74e8-42d5-938c-7ebcfe5f37f4,libs/foundry/records/scitemmanufacturer/paintcolorlogos/paint_guardian_mx_tan_green_tan_logo.xml
Paint_Guardian_Red_Grey_White,,manufacturer_NameMRAI,,manufacturer_DescMRAI,UI/SharedAssets/PaintColorLogos/Paint_Guardian_Red_Grey_White_Icon.tif,,,,,,,8482a093-b8e4-44b8-a9ab-0f77dd355f34,libs/foundry/records/scitemmanufacturer/paintcolorlogos/paint_guardian_red_grey_white.xml
Paint_Guardian_Tan_Grey_Gold_Logo,,manufacturer_NameMRAI,,manufacturer_DescMRAI,UI/SharedAssets/PaintColorLogos/Paint_Guardian_Tan_Grey_Gold_Icon.tif,,,,,,,12e52f95-8f18-4452-ae03-5cdc38fe3106,libs/foundry/records/scitemmanufacturer/paintcolorlogos/paint_guardian_tan_grey_gold_logo.xml
Paint_Guardian_Tan_Grey_Silver_Logo,,manufacturer_NameMRAI,,manufacturer_DescMRAI,UI/SharedAssets/PaintColorLogos/Paint_Guardian_Tan_Grey_Silver_Icon.tif,,,,,,,f27df40b-a47f-4697-9990-95f34223be26,libs/foundry/records/scitemmanufacturer/paintcolorlogos/paint_guardian_tan_grey_silver_logo.xml
Paint_Guardian_White_White_White_Logo,,manufacturer_NameMRAI,,manufacturer_DescMRAI,UI/SharedAssets/PaintColorLogos/Paint_Guardian_White_White_White_Icon.tif,,,,,,,a023f38c-79c3-44dc-ac28-9ef4b16950fd,libs/foundry/records/scitemmanufacturer/paintcolorlogos/paint_guardian_white_white_white_logo.xml
Paint_Hammerhead_FW2955_Grey_Black_Red_Camo_Logo,,manufacturer_NameAEGS,,manufacturer_DescAEGS,UI/SharedAssets/PaintColorLogos/Paint_Hammerhead_FW2955_Grey_Black_Red_Camo_Icon.tif,,,,,,,162270e4-3ca1-4244-a762-47c183bfa034,libs/foundry/records/scitemmanufacturer/paintcolorlogos/paint_hammerhead_fw2955_grey_black_red_camo_logo.xml
Paint_Hammerhead_IAE2951_Black_Blue_Logo,,manufacturer_NameAEGS,,manufacturer_DescAEGS,UI/SharedAssets/PaintColorLogos/Paint_Hammerhead_Stormbringer_Black_Blue_Icon.tif,,,,,,,e8f76b43-812c-4995-8a67-6d2052dd66e8,libs/foundry/records/scitemmanufacturer/paintcolorlogos/paint_hammerhead_iae2951_black_blue_logo.xml
Paint_Hammerhead_IAE2951_Grey_White_Camo_Logo,,manufacturer_NameAEGS,,manufacturer_DescAEGS,UI/SharedAssets/PaintColorLogos/Paint_Hammerhead_PolarCamo_White_Grey_Icon.tif,,,,,,,2281a3cf-868d-4264-95e4-3292face38c2,libs/foundry/records/scitemmanufacturer/paintcolorlogos/paint_hammerhead_iae2951_grey_white_camo_logo.xml
Paint_Hammerhead_Showdown_Logo,,manufacturer_NameDRAK,,manufacturer_DescDRAK,UI/SharedAssets/PaintColorLogos/Paint_Hammerhead_Showdown_Icon.tif,,,,,,,728ec80c-c018-4b2f-afaf-61603cb94106,libs/foundry/records/scitemmanufacturer/paintcolorlogos/paint_hammerhead_showdown_logo.xml
Paint_Hammerhead_StellaFortuna_Green_Logo,,manufacturer_NameAEGS,,manufacturer_DescAEGS,UI/SharedAssets/PaintColorLogos/Paint_Hammerhead_StellaFortuna_2953_Green_Icon.tif,,,,,,,2ae83233-250e-407c-b5e4-fdb55b0a351c,libs/foundry/records/scitemmanufacturer/paintcolorlogos/paint_hammerhead_stellafortuna_green_logo.xml
Paint_Hawk_Fleetweek_2021_Blue_Yellow_Logo,,manufacturer_NameANVL,,manufacturer_DescANVL,UI/SharedAssets/PaintColorLogos/Paint_Hawk_Triton_Blue_Yellow_Icon.tif,,,,,,,48fa8a86-e5ea-4682-a2ac-367996eeab7c,libs/foundry/records/scitemmanufacturer/paintcolorlogos/paint_hawk_fleetweek_2021_blue_yellow_logo.xml
Paint_Hawk_Fleetweek_2021_Green_Orange_Logo,,manufacturer_NameANVL,,manufacturer_DescANVL,UI/SharedAssets/PaintColorLogos/Paint_Hawk_Timberline_Green_Orange_Icon.tif,,,,,,,304e8d42-610c-448d-bc75-b2917053856c,libs/foundry/records/scitemmanufacturer/paintcolorlogos/paint_hawk_fleetweek_2021_green_orange_logo.xml
Paint_Hawk_Fleetweek_2021_Ice_Camo_Logo,,manufacturer_NameANVL,,manufacturer_DescANVL,UI/SharedAssets/PaintColorLogos/Paint_Hawk_Frostbite_Camo_Icon.tif,,,,,,,6bf5b4b7-8be7-4722-9c3a-a6ae65b51656,libs/foundry/records/scitemmanufacturer/paintcolorlogos/paint_hawk_fleetweek_2021_ice_camo_logo.xml
Paint_Hawk_Red_White_Pink_Crusader_Logo,,manufacturer_NameANVL,,manufacturer_DescANVL,UI/SharedAssets/PaintColorLogos/Paint_Hawk_Red_White_Pink_Crusader_Icon.tif,,,,,,,57951af5-6734-439e-9023-308c1b884f27,libs/foundry/records/scitemmanufacturer/paintcolorlogos/paint_hawk_red_white_pink_crusader_logo.xml
Paint_Hawk_Sand_Orange_Hurston_Logo,,manufacturer_NameANVL,,manufacturer_DescANVL,UI/SharedAssets/PaintColorLogos/Paint_Hawk_Sand_Orange_Hurston_Icon.tif,,,,,,,68fbc935-fa9f-4dbd-8d3a-2b94d93977cd,libs/foundry/records/scitemmanufacturer/paintcolorlogos/paint_hawk_sand_orange_hurston_logo.xml
Paint_Hawk_White_Blue_Blue_microTech_Logo,,manufacturer_NameANVL,,manufacturer_DescANVL,UI/SharedAssets/PaintColorLogos/Paint_Hawk_White_Blue_Blue_microTech_Icon.tif,,,,,,,64955f31-35e7-464b-8f2b-e6536c045ae2,libs/foundry/records/scitemmanufacturer/paintcolorlogos/paint_hawk_white_blue_blue_microtech_logo.xml
Paint_Herald_Ghoulish_Green_Logo,,manufacturer_NameDRAK,,manufacturer_DescDRAK,UI/SharedAssets/PaintColorLogos/Paint_Herald_Ghoulish_Green_Icon.tif,,,,,,,ebb954de-e1dd-42c6-8a32-e676ad40f8d0,libs/foundry/records/scitemmanufacturer/paintcolorlogos/paint_herald_ghoulish_green_logo.xml
Paint_Herald_IAE2951_Black_Blue_Logo,,manufacturer_NameDRAK,,manufacturer_DescDRAK,UI/SharedAssets/PaintColorLogos/Paint_Herald_Stormbringer_Black_Blue_Icon.tif,,,,,,,758e049b-7694-4a21-9437-9a94c2c450cc,libs/foundry/records/scitemmanufacturer/paintcolorlogos/paint_herald_iae2951_black_blue_logo.xml
Paint_Herald_IAE2951_Grey_White_Logo,,manufacturer_NameDRAK,,manufacturer_DescDRAK,UI/SharedAssets/PaintColorLogos/Paint_Herald_Polar_White_Grey_Icon.tif,,,,,,,eaa938e4-de72-467d-b676-ec3c43f52f39,libs/foundry/records/scitemmanufacturer/paintcolorlogos/paint_herald_iae2951_grey_white_logo.xml
Paint_Hercules_Argent_Silver_Camo_Logo,,manufacturer_NameCRUS,,manufacturer_DescCRUS,UI\SharedAssets\PaintColorLogos\Paint_Hercules_Argent_Silver_Camo.tif,,,,,,,e011396a-bd19-441a-adaa-aa8cd57088aa,libs/foundry/records/scitemmanufacturer/paintcolorlogos/paint_hercules_argent_silver_camo_logo.xml
Paint_Hercules_Dryad_Green_Camo_Logo,,manufacturer_NameCRUS,,manufacturer_DescCRUS,UI\SharedAssets\PaintColorLogos\Paint_Hercules_Dryad_Green_Camo.tif,,,,,,,7696d514-de8b-46a7-a53c-82d18690577b,libs/foundry/records/scitemmanufacturer/paintcolorlogos/paint_hercules_dryad_green_camo_logo.xml
Paint_Hercules_Sylvan_Green_Logo,,manufacturer_NameCRUS,,manufacturer_DescCRUS,UI\SharedAssets\PaintColorLogos\Paint_Hercules_Sylvan_Green.tif,,,,,,,0a918c9b-47f4-4932-a5c5-387e361faa19,libs/foundry/records/scitemmanufacturer/paintcolorlogos/paint_hercules_sylvan_green_logo.xml
Paint_Hermes_Black_Black_Red_Camo_Logo,,manufacturer_NameRSI,,manufacturer_DescRSI,UI/SharedAssets/PaintColorLogos/Paint_RSI_Hermes_Black_Black_Red_Camo_Icon.tif,,,,,,,10538192-0c4c-40c9-a8d7-e6b378849725,libs/foundry/records/scitemmanufacturer/paintcolorlogos/paint_hermes_black_black_red_camo_logo.xml
Paint_Hermes_Black_Silver_Logo,,manufacturer_NameRSI,,manufacturer_DescRSI,UI/SharedAssets/PaintColorLogos/Paint_RSI_Hermes_Black_Silver.tif,,,,,,,08bf158a-e460-4577-899d-0638b8870149,libs/foundry/records/scitemmanufacturer/paintcolorlogos/paint_hermes_black_silver_logo.xml
Paint_Hermes_Blue_Black_Red_Logo,,manufacturer_NameRSI,,manufacturer_DescRSI,UI/SharedAssets/PaintColorLogos/Paint_RSI_Hermes_Blue_Black_Red.tif,,,,,,,4a6757d1-3673-4256-be1f-7a06fd0f0d17,libs/foundry/records/scitemmanufacturer/paintcolorlogos/paint_hermes_blue_black_red_logo.xml
Paint_Hermes_Creme_Black_Logo,,manufacturer_NameRSI,,manufacturer_DescRSI,UI/SharedAssets/PaintColorLogos/Paint_RSI_Hermes_Creme_Black.tif,,,,,,,1f53fc27-96d3-45e6-9f3c-9a2cdaec16ef,libs/foundry/records/scitemmanufacturer/paintcolorlogos/paint_hermes_creme_black_logo.xml
Paint_Hermes_Green_Bronze_Logo,,manufacturer_NameRSI,,manufacturer_DescRSI,UI/SharedAssets/PaintColorLogos/Paint_RSI_Hermes_Green_Bronze.tif,,,,,,,dfe8144d-154e-43c4-87fb-d2e224b5e745,libs/foundry/records/scitemmanufacturer/paintcolorlogos/paint_hermes_green_bronze_logo.xml
Paint_Hermes_Indigo_Gold_Logo,,manufacturer_NameRSI,,manufacturer_DescRSI,UI/SharedAssets/PaintColorLogos/Paint_RSI_Hermes_Indigo_Gold.tif,,,,,,,c7bb84d3-a41a-4a0f-8084-c2ab4bda43b7,libs/foundry/records/scitemmanufacturer/paintcolorlogos/paint_hermes_indigo_gold_logo.xml
Paint_Hermes_Purple_Black_Logo,,manufacturer_NameRSI,,manufacturer_DescRSI,UI/SharedAssets/PaintColorLogos/Paint_RSI_Hermes_Purple_Black.tif,,,,,,,c7d6b362-0a91-4829-9d98-c9a8665df463,libs/foundry/records/scitemmanufacturer/paintcolorlogos/paint_hermes_purple_black_logo.xml
Paint_Hermes_Red_Blue_Logo,,manufacturer_NameRSI,,manufacturer_DescRSI,UI/SharedAssets/PaintColorLogos/Paint_RSI_Hermes_Red_Blue.tif,,,,,,,dd2de251-4a0a-4873-bb64-4bb8a448130b,libs/foundry/records/scitemmanufacturer/paintcolorlogos/paint_hermes_red_blue_logo.xml
Paint_Hermes_Sand_Blue_Logo,,manufacturer_NameRSI,,manufacturer_DescRSI,UI/SharedAssets/PaintColorLogos/Paint_RSI_Hermes_Sand_Blue.tif,,,,,,,b4e5d06b-6bd5-4296-b910-fe7a0c2f332d,libs/foundry/records/scitemmanufacturer/paintcolorlogos/paint_hermes_sand_blue_logo.xml
Paint_Hermes_White_Blue_Blue_Logo,,manufacturer_NameOrigin,,manufacturer_DescOrigin,UI/SharedAssets/PaintColorLogos/Paint_RSI_Hermes_White_Blue_Blue.tif,,,,,,,19b9856c-8748-4208-8d12-91687bd51bf1,libs/foundry/records/scitemmanufacturer/paintcolorlogos/paint_hermes_white_blue_blue_logo.xml
Paint_Hermes_Yellow_Black_Logo,,manufacturer_NameRSI,,manufacturer_DescRSI,UI/SharedAssets/PaintColorLogos/Paint_RSI_Hermes_Yellow_Black.tif,,,,,,,de448a67-8ac2-4db8-9a04-b0da76d67efd,libs/foundry/records/scitemmanufacturer/paintcolorlogos/paint_hermes_yellow_black_logo.xml
Paint_Hornet_Coramor_Pink_Black_Logo,,manufacturer_NameANVL,,manufacturer_DescANVL,UI/SharedAssets/PaintColorLogos/Paint_Hornet_F7C_MK2_Lovestruck_Purple_Pink.tif,,,,,,,a450ee05-582e-4408-8d42-563b0b2cd745,libs/foundry/records/scitemmanufacturer/paintcolorlogos/paint_hornet_coramor_pink_black_logo.xml
Paint_Hornet_F7A_Mk1_Blue_Blue_Red_Logo,,,,,UI/SharedAssets/PaintColorLogos/Paint_F7A_MK1_Blue_Blue_Red_Icon.tif,,,,,,,9ec88ca8-1747-4604-9e51-b464cf1a9fa2,libs/foundry/records/scitemmanufacturer/paintcolorlogos/paint_hornet_f7a_mk1_blue_blue_red_logo.xml
Paint_Hornet_F7A_Mk1_Green_Red_Green_Camo_Logo,,,,,UI/SharedAssets/PaintColorLogos/Paint_F7A_MK1_Green_Red_Green_Icon.tif,,,,,,,43dcbac6-9d2c-44d7-b829-d89a450abbe7,libs/foundry/records/scitemmanufacturer/paintcolorlogos/paint_hornet_f7a_mk1_green_red_green_camo_logo.xml
Paint_Hornet_F7A_Mk1_Steel_Red_Orange_Logo,,,,,UI/SharedAssets/PaintColorLogos/Paint_F7A_MK1_Steel_Red_Orange_Icon.tif,,,,,,,b0eaf178-e268-4963-afbc-0744c91e34cb,libs/foundry/records/scitemmanufacturer/paintcolorlogos/paint_hornet_f7a_mk1_steel_red_orange_logo.xml
Paint_Hornet_F7A_Mk2_Desert_Camo_Logo,,,,,UI/SharedAssets/PaintColorLogos/Paint_Hornet_F7A_MK2_Camo_Desert_Icon.tif,,,,,,,8e5e0b9c-4438-4cc3-8613-75690452e399,libs/foundry/records/scitemmanufacturer/paintcolorlogos/paint_hornet_f7a_mk2_desert_camo_logo.xml
Paint_Hornet_F7C_Mk2_Black_Gold_Logo,,,,,UI/SharedAssets/PaintColorLogos/Paint_Hornet_F7C_MK2_VIP_Black_Gold_Icon.tif,,,,,,,4e072e05-1318-4168-9f37-2b32ec29ee5d,libs/foundry/records/scitemmanufacturer/paintcolorlogos/paint_hornet_f7c_mk2_black_gold_logo.xml
Paint_Hornet_F7C_Mk2_White_Blue_Logo,,,,,UI/SharedAssets/PaintColorLogos/Paint_Hornet_F7C_MK2_White_Blue_Icon.tif,,,,,,,0b550d23-c1a5-442b-88dc-81b67c882a27,libs/foundry/records/scitemmanufacturer/paintcolorlogos/paint_hornet_f7c_mk2_white_blue_logo.xml
Paint_Hornet_F7CM_Mk2_Bluegrey_Orange_Black_Logo,,manufacturer_NameANVL,,manufacturer_DescANVL,UI/SharedAssets/PaintColorLogos/Paint_Hornet_F7CM_MK2_bluegrey_orange_black_Icon.tif,,,,,,,9179f3d8-0341-4972-9844-5a8e118fefb9,libs/foundry/records/scitemmanufacturer/paintcolorlogos/paint_hornet_f7cm_mk2_bluegrey_orange_black_logo.xml
Paint_Hornet_F7CM_Mk2_Grey_Grey_Blue_Logo,,manufacturer_NameANVL,,manufacturer_DescANVL,UI/SharedAssets/PaintColorLogos/Paint_Hornet_F7CM_MK2_grey_grey_blue_Icon.tif,,,,,,,c8d1be4b-dc2b-497d-be68-96ba650d94ea,libs/foundry/records/scitemmanufacturer/paintcolorlogos/paint_hornet_f7cm_mk2_grey_grey_blue_logo.xml
Paint_Hornet_F7CM_Mk2_Grey_Olive_Green_Logo,,manufacturer_NameANVL,,manufacturer_DescANVL,UI/SharedAssets/PaintColorLogos/Paint_Hornet_F7CM_MK2_grey_olive_green_Icon.tif,,,,,,,bd7b7a1e-a395-4ef5-a727-85dfee7bd5a1,libs/foundry/records/scitemmanufacturer/paintcolorlogos/paint_hornet_f7cm_mk2_grey_olive_green_logo.xml
Paint_Hornet_F7CM_Mk2_Heartseeker_Logo,,manufacturer_NameANVL,,manufacturer_DescANVL,UI/SharedAssets/PaintColorLogos/Paint_Hornet_F7CM_MK2_Heartseeker_Icon.tif,,,,,,,086dd7b9-5a98-48fe-89ab-0d30238b80d4,libs/foundry/records/scitemmanufacturer/paintcolorlogos/paint_hornet_f7cm_mk2_heartseeker_logo.xml
Paint_Hornet_F7CM_Mk2_Olive_Green_Tan_Camo_Logo,,manufacturer_NameANVL,,manufacturer_DescANVL,UI/SharedAssets/PaintColorLogos/Paint_Hornet_F7CM_MK2_camo_olive_green_Icon.tif,,,,,,,38c2507a-002e-4fba-99f9-603ecb55f84e,libs/foundry/records/scitemmanufacturer/paintcolorlogos/paint_hornet_f7cm_mk2_olive_green_tan_camo_logo.xml
Paint_Hornet_F7CM_Mk2_Silver_Bluesilver_Camo_Logo,,manufacturer_NameANVL,,manufacturer_DescANVL,UI/SharedAssets/PaintColorLogos/Paint_Hornet_F7CM_MK2_camo_silver_Icon.tif,,,,,,,2be874e8-6733-426a-bf80-574b6deef806,libs/foundry/records/scitemmanufacturer/paintcolorlogos/paint_hornet_f7cm_mk2_silver_bluesilver_camo_logo.xml
Paint_Hornet_F7CM_Mk2_Tan_Tan_Black_Logo,,manufacturer_NameANVL,,manufacturer_DescANVL,UI/SharedAssets/PaintColorLogos/Paint_Hornet_F7CM_MK2_tan_tan_black_Icon.tif,,,,,,,c301d4c4-40ab-4bb0-bb56-d268d47cb4ce,libs/foundry/records/scitemmanufacturer/paintcolorlogos/paint_hornet_f7cm_mk2_tan_tan_black_logo.xml
Paint_Hornet_F7CR_Mk2_Green_Orange_Logo,,manufacturer_NameANVL,,manufacturer_DescANVL,UI/SharedAssets/PaintColorLogos/Paint_Hornet_F7CR_MK2_Green_Orange_Icon.tif,,,,,,,e448e1b4-159d-4119-9a8d-92fd52910126,libs/foundry/records/scitemmanufacturer/paintcolorlogos/paint_hornet_f7cr_mk2_green_orange_logo.xml
Paint_Hornet_F7CR_Mk2_Grey_Red_Logo,,manufacturer_NameANVL,,manufacturer_DescANVL,UI/SharedAssets/PaintColorLogos/Paint_Hornet_F7CR_MK2_Base_Grey_Red_Icon.tif,,,,,,,16b0b499-aab5-4ad1-8d87-3683a3155024,libs/foundry/records/scitemmanufacturer/paintcolorlogos/paint_hornet_f7cr_mk2_grey_red_logo.xml
Paint_Hornet_F7CS_Mk2_Black_Grey_Logo,,manufacturer_NameANVL,,manufacturer_DescANVL,UI/SharedAssets/PaintColorLogos/Paint_Hornet_F7CS_MK2_VIP_Black_Icon.tif,,,,,,,1c20c7f0-0538-4cd3-a1f6-421511932404,libs/foundry/records/scitemmanufacturer/paintcolorlogos/paint_hornet_f7cs_mk2_black_grey_logo.xml
Paint_Hornet_F7CS_Mk2_Black_Red_Logo,,manufacturer_NameANVL,,manufacturer_DescANVL,UI/SharedAssets/PaintColorLogos/Paint_Hornet_F7CS_MK2_Base_Black_Red_Icon.tif,,,,,,,b7a3ef01-d47e-4e82-b4ff-e03e3c3bf4c5,libs/foundry/records/scitemmanufacturer/paintcolorlogos/paint_hornet_f7cs_mk2_black_red_logo.xml
Paint_Hornet_F7CS_Mk2_Green_Gold_Logo,,manufacturer_NameANVL,,manufacturer_DescANVL,UI/SharedAssets/PaintColorLogos/Paint_Hornet_F7CS_MK2_Green_Gold_Icon.tif,,,,,,,a645e196-f7f7-490c-93b1-31354161d87e,libs/foundry/records/scitemmanufacturer/paintcolorlogos/paint_hornet_f7cs_mk2_green_gold_logo.xml
Paint_Hornet_Fleetweek_Blue_Gold_Logo,,,,,UI\SharedAssets\PaintColorLogos\Paint_Hornet_F7C_Triton_Blue_Yellow_Icon.tif,,,,,,,bb29e019-c2ed-4afd-9bf4-15b079a09939,libs/foundry/records/scitemmanufacturer/paintcolorlogos/paint_hornet_fleetweek_blue_gold_logo.xml
Paint_Hornet_Fleetweek_Camo_Frostbite_Logo,,,,,UI\SharedAssets\PaintColorLogos\Paint_Hornet_F7C_Frostbite_Camo_Icon.tif,,,,,,,a43acbe8-65ee-4c5a-9768-e4b0ccae9a27,libs/foundry/records/scitemmanufacturer/paintcolorlogos/paint_hornet_fleetweek_camo_frostbite_logo.xml
Paint_Hornet_Fleetweek_Timberline_Logo,,,,,UI\SharedAssets\PaintColorLogos\Paint_Hornet_F7C_Timberline_Green_Orange_Icon.tif,,,,,,,2bdbe9b3-e2c1-4e81-99b3-2726089048ac,libs/foundry/records/scitemmanufacturer/paintcolorlogos/paint_hornet_fleetweek_timberline_logo.xml
Paint_HoverQuad_Copperhead_White_Bronze_Logo,,manufacturer_NameCNOU,,manufacturer_DescCNOU,UI/SharedAssets/PaintColorLogos/Paint_HoverQuad_Copperhead_White_Bronze_Icon.tif,,,,,,,0c6191c0-7bdd-47a2-af60-19f544d84b4f,libs/foundry/records/scitemmanufacturer/paintcolorlogos/paint_hoverquad_copperhead_white_bronze_logo.xml
Paint_HoverQuad_Lightspeed_Orange_Yellow_Logo,,manufacturer_NameCNOU,,manufacturer_DescCNOU,UI/SharedAssets/PaintColorLogos/Paint_HoverQuad_Lightspeed_Orange_Yellow_Icon.tif,,,,,,,082d4671-6a79-4436-b65b-41c285e72c6d,libs/foundry/records/scitemmanufacturer/paintcolorlogos/paint_hoverquad_lightspeed_orange_yellow_logo.xml
Paint_HoverQuad_Lovestruck_Pink_Black_Logo,,manufacturer_NameCNOU,,manufacturer_DescCNOU,UI/SharedAssets/PaintColorLogos/Paint_HoverQuad_Lovestruck_Purple_Pink_Icon.tif,,,,,,,f7cfbe5b-a089-4b5e-a378-af7585eac0d5,libs/foundry/records/scitemmanufacturer/paintcolorlogos/paint_hoverquad_lovestruck_pink_black_logo.xml
Paint_HoverQuad_Racing_Blue_White_Logo,,manufacturer_NameCNOU,,manufacturer_DescCNOU,UI/SharedAssets/PaintColorLogos/Paint_HoverQuad_Racing_Blue_White.tif,,,,,,,2a8c39bc-c056-4648-9b7b-fbf39e107de0,libs/foundry/records/scitemmanufacturer/paintcolorlogos/paint_hoverquad_racing_blue_white_logo.xml
Paint_HoverQuad_Racing_Purple_White_Logo,,manufacturer_NameCNOU,,manufacturer_DescCNOU,UI/SharedAssets/PaintColorLogos/Paint_HoverQuad_Racing_Purple_White.tif,,,,,,,e154141e-2479-4260-9a79-84d2227c3131,libs/foundry/records/scitemmanufacturer/paintcolorlogos/paint_hoverquad_racing_purple_white_logo.xml
Paint_HoverQuad_Racing_Red_Silver_Logo,,manufacturer_NameCNOU,,manufacturer_DescCNOU,UI/SharedAssets/PaintColorLogos/Paint_HoverQuad_Racing_Red_Silver.tif,,,,,,,cdb62349-a9f0-43a2-8d5b-c1dcea982b06,libs/foundry/records/scitemmanufacturer/paintcolorlogos/paint_hoverquad_racing_red_silver_logo.xml
Paint_HoverQuad_Terminus_Black_Red_Logo,,manufacturer_NameCNOU,,manufacturer_DescCNOU,UI/SharedAssets/PaintColorLogos/Paint_HoverQuad_Terminus_Black_Red_Icon.tif,,,,,,,3a95955d-641e-4535-9acf-db62cf42f3a1,libs/foundry/records/scitemmanufacturer/paintcolorlogos/paint_hoverquad_terminus_black_red_logo.xml
Paint_Hull_A_Blue_DarkBlue_Orange_Stripe_Logo,,manufacturer_NameMISC,,manufacturer_DescMISC,UI/SharedAssets/PaintColorLogos/Paint_Hull_A_AprilSubscriberFlair_Blue_DarkBlue_Orange_Icon.tif,,,,,,,c81f6681-d437-4ec8-95f8-27675af81b24,libs/foundry/records/scitemmanufacturer/paintcolorlogos/paint_hull_a_blue_darkblue_orange_stripe_logo.xml
Paint_Hull_A_DarkGreen_Grey_Red_Stripe_Logo,,manufacturer_NameMISC,,manufacturer_DescMISC,UI/SharedAssets/PaintColorLogos/Paint_Hull_A_AprilSubscriberFlair_DarkGreen_Grey_Red_Icon.tif,,,,,,,e8e90b9c-298c-4597-95eb-b930cc946fea,libs/foundry/records/scitemmanufacturer/paintcolorlogos/paint_hull_a_darkgreen_grey_red_stripe_logo.xml
Paint_Hull_A_Grey_Logo,,manufacturer_NameMISC,,manufacturer_DescMISC,UI/SharedAssets/PaintColorLogos/Paint_Hull_A_Dusk_Gold_Black.tif,,,,,,,5bc6b43e-2bae-4cfe-a54e-d6afdae18397,libs/foundry/records/scitemmanufacturer/paintcolorlogos/paint_hull_a_grey_logo.xml
Paint_Hull_A_Grey_White_Logo,,manufacturer_NameMISC,,manufacturer_DescMISC,UI/SharedAssets/PaintColorLogos/Paint_Hull_A_Horizon_Brown_Cream.tif,,,,,,,cd00e946-dadc-49f4-a62d-ea192bfec1c4,libs/foundry/records/scitemmanufacturer/paintcolorlogos/paint_hull_a_grey_white_logo.xml
Paint_Hull_A_White_Grey_Logo,,manufacturer_NameMISC,,manufacturer_DescMISC,UI/SharedAssets/PaintColorLogos/Paint_Hull_A_Empyrean_Yellow_Black.tif,,,,,,,1592bd20-e128-42bd-bb3f-6bdbd9f23806,libs/foundry/records/scitemmanufacturer/paintcolorlogos/paint_hull_a_white_grey_logo.xml
Paint_Hull_B_Black_White_Yellow_Logo,,manufacturer_NameOrigin,,manufacturer_DescOrigin,UI/SharedAssets/PaintColorLogos/paint_hull_b_black_white_yellow.tif,,,,,,,0374871f-d2ed-4243-91f0-774bec47b3a2,libs/foundry/records/scitemmanufacturer/paintcolorlogos/paint_hull_b_black_white_yellow_logo.xml
Paint_Hull_B_Brown_Black_Yellow_Black_Logo,,manufacturer_NameOrigin,,manufacturer_DescOrigin,UI/SharedAssets/PaintColorLogos/paint_hull_b_black_yellow_black.tif,,,,,,,b2013620-9f04-4bae-9da0-1d0b6c58d6cc,libs/foundry/records/scitemmanufacturer/paintcolorlogos/paint_hull_b_brown_black_yellow_black_logo.xml
Paint_Hull_B_Brown_White_Bronze_Logo,,manufacturer_NameOrigin,,manufacturer_DescOrigin,UI/SharedAssets/PaintColorLogos/paint_hull_b_brown_white_bronze.tif,,,,,,,5f3c8d6c-772b-41f7-b351-a8c50aba789a,libs/foundry/records/scitemmanufacturer/paintcolorlogos/paint_hull_b_brown_white_bronze_logo.xml
Paint_Hull_B_Brown_Yellow_Yellow_Black_Logo,,manufacturer_NameOrigin,,manufacturer_DescOrigin,UI/SharedAssets/PaintColorLogos/paint_hull_b_yellow_yellow_black.tif,,,,,,,9eb20ecd-60b0-432a-b85e-be449076d240,libs/foundry/records/scitemmanufacturer/paintcolorlogos/paint_hull_b_brown_yellow_yellow_black_logo.xml
Paint_Hull_B_White_Blue_Blue_Logo,,manufacturer_NameOrigin,,manufacturer_DescOrigin,UI/SharedAssets/PaintColorLogos/Paint_Hull_B_White_Blue_Blue_Icon.tif,,,,,,,bdd71c07-6f1f-498d-91b7-7d1e80070dea,libs/foundry/records/scitemmanufacturer/paintcolorlogos/paint_hull_b_white_blue_blue_logo.xml
Paint_Hull_C_Black_Black_Gold_Logo,,manufacturer_NameMISC,,manufacturer_DescMISC,UI/SharedAssets/PaintColorLogos/Paint_Hull_C_Black_Black_Gold_Icon.tif,,,,,,,7edca381-e103-4240-b654-df9221c61208,libs/foundry/records/scitemmanufacturer/paintcolorlogos/paint_hull_c_black_black_gold_logo.xml
Paint_Hull_C_Blue_DarkBlue_Orange_Stripe_Logo,,manufacturer_NameMISC,,manufacturer_DescMISC,UI/SharedAssets/PaintColorLogos/Paint_Hull_C_AprilSubscriberFlair_Blue_DarkBlue_Orange_Icon.tif,,,,,,,aef24c06-622f-4706-8eea-17a30ab8e43c,libs/foundry/records/scitemmanufacturer/paintcolorlogos/paint_hull_c_blue_darkblue_orange_stripe_logo.xml
Paint_Hull_C_Brown_Cream_Bronze_Logo,,manufacturer_NameMISC,,manufacturer_DescMISC,UI/SharedAssets/PaintColorLogos/Paint_Hull_C_Brown_Cream_Bronze_Icon.tif,,,,,,,c84509b1-e28a-4eb2-9b25-a7dfb204eaa5,libs/foundry/records/scitemmanufacturer/paintcolorlogos/paint_hull_c_brown_cream_bronze_logo.xml
Paint_Hull_C_DarkGreen_Grey_Red_Stripe_Logo,,manufacturer_NameMISC,,manufacturer_DescMISC,UI/SharedAssets/PaintColorLogos/Paint_Hull_C_AprilSubscriberFlair_DarkGreen_Grey_Red_Icon.tif,,,,,,,0c793674-ba8a-4ebe-a52c-176180167a15,libs/foundry/records/scitemmanufacturer/paintcolorlogos/paint_hull_c_darkgreen_grey_red_stripe_logo.xml
Paint_Hull_C_White_Black_Yellow_Logo,,manufacturer_NameMISC,,manufacturer_DescMISC,UI/SharedAssets/PaintColorLogos/Paint_Hull_C_White_Black_Yellow_Icon.tif,,,,,,,eb42a8bb-8fa3-4c7f-affb-87d4a2fb5bac,libs/foundry/records/scitemmanufacturer/paintcolorlogos/paint_hull_c_white_black_yellow_logo.xml
Paint_Hurricane_Fleetweek_Red_White_Logo,,manufacturer_NameACAS,,manufacturer_DescACAS,UI/SharedAssets/PaintColorLogos/Paint_Hurricane_Fleetweek_Red_White_Icon.tif,,,,,,,c36200c5-fc82-4110-95a2-b60e7cb09184,libs/foundry/records/scitemmanufacturer/paintcolorlogos/paint_hurricane_fleetweek_red_white_logo.xml
Paint_Hurricane_Fleetweek_Tan_Green_Tigerstripe_Logo,,manufacturer_NameACAS,,manufacturer_DescACAS,UI/SharedAssets/PaintColorLogos/Paint_Hurricane_Fleetweek_Tan_Green_Tigerstripe_Icon.tif,,,,,,,7b938b60-cdaf-4a9c-a3ff-16005287c4f6,libs/foundry/records/scitemmanufacturer/paintcolorlogos/paint_hurricane_fleetweek_tan_green_tigerstripe_logo.xml
Paint_Hurricane_IAE2950_Grey_Blue_Logo,,manufacturer_NameANVL,,manufacturer_DescANVL,UI/SharedAssets/PaintColorLogos/Paint_Hurricane_IAE2950_Grey_Blue_Icon.tif,,,,,,,78c87ae9-e09b-403c-9bb9-e28e399046e3,libs/foundry/records/scitemmanufacturer/paintcolorlogos/paint_hurricane_iae2950_grey_blue_logo.xml
Paint_Hurricane_IAE2950_Grey_White_Camo_Logo,,manufacturer_NameANVL,,manufacturer_DescANVL,UI/SharedAssets/PaintColorLogos/Paint_Hurricane_IAE2950_Grey_White_Camo_Icon.tif,,,,,,,c3b0060e-07d5-45b2-ad91-510a3f132532,libs/foundry/records/scitemmanufacturer/paintcolorlogos/paint_hurricane_iae2950_grey_white_camo_logo.xml
Paint_Idris_Beige_Beige_Black_Shark_Logo,,manufacturer_NameAEGS,,manufacturer_DescAEGS,UI/SharedAssets/PaintColorLogos/Paint_Idris_Beige_Beige_Black_Shark.tif,,,,,,,789414e3-77e1-472a-b329-fb96ebd9a803,libs/foundry/records/scitemmanufacturer/paintcolorlogos/paint_idris_beige_beige_black_shark_logo.xml
Paint_Idris_Beige_Beige_Brown_Logo,,manufacturer_NameAEGS,,manufacturer_DescAEGS,UI/SharedAssets/PaintColorLogos/Paint_Idris_Beige_Beige_Brown.tif,,,,,,,e543000b-0a8c-4797-bd7c-958096115a32,libs/foundry/records/scitemmanufacturer/paintcolorlogos/paint_idris_beige_beige_brown_logo.xml
Paint_Idris_Black_Black_Black_Red_Logo,,manufacturer_NameAEGS,,manufacturer_DescAEGS,UI/SharedAssets/PaintColorLogos/Paint_Idris_Black_Black_Red.tif,,,,,,,b57a9517-4e74-472b-8ab8-491c8d903850,libs/foundry/records/scitemmanufacturer/paintcolorlogos/paint_idris_black_black_black_red_logo.xml
Paint_Idris_Blue_Blue_Black_Logo,,manufacturer_NameAEGS,,manufacturer_DescAEGS,UI/SharedAssets/PaintColorLogos/Paint_Idris_Blue_Blue_Black.tif,,,,,,,f9809f6c-7712-45c6-ae9a-f156087c689c,libs/foundry/records/scitemmanufacturer/paintcolorlogos/paint_idris_blue_blue_black_logo.xml
Paint_Idris_Blue_Blue_Blue_Camo_Logo,,manufacturer_NameAEGS,,manufacturer_DescAEGS,UI/SharedAssets/PaintColorLogos/Paint_Idris_Blue_Blue_Camo.tif,,,,,,,c27f8ca8-5bba-4066-b5c6-0f72977a7e2e,libs/foundry/records/scitemmanufacturer/paintcolorlogos/paint_idris_blue_blue_blue_camo_logo.xml
Paint_Idris_Chrome_Chrome_Black_Logo,,manufacturer_NameAEGS,,manufacturer_DescAEGS,UI/SharedAssets/PaintColorLogos/Paint_Idris_Chrome_Chrome_Black.tif,,,,,,,d4a29f0d-bc3c-4594-8fa1-121a8328f646,libs/foundry/records/scitemmanufacturer/paintcolorlogos/paint_idris_chrome_chrome_black_logo.xml
Paint_Idris_FW2955_Grey_Black_Red_Camo_Logo,,manufacturer_NameAEGS,,manufacturer_DescAEGS,UI/SharedAssets/PaintColorLogos/Paint_Idris_FW2955_Grey_Black_Red_Camo_Icon.tif,,,,,,,87e34380-b9b4-43f9-b215-ec1ecfbe8ff7,libs/foundry/records/scitemmanufacturer/paintcolorlogos/paint_idris_fw2955_grey_black_red_camo_logo.xml
Paint_Idris_Grey_Green_Tan_Camo_Logo,,manufacturer_NameAEGS,,manufacturer_DescAEGS,UI/SharedAssets/PaintColorLogos/Paint_Idris_Grey_Green_Tan_Camo.tif,,,,,,,ba77c445-f29e-4a03-a174-d9571a741d70,libs/foundry/records/scitemmanufacturer/paintcolorlogos/paint_idris_grey_green_tan_camo_logo.xml
Paint_Intrepid_Black_Blue_Logo,,manufacturer_NameANVL,,manufacturer_DescANVL,UI/SharedAssets/PaintColorLogos/Paint_Intrepid_Black_Black_Blue_Icon.tif,,,,,,,f808de28-c6cc-42f3-b7bb-f1aa79edfab6,libs/foundry/records/scitemmanufacturer/paintcolorlogos/paint_intrepid_black_blue_logo.xml
Paint_Intrepid_Black_Gold_Logo,,manufacturer_NameANVL,,manufacturer_DescANVL,UI/SharedAssets/PaintColorLogos/Paint_Intrepid_Black_Black_Gold_Icon.tif,,,,,,,a906ed82-99e6-444b-8b63-9c8ad62ce64f,libs/foundry/records/scitemmanufacturer/paintcolorlogos/paint_intrepid_black_gold_logo.xml
Paint_Intrepid_Blue_Black_Gold_Logo,,manufacturer_NameANVL,,manufacturer_DescANVL,UI\SharedAssets\PaintColorLogos\paint_intrepid_blue_black_gold_icon.tif,,,,,,,97bb9845-3903-454c-8c95-717277683b67,libs/foundry/records/scitemmanufacturer/paintcolorlogos/paint_intrepid_blue_black_gold_logo.xml
Paint_Intrepid_Blue_White_Logo,,manufacturer_NameANVL,,manufacturer_DescANVL,UI/SharedAssets/PaintColorLogos/Paint_Intrepid_Blue_Blue_White_Icon.tif,,,,,,,7f2b8653-8bd8-472b-8c5e-1ac18f959dde,libs/foundry/records/scitemmanufacturer/paintcolorlogos/paint_intrepid_blue_white_logo.xml
Paint_Intrepid_Green_Black_Logo,,manufacturer_NameANVL,,manufacturer_DescANVL,UI/SharedAssets/PaintColorLogos/Paint_Intrepid_Green_Black_Green_Icon.tif,,,,,,,7fcaeea8-aeda-4275-8852-f5b56ed5635d,libs/foundry/records/scitemmanufacturer/paintcolorlogos/paint_intrepid_green_black_logo.xml
Paint_Intrepid_Silver_Teal_White_Logo,,manufacturer_NameANVL,,manufacturer_DescANVL,UI/SharedAssets/PaintColorLogos/Paint_Intrepid_Silver_Teal_White_Icon.tif,,,,,,,d3128cc3-2af0-4979-8813-b56e12df934b,libs/foundry/records/scitemmanufacturer/paintcolorlogos/paint_intrepid_silver_teal_white_logo.xml
Paint_Intrepid_White_Black_Red_Logo,,manufacturer_NameANVL,,manufacturer_DescANVL,UI/SharedAssets/PaintColorLogos/Paint_Intrepid_White_Black_Red_Icon.tif,,,,,,,9e048adc-cbd2-49d2-974a-a64305c3a20f,libs/foundry/records/scitemmanufacturer/paintcolorlogos/paint_intrepid_white_black_red_logo.xml
Paint_Ironclad_Beige_Beige_Beige_Logo,,manufacturer_NameAEGS,,manufacturer_DescAEGS,UI/SharedAssets/PaintColorLogos/paint_ironclad_beige_beige_beige_icon.tif,,,,,,,ffe88b88-1dde-482d-a0f0-b7e54f13e988,libs/foundry/records/scitemmanufacturer/paintcolorlogos/paint_ironclad_beige_beige_beige_logo.xml
Paint_Ironclad_Black_Black_Silver_Logo,,manufacturer_NameAEGS,,manufacturer_DescAEGS,UI/SharedAssets/PaintColorLogos/paint_ironclad_assault_black_silver_black_icon.tif,,,,,,,ed09dff2-7e12-4c5c-b317-e5571e28e874,libs/foundry/records/scitemmanufacturer/paintcolorlogos/paint_ironclad_black_black_silver_logo.xml
Paint_Ironclad_Cream_Silver_Silver_Logo,,manufacturer_NameAEGS,,manufacturer_DescAEGS,UI/SharedAssets/PaintColorLogos/paint_ironclad_cream_silver_silver_icon.tif,,,,,,,29c8bc01-d9c9-4638-9e35-7778ef83e34f,libs/foundry/records/scitemmanufacturer/paintcolorlogos/paint_ironclad_cream_silver_silver_logo.xml
Paint_Ironclad_Metal_Metal_Yellow_Logo,,manufacturer_NameAEGS,,manufacturer_DescAEGS,UI/SharedAssets/PaintColorLogos/paint_ironclad_metal_metal_yellow_icon.tif,,,,,,,03784d47-5f0e-4bab-9609-2ab99e502e5c,libs/foundry/records/scitemmanufacturer/paintcolorlogos/paint_ironclad_metal_metal_yellow_logo.xml
Paint_Ironclad_Olive_Olive_Yellow_Logo,,manufacturer_NameAEGS,,manufacturer_DescAEGS,UI/SharedAssets/PaintColorLogos/paint_ironclad_olive_olive_yellow_icon.tif,,,,,,,865ff53b-6080-4cbd-8536-f3e08aa6a414,libs/foundry/records/scitemmanufacturer/paintcolorlogos/paint_ironclad_olive_olive_yellow_logo.xml
Paint_L22_Wolf_blue_red_white_Stripes_Logo,,manufacturer_NameKRIG,,manufacturer_DescKRIG,UI/SharedAssets/PaintColorLogos/Paint_L22_Alpha_Wolf_blue_red_white.tif,,,,,,,fb0250f2-bcf7-4d71-aa46-ce33a3b1c4fc,libs/foundry/records/scitemmanufacturer/paintcolorlogos/paint_l22_wolf_blue_red_white_stripes_logo.xml
Paint_L22_Wolf_green_yellow_white_Camo_Logo,,manufacturer_NameKRIG,,manufacturer_DescKRIG,UI/SharedAssets/PaintColorLogos/Paint_L22_Alpha_Wolf_green_yellow_white.tif,,,,,,,23640c3c-d11e-46d3-87e3-64f049660aa5,libs/foundry/records/scitemmanufacturer/paintcolorlogos/paint_l22_wolf_green_yellow_white_camo_logo.xml
Paint_L22_Wolf_grey_black_orange_Camo_Logo,,manufacturer_NameKRIG,,manufacturer_DescKRIG,UI/SharedAssets/PaintColorLogos/Paint_L22_Alpha_Wolf_grey_black_orange.tif,,,,,,,c2dd657e-33dc-42f8-ba93-284a06ef1c41,libs/foundry/records/scitemmanufacturer/paintcolorlogos/paint_l22_wolf_grey_black_orange_camo_logo.xml
Paint_L22_Wolf_silver_yellow_white_Stripes_Logo,,manufacturer_NameKRIG,,manufacturer_DescKRIG,UI/SharedAssets/PaintColorLogos/Paint_L22_Alpha_silver_yellow_white.tif,,,,,,,34ae3ac6-4649-4f08-93e4-d972f0f44912,libs/foundry/records/scitemmanufacturer/paintcolorlogos/paint_l22_wolf_silver_yellow_white_stripes_logo.xml
Paint_L22_Wolf_white_grey_white_Spots_Logo,,manufacturer_NameKRIG,,manufacturer_DescKRIG,UI/SharedAssets/PaintColorLogos/Paint_L22_Alpha_Wolf_white_grey_white.tif,,,,,,,bb3b6f7c-bbdb-4512-81a4-c11c2ed727a6,libs/foundry/records/scitemmanufacturer/paintcolorlogos/paint_l22_wolf_white_grey_white_spots_logo.xml
Paint_Lightning_BIS2954_Logo,,manufacturer_NameANVL,,manufacturer_DescANVL,UI/SharedAssets/PaintColorLogos/Paint_Lightning_bis2954_Icon.tif,,,,,,,e5becefd-0572-4e11-a552-cbb62038cb29,libs/foundry/records/scitemmanufacturer/paintcolorlogos/paint_lightning_bis2954_logo.xml
Paint_Lightning_Black_Black_Green_Spec_Logo,,manufacturer_NameANVL,,manufacturer_DescANVL,UI/SharedAssets/PaintColorLogos/Paint_Lightning_Black_Black_Green_Spec_Icon.tif,,,,,,,40078910-20c6-4f7d-9698-8665b4ae0d70,libs/foundry/records/scitemmanufacturer/paintcolorlogos/paint_lightning_black_black_green_spec_logo.xml
Paint_Lightning_IAE_Black_Green_Green_Commemorative_Logo,,manufacturer_NameANVL,,manufacturer_DescANVL,UI/SharedAssets/PaintColorLogos/Paint_Anvl_F8_Lightining_IAE_Black_Green_Green_Commemorative_Icon.tif,,,,,,,e76b15f7-91c1-4b23-84d1-b55ad9027469,libs/foundry/records/scitemmanufacturer/paintcolorlogos/paint_lightning_iae_black_green_green_commemorative_logo.xml
Paint_Lightning_Lunar_2956_Red_Gold_Logo,,manufacturer_NameANVL,,manufacturer_DescANVL,UI/SharedAssets/PaintColorLogos/Paint_Lightning_lunar_2956_Icon.tif,,,,,,,02f0c434-2f5c-480b-9a05-3607627b3a99,libs/foundry/records/scitemmanufacturer/paintcolorlogos/paint_lightning_lunar_2956_red_gold_logo.xml
Paint_Lightning_Lunar_2956_Red_Gold_Rat_Logo,,manufacturer_NameANVL,,manufacturer_DescANVL,UI/SharedAssets/PaintColorLogos/Paint_Lightning_lunar_2956_rat_Icon.tif,,,,,,,b6958903-d78d-48ff-bbd6-35c261cd9f3a,libs/foundry/records/scitemmanufacturer/paintcolorlogos/paint_lightning_lunar_2956_red_gold_rat_logo.xml
Paint_Lightning_Platinum_Logo,,manufacturer_NameANVL,,manufacturer_DescANVL,UI/SharedAssets/PaintColorLogos/Paint_Lightning_Platinum_Icon.tif,,,,,,,4df56538-499e-42ac-a877-79c27447eb37,libs/foundry/records/scitemmanufacturer/paintcolorlogos/paint_lightning_platinum_logo.xml
Paint_Lynx_Purple_Black_Gold_Logo,,item_NameLynx_Paint_Purple_Black_Gold,,item_DescLynx_Paint_Purple_Black_Gold,UI/SharedAssets/PaintColorLogos/Paint_Lynx_Purple_Black_Gold_Icon.tif,,,,,,,26bfc3ec-426d-4651-90c3-67f8253563d3,libs/foundry/records/scitemmanufacturer/paintcolorlogos/paint_lynx_purple_black_gold_logo.xml
Paint_Lynx_Silver_Black_Silver_Logo,,item_NameLynx_Paint_Silver_Black_Silver,,item_DescLynx_Paint_Silver_Black_Silver,UI/SharedAssets/PaintColorLogos/Paint_Lynx_Silver_Black_Silver_Icon.tif,,,,,,,6f04fca1-b6e8-4f6d-8cac-6014fa492012,libs/foundry/records/scitemmanufacturer/paintcolorlogos/paint_lynx_silver_black_silver_logo.xml
Paint_Lynx_White_Blue_Blue_Logo,,item_NameLynx_Paint_White_Blue_Blue,,item_DescLynx_Paint_White_Blue_Blue,UI/SharedAssets/PaintColorLogos/Paint_Lynx_White_Blue_Blue_Icon.tif,,,,,,,a89d539d-0a5e-46d0-99f4-29216464286c,libs/foundry/records/scitemmanufacturer/paintcolorlogos/paint_lynx_white_blue_blue_logo.xml
Paint_M50_IAE2950_Grey_Blue_Logo,,manufacturer_NameOrigin,,manufacturer_DescOrigin,UI/SharedAssets/PaintColorLogos/Paint_M50_IAE2950_Grey_Blue_Icon.tif,,,,,,,8dc16fb2-77a2-48c2-b577-1e7780735a77,libs/foundry/records/scitemmanufacturer/paintcolorlogos/paint_m50_iae2950_grey_blue_logo.xml
Paint_M50_IAE2950_Grey_White_Logo,,manufacturer_NameOrigin,,manufacturer_DescOrigin,UI/SharedAssets/PaintColorLogos/Paint_M50_IAE2950_Grey_White_Icon.tif,,,,,,,a0fd63fa-038f-400c-8007-bdfb3c6a1c7d,libs/foundry/records/scitemmanufacturer/paintcolorlogos/paint_m50_iae2950_grey_white_logo.xml
Paint_M50_PirateWeek_Red_Black_Skull_Logo,,manufacturer_NameOrigin,,manufacturer_DescOrigin,UI/SharedAssets/PaintColorLogos/Paint_M50_Pirate_Red_Black_Icon.tif,,,,,,,c0723315-4430-4f7e-b3c8-e31690ae4ba4,libs/foundry/records/scitemmanufacturer/paintcolorlogos/paint_m50_pirateweek_red_black_skull_logo.xml
Paint_M50_Racing_Blue_Yellow_Yellow_Logo,,manufacturer_NameOrigin,,manufacturer_DescOrigin,UI/SharedAssets/PaintColorLogos/Paint_M50_Murrycup_Blue_Yellow_Yellow_Icon.tif,,,,,,,ee1ab8c8-06ae-404e-905c-b59cc8c5a777,libs/foundry/records/scitemmanufacturer/paintcolorlogos/paint_m50_racing_blue_yellow_yellow_logo.xml
Paint_M80_black_black_orange_Logo,,manufacturer_NameOrigin,,manufacturer_DescOrigin,UI/SharedAssets/PaintColorLogos/Paint_M80_Black_Black_Orange_Icon.tif,,,,,,,4894219a-64ef-411d-8299-9be182f3b804,libs/foundry/records/scitemmanufacturer/paintcolorlogos/paint_m80_black_black_orange_logo.xml
Paint_M80_black_darkgrey_lightgrey_camo_Logo,,manufacturer_NameOrigin,,manufacturer_DescOrigin,UI/SharedAssets/PaintColorLogos/Paint_M80_Black_DarkGrey_LightGrey_Camo_Icon.tif,,,,,,,6c019c4f-349e-480a-a32c-528fcd7e693d,libs/foundry/records/scitemmanufacturer/paintcolorlogos/paint_m80_black_darkgrey_lightgrey_camo_logo.xml
Paint_M80_red_black_blue_Logo,,manufacturer_NameOrigin,,manufacturer_DescOrigin,UI/SharedAssets/PaintColorLogos/Paint_M80_Red_Black_Blue_Icon.tif,,,,,,,05479d62-8e04-4b6a-9ea5-fced405dd394,libs/foundry/records/scitemmanufacturer/paintcolorlogos/paint_m80_red_black_blue_logo.xml
Paint_M80_teal_black_green_Logo,,manufacturer_NameOrigin,,manufacturer_DescOrigin,UI/SharedAssets/PaintColorLogos/Paint_M80_Teal_Black_Green_Icon.tif,,,,,,,57173151-0a92-445d-856c-2065d25f3282,libs/foundry/records/scitemmanufacturer/paintcolorlogos/paint_m80_teal_black_green_logo.xml
Paint_M80_white_white_blue_Logo,,manufacturer_NameOrigin,,manufacturer_DescOrigin,UI/SharedAssets/PaintColorLogos/Paint_M80_White_White_Blue_Icon.tif,,,,,,,89a792fe-8e67-4981-8153-ebaf9b111b39,libs/foundry/records/scitemmanufacturer/paintcolorlogos/paint_m80_white_white_blue_logo.xml
Paint_Mantis_IAE2950_Grey_Blue_Logo,,manufacturer_NameRSI,,manufacturer_DescRSI,UI/SharedAssets/PaintColorLogos/Paint_Mantis_IAE2950_Grey_Blue_Icon.tif,,,,,,,20399ab4-1530-4bd8-87cb-e300a58fc3b4,libs/foundry/records/scitemmanufacturer/paintcolorlogos/paint_mantis_iae2950_grey_blue_logo.xml
Paint_Mantis_IAE2950_Grey_White_Camo_Logo,,manufacturer_NameRSI,,manufacturer_DescRSI,UI/SharedAssets/PaintColorLogos/Paint_Mantis_IAE2950_Grey_White_Camo_Icon.tif,,,,,,,7884afbe-e2ff-4ebc-8133-3d8f8b177d73,libs/foundry/records/scitemmanufacturer/paintcolorlogos/paint_mantis_iae2950_grey_white_camo_logo.xml
Paint_Mantis_PirateWeek_Red_Black_Skull_Logo,,manufacturer_NameRSI,,manufacturer_DescRSI,UI/SharedAssets/PaintColorLogos/Paint_Mantis_Pirate_Red_Black_Icon.tif,,,,,,,583d3c3a-25a8-42b3-94cc-1fcc924fd0c2,libs/foundry/records/scitemmanufacturer/paintcolorlogos/paint_mantis_pirateweek_red_black_skull_logo.xml
Paint_Merlin_Luminalia_2954_Green_Red_Red_Logo,,manufacturer_NameARGO,,manufacturer_DescARGO,UI/SharedAssets/PaintColorLogos/Paint_Archimedes_Luminalia_2954_Green_Red.tif,,,,,,,85d78c40-c573-4102-b0c9-cdf30eb089f0,libs/foundry/records/scitemmanufacturer/paintcolorlogos/paint_merlin_luminalia_2954_green_red_red_logo.xml
Paint_Merlin_Luminalia_2954_White_Blue_Blue_Logo,,manufacturer_NameARGO,,manufacturer_DescARGO,UI/SharedAssets/PaintColorLogos/Paint_Archimedes_Luminalia_2954_White_Blue_Blue.tif,,,,,,,4245daf9-4499-4dbd-b25b-c63759fd4251,libs/foundry/records/scitemmanufacturer/paintcolorlogos/paint_merlin_luminalia_2954_white_blue_blue_logo.xml
Paint_Merlin_Racing_Yellow_Blue_White_Logo,,manufacturer_DescKRIG,,manufacturer_DescKRIG,UI/SharedAssets/PaintColorLogos/Paint_Archimedes_Racing_Yellow_Blue_White_B_Icon.tif,,,,,,,4c30863d-bf50-4add-badf-105fda18585d,libs/foundry/records/scitemmanufacturer/paintcolorlogos/paint_merlin_racing_yellow_blue_white_logo.xml
Paint_Merlin_StellaFortuna2955_Green_Logo,,manufacturer_DescKRIG,,manufacturer_DescKRIG,UI/SharedAssets/PaintColorLogos/Paint_Merlin_StellaFortuna2955_Green_Icon.tif,,,,,,,f2c15e22-c96f-459c-a330-6b7ef3aa34d3,libs/foundry/records/scitemmanufacturer/paintcolorlogos/paint_merlin_stellafortuna2955_green_logo.xml
Paint_Meteor_Black_Black_Red_Camo_Logo,,manufacturer_NameRSI,,manufacturer_DescRSI,UI/SharedAssets/PaintColorLogos/Paint_Meteor_Black_Black_Red_Camo_Icon.tif,,,,,,,d0bbf04c-bbea-4458-98be-7f3d976f63e5,libs/foundry/records/scitemmanufacturer/paintcolorlogos/paint_meteor_black_black_red_camo_logo.xml
Paint_Meteor_Black_Red_Red_Logo,,manufacturer_NameRSI,,manufacturer_DescRSI,UI/SharedAssets/PaintColorLogos/Paint_Meteor_Black_Black_Red_Icon.tif,,,,,,,d2b44d32-bc26-4e37-80f1-7e86d3f12e18,libs/foundry/records/scitemmanufacturer/paintcolorlogos/paint_meteor_black_red_red_logo.xml
Paint_Meteor_Black_Teal_Black_Logo,,manufacturer_NameRSI,,manufacturer_DescRSI,UI/SharedAssets/PaintColorLogos/Paint_Meteor_Black_Teal_Black_Icon.tif,,,,,,,9a74ff05-301d-4ca4-8907-60f16239fc00,libs/foundry/records/scitemmanufacturer/paintcolorlogos/paint_meteor_black_teal_black_logo.xml
Paint_Meteor_Blue_Black_Red_Metal_Logo,,manufacturer_NameRSI,,manufacturer_DescRSI,UI/SharedAssets/PaintColorLogos/Paint_Meteor_Blue_Black_Red_Icon.tif,,,,,,,ac07ad20-8bb5-4a6d-a39c-8aee7b81910f,libs/foundry/records/scitemmanufacturer/paintcolorlogos/paint_meteor_blue_black_red_metal_logo.xml
Paint_Meteor_VIP_Black_Black_Gold_Logo,,manufacturer_NameRSI,,manufacturer_DescRSI,UI/SharedAssets/PaintColorLogos/Paint_Meteor_Black_Black_Gold_Icon.tif,,,,,,,90b3e6e0-7ba9-414c-8a6c-28d7050222bc,libs/foundry/records/scitemmanufacturer/paintcolorlogos/paint_meteor_vip_black_black_gold_logo.xml
Paint_Mole_Aphorite_Purple_Logo,,manufacturer_NameARGO,,manufacturer_DescARGO,UI/SharedAssets/PaintColorLogos/Paint_Mole_Sub_Mining_01_2022_Aphorite_Icon.tif,,,,,,,ac87c5a1-28c9-42ef-8cdc-0ec6c2e38507,libs/foundry/records/scitemmanufacturer/paintcolorlogos/paint_mole_aphorite_purple_logo.xml
Paint_Mole_Black_VIP_Logo,,manufacturer_NameARGO,,manufacturer_DescARGO,UI/SharedAssets/PaintColorLogos/Paint_Mole_Black_VIP_Icon.tif,,,,,,,80aa3e45-ad1c-4fff-b757-7ad65c33fa0e,libs/foundry/records/scitemmanufacturer/paintcolorlogos/paint_mole_black_vip_logo.xml
Paint_Mole_Bronze_Black_Brown_Logo,,manufacturer_NameARGO,,manufacturer_DescARGO,UI/SharedAssets/PaintColorLogos/Paint_Mole_Shubin_Bronze_Black_Brown_Icon.tif,,,,,,,bab8b6b4-a05c-49e6-b95e-114242897a4a,libs/foundry/records/scitemmanufacturer/paintcolorlogos/paint_mole_bronze_black_brown_logo.xml
Paint_Mole_Dolivine_Green_Logo,,manufacturer_NameARGO,,manufacturer_DescARGO,UI/SharedAssets/PaintColorLogos/Paint_Mole_Sub_Mining_01_2022_Dolivine_Icon.tif,,,,,,,c5b352f7-237e-4b5e-8fcb-c0bfd9c8589c,libs/foundry/records/scitemmanufacturer/paintcolorlogos/paint_mole_dolivine_green_logo.xml
Paint_Mole_Grey_Logo,,manufacturer_NameARGO,,manufacturer_DescARGO,UI/SharedAssets/PaintColorLogos/Paint_Mole_Grey_Icon.tif,,,,,,,8bde85b3-1d51-42b9-bfe9-33a8ac491415,libs/foundry/records/scitemmanufacturer/paintcolorlogos/paint_mole_grey_logo.xml
Paint_Mole_Hadanite_Pink_Logo,,manufacturer_NameARGO,,manufacturer_DescARGO,UI/SharedAssets/PaintColorLogos/Paint_Mole_Sub_Mining_01_2022_Hadanite_Icon.tif,,,,,,,fbd7bccc-af03-4761-930c-4d390dcf14ac,libs/foundry/records/scitemmanufacturer/paintcolorlogos/paint_mole_hadanite_pink_logo.xml
Paint_MOLE_Lovestruck_Pink_Black_Logo,,manufacturer_NameARGO,,manufacturer_DescARGO,UI/SharedAssets/PaintColorLogos/Paint_Mole_Lovestruck_Purple_Pink_Icon.tif,,,,,,,e0e2f935-8c50-404c-aa29-40198fb95339,libs/foundry/records/scitemmanufacturer/paintcolorlogos/paint_mole_lovestruck_pink_black_logo.xml
Paint_MOLE_WorkersWeek_White_Blue_Blue_Logo,,manufacturer_NameARGO,,manufacturer_DescARGO,UI/SharedAssets/PaintColorLogos/Paint_Mole_Workers_Week_White_Blue_Blue_Icon.tif,,,,,,,58e559e3-dc44-4b95-ad8a-fde5f7e3a725,libs/foundry/records/scitemmanufacturer/paintcolorlogos/paint_mole_workersweek_white_blue_blue_logo.xml
Paint_Mole_Yellow_Black_Blue_Logo,,manufacturer_NameARGO,,manufacturer_DescARGO,UI/SharedAssets/PaintColorLogos/Paint_Mole_Pyrotechnic_A_Yellow_Black_Blue_Icon.tif,,,,,,,d53385bb-3b8f-42f3-a9a2-ec8e52b36352,libs/foundry/records/scitemmanufacturer/paintcolorlogos/paint_mole_yellow_black_blue_logo.xml
Paint_Mole_Yellow_Grey_Black_Logo,,manufacturer_NameARGO,,manufacturer_DescARGO,UI/SharedAssets/PaintColorLogos/Paint_Mole_Greycat_Yellow_Grey_Black_Icon.tif,,,,,,,f033f59d-0cdf-44a6-9190-6a94a34d923f,libs/foundry/records/scitemmanufacturer/paintcolorlogos/paint_mole_yellow_grey_black_logo.xml
Paint_Moth_blue_grey_green_Logo,,manufacturer_NameMISC,,manufacturer_DescMISC,UI/SharedAssets/PaintColorLogos/paint_argo_moth_blue_grey_green_icon.dds,,,,,,,1769a4cb-d782-4b73-8a9a-6cc5c4f93c7d,libs/foundry/records/scitemmanufacturer/paintcolorlogos/paint_moth_blue_grey_green_logo.xml
Paint_Moth_green_grey_orange_Logo,,manufacturer_NameMISC,,manufacturer_DescMISC,UI/SharedAssets/PaintColorLogos/paint_argo_moth_green_grey_orange_icon.dds,,,,,,,2f4e2475-c1c5-4699-8505-22a9dfa999f2,libs/foundry/records/scitemmanufacturer/paintcolorlogos/paint_moth_green_grey_orange_logo.xml
Paint_Moth_grey_grey_grey_Logo,,manufacturer_NameMISC,,manufacturer_DescMISC,UI/SharedAssets/PaintColorLogos/paint_argo_moth_grey_grey_grey_icon.dds,,,,,,,57f4f842-79b7-4f57-963c-0492cf57fa23,libs/foundry/records/scitemmanufacturer/paintcolorlogos/paint_moth_grey_grey_grey_logo.xml
Paint_Moth_orange_grey_black_Logo,,manufacturer_NameMISC,,manufacturer_DescMISC,UI/SharedAssets/PaintColorLogos/paint_argo_moth_orange_grey_black_icon.dds,,,,,,,52918d95-bab0-4c1b-ba97-155c58fdf336,libs/foundry/records/scitemmanufacturer/paintcolorlogos/paint_moth_orange_grey_black_logo.xml
Paint_Moth_pink_grey_black_iridescent_Logo,,manufacturer_NameMISC,,manufacturer_DescMISC,UI/SharedAssets/PaintColorLogos/paint_moth_pink_grey_black_iridescent_icon.tif,,,,,,,7cc324ca-cf32-4638-9894-0db1d0090698,libs/foundry/records/scitemmanufacturer/paintcolorlogos/paint_moth_pink_grey_black_iridescent_logo.xml
Paint_Moth_white_grey_orange_Logo,,manufacturer_NameMISC,,manufacturer_DescMISC,UI/SharedAssets/PaintColorLogos/paint_argo_moth_white_grey_orange_icon.dds,,,,,,,389cfdaa-8b16-49f4-8de7-1c1cac49a6c1,libs/foundry/records/scitemmanufacturer/paintcolorlogos/paint_moth_white_grey_orange_logo.xml
Paint_MPUV_1T_Lightgrey_Grey_Logo,,manufacturer_NameARGO,,manufacturer_DescARGO,UI/SharedAssets/PaintColorLogos/Paint_MPUV_1T_Lightgrey_Grey_Icon.tif,,,,,,,a6d0f0c3-f91c-4900-8b74-69b97d20eca7,libs/foundry/records/scitemmanufacturer/paintcolorlogos/paint_mpuv_1t_lightgrey_grey_logo.xml
Paint_MPUV_1T_Red_Black_Metallic_Logo,,manufacturer_NameARGO,,manufacturer_DescARGO,UI/SharedAssets/PaintColorLogos/Paint_MPUV_1T_Red_Black_Metallic_Icon.tif,,,,,,,4ec4f9c5-b74d-4b37-936b-1974dec78791,libs/foundry/records/scitemmanufacturer/paintcolorlogos/paint_mpuv_1t_red_black_metallic_logo.xml
Paint_MPUV_1T_Yellow_Black_Logo,,manufacturer_NameARGO,,manufacturer_DescARGO,UI/SharedAssets/PaintColorLogos/Paint_MPUV_1T_Yellow_Black_Icon.tif,,,,,,,c794f8e3-c94b-476a-9306-4e508222533d,libs/foundry/records/scitemmanufacturer/paintcolorlogos/paint_mpuv_1t_yellow_black_logo.xml
Paint_MPUV_BIS2951_Logo,,manufacturer_NameARGO,,manufacturer_DescARGO,UI/SharedAssets/PaintColorLogos/Paint_MPUV_BIS_2021_Blue_DarkBlue_Icon.tif,,,,,,,a59b216c-385e-4c17-a8b3-46ce9d5ed4a4,libs/foundry/records/scitemmanufacturer/paintcolorlogos/paint_mpuv_bis2951_logo.xml
Paint_MPUV_FW2955_Grey_Black_Red_Camo_Logo,,manufacturer_NameARGO,,manufacturer_DescARGO,UI/SharedAssets/PaintColorLogos/Paint_MPUV_FW2955_Grey_Black_Red_Camo_Icon.tif,,,,,,,a186fc3f-3ff2-4ac5-9843-7c0b08dbcc5f,libs/foundry/records/scitemmanufacturer/paintcolorlogos/paint_mpuv_fw2955_grey_black_red_camo_logo.xml
Paint_MPUV_Lovestruck_Pink_Black_Logo,,manufacturer_NameARGO,,manufacturer_DescARGO,UI/SharedAssets/PaintColorLogos/Paint_MPUV_Lovestruck_Purple_Pink_Icon.tif,,,,,,,e6e27811-b3d3-4d47-9563-b922b3c52c4c,libs/foundry/records/scitemmanufacturer/paintcolorlogos/paint_mpuv_lovestruck_pink_black_logo.xml
Paint_MTC_Beige_Grey_Red_Headhunters_Logo,,manufacturer_NameGRIN,,manufacturer_DescGRIN,UI/SharedAssets/PaintColorLogos/paint_mtc_beige_grey_red_headhunters_icon.tif,,,,,,,c4828f8f-94e8-4e35-ae72-3c1bf6415b49,libs/foundry/records/scitemmanufacturer/paintcolorlogos/paint_mtc_beige_grey_red_headhunters_logo.xml
Paint_MTC_black_black_gold_solid_Logo,,manufacturer_NameGRIN,,manufacturer_DescGRIN,UI/SharedAssets/PaintColorLogos/paint_grin_mtc_black_black_gold_solid_icon.tif,,,,,,,5334d75a-a7bb-4c7c-98ff-fb8b743b12c5,libs/foundry/records/scitemmanufacturer/paintcolorlogos/paint_mtc_black_black_gold_solid_logo.xml
Paint_MTC_Black_Grey_Blue_Solid_Logo,,manufacturer_NameGRIN,,manufacturer_DescGRIN,UI/SharedAssets/PaintColorLogos/Paint_MTC_Black_Grey_Blue_Icon.tif,,,,,,,3bc8e00f-1e19-44ef-a1c1-f21c98cb82b1,libs/foundry/records/scitemmanufacturer/paintcolorlogos/paint_mtc_black_grey_blue_solid_logo.xml
Paint_MTC_Black_Grey_Red_Camo_Logo,,manufacturer_NameGRIN,,manufacturer_DescGRIN,UI/SharedAssets/PaintColorLogos/Paint_MTC_Black_Grey_Red_Camo_Icon.tif,,,,,,,ea423048-70aa-4773-814e-c2f2d1e177fd,libs/foundry/records/scitemmanufacturer/paintcolorlogos/paint_mtc_black_grey_red_camo_logo.xml
Paint_MTC_brown_brown_red_camo_a_Logo,,manufacturer_NameGRIN,,manufacturer_DescGRIN,UI/SharedAssets/PaintColorLogos/paint_grin_mtc_brown_brown_red_camo_a_icon.tif,,,,,,,2ce95598-54ec-4119-bd14-e529e4151cb8,libs/foundry/records/scitemmanufacturer/paintcolorlogos/paint_mtc_brown_brown_red_camo_a_logo.xml
Paint_MTC_Green_Black_Grey_cfp_Logo,,manufacturer_NameGRIN,,manufacturer_DescGRIN,UI/SharedAssets/PaintColorLogos/paint_mtc_green_black_grey_cfp_icon.tif,,,,,,,31ff9901-d502-453d-a62a-1ecb78b14b5f,libs/foundry/records/scitemmanufacturer/paintcolorlogos/paint_mtc_green_black_grey_cfp_logo.xml
Paint_MTC_Grey_Black_Red_Solid_Logo,,manufacturer_NameGRIN,,manufacturer_DescGRIN,UI/SharedAssets/PaintColorLogos/Paint_MTC_Grey_Black_Red_Icon.tif,,,,,,,6e6e54fc-6cf5-4bf6-8dc2-3c94722c7223,libs/foundry/records/scitemmanufacturer/paintcolorlogos/paint_mtc_grey_black_red_solid_logo.xml
Paint_MTC_Grey_Black_Yellow_Solid_Logo,,manufacturer_NameGRIN,,manufacturer_DescGRIN,UI/SharedAssets/PaintColorLogos/Paint_MTC_Grey_Black_Yellow_Icon.tif,,,,,,,d8ed37e2-64dc-42bc-a4f4-ea884f57a3d4,libs/foundry/records/scitemmanufacturer/paintcolorlogos/paint_mtc_grey_black_yellow_solid_logo.xml
Paint_MTC_grey_grey_red_camo_a_Logo,,manufacturer_NameGRIN,,manufacturer_DescGRIN,UI/SharedAssets/PaintColorLogos/paint_grin_mtc_grey_grey_red_camo_a_icon.tif,,,,,,,1b9f82a8-a230-4a0a-8beb-0ef5f400e3c6,libs/foundry/records/scitemmanufacturer/paintcolorlogos/paint_mtc_grey_grey_red_camo_a_logo.xml
Paint_MTC_Grey_Lightgrey_Orange_Solid_Logo,,manufacturer_NameGRIN,,manufacturer_DescGRIN,UI/SharedAssets/PaintColorLogos/Paint_MTC_Grey_Lightgrey_Orange_Icon.tif,,,,,,,e53d11fa-b750-417c-b492-8712d3184353,libs/foundry/records/scitemmanufacturer/paintcolorlogos/paint_mtc_grey_lightgrey_orange_solid_logo.xml
Paint_MTC_lightgrey_lightgrey_red_solid_Logo,,manufacturer_NameGRIN,,manufacturer_DescGRIN,UI/SharedAssets/PaintColorLogos/paint_grin_mtc_lightgrey_lightgrey_red_solid_icon.tif,,,,,,,f9ccd0e6-215d-4ebd-b169-926013bef9e9,libs/foundry/records/scitemmanufacturer/paintcolorlogos/paint_mtc_lightgrey_lightgrey_red_solid_logo.xml
Paint_Mule_Black_Cherry_Logo,,manufacturer_NameDRAK,,manufacturer_DescDRAK,UI/SharedAssets/PaintColorLogos/Paint_Mule_Reburn_Black_Cherry_Icon.tif,,,,,,,3427b42d-06fa-4a2d-a855-e64e60470d9a,libs/foundry/records/scitemmanufacturer/paintcolorlogos/paint_mule_black_cherry_logo.xml
Paint_Mule_Black_White_Logo,,manufacturer_NameDRAK,,manufacturer_DescDRAK,UI/SharedAssets/PaintColorLogos/Paint_Mule_Silverback_Black_White_Icon.tif,,,,,,,a50d1fb6-3096-438e-a7aa-264092055029,libs/foundry/records/scitemmanufacturer/paintcolorlogos/paint_mule_black_white_logo.xml
Paint_Mule_Ghoulish_Green_Logo,,manufacturer_NameDRAK,,manufacturer_DescDRAK,UI/SharedAssets/PaintColorLogos/Paint_Mule_Ghoulish_Green_Icon.tif,,,,,,,4ed5a497-a67c-437b-9e48-68fd3145ab81,libs/foundry/records/scitemmanufacturer/paintcolorlogos/paint_mule_ghoulish_green_logo.xml
Paint_Mule_Olive_Green_Logo,,manufacturer_NameDRAK,,manufacturer_DescDRAK,UI/SharedAssets/PaintColorLogos/Paint_Mule_Bushwacker_Olive_Green_Icon.tif,,,,,,,2bf867fa-169a-44ed-9dcc-96f23a18adb8,libs/foundry/records/scitemmanufacturer/paintcolorlogos/paint_mule_olive_green_logo.xml
Paint_Mule_Silver_Black_Logo,,manufacturer_NameDRAK,,manufacturer_DescDRAK,UI/SharedAssets/PaintColorLogos/Paint_Mule_Smokestack_Silver_Black_Icon.tif,,,,,,,dac211a9-18d1-4472-b041-d6a9749793ed,libs/foundry/records/scitemmanufacturer/paintcolorlogos/paint_mule_silver_black_logo.xml
Paint_Mustang_IAE_2952_Yellow_Logo,,manufacturer_NameCNOU,,manufacturer_DescCNOU,UI/SharedAssets/PaintColorLogos/Paint_Mustang_IAE_2952_Yellow_Icon.tif,,,,,,,e2f99042-d2f4-4c6b-b153-563ffdf93d55,libs/foundry/records/scitemmanufacturer/paintcolorlogos/paint_mustang_iae_2952_yellow_logo.xml
Paint_Mustang_IAE2951_Black_Blue,,manufacturer_NameCNOU,,manufacturer_DescCNOU,UI/SharedAssets/PaintColorLogos/Paint_Mustang_Stormbringer_Black_Blue_Icon.tif,,,,,,,9d252e3a-6f8b-4687-8a83-a90ed41bf313,libs/foundry/records/scitemmanufacturer/paintcolorlogos/paint_mustang_iae2951_black_blue.xml
Paint_Mustang_IAE2951_Grey_White_Logo,,manufacturer_NameCNOU,,manufacturer_DescCNOU,UI/SharedAssets/PaintColorLogos/Paint_Mustang_Polar_White_Grey_Icon.tif,,,,,,,df6e6e38-d2f3-4fd6-9741-bee2597fe574,libs/foundry/records/scitemmanufacturer/paintcolorlogos/paint_mustang_iae2951_grey_white_logo.xml
Paint_Mustang_Luminalia_2951_White_Blue_Logo,,manufacturer_NameCNOU,,manufacturer_DescCNOU,UI/SharedAssets/PaintColorLogos/Paint_Mustang_Luminalia_2021_White_Blue_Icon.tif,,,,,,,92e9e484-527e-47d8-82c0-0e8124f45794,libs/foundry/records/scitemmanufacturer/paintcolorlogos/paint_mustang_luminalia_2951_white_blue_logo.xml
Paint_Mustang_Racing_Yellow_Blue_White_Logo,,manufacturer_NameCNOU,,manufacturer_DescCNOU,UI/SharedAssets/PaintColorLogos/Paint_Mustang_Racing_Yellow_Blue_White_B_Icon.tif,,,,,,,cf28af6d-1ea4-462b-b391-f1152214b046,libs/foundry/records/scitemmanufacturer/paintcolorlogos/paint_mustang_racing_yellow_blue_white_logo.xml
Paint_Mustang_StellaFortuna2955_Green_Logo,,manufacturer_NameCNOU,,manufacturer_DescCNOU,UI/SharedAssets/PaintColorLogos/Paint_Mustang_StellaFortuna2955_Green_Icon.tif,,,,,,,4bfa2e2c-e882-4ca3-8ae6-16acffa66053,libs/foundry/records/scitemmanufacturer/paintcolorlogos/paint_mustang_stellafortuna2955_green_logo.xml
Paint_Nomad_Amber_Orange_White_Logo,,manufacturer_NameCNOU,,manufacturer_DescCNOU,UI/SharedAssets/PaintColorLogos/paint_nomad_amber_orange_white_icon.tif,,,,,,,b1fa1a3e-c91b-48a2-b6e3-7db95614abc1,libs/foundry/records/scitemmanufacturer/paintcolorlogos/paint_nomad_amber_orange_white_logo.xml
Paint_Nomad_Evergreen_Green_Yellow_Logo,,manufacturer_NameCNOU,,manufacturer_DescCNOU,UI/SharedAssets/PaintColorLogos/paint_nomad_evergreen_green_yellow_icon.tif,,,,,,,dd680564-554c-4f0b-b463-d7e3d3df9395,libs/foundry/records/scitemmanufacturer/paintcolorlogos/paint_nomad_evergreen_green_yellow_logo.xml
Paint_Nomad_IAE2950_Grey_White_Camo_Logo,,manufacturer_NameCNOU,,manufacturer_DescCNOU,UI/SharedAssets/PaintColorLogos/Paint_Nomad_IAE2950_Grey_White_Camo_Icon.tif,,,,,,,dfc8ddb1-808c-4a4f-8cff-1cdae68bc5fb,libs/foundry/records/scitemmanufacturer/paintcolorlogos/paint_nomad_iae2950_grey_white_camo_logo.xml
Paint_Nomad_Jackal_Black_Red_Logo,,manufacturer_NameCNOU,,manufacturer_DescCNOU,UI/SharedAssets/PaintColorLogos/Paint_Nomad_Jackal_Black_Red_Icon.tif,,,,,,,9f163dd4-9fea-4e9b-a2bb-6f9666c59a07,libs/foundry/records/scitemmanufacturer/paintcolorlogos/paint_nomad_jackal_black_red_logo.xml
Paint_Nomad_Lovestruck_Pink_Black_Logo,,manufacturer_NameCNOU,,manufacturer_DescCNOU,UI/SharedAssets/PaintColorLogos/paint_Nomad_Lovestruck_Purple_Pink_Icon.tif,,,,,,,2c3c2590-d21c-461e-82ca-7865c68d269f,libs/foundry/records/scitemmanufacturer/paintcolorlogos/paint_nomad_lovestruck_pink_black_logo.xml
Paint_Nomad_Luminalia_2952_Green_Red,,manufacturer_NameCNOU,,manufacturer_DescCNOU,UI/SharedAssets/PaintColorLogos/Paint_Nomad_Luminalia_2952_Green_Red_Icon.tif,,,,,,,0d5fe366-eb95-4e52-babd-17c3e56a367d,libs/foundry/records/scitemmanufacturer/paintcolorlogos/paint_nomad_luminalia_2952_green_red.xml
Paint_Nomad_Luminalia_2952_White_Blue,,manufacturer_NameCNOU,,manufacturer_DescCNOU,UI/SharedAssets/PaintColorLogos/Paint_Nomad_Luminalia_2952_White_Blue_Icon.tif,,,,,,,feda722f-cd23-4701-914a-a32805aebd02,libs/foundry/records/scitemmanufacturer/paintcolorlogos/paint_nomad_luminalia_2952_white_blue.xml
Paint_Nomad_LunarNewYear2951_Logo,,manufacturer_NameCNOU,,manufacturer_DescCNOU,UI/SharedAssets/PaintColorLogos/Paint_Nomad_LunarNewYear2951_icon.tif,,,,,,,9bfb6f9c-6a82-489d-b28b-f4bd7c4a53f1,libs/foundry/records/scitemmanufacturer/paintcolorlogos/paint_nomad_lunarnewyear2951_logo.xml
Paint_Nomad_Overdrive_White_Black_Pink_Logo,,manufacturer_NameCNOU,,manufacturer_DescCNOU,UI/SharedAssets/PaintColorLogos/paint_nomad_overdrive_white_black_pink_icon.tif,,,,,,,265816e3-a60b-4170-8f28-a7b35177ff9a,libs/foundry/records/scitemmanufacturer/paintcolorlogos/paint_nomad_overdrive_white_black_pink_logo.xml
Paint_Nomad_Unity2952_Metal_Teal_Grey_Logo,,manufacturer_NameCNOU,,manufacturer_DescCNOU,UI/SharedAssets/PaintColorLogos/Paint_Nomad_Unity_2952_Metal_Teal_Grey_Icon.tif,,,,,,,18babcc5-1fe8-4373-a345-89adb527326a,libs/foundry/records/scitemmanufacturer/paintcolorlogos/paint_nomad_unity2952_metal_teal_grey_logo.xml
Paint_Nova_Badlands_Tan_Logo,,manufacturer_NameACAS,,manufacturer_DescACAS,UI/SharedAssets/PaintColorLogos/paint_nova_badlands_tan_icon.tif,,,,,,,2dd848c1-5781-4072-9a76-9b541756d96e,libs/foundry/records/scitemmanufacturer/paintcolorlogos/paint_nova_badlands_tan_logo.xml
Paint_Nova_Ember_Storm_Tan_Red_Camo_Logo,,manufacturer_NameTMBL,,manufacturer_DescTMBL,UI/SharedAssets/PaintColorLogos/Paint_Nova_EmberStorm_Red_Camo_Icon.tif,,,,,,,91ae6db2-7819-46a2-8edb-c35fc93fa830,libs/foundry/records/scitemmanufacturer/paintcolorlogos/paint_nova_ember_storm_tan_red_camo_logo.xml
Paint_Nova_Fleetweek2021_Green_Orange_Logo,,manufacturer_NameOrigin,,manufacturer_DescOrigin,UI/SharedAssets/PaintColorLogos/Paint_Nova_Timberline_Green_Orange_Icon.tif,,,,,,,83514bdb-7214-4597-9a3e-aae7862fc6a3,libs/foundry/records/scitemmanufacturer/paintcolorlogos/paint_nova_fleetweek2021_green_orange_logo.xml
Paint_Nova_FW2955_Grey_Black_Red_Camo_Logo,,manufacturer_NameACAS,,manufacturer_DescACAS,UI/SharedAssets/PaintColorLogos/Paint_Nova_FW2955_Grey_Black_Red_Camo_Icon.tif,,,,,,,8abb6866-f789-404e-979c-dc0fbc65ac22,libs/foundry/records/scitemmanufacturer/paintcolorlogos/paint_nova_fw2955_grey_black_red_camo_logo.xml
Paint_Nova_Gunmetal_Silver_Logo,,manufacturer_NameACAS,,manufacturer_DescACAS,UI/SharedAssets/PaintColorLogos/Paint_Nova_Gunmetal_Grey_Icon.tif,,,,,,,808ed9c3-f898-42d4-b367-5c6eb8b10836,libs/foundry/records/scitemmanufacturer/paintcolorlogos/paint_nova_gunmetal_silver_logo.xml
Paint_Nova_Snowblind_Grey_Camo_Logo,,manufacturer_NameACAS,,manufacturer_DescACAS,UI/SharedAssets/PaintColorLogos/paint_nova_snowblind_grey_camo_icon.tif,,,,,,,fbd6db91-25f3-4f9c-a7e1-495bdcdf4112,libs/foundry/records/scitemmanufacturer/paintcolorlogos/paint_nova_snowblind_grey_camo_logo.xml
Paint_Nox_AlienWeek_Green_Red_Logo,,manufacturer_NameXNAA,,manufacturer_DescXNAA,UI/SharedAssets/PaintColorLogos/Paint_Nox_AlienWeek_Green_Red_Icon.tif,,,,,,,f6cf6471-9912-4a89-a6d4-f9f74cd402ee,libs/foundry/records/scitemmanufacturer/paintcolorlogos/paint_nox_alienweek_green_red_logo.xml
Paint_Nox_AlienWeek_Platinum_Silver_Purple_Mosaic_Logo,,manufacturer_NameXNAA,,manufacturer_DescXNAA,UI/SharedAssets/PaintColorLogos/Paint_Nox_AlienWeek_Platinum_Silver_Purple_Mosaic_Icon.tif,,,,,,,1de3bb64-5885-4528-be6b-a77166401786,libs/foundry/records/scitemmanufacturer/paintcolorlogos/paint_nox_alienweek_platinum_silver_purple_mosaic_logo.xml
Paint_Nox_Racing_Blue_Blue_Blue_TigerStripes_Logo,,manufacturer_NameXNAA,,manufacturer_DescXNAA,UI/SharedAssets/PaintColorLogos/Paint_Nox_Racing_Blue_Blue_Blue_Tigerstripes_Icon.tif,,,,,,,12642ae0-303e-4a79-9013-252b92b5490f,libs/foundry/records/scitemmanufacturer/paintcolorlogos/paint_nox_racing_blue_blue_blue_tigerstripes_logo.xml
Paint_Nox_Racing_Blue_White_Logo,,,,,UI/SharedAssets/PaintColorLogos/Paint_Nox_Racing_Blue_White_Icon.tif,,,,,,,f081c757-270e-4556-a9e5-619af7299085,libs/foundry/records/scitemmanufacturer/paintcolorlogos/paint_nox_racing_blue_white_logo.xml
Paint_Nox_Racing_Purple_White_Logo,,,,,UI/SharedAssets/PaintColorLogos/Paint_Nox_Racing_Purple_White_Icon.tif,,,,,,,7408bbba-d4a5-46db-b09a-536e836665fd,libs/foundry/records/scitemmanufacturer/paintcolorlogos/paint_nox_racing_purple_white_logo.xml
Paint_Nox_Racing_Red_Silver_Logo,,,,,UI/SharedAssets/PaintColorLogos/Paint_Nox_Racing_Red_Silver_Icon.tif,,,,,,,c06fbf77-e4a6-40d4-971f-b81750924a13,libs/foundry/records/scitemmanufacturer/paintcolorlogos/paint_nox_racing_red_silver_logo.xml
Paint_Nox_Racing_White_Pink_Blue_Logo,,manufacturer_NameOrigin,,manufacturer_DescOrigin,UI/SharedAssets/PaintColorLogos/Paint_Nox_Racing_White_Pink_Bue_Icon.tif,,,,,,,695094d3-f540-4cb5-840d-cd0867eff2d5,libs/foundry/records/scitemmanufacturer/paintcolorlogos/paint_nox_racing_white_pink_blue_logo.xml
Paint_Nox_Racing_Yellow_White_Grey_Stripes_Logo,,manufacturer_NameXNAA,,manufacturer_DescXNAA,UI/SharedAssets/PaintColorLogos/Paint_Nox_Racing_Yellow_White_Grey_Stripes_Icon.tif,,,,,,,4dfb7195-2036-43fe-90d4-97ffb04c29dc,libs/foundry/records/scitemmanufacturer/paintcolorlogos/paint_nox_racing_yellow_white_grey_stripes_logo.xml
Paint_Nox_Silver_Black_Logo,,,,,UI/SharedAssets/PaintColorLogos/Paint_Nox_Thli_Silver_Black_Icon.tif,,,,,,,228259b2-15ef-40d5-8052-2bdee7a1aed4,libs/foundry/records/scitemmanufacturer/paintcolorlogos/paint_nox_silver_black_logo.xml
Paint_Nox_Teal_Red_Logo,,manufacturer_NameXNAA,,manufacturer_DescXNAA,UI/SharedAssets/PaintColorLogos/Paint_Nox_Harmony_Teal_Red_Icon.tif,,,,,,,98e9ca48-f429-40e4-b8a3-7fe021467a14,libs/foundry/records/scitemmanufacturer/paintcolorlogos/paint_nox_teal_red_logo.xml
Paint_Paladin_black_black_black,,manufacturer_NameANVL,,manufacturer_DescANVL,UI/SharedAssets/PaintColorLogos/Paint_Paladin_Black_Black_Black_Icon.tif,,,,,,,add208ce-7e3c-4b80-9e29-fb2066be8bd0,libs/foundry/records/scitemmanufacturer/paintcolorlogos/paint_paladin_black_black_black.xml
Paint_Paladin_blue_black_black,,manufacturer_NameANVL,,manufacturer_DescANVL,UI/SharedAssets/PaintColorLogos/Paint_Paladin_Blue_Black_Black_Icon.tif,,,,,,,2b914f69-667a-420c-9b4a-915b12ab710f,libs/foundry/records/scitemmanufacturer/paintcolorlogos/paint_paladin_blue_black_black.xml
Paint_Paladin_Clean_Air_Black_Grey_Grey_Logo,,manufacturer_NameANVL,,manufacturer_DescANVL,UI/SharedAssets/PaintColorLogos/Paint_Paladin_Clean_Air_Black_Grey_Grey_Icon.tif,,,,,,,b63f94a8-29ad-4c66-875b-11cdda895909,libs/foundry/records/scitemmanufacturer/paintcolorlogos/paint_paladin_clean_air_black_grey_grey_logo.xml
Paint_Paladin_cream_yellow_green_Logo,,manufacturer_NameANVL,,manufacturer_DescANVL,UI/SharedAssets/PaintColorLogos/Paint_Paladin_Cream_Yellow_Green_Icon.tif,,,,,,,c7ba915a-d451-45fd-b434-e3c0e7a8c6a4,libs/foundry/records/scitemmanufacturer/paintcolorlogos/paint_paladin_cream_yellow_green_logo.xml
Paint_Paladin_grey_black_green_Logo,,manufacturer_NameANVL,,manufacturer_DescANVL,UI/SharedAssets/PaintColorLogos/Paint_Paladin_Grey_Black_Green_Icon.tif,,,,,,,90228a2f-8fe5-49d1-ac8b-aa7ce219f25c,libs/foundry/records/scitemmanufacturer/paintcolorlogos/paint_paladin_grey_black_green_logo.xml
Paint_Paladin_grey_black_red_Logo,,manufacturer_NameANVL,,manufacturer_DescANVL,UI/SharedAssets/PaintColorLogos/Paint_Paladin_Grey_Black_Red_Icon.tif,,,,,,,a03b0b00-fa56-4afb-89b4-ff0292e2c026,libs/foundry/records/scitemmanufacturer/paintcolorlogos/paint_paladin_grey_black_red_logo.xml
Paint_Paladin_white_black_grey,,manufacturer_NameANVL,,manufacturer_DescANVL,UI/SharedAssets/PaintColorLogos/Paint_Paladin_White_Black_Grey_Icon.tif,,,,,,,e9ebfedd-2e4a-4f73-b126-a9f367bda0d7,libs/foundry/records/scitemmanufacturer/paintcolorlogos/paint_paladin_white_black_grey.xml
Paint_Perseus_Beige_Beige_Beige_Logo,,manufacturer_NameRSI,,manufacturer_DescRSI,UI/SharedAssets/PaintColorLogos/Paint_Perseus_Beige_Beige_Beige_Icon.tif,,,,,,,ab2109a4-3daa-4a76-9d03-5c2a56acf04d,libs/foundry/records/scitemmanufacturer/paintcolorlogos/paint_perseus_beige_beige_beige_logo.xml
Paint_Perseus_Beige_Blue_Brown_Logo,,manufacturer_NameRSI,,manufacturer_DescRSI,UI/SharedAssets/PaintColorLogos/Paint_Perseus_Beige_Blue_Brown_Camo_Icon.tif,,,,,,,e07b477d-183b-4931-a5ca-602db1e25936,libs/foundry/records/scitemmanufacturer/paintcolorlogos/paint_perseus_beige_blue_brown_logo.xml
Paint_Perseus_Beige_Blue_Red_Logo,,manufacturer_NameRSI,,manufacturer_DescRSI,UI/SharedAssets/PaintColorLogos/Paint_Perseus_Beige_Blue_Red_Icon.tif,,,,,,,f94b938e-9af9-42c5-a3e5-6f1b4174ec7e,libs/foundry/records/scitemmanufacturer/paintcolorlogos/paint_perseus_beige_blue_red_logo.xml
Paint_Perseus_Beige_Green_Red_Logo,,manufacturer_NameRSI,,manufacturer_DescRSI,UI/SharedAssets/PaintColorLogos/Paint_Perseus_Beige_Green_Red_Icon.tif,,,,,,,badd6df8-6376-451a-8c05-91d701d4588f,libs/foundry/records/scitemmanufacturer/paintcolorlogos/paint_perseus_beige_green_red_logo.xml
Paint_Perseus_Black_Black_Red_Logo,,manufacturer_NameRSI,,manufacturer_DescRSI,UI/SharedAssets/PaintColorLogos/Paint_Perseus_Black_Black_Red_Icon.tif,,,,,,,66dde9ad-d005-434c-95a7-a811de0b7eff,libs/foundry/records/scitemmanufacturer/paintcolorlogos/paint_perseus_black_black_red_logo.xml
Paint_Perseus_Black_Grey_Grey_Logo,,manufacturer_NameRSI,,manufacturer_DescRSI,UI/SharedAssets/PaintColorLogos/Paint_Perseus_Black_Grey_Grey_Camo.tif,,,,,,,89dd6c9d-f805-4d01-95fb-2398eec7bec3,libs/foundry/records/scitemmanufacturer/paintcolorlogos/paint_perseus_black_grey_grey_logo.xml
Paint_Perseus_Black_Grey_White_Logo,,manufacturer_NameRSI,,manufacturer_DescRSI,UI/SharedAssets/PaintColorLogos/Paint_Perseus_Black_Grey_White_Camo_Icon.tif,,,,,,,cefe8c9d-b365-412a-94de-85bbf7b77067,libs/foundry/records/scitemmanufacturer/paintcolorlogos/paint_perseus_black_grey_white_logo.xml
Paint_Perseus_Blue_Blue_Black_Logo,,manufacturer_NameRSI,,manufacturer_DescRSI,UI/SharedAssets/PaintColorLogos/Paint_Perseus_Blue_Blue_Black_Camo_Icon.tif,,,,,,,52fb3c47-9062-4b6e-b748-d72f7f939c0c,libs/foundry/records/scitemmanufacturer/paintcolorlogos/paint_perseus_blue_blue_black_logo.xml
Paint_Perseus_Clean_Air_Black_Grey_Grey_Camo_Logo,,manufacturer_NameRSI,,manufacturer_DescRSI,UI/SharedAssets/PaintColorLogos/Paint_Perseus_Clean_Air_Black_Grey_Grey_Camo_Icon.tif,,,,,,,201f570e-8109-4400-bf8a-a42f25df5642,libs/foundry/records/scitemmanufacturer/paintcolorlogos/paint_perseus_clean_air_black_grey_grey_camo_logo.xml
Paint_Perseus_Gold_Marble_Gold_Logo,,manufacturer_NameRSI,,manufacturer_DescRSI,UI/SharedAssets/PaintColorLogos/Paint_Perseus_Gold_Marble_Gold_Icon.tif,,,,,,,ef634476-cd6a-4d9f-a1b6-0aae574de33f,libs/foundry/records/scitemmanufacturer/paintcolorlogos/paint_perseus_gold_marble_gold_logo.xml
Paint_Perseus_Green_Green_Black_Logo,,manufacturer_NameRSI,,manufacturer_DescRSI,UI/SharedAssets/PaintColorLogos/Paint_Perseus_Green_Green_Black_Camo_Icon.tif,,,,,,,f7e4c36b-da2c-4146-9907-fcc52aa1b65d,libs/foundry/records/scitemmanufacturer/paintcolorlogos/paint_perseus_green_green_black_logo.xml
Paint_Perseus_Grey_Black_White_Logo,,manufacturer_NameRSI,,manufacturer_DescRSI,UI/SharedAssets/PaintColorLogos/Paint_Perseus_Grey_Black_White_Icon.tif,,,,,,,b52cef30-3a6d-4945-80b7-2f773193bc22,libs/foundry/records/scitemmanufacturer/paintcolorlogos/paint_perseus_grey_black_white_logo.xml
Paint_Perseus_Grey_Blue_Red_Logo,,manufacturer_NameRSI,,manufacturer_DescRSI,UI/SharedAssets/PaintColorLogos/Paint_Perseus_Grey_Blue_Red_Icon.tif,,,,,,,3c132c28-0f09-4b65-ac0a-c1ca0d7dc80c,libs/foundry/records/scitemmanufacturer/paintcolorlogos/paint_perseus_grey_blue_red_logo.xml
Paint_Perseus_Grey_Grey_Orange_Logo,,manufacturer_NameRSI,,manufacturer_DescRSI,UI/SharedAssets/PaintColorLogos/Paint_Perseus_Grey_Grey_Orange_Icon.tif,,,,,,,991d2ffa-4de4-4a97-96d7-84b3c32834d8,libs/foundry/records/scitemmanufacturer/paintcolorlogos/paint_perseus_grey_grey_orange_logo.xml
Paint_Perseus_Red_Grey_Black_Logo,,manufacturer_NameRSI,,manufacturer_DescRSI,UI/SharedAssets/PaintColorLogos/Paint_Perseus_Red_Grey_Black_Icon.tif,,,,,,,1008e124-a6d7-4176-9e69-a00ec4fd5d51,libs/foundry/records/scitemmanufacturer/paintcolorlogos/paint_perseus_red_grey_black_logo.xml
Paint_Perseus_Red_White_Black_Logo,,manufacturer_NameRSI,,manufacturer_DescRSI,UI/SharedAssets/PaintColorLogos/Paint_Perseus_Red_White_Black_Camo_Icon.tif,,,,,,,bab6f7ab-7e99-44c9-91ef-b4cc22d11553,libs/foundry/records/scitemmanufacturer/paintcolorlogos/paint_perseus_red_white_black_logo.xml
Paint_Pisces_BIS2952_Black_Red_Logo,,manufacturer_NameANVL,,manufacturer_DescANVL,UI/SharedAssets/PaintColorLogos/Paint_Pisces_BIS_2952_Icon.tif,,,,,,,a7085be5-16a0-49de-9faf-e0493e5e73bb,libs/foundry/records/scitemmanufacturer/paintcolorlogos/paint_pisces_bis2952_black_red_logo.xml
Paint_Pisces_Blue_White_Logo,,manufacturer_NameANVL,,manufacturer_DescANVL,UI/SharedAssets/PaintColorLogos/Paint_Pisces_Blue_White_Icon.tif,,,,,,,cfcc693b-3332-4d1f-8e93-a0e0932b3393,libs/foundry/records/scitemmanufacturer/paintcolorlogos/paint_pisces_blue_white_logo.xml
Paint_Pisces_Fleetweek_Black_Red_Camo_Logo,,manufacturer_NameANVL,,manufacturer_DescANVL,UI/SharedAssets/PaintColorLogos/Paint_Pisces_Invictus_2952_Black_Red_Icon.tif,,,,,,,9aa08876-ec06-460f-b67c-b6782cfb9b00,libs/foundry/records/scitemmanufacturer/paintcolorlogos/paint_pisces_fleetweek_black_red_camo_logo.xml
Paint_Pisces_Fleetweek_Blue_Gold_Logo,,manufacturer_NameANVL,,manufacturer_DescANVL,UI/SharedAssets/PaintColorLogos/Paint_Pisces_Invictus_2952_Blue_Gold_Icon.tif,,,,,,,001fcf75-6e20-4d0f-a78f-3fd6f5403113,libs/foundry/records/scitemmanufacturer/paintcolorlogos/paint_pisces_fleetweek_blue_gold_logo.xml
Paint_Pisces_Fleetweek_Grey_Green_Camo_Logo,,manufacturer_NameANVL,,manufacturer_DescANVL,UI/SharedAssets/PaintColorLogos/Paint_Pisces_Invictus_2952_Grey_Green_Icon.tif,,,,,,,46acd0e9-6ac8-48c3-a8cb-6807fa0da42b,libs/foundry/records/scitemmanufacturer/paintcolorlogos/paint_pisces_fleetweek_grey_green_camo_logo.xml
Paint_Pisces_LunarNewYear_Red_Gold_Logo,,manufacturer_NameANVL,,manufacturer_DescANVL,UI/SharedAssets/PaintColorLogos/Paint_Pisces_Luna_2953_Red.tif,,,,,,,31bc915d-e4fe-4dfb-9a56-c1f77003fc41,libs/foundry/records/scitemmanufacturer/paintcolorlogos/paint_pisces_lunarnewyear_red_gold_logo.xml
Paint_Pisces_Red_Black_Stripe_Logo,,manufacturer_NameANVL,,manufacturer_DescANVL,UI/SharedAssets/PaintColorLogos/Paint_Pisces_Red_Black_Stripe_Icon.tif,,,,,,,3ada27e1-b048-43b3-a912-25feab72e1ee,libs/foundry/records/scitemmanufacturer/paintcolorlogos/paint_pisces_red_black_stripe_logo.xml
Paint_Pisces_Reward_Citizens_For_Prosperity_Logo,,manufacturer_NameANVL,,manufacturer_DescANVL,UI/SharedAssets/PaintColorLogos/Paint_Pisces_Citizens_For_Prosperity_Icon.tif,,,,,,,190bb2a4-892a-464d-94d9-1c2dc37b8183,libs/foundry/records/scitemmanufacturer/paintcolorlogos/paint_pisces_reward_citizens_for_prosperity_logo.xml
Paint_Pisces_Reward_Faction_Citizens_For_Prosperity_Logo,,manufacturer_NameANVL,,manufacturer_DescANVL,UI/SharedAssets/PaintColorLogos/Paint_Pisces_Citizens_For_Prosperity_Icon.tif,,,,,,,0e3c13f2-52dd-4833-957d-b84b245c8c62,libs/foundry/records/scitemmanufacturer/paintcolorlogos/paint_pisces_reward_faction_citizens_for_prosperity_logo.xml
Paint_Pisces_Reward_Faction_Frontier_Fighters_Logo,,manufacturer_NameANVL,,manufacturer_DescANVL,UI/SharedAssets/PaintColorLogos/Paint_Pisces_Frontier_Fighters_Icon.tif,,,,,,,3ee12475-93bb-4a5d-8af1-234d1b5c2d9a,libs/foundry/records/scitemmanufacturer/paintcolorlogos/paint_pisces_reward_faction_frontier_fighters_logo.xml
Paint_Pisces_Reward_Faction_Head_Hunters_Logo,,manufacturer_NameANVL,,manufacturer_DescANVL,UI/SharedAssets/PaintColorLogos/Paint_Pisces_Head_Hunters_Icon.tif,,,,,,,b1ba1913-9243-463f-bef7-29cf2805f5d5,libs/foundry/records/scitemmanufacturer/paintcolorlogos/paint_pisces_reward_faction_head_hunters_logo.xml
Paint_Pisces_Reward_Faction_Xeno_Threat_Logo,,manufacturer_NameANVL,,manufacturer_DescANVL,UI/SharedAssets/PaintColorLogos/Paint_Pisces_Xeno_Threat_Icon.tif,,,,,,,e332abed-46a1-4b9a-893b-fde4ba1ba9da,libs/foundry/records/scitemmanufacturer/paintcolorlogos/paint_pisces_reward_faction_xeno_threat_logo.xml
Paint_Pisces_White_Red_Logo,,manufacturer_NameANVL,,manufacturer_DescANVL,UI/SharedAssets/PaintColorLogos/Paint_Pisces_White_Red_Icon.tif,,,,,,,2b9ccaa8-8389-4131-af98-e27979a82acd,libs/foundry/records/scitemmanufacturer/paintcolorlogos/paint_pisces_white_red_logo.xml
Paint_Pitbull_Cream_Silver_Silver_Logo,,manufacturer_NameACAS,,manufacturer_DescACAS,UI/SharedAssets/PaintColorLogos/paint_drak_pitbull_cream_silver_silver_icon.tif,,,,,,,880ff586-b6f8-488d-919b-c6cc5b67535c,libs/foundry/records/scitemmanufacturer/paintcolorlogos/paint_pitbull_cream_silver_silver_logo.xml
Paint_Pitbull_Metal_Metal_Yellow_Logo,,manufacturer_NameACAS,,manufacturer_DescACAS,UI/SharedAssets/PaintColorLogos/paint_drak_pitbull_metal_metal_yellow_icon.tif,,,,,,,7c78956b-d39c-4c43-8a2d-5154b9b5dda8,libs/foundry/records/scitemmanufacturer/paintcolorlogos/paint_pitbull_metal_metal_yellow_logo.xml
Paint_Pitbull_Red_Black_Black_Logo,,manufacturer_NameACAS,,manufacturer_DescACAS,UI/SharedAssets/PaintColorLogos/paint_drak_pitbull_red_black_black_icon.tif,,,,,,,4a20b298-f7fb-4915-8a5f-c2f4dea66077,libs/foundry/records/scitemmanufacturer/paintcolorlogos/paint_pitbull_red_black_black_logo.xml
Paint_Pitbull_Yellow_Black_Black_Logo,,manufacturer_NameACAS,,manufacturer_DescACAS,UI/SharedAssets/PaintColorLogos/paint_drak_pitbull_yellow_black_black_icon.tif,,,,,,,aacf855e-1c0a-4532-91cc-9af8791c033a,libs/foundry/records/scitemmanufacturer/paintcolorlogos/paint_pitbull_yellow_black_black_logo.xml
Paint_Polaris_BIS2955_Orange_Black_Orange_Logo,,manufacturer_NameRSI,,manufacturer_DescRSI,UI/SharedAssets/PaintColorLogos/paint_polaris_bis2025_orange_black_orange_icon.tif,,,,,,,6ff0c51c-8f80-44e9-8010-13ecc050154a,libs/foundry/records/scitemmanufacturer/paintcolorlogos/paint_polaris_bis2955_orange_black_orange_logo.xml
Paint_Polaris_Black_Grey_Gold_Logo,,manufacturer_NameDRAK,,manufacturer_DescDRAK,UI/SharedAssets/PaintColorLogos/Paint_Polaris_Black_Grey_Gold_Icon.tif,,,,,,,c3b1a67b-63a1-4720-93b2-02a0f775ccf3,libs/foundry/records/scitemmanufacturer/paintcolorlogos/paint_polaris_black_grey_gold_logo.xml
Paint_Polaris_Blue_Black_Yellow_Logo,,manufacturer_NameDRAK,,manufacturer_DescDRAK,UI/SharedAssets/PaintColorLogos/Paint_Polaris_Blue_Black_Yellow_Icon.tif,,,,,,,caea151a-fe40-49ec-9f9f-b7b834889015,libs/foundry/records/scitemmanufacturer/paintcolorlogos/paint_polaris_blue_black_yellow_logo.xml
Paint_Polaris_FW2955_Grey_Black_Red_Camo_Logo,,manufacturer_NameDRAK,,manufacturer_DescDRAK,UI/SharedAssets/PaintColorLogos/Paint_Polaris_FW2955_Grey_Black_Red_Camo_Icon.tif,,,,,,,c385961a-b7ce-4f05-953d-f28aa425ae3a,libs/foundry/records/scitemmanufacturer/paintcolorlogos/paint_polaris_fw2955_grey_black_red_camo_logo.xml
Paint_Polaris_Green_Green_Grey_Logo,,manufacturer_NameDRAK,,manufacturer_DescDRAK,UI/SharedAssets/PaintColorLogos/Paint_Polaris_Green_Green_Grey_Icon.tif,,,,,,,575c7545-dee7-489b-9b6b-85c703adfbc4,libs/foundry/records/scitemmanufacturer/paintcolorlogos/paint_polaris_green_green_grey_logo.xml
Paint_Polaris_Halloween25_Orange_Black_Logo,,manufacturer_NameDRAK,,manufacturer_DescDRAK,UI/SharedAssets/PaintColorLogos/Paint_Polaris_Halloween_Orange_Black_Icon.tif,,,,,,,dbf31d5c-5dc9-4b86-8f18-c9ebd8160e6c,libs/foundry/records/scitemmanufacturer/paintcolorlogos/paint_polaris_halloween25_orange_black_logo.xml
Paint_Prospector_Aphorite_Purple_Logo,,manufacturer_NameARGO,,manufacturer_DescARGO,UI/SharedAssets/PaintColorLogos/Paint_Prospector_Sub_Mining_01_2022_Aphorite_Icon.tif,,,,,,,750f9f18-108a-4968-887d-8c5a1f11b61b,libs/foundry/records/scitemmanufacturer/paintcolorlogos/paint_prospector_aphorite_purple_logo.xml
Paint_Prospector_Blue_Turquoise_Logo,,manufacturer_NameMISC,,manufacturer_DescMISC,UI/SharedAssets/PaintColorLogos/Paint_Prospector_Unity_Blue_Turquoise_Icon.tif,,,,,,,b65fd687-c4ab-45fd-bbaa-fd537da0e930,libs/foundry/records/scitemmanufacturer/paintcolorlogos/paint_prospector_blue_turquoise_logo.xml
Paint_Prospector_Dolivine_Green_Logo,,manufacturer_NameARGO,,manufacturer_DescARGO,UI/SharedAssets/PaintColorLogos/Paint_Prospector_Sub_Mining_01_2022_Dolivine_Icon.tif,,,,,,,f99a21fb-01b0-4899-a7e1-fab65c3a23ec,libs/foundry/records/scitemmanufacturer/paintcolorlogos/paint_prospector_dolivine_green_logo.xml
Paint_Prospector_Hadanite_Pink_Logo,,manufacturer_NameARGO,,manufacturer_DescARGO,UI/SharedAssets/PaintColorLogos/Paint_Prospector_Sub_Mining_01_2022_Hadanite_Icon.tif,,,,,,,40353f10-d886-40a9-ba35-4607d2233302,libs/foundry/records/scitemmanufacturer/paintcolorlogos/paint_prospector_hadanite_pink_logo.xml
Paint_Prospector_IAE_2952_Black_Logo,,manufacturer_NameARGO,,manufacturer_DescARGO,UI/SharedAssets/PaintColorLogos/Paint_Prospector_Unity_IAE_2952_Black_Icon.tif,,,,,,,090c8a87-7fd3-425b-a9bf-7e426243ac5a,libs/foundry/records/scitemmanufacturer/paintcolorlogos/paint_prospector_iae_2952_black_logo.xml
Paint_Prospector_IAE2950_Grey_Blue_Logo,,manufacturer_NameMISC,,manufacturer_DescMISC,UI/SharedAssets/PaintColorLogos/Paint_Prospector_IAE2950_Grey_Blue_Icon.tif,,,,,,,11dc1f3c-684f-49cb-a3a6-88c5edc51c76,libs/foundry/records/scitemmanufacturer/paintcolorlogos/paint_prospector_iae2950_grey_blue_logo.xml
Paint_Prospector_IAE2950_Grey_White_Logo,,manufacturer_NameMISC,,manufacturer_DescMISC,UI/SharedAssets/PaintColorLogos/Paint_Prospector_IAE2950_Grey_White_Icon.tif,,,,,,,593e8383-3341-4be0-90af-18962002dd48,libs/foundry/records/scitemmanufacturer/paintcolorlogos/paint_prospector_iae2950_grey_white_logo.xml
Paint_Prospector_Luminalia_2953_Green_Red_Logo,,manufacturer_NameMISC,,manufacturer_DescMISC,UI/SharedAssets/PaintColorLogos/Paint_Prospector_Luminalia_2952_green_red_Icon.tif,,,,,,,7167b385-3b06-4091-8550-b0808a59a43a,libs/foundry/records/scitemmanufacturer/paintcolorlogos/paint_prospector_luminalia_2953_green_red_logo.xml
Paint_Prospector_Luminalia_2953_White_Blue_Logo,,manufacturer_NameMISC,,manufacturer_DescMISC,UI/SharedAssets/PaintColorLogos/Paint_Prospector_Luminalia_2952_white_blue_Icon.tif,,,,,,,06dc23c5-755a-4264-a5fb-952c2f188e5b,libs/foundry/records/scitemmanufacturer/paintcolorlogos/paint_prospector_luminalia_2953_white_blue_logo.xml
Paint_Prospector_Scavengers_Black_Black_Black_Logo,,manufacturer_NameMISC,,manufacturer_DescMISC,UI/SharedAssets/PaintColorLogos/Paint_Prospector_Scavengers_Black_Black_Black_Icon.tif,,,,,,,f99523d6-5461-401e-a6b1-fd2eb2065011,libs/foundry/records/scitemmanufacturer/paintcolorlogos/paint_prospector_scavengers_black_black_black_logo.xml
Paint_Prospector_WorkersWeek_White_Blue_Blue_Logo,,manufacturer_NameMISC,,manufacturer_DescMISC,UI/SharedAssets/PaintColorLogos/Paint_Prospector_Workers_Week_White_Blue_Blue_Icon.tif,,,,,,,98836618-84d7-4ba8-9f8a-f42d7bcd626c,libs/foundry/records/scitemmanufacturer/paintcolorlogos/paint_prospector_workersweek_white_blue_blue_logo.xml
Paint_Prowler_AlienWeek_Green_Brown_Brown_Logo,,manufacturer_NameESPR,,manufacturer_DescESPR,UI/SharedAssets/PaintColorLogos/Paint_Prowler_AlienWeek2025_Green_Brown_Brown_Icon.tif,,,,,,,c46eea5d-b807-443d-8288-9c41e039e31d,libs/foundry/records/scitemmanufacturer/paintcolorlogos/paint_prowler_alienweek_green_brown_brown_logo.xml
Paint_Prowler_AlienWeek_Platinum_Silver_Purple_Mosaic_Logo,,manufacturer_NameESPR,,manufacturer_DescESPR,UI/SharedAssets/PaintColorLogos/Paint_Prowler_AlienWeek_Platinum_Silver_Purple_Mosaic_Icon.tif,,,,,,,a066efb1-5851-4a25-aeac-2635a94683d6,libs/foundry/records/scitemmanufacturer/paintcolorlogos/paint_prowler_alienweek_platinum_silver_purple_mosaic_logo.xml
Paint_Prowler_Green_Red_Logo,,manufacturer_NameESPR,,manufacturer_DescESPR,UI/SharedAssets/PaintColorLogos/Paint_Prowler_Ocellus_Green_Red_Icon.tif,,,,,,,1dfc110b-dcc0-4592-b815-22998f518b5d,libs/foundry/records/scitemmanufacturer/paintcolorlogos/paint_prowler_green_red_logo.xml
Paint_Prowler_Grey_Grey_Yellow_Camo_Logo,,manufacturer_NameESPR,,manufacturer_DescESPR,UI/SharedAssets/PaintColorLogos/Paint_Prowler_Grey_Grey_Yellow_Camo_Icon.tif,,,,,,,5cc74493-fc73-4faa-b3ae-0d61a2cccb5d,libs/foundry/records/scitemmanufacturer/paintcolorlogos/paint_prowler_grey_grey_yellow_camo_logo.xml
Paint_Prowler_IAE2950_Grey_Blue_Logo,,manufacturer_NameESPR,,manufacturer_DescESPR,UI/SharedAssets/PaintColorLogos/Paint_Prowler_IAE2950_Grey_Blue_Icon.tif,,,,,,,10a2a75f-ba80-4f39-8233-66d03af8d2e2,libs/foundry/records/scitemmanufacturer/paintcolorlogos/paint_prowler_iae2950_grey_blue_logo.xml
Paint_Prowler_IAE2950_Grey_White_Camo_Logo,,manufacturer_NameESPR,,manufacturer_DescESPR,UI/SharedAssets/PaintColorLogos/Paint_Prowler_IAE2950_Grey_White_Camo_Icon.tif,,,,,,,1359e6ad-10d8-44c8-aebd-0492adb80ef8,libs/foundry/records/scitemmanufacturer/paintcolorlogos/paint_prowler_iae2950_grey_white_camo_logo.xml
Paint_Prowler_IcySilver_Titanium_Titanium_Logo,,manufacturer_NameESPR,,manufacturer_DescESPR,UI/SharedAssets/PaintColorLogos/Paint_Prowler_utility_icysilver_titanium_titanium.tif,,,,,,,1faf4ac3-9160-4d59-a315-99a5ba85f691,libs/foundry/records/scitemmanufacturer/paintcolorlogos/paint_prowler_icysilver_titanium_titanium_logo.xml
Paint_Prowler_Orange_Gray_Lightgray_Logo,,manufacturer_NameESPR,,manufacturer_DescESPR,UI/SharedAssets/PaintColorLogos/Paint_Prowler_utility_orange_gray_lightgray.tif,,,,,,,0ea2ed59-6ee6-452f-8083-e940225b8e7b,libs/foundry/records/scitemmanufacturer/paintcolorlogos/paint_prowler_orange_gray_lightgray_logo.xml
Paint_Prowler_Orange_Gray_Orange_Logo,,manufacturer_NameESPR,,manufacturer_DescESPR,UI/SharedAssets/PaintColorLogos/Paint_Prowler_utility_orange_gray_orange.tif,,,,,,,6e7c6501-20ba-47d5-bdcf-a08c28b90af6,libs/foundry/records/scitemmanufacturer/paintcolorlogos/paint_prowler_orange_gray_orange_logo.xml
Paint_Prowler_Silver_Steel_Gunmetal_Logo,,manufacturer_NameESPR,,manufacturer_DescESPR,UI/SharedAssets/PaintColorLogos/Paint_Prowler_utility_silver_steel_gunmetal.tif,,,,,,,66148914-2d79-4232-9ee2-24c5549e2a9e,libs/foundry/records/scitemmanufacturer/paintcolorlogos/paint_prowler_silver_steel_gunmetal_logo.xml
Paint_Prowler_Silver_Titanium_Gold_Logo,,manufacturer_NameESPR,,manufacturer_DescESPR,UI/SharedAssets/PaintColorLogos/Paint_Prowler_utility_silver_titanium_gold.tif,,,,,,,22d002c2-6b88-46f5-8f80-58713d66a972,libs/foundry/records/scitemmanufacturer/paintcolorlogos/paint_prowler_silver_titanium_gold_logo.xml
Paint_Prowler_Tan_Brown_Cream_Logo,,manufacturer_NameESPR,,manufacturer_DescESPR,UI/SharedAssets/PaintColorLogos/Paint_Prowler_utility_tan_brown_cream.tif,,,,,,,04bbc83c-7944-43fc-b9b5-d1521261fee7,libs/foundry/records/scitemmanufacturer/paintcolorlogos/paint_prowler_tan_brown_cream_logo.xml
Paint_Prowler_Teal_Red_Logo,,manufacturer_NameESPR,,manufacturer_DescESPR,UI/SharedAssets/PaintColorLogos/Paint_Prowler_Harmony_Teal_Red_Icon.tif,,,,,,,2e61ca8a-0fc8-40ee-9463-77aab55a5b0a,libs/foundry/records/scitemmanufacturer/paintcolorlogos/paint_prowler_teal_red_logo.xml
Paint_Pulse_Black_Gold_Silver_Logo,,manufacturer_NameMRAI,,manufacturer_DescMRAI,UI/SharedAssets/PaintColorLogos/Paint_Pulse_Black_Gold_Silver_Icon.tif,,,,,,,742b1414-84cf-49a9-8b2c-2ea98f7b100e,libs/foundry/records/scitemmanufacturer/paintcolorlogos/paint_pulse_black_gold_silver_logo.xml
Paint_Pulse_Grey_Gold_Camo_Logo,,manufacturer_NameMRAI,,manufacturer_DescMRAI,UI/SharedAssets/PaintColorLogos/Paint_Pulse_Army_Grey_Icon.tif,,,,,,,71b5fe17-8797-4b2c-9e36-9369a4cea2cb,libs/foundry/records/scitemmanufacturer/paintcolorlogos/paint_pulse_grey_gold_camo_logo.xml
Paint_Pulse_Lunar_2956_Red_Gold_Logo,,manufacturer_NameMRAI,,manufacturer_DescMRAI,UI/SharedAssets/PaintColorLogos/Paint_Pulse_lunar_2956_Icon.tif,,,,,,,1b34a55b-b612-49b9-9af6-039a1a957125,libs/foundry/records/scitemmanufacturer/paintcolorlogos/paint_pulse_lunar_2956_red_gold_logo.xml
Paint_Pulse_Lunar_2956_Red_Gold_Rat_Logo,,manufacturer_NameMRAI,,manufacturer_DescMRAI,UI/SharedAssets/PaintColorLogos/Paint_Pulse_lunar_2956_rat_Icon.tif,,,,,,,36a6210d-0b87-48ee-bb65-545add1d3533,libs/foundry/records/scitemmanufacturer/paintcolorlogos/paint_pulse_lunar_2956_red_gold_rat_logo.xml
Paint_Pulse_Orange_Blue_Blue_Logo,,manufacturer_NameMRAI,,manufacturer_DescMRAI,UI/SharedAssets/PaintColorLogos/Paint_Pulse_Orange_Blue_Blue_Icon.tif,,,,,,,4f61a83b-16b4-4d72-96e6-639736639b03,libs/foundry/records/scitemmanufacturer/paintcolorlogos/paint_pulse_orange_blue_blue_logo.xml
Paint_Pulse_Red_Red_Red_Logo,,manufacturer_NameMRAI,,manufacturer_DescMRAI,UI/SharedAssets/PaintColorLogos/Paint_Pulse_Red_Red_Red_Icon.tif,,,,,,,a228f116-81f1-4a75-9333-c60df198c116,libs/foundry/records/scitemmanufacturer/paintcolorlogos/paint_pulse_red_red_red_logo.xml
Paint_Pulse_Silver_Black_Blue_Logo,,manufacturer_NameMRAI,,manufacturer_DescMRAI,UI/SharedAssets/PaintColorLogos/Paint_Pulse_Silver_Black_Blue_Icon.tif,,,,,,,e532d9b0-cae6-4e19-afb2-60ef368e85e5,libs/foundry/records/scitemmanufacturer/paintcolorlogos/paint_pulse_silver_black_blue_logo.xml
Paint_Pulse_Silver_Silver_Silver_Logo,,manufacturer_NameMRAI,,manufacturer_DescMRAI,UI/SharedAssets/PaintColorLogos/Paint_Pulse_Silver_Silver_Silver_Icon.tif,,,,,,,466a4115-dc20-47ac-b80c-f89c6e697003,libs/foundry/records/scitemmanufacturer/paintcolorlogos/paint_pulse_silver_silver_silver_logo.xml
Paint_Pulse_StellaFortuna2955_Green_Logo,,manufacturer_NameMRAI,,manufacturer_DescMRAI,UI/SharedAssets/PaintColorLogos/Paint_Pulse_StellaFortuna2955_Green_Icon.tif,,,,,,,44d542af-0335-44f7-853c-1034637bc636,libs/foundry/records/scitemmanufacturer/paintcolorlogos/paint_pulse_stellafortuna2955_green_logo.xml
Paint_Pulse_White_Pink_Blue_Logo,,manufacturer_NameMRAI,,manufacturer_DescMRAI,UI/SharedAssets/PaintColorLogos/Paint_Pulse_White_Pink_Blue_Icon.tif,,,,,,,45f33996-e9c3-3c41-21de-9dcf727f55ad,libs/foundry/records/scitemmanufacturer/paintcolorlogos/paint_pulse_white_pink_blue_logo.xml
Paint_RAFT_Black_Yellow_Logo,,item_NameRaft_Paint_Grey_LightGrey,,item_DescRaft_Paint_Grey_LightGrey,UI/SharedAssets/PaintColorLogos/Paint_Raft_Hazard_Black_Yellow_Icon.tif,,,,,,,40c80194-3749-4c55-ac36-732e83ccedc8,libs/foundry/records/scitemmanufacturer/paintcolorlogos/paint_raft_black_yellow_logo.xml
Paint_RAFT_Clean_Air_Green_Green_Yellow_Logo,,item_NameRaft_Paint_Clean_Air_Green_Green_Yellow,,item_DescRaft_Paint_Clean_Air_Green_Green_Yellow,UI/SharedAssets/PaintColorLogos/Paint_Raft_Clean_Air_Green_Green_Yellow_Icon.tif,,,,,,,200543e7-30d4-439e-9852-843a119dead8,libs/foundry/records/scitemmanufacturer/paintcolorlogos/paint_raft_clean_air_green_green_yellow_logo.xml
Paint_Raft_GoblinG_A_Red_Black_Logo,,manufacturer_NameARGO,,manufacturer_DescARGO,UI/SharedAssets/PaintColorLogos/Paint_Raft_Arccorp_Icon.tif,,,,,,,dc1a8116-938d-4b7f-a41a-158e28a81737,libs/foundry/records/scitemmanufacturer/paintcolorlogos/paint_raft_gobling_a_red_black_logo.xml
Paint_Raft_GoblinG_C_Blue_Black_Logo,,manufacturer_NameARGO,,manufacturer_DescARGO,UI/SharedAssets/PaintColorLogos/Paint_Raft_Crusader_Icon.tif,,,,,,,cbda9a73-1731-4d65-8780-042f5f513466,libs/foundry/records/scitemmanufacturer/paintcolorlogos/paint_raft_gobling_c_blue_black_logo.xml
Paint_Raft_GoblinG_H_Black_Yellow_Logo,,manufacturer_NameARGO,,manufacturer_DescARGO,UI/SharedAssets/PaintColorLogos/Paint_Raft_Hurston_Icon.tif,,,,,,,541f083c-28b0-4042-a4ef-70015b2e82e6,libs/foundry/records/scitemmanufacturer/paintcolorlogos/paint_raft_gobling_h_black_yellow_logo.xml
Paint_Raft_GoblinG_M_White_Blue_Logo,,manufacturer_NameARGO,,manufacturer_DescARGO,UI/SharedAssets/PaintColorLogos/Paint_Raft_Microtech_Icon.tif,,,,,,,d701ac8a-d3e3-4679-b270-5f711471720a,libs/foundry/records/scitemmanufacturer/paintcolorlogos/paint_raft_gobling_m_white_blue_logo.xml
Paint_RAFT_Grey_LightGrey_Logo,,item_NameRaft_Paint_Grey_LightGrey,,item_DescRaft_Paint_Grey_LightGrey,UI/SharedAssets/PaintColorLogos/Paint_Raft_Anchor_Grey_LightGrey_Icon.tif,,,,,,,97b0441b-f5d7-4a49-aef0-cc887e4b6bd5,libs/foundry/records/scitemmanufacturer/paintcolorlogos/paint_raft_grey_lightgrey_logo.xml
Paint_Raft_IAE2951_Grey_White_Logo,,manufacturer_NameARGO,,manufacturer_DescARGO,UI/SharedAssets/PaintColorLogos/Paint_Raft_Polar_White_Grey_Icon.tif,,,,,,,79fc4abc-4eed-4688-9f02-6435984fc69b,libs/foundry/records/scitemmanufacturer/paintcolorlogos/paint_raft_iae2951_grey_white_logo.xml
Paint_RAFT_Lovestruck_Pink_Black_Logo,,manufacturer_NameARGO,,manufacturer_DescARGO,UI/SharedAssets/PaintColorLogos/Paint_Raft_Lovestruck_Purple_Pink_Icon.tif,,,,,,,aea63cef-0720-4328-ae4f-d36afd0de838,libs/foundry/records/scitemmanufacturer/paintcolorlogos/paint_raft_lovestruck_pink_black_logo.xml
Paint_RAFT_White_Blue_Blue_Logo,,manufacturer_NameOrigin,,manufacturer_DescOrigin,UI/SharedAssets/PaintColorLogos/Paint_Raft_White_Blue_Blue_Icon.tif,,,,,,,58ffe7cc-93f9-44ab-9612-da338fd89931,libs/foundry/records/scitemmanufacturer/paintcolorlogos/paint_raft_white_blue_blue_logo.xml
Paint_Razor_IAE2951_Black_Blue_Logo,,manufacturer_NameMISC,,manufacturer_DescMISC,UI/SharedAssets/PaintColorLogos/Paint_Razor_Stormbringer_Black_Blue_Icon.tif,,,,,,,d181111e-44ab-481e-9703-19d58cc6f7dc,libs/foundry/records/scitemmanufacturer/paintcolorlogos/paint_razor_iae2951_black_blue_logo.xml
Paint_Razor_IAE2951_Grey_White_Logo,,manufacturer_NameMISC,,manufacturer_DescMISC,UI/SharedAssets/PaintColorLogos/Paint_Razor_Polar_White_Grey_Icon.tif,,,,,,,11cdb5e6-4a6c-4ddd-b238-7bd224afdbbc,libs/foundry/records/scitemmanufacturer/paintcolorlogos/paint_razor_iae2951_grey_white_logo.xml
Paint_Razor_Invictus_Unity_Logo,,manufacturer_NameMRAI,,manufacturer_DescMRAI,UI/SharedAssets/PaintColorLogos/Paint_Razor_Invictus_Unity_Metal_Teal_Icon.tif,,,,,,,2b63235b-569c-41d8-bfb4-68dc4ca10f7d,libs/foundry/records/scitemmanufacturer/paintcolorlogos/paint_razor_invictus_unity_logo.xml
Paint_Razor_Racing_Red_Blue_Blue_Logo,,manufacturer_NameMISC,,manufacturer_DescMISC,UI/SharedAssets/PaintColorLogos/Paint_Razor_Racing_Red_Blue_Blue_B_Icon.tif,,,,,,,6b2c6aac-c1d1-42a8-a357-ced5bb1e25bf,libs/foundry/records/scitemmanufacturer/paintcolorlogos/paint_razor_racing_red_blue_blue_logo.xml
Paint_Razor_Red_White_Pink_Crusader_Logo,,manufacturer_NameMISC,,manufacturer_DescMISC,UI/SharedAssets/PaintColorLogos/Paint_Razor_Red_White_Pink_Crusader_Icon.tif,,,,,,,07211ada-086b-4804-bedc-391d56629aee,libs/foundry/records/scitemmanufacturer/paintcolorlogos/paint_razor_red_white_pink_crusader_logo.xml
Paint_Razor_Sand_Orange_Hurston_Logo,,manufacturer_NameMISC,,manufacturer_DescMISC,UI/SharedAssets/PaintColorLogos/Paint_Razor_Sand_Orange_Hurston_Icon.tif,,,,,,,ae10e953-219b-4290-a166-3163ab8d4ed1,libs/foundry/records/scitemmanufacturer/paintcolorlogos/paint_razor_sand_orange_hurston_logo.xml
Paint_Razor_StellaFortuna2954_Green_Logo,,manufacturer_NameMISC,,manufacturer_DescMISC,UI/SharedAssets/PaintColorLogos/Paint_Razor_StellaFortuna_2954_Green_Icon.tif,,,,,,,a9dec7f9-a863-43ea-93ae-c55b872fe8fd,libs/foundry/records/scitemmanufacturer/paintcolorlogos/paint_razor_stellafortuna2954_green_logo.xml
Paint_Razor_White_Blue_Blue_microTech_Icon,,manufacturer_NameMISC,,manufacturer_DescMISC,UI/SharedAssets/PaintColorLogos/Paint_Razor_White_Blue_Blue_microTech_Icon.tif,,,,,,,9840ecfe-5e57-4c19-961e-a127223bff21,libs/foundry/records/scitemmanufacturer/paintcolorlogos/paint_razor_white_blue_blue_microtech_icon.xml
Paint_Reclaimer_Aphorite_Purple_Logo,,manufacturer_NameAEGS,,manufacturer_DescAEGS,UI/SharedAssets/PaintColorLogos/Paint_Reclaimer_Sub_Mining_01_2022_Aphorite_Icon.tif,,,,,,,4d493af3-be85-4914-b63b-34f49412876f,libs/foundry/records/scitemmanufacturer/paintcolorlogos/paint_reclaimer_aphorite_purple_logo.xml
Paint_Reclaimer_BIS2954_Logo,,manufacturer_NameAEGS,,manufacturer_DescAEGS,UI/SharedAssets/PaintColorLogos/Paint_Reclaimer_bis2954_Icon.tif,,,,,,,767a1dc9-f19e-498c-baa7-f00689ebb2b9,libs/foundry/records/scitemmanufacturer/paintcolorlogos/paint_reclaimer_bis2954_logo.xml
Paint_Reclaimer_Dolivine_Green_Logo,,manufacturer_NameAEGS,,manufacturer_DescAEGS,UI/SharedAssets/PaintColorLogos/Paint_Reclaimer_Sub_Mining_01_2022_Dolivine_Icon.tif,,,,,,,765f7fe2-ebcc-4e64-86c3-062b9ce4d93d,libs/foundry/records/scitemmanufacturer/paintcolorlogos/paint_reclaimer_dolivine_green_logo.xml
Paint_Reclaimer_Hadanite_Pink_Logo,,manufacturer_NameAEGS,,manufacturer_DescAEGS,UI/SharedAssets/PaintColorLogos/Paint_Reclaimer_Sub_Mining_01_2022_Hadanite_Icon.tif,,,,,,,6ff069d6-3655-4c7a-a4a0-f2dc4b295ca8,libs/foundry/records/scitemmanufacturer/paintcolorlogos/paint_reclaimer_hadanite_pink_logo.xml
Paint_Reclaimer_Showdown_Logo,,manufacturer_NameDRAK,,manufacturer_DescDRAK,UI/SharedAssets/PaintColorLogos/Paint_Reclaimer_Showdown_Icon.tif,,,,,,,94bf4f1d-eb05-4eee-a568-f0424907a4a1,libs/foundry/records/scitemmanufacturer/paintcolorlogos/paint_reclaimer_showdown_logo.xml
Paint_Redeemer_BIS2953_Purple_Blue_Cyan_Logo,,manufacturer_NameAEGS,,manufacturer_DescAEGS,UI/SharedAssets/PaintColorLogos/Paint_Redeemer_BIS2953_Purple_Blue_Cyan_Icon.tif,,,,,,,c5ff6a75-23d8-49d5-9294-4200c12f4acb,libs/foundry/records/scitemmanufacturer/paintcolorlogos/paint_redeemer_bis2953_purple_blue_cyan_logo.xml
Paint_Redeemer_Black_Yellow_Logo,,manufacturer_NameAEGS,,manufacturer_DescAEGS,UI/SharedAssets/PaintColorLogos/Paint_Redeemer_Underworld_Black_Yellow.tif,,,,,,,79a997fd-ace7-436f-afb2-280bda1ba748,libs/foundry/records/scitemmanufacturer/paintcolorlogos/paint_redeemer_black_yellow_logo.xml
Paint_Redeemer_Fleetweek_Green_Grey_Camo_Logo,,manufacturer_NameAEGS,,manufacturer_DescAEGS,UI/SharedAssets/PaintColorLogos/Paint_Redeemer_Invictus_2952_Grey_Green_Icon.tif,,,,,,,2987c1e7-f1e0-45b4-a48e-f733fd1962fe,libs/foundry/records/scitemmanufacturer/paintcolorlogos/paint_redeemer_fleetweek_green_grey_camo_logo.xml
Paint_Redeemer_Fleetweek_Orange_Metallic_Logo,,manufacturer_NameAEGS,,manufacturer_DescAEGS,UI/SharedAssets/PaintColorLogos/Paint_Redeemer_Invictus_2952_Orange_Metallic_Icon.tif,,,,,,,b4e94786-1d2d-4052-8e4a-07161825545f,libs/foundry/records/scitemmanufacturer/paintcolorlogos/paint_redeemer_fleetweek_orange_metallic_logo.xml
Paint_Redeemer_FW2955_Grey_Black_Red_Camo_Logo,,manufacturer_NameAEGS,,manufacturer_DescAEGS,UI/SharedAssets/PaintColorLogos/Paint_Redeemer_FW2955_Grey_Black_Red_Camo_Icon.tif,,,,,,,9d16159d-c0f3-4ba2-ba96-eb0db09abe3e,libs/foundry/records/scitemmanufacturer/paintcolorlogos/paint_redeemer_fw2955_grey_black_red_camo_logo.xml
Paint_Redeemer_IAE2951_Grey_White_Camo_Logo,,manufacturer_NameAEGS,,manufacturer_DescAEGS,UI/SharedAssets/PaintColorLogos/Paint_Redeemer_PolarCamo_White_Grey_Icon.tif,,,,,,,46daaebf-2220-49d6-b818-2d921bcc67ed,libs/foundry/records/scitemmanufacturer/paintcolorlogos/paint_redeemer_iae2951_grey_white_camo_logo.xml
Paint_Redeemer_StellaFortuna_Green_Logo,,manufacturer_NameAEGS,,manufacturer_DescAEGS,UI/SharedAssets/PaintColorLogos/Paint_Redeemer_StellaFortuna_2953_Green_Icon.tif,,,,,,,0d0b721d-f2c4-44f5-b285-12c986ae5d97,libs/foundry/records/scitemmanufacturer/paintcolorlogos/paint_redeemer_stellafortuna_green_logo.xml
Paint_Redeemer_White_Black_Logo,,manufacturer_NameAEGS,,manufacturer_DescAEGS,UI/SharedAssets/PaintColorLogos/Paint_Redeemer_Seraphim_White_Black.tif,,,,,,,8655643e-1313-4c41-bcd1-de0418d49315,libs/foundry/records/scitemmanufacturer/paintcolorlogos/paint_redeemer_white_black_logo.xml
Paint_Reliant_Fleetweek_2021_Blue_Yellow_Logo,,manufacturer_NameMISC,,manufacturer_DescMISC,UI/SharedAssets/PaintColorLogos/Paint_Reliant_Triton_Blue_Yellow_Icon.tif,,,,,,,cbba3cd2-bd12-4562-b594-cdc8b03f0eca,libs/foundry/records/scitemmanufacturer/paintcolorlogos/paint_reliant_fleetweek_2021_blue_yellow_logo.xml
Paint_Reliant_Fleetweek_2021_Green_Orange_Logo,,manufacturer_NameMISC,,manufacturer_DescMISC,UI/SharedAssets/PaintColorLogos/Paint_Reliant_Timberline_Green_Orange_Icon.tif,,,,,,,4aa5ae3f-57d8-4497-ad93-2b6a506947a4,libs/foundry/records/scitemmanufacturer/paintcolorlogos/paint_reliant_fleetweek_2021_green_orange_logo.xml
Paint_Reliant_Fleetweek_2021_Ice_Camo_Logo,,manufacturer_NameMISC,,manufacturer_DescMISC,UI/SharedAssets/PaintColorLogos/Paint_Reliant_Frostbite_Camo_Icon.tif,,,,,,,429e3fc3-72a1-4372-b135-786842058482,libs/foundry/records/scitemmanufacturer/paintcolorlogos/paint_reliant_fleetweek_2021_ice_camo_logo.xml
Paint_Retaliator_Black_Black_Red_Camo_Logo,,manufacturer_NameAEGS,,manufacturer_DescAEGS,UI/SharedAssets/PaintColorLogos/Paint_Retaliator_Black_Black_Red_Camo_Icon.tif,,,,,,,fc559ef1-ca9d-4349-8667-8a78e0272f12,libs/foundry/records/scitemmanufacturer/paintcolorlogos/paint_retaliator_black_black_red_camo_logo.xml
Paint_Retaliator_Desert_Sand_Red_Logo,,manufacturer_NameACAS,,manufacturer_DescACAS,UI/SharedAssets/PaintColorLogos/Paint_Retaliator_Desert_Sand_Red_Icon.tif,,,,,,,8980bcb4-9429-4264-825a-267316bdfa6a,libs/foundry/records/scitemmanufacturer/paintcolorlogos/paint_retaliator_desert_sand_red_logo.xml
Paint_Retaliator_Green_Dark_Green_Yellow_Logo,,manufacturer_NameACAS,,manufacturer_DescACAS,UI/SharedAssets/PaintColorLogos/Paint_Retaliator_Green_Dark_Green_Yellow_Icon.tif,,,,,,,ac96ba1d-a2d6-4fc0-8120-b4408fb276f2,libs/foundry/records/scitemmanufacturer/paintcolorlogos/paint_retaliator_green_dark_green_yellow_logo.xml
Paint_Retaliator_Invictus_Blue_Gold_Logo,,manufacturer_NameACAS,,manufacturer_DescACAS,UI/SharedAssets/PaintColorLogos/Paint_Retaliator_Invictus_Blue_Gold_Icon.tif,,,,,,,549aa80e-310b-4e1b-8892-b8c1c1c8877a,libs/foundry/records/scitemmanufacturer/paintcolorlogos/paint_retaliator_invictus_blue_gold_logo.xml
Paint_Retaliator_Invictus_Camo_Logo,,manufacturer_NameACAS,,manufacturer_DescACAS,UI/SharedAssets/PaintColorLogos/Paint_Retaliator_Invictus_Camo_Icon.tif,,,,,,,10b80dbb-e9b7-439d-8dea-25c13f5d91d8,libs/foundry/records/scitemmanufacturer/paintcolorlogos/paint_retaliator_invictus_camo_logo.xml
Paint_Retaliator_Invictus_Grey_Logo,,manufacturer_NameACAS,,manufacturer_DescACAS,UI/SharedAssets/PaintColorLogos/Paint_Retaliator_Invictus_Grey_Icon.tif,,,,,,,dfd24d5e-cde9-455d-a73d-41282d16e080,libs/foundry/records/scitemmanufacturer/paintcolorlogos/paint_retaliator_invictus_grey_logo.xml
Paint_Retaliator_Yellow_Black_Logo,,manufacturer_NameACAS,,manufacturer_DescACAS,UI/SharedAssets/PaintColorLogos/Paint_Retaliator_Yellow_Black_Icon.tif,,,,,,,f59f4345-0681-4550-864b-b559877d79ca,libs/foundry/records/scitemmanufacturer/paintcolorlogos/paint_retaliator_yellow_black_logo.xml
Paint_ROC_Aphorite_Purple_Logo,,manufacturer_NameARGO,,manufacturer_DescARGO,UI/SharedAssets/PaintColorLogos/Paint_Roc_Sub_Mining_01_2022_Aphorite_Icon.tif,,,,,,,3bd41375-a8ad-4cff-baa3-5e398405b9a9,libs/foundry/records/scitemmanufacturer/paintcolorlogos/paint_roc_aphorite_purple_logo.xml
Paint_ROC_BlackCherry_Black_Red_Logo,,manufacturer_NameACAS,,manufacturer_DescACAS,UI/SharedAssets/PaintColorLogos/paint_roc_blackcherry_black_red_icon.tif,,,,,,,985a44ea-3aad-4223-84a3-02173cfeb8ba,libs/foundry/records/scitemmanufacturer/paintcolorlogos/paint_roc_blackcherry_black_red_logo.xml
Paint_ROC_Dolivine_Green_Logo,,manufacturer_NameARGO,,manufacturer_DescARGO,UI/SharedAssets/PaintColorLogos/Paint_Roc_Sub_Mining_01_2022_Dolivine_Icon.tif,,,,,,,229bf3fd-4f2b-4e3d-95a4-cfd63efb7f9b,libs/foundry/records/scitemmanufacturer/paintcolorlogos/paint_roc_dolivine_green_logo.xml
Paint_ROC_Hadanite_Pink_Logo,,manufacturer_NameARGO,,manufacturer_DescARGO,UI/SharedAssets/PaintColorLogos/Paint_Roc_Sub_Mining_01_2022_Hadanite_Icon.tif,,,,,,,fc51ee84-6c48-4051-ae53-35b0355a405f,libs/foundry/records/scitemmanufacturer/paintcolorlogos/paint_roc_hadanite_pink_logo.xml
Paint_ROC_Harvester_Orange_Logo,,manufacturer_NameACAS,,manufacturer_DescACAS,UI/SharedAssets/PaintColorLogos/paint_roc_harvester_orange_icon.tif,,,,,,,bdad6127-f6ed-4abe-8488-581882dfa152,libs/foundry/records/scitemmanufacturer/paintcolorlogos/paint_roc_harvester_orange_logo.xml
Paint_ROC_Hazard_Yellow_Logo,,manufacturer_NameACAS,,manufacturer_DescACAS,UI/SharedAssets/PaintColorLogos/paint_roc_hazard_yellow_icon.tif,,,,,,,44c1d84a-fd9f-47ef-ba27-e7da7e9898f1,libs/foundry/records/scitemmanufacturer/paintcolorlogos/paint_roc_hazard_yellow_logo.xml
Paint_ROC_Quicksilver_Grey_Logo,,manufacturer_NameACAS,,manufacturer_DescACAS,UI/SharedAssets/PaintColorLogos/paint_roc_quicksilver_grey_icon.tif,,,,,,,0c4ac05e-5b6a-4549-8d87-84186cf958b2,libs/foundry/records/scitemmanufacturer/paintcolorlogos/paint_roc_quicksilver_grey_logo.xml
Paint_RSI_Apollo_Clean_Air_Red_Teal_Gold_B_Logo,,manufacturer_NameRSI,,manufacturer_DescRSI,UI/SharedAssets/PaintColorLogos/Paint_RSI_Apollo_Clean_Air_Red_Teal_Gold_b.tif,,,,,,,1f415388-1c55-4527-8e55-574f41c57921,libs/foundry/records/scitemmanufacturer/paintcolorlogos/paint_rsi_apollo_clean_air_red_teal_gold_b_logo.xml
Paint_RSI_Apollo_Clean_Air_Red_Teal_Gold_Logo,,manufacturer_NameRSI,,manufacturer_DescRSI,UI/SharedAssets/PaintColorLogos/Paint_RSI_Apollo_Clean_Air_Red_Teal_Gold.tif,,,,,,,e38b65eb-5470-4f7a-9782-34c6ffddbc4e,libs/foundry/records/scitemmanufacturer/paintcolorlogos/paint_rsi_apollo_clean_air_red_teal_gold_logo.xml
Paint_Sabre_Beige_Black_Black_Logo,,manufacturer_NameAEGS,,manufacturer_DescAEGS,UI/SharedAssets/PaintColorLogos/Paint_Sabre_Raven_Firebird_Beige_Black_Icon.tif,,,,,,,310b0369-16b7-4d53-8fd0-8dd7f3308951,libs/foundry/records/scitemmanufacturer/paintcolorlogos/paint_sabre_beige_black_black_logo.xml
Paint_Sabre_Black_Black_Gold_Carbon_Logo,,manufacturer_NameAEGS,,manufacturer_DescAEGS,UI/SharedAssets/PaintColorLogos/Paint_Sabre_Raven_Firebird_VIP_Black_Gold_Icon.tif,,,,,,,83904426-cf95-4050-934b-099386f13027,libs/foundry/records/scitemmanufacturer/paintcolorlogos/paint_sabre_black_black_gold_carbon_logo.xml
Paint_Sabre_Black_Black_Orange_Logo,,manufacturer_NameAEGS,,manufacturer_DescAEGS,UI/SharedAssets/PaintColorLogos/Paint_Sabre_Raven_Peregrine_Black_Orange_Icon.tif,,,,,,,c0e72286-a591-4c80-ab13-b40223e3759a,libs/foundry/records/scitemmanufacturer/paintcolorlogos/paint_sabre_black_black_orange_logo.xml
Paint_Sabre_Black_Black_Red_Logo,,manufacturer_NameAEGS,,manufacturer_DescAEGS,UI/SharedAssets/PaintColorLogos/Paint_Sabre_Raven_Peregrine_Black_Red_Icon.tif,,,,,,,65ae730d-66e4-49b8-9e2c-acd40c88129c,libs/foundry/records/scitemmanufacturer/paintcolorlogos/paint_sabre_black_black_red_logo.xml
Paint_Sabre_Black_Silver_Silver_Polish_Logo,,manufacturer_NameAEGS,,manufacturer_DescAEGS,UI/SharedAssets/PaintColorLogos/Paint_Sabre_Raven_Peregrine_VIP_Black_Silver_Silver_Polish_Icon.tif,,,,,,,a53bdf31-6eda-4524-8f52-96e1f59a79c3,libs/foundry/records/scitemmanufacturer/paintcolorlogos/paint_sabre_black_silver_silver_polish_logo.xml
Paint_Sabre_Green_Black_Orange_Logo,,manufacturer_NameAEGS,,manufacturer_DescAEGS,UI/SharedAssets/PaintColorLogos/Paint_Sabre_Raven_Firebird_Green_Black_Orange_Icon.tif,,,,,,,34357f50-eb42-42e0-8275-5c34a21bf681,libs/foundry/records/scitemmanufacturer/paintcolorlogos/paint_sabre_green_black_orange_logo.xml
Paint_Sabre_Halloween25_Orange_Black_Logo,,manufacturer_NameDRAK,,manufacturer_DescDRAK,UI/SharedAssets/PaintColorLogos/Paint_Sabre_Halloween_Orange_Black_Icon.tif,,,,,,,2dc71988-d3bd-473e-8034-92f5ea66779d,libs/foundry/records/scitemmanufacturer/paintcolorlogos/paint_sabre_halloween25_orange_black_logo.xml
Paint_Sabre_IAE2950_Grey_Blue_Logo,,manufacturer_NameAEGS,,manufacturer_DescAEGS,UI/SharedAssets/PaintColorLogos/Paint_Sabre_IAE2950_Grey_Blue_Icon.tif,,,,,,,e0301f80-983d-4901-93a6-5ea315c44fb6,libs/foundry/records/scitemmanufacturer/paintcolorlogos/paint_sabre_iae2950_grey_blue_logo.xml
Paint_Sabre_IAE2950_Grey_White_Camo_Logo,,manufacturer_NameAEGS,,manufacturer_DescAEGS,UI/SharedAssets/PaintColorLogos/Paint_Sabre_IAE2950_Grey_White_Camo_Icon.tif,,,,,,,11393dcd-0b9b-4c4c-a1dc-3676e2133e48,libs/foundry/records/scitemmanufacturer/paintcolorlogos/paint_sabre_iae2950_grey_white_camo_logo.xml
Paint_Sabre_LunarNewYear2952_Red_Logo,,manufacturer_NameAEGS,,manufacturer_DescAEGS,UI/SharedAssets/PaintColorLogos/Paint_Sabre_Luna_2952_Red.tif,,,,,,,f2250922-4418-49f4-abdb-ba7d8b977532,libs/foundry/records/scitemmanufacturer/paintcolorlogos/paint_sabre_lunarnewyear2952_red_logo.xml
Paint_Sabre_White_Pink_Blue,,manufacturer_NameAEGS,,manufacturer_DescAEGS,UI/SharedAssets/PaintColorLogos/paint_sabre_white_pink_blue_icon.tif,,,,,,,546ec2c6-1115-487b-a866-1f250362358b,libs/foundry/records/scitemmanufacturer/paintcolorlogos/paint_sabre_white_pink_blue.xml
Paint_Salvation_black_gold_black_logo,,manufacturer_NameRSI,,manufacturer_DescRSI,UI\SharedAssets\PaintColorLogos\paint_rsi_salvation_black_gold_black_icon.tif,,,,,,,710399f8-b32d-46b7-a9a7-e499f6d53f79,libs/foundry/records/scitemmanufacturer/paintcolorlogos/paint_salvation_black_gold_black_logo.xml
Paint_Salvation_black_white_orange_logo,,manufacturer_NameRSI,,manufacturer_DescRSI,UI\SharedAssets\PaintColorLogos\paint_rsi_salvation_black_white_orange_icon.tif,,,,,,,4b37d710-ccaf-46ab-a9bf-18bcf233d548,libs/foundry/records/scitemmanufacturer/paintcolorlogos/paint_salvation_black_white_orange_logo.xml
Paint_Salvation_blue_black_black_stripes_logo,,manufacturer_NameRSI,,manufacturer_DescRSI,UI\SharedAssets\PaintColorLogos\paint_rsi_salvation_blue_black_black_stripes_icon.tif,,,,,,,40dd61ae-5547-4fd8-9259-628a74748918,libs/foundry/records/scitemmanufacturer/paintcolorlogos/paint_salvation_blue_black_black_stripes_logo.xml
Paint_Salvation_blue_black_yellow_logo,,manufacturer_NameRSI,,manufacturer_DescRSI,UI\SharedAssets\PaintColorLogos\paint_rsi_salvation_blue_black_yellow_icon.tif,,,,,,,9388aedc-1019-4ec5-b0c4-bf5fcc12d3e7,libs/foundry/records/scitemmanufacturer/paintcolorlogos/paint_salvation_blue_black_yellow_logo.xml
Paint_Salvation_blue_silver_red_logo,,manufacturer_NameRSI,,manufacturer_DescRSI,UI\SharedAssets\PaintColorLogos\paint_rsi_salvation_blue_silver_red_icon.tif,,,,,,,e9a47ff5-6ac5-4d0c-94b2-4b723358a243,libs/foundry/records/scitemmanufacturer/paintcolorlogos/paint_salvation_blue_silver_red_logo.xml
Paint_Salvation_pink_grey_black_iridescent_logo,,manufacturer_NameRSI,,manufacturer_DescRSI,UI/SharedAssets/PaintColorLogos/paint_salvation_pink_grey_black_iridescent_icon.tif,,,,,,,6a238680-4a8c-427e-8b11-d21769bd7e49,libs/foundry/records/scitemmanufacturer/paintcolorlogos/paint_salvation_pink_grey_black_iridescent_logo.xml
Paint_SanTokYai_AlienWeek_Teal_Pink_Logo,,manufacturer_NameXNAA,,manufacturer_DescXNAA,UI/SharedAssets/PaintColorLogos/Paint_SanTokYai_Harmony_Teal_Red_Icon.tif,,,,,,,6aff26ae-b88c-4633-9c5b-494444bdd098,libs/foundry/records/scitemmanufacturer/paintcolorlogos/paint_santokyai_alienweek_teal_pink_logo.xml
Paint_SanTokYai_AlienWeek_Teal_Red_Logo,,manufacturer_NameXNAA,,manufacturer_DescXNAA,UI/SharedAssets/PaintColorLogos/Paint_SanTokYai_AlienWeek_Green_Red_Icon.tif,,,,,,,1e328dc4-8e9a-46a4-b077-4fbef8f0c32d,libs/foundry/records/scitemmanufacturer/paintcolorlogos/paint_santokyai_alienweek_teal_red_logo.xml
Paint_SanTokYai_Black_Black_Black_Tiger_Logo,,manufacturer_NameMRAI,,manufacturer_DescMRAI,UI/SharedAssets/PaintColorLogos/Paint_SanTokYai_Black_Black_Black_Tiger_Icon.tif,,,,,,,22efa66d-ffdf-4952-ba8c-0d58a43d4274,libs/foundry/records/scitemmanufacturer/paintcolorlogos/paint_santokyai_black_black_black_tiger_logo.xml
Paint_SanTokYai_Red_Black_Black_Logo,,manufacturer_NameMRAI,,manufacturer_DescMRAI,UI/SharedAssets/PaintColorLogos/Paint_SanTokYai_Red_Black_Black_Icon.tif,,,,,,,fc8ad4a1-b137-4bf4-8fab-7e2d0f12ccec,libs/foundry/records/scitemmanufacturer/paintcolorlogos/paint_santokyai_red_black_black_logo.xml
Paint_SanTokYai_White_White_Red_Logo,,manufacturer_NameMRAI,,manufacturer_DescMRAI,UI/SharedAssets/PaintColorLogos/Paint_SanTokYai_White_White_Red_Icon.tif,,,,,,,25ceeb02-e767-4b4c-87e7-a724ec078104,libs/foundry/records/scitemmanufacturer/paintcolorlogos/paint_santokyai_white_white_red_logo.xml
Paint_Scorpius_Avalanche_White_Grey_Icon,,manufacturer_NameRSI,,manufacturer_DescRSI,UI/SharedAssets/PaintColorLogos/Paint_Scorpius_Avalanche_White_Grey_Icon.tif,,,,,,,67b859ab-664a-4ac9-8bba-b09f3d9be2c0,libs/foundry/records/scitemmanufacturer/paintcolorlogos/paint_scorpius_avalanche_white_grey_icon.xml
Paint_Scorpius_BIS2952_Black_Red_Logo,,manufacturer_NameRSI,,manufacturer_DescRSI,UI/SharedAssets/PaintColorLogos/Paint_Scorpius_BIS_2952_Icon.tif,,,,,,,14c55160-d02d-4e16-877e-f32d23792e40,libs/foundry/records/scitemmanufacturer/paintcolorlogos/paint_scorpius_bis2952_black_red_logo.xml
Paint_Scorpius_Blight_Green_Icon,,manufacturer_NameRSI,,manufacturer_DescRSI,UI/SharedAssets/PaintColorLogos/Paint_Scorpius_Blight_Green_Icon.tif,,,,,,,e3d50045-be39-449b-8c14-b675a45940b9,libs/foundry/records/scitemmanufacturer/paintcolorlogos/paint_scorpius_blight_green_icon.xml
Paint_Scorpius_Default_Grey_Icon,,manufacturer_NameRSI,,manufacturer_DescRSI,UI/SharedAssets/PaintColorLogos/Paint_Scorpius_Default_Grey_Icon.tif,,,,,,,cea893ab-b98b-4c8b-93cb-32070c42ba4e,libs/foundry/records/scitemmanufacturer/paintcolorlogos/paint_scorpius_default_grey_icon.xml
Paint_Scorpius_FW2955_Grey_Black_Red_Camo_Logo,,manufacturer_NameRSI,,manufacturer_DescRSI,UI/SharedAssets/PaintColorLogos/Paint_Scorpius_FW2955_Grey_Black_Red_Camo_Icon.tif,,,,,,,0801e480-5256-4c21-bf14-720d24663c5c,libs/foundry/records/scitemmanufacturer/paintcolorlogos/paint_scorpius_fw2955_grey_black_red_camo_logo.xml
Paint_Scorpius_Lovestruck_Pink_Black_Logo,,manufacturer_NameRSI,,manufacturer_DescRSI,UI/SharedAssets/PaintColorLogos/Paint_Scorpius_Lovestruck_Purple_Pink_Icon.tif,,,,,,,f3ae98d7-d888-41ea-b400-472dd015d142,libs/foundry/records/scitemmanufacturer/paintcolorlogos/paint_scorpius_lovestruck_pink_black_logo.xml
Paint_Scorpius_Luminalia_Green_Red_Logo,,manufacturer_NameRSI,,manufacturer_DescRSI,UI/SharedAssets/PaintColorLogos/Paint_Scorpius_Green_Red_Luminalia.tif,,,,,,,9cecc2a9-5645-42c9-878e-85e4215428e6,libs/foundry/records/scitemmanufacturer/paintcolorlogos/paint_scorpius_luminalia_green_red_logo.xml
Paint_Scorpius_Luminalia_White_Blue_Logo,,manufacturer_NameRSI,,manufacturer_DescRSI,UI/SharedAssets/PaintColorLogos/Paint_Scorpius_White_Blue_Luminalia.tif,,,,,,,11b99e81-e149-4c2e-80e7-f29d0828f8bd,libs/foundry/records/scitemmanufacturer/paintcolorlogos/paint_scorpius_luminalia_white_blue_logo.xml
Paint_Scorpius_PirateWeek_Red_Black_Skull_Logo,,manufacturer_NameRSI,,manufacturer_DescRSI,UI/SharedAssets/PaintColorLogos/Paint_Scorpius_Pirate_Red_Black_Icon.tif,,,,,,,cc90a5f1-42f2-4b83-8501-1919fb3e21c1,libs/foundry/records/scitemmanufacturer/paintcolorlogos/paint_scorpius_pirateweek_red_black_skull_logo.xml
Paint_Scorpius_Shockforce_Yellow_Orange_Icon,,manufacturer_NameRSI,,manufacturer_DescRSI,UI/SharedAssets/PaintColorLogos/Paint_Scorpius_Shockforce_Yellow_Orange_Icon.tif,,,,,,,ccc6e6cb-504f-4e39-83d5-e732207151ef,libs/foundry/records/scitemmanufacturer/paintcolorlogos/paint_scorpius_shockforce_yellow_orange_icon.xml
Paint_Scorpius_Stiletto_Grey_Orange_Icon,,manufacturer_NameRSI,,manufacturer_DescRSI,UI/SharedAssets/PaintColorLogos/Paint_Scorpius_Stiletto_Grey_Orange_Icon.tif,,,,,,,dcc76d79-0683-463e-b6d6-86503ced374c,libs/foundry/records/scitemmanufacturer/paintcolorlogos/paint_scorpius_stiletto_grey_orange_icon.xml
Paint_Scorpius_Stinger_Black_Orange_Icon,,manufacturer_NameRSI,,manufacturer_DescRSI,UI/SharedAssets/PaintColorLogos/Paint_Scorpius_Stinger_Black_Orange_Icon.tif,,,,,,,f39b09e4-bbfe-45d9-96f2-7c88de7401d4,libs/foundry/records/scitemmanufacturer/paintcolorlogos/paint_scorpius_stinger_black_orange_icon.xml
Paint_Scorpius_Stormcloud_Grey_Icon,,manufacturer_NameRSI,,manufacturer_DescRSI,UI/SharedAssets/PaintColorLogos/Paint_Scorpius_Stormcloud_Grey_Icon.tif,,,,,,,bc236a7b-2544-4e90-b33f-9f0d0cd988c5,libs/foundry/records/scitemmanufacturer/paintcolorlogos/paint_scorpius_stormcloud_grey_icon.xml
Paint_Scorpius_Sunburn_White_Orange_Icon,,manufacturer_NameRSI,,manufacturer_DescRSI,UI/SharedAssets/PaintColorLogos/Paint_Scorpius_Sunburn_White_Orange_Icon.tif,,,,,,,168306ad-cd40-42dc-8cb8-f5ac9121c3f6,libs/foundry/records/scitemmanufacturer/paintcolorlogos/paint_scorpius_sunburn_white_orange_icon.xml
Paint_Scorpius_Tiburon_Grey_Red_Icon,,manufacturer_NameRSI,,manufacturer_DescRSI,UI/SharedAssets/PaintColorLogos/Paint_Scorpius_Tiburon_Grey_Red_Icon.tif,,,,,,,0a55061e-f525-4006-bdec-5dc6fb42e7c6,libs/foundry/records/scitemmanufacturer/paintcolorlogos/paint_scorpius_tiburon_grey_red_icon.xml
Paint_Scout_AlienWeek_Green_Red_Logo,,manufacturer_NameXNAA,,manufacturer_DescXNAA,UI/SharedAssets/PaintColorLogos/Paint_Scout_AlienWeek_Green_Red_Icon.tif,,,,,,,094b4417-2983-4434-9a4a-c58f78a6a91c,libs/foundry/records/scitemmanufacturer/paintcolorlogos/paint_scout_alienweek_green_red_logo.xml
Paint_Scout_AlienWeek_Teal_Red_Logo,,manufacturer_NameXNAA,,manufacturer_DescXNAA,UI/SharedAssets/PaintColorLogos/Paint_Scout_AlienWeek_Teal_Red_Icon.tif,,,,,,,7ed26f26-628c-4ada-bf94-d712c5c6da0d,libs/foundry/records/scitemmanufacturer/paintcolorlogos/paint_scout_alienweek_teal_red_logo.xml
Paint_Scout_IAE2951_Black_Blue_Logo,,manufacturer_NameXNAA,,manufacturer_DescXNAA,UI/SharedAssets/PaintColorLogos/Paint_Scout_Stormbringer_Black_Blue_Icon.tif,,,,,,,888a6389-3a4d-4a6f-b9f0-4fce16482e03,libs/foundry/records/scitemmanufacturer/paintcolorlogos/paint_scout_iae2951_black_blue_logo.xml
Paint_Scout_IAE2951_Grey_White_Logo,,manufacturer_NameXNAA,,manufacturer_DescXNAA,UI/SharedAssets/PaintColorLogos/Paint_Scout_Polar_White_Grey_Icon.tif,,,,,,,a31dae76-346b-4e04-9dfc-cf6754f22b15,libs/foundry/records/scitemmanufacturer/paintcolorlogos/paint_scout_iae2951_grey_white_logo.xml
Paint_Shiv_Beige_Beige_Black_Logo,,manufacturer_NameMRAI,,manufacturer_DescMRAI,UI/SharedAssets/PaintColorLogos/Paint_Shiv_Beige_Beige_Black.tif,,,,,,,58833abf-2af2-4629-8333-3df8b2125f07,libs/foundry/records/scitemmanufacturer/paintcolorlogos/paint_shiv_beige_beige_black_logo.xml
Paint_Shiv_Black_Black_Black_Logo,,manufacturer_NameMRAI,,manufacturer_DescMRAI,UI/SharedAssets/PaintColorLogos/Paint_Shiv_Black_Black_Black.tif,,,,,,,869a5b0c-0e78-4e41-9e44-5c662c89349b,libs/foundry/records/scitemmanufacturer/paintcolorlogos/paint_shiv_black_black_black_logo.xml
Paint_Shiv_Black_Black_Red_Camo_Logo,,manufacturer_NameMRAI,,manufacturer_DescMRAI,UI/SharedAssets/PaintColorLogos/Paint_Shiv_Black_Black_Red_Camo.tif,,,,,,,0240c073-4a6e-4a9a-a944-af2fa9e452cb,libs/foundry/records/scitemmanufacturer/paintcolorlogos/paint_shiv_black_black_red_camo_logo.xml
Paint_Shiv_Brown_White_Brown_Logo,,manufacturer_NameMRAI,,manufacturer_DescMRAI,UI/SharedAssets/PaintColorLogos/Paint_Shiv_Brown_White_Brown_Skull.tif,,,,,,,741b737d-63e2-49b5-8eb7-34ff9a4ed7e8,libs/foundry/records/scitemmanufacturer/paintcolorlogos/paint_shiv_brown_white_brown_logo.xml
Paint_Shiv_Green_Grey_Yellow_Logo,,manufacturer_NameGREY,,manufacturer_DescGREY,UI/SharedAssets/PaintColorLogos/Paint_Shiv_Green_Grey_Yellow_Icon.tif,,,,,,,bf8c1d5a-2798-4597-bab5-bc6401775260,libs/foundry/records/scitemmanufacturer/paintcolorlogos/paint_shiv_green_grey_yellow_logo.xml
Paint_Shiv_Silver_Silver_Silver_Logo,,manufacturer_NameMRAI,,manufacturer_DescMRAI,UI/SharedAssets/PaintColorLogos/Paint_Shiv_Silver_Silver_Silver.tif,,,,,,,eb293d3d-0923-4ffe-9fdd-b24309bfe74e,libs/foundry/records/scitemmanufacturer/paintcolorlogos/paint_shiv_silver_silver_silver_logo.xml
Paint_Shiv_White_Blue_Black_Logo,,manufacturer_NameMRAI,,manufacturer_DescMRAI,UI/SharedAssets/PaintColorLogos/Paint_Shiv_White_Blue_Black_Floral.tif,,,,,,,69916eda-5e35-44b9-acdb-1acd1f36026b,libs/foundry/records/scitemmanufacturer/paintcolorlogos/paint_shiv_white_blue_black_logo.xml
Paint_Spartan_IAE2951_Grey_White_Camo_Logo,,manufacturer_NameANVL,,manufacturer_DescANVL,UI/SharedAssets/PaintColorLogos/Paint_Spartan_PolarCamo_White_Grey_Icon.tif,,,,,,,ccb36630-2c7f-4c5f-9298-159bd1df51fe,libs/foundry/records/scitemmanufacturer/paintcolorlogos/paint_spartan_iae2951_grey_white_camo_logo.xml
Paint_Spartan_Ranger_GreenCamo_Logo,,manufacturer_NameANVL,,manufacturer_DescANVL,UI/SharedAssets/PaintColorLogos/Paint_Spartan_Ranger_GreenCamo_Icon.tif,,,,,,,b0fc1b8e-a69f-45f5-b922-2c95dd73afb1,libs/foundry/records/scitemmanufacturer/paintcolorlogos/paint_spartan_ranger_greencamo_logo.xml
Paint_Spartan_Sidewinder_Brown_Logo,,manufacturer_NameANVL,,manufacturer_DescANVL,UI/SharedAssets/PaintColorLogos/Paint_Spartan_Sidewinder_Brown_Icon.tif,,,,,,,ead93763-7fc8-4f11-806a-4da785c22bc2,libs/foundry/records/scitemmanufacturer/paintcolorlogos/paint_spartan_sidewinder_brown_logo.xml
Paint_Spirit_A1_Green_Black_Orange_Logo,,manufacturer_NameCRUS,,manufacturer_DescCRUS,UI/SharedAssets/PaintColorLogos/Paint_Spirit_Green_Black_Orange_Icon.tif,,,,,,,2af96d7c-ef97-414d-b022-6eb81aeafd5b,libs/foundry/records/scitemmanufacturer/paintcolorlogos/paint_spirit_a1_green_black_orange_logo.xml
Paint_Spirit_Beige_Grey_Red_Headhunters_Logo,,manufacturer_NameCRUS,,manufacturer_DescCRUS,UI/SharedAssets/PaintColorLogos/paint_spirit_beige_grey_red_headhunters_icon.tif,,,,,,,bea39b2f-086c-421f-9490-ff877943971e,libs/foundry/records/scitemmanufacturer/paintcolorlogos/paint_spirit_beige_grey_red_headhunters_logo.xml
Paint_Spirit_BIS2954_Logo,,manufacturer_NameCRUS,,manufacturer_DescCRUS,UI/SharedAssets/PaintColorLogos/Paint_Spirit_bis2954_Icon.tif,,,,,,,0a345218-0201-4da9-aca7-ddbcff0730de,libs/foundry/records/scitemmanufacturer/paintcolorlogos/paint_spirit_bis2954_logo.xml
Paint_Spirit_Black_Blue_White_Logo,,manufacturer_NameCRUS,,manufacturer_DescCRUS,UI/SharedAssets/PaintColorLogos/Paint_Spirit_Black_Blue_White_Icon.tif,,,,,,,1b953266-986f-4242-b04f-8f6ceeca4217,libs/foundry/records/scitemmanufacturer/paintcolorlogos/paint_spirit_black_blue_white_logo.xml
Paint_Spirit_Blue_White_Red_Logo,,manufacturer_NameCRUS,,manufacturer_DescCRUS,UI/SharedAssets/PaintColorLogos/Paint_Spirit_Blue_White_Red_Icon.tif,,,,,,,379c7dbc-faef-4f0b-96b0-336aa3370e32,libs/foundry/records/scitemmanufacturer/paintcolorlogos/paint_spirit_blue_white_red_logo.xml
Paint_Spirit_C1_Red_Black_White_Logo,,manufacturer_NameCRUS,,manufacturer_DescCRUS,UI/SharedAssets/PaintColorLogos/Paint_Spirit_Red_Black_White_Icon.tif,,,,,,,7006d7f9-f43c-40f2-937b-d9ada1ae65a0,libs/foundry/records/scitemmanufacturer/paintcolorlogos/paint_spirit_c1_red_black_white_logo.xml
Paint_Spirit_E1_Black_Black_Gold_Logo,,manufacturer_NameCRUS,,manufacturer_DescCRUS,UI/SharedAssets/PaintColorLogos/Paint_Spirit_Black_Black_Gold_Icon.tif,,,,,,,361b3137-e1a5-4e98-a743-7d874340d4fb,libs/foundry/records/scitemmanufacturer/paintcolorlogos/paint_spirit_e1_black_black_gold_logo.xml
Paint_Spirit_GoblinG_A_Red_Black_Logo,,manufacturer_NameCRUS,,manufacturer_DescCRUS,UI/SharedAssets/PaintColorLogos/Paint_Spirit_Arccorp_Icon.tif,,,,,,,260492eb-17f2-440d-99f0-c2dcb5432e4f,libs/foundry/records/scitemmanufacturer/paintcolorlogos/paint_spirit_gobling_a_red_black_logo.xml
Paint_Spirit_GoblinG_C_Blue_Black_Logo,,manufacturer_NameCRUS,,manufacturer_DescCRUS,UI/SharedAssets/PaintColorLogos/Paint_Spirit_Crusader_Icon.tif,,,,,,,73fea84d-dc2f-4ca0-923c-e6cea42eda02,libs/foundry/records/scitemmanufacturer/paintcolorlogos/paint_spirit_gobling_c_blue_black_logo.xml
Paint_Spirit_GoblinG_H_Black_Yellow_Logo,,manufacturer_NameCRUS,,manufacturer_DescCRUS,UI/SharedAssets/PaintColorLogos/Paint_Spirit_Hurston_Icon.tif,,,,,,,93f1bf07-50bb-4c66-9d95-193ffb263f15,libs/foundry/records/scitemmanufacturer/paintcolorlogos/paint_spirit_gobling_h_black_yellow_logo.xml
Paint_Spirit_GoblinG_M_White_Blue_Logo,,manufacturer_NameCRUS,,manufacturer_DescCRUS,UI/SharedAssets/PaintColorLogos/Paint_Spirit_Microtech_Icon.tif,,,,,,,0132d449-a785-40be-b581-a93d3eaa2441,libs/foundry/records/scitemmanufacturer/paintcolorlogos/paint_spirit_gobling_m_white_blue_logo.xml
Paint_Spirit_Green_Black_Grey_cfp_Logo,,manufacturer_NameCRUS,,manufacturer_DescCRUS,UI/SharedAssets/PaintColorLogos/paint_spirit_green_black_grey_cfp_icon.tif,,,,,,,b0936493-d8ef-4893-aa9c-6d7d6653d36d,libs/foundry/records/scitemmanufacturer/paintcolorlogos/paint_spirit_green_black_grey_cfp_logo.xml
Paint_Spirit_Grey_Grey_Blue_Logo,,manufacturer_NameCRUS,,manufacturer_DescCRUS,UI/SharedAssets/PaintColorLogos/Paint_Spirit_Grey_Grey_Blue_Icon.tif,,,,,,,360f9f73-a7ba-4a27-bfb3-f661cb6c745b,libs/foundry/records/scitemmanufacturer/paintcolorlogos/paint_spirit_grey_grey_blue_logo.xml
Paint_Spirit_Luminalia_Green_Red_Logo,,manufacturer_NameCRUS,,manufacturer_DescCRUS,UI/SharedAssets/PaintColorLogos/Paint_Spirit_Green_Red_Luminalia.tif,,,,,,,69f67d4a-0dbe-4133-9106-48b71d6bc2b5,libs/foundry/records/scitemmanufacturer/paintcolorlogos/paint_spirit_luminalia_green_red_logo.xml
Paint_Spirit_Luminalia_White_Blue_Logo,,manufacturer_NameCRUS,,manufacturer_DescCRUS,UI/SharedAssets/PaintColorLogos/Paint_Spirit_White_Blue_Luminalia.tif,,,,,,,021f3296-effa-4102-a949-6fa0cd4c223b,libs/foundry/records/scitemmanufacturer/paintcolorlogos/paint_spirit_luminalia_white_blue_logo.xml
Paint_Spirit_Maroon_Beige_Blue_Logo,,manufacturer_NameCRUS,,manufacturer_DescCRUS,UI/SharedAssets/PaintColorLogos/Paint_Spirit_Maroon_Beige_Blue_Icon.tif,,,,,,,79d33f59-dde7-4b6e-a65c-22ec1a235cd0,libs/foundry/records/scitemmanufacturer/paintcolorlogos/paint_spirit_maroon_beige_blue_logo.xml
Paint_Spirit_White_Black_Red_Logo,,manufacturer_NameCRUS,,manufacturer_DescCRUS,UI/SharedAssets/PaintColorLogos/Paint_Spirit_White_Black_Red_Icon.tif,,,,,,,c1c78245-1ee3-47be-ae2f-7829f5cfb4b2,libs/foundry/records/scitemmanufacturer/paintcolorlogos/paint_spirit_white_black_red_logo.xml
Paint_Spirit_White_Blue_Black_Logo,,manufacturer_NameCRUS,,manufacturer_DescCRUS,UI/SharedAssets/PaintColorLogos/Paint_Spirit_White_Blue_Black_Icon.tif,,,,,,,4240b910-33f3-4835-a0be-f69484556eed,libs/foundry/records/scitemmanufacturer/paintcolorlogos/paint_spirit_white_blue_black_logo.xml
Paint_Spirit_Yellow_Black_Black_Logo,,manufacturer_NameCRUS,,manufacturer_DescCRUS,UI/SharedAssets/PaintColorLogos/Paint_Spirit_Yellow_Black_Black_Icon.tif,,,,,,,68e81302-966d-4a93-a742-6ec98059acef,libs/foundry/records/scitemmanufacturer/paintcolorlogos/paint_spirit_yellow_black_black_logo.xml
Paint_Spirit_Yellow_Black_Chevron_Logo,,manufacturer_NameCRUS,,manufacturer_DescCRUS,UI/SharedAssets/PaintColorLogos/Paint_Spirit_Yellow_Black_Chevrons_Icon.tif,,,,,,,bbeeb31d-1289-440c-b216-6e96ec87709c,libs/foundry/records/scitemmanufacturer/paintcolorlogos/paint_spirit_yellow_black_chevron_logo.xml
Paint_SRV_Black_Yellow_Logo,,manufacturer_NameARGO,,manufacturer_DescARGO,UI/SharedAssets/PaintColorLogos/Paint_SRV_Black_Yellow_Icon.tif,,,,,,,5f37b985-c820-4456-a619-b42bd7bbc8ae,libs/foundry/records/scitemmanufacturer/paintcolorlogos/paint_srv_black_yellow_logo.xml
Paint_SRV_Blue_Beige_Logo,,manufacturer_NameARGO,,manufacturer_DescARGO,UI/SharedAssets/PaintColorLogos/Paint_SRV_Blue_Beige_Icon.tif,,,,,,,b02f96bc-f58d-4684-8085-874c7ae4ec32,libs/foundry/records/scitemmanufacturer/paintcolorlogos/paint_srv_blue_beige_logo.xml
Paint_SRV_Lovestruck_Pink_Black_Logo,,manufacturer_NameARGO,,manufacturer_DescARGO,UI/SharedAssets/PaintColorLogos/Paint_SRV_Lovestruck_Purple_Pink_Icon.tif,,,,,,,f72757e4-6ce1-4cd7-b3f8-8b6ec43b19c9,libs/foundry/records/scitemmanufacturer/paintcolorlogos/paint_srv_lovestruck_pink_black_logo.xml
Paint_SRV_White_Grey_Logo,,manufacturer_NameARGO,,manufacturer_DescARGO,UI/SharedAssets/PaintColorLogos/Paint_SRV_White_Grey_Icon.tif,,,,,,,02d06a62-4402-46bb-89d3-81f31f82a225,libs/foundry/records/scitemmanufacturer/paintcolorlogos/paint_srv_white_grey_logo.xml
Paint_Star_Runner_BIS2951_Logo,,manufacturer_NameCRUS,,manufacturer_DescCRUS,UI/SharedAssets/PaintColorLogos/Paint_StarRunner_BIS_2021_Blue_DarkBlue_Icon.tif,,,,,,,af6719f1-382a-43cc-92e8-49e3e00e6b06,libs/foundry/records/scitemmanufacturer/paintcolorlogos/paint_star_runner_bis2951_logo.xml
Paint_Star_Runner_BIS2952_Black_Red_Logo,,manufacturer_NameCRUS,,manufacturer_DescCRUS,UI/SharedAssets/PaintColorLogos/Paint_Star_Runner_BIS_2952_Icon.tif,,,,,,,902a824a-70cf-427b-b071-859a8b3650de,libs/foundry/records/scitemmanufacturer/paintcolorlogos/paint_star_runner_bis2952_black_red_logo.xml
Paint_Star_Runner_Blackguard_Black_Blue_Logo,,manufacturer_NameCRUS,,manufacturer_DescCRUS,UI/SharedAssets/PaintColorLogos/paint_star_runner_blackguard_black_blue_icon.tif,,,,,,,1c6c086c-6714-4979-bb36-60a80fde8c9a,libs/foundry/records/scitemmanufacturer/paintcolorlogos/paint_star_runner_blackguard_black_blue_logo.xml
Paint_Star_Runner_Blue_Turquoise_Logo,,manufacturer_NameCRUS,,manufacturer_DescCRUS,UI/SharedAssets/PaintColorLogos/Paint_Star_Runner_Unity_Blue_Turquoise_Icon.tif,,,,,,,04a04fc0-baf1-455a-8f58-76fa6e459b68,libs/foundry/records/scitemmanufacturer/paintcolorlogos/paint_star_runner_blue_turquoise_logo.xml
Paint_Star_Runner_Equinox_Orange_Black_Logo,,manufacturer_NameCRUS,,manufacturer_DescCRUS,UI/SharedAssets/PaintColorLogos/paint_star_runner_equinox_orange_black_icon.tif,,,,,,,e5145e1d-7442-481e-8b5d-55f19cd655f6,libs/foundry/records/scitemmanufacturer/paintcolorlogos/paint_star_runner_equinox_orange_black_logo.xml
Paint_Star_Runner_IAE2950_Grey_White_Camo_Logo,,manufacturer_NameCRUS,,manufacturer_DescCRUS,UI/SharedAssets/PaintColorLogos/Paint_Star_Runner_IAE2950_Grey_White_Camo_Icon.tif,,,,,,,6726e4de-0191-4376-b959-0e17a8198698,libs/foundry/records/scitemmanufacturer/paintcolorlogos/paint_star_runner_iae2950_grey_white_camo_logo.xml
Paint_Star_Runner_Night_Runner_Logo,,manufacturer_NameCRUS,,manufacturer_DescCRUS,UI/SharedAssets/PaintColorLogos/Paint_Star_Runner_Nightrunner_Black_Gold_Icon.tif,,,,,,,5f5d7ee4-6e8e-46e9-b27a-9abcea611c3c,libs/foundry/records/scitemmanufacturer/paintcolorlogos/paint_star_runner_night_runner_logo.xml
Paint_Star_Runner_PirateWeek_Black_Clear_Logo,,manufacturer_NameCRUS,,manufacturer_DescCRUS,UI/SharedAssets/PaintColorLogos/Paint_Star_Runner_TLAPD_Black_Black_Black_Clearcoat_Icon.tif,,,,,,,855b18f6-0e99-496a-a3f9-d333c98d7c5d,libs/foundry/records/scitemmanufacturer/paintcolorlogos/paint_star_runner_pirateweek_black_clear_logo.xml
Paint_Star_Runner_Silver_Spark_Grey_Yellow_Logo,,manufacturer_NameCRUS,,manufacturer_DescCRUS,UI/SharedAssets/PaintColorLogos/paint_star_runner_silver_spark_grey_yellow_icon.tif,,,,,,,ba42353a-8f9f-4fb2-807d-dd1dcdd5535b,libs/foundry/records/scitemmanufacturer/paintcolorlogos/paint_star_runner_silver_spark_grey_yellow_logo.xml
Paint_Star_Runner_Skyrider_Blue_Logo,,manufacturer_NameCRUS,,manufacturer_DescCRUS,UI/SharedAssets/PaintColorLogos/Paint_Star_Runner_Skyrider_Blue_Icon.tif,,,,,,,20fda948-02e6-4fef-93a0-49aa8e405c41,libs/foundry/records/scitemmanufacturer/paintcolorlogos/paint_star_runner_skyrider_blue_logo.xml
Paint_Star_Runner_StPatricks2951_Logo,,manufacturer_NameCRUS,,manufacturer_DescCRUS,UI/SharedAssets/PaintColorLogos/Paint_Star_Runner_StPatricks2951_icon.tif,,,,,,,ca41220e-e274-4e00-a024-6d6f43466853,libs/foundry/records/scitemmanufacturer/paintcolorlogos/paint_star_runner_stpatricks2951_logo.xml
Paint_Starfarer_Invictus_Black_Logo,,manufacturer_NameACAS,,manufacturer_DescACAS,UI/SharedAssets/PaintColorLogos/Paint_Starfarer_Invictus_Black_Icon.tif,,,,,,,6595f94c-2e2e-436d-a160-63030c498867,libs/foundry/records/scitemmanufacturer/paintcolorlogos/paint_starfarer_invictus_black_logo.xml
Paint_Starfarer_Invictus_Camo_Logo,,manufacturer_NameACAS,,manufacturer_DescACAS,UI/SharedAssets/PaintColorLogos/Paint_Starfarer_Invictus_Camo_Icon.tif,,,,,,,732de86d-5622-498b-a49e-ff2f07b39331,libs/foundry/records/scitemmanufacturer/paintcolorlogos/paint_starfarer_invictus_camo_logo.xml
Paint_Starfarer_Invictus_Light_Grey_Logo,,manufacturer_NameACAS,,manufacturer_DescACAS,UI/SharedAssets/PaintColorLogos/Paint_Starfarer_Invictus_Light_Grey_Icon.tif,,,,,,,c1996a4f-c292-4536-a223-277d4b581766,libs/foundry/records/scitemmanufacturer/paintcolorlogos/paint_starfarer_invictus_light_grey_logo.xml
Paint_Starfarer_Invictus_Unity_Logo,,manufacturer_NameMISC,,manufacturer_DescMISC,,,,,,,,e3c02d4c-7f60-4e5c-a1ad-b3c9189f3b63,libs/foundry/records/scitemmanufacturer/paintcolorlogos/paint_starfarer_invictus_unity_logo.xml
Paint_Starfighter_Black_Gold_Logo,,manufacturer_NameCRUS,,manufacturer_DescCRUS,UI/SharedAssets/PaintColorLogos/Paint_Starifighter_Inferno_Black_Gold_Blossom.tif,,,,,,,612fa872-f9c6-46fc-ba51-f9526e25ef4c,libs/foundry/records/scitemmanufacturer/paintcolorlogos/paint_starfighter_black_gold_logo.xml
Paint_Starfighter_Cinder_Grey_Black_Logo,,manufacturer_NameCRUS,,manufacturer_DescCRUS,UI/SharedAssets/PaintColorLogos/Paint_Starfighter_Cinder_Grey_Black_Icon.tif,,,,,,,a690f044-312a-48f1-bd80-ac6b44a7e776,libs/foundry/records/scitemmanufacturer/paintcolorlogos/paint_starfighter_cinder_grey_black_logo.xml
Paint_Starfighter_Fleetweek_Blue_White,,manufacturer_NameCRUS,,manufacturer_DescCRUS,UI/SharedAssets/PaintColorLogos/Paint_Starfighter_Inferno_Invictus_2952_Blue_Icon.tif,,,,,,,a6783597-262a-4dae-8645-b8002ba70e93,libs/foundry/records/scitemmanufacturer/paintcolorlogos/paint_starfighter_fleetweek_blue_white.xml
Paint_Starfighter_Fleetweek_Grey_Green_Camo,,manufacturer_NameCRUS,,manufacturer_DescCRUS,UI/SharedAssets/PaintColorLogos/Paint_Starfighter_Inferno_Invictus_2952_Grey_Green_Icon.tif,,,,,,,5b52ad27-c9de-449a-a301-aa59d2bc7c07,libs/foundry/records/scitemmanufacturer/paintcolorlogos/paint_starfighter_fleetweek_grey_green_camo.xml
Paint_Starfighter_Flint_LightGrey_Logo,,manufacturer_NameCRUS,,manufacturer_DescCRUS,UI/SharedAssets/PaintColorLogos/Paint_Starfighter_Flint_LightGrey_Icon.tif,,,,,,,2bc5f0e0-2d28-4e77-a0b7-3f4f44ff840e,libs/foundry/records/scitemmanufacturer/paintcolorlogos/paint_starfighter_flint_lightgrey_logo.xml
Paint_Starfighter_Grey_Grey_Yellow_Camo_Logo,,manufacturer_NameCRUS,,manufacturer_DescCRUS,UI/SharedAssets/PaintColorLogos/Paint_Starfighter_Ion_Grey_Grey_Yellow_Camo_Icon.tif,,,,,,,6facb164-0f0b-4061-a757-a3307791278c,libs/foundry/records/scitemmanufacturer/paintcolorlogos/paint_starfighter_grey_grey_yellow_camo_logo.xml
Paint_Starfighter_IAE2951_Grey_White_Camo_Logo,,manufacturer_NameCRUS,,manufacturer_DescCRUS,UI/SharedAssets/PaintColorLogos/Paint_Starfighter_PolarCamo_White_Grey_Icon.tif,,,,,,,4eb9befe-dd85-40bf-8e43-51f6f4b92af6,libs/foundry/records/scitemmanufacturer/paintcolorlogos/paint_starfighter_iae2951_grey_white_camo_logo.xml
Paint_Starfighter_Inferno_Ember_Black_Grey_Red_Logo,,manufacturer_NameCRUS,,manufacturer_DescCRUS,UI/SharedAssets/PaintColorLogos/Paint_Starfighter_Inferno_Ember_Black_Grey_Red_Icon.tif,,,,,,,f10aac78-8131-4d5d-b395-5c3f1712f821,libs/foundry/records/scitemmanufacturer/paintcolorlogos/paint_starfighter_inferno_ember_black_grey_red_logo.xml
Paint_Starfighter_Ion_Radiance_White_Grey_Red_Logo,,manufacturer_NameCRUS,,manufacturer_DescCRUS,UI/SharedAssets/PaintColorLogos/Paint_Starfighter_Ion_Radiance_White_Grey_Red_Icon.tif,,,,,,,c47274f8-436b-400c-8779-467ddc5b582b,libs/foundry/records/scitemmanufacturer/paintcolorlogos/paint_starfighter_ion_radiance_white_grey_red_logo.xml
Paint_Starfighter_Lovestruck_Pink_Black_Logo,,manufacturer_NameCRUS,,manufacturer_DescCRUS,UI/SharedAssets/PaintColorLogos/Paint_Starfighter_Ion_Lovestruck_Purple_Pink_Icon.tif,,,,,,,2f2d49da-1547-48c9-bf11-dba059c683ec,libs/foundry/records/scitemmanufacturer/paintcolorlogos/paint_starfighter_lovestruck_pink_black_logo.xml
Paint_Starfighter_Outrider_Green_Black_Logo,,manufacturer_NameCRUS,,manufacturer_DescCRUS,UI/SharedAssets/PaintColorLogos/Paint_Starfighter_Outrider_Green_Black_Icon.tif,,,,,,,54dcfe30-baba-4dcb-b4ed-080c85f3bf44,libs/foundry/records/scitemmanufacturer/paintcolorlogos/paint_starfighter_outrider_green_black_logo.xml
Paint_Starfighter_PirateWeek_Black_Clear_Logo,,manufacturer_NameCRUS,,manufacturer_DescCRUS,UI/SharedAssets/PaintColorLogos/Paint_Starfighter_TLAPD_Black_Black_Black_Clearcoat_Icon.tif,,,,,,,0a897cb2-ecc6-4013-9b41-7a6f309bb995,libs/foundry/records/scitemmanufacturer/paintcolorlogos/paint_starfighter_pirateweek_black_clear_logo.xml
Paint_Starfighter_Red_White_Pink_Crusader_Logo,,manufacturer_NameCRUS,,manufacturer_DescCRUS,UI/SharedAssets/PaintColorLogos/Paint_Starfighter_Red_White_Pink_Crusader_Icon.tif,,,,,,,03dd9d3c-6486-43e7-b673-f14369947de5,libs/foundry/records/scitemmanufacturer/paintcolorlogos/paint_starfighter_red_white_pink_crusader_logo.xml
Paint_Starfighter_Sand_Orange_Hurston_Logo,,manufacturer_NameCRUS,,manufacturer_DescCRUS,UI/SharedAssets/PaintColorLogos/Paint_Starfighter_Sand_Orange_Hurston_Icon.tif,,,,,,,a890eacb-dedd-4806-9517-576bd3d1db92,libs/foundry/records/scitemmanufacturer/paintcolorlogos/paint_starfighter_sand_orange_hurston_logo.xml
Paint_Starfighter_White_Blue_Blue_microTech_Logo,,manufacturer_NameCRUS,,manufacturer_DescCRUS,UI/SharedAssets/PaintColorLogos/Paint_Starfighter_White_Blue_Blue_microTech_Icon.tif,,,,,,,18305cc1-5e34-44ec-a522-2a318239e4f7,libs/foundry/records/scitemmanufacturer/paintcolorlogos/paint_starfighter_white_blue_blue_microtech_logo.xml
Paint_Starlancer_Blue_Black_White_Logo,,manufacturer_NameMISC,,manufacturer_DescMISC,UI/SharedAssets/PaintColorLogos/Paint_Starlancer_BabyBlue_Black_White_Icon.tif,,,,,,,99dc08db-37b5-48c7-88c8-0a3d78d9f425,libs/foundry/records/scitemmanufacturer/paintcolorlogos/paint_starlancer_blue_black_white_logo.xml
Paint_Starlancer_Blue_Blue_Yellow_Icon,,manufacturer_NameMISC,,manufacturer_DescMISC,UI/SharedAssets/PaintColorLogos/Paint_Starlancer_Blue_Blue_Yellow_Icon.tif,,,,,,,21eecea5-916c-42d4-bd01-e3f4dfcdbec2,libs/foundry/records/scitemmanufacturer/paintcolorlogos/paint_starlancer_blue_blue_yellow_icon.xml
Paint_Starlancer_Citcon2954_Blue_Black_White_Logo,,manufacturer_NameMISC,,manufacturer_DescMISC,UI/SharedAssets/PaintColorLogos/Paint_Starlancer_CitCon2954_Blue_Black_White_Icon.tif,,,,,,,ebfc8440-7be4-49df-9001-11280547295b,libs/foundry/records/scitemmanufacturer/paintcolorlogos/paint_starlancer_citcon2954_blue_black_white_logo.xml
Paint_Starlancer_GoblinG_A_Red_Black_Logo,,manufacturer_NameMISC,,manufacturer_DescMISC,UI/SharedAssets/PaintColorLogos/Paint_Starlancer_Arccorp_Icon.tif,,,,,,,08aa46c7-7ee4-488e-ba6c-6c0957b1f9f4,libs/foundry/records/scitemmanufacturer/paintcolorlogos/paint_starlancer_gobling_a_red_black_logo.xml
Paint_Starlancer_GoblinG_C_Blue_Black_Logo,,manufacturer_NameMISC,,manufacturer_DescMISC,UI/SharedAssets/PaintColorLogos/Paint_Starlancer_Crusader_Icon.tif,,,,,,,9c7c398c-e9fa-486d-a451-ee5a71a53ebb,libs/foundry/records/scitemmanufacturer/paintcolorlogos/paint_starlancer_gobling_c_blue_black_logo.xml
Paint_Starlancer_GoblinG_H_Black_Yellow_Logo,,manufacturer_NameMISC,,manufacturer_DescMISC,UI/SharedAssets/PaintColorLogos/Paint_Starlancer_Hurston_Icon.tif,,,,,,,81895ae2-3e8b-46ff-915a-fe3f013b795c,libs/foundry/records/scitemmanufacturer/paintcolorlogos/paint_starlancer_gobling_h_black_yellow_logo.xml
Paint_Starlancer_GoblinG_M_White_Blue_Logo,,manufacturer_NameMISC,,manufacturer_DescMISC,UI/SharedAssets/PaintColorLogos/Paint_Starlancer_Microtech_Icon.tif,,,,,,,43133af8-93e1-4603-8844-57be0958c0a2,libs/foundry/records/scitemmanufacturer/paintcolorlogos/paint_starlancer_gobling_m_white_blue_logo.xml
Paint_Starlancer_Green_Black_Orange_Logo,,manufacturer_NameMISC,,manufacturer_DescMISC,UI/SharedAssets/PaintColorLogos/Paint_Starlancer_Green_Black_Orange_Icon.tif,,,,,,,65ad97f9-7f3e-49b0-b660-b36c8a0a4abc,libs/foundry/records/scitemmanufacturer/paintcolorlogos/paint_starlancer_green_black_orange_logo.xml
Paint_Starlancer_Grey_Grey_Yellow_Camo_Logo,,manufacturer_NameMISC,,manufacturer_DescMISC,UI/SharedAssets/PaintColorLogos/Paint_Starlancer_Grey_Grey_Yellow_Camo_Icon.tif,,,,,,,dca2b7cc-86f9-47ed-927c-f2782086031e,libs/foundry/records/scitemmanufacturer/paintcolorlogos/paint_starlancer_grey_grey_yellow_camo_logo.xml
Paint_Starlancer_Grey_Red_Black_Icon,,manufacturer_NameMISC,,manufacturer_DescMISC,UI/SharedAssets/PaintColorLogos/Paint_Starlancer_Grey_Red_Black_Icon.tif,,,,,,,bd877fb7-ac16-49ac-9956-931ed371090a,libs/foundry/records/scitemmanufacturer/paintcolorlogos/paint_starlancer_grey_red_black_icon.xml
Paint_Starlancer_Grey_White_Grey_Icon,,manufacturer_NameMISC,,manufacturer_DescMISC,UI/SharedAssets/PaintColorLogos/Paint_Starlancer_Grey_White_Grey_Icon.tif,,,,,,,d4157abb-155a-4789-80b5-813608b9df24,libs/foundry/records/scitemmanufacturer/paintcolorlogos/paint_starlancer_grey_white_grey_icon.xml
Paint_Starlancer_Orange_Blue_White_Logo,,manufacturer_NameMISC,,manufacturer_DescMISC,UI/SharedAssets/PaintColorLogos/Paint_Starlancer_Orange_Blue_White_Icon.tif,,,,,,,9b3a4fea-083b-422b-85af-21147acc1a16,libs/foundry/records/scitemmanufacturer/paintcolorlogos/paint_starlancer_orange_blue_white_logo.xml
Paint_Starlancer_Tan_Blue_White_Logo,,manufacturer_NameMISC,,manufacturer_DescMISC,UI/SharedAssets/PaintColorLogos/Paint_Starlancer_Beige_DarkBlue_White_Icon.tif,,,,,,,0aed2b22-6058-411f-b043-b8332d9cb36c,libs/foundry/records/scitemmanufacturer/paintcolorlogos/paint_starlancer_tan_blue_white_logo.xml
Paint_Starlancer_Yellow_Blue_White_Logo,,manufacturer_NameMISC,,manufacturer_DescMISC,UI/SharedAssets/PaintColorLogos/Paint_Starlancer_Yellow_Blue_White_Icon.tif,,,,,,,fce12f98-a122-4018-8a3d-182ce8fde0b6,libs/foundry/records/scitemmanufacturer/paintcolorlogos/paint_starlancer_yellow_blue_white_logo.xml
Paint_Starlifter_C2_BIS2951_Logo,,manufacturer_NameCRUS,,manufacturer_DescCRUS,UI/SharedAssets/PaintColorLogos/Paint_Starlifter_BIS_2021_Blue_DarkBlue_Icon.tif,,,,,,,1fdad0d9-352a-4913-ac40-526437e517de,libs/foundry/records/scitemmanufacturer/paintcolorlogos/paint_starlifter_c2_bis2951_logo.xml
Paint_Starlifter_Fleetweek2021_Black_Logo,,manufacturer_NameCRUS,,manufacturer_DescCRUS,UI/SharedAssets/PaintColorLogos/Paint_Hercules_Cerberus_Blue_Icon.tif,,,,,,,b3c9ad1f-7f65-4ac5-8f41-756e5922bf44,libs/foundry/records/scitemmanufacturer/paintcolorlogos/paint_starlifter_fleetweek2021_black_logo.xml
Paint_Starlifter_Fleetweek2021_Blue_Yellow_Logo,,manufacturer_NameCRUS,,manufacturer_DescCRUS,UI/SharedAssets/PaintColorLogos/Paint_Hercules_Triton_Blue_Yellow_Icon.tif,,,,,,,ef646d32-2f24-4519-ab3f-0b445240222e,libs/foundry/records/scitemmanufacturer/paintcolorlogos/paint_starlifter_fleetweek2021_blue_yellow_logo.xml
Paint_Starlifter_Fleetweek2021_Camo_Logo,,manufacturer_NameCRUS,,manufacturer_DescCRUS,UI/SharedAssets/PaintColorLogos/Paint_Hercules_Frostbite_Camo_Icon.tif,,,,,,,218ea68c-9776-4dc6-9b52-9bc12e0b5ee1,libs/foundry/records/scitemmanufacturer/paintcolorlogos/paint_starlifter_fleetweek2021_camo_logo.xml
Paint_Starlifter_Fleetweek2021_Gold_Logo,,manufacturer_NameCRUS,,manufacturer_DescCRUS,UI/SharedAssets/PaintColorLogos/Paint_Hercules_Draco_Gold_Icon.tif,,,,,,,7abf1921-dcb8-4b6d-b5b5-ec36954cef87,libs/foundry/records/scitemmanufacturer/paintcolorlogos/paint_starlifter_fleetweek2021_gold_logo.xml
Paint_Starlifter_Fleetweek2021_Green_Orange_Logo,,manufacturer_NameACAS,,manufacturer_DescACAS,UI/SharedAssets/PaintColorLogos/Paint_Hercules_Timberline_Green_Orange_Icon.tif,,,,,,,54b6de34-263d-439b-bbad-fc65a7f43c76,libs/foundry/records/scitemmanufacturer/paintcolorlogos/paint_starlifter_fleetweek2021_green_orange_logo.xml
Paint_Starlifter_GoblinG_A_Red_Black_Logo,,manufacturer_NameCRUS,,manufacturer_DescCRUS,UI/SharedAssets/PaintColorLogos/Paint_Starlifter_Arccorp_Icon.tif,,,,,,,0331d102-1d0c-443a-8080-eee4246802b2,libs/foundry/records/scitemmanufacturer/paintcolorlogos/paint_starlifter_gobling_a_red_black_logo.xml
Paint_Starlifter_GoblinG_C_Blue_Black_Logo,,manufacturer_NameCRUS,,manufacturer_DescCRUS,UI/SharedAssets/PaintColorLogos/Paint_Starlifter_Crusader_Icon.tif,,,,,,,7b48ff76-e188-4e70-b263-6f70473eea7e,libs/foundry/records/scitemmanufacturer/paintcolorlogos/paint_starlifter_gobling_c_blue_black_logo.xml
Paint_Starlifter_GoblinG_H_Black_Yellow_Logo,,manufacturer_NameCRUS,,manufacturer_DescCRUS,UI/SharedAssets/PaintColorLogos/Paint_Starlifter_Hurston_Icon.tif,,,,,,,3e48892e-95f3-4f44-a0b1-537502a0870c,libs/foundry/records/scitemmanufacturer/paintcolorlogos/paint_starlifter_gobling_h_black_yellow_logo.xml
Paint_Starlifter_GoblinG_M_White_Blue_Logo,,manufacturer_NameCRUS,,manufacturer_DescCRUS,UI/SharedAssets/PaintColorLogos/Paint_Starlifter_Microtech_Icon.tif,,,,,,,a83b1697-4f68-47da-ad0e-367ede37cc79,libs/foundry/records/scitemmanufacturer/paintcolorlogos/paint_starlifter_gobling_m_white_blue_logo.xml
Paint_Starlifter_Grey_Grey_Yellow_Camo_Logo,,manufacturer_NameCRUS,,manufacturer_DescCRUS,UI/SharedAssets/PaintColorLogos/Paint_Starlifter_Grey_Grey_Yellow_Camo_Icon.tif,,,,,,,889542c3-e578-4c3a-8284-e1c904171f64,libs/foundry/records/scitemmanufacturer/paintcolorlogos/paint_starlifter_grey_grey_yellow_camo_logo.xml
Paint_Starlifter_PirateWeek_Black_Clear_Logo,,manufacturer_NameCRUS,,manufacturer_DescCRUS,UI/SharedAssets/PaintColorLogos/Paint_Starlifter_TLAPD_Black_Black_Black_Clearcoat_Icon.tif,,,,,,,13325092-dd17-40f1-b031-1037ee5354b8,libs/foundry/records/scitemmanufacturer/paintcolorlogos/paint_starlifter_pirateweek_black_clear_logo.xml
Paint_Starlifter_StellaFortuna2954_Green_Logo,,manufacturer_NameCRUS,,manufacturer_DescCRUS,UI/SharedAssets/PaintColorLogos/Paint_Starlifter_StellaFortuna_2954_Green_Icon.tif,,,,,,,f596d0f9-311c-4dea-a588-df2affccbd89,libs/foundry/records/scitemmanufacturer/paintcolorlogos/paint_starlifter_stellafortuna2954_green_logo.xml
Paint_Starlite_Black_Black_Gold_Logo,,manufacturer_NameMISC,,manufacturer_DescMISC,UI/SharedAssets/PaintColorLogos/paint_misc_starlite_black_black_gold_icon.tif,,,,,,,2c4188ef-a52e-4d89-96ce-457fa7991030,libs/foundry/records/scitemmanufacturer/paintcolorlogos/paint_starlite_black_black_gold_logo.xml
Paint_Starlite_Grey_Red_Black_Logo,,manufacturer_NameMISC,,manufacturer_DescMISC,UI/SharedAssets/PaintColorLogos/paint_misc_starlite_grey_red_black_icon.tif,,,,,,,f89843c0-ced0-47d7-a210-5bdb83bd983a,libs/foundry/records/scitemmanufacturer/paintcolorlogos/paint_starlite_grey_red_black_logo.xml
Paint_Starlite_Khaki_Black_White_Logo,,manufacturer_NameMISC,,manufacturer_DescMISC,UI/SharedAssets/PaintColorLogos/paint_misc_starlite_khaki_black_white_icon.tif,,,,,,,6c414d31-9eb3-42f1-a1f8-2ff5cb7c2d6b,libs/foundry/records/scitemmanufacturer/paintcolorlogos/paint_starlite_khaki_black_white_logo.xml
Paint_Starlite_White_Black_Yellow_Logo,,manufacturer_NameMISC,,manufacturer_DescMISC,UI/SharedAssets/PaintColorLogos/paint_misc_starlite_white_black_yellow_icon.tif,,,,,,,f3d43fe6-f920-41f6-8951-c9800809a375,libs/foundry/records/scitemmanufacturer/paintcolorlogos/paint_starlite_white_black_yellow_logo.xml
Paint_Stinger_Black_Black_Black_Logo,,manufacturer_NameESPR,,manufacturer_DescESPR,UI/SharedAssets/PaintColorLogos/paint_stinger_black_black_black.tif,,,,,,,5b3c97c0-eb72-48ef-bc7f-433fe8af31e6,libs/foundry/records/scitemmanufacturer/paintcolorlogos/paint_stinger_black_black_black_logo.xml
Paint_Stinger_Black_Black_Bronze_Logo,,manufacturer_NameESPR,,manufacturer_DescESPR,UI/SharedAssets/PaintColorLogos/paint_stinger_black_black_bronze.tif,,,,,,,d452e541-5ddc-4d56-8fdd-044eea23ae40,libs/foundry/records/scitemmanufacturer/paintcolorlogos/paint_stinger_black_black_bronze_logo.xml
Paint_Stinger_Green_Green_Brown_Logo,,manufacturer_NameESPR,,manufacturer_DescESPR,UI/SharedAssets/PaintColorLogos/paint_stinger_green_green_brown.tif,,,,,,,34c64ddb-3a17-4660-b9bf-5902033dc9c7,libs/foundry/records/scitemmanufacturer/paintcolorlogos/paint_stinger_green_green_brown_logo.xml
Paint_Stinger_Red_Black_Grey_Logo,,manufacturer_NameESPR,,manufacturer_DescESPR,UI/SharedAssets/PaintColorLogos/paint_stinger_red_black_grey.tif,,,,,,,b2be137c-a3bc-4a99-8b3a-149e018ea564,libs/foundry/records/scitemmanufacturer/paintcolorlogos/paint_stinger_red_black_grey_logo.xml
Paint_Stinger_Silver_Grey_Teal_Logo,,manufacturer_NameESPR,,manufacturer_DescESPR,UI/SharedAssets/PaintColorLogos/paint_stinger_silver_grey_teal.tif,,,,,,,5456737b-79e0-44b9-95ed-ca18d07ced81,libs/foundry/records/scitemmanufacturer/paintcolorlogos/paint_stinger_silver_grey_teal_logo.xml
Paint_Stinger_Silver_Silver_Silver_Logo,,manufacturer_NameESPR,,manufacturer_DescESPR,UI/SharedAssets/PaintColorLogos/paint_stinger_silver_silver_silver.tif,,,,,,,7528353e-75f6-4f27-b03f-8ca56d68b1ca,libs/foundry/records/scitemmanufacturer/paintcolorlogos/paint_stinger_silver_silver_silver_logo.xml
Paint_Storm_Dark_Camo_Logo,,manufacturer_NameTMBL,,manufacturer_DescTMBL,UI/SharedAssets/PaintColorLogos/Paint_Storm_Dark_Camo_Icon.tif,,,,,,,a3a2864e-acd4-481c-a7d9-2071a5104368,libs/foundry/records/scitemmanufacturer/paintcolorlogos/paint_storm_dark_camo_logo.xml
Paint_Storm_Green_Green_Camo_Logo,,manufacturer_NameTMBL,,manufacturer_DescTMBL,UI/SharedAssets/PaintColorLogos/Paint_Storm_Green_Green_Camo_Icon.tif,,,,,,,ecdbd49a-36c1-4776-9d85-e7cd5a3b0d8f,libs/foundry/records/scitemmanufacturer/paintcolorlogos/paint_storm_green_green_camo_logo.xml
Paint_Storm_Grey_Gold_Camo_Logo,,manufacturer_NameTMBL,,manufacturer_DescTMBL,UI/SharedAssets/PaintColorLogos/Paint_Storm_Army_Grey_Icon.tif,,,,,,,2b135030-f217-4830-8600-06d3d384381c,libs/foundry/records/scitemmanufacturer/paintcolorlogos/paint_storm_grey_gold_camo_logo.xml
Paint_Storm_White_Grey_TwoTone_Logo,,manufacturer_NameTMBL,,manufacturer_DescTMBL,UI/SharedAssets/PaintColorLogos/Paint_Storm_White_Grey_TwoTone_Icon.tif,,,,,,,27ce7480-1b79-4df5-aea4-5ddea0e223b4,libs/foundry/records/scitemmanufacturer/paintcolorlogos/paint_storm_white_grey_twotone_logo.xml
Paint_Storm_White_White_Camo_Logo,,manufacturer_NameTMBL,,manufacturer_DescTMBL,UI/SharedAssets/PaintColorLogos/Paint_Storm_White_White_Camo_Icon.tif,,,,,,,5dd9882f-f9ed-40b3-b6f9-d3936a13cc71,libs/foundry/records/scitemmanufacturer/paintcolorlogos/paint_storm_white_white_camo_logo.xml
Paint_STV_Green_Black_Logo,,manufacturer_NameOrigin,,manufacturer_DescOrigin,UI/SharedAssets/PaintColorLogos/Paint_STV_Green_Black_Icon.tif,,,,,,,67b35e19-d64d-4f41-b6e5-41f94f86473a,libs/foundry/records/scitemmanufacturer/paintcolorlogos/paint_stv_green_black_logo.xml
Paint_STV_Grey_Logo,,manufacturer_NameOrigin,,manufacturer_DescOrigin,UI/SharedAssets/PaintColorLogos/Paint_STV_DarkGrey_LightGrey_Icon.tif,,,,,,,f461a0ab-f2a4-4bfb-a790-5a8a4934621f,libs/foundry/records/scitemmanufacturer/paintcolorlogos/paint_stv_grey_logo.xml
Paint_STV_Racing_Blue_Blue_Blue_TigerStripes_Logo,,manufacturer_NameGRIN,,manufacturer_NameGRIN,UI/SharedAssets/PaintColorLogos/Paint_STV_Racing_Blue_Blue_Blue_Tigerstripes_Icon.tif,,,,,,,25913a98-343c-4274-a937-78b33b2022df,libs/foundry/records/scitemmanufacturer/paintcolorlogos/paint_stv_racing_blue_blue_blue_tigerstripes_logo.xml
Paint_STV_Racing_Yellow_White_Grey_Stripes_Logo,,manufacturer_NameGRIN,,manufacturer_DescGRIN,UI/SharedAssets/PaintColorLogos/Paint_STV_Racing_Yellow_White_Grey_Stripes_Icon.tif,,,,,,,223edb3a-c91d-4775-9309-5f812d76240c,libs/foundry/records/scitemmanufacturer/paintcolorlogos/paint_stv_racing_yellow_white_grey_stripes_logo.xml
Paint_STV_Silver_Blue_Logo,,manufacturer_NameOrigin,,manufacturer_DescOrigin,UI/SharedAssets/PaintColorLogos/Paint_STV_Silver_Blue_Icon.tif,,,,,,,ca4c0b26-6538-4ce1-96c5-f22a2bcbbd5f,libs/foundry/records/scitemmanufacturer/paintcolorlogos/paint_stv_silver_blue_logo.xml
Paint_Syulen_AlienWeek_Green_Brown_Brown_Logo,,manufacturer_NameANVL,,manufacturer_DescANVL,UI/SharedAssets/PaintColorLogos/Paint_Syulen_AlienWeek2025_Green_Brown_Brown_Icon.tif,,,,,,,d40fe3ab-f8cc-4845-b7e3-0df5a42874d5,libs/foundry/records/scitemmanufacturer/paintcolorlogos/paint_syulen_alienweek_green_brown_brown_logo.xml
Paint_Syulen_AlienWeek_Teal_Pink_Logo,,manufacturer_NameGAMA,,manufacturer_DescGAMA,UI/SharedAssets/PaintColorLogos/Paint_Syulen_Harmony_Teal_Red_Icon.tif,,,,,,,2a1d06ac-69b8-4f0e-a3a3-db3c67d44bef,libs/foundry/records/scitemmanufacturer/paintcolorlogos/paint_syulen_alienweek_teal_pink_logo.xml
Paint_Syulen_AlienWeek_Teal_Red_Logo,,manufacturer_NameGAMA,,manufacturer_DescGAMA,UI/SharedAssets/PaintColorLogos/Paint_Syulen_AlienWeek_Green_Red_Icon.tif,,,,,,,2db42214-0df2-4a7f-b240-2af55583d6b3,libs/foundry/records/scitemmanufacturer/paintcolorlogos/paint_syulen_alienweek_teal_red_logo.xml
Paint_Syulen_Black_Bronze_Logo,,manufacturer_NameANVL,,manufacturer_DescANVL,UI/SharedAssets/PaintColorLogos/Paint_Syulen_Black_Bronze_Icon.tif,,,,,,,11745908-4407-4073-af03-544ac807fa35,libs/foundry/records/scitemmanufacturer/paintcolorlogos/paint_syulen_black_bronze_logo.xml
Paint_Syulen_Blue_Gold_Logo,,manufacturer_NameANVL,,manufacturer_DescANVL,UI/SharedAssets/PaintColorLogos/Paint_Syulen_Blue_Gold_Icon.tif,,,,,,,a3d59000-2f3a-4344-aabc-b1c8d853058e,libs/foundry/records/scitemmanufacturer/paintcolorlogos/paint_syulen_blue_gold_logo.xml
Paint_Syulen_Bronze_Grey_Red_Logo,,manufacturer_NameANVL,,manufacturer_DescANVL,UI/SharedAssets/PaintColorLogos/Paint_Syulen_bronze_grey_red_Icon.tif,,,,,,,3105d15a-e4d0-4eff-a9a3-cb8c53757ca2,libs/foundry/records/scitemmanufacturer/paintcolorlogos/paint_syulen_bronze_grey_red_logo.xml
Paint_Syulen_Halloween2024_Blood_Logo,,manufacturer_NameGAMA,,manufacturer_DescGAMA,UI/SharedAssets/PaintColorLogos/Paint_Syulen_Halloween_Blood_Icon.tif,,,,,,,e50d0bad-cb97-434a-850c-8c4987b6c4b0,libs/foundry/records/scitemmanufacturer/paintcolorlogos/paint_syulen_halloween2024_blood_logo.xml
Paint_Syulen_Purple_Bronze_Logo,,manufacturer_NameANVL,,manufacturer_DescANVL,UI/SharedAssets/PaintColorLogos/Paint_Syulen_Purple_Bronze_Icon.tif,,,,,,,2025583f-7c22-4bc1-b403-e82a9e3e7404,libs/foundry/records/scitemmanufacturer/paintcolorlogos/paint_syulen_purple_bronze_logo.xml
Paint_Syulen_White_Gold_Logo,,manufacturer_NameANVL,,manufacturer_DescANVL,UI/SharedAssets/PaintColorLogos/Paint_Syulen_White_Gold_Icon.tif,,,,,,,8ef4d721-5790-408d-b140-f75d1f9c877d,libs/foundry/records/scitemmanufacturer/paintcolorlogos/paint_syulen_white_gold_logo.xml
Paint_Talon_AlienWeek_Green_Green_Brown_Logo,,manufacturer_NameESPR,,manufacturer_DescESPR,UI/SharedAssets/PaintColorLogos/Paint_Talon_AlienWeek2025_Green_Green_Brown_Icon.tif,,,,,,,a1c95cb2-2f55-4b7e-ae42-34fb24946905,libs/foundry/records/scitemmanufacturer/paintcolorlogos/paint_talon_alienweek_green_green_brown_logo.xml
Paint_Talon_AlienWeek_Platinum_Silver_Purple_Mosaic_Logo,,manufacturer_NameESPR,,manufacturer_DescESPR,UI/SharedAssets/PaintColorLogos/Paint_Talon_AlienWeek_Platinum_Silver_Purple_Mosaic_Icon.tif,,,,,,,ae89e77d-0d96-4605-a424-fce2157abbf3,libs/foundry/records/scitemmanufacturer/paintcolorlogos/paint_talon_alienweek_platinum_silver_purple_mosaic_logo.xml
Paint_Talon_Black_Blue_Logo,,,,,UI/SharedAssets/PaintColorLogos/Paint_Talon_Blue_Black_Icon.tif,,,,,,,0d72fe4b-e18c-4988-9612-c25ec2553880,libs/foundry/records/scitemmanufacturer/paintcolorlogos/paint_talon_black_blue_logo.xml
Paint_Talon_Green_Red_Logo,,,,,UI/SharedAssets/PaintColorLogos/Paint_Talon_Ocellus_Green_Red_Icon.tif,,,,,,,b8ddc5b7-f27a-47d4-a17d-935ddcc29d12,libs/foundry/records/scitemmanufacturer/paintcolorlogos/paint_talon_green_red_logo.xml
Paint_Talon_Red_Black_Logo,,,,,UI/SharedAssets/PaintColorLogos/Paint_Talon_Red_Black_Icon.tif,,,,,,,1c6457ff-1c25-4cde-84dc-d73d9e144328,libs/foundry/records/scitemmanufacturer/paintcolorlogos/paint_talon_red_black_logo.xml
Paint_Talon_Shrike_Logo,,,,,UI/SharedAssets/PaintColorLogos/Paint_Talon_Shrike_Icon.tif,,,,,,,b5144166-0ef7-446d-bb47-be3cfec6589a,libs/foundry/records/scitemmanufacturer/paintcolorlogos/paint_talon_shrike_logo.xml
Paint_Talon_Teal_Red_Logo,,manufacturer_NameESPR,,manufacturer_DescESPR,UI/SharedAssets/PaintColorLogos/Paint_Talon_Harmony_Teal_Red_Icon.tif,,,,,,,d5fcd5e8-aefa-4a2b-a3ee-7b45fac452b9,libs/foundry/records/scitemmanufacturer/paintcolorlogos/paint_talon_teal_red_logo.xml
Paint_Terrapin_BIS2954_Logo,,manufacturer_NameANVL,,manufacturer_DescANVL,UI/SharedAssets/PaintColorLogos/Paint_Terrapin_bis2954_Icon.tif,,,,,,,9bb47b26-b9f5-4bc5-9382-84c85c42e796,libs/foundry/records/scitemmanufacturer/paintcolorlogos/paint_terrapin_bis2954_logo.xml
Paint_Terrapin_Blue_Green_Logo,,manufacturer_NameANVL,,manufacturer_DescANVL,UI/SharedAssets/PaintColorLogos/Paint_Terrapin_Blue_Green_Icon.tif,,,,,,,4554a37c-d62d-7f7d-adc5-98cdd9861d81,libs/foundry/records/scitemmanufacturer/paintcolorlogos/paint_terrapin_blue_green_logo.xml
Paint_Terrapin_Halloween2024_Blood_Logo,,manufacturer_NameANVL,,manufacturer_DescANVL,UI/SharedAssets/PaintColorLogos/Paint_Terrapin_Halloween_Blood_Icon.tif,,,,,,,ab880448-e7fb-4fcc-a89b-d48a1ad55b04,libs/foundry/records/scitemmanufacturer/paintcolorlogos/paint_terrapin_halloween2024_blood_logo.xml
Paint_Terrapin_Luminalia_Green_Red_Logo,,manufacturer_NameANVL,,manufacturer_DescANVL,UI/SharedAssets/PaintColorLogos/Paint_Terrapin_Green_Red_Luminalia.tif,,,,,,,e6bdae7c-3649-4401-8cdd-71d90f92c758,libs/foundry/records/scitemmanufacturer/paintcolorlogos/paint_terrapin_luminalia_green_red_logo.xml
Paint_Terrapin_Luminalia_White_Blue_Logo,,manufacturer_NameANVL,,manufacturer_DescANVL,UI/SharedAssets/PaintColorLogos/Paint_Terrapin_White_Blue_Luminalia.tif,,,,,,,2e6d86d0-0baf-43d3-8031-ca91c0dfc2a3,libs/foundry/records/scitemmanufacturer/paintcolorlogos/paint_terrapin_luminalia_white_blue_logo.xml
Paint_Terrapin_Red_Teal_Logo,,manufacturer_NameANVL,,manufacturer_DescANVL,UI/SharedAssets/PaintColorLogos/Paint_Terrapin_Teal_Red_Icon.tif,,,,,,,4e893928-7de4-9236-ab9d-eeb312caf3b7,libs/foundry/records/scitemmanufacturer/paintcolorlogos/paint_terrapin_red_teal_logo.xml
Paint_Terrapin_Yellow_Red_Logo,,manufacturer_NameANVL,,manufacturer_DescANVL,UI/SharedAssets/PaintColorLogos/Paint_Terrapin_Yellow_Red_Icon.tif,,,,,,,468f517a-84e5-9f84-ba41-6847b9abd9bd,libs/foundry/records/scitemmanufacturer/paintcolorlogos/paint_terrapin_yellow_red_logo.xml
Paint_Tiburon_blue_lightblue_red_Logo,,manufacturer_NameAEGS,,manufacturer_DescAEGS,UI/SharedAssets/PaintColorLogos/paint_tiburon_blue_lightblue_red.tif,,,,,,,c01c2807-a241-4a45-8b51-d5d754467473,libs/foundry/records/scitemmanufacturer/paintcolorlogos/paint_tiburon_blue_lightblue_red_logo.xml
Paint_Tiburon_green_green_red_Logo,,manufacturer_NameAEGS,,manufacturer_DescAEGS,UI/SharedAssets/PaintColorLogos/paint_tiburon_green_green_red.tif,,,,,,,d4d91ae7-2880-466e-b524-a2719fc62f82,libs/foundry/records/scitemmanufacturer/paintcolorlogos/paint_tiburon_green_green_red_logo.xml
Paint_Tiburon_grey_white_silver_Logo,,manufacturer_NameAEGS,,manufacturer_DescAEGS,UI/SharedAssets/PaintColorLogos/paint_tiburon_grey_white_silver.tif,,,,,,,7a3d0395-d511-44bc-885e-00eb789024d8,libs/foundry/records/scitemmanufacturer/paintcolorlogos/paint_tiburon_grey_white_silver_logo.xml
Paint_Tiburon_red_grey_grey_Logo,,manufacturer_NameAEGS,,manufacturer_DescAEGS,UI/SharedAssets/PaintColorLogos/paint_tiburon_red_grey_grey.tif,,,,,,,e041fb80-d6d7-4266-986f-674f2415e59a,libs/foundry/records/scitemmanufacturer/paintcolorlogos/paint_tiburon_red_grey_grey_logo.xml
Paint_Ursa_Black_Grey_Red_Pirate_Skull_Logo,,manufacturer_NameAEGS,,manufacturer_DescAEGS,UI/SharedAssets/PaintColorLogos/Paint_Ursa_Black_Grey_Red_Pirate_Skull_Icon.tif,,,,,,,16e8731d-066c-4afd-8c4e-4c5493ebd206,libs/foundry/records/scitemmanufacturer/paintcolorlogos/paint_ursa_black_grey_red_pirate_skull_logo.xml
Paint_Ursa_Black_White_Grey_Logo,,item_NameUrsa_Black_White_Grey,,item_DescUrsa_Black_White_Grey,UI/SharedAssets/PaintColorLogos/Paint_Ursa_Paint_Black_White_Grey.tif,,,,,,,fb594c34-e6a2-4852-a4d1-786d553c8c11,libs/foundry/records/scitemmanufacturer/paintcolorlogos/paint_ursa_black_white_grey_logo.xml
Paint_Ursa_Blue_White_Grey_Logo,,item_NameUrsa_Blue_White_Grey,,item_DescUrsa_Blue_White_Grey,UI/SharedAssets/PaintColorLogos/Paint_Ursa_Paint_Blue_White_Grey.tif,,,,,,,0d816a8e-6943-404a-a168-3e8959f2da0f,libs/foundry/records/scitemmanufacturer/paintcolorlogos/paint_ursa_blue_white_grey_logo.xml
Paint_Ursa_Luminalia_2954_Green_Red_Red_Logo,,manufacturer_NameAEGS,,manufacturer_DescAEGS,UI/SharedAssets/PaintColorLogos/Paint_Ursa_Luminalia_2954_Green_Red.tif,,,,,,,a6946b39-ab7f-4fe0-bab1-19effc5d1e96,libs/foundry/records/scitemmanufacturer/paintcolorlogos/paint_ursa_luminalia_2954_green_red_red_logo.xml
Paint_Ursa_Luminalia_2954_White_White_Blue_Logo,,manufacturer_NameAEGS,,manufacturer_DescAEGS,UI/SharedAssets/PaintColorLogos/Paint_Ursa_Luminalia_2954_White_White_Blue.tif,,,,,,,92dce33d-4214-4caf-9ae3-65ac8d65a345,libs/foundry/records/scitemmanufacturer/paintcolorlogos/paint_ursa_luminalia_2954_white_white_blue_logo.xml
Paint_Ursa_Teal_White_Grey_Logo,,item_NameUrsa_Teal_White_Grey,,item_DescUrsa_Teal_White_Grey,UI/SharedAssets/PaintColorLogos/Paint_Ursa_Paint_Teal_White_Grey.tif,,,,,,,afccdf7e-c528-46a8-91c2-ba7cac514dcc,libs/foundry/records/scitemmanufacturer/paintcolorlogos/paint_ursa_teal_white_grey_logo.xml
Paint_UTV_Brown_Grey_Red_Logo,,manufacturer_NameGRIN,,manufacturer_DescGRIN,UI/SharedAssets/PaintColorLogos/paint_utv_brown_grey_red_camo.tif,,,,,,,bc50948e-fbef-46b2-b134-3edb4741c935,libs/foundry/records/scitemmanufacturer/paintcolorlogos/paint_utv_brown_grey_red_logo.xml
Paint_UTV_Gold_Black_Black_Logo,,manufacturer_NameGRIN,,manufacturer_DescGRIN,UI/SharedAssets/PaintColorLogos/paint_utv_gold_black_black.tif,,,,,,,3dc969c3-348e-4e04-aed6-44f11537215f,libs/foundry/records/scitemmanufacturer/paintcolorlogos/paint_utv_gold_black_black_logo.xml
Paint_UTV_Green_Grey_Red_Logo,,manufacturer_NameGRIN,,manufacturer_DescGRIN,UI/SharedAssets/PaintColorLogos/paint_utv_green_grey_red_camo.tif,,,,,,,b01217e7-0853-487a-a4c0-ecd8e8a54dd7,libs/foundry/records/scitemmanufacturer/paintcolorlogos/paint_utv_green_grey_red_logo.xml
Paint_UTV_Grey_Black_Orange_Logo,,manufacturer_NameGRIN,,manufacturer_DescGRIN,UI/SharedAssets/PaintColorLogos/paint_utv_grey_black_orange.tif,,,,,,,583ff09b-33a8-441f-af9a-9fc51fe50aa1,libs/foundry/records/scitemmanufacturer/paintcolorlogos/paint_utv_grey_black_orange_logo.xml
Paint_UTV_White_Blue_Blue_Logo,,manufacturer_NameOrigin,,manufacturer_DescOrigin,UI/SharedAssets/PaintColorLogos/Paint_grin_utv_white_blue_blue_icon.tif,,,,,,,b8bdd60d-c56b-4ce4-a619-50813dbb5273,libs/foundry/records/scitemmanufacturer/paintcolorlogos/paint_utv_white_blue_blue_logo.xml
Paint_Valkyrie_BIS2950_Logo,,manufacturer_NameANVL,,manufacturer_DescANVL,UI/SharedAssets/PaintColorLogos/Paint_Valkyrie_BIS2950_Icon.tif,,,,,,,b19fbf6a-e3c6-45b5-b6c7-188d86bb5085,libs/foundry/records/scitemmanufacturer/paintcolorlogos/paint_valkyrie_bis2950_logo.xml
Paint_Valkyrie_Blue_Turquoise_Logo,,manufacturer_NameACAS,,manufacturer_DescACAS,UI/SharedAssets/PaintColorLogos/Paint_Valkyrie_Unity_Blue_Turquoise_Icon.tif,,,,,,,99a89702-09b9-4f52-b365-cd2c8c3e3d4e,libs/foundry/records/scitemmanufacturer/paintcolorlogos/paint_valkyrie_blue_turquoise_logo.xml
Paint_Valkyrie_Invictus_Camo_Logo,,manufacturer_NameACAS,,manufacturer_DescACAS,UI/SharedAssets/PaintColorLogos/Paint_Valkyrie_Invictus_Camo_Icon.tif,,,,,,,10110608-e7cc-4914-8717-428be68e0d60,libs/foundry/records/scitemmanufacturer/paintcolorlogos/paint_valkyrie_invictus_camo_logo.xml
Paint_Valkyrie_Invictus_Light_Gray_Logo,,manufacturer_NameACAS,,manufacturer_DescACAS,UI/SharedAssets/PaintColorLogos/Paint_Valkyrie_Invictus_Light_Grey_Icon.tif,,,,,,,ebd1f747-3f6c-496d-b746-c100e7819de2,libs/foundry/records/scitemmanufacturer/paintcolorlogos/paint_valkyrie_invictus_light_gray_logo.xml
Paint_Valkyrie_Invictus_Sage_Logo,,manufacturer_NameACAS,,manufacturer_DescACAS,UI/SharedAssets/PaintColorLogos/Paint_Valkyrie_Invictus_Sage_Icon.tif,,,,,,,9c2246fe-e8e8-4f4c-8505-8ad1cf679e46,libs/foundry/records/scitemmanufacturer/paintcolorlogos/paint_valkyrie_invictus_sage_logo.xml
Paint_Vanguard_Blue_Blue_White_Stripe_Logo,,manufacturer_NameAEGS,,manufacturer_DescAEGS,UI/SharedAssets/PaintColorLogos/Paint_Vanguard_blue_blue_white_Icon.tif,,,,,,,20eaadb6-bc30-42aa-8ce9-a32cd44cb408,libs/foundry/records/scitemmanufacturer/paintcolorlogos/paint_vanguard_blue_blue_white_stripe_logo.xml
Paint_Vanguard_Blue_White_Yellow_Stripe_Logo,,manufacturer_NameAEGS,,manufacturer_DescAEGS,UI/SharedAssets/PaintColorLogos/Paint_Vanguard_blue_white_yellow_Icon.tif,,,,,,,3ceefaaa-02b1-4869-adf8-19953b21765b,libs/foundry/records/scitemmanufacturer/paintcolorlogos/paint_vanguard_blue_white_yellow_stripe_logo.xml
Paint_Vanguard_Fleetweek_2021_Blue_Yellow_Logo,,manufacturer_NameAEGS,,manufacturer_DescAEGS,UI/SharedAssets/PaintColorLogos/Paint_Vanguard_Triton_Blue_Yellow_Icon.tif,,,,,,,58a88baa-cfd1-42aa-9c67-483deb13e7f9,libs/foundry/records/scitemmanufacturer/paintcolorlogos/paint_vanguard_fleetweek_2021_blue_yellow_logo.xml
Paint_Vanguard_Fleetweek_2021_Green_Orange_Logo,,manufacturer_NameAEGS,,manufacturer_DescAEGS,UI/SharedAssets/PaintColorLogos/Paint_Vanguard_Timberline_Green_Orange_Icon.tif,,,,,,,c9ed498b-7440-4920-bf1d-01567e5429db,libs/foundry/records/scitemmanufacturer/paintcolorlogos/paint_vanguard_fleetweek_2021_green_orange_logo.xml
Paint_Vanguard_Fleetweek_2021_Ice_Camo_Logo,,manufacturer_NameAEGS,,manufacturer_DescAEGS,UI/SharedAssets/PaintColorLogos/Paint_Vanguard_Frostbite_Camo_Icon.tif,,,,,,,35e47568-2239-4994-ab94-ee6538120345,libs/foundry/records/scitemmanufacturer/paintcolorlogos/paint_vanguard_fleetweek_2021_ice_camo_logo.xml
Paint_Vanguard_Gold_Gold_Black_Stripe_Logo,,manufacturer_NameAEGS,,manufacturer_DescAEGS,UI/SharedAssets/PaintColorLogos/Paint_Vanguard_gold_gold_black_Icon.tif,,,,,,,e58c1ecb-441b-46dd-88c7-7088e269b361,libs/foundry/records/scitemmanufacturer/paintcolorlogos/paint_vanguard_gold_gold_black_stripe_logo.xml
Paint_Vanguard_StellaFortuna_Green_Logo,,manufacturer_NameAEGS,,manufacturer_DescAEGS,UI/SharedAssets/PaintColorLogos/Paint_Vanguard_StellaFortuna_2953_Green_Icon.tif,,,,,,,6ae2bc14-4b03-49f9-b940-c74bf5b52563,libs/foundry/records/scitemmanufacturer/paintcolorlogos/paint_vanguard_stellafortuna_green_logo.xml
Paint_Vanguard_TalkLikeAPirate_Metal_Red_Logo,,manufacturer_NameAEGS,,manufacturer_DescAEGS,UI/SharedAssets/PaintColorLogos/Paint_Vanguard_TLAPD_Metal_Red_Icon.tif,,,,,,,b80b5e7e-0030-4396-a51a-99bc12f2b0fd,libs/foundry/records/scitemmanufacturer/paintcolorlogos/paint_vanguard_talklikeapirate_metal_red_logo.xml
Paint_Vulture_Assembly_Red_White_Logo,,manufacturer_NameDRAK,,manufacturer_DescDRAK,UI/SharedAssets/PaintColorLogos/Paint_Vulture_Assembly_Red_White_Icon.tif,,,,,,,7f3ede92-24f1-4697-9112-1a0743ecd766,libs/foundry/records/scitemmanufacturer/paintcolorlogos/paint_vulture_assembly_red_white_logo.xml
Paint_Vulture_Beige_Tan_Beige_Pyro_Graffiti_Logo,,manufacturer_NameDRAK,,manufacturer_DescDRAK,UI/SharedAssets/PaintColorLogos/Paint_Vulture_Beige_Tan_Beige_Pyro_Graffiti_Icon.tif,,,,,,,e4b9dfbb-1b02-48af-b66a-0d899eb34f12,libs/foundry/records/scitemmanufacturer/paintcolorlogos/paint_vulture_beige_tan_beige_pyro_graffiti_logo.xml
Paint_Vulture_BIS2953_Purple_Blue_Cyan_Logo,,manufacturer_NameDRAK,,manufacturer_DescDRAK,UI/SharedAssets/PaintColorLogos/Paint_Vulture_BIS2953_Purple_Blue_Cyan_Icon.tif,,,,,,,2dde570f-0dc4-4918-96fb-1a89a0a88d03,libs/foundry/records/scitemmanufacturer/paintcolorlogos/paint_vulture_bis2953_purple_blue_cyan_logo.xml
Paint_Vulture_Carbonide_Grey_White_Logo,,manufacturer_NameDRAK,,manufacturer_DescDRAK,UI/SharedAssets/PaintColorLogos/Paint_Vulture_Carbonide_Grey_White_Icon.tif,,,,,,,57a468e3-b945-4e52-a9f6-1431aef5b0a7,libs/foundry/records/scitemmanufacturer/paintcolorlogos/paint_vulture_carbonide_grey_white_logo.xml
Paint_Vulture_Carnival_Pink_Black_Logo,,manufacturer_NameDRAK,,manufacturer_DescDRAK,UI/SharedAssets/PaintColorLogos/Paint_Vulture_Carnival_Pink_Black_Icon.tif,,,,,,,3fa070e5-5cc8-4e84-a607-c0f91008a5ae,libs/foundry/records/scitemmanufacturer/paintcolorlogos/paint_vulture_carnival_pink_black_logo.xml
Paint_Vulture_coramor_2956_purple_pink_green_iridecence_logo,,manufacturer_NameDRAK,,manufacturer_DescDRAK,UI/SharedAssets/PaintColorLogos/Paint_Vulture_Coramor_2956_Icon.tif,,,,,,,fd2a82ad-7abc-4e3b-b9c6-2a272a8e0480,libs/foundry/records/scitemmanufacturer/paintcolorlogos/paint_vulture_coramor_2956_purple_pink_green_iridecence_logo.xml
Paint_Vulture_Fleetweek_Black_Pink_Stripe_Logo,,manufacturer_NameACAS,,manufacturer_DescACAS,UI/SharedAssets/PaintColorLogos/Paint_Vulture_Carnival_Pink_Black_Icon.tif,,,,,,,e74b45b1-ecb3-48a3-911d-39f8b2472f03,libs/foundry/records/scitemmanufacturer/paintcolorlogos/paint_vulture_fleetweek_black_pink_stripe_logo.xml
Paint_Vulture_Fleetweek_Black_Yellow_Logo,,manufacturer_NameACAS,,manufacturer_DescACAS,UI/SharedAssets/PaintColorLogos/Paint_Vulture_Pyrite_Black_Silver_Icon.tif,,,,,,,4efc4427-d74c-4780-9c30-37d787dffd8a,libs/foundry/records/scitemmanufacturer/paintcolorlogos/paint_vulture_fleetweek_black_yellow_logo.xml
Paint_Vulture_Ghoulish_Green_Logo,,manufacturer_NameDRAK,,manufacturer_DescDRAK,UI/SharedAssets/PaintColorLogos/Paint_Vulture_Ghoulish_Green_Icon.tif,,,,,,,f792ef29-82fd-4b9b-ac35-32d80ca02e64,libs/foundry/records/scitemmanufacturer/paintcolorlogos/paint_vulture_ghoulish_green_logo.xml
Paint_Vulture_Invictus_Unity_Logo,,manufacturer_NameDRAK,,manufacturer_DescDRAK,UI/SharedAssets/PaintColorLogos/Paint_Vulture_Invictus_Unity_Metal_Teal_Icon.tif,,,,,,,8e8ea863-f8d7-41df-beff-5d8b6bbd9fb3,libs/foundry/records/scitemmanufacturer/paintcolorlogos/paint_vulture_invictus_unity_logo.xml
Paint_Vulture_Longhorn_Orange_Grey_Logo,,manufacturer_NameDRAK,,manufacturer_DescDRAK,UI/SharedAssets/PaintColorLogos/Paint_Vulture_Longhorn_Orange_Grey_Icon.tif,,,,,,,3677244a-86eb-4d56-83b1-a07e40f1d7c9,libs/foundry/records/scitemmanufacturer/paintcolorlogos/paint_vulture_longhorn_orange_grey_logo.xml
Paint_Vulture_Luminalia_2953_Green_Red_Logo,,manufacturer_NameDRAK,,manufacturer_DescDRAK,UI/SharedAssets/PaintColorLogos/Paint_Vulture_Luminalia_2952_green_red_Icon.tif,,,,,,,8ab5ef8f-118e-4ae9-9500-fa4eab68badd,libs/foundry/records/scitemmanufacturer/paintcolorlogos/paint_vulture_luminalia_2953_green_red_logo.xml
Paint_Vulture_Luminalia_2953_White_Blue_Logo,,manufacturer_NameDRAK,,manufacturer_DescDRAK,UI/SharedAssets/PaintColorLogos/Paint_Vulture_Luminalia_2952_white_blue_Icon.tif,,,,,,,45d06a17-c1ae-4b61-8a91-b25ecea4f33a,libs/foundry/records/scitemmanufacturer/paintcolorlogos/paint_vulture_luminalia_2953_white_blue_logo.xml
Paint_Vulture_Oriole_Green_Orange_Logo,,manufacturer_NameDRAK,,manufacturer_DescDRAK,UI/SharedAssets/PaintColorLogos/Paint_Vulture_Oriole_Green_Orange_Icon.tif,,,,,,,9b118eca-a754-4818-be52-a7e1265136bc,libs/foundry/records/scitemmanufacturer/paintcolorlogos/paint_vulture_oriole_green_orange_logo.xml
Paint_Vulture_PirateWeek_Red_Black_Skull_Logo,,manufacturer_NameDRAK,,manufacturer_DescDRAK,UI/SharedAssets/PaintColorLogos/Paint_Vulture_Pirate_Red_Black_Icon.tif,,,,,,,5063ab0b-fa04-468e-958f-356d36b6f26f,libs/foundry/records/scitemmanufacturer/paintcolorlogos/paint_vulture_pirateweek_red_black_skull_logo.xml
Paint_Vulture_Pyrite_Black_Silver_Logo,,manufacturer_NameDRAK,,manufacturer_DescDRAK,UI/SharedAssets/PaintColorLogos/Paint_Vulture_Pyrite_Black_Silver_Icon.tif,,,,,,,45231b68-44d9-4d2a-ac9f-ee13eb07a5be,libs/foundry/records/scitemmanufacturer/paintcolorlogos/paint_vulture_pyrite_black_silver_logo.xml
Paint_Vulture_Scavengers_Black_Black_Black_Logo,,manufacturer_NameDRAK,,manufacturer_DescDRAK,UI/SharedAssets/PaintColorLogos/Paint_Vulture_Scavengers_Black_Black_Black_Icon.tif,,,,,,,cffbc8c7-d889-4ae2-8eb8-6874115145de,libs/foundry/records/scitemmanufacturer/paintcolorlogos/paint_vulture_scavengers_black_black_black_logo.xml
Paint_Wolf_Black_Black_Red_Camo_Logo,,manufacturer_NameKRIG,,manufacturer_DescKRIG,UI/SharedAssets/PaintColorLogos/Paint_L21_Wolf_Black_Black_Red_Camo_Icon.tif,,,,,,,d5500db8-d38b-4316-872b-eda22006de3a,libs/foundry/records/scitemmanufacturer/paintcolorlogos/paint_wolf_black_black_red_camo_logo.xml
Paint_Wolf_Black_Bronze_Blue_Logo,,manufacturer_NameAEGS,,manufacturer_DescAEGS,UI\SharedAssets\PaintColorLogos\Paint_L21_Wolf_Black_Bronze_Blue.tif,,,,,,,3f850d70-6401-420e-891d-de68b5c5a8ea,libs/foundry/records/scitemmanufacturer/paintcolorlogos/paint_wolf_black_bronze_blue_logo.xml
Paint_Wolf_Blue_Yellow_Red_Stripes_Logo,,manufacturer_NameAEGS,,manufacturer_DescAEGS,UI\SharedAssets\PaintColorLogos\Paint_L21_Wolf_Blue_Yellow_Red_Stripes.tif,,,,,,,1229df54-6392-4f0e-9b38-092a5a67cc55,libs/foundry/records/scitemmanufacturer/paintcolorlogos/paint_wolf_blue_yellow_red_stripes_logo.xml
Paint_Wolf_Carbon_Red_White_Logo,,manufacturer_NameOrigin,,manufacturer_DescOrigin,UI/SharedAssets/PaintColorLogos/Paint_L21_Wolf_Carbon_Red_White_Icon.tif,,,,,,,05fb6a6d-a25b-4322-9017-3705a1856015,libs/foundry/records/scitemmanufacturer/paintcolorlogos/paint_wolf_carbon_red_white_logo.xml
Paint_Wolf_Green_Red_Yellow_Camo_Logo,,manufacturer_NameAEGS,,manufacturer_DescAEGS,UI\SharedAssets\PaintColorLogos\Paint_L21_Wolf_Green_Red_Yellow.tif,,,,,,,5faaa686-5a18-4bf4-adda-e9f9da644a12,libs/foundry/records/scitemmanufacturer/paintcolorlogos/paint_wolf_green_red_yellow_camo_logo.xml
Paint_Wolf_Lightgrey_Grey_Red_Camo_Logo,,manufacturer_NameAEGS,,manufacturer_DescAEGS,UI\SharedAssets\PaintColorLogos\Paint_L21_Wolf_Lightgrey_Grey_Red.tif,,,,,,,92542fd4-d0fa-4074-9268-656421f76daf,libs/foundry/records/scitemmanufacturer/paintcolorlogos/paint_wolf_lightgrey_grey_red_camo_logo.xml
Paint_Wolf_Red_Grey_Blue_Logo,,manufacturer_NameAEGS,,manufacturer_DescAEGS,UI\SharedAssets\PaintColorLogos\Paint_L21_Wolf_Red_Grey_Blue.tif,,,,,,,499c7277-3e42-4cb5-a83f-3a8ecf657609,libs/foundry/records/scitemmanufacturer/paintcolorlogos/paint_wolf_red_grey_blue_logo.xml
Paint_X1_Black_Black_Orange_Logo,,manufacturer_NameOrigin,,manufacturer_DescOrigin,UI/SharedAssets/PaintColorLogos/Paint_X1_Black_Black_Orange_Icon.tif,,,,,,,a74791cb-4ef2-4bdb-99a4-bb5e142d4d67,libs/foundry/records/scitemmanufacturer/paintcolorlogos/paint_x1_black_black_orange_logo.xml
Paint_X1_Blue_Black_White_Logo,,manufacturer_NameOrigin,,manufacturer_DescOrigin,UI/SharedAssets/PaintColorLogos/Paint_X1_Blue_Black_White_Icon.tif,,,,,,,d0b07494-d3f4-4870-b9dc-3150dfc1a27b,libs/foundry/records/scitemmanufacturer/paintcolorlogos/paint_x1_blue_black_white_logo.xml
Paint_X1_Grey_Orange_White_Logo,,manufacturer_NameOrigin,,manufacturer_DescOrigin,UI/SharedAssets/PaintColorLogos/Paint_X1_Grey_Orange_White_Icon.tif,,,,,,,16e0d292-712e-45f3-b18b-482e27f42a9c,libs/foundry/records/scitemmanufacturer/paintcolorlogos/paint_x1_grey_orange_white_logo.xml
Paint_X1_LunarNewYear2954_Red_Gold_Dog_Logo,,manufacturer_NameOrigin,,manufacturer_DescOrigin,UI/SharedAssets/PaintColorLogos/Paint_X1_LunarNewYear2954_Red_Gold_Dog_Icon.tif,,,,,,,c5586d46-3e4c-4f72-a7ab-efa356561058,libs/foundry/records/scitemmanufacturer/paintcolorlogos/paint_x1_lunarnewyear2954_red_gold_dog_logo.xml
Paint_X1_LunarNewYear2954_Red_Gold_Dragon_Logo,,manufacturer_NameOrigin,,manufacturer_DescOrigin,UI/SharedAssets/PaintColorLogos/Paint_X1_LunarNewYear2954_Red_Gold_Dragon_Icon.tif,,,,,,,3b118731-f965-46c9-a2a1-185a1b363df0,libs/foundry/records/scitemmanufacturer/paintcolorlogos/paint_x1_lunarnewyear2954_red_gold_dragon_logo.xml
Paint_X1_Red_White_Black_Logo,,manufacturer_NameOrigin,,manufacturer_DescOrigin,UI/SharedAssets/PaintColorLogos/Paint_X1_Red_White_Black_Icon.tif,,,,,,,be6128f4-ef23-48b6-bb75-afe27f38287c,libs/foundry/records/scitemmanufacturer/paintcolorlogos/paint_x1_red_white_black_logo.xml
Paint_Zeus_BIS2955_Orange_Black_Orange_Logo,,manufacturer_NameRSI,,manufacturer_DescRSI,UI/SharedAssets/PaintColorLogos/paint_zeus_bis2025_orange_black_orange_icon.tif,,,,,,,695e0e38-1266-4570-b7e1-1c9ec5d3fa2f,libs/foundry/records/scitemmanufacturer/paintcolorlogos/paint_zeus_bis2955_orange_black_orange_logo.xml
Paint_Zeus_Black_Steel_Orange_Logo,,manufacturer_NameRSI,,manufacturer_DescRSI,UI/SharedAssets/PaintColorLogos/Paint_Zeus_Black_Steel_Orange_Icon.tif,,,,,,,f89cbc88-07ca-4de2-a6a0-f03a8fa09ff5,libs/foundry/records/scitemmanufacturer/paintcolorlogos/paint_zeus_black_steel_orange_logo.xml
Paint_Zeus_Blue_Black_White_Logo,,manufacturer_NameRSI,,manufacturer_DescRSI,UI/SharedAssets/PaintColorLogos/Paint_Zeus_Blue_Black_White_Icon.tif,,,,,,,e6af1353-6ebb-4956-8e0c-86b0c306823c,libs/foundry/records/scitemmanufacturer/paintcolorlogos/paint_zeus_blue_black_white_logo.xml
Paint_Zeus_Coramor_Pink_Black_Logo,,manufacturer_NameRSI,,manufacturer_DescRSI,UI/SharedAssets/PaintColorLogos/Paint_Zeus_Lovestruck_Purple_Pink.tif,,,,,,,0f5f97e6-c313-44d1-bd52-dff0b7c9de4a,libs/foundry/records/scitemmanufacturer/paintcolorlogos/paint_zeus_coramor_pink_black_logo.xml
Paint_Zeus_GoblinG_A_Red_Black_Logo,,manufacturer_NameRSI,,manufacturer_DescRSI,UI/SharedAssets/PaintColorLogos/Paint_Zeus_Arccorp_Icon.tif,,,,,,,4a9b9e1d-86c0-47fd-bdeb-08054cec7970,libs/foundry/records/scitemmanufacturer/paintcolorlogos/paint_zeus_gobling_a_red_black_logo.xml
Paint_Zeus_GoblinG_C_Blue_Black_Logo,,manufacturer_NameRSI,,manufacturer_DescRSI,UI/SharedAssets/PaintColorLogos/Paint_Zeus_Crusader_Icon.tif,,,,,,,c37b5e87-3105-4c72-b719-c542817e15f6,libs/foundry/records/scitemmanufacturer/paintcolorlogos/paint_zeus_gobling_c_blue_black_logo.xml
Paint_Zeus_GoblinG_H_Black_Yellow_Logo,,manufacturer_NameRSI,,manufacturer_DescRSI,UI/SharedAssets/PaintColorLogos/Paint_Zeus_Hurston_Icon.tif,,,,,,,ff4581f4-cecb-473a-9000-01f422ab7666,libs/foundry/records/scitemmanufacturer/paintcolorlogos/paint_zeus_gobling_h_black_yellow_logo.xml
Paint_Zeus_GoblinG_M_White_Blue_Logo,,manufacturer_NameRSI,,manufacturer_DescRSI,UI/SharedAssets/PaintColorLogos/Paint_Zeus_Microtech_Icon.tif,,,,,,,dd4645a9-c02b-4ccf-b207-39ad9f32ccd6,libs/foundry/records/scitemmanufacturer/paintcolorlogos/paint_zeus_gobling_m_white_blue_logo.xml
Paint_Zeus_Green_Black_Yellow_Logo,,manufacturer_NameRSI,,manufacturer_DescRSI,UI/SharedAssets/PaintColorLogos/Paint_Zeus_Green_Black_Yellow_Icon.tif,,,,,,,7f1f98e6-025a-4ad0-bfd8-ce5177f3d6bf,libs/foundry/records/scitemmanufacturer/paintcolorlogos/paint_zeus_green_black_yellow_logo.xml
Paint_Zeus_Halloween2024_Blood_Logo,,manufacturer_NameRSI,,manufacturer_DescRSI,UI/SharedAssets/PaintColorLogos/Paint_Zeus_Halloween_Blood_Icon.tif,,,,,,,47320b23-001e-434b-80f5-f04f01a99ff2,libs/foundry/records/scitemmanufacturer/paintcolorlogos/paint_zeus_halloween2024_blood_logo.xml
Paint_Zeus_Metal_Black_White_Logo,,manufacturer_NameRSI,,manufacturer_DescRSI,UI/SharedAssets/PaintColorLogos/Paint_Zeus_Metal_Black_White_Icon.tif,,,,,,,f541caa7-0ef7-4ce5-b5f3-66760ce75004,libs/foundry/records/scitemmanufacturer/paintcolorlogos/paint_zeus_metal_black_white_logo.xml
Paint_Zeus_Orange_Grey_Black_Logo,,manufacturer_NameRSI,,manufacturer_DescRSI,UI/SharedAssets/PaintColorLogos/Paint_Zeus_Orange_Grey_Black_Icon.tif,,,,,,,f05a8ff3-8a35-47a0-b431-e964c4d50272,libs/foundry/records/scitemmanufacturer/paintcolorlogos/paint_zeus_orange_grey_black_logo.xml
Paint_Zeus_Reward_Faction_Citizens_For_Prosperity_Logo,,manufacturer_NameANVL,,manufacturer_DescANVL,UI/SharedAssets/PaintColorLogos/Paint_Zeus_Citizens_For_Prosperity_Icon.tif,,,,,,,698e8f51-791c-425e-87ce-c9e21cb4a3f9,libs/foundry/records/scitemmanufacturer/paintcolorlogos/paint_zeus_reward_faction_citizens_for_prosperity_logo.xml
Paint_Zeus_Reward_Faction_Frontier_Fighters_Logo,,manufacturer_NameANVL,,manufacturer_DescANVL,UI/SharedAssets/PaintColorLogos/Paint_Zeus_Frontier_Fighters_Icon.tif,,,,,,,693ea97a-7870-47e3-b6b7-8863c53a6b8a,libs/foundry/records/scitemmanufacturer/paintcolorlogos/paint_zeus_reward_faction_frontier_fighters_logo.xml
Paint_Zeus_Reward_Faction_Head_Hunters_Logo,,manufacturer_NameANVL,,manufacturer_DescANVL,UI/SharedAssets/PaintColorLogos/Paint_Zeus_Head_Hunters_Icon.tif,,,,,,,236d1a64-f395-41f3-aa37-71b9e74bf33d,libs/foundry/records/scitemmanufacturer/paintcolorlogos/paint_zeus_reward_faction_head_hunters_logo.xml
Paint_Zeus_Reward_Faction_Xeno_Threat_Logo,,manufacturer_NameANVL,,manufacturer_DescANVL,UI/SharedAssets/PaintColorLogos/Paint_Zeus_Xeno_Threat_Icon.tif,,,,,,,f3caa63d-06b1-4c35-ac01-897b2a9068c1,libs/foundry/records/scitemmanufacturer/paintcolorlogos/paint_zeus_reward_faction_xeno_threat_logo.xml
Paint_Zeus_VIP_PaleBlue_Gold_Black_Logo,,manufacturer_NameRSI,,manufacturer_DescRSI,UI/SharedAssets/PaintColorLogos/Paint_Zeus_Pale_Blue_Gold_Black_Icon.tif,,,,,,,3bf0baa5-f753-4359-80f6-c8f15f719362,libs/foundry/records/scitemmanufacturer/paintcolorlogos/paint_zeus_vip_paleblue_gold_black_logo.xml
Paint_Zeus_White_Grey_Black_Logo,,manufacturer_NameRSI,,manufacturer_DescRSI,UI/SharedAssets/PaintColorLogos/Paint_Zeus_White_Grey_Black_Icon.tif,,,,,,,84d2b80c-536b-4bc6-b10b-bcda2c70bc64,libs/foundry/records/scitemmanufacturer/paintcolorlogos/paint_zeus_white_grey_black_logo.xml
Paint_Zeus_Yellow_Black_Yellow_Logo,,manufacturer_NameRSI,,manufacturer_DescRSI,UI/SharedAssets/PaintColorLogos/Paint_Zeus_Yellow_Black_Yellow_Icon.tif,,,,,,,0c89f331-cb4a-4215-b973-f1bcdd5abe05,libs/foundry/records/scitemmanufacturer/paintcolorlogos/paint_zeus_yellow_black_yellow_logo.xml
ARMA,ARMA,manufacturer_NameARMA,,manufacturer_NameARMA,UI/SharedAssets/ManufacturerLogos/ArmaMod_256.tif,,,,,,,f2ca879c-deb6-49bf-a4b1-dc3a9cf91e7a,libs/foundry/records/scitemmanufacturer/personalweapons/arma.xml
HDGW,HDGW,manufacturer_NameHDGW,,manufacturer_DescHDGW,UI/SharedAssets/ManufacturerLogos/HedebyGunworks_256.tif,,,,,,,9d3ee727-bb52-4ed2-bacf-47d93d8bb0d5,libs/foundry/records/scitemmanufacturer/personalweapons/hdgw.xml
LBCO,,,,,UI/SharedAssets/ManufacturerLogos/LightningBoltCompany_256.tif,,,,df2b596e-97c8-4a52-b727-e302a80b9942,,,98bb2e9e-fcc7-46e5-9ba6-d34c42c414e0,libs/foundry/records/scitemmanufacturer/personalweapons/lbco.xml
NVTC,NVTC,manufacturer_NameNVTC,,manufacturer_DescNVTC,UI/SharedAssets/ManufacturerLogos/NV-Tac_256.tif,,,,,,,f113387e-0905-489a-829d-8cebfdc19e66,libs/foundry/records/scitemmanufacturer/personalweapons/nvtc.xml
BEHR,BEH,manufacturer_NameBEHR,,manufacturer_DescBEHR,UI/SharedAssets/ManufacturerLogos/Behring_256.tif,,,,,,,65a5d887-3b21-4046-a718-6912c0c7c3be,libs/foundry/records/scitemmanufacturer/personalweapons/scitemmanufacturer.behr.xml
GMNI,GEM,manufacturer_NameGMNI,,manufacturer_DescGMNI,UI/SharedAssets/ManufacturerLogos/gemini_256.tif,,,,,,,b33050cd-6ca9-4c57-baf8-f4114eb85237,libs/foundry/records/scitemmanufacturer/personalweapons/scitemmanufacturer.gmni.xml
KLWE,KLA,manufacturer_NameKLWE,,manufacturer_DescKLWE,UI/SharedAssets/ManufacturerLogos/klauswerner_256.tif,,,,,,,1aa076d5-ac29-4c61-a905-d3ea39cf167a,libs/foundry/records/scitemmanufacturer/personalweapons/scitemmanufacturer.klwe.xml
UTFL,UTFL,manufacturer_NameUTFL,,manufacturer_DescUTFL,UI/SharedAssets/ManufacturerLogos/Ultiflex_256.tif,,,,,,,da264d7b-755b-48a2-9580-4adc17ff7ad5,libs/foundry/records/scitemmanufacturer/personalweapons/utfl.xml
VOLT,,,,,UI/SharedAssets/ManufacturerLogos/LightningBoltCompany_256.tif,,,,,,,e2787f3b-b892-4276-bb2e-eb2b4dc9666b,libs/foundry/records/scitemmanufacturer/personalweapons/volt.xml
PLACEHOLDER,,,,,,,,,,,,9daed090-21d2-4855-a9b8-6aeee414580a,libs/foundry/records/scitemmanufacturer/placeholder.xml
PRAR,PRAR,manufacturer_NameAEGS,,manufacturer_DescAEGS,UI/SharedAssets/ManufacturerLogos/PRAR_256.tif,,,,,,,a2ba1db6-a7e8-49db-ba52-c61219693531,libs/foundry/records/scitemmanufacturer/prar.xml
ROO,ROO,manufacturer_NameSASU,,manufacturer_DescSASU,,,,,,,,4835d29c-3cdd-4983-97b2-1af4674c4c00,libs/foundry/records/scitemmanufacturer/roo.xml
RSI_2025,RSI,manufacturer_NameRSI,,manufacturer_DescRSI,UI/SharedAssets/ManufacturerLogos/RSI_256.tif,ui/textures/logos/logo_corp_rsi_square_color.tif,ui/textures/logos/logo_corp_rsi_square_white.tif,b6391acb-a790-4102-aded-5acbc7f37f26,c3c1dd7e-3323-468a-aeeb-87de69571717,83d86c16-f5f5-4a8a-8e4f-050b97a842c5,,23186ec6-28ed-4f2e-a3f9-0c5459202d63,libs/foundry/records/scitemmanufacturer/rsi_2025.xml
ACOM,ACOM,manufacturer_NameACOM,,manufacturer_DescACOM,UI/SharedAssets/ManufacturerLogos/Acom_256.tif,,,,,,,5d616e6f-3257-4d19-90c3-11ab974f12e7,libs/foundry/records/scitemmanufacturer/scitemmanufacturer.acom.xml
AEGS,AEG,manufacturer_NameAEGS,,manufacturer_DescAEGS,UI/SharedAssets/ManufacturerLogos/Aegis_256.tif,ui/textures/logos/logo_corp_aegs_square_color.tif,ui/textures/logos/logo_corp_aegs_square_white.tif,3db6a90f-4e32-40b5-b583-da02478b1f69,bcf008bc-19c3-4fc5-8629-9f18e462dbe0,3a4880d2-c4d7-4b78-a5ab-bd9a54fd3e5f,41883412-2a2c-47a0-b5a9-c0f40e3fed63,cf4a74bf-eb2c-462a-9b78-f7f2724c31d2,libs/foundry/records/scitemmanufacturer/scitemmanufacturer.aegs.xml
AMRS,AMRS,manufacturer_NameAMRS,,manufacturer_DescAMRS,UI/SharedAssets/ManufacturerLogos/AR_256.tif,,,,,,,eccba58a-f6d9-42e8-95c6-d0a65763e583,libs/foundry/records/scitemmanufacturer/scitemmanufacturer.amrs.xml
ANVL,ANVL,manufacturer_NameANVL,,manufacturer_DescANVL,UI/SharedAssets/ManufacturerLogos/Anvil_256.tif,ui/textures/logos/logo_corp_anvl_square_color.tif,ui/textures/logos/logo_corp_anvl_square_white.tif,43eed45a-a50c-4512-b239-6d9413f635b8,ed79c7b0-acc5-4a1a-af2d-aa6de7b2211c,7d4d4c13-dd0e-4c08-b182-0ec9da807be9,77ce8b14-7d0e-4e45-9867-45747ac20491,b922abdb-0634-4358-9eee-60118f3cf3a7,libs/foundry/records/scitemmanufacturer/scitemmanufacturer.anvl.xml
APAR,APAR,manufacturer_NameAPAR,,manufacturer_DescAPAR,UI/SharedAssets/ManufacturerLogos/ApocalypseArms_256.tif,,,,,,,77f7999a-b23b-4812-94c2-09b5e15e1b0e,libs/foundry/records/scitemmanufacturer/scitemmanufacturer.apar.xml
ARCC,ARCC,manufacturer_NameARCC,,manufacturer_DescARCC,UI/SharedAssets/ManufacturerLogos/ArcCorp_256.tif,,,,dcc51f68-8ca1-4445-a89b-b135cc8c2acb,,,0ade6e45-ecdd-42a9-9046-3e96dbe4f5d0,libs/foundry/records/scitemmanufacturer/scitemmanufacturer.arcc.xml
ARGO,ARGO,manufacturer_NameARGO,,manufacturer_DescARGO,UI/SharedAssets/ManufacturerLogos/Argo_256.tif,ui/textures/logos/logo_corp_argo_square_color.tif,ui/textures/logos/logo_corp_argo_square_white.tif,d1e7da57-6eff-4a36-8b3f-e200280b4ffc,70a4e00c-6cfc-4997-8957-1168b95cfd26,6f3a91cd-c1bd-4fc4-97d4-03b928d45685,0dba275a-6a5f-4124-8472-d968854df7d4,9e1f5a35-edcc-4d19-bede-08e2730043c5,libs/foundry/records/scitemmanufacturer/scitemmanufacturer.argo.xml
ASAS,ASAS,manufacturer_NameASAS,,manufacturer_DescASAS,UI/SharedAssets/ManufacturerLogos/Ascension_256.tif,,,,,,,abca0ae0-a819-4aeb-a1a7-f8f1d7e277cf,libs/foundry/records/scitemmanufacturer/scitemmanufacturer.asas.xml
BASL,BASL,manufacturer_NameBASL,,manufacturer_DescBASL,UI/SharedAssets/ManufacturerLogos/Basilisk_256.tif,,,,,,,2948496b-45d2-41f8-bdff-97587f1e6981,libs/foundry/records/scitemmanufacturer/scitemmanufacturer.basl.xml
CNOU,CNOU,manufacturer_NameCNOU,,manufacturer_DescCNOU,UI/SharedAssets/ManufacturerLogos/Consolidated_256.tif,ui/textures/logos/logo_corp_cnou_square_color.tif,ui/textures/logos/logo_corp_cnou_square_white.tif,c29e611e-a12c-4815-a51e-587a18d29f07,6b47b526-f11e-4121-bfb8-5a424e37bf03,eb2878d4-0e9c-4296-8c8c-9ce3a16f03b4,29f4d156-6a2d-4f40-ac73-b68b67becc7e,ec227ef3-fb08-4897-abdb-579eb4e87c25,libs/foundry/records/scitemmanufacturer/scitemmanufacturer.cnou.xml
CRLF,CUR,manufacturer_NameCRLF,,manufacturer_DescCRLF,UI/SharedAssets/ManufacturerLogos/curelife_256.tif,,,,30e079c0-6865-4826-93cf-ffb710c6f7a7,,,dd55bc19-5212-4365-bbc8-73474f0257ed,libs/foundry/records/scitemmanufacturer/scitemmanufacturer.crlf.xml
DRAK,DRAK,manufacturer_NameDRAK,,manufacturer_DescDRAK,UI/SharedAssets/ManufacturerLogos/Drake_256.tif,ui/textures/logos/logo_corp_drak_square_color.tif,ui/textures/logos/logo_corp_drak_square_white.tif,e1245435-a9c9-4867-9c40-15d42d9b49d8,2adcc682-7322-4e06-92f5-9aa19f222d93,d86d3b01-bcfc-4512-a6e3-430499190e3f,b3b0ae42-bd6b-47f3-9fce-38ca2aac7bcb,6116471c-891d-4830-8968-650b6deafc00,libs/foundry/records/scitemmanufacturer/scitemmanufacturer.drak.xml
GODI,GODI,manufacturer_NameGODI,,manufacturer_DescGODI,UI/SharedAssets/ManufacturerLogos/GorgonDefender_256.tif,,,,,,,57bfcf3d-13f6-4c2c-b7c7-6bf8eacb8a24,libs/foundry/records/scitemmanufacturer/scitemmanufacturer.godi.xml
JSPN,JSPN,manufacturer_NameJSPN,,manufacturer_DescJSPN,UI/SharedAssets/ManufacturerLogos/JSpan_256.tif,,,,,,,6cf93625-789a-4e8f-a857-325d64a58c93,libs/foundry/records/scitemmanufacturer/scitemmanufacturer.jspn.xml
JUST,JUST,manufacturer_NameJUST,,manufacturer_DescJUST,UI/SharedAssets/ManufacturerLogos/Juno_256.tif,,,,,,,d7cc897f-b760-4a73-93c0-27e23c52db0a,libs/foundry/records/scitemmanufacturer/scitemmanufacturer.just.xml
KRIG,KRI,manufacturer_NameKRIG,,manufacturer_DescKRIG,UI/SharedAssets/ManufacturerLogos/Kruger_256.tif,,,b37b4bc2-33ee-43cf-b3f6-405ff57578c7,1350f870-a6f5-4c44-9c7e-fd388f319a24,764cff0d-8ab9-4563-8354-e8e78f476ff1,1916e85d-3f12-4fcd-8d0b-38258d5e3675,7b5d1ed3-11e7-49e6-9ed3-9d0cb52a3dc2,libs/foundry/records/scitemmanufacturer/scitemmanufacturer.krig.xml
LPLT,LPLT,manufacturer_NameLPLT,,manufacturer_DescLPLT,UI/SharedAssets/ManufacturerLogos/LightningPower_256.tif,,,,,,,60d0f346-0c22-4869-81d3-1168b526a258,libs/foundry/records/scitemmanufacturer/scitemmanufacturer.lplt.xml
MISC,MIS,manufacturer_NameMISC,,manufacturer_DescMISC,UI/SharedAssets/ManufacturerLogos/MISC_256.tif,ui/textures/logos/logo_corp_misc_square_color.tif,ui/textures/logos/logo_corp_misc_square_white.tif,e11c9ec0-b60c-4422-bb9d-514f408107b7,60da9404-985a-4889-9922-ecf43bff09f1,3efe67d3-018f-4ab3-9588-4f8b2a3386fb,24dca732-04cc-4896-b90f-d304741ab2dd,b28a5c61-63a4-478b-8047-5fba545d5b8a,libs/foundry/records/scitemmanufacturer/scitemmanufacturer.misc.xml
ORIG,ORIG,manufacturer_NameOrigin,,manufacturer_DescOrigin,UI/SharedAssets/ManufacturerLogos/Origin_256.tif,ui/textures/logos/logo_corp_orig_square_color.tif,ui/textures/logos/logo_corp_orig_square_white.tif,29502ae2-78c6-40c3-a97a-3a3cecdd3316,7691757a-58ef-4bfc-a3c2-85b44ef41709,ec06cf6e-f503-4ecd-882d-9b4417daa992,396013af-3e07-4651-88d9-b303c3fa40d7,1e47a9ec-a3f0-431d-be0e-377712e1ed84,libs/foundry/records/scitemmanufacturer/scitemmanufacturer.orig.xml
OUTL,OUTL,,,,,,,,,,,7e8a8608-3b02-42cc-83ea-4efe430c60a8,libs/foundry/records/scitemmanufacturer/scitemmanufacturer.outl.xml
RACO,RACO,manufacturer_NameRACO,,manufacturer_DescRACO,UI/SharedAssets/ManufacturerLogos/Ramp_Corporation_256.tif,,,,,,,57432775-b421-45cc-8616-ac2d35018193,libs/foundry/records/scitemmanufacturer/scitemmanufacturer.raco.xml
RSI,RSI,manufacturer_NameRSI,,manufacturer_DescRSI,UI/SharedAssets/ManufacturerLogos/RSI_256.tif,ui/textures/logos/logo_corp_rsi_square_color.tif,ui/textures/logos/logo_corp_rsi_square_white.tif,b6391acb-a790-4102-aded-5acbc7f37f26,5312db67-be99-400d-b4c3-3417fcda77a3,83d86c16-f5f5-4a8a-8e4f-050b97a842c5,a65d64c5-d6aa-4889-8ac9-8841fb3c6bfd,093e6eba-93fa-4dad-b3dd-38966934e34e,libs/foundry/records/scitemmanufacturer/scitemmanufacturer.rsi.xml
SASU,SASU,manufacturer_NameSASU,,manufacturer_DescSASU,UI/SharedAssets/ManufacturerLogos/SakuraSun_256.tif,,,,,,,40c59850-8fb5-4a0e-ab61-7fd3871a632a,libs/foundry/records/scitemmanufacturer/scitemmanufacturer.sasu.xml
SECO,SECO,manufacturer_NameSECO,,manufacturer_DescSECO,UI/SharedAssets/ManufacturerLogos/SealCorp_256.tif,,,,,,,f91beb30-915c-42f6-9b1f-f5bd74633fd6,libs/foundry/records/scitemmanufacturer/scitemmanufacturer.seco.xml
TARS,TARS,manufacturer_NameTARS,,manufacturer_DescTARS,UI/SharedAssets/ManufacturerLogos/Tarsus_256.tif,,,,,,,2b25a2dd-47ea-4ab0-8711-03d34be214b1,libs/foundry/records/scitemmanufacturer/scitemmanufacturer.tars.xml
TYDT,TYDT,manufacturer_NameTYDT,,manufacturer_DescTYDT,UI/SharedAssets/ManufacturerLogos/TylerDesign_256.tif,,,,,,,a2a97679-2a6e-4e89-80d8-439c88a01427,libs/foundry/records/scitemmanufacturer/scitemmanufacturer.tydt.xml
UEE,UEE,manufacturer_NameUEE,,manufacturer_DescUEE,,,,,,,,2e06e775-940b-4c24-8974-31fb5617ea56,libs/foundry/records/scitemmanufacturer/scitemmanufacturer.uee.xml
VNCL,VNC,manufacturer_NameVNCL,,manufacturer_DescVNCL,UI/SharedAssets/ManufacturerLogos/Esperia_256.tif,,,,441a0107-ab22-47e1-95c0-e551e98b320c,4ea34a7f-99bc-45b1-a2b4-894543b286ab,ac170333-0c91-46cf-8f68-0347e892083d,4668760a-d8a1-48d0-be4d-42304b702de0,libs/foundry/records/scitemmanufacturer/scitemmanufacturer.vncl.xml
WCPR,WCPR,manufacturer_NameWCPR,,manufacturer_DescWCPR,UI/SharedAssets/ManufacturerLogos/WenCassel_256.tif,,,,,,,d8ef0f35-e196-4d18-affa-750f6cdf8cb4,libs/foundry/records/scitemmanufacturer/scitemmanufacturer.wcpr.xml
WETK,WETK,manufacturer_NameWETK,,manufacturer_DescWETK,UI/SharedAssets/ManufacturerLogos/Wei-Tek_256.tif,,,,,,,0f9ffe57-8542-4d83-a246-72568a5f2f91,libs/foundry/records/scitemmanufacturer/scitemmanufacturer.wetk.xml
XIAN,,manufacturer_NameXNAA,,manufacturer_DescXNAA,UI/SharedAssets/ManufacturerLogos/Aopoa_256.tif,UI/SharedAssets/ManufacturerLogos/Aopoa_256.tif,UI/SharedAssets/ManufacturerLogos/Aopoa_256.tif,,a95d2be2-a299-454f-9277-14a3baf4e4b6,c952bf76-88f4-4b62-88fd-ce99fd87c1cf,,70ac7035-10a0-4bbb-90b0-9bddf047b504,libs/foundry/records/scitemmanufacturer/scitemmanufacturer.xian.xml
YORM,YORM,manufacturer_NameYORM,,manufacturer_DescYORM,UI/SharedAssets/ManufacturerLogos/yorm_256.tif,,,,,,,435366d8-8b47-4cbc-b0cf-688a95a0847d,libs/foundry/records/scitemmanufacturer/scitemmanufacturer.yorm.xml
SELA_LO,,,,,,,,,c40393d2-38ce-4c7a-a93a-998516b76b15,,,9f613dee-d456-4b0e-a663-e5565ea3dd61,libs/foundry/records/scitemmanufacturer/sela_lo.xml
SHIN,SHIN,manufacturer_NameSHIN,,manufacturer_DescSHIN,UI/SharedAssets/ManufacturerLogos/ShubinInterstellar_256.tif,,,,b0fec598-7565-48ed-9cce-3136442a6ef8,,,ab35f85f-919f-4457-8d58-4e885ea6c5c0,libs/foundry/records/scitemmanufacturer/shin.xml
Commodity_Default,,shop_ui_commodities,,,,,,,2311eb7f-fb95-42f3-b184-8d4b5304c5ae,,,80847206-acb3-4ea5-bfe8-537343a82527,libs/foundry/records/scitemmanufacturer/shop/commoditykiosk/commodity_default.xml
Commodity_Hacked,,shop_ui_commodities,,,,,,,48a77e74-90b2-4d7f-b4ef-f8645eece493,,,2fc29f85-2653-437f-a4f7-584162d89023,libs/foundry/records/scitemmanufacturer/shop/commoditykiosk/commodity_hacked.xml
Commodity_Luxury,,shop_ui_commodities,,,,,,,01256f04-87dd-40d1-804f-4470e6f22106,,,302dc3c1-f6ee-4dc9-ab06-46e94c9412a1,libs/foundry/records/scitemmanufacturer/shop/commoditykiosk/commodity_luxury.xml
Aparelli,APLL,item_NameShop_CasabaOutlet,,,,,,,62b7bfeb-7bf4-40fa-b6ad-87a63e772dc8,,,27e371d2-2dcb-428c-a32a-a17e246f02e8,libs/foundry/records/scitemmanufacturer/shop/shopkiosk/aparelli.xml
ArcCorp,ARCC,item_NameShop_CasabaOutlet,,,,,,,ffc4f1b5-ebd2-414b-b874-6f23e1e22eda,,,a5367701-2bb5-4da2-bfdf-9a025df8f46b,libs/foundry/records/scitemmanufacturer/shop/shopkiosk/arccorp.xml
AstroArmada,ATRO,item_NameShop_CasabaOutlet,,,,,,,651e7594-f935-471d-8bbc-16231a41cd74,,,db2fdcd3-aa45-4878-bdba-8d6062885f45,libs/foundry/records/scitemmanufacturer/shop/shopkiosk/astroarmada.xml
Casaba,,item_NameShop_CasabaOutlet,,,,,,,72b01b40-ec46-4ad8-ae78-65e2e53aecda,,,de0d7efc-216c-4ed2-bc56-a5032f79e086,libs/foundry/records/scitemmanufacturer/shop/shopkiosk/casaba.xml
CenterMass,CNTR,item_NameShop_CasabaOutlet,,,,,,,b18a4d0a-745f-47f2-8903-b1a685de9bf0,,,e441348b-6b41-4d00-a381-5ff20e014c2c,libs/foundry/records/scitemmanufacturer/shop/shopkiosk/centermass.xml
ConscientiousObjects,CONO,item_NameShop_CasabaOutlet,,,,,,,bbe0539b-17fa-4209-b454-03447f9c3483,,,10d3571e-dd95-4e5d-a644-ccaee0f1fdb9,libs/foundry/records/scitemmanufacturer/shop/shopkiosk/conscientiousobjects.xml
Cordrys,CORD,item_NameShop_CasabaOutlet,,,,,,,b10ab60e-5db5-4740-bfc4-12254c6fdd98,,,918384f8-9a35-465a-a515-ba256e96d6e8,libs/foundry/records/scitemmanufacturer/shop/shopkiosk/cordrys.xml
CubbyBlast,CUBY,item_NameShop_CasabaOutlet,,,,,,,a7960984-34a0-4389-bf94-088c2314239a,,,d73a45ce-6b59-4791-937d-1bd7a0819ee0,libs/foundry/records/scitemmanufacturer/shop/shopkiosk/cubbyblast.xml
FactoryLine,,item_NameShop_CasabaOutlet,,,,,,,3a6a2375-26c0-4641-9c94-8478c2596617,,,7cad4a97-1445-45a7-884f-f2f18266e4c5,libs/foundry/records/scitemmanufacturer/shop/shopkiosk/factoryline.xml
FTA,FTA,,,,,,,,,,,0b32addb-fed0-4a4a-85b2-e3b397c4f062,libs/foundry/records/scitemmanufacturer/shop/shopkiosk/fta.xml
FTL,FTLC,item_NameShop_CasabaOutlet,,,,,,,7c4fd0cf-1004-43c2-a255-93a525f8b09f,,,7db7b41d-ff7f-4ed9-9550-7aaaae9fa265,libs/foundry/records/scitemmanufacturer/shop/shopkiosk/ftl.xml
GrimHex,,item_NameShop_CasabaOutlet,,,,,,,2a495925-b17c-463d-be29-18d5ca7e017c,,,66855ccf-ad30-450f-bf4e-21f79576a0d7,libs/foundry/records/scitemmanufacturer/shop/shopkiosk/grimhex.xml
HurstonDynamics,HRST,item_NameShop_CasabaOutlet,,,,,,,0b7c6c48-41cd-4bc6-a48f-2d0ec49674f8,,,31a695b6-683d-4cd4-a8d1-9d5458327567,libs/foundry/records/scitemmanufacturer/shop/shopkiosk/hurstondynamics.xml
KCTrading,KCTR,item_NameShop_CasabaOutlet,,,,,,,a81f7dba-9885-47f9-8cc2-b72b4fa71907,,,c52dc2d9-624c-4722-b63a-33a38ac0039c,libs/foundry/records/scitemmanufacturer/shop/shopkiosk/kctrading.xml
Levski2,,item_NameShop_CasabaOutlet,,,,,,,8800eb69-db88-4ad6-95ed-f4d29c5f4ef1,,,cde20aa1-77af-4961-b66b-c08fd2e8941f,libs/foundry/records/scitemmanufacturer/shop/shopkiosk/levski2.xml
Microtech,MITE,item_NameShop_CasabaOutlet,,,UI/SharedAssets/ManufacturerLogos/Microtech_256.tif,,,,b302b799-9c46-4ede-bca6-ccb79e1b3e4c,,,dcfca4a3-180e-4190-9a7e-820e747e1ad9,libs/foundry/records/scitemmanufacturer/shop/shopkiosk/microtech.xml
NewDeal,,item_NameShop_CasabaOutlet,,,,,,,73648ad4-19d3-4301-aa30-29c1bbff6a4f,,,39c7537c-6f71-4f11-9a45-74376ac824f5,libs/foundry/records/scitemmanufacturer/shop/shopkiosk/newdeal.xml
OmegaPro,OGPO,item_NameShop_CasabaOutlet,,,,,,,3e6a8093-ec34-4692-906f-9d75e34fbfd9,,,9b460be8-0c7c-47fb-a6ac-21aa88a6c09f,libs/foundry/records/scitemmanufacturer/shop/shopkiosk/omegapro.xml
PortOlisar,,item_NameShop_CasabaOutlet,,,,,,,462458bd-7e58-4da0-96bc-9c29917fc689,,,13110158-7131-4212-a6b7-daeb8719699f,libs/foundry/records/scitemmanufacturer/shop/shopkiosk/portolisar.xml
ProcyonCDF,PCDF,item_NameShop_CasabaOutlet,,,,,,,1f3bed43-e1b9-4aff-a9a2-bfbe286361c7,,,1b4babeb-5c3d-4c31-a9dd-5f53e0e8893c,libs/foundry/records/scitemmanufacturer/shop/shopkiosk/procyoncdf.xml
Regal,,shop_name_regal,,,,,,,92477edf-7295-4a49-8496-62adace1d03e,,,b09ed6eb-9d22-443d-bba0-2bb07c56cb1d,libs/foundry/records/scitemmanufacturer/shop/shopkiosk/regal.xml
Shop_Armor,,item_TypeArmor,,,,,,,3d604044-2999-4b3d-a8b3-822b8a87194e,,,826b3c1a-15a3-423f-a3b6-d7e424af9995,libs/foundry/records/scitemmanufacturer/shop/shopkiosk/shop_armor.xml
Shop_CargoDepot,,item_TypeArmor,,,,,,,3c5a8a53-5397-4b89-b179-4edd11786acd,,,475d246a-f64d-460c-8d55-0552bc075cea,libs/foundry/records/scitemmanufacturer/shop/shopkiosk/shop_cargodepot.xml
Shop_CommodityKiosk,,item_NameShop_CasabaOutlet,,,,,,,d328ea34-962c-44db-92e5-aced7dd42437,,,72c4613d-8885-4762-8502-792d3e2d4b60,libs/foundry/records/scitemmanufacturer/shop/shopkiosk/shop_commoditykiosk.xml
Shop_ConscientiousObjects,,,,,,,,,bbe0539b-17fa-4209-b454-03447f9c3483,,,b8198ee8-1393-46c3-b130-4592a78b14c4,libs/foundry/records/scitemmanufacturer/shop/shopkiosk/shop_conscientiousobjects.xml
Shop_CousinCrows,,item_NameShop_DumpersDepot,,,,,,,d577ac9a-4aa8-4bad-8046-de13696356b0,,,c1cd9064-70bf-4464-8f7c-27aac92bc546,libs/foundry/records/scitemmanufacturer/shop/shopkiosk/shop_cousincrows.xml
Shop_CrusaderIndustries,,item_NameShop_DumpersDepot,,,,,,,74ad22c9-be67-429b-b737-67854fabe5a9,,,add48e77-0ba7-4049-bc50-3a47458d0669,libs/foundry/records/scitemmanufacturer/shop/shopkiosk/shop_crusaderindustries.xml
Shop_CrusaderProvidenceSurplus,,item_NameShop_DumpersDepot,,,,,,,3744dcd9-3cf3-4b07-9a1c-d11a265701d1,,,41c73928-b30b-4fe6-a2e3-a2e6e7f0d410,libs/foundry/records/scitemmanufacturer/shop/shopkiosk/shop_crusaderprovidencesurplus.xml
Shop_DumpersDepot,,item_NameShop_DumpersDepot,,,,,,,43fe4b96-a6e6-4ccd-8632-e95acff8bc20,,,d79b3ded-a1bf-4d38-8cce-c540a3b330aa,libs/foundry/records/scitemmanufacturer/shop/shopkiosk/shop_dumpersdepot.xml
Shop_GarrityDefense,,item_nameShop_GarrityDefense,,,,,,,85000018-f5a5-4365-b061-9f9bf1c17d8f,,,758088bb-7645-4f20-8fb6-0ec413f09666,libs/foundry/records/scitemmanufacturer/shop/shopkiosk/shop_garritydefense.xml
Shop_GenericArmor,,item_NameShop_CasabaOutlet,,,,,,,f0d42b60-4300-437b-a3f5-1c6b528ba4cd,,,cd5a8df6-e3fd-4aff-b00e-be37ef919bc6,libs/foundry/records/scitemmanufacturer/shop/shopkiosk/shop_genericarmor.xml
Shop_GenericClothing,,item_NameShop_CasabaOutlet,,,,,,,fa5bfbb0-b15c-4816-aa86-a22f44f33bd8,,,0badb2e7-e3f1-4f00-8e98-bbdd39eb9e57,libs/foundry/records/scitemmanufacturer/shop/shopkiosk/shop_genericclothing.xml
Shop_GenericFPSWeapons,,item_NameShop_CasabaOutlet,,,,,,,92fa379b-a5b2-4e2f-b5a1-259f5aa68fbf,,,eb8c6e99-3dd1-4871-a387-ab423db63d75,libs/foundry/records/scitemmanufacturer/shop/shopkiosk/shop_genericfpsweapons.xml
Shop_GenericPharmacy,,item_NameShop_CasabaOutlet,,,,,,,dd8a3d45-0afb-4df5-b1ea-8452017a60bc,,,8e60dd18-ad85-4ad1-9e4e-f991bbc94df9,libs/foundry/records/scitemmanufacturer/shop/shopkiosk/shop_genericpharmacy.xml
Shop_GenericShipWeapons,,item_NameShop_CasabaOutlet,,,,,,,1391f98f-077c-4412-9e10-c9c51a48883a,,,71410f1b-8793-4650-a599-e58173a12347,libs/foundry/records/scitemmanufacturer/shop/shopkiosk/shop_genericshipweapons.xml
Shop_KelTo,,item_NameShop_DumpersDepot,,,,,,,f84bf476-f99c-4d97-b564-d6d6ac42db38,,,f2e1fae1-c4c9-419e-befe-b0c9078958a1,libs/foundry/records/scitemmanufacturer/shop/shopkiosk/shop_kelto.xml
Shop_Klescher,,item_TypeArmor,,,,,,,c19f5309-28b0-4a5a-8d39-5123f4fced7d,,,57b34869-f13e-4953-8ffd-e3db0346aa13,libs/foundry/records/scitemmanufacturer/shop/shopkiosk/shop_klescher.xml
Shop_LiveFireWeapons,,item_NameShop_CasabaOutlet,,,,,,,ae17dc39-a470-4a62-a4e3-9d07431590e2,,,6f8c7db1-5c29-49ec-873e-977418f45a57,libs/foundry/records/scitemmanufacturer/shop/shopkiosk/shop_livefireweapons.xml
Shop_LO_C_Armor,,,,,,,,,96ec571b-8537-4f1e-9785-331f1ac24e75,,,1fc9a898-a45b-4eb8-ae7b-5ba495c73e64,libs/foundry/records/scitemmanufacturer/shop/shopkiosk/shop_lo_c_armor.xml
Shop_LO_C_Clothing,,,,,,,,,65fe515f-e223-4b3b-b5f5-56ace7d9d4bb,,,06f9992d-fa3f-43f0-b3e5-65cbf3404f1d,libs/foundry/records/scitemmanufacturer/shop/shopkiosk/shop_lo_c_clothing.xml
Shop_LO_C_FPSWeapons,,,,,,,,,e3231632-6fcd-4ecc-8618-134c5dde78b6,,,95971b97-c20e-4fec-af46-4e5410818bf1,libs/foundry/records/scitemmanufacturer/shop/shopkiosk/shop_lo_c_fpsweapons.xml
Shop_LO_C_ShipWeapons,,,,,,,,,0b8dba66-5bf7-454b-acf1-04cb12bd0aa3,,,73f086a1-a226-4333-8415-9a3a7eaa6b6e,libs/foundry/records/scitemmanufacturer/shop/shopkiosk/shop_lo_c_shipweapons.xml
Shop_Makau,,item_NameShop_DumpersDepot,,,,,,,c09365c8-42af-49ca-8da4-44ec215d423b,,,24a279ec-bbfb-4713-9efb-dccd34278de7,libs/foundry/records/scitemmanufacturer/shop/shopkiosk/shop_makau.xml
Shop_OreSales,,item_NameShop_CasabaOutlet,,,,,,,9957fcb8-3887-497a-8f57-3df691440251,,,0fdd64a5-5153-494b-903c-39dc6e346c9b,libs/foundry/records/scitemmanufacturer/shop/shopkiosk/shop_oresales.xml
Shop_PlatinumBay,,item_NameShop_DumpersDepot,,,,,,,19a4a07f-9c21-4857-9b33-4aa529aff247,,,5abfd713-dd4c-4077-8cf3-e5f3108cb39f,libs/foundry/records/scitemmanufacturer/shop/shopkiosk/shop_platinumbay.xml
Shop_Refinery,,item_TypeArmor,,,,,,,f432f191-f047-46ec-88de-85e4b351cc0a,,,b8a0377e-39f8-452e-bdda-cfc4588c11d6,libs/foundry/records/scitemmanufacturer/shop/shopkiosk/shop_refinery.xml
Shop_UniversalGeneric_Pyro,,item_NameShop_CasabaOutlet,,,,,,,493133ca-d4d5-4477-a199-1c00ce647849,,,f6108076-75ad-4d93-a65e-faf44b5b002b,libs/foundry/records/scitemmanufacturer/shop/shopkiosk/shop_universalgeneric_pyro.xml
Shop_UniversalGeneric,,item_NameShop_CasabaOutlet,,,,,,,37cbfd0e-2d72-47c1-adac-4aeac6285eea,,,368303c0-ea4f-4a39-97f4-cbe9e8b6fc68,libs/foundry/records/scitemmanufacturer/shop/shopkiosk/shop_universalgeneric.xml
Shop_WeaponHD,,item_NameShop_CasabaOutlet,,,,,,,e58d1f36-708d-48c9-bdbd-fb2fb3295748,,,8329eb50-2751-4cc2-b0c7-eba7ef2523ee,libs/foundry/records/scitemmanufacturer/shop/shopkiosk/shop_weaponhd.xml
Shop_Weapons,,,,,,,,,92fa379b-a5b2-4e2f-b5a1-259f5aa68fbf,,,4366d3e0-e0db-4e5f-a0b3-95d8d3c83efb,libs/foundry/records/scitemmanufacturer/shop/shopkiosk/shop_weapons.xml
Shubin,,item_NameShop_CasabaOutlet,,,,,,,1b7c8fec-4214-4bd2-a405-fa4087d77efb,,,f8692d25-400b-416e-b555-1cbd77ee2e52,libs/foundry/records/scitemmanufacturer/shop/shopkiosk/shubin.xml
Skutters,,item_NameShop_CasabaOutlet,,,,,,,32d3dd63-f9ce-4558-bf99-86492925be4b,,,c24553ff-91b3-42cc-9dee-fd43e2cdd383,libs/foundry/records/scitemmanufacturer/shop/shopkiosk/skutters.xml
TammanyandSons,,item_NameShop_CasabaOutlet,,,,,,,88164af3-caa6-49a0-a8ce-278798efc82d,,,26f0259b-b1fb-417c-a38c-884db26164c0,libs/foundry/records/scitemmanufacturer/shop/shopkiosk/tammanyandsons.xml
TDD,TDD,item_NameShop_CasabaOutlet,,,,,,,34e5624d-a1ae-4d06-b14b-1d210c730ad5,,,4f6dafd0-0b7e-4aac-844a-356896049adc,libs/foundry/records/scitemmanufacturer/shop/shopkiosk/tdd.xml
Teachs,,item_NameShop_CasabaOutlet,,,,,,,32a68d3a-6db5-4ed5-ba7f-a783ea0461e5,,,222f2427-518b-444d-bbe3-eb0ecd80e286,libs/foundry/records/scitemmanufacturer/shop/shopkiosk/teachs.xml
TeachsRentals,,item_NameShop_CasabaOutlet,,,,,,,598c2267-ea1e-445b-98fe-eaa6583052dc,,,9fd269d9-a067-4f17-89a0-98b1b0ce416e,libs/foundry/records/scitemmanufacturer/shop/shopkiosk/teachsrentals.xml
Traveler,,item_NameShop_CasabaOutlet,,,,,,,eaa39c52-b4af-45fc-9194-6d0e4a40e20a,,,72182179-46b4-45e3-9464-5646a46cfca5,libs/foundry/records/scitemmanufacturer/shop/shopkiosk/traveler.xml
Vantage,,item_NameShop_CasabaOutlet,,,,,,,2abfd7af-76c2-4ed6-bb5a-77cd0b9ce936,,,5380c3f8-98ef-4b5e-a833-a0ac76a6c7e6,libs/foundry/records/scitemmanufacturer/shop/shopkiosk/vantage.xml
STOR,,manufacturer_NameSTOR,,manufacturer_DescSTOR,UI/SharedAssets/ManufacturerLogos/rep_ui_icon_logo_storall_diff.tif,,,,,,,c4a97eae-00ee-4873-93c5-ee73209e3ec8,libs/foundry/records/scitemmanufacturer/stor.xml
TALN,TALN,manufacturer_NameTALN,,manufacturer_DescTALN,UI/SharedAssets/ManufacturerLogos/Talon_256.tif,,,,,,,587fcede-4fe9-4fb4-85ec-124abc8542b0,libs/foundry/records/scitemmanufacturer/taln.xml
THCN,THCN,manufacturer_NameTHCN,,manufacturer_DescTHCN,UI/SharedAssets/ManufacturerLogos/Thermyte_256.tif,,,,,,,d1a1bf03-89d9-4eae-ac34-11eeb8e45d8f,libs/foundry/records/scitemmanufacturer/thcn.xml
TMBL,TMBL,manufacturer_NameTMBL,,manufacturer_DescTMBL,UI/SharedAssets/ManufacturerLogos/Tumbril_256.tif,,,,07b8828e-35fe-4b87-bac7-1fa27746edd3,006aaafe-a6e0-4480-a043-0e0c58883b76,,bb1024bc-b82e-491c-820c-36662c36feb3,libs/foundry/records/scitemmanufacturer/tmbl.xml
TRAS,TRAS,manufacturer_NameAEGS,,manufacturer_DescAEGS,UI/SharedAssets/ManufacturerLogos/Aegis_256.tif,ui/textures/logos/logo_corp_aegs_square_color.tif,ui/textures/logos/logo_corp_aegs_square_white.tif,,,,,d70afa6f-c7aa-4a3f-b222-d2208e6c21a9,libs/foundry/records/scitemmanufacturer/tras.xml
TRMI,TRMI,,,,,,,,1968fdd9-5532-46cc-bf7f-5d8acec5be5c,,,a2d3a876-d263-443a-bc16-39444072d787,libs/foundry/records/scitemmanufacturer/trmi.xml
UCAG_HI,,,,,,,,,26221569-fe4c-4282-8661-700aba9e95a7,,,b571bd75-c33b-4040-9db5-2ccffa241d68,libs/foundry/records/scitemmanufacturer/ucag_hi.xml
Commodity_UILO_C,Commodity_UILO_C,,,,,,,,6c3f0d1c-c8ae-4d76-bc62-e82f70e4852f,,,9fcc226b-9200-4966-9ea4-2054dac4d897,libs/foundry/records/scitemmanufacturer/uistyleonly/commodity_uilo_c.xml
UIHI_A,UIHI_A,,,,,,,,2b93381a-6b0b-48d1-b3c3-726c9c3f5dcd,,,d55cfa9f-5dab-4b8d-a105-cf2d16976003,libs/foundry/records/scitemmanufacturer/uistyleonly/uihi_a.xml
UILO_A,UILO_A,,,,,,,,1968fdd9-5532-46cc-bf7f-5d8acec5be5c,,,fa121997-f0c5-43f7-a8e0-d5afff541c9e,libs/foundry/records/scitemmanufacturer/uistyleonly/uilo_a.xml
UILO_B,UILO_B,,,,,,,,138fa2fa-4c94-4e5b-bf09-24ddae699019,,,e6ba6e48-e801-45a9-b07f-6a6c206bb4ba,libs/foundry/records/scitemmanufacturer/uistyleonly/uilo_b.xml
UILO_C_2,UILO_C_2,,,,,,,,ce8bdf40-88fa-4e0f-9122-a92d99e93e2a,,,74da93a1-462b-4ca0-8374-6b482a617b32,libs/foundry/records/scitemmanufacturer/uistyleonly/uilo_c_2.xml
UILO_C,UILO_C,,,,,,,,86613679-2536-44a0-85a1-afcd3e425725,,,23788dd9-6222-4a4a-b233-0f421afc8eb1,libs/foundry/records/scitemmanufacturer/uistyleonly/uilo_c.xml
UIMI_A,UIMI_A,,,,,,,,0a2d116d-3803-4e3a-9ee7-5ef6895fe5e8,,,e289a3ba-8d54-4887-90d6-f03aa3c7961f,libs/foundry/records/scitemmanufacturer/uistyleonly/uimi_a.xml
UIMI_B,,shop_ui_commodities,,,,,,,2311eb7f-fb95-42f3-b184-8d4b5304c5ae,,,1c7bb14f-e838-491b-a210-0b94f47d5e51,libs/foundry/records/scitemmanufacturer/uistyleonly/uimi_b.xml
UIMI_C,,,,,,,,,64b96e59-5ca9-42e2-b15e-a6ee2b553b02,,,80569873-2529-4696-9cf7-98faa4d85c28,libs/foundry/records/scitemmanufacturer/uistyleonly/uimi_c.xml
UNKN,UNKN,manufacturer_NameUNKN,,manufacturer_DescUNKN,UI/SharedAssets/ManufacturerLogos/UnknownManufacturer_256.tif,,,,,,,587a3cae-5e66-4f22-b0fc-1a47d41cafef,libs/foundry/records/scitemmanufacturer/unkn.xml
WLOP,WLOP,manufacturer_NameWLOP,,manufacturer_DescWLOP,UI/SharedAssets/ManufacturerLogos/rep_ui_icon_logo_willsop_diff.tif,,,,,,,967cd454-20d9-4cb8-8465-990ff1a1f769,libs/foundry/records/scitemmanufacturer/wlop.xml
XNAA,XNAA,manufacturer_NameXNAA,,manufacturer_DescXNAA,UI/SharedAssets/ManufacturerLogos/Aopoa_256.tif,,,,67108503-8927-42ac-bf43-b3017f143c55,,0e3d794a-697f-4a5b-bdf6-9a625c678154,06370f79-4741-4781-be08-d5acc9e28047,libs/foundry/records/scitemmanufacturer/xnaa.xml
