Entity Class,Vehicle Name Key,Vehicle Description Key,Manufacturer GUID,Manufacturer Code,Manufacturer Name Key,Movement Class,Vehicle Definition,Modification,Career Key,Career GUID,Role Key,Role GUID,Crew Size,Hull Damage Normalization,Allow Soft Destruction,Dogfight Enabled,Gravlev Vehicle,Inventory Container GUID,Record GUID,Record Path
ANVL_Ballista_Dunestalker,vehicle_NameANVL_Ballista_Dunestalker,vehicle_DescANVL_Ballista_Dunestalker,b922abdb-0634-4358-9eee-60118f3cf3a7,ANVL,manufacturer_NameANVL,ArcadeWheeled,Scripts/Entities/Vehicles/Implementations/Xml/ANVL_Ballista.xml,,vehicle_focus_combat,2bf4345e-cf3c-4ecb-91ce-f9daa8ff47f8,vehicle_class_antiair,409cf257-941e-4aff-b920-bc9fce904aa7,2,2500,0,1,0,0b359b36-b9d0-4b38-80d4-ea92b11a220a,50f551e3-3435-4cbe-9ecf-8712855a8e27,libs/foundry/records/entities/groundvehicles/anvl_ballista_dunestalker.xml
ANVL_Ballista_EA_Outlaw,vehicle_NameANVL_Ballista,vehicle_DescANVL_Ballista,b922abdb-0634-4358-9eee-60118f3cf3a7,ANVL,manufacturer_NameANVL,ArcadeWheeled,Scripts/Entities/Vehicles/Implementations/Xml/ANVL_Ballista.xml,,vehicle_focus_combat,2bf4345e-cf3c-4ecb-91ce-f9daa8ff47f8,vehicle_class_antiair,409cf257-941e-4aff-b920-bc9fce904aa7,2,2500,0,1,0,0b359b36-b9d0-4b38-80d4-ea92b11a220a,58684c6c-bfac-48a1-a2c3-067b284ebc6a,libs/foundry/records/entities/groundvehicles/anvl_ballista_ea_outlaw.xml
ANVL_Ballista_EA_UEE,vehicle_NameANVL_Ballista,vehicle_DescANVL_Ballista,b922abdb-0634-4358-9eee-60118f3cf3a7,ANVL,manufacturer_NameANVL,ArcadeWheeled,Scripts/Entities/Vehicles/Implementations/Xml/ANVL_Ballista.xml,,vehicle_focus_combat,2bf4345e-cf3c-4ecb-91ce-f9daa8ff47f8,vehicle_class_antiair,409cf257-941e-4aff-b920-bc9fce904aa7,2,2500,0,1,0,0b359b36-b9d0-4b38-80d4-ea92b11a220a,fadb9c23-3d33-442a-9504-5ee4d709c8fa,libs/foundry/records/entities/groundvehicles/anvl_ballista_ea_uee.xml
ANVL_Ballista_PU_AI_NT,vehicle_NameANVL_Ballista,vehicle_DescANVL_Ballista,b922abdb-0634-4358-9eee-60118f3cf3a7,ANVL,manufacturer_NameANVL,ArcadeWheeled,Scripts/Entities/Vehicles/Implementations/Xml/ANVL_Ballista.xml,,vehicle_focus_combat,2bf4345e-cf3c-4ecb-91ce-f9daa8ff47f8,vehicle_class_antiair,409cf257-941e-4aff-b920-bc9fce904aa7,2,2500,0,1,0,0b359b36-b9d0-4b38-80d4-ea92b11a220a,85c2efa9-0544-49e9-9090-0287c9ecff3b,libs/foundry/records/entities/groundvehicles/anvl_ballista_pu_ai_nt.xml
ANVL_Ballista_Snowblind,vehicle_NameANVL_Ballista_Snowblind,vehicle_DescANVL_Ballista_Snowblind,b922abdb-0634-4358-9eee-60118f3cf3a7,ANVL,manufacturer_NameANVL,ArcadeWheeled,Scripts/Entities/Vehicles/Implementations/Xml/ANVL_Ballista.xml,,vehicle_focus_combat,2bf4345e-cf3c-4ecb-91ce-f9daa8ff47f8,vehicle_class_antiair,409cf257-941e-4aff-b920-bc9fce904aa7,2,2500,0,1,0,0b359b36-b9d0-4b38-80d4-ea92b11a220a,aaeb976b-7a79-4a9c-91ee-07ed05d4a399,libs/foundry/records/entities/groundvehicles/anvl_ballista_snowblind.xml
ANVL_Ballista,vehicle_NameANVL_Ballista,vehicle_DescANVL_Ballista,b922abdb-0634-4358-9eee-60118f3cf3a7,ANVL,manufacturer_NameANVL,ArcadeWheeled,Scripts/Entities/Vehicles/Implementations/Xml/ANVL_Ballista.xml,,vehicle_focus_combat,2bf4345e-cf3c-4ecb-91ce-f9daa8ff47f8,vehicle_class_antiair,409cf257-941e-4aff-b920-bc9fce904aa7,2,2500,0,1,0,0b359b36-b9d0-4b38-80d4-ea92b11a220a,a04a1503-ac5c-4520-bc22-4b1a1a198eff,libs/foundry/records/entities/groundvehicles/anvl_ballista.xml
ANVL_Centurion_AI_NineTails,vehicle_NameANVL_Centurion,vehicle_DescANVL_Centurion,b922abdb-0634-4358-9eee-60118f3cf3a7,ANVL,manufacturer_NameANVL,ArcadeWheeled,Scripts/Entities/Vehicles/Implementations/Xml/ANVL_Centurion.xml,,vehicle_focus_combat,2bf4345e-cf3c-4ecb-91ce-f9daa8ff47f8,vehicle_class_antiair,409cf257-941e-4aff-b920-bc9fce904aa7,2,2500,0,1,0,dea23aa8-75c0-41f5-a8ae-aae0209083a9,422ff39d-aaab-42a8-b434-a62449e7f415,libs/foundry/records/entities/groundvehicles/anvl_centurion_ai_ninetails.xml
ANVL_Centurion,vehicle_NameANVL_Centurion,vehicle_DescANVL_Centurion,b922abdb-0634-4358-9eee-60118f3cf3a7,ANVL,manufacturer_NameANVL,ArcadeWheeled,Scripts/Entities/Vehicles/Implementations/Xml/ANVL_Centurion.xml,,vehicle_focus_combat,2bf4345e-cf3c-4ecb-91ce-f9daa8ff47f8,vehicle_class_antiair,409cf257-941e-4aff-b920-bc9fce904aa7,2,2500,0,1,0,dea23aa8-75c0-41f5-a8ae-aae0209083a9,27515ffd-04df-413f-8533-34612d906c7d,libs/foundry/records/entities/groundvehicles/anvl_centurion.xml
ANVL_Spartan,vehicle_NameANVL_Spartan,vehicle_DescANVL_Spartan,b922abdb-0634-4358-9eee-60118f3cf3a7,ANVL,manufacturer_NameANVL,ArcadeWheeled,Scripts/Entities/Vehicles/Implementations/Xml/ANVL_Spartan.xml,,vehicle_focus_combat,2bf4345e-cf3c-4ecb-91ce-f9daa8ff47f8,vehicle_class_passenger,e23c9136-14ab-4814-8c99-50973444f9c4,1,2500,0,1,0,3542783c-509a-4006-befd-610caafdde36,9c26b25a-9285-4074-94d1-163db2aa8cbb,libs/foundry/records/entities/groundvehicles/anvl_spartan.xml
ARGO_CSV_Cargo,vehicle_NameARGO_CSV_Cargo,vehicle_DescARGO_CSV_Cargo,9e1f5a35-edcc-4d19-bede-08e2730043c5,ARGO,manufacturer_NameARGO,ArcadeWheeled,Scripts/Entities/Vehicles/Implementations/Xml/argo_csv.xml,Cargo,vehicle_focus_transporter,d86d770d-1fc4-4525-b3b0-4f670a8a5634,vehicle_class_lightfreight,ff99d78e-3a6a-4e4d-8b1c-59e87a005c11,1,2500,1,1,0,10f318e6-dd40-47f3-a4a4-204ebd1fc78b,e8efe30c-5a1e-4ca2-a956-424b352f80c2,libs/foundry/records/entities/groundvehicles/argo_csv_cargo.xml
DRAK_Mule,vehicle_NameDRAK_Mule,vehicle_DescDRAK_Mule,6116471c-891d-4830-8968-650b6deafc00,DRAK,manufacturer_NameDRAK,ArcadeWheeled,Scripts/Entities/Vehicles/Implementations/Xml/DRAK_Mule.xml,,vehicle_focus_transporter,d86d770d-1fc4-4525-b3b0-4f670a8a5634,vehicle_class_lightfreight,ff99d78e-3a6a-4e4d-8b1c-59e87a005c11,1,2500,0,1,0,bd3d3bab-618e-4984-ab03-ebd09adc36d9,fb484074-f33f-4977-a052-2937e8508acc,libs/foundry/records/entities/groundvehicles/drak_mule.xml
GRIN_MDC,vehicle_NameGrin_MDC,vehicle_DescGrin_MDC,819545f4-18af-49a6-814e-ca4fd08f56e5,GRIN,manufacturer_NameGRIN,ArcadeWheeled,Scripts/Entities/Vehicles/Implementations/Xml/GRIN_MXC.xml,Grin_MDC,vehicle_focus_ground,7e0ae04c-b425-4705-ab25-8ff17dd8660f,vehicle_class_antiair,409cf257-941e-4aff-b920-bc9fce904aa7,1,2500,0,1,0,,3e911bb5-1a94-4501-bd63-560557f1b492,libs/foundry/records/entities/groundvehicles/grin_mdc.xml
GRIN_MTC,vehicle_NameGRIN_MTC,vehicle_DescGRIN_MTC,819545f4-18af-49a6-814e-ca4fd08f56e5,GRIN,manufacturer_NameGRIN,ArcadeWheeled,Scripts/Entities/Vehicles/Implementations/Xml/GRIN_MXC.xml,,vehicle_focus_ground,7e0ae04c-b425-4705-ab25-8ff17dd8660f,vehicle_class_passenger,e23c9136-14ab-4814-8c99-50973444f9c4,1,2500,0,1,0,,91c9418e-6240-4fb1-a18a-1e22ebfb7747,libs/foundry/records/entities/groundvehicles/grin_mtc.xml
GRIN_PTV_NoCrimesAgainst,vehicle_NameGRIN_PTV,vehicle_DescGRIN_PTV,819545f4-18af-49a6-814e-ca4fd08f56e5,GRIN,manufacturer_NameGRIN,ArcadeWheeled,scripts/entities/vehicles/implementations/xml/grin_ptv.xml,,vehicle_focus_transporter,d86d770d-1fc4-4525-b3b0-4f670a8a5634,vehicle_class_passenger,e23c9136-14ab-4814-8c99-50973444f9c4,1,2500,0,1,0,cda4d69a-43cc-4d29-8e99-f8c5260913af,38714460-738c-4d8f-9f73-1201269b4650,libs/foundry/records/entities/groundvehicles/grin_ptv_nocrimesagainst.xml
GRIN_PTV,vehicle_NameGRIN_PTV,vehicle_DescGRIN_PTV,819545f4-18af-49a6-814e-ca4fd08f56e5,GRIN,manufacturer_NameGRIN,ArcadeWheeled,scripts/entities/vehicles/implementations/xml/grin_ptv.xml,,vehicle_focus_transporter,d86d770d-1fc4-4525-b3b0-4f670a8a5634,vehicle_class_passenger,e23c9136-14ab-4814-8c99-50973444f9c4,1,2500,0,1,0,cda4d69a-43cc-4d29-8e99-f8c5260913af,41ff82e7-ce4e-4dbc-ad7c-7ef52fbe569c,libs/foundry/records/entities/groundvehicles/grin_ptv.xml
GRIN_ROC_DS,vehicle_NameGRIN_ROC_DS,vehicle_DescGRIN_ROC_DS,819545f4-18af-49a6-814e-ca4fd08f56e5,GRIN,manufacturer_NameGRIN,ArcadeWheeled,scripts/entities/vehicles/implementations/xml/grin_roc_ds.xml,,vehicle_focus_resources,0c06d7fa-963b-4fb3-b9a6-5e03a140bed3,vehicle_class_lightmining,4e2a4b20-967e-49a6-8a6c-6b065fdf2978,2,2500,0,1,0,941ec013-061b-4b49-8488-36e0ebe1765d,14d6ba03-86ad-47f8-b940-e8a82d2d52b6,libs/foundry/records/entities/groundvehicles/grin_roc_ds.xml
GRIN_ROC,vehicle_NameGRIN_ROC,vehicle_DescGRIN_ROC,819545f4-18af-49a6-814e-ca4fd08f56e5,GRIN,manufacturer_NameGRIN,ArcadeWheeled,scripts/entities/vehicles/implementations/xml/grin_roc.xml,,vehicle_focus_resources,0c06d7fa-963b-4fb3-b9a6-5e03a140bed3,vehicle_class_lightmining,4e2a4b20-967e-49a6-8a6c-6b065fdf2978,1,2500,0,1,0,756f1fc4-b650-4b6a-80a9-bb0b55ff7cc9,62e33393-5d68-4191-aba5-3b81ce4f3bf9,libs/foundry/records/entities/groundvehicles/grin_roc.xml
GRIN_STV,vehicle_NameGRIN_STV,vehicle_DescGRIN_STV,819545f4-18af-49a6-814e-ca4fd08f56e5,GRIN,manufacturer_NameGRIN,ArcadeWheeled,Scripts/Entities/Vehicles/Implementations/Xml/GRIN_STV.xml,,vehicle_focus_transporter,d86d770d-1fc4-4525-b3b0-4f670a8a5634,vehicle_class_passenger,e23c9136-14ab-4814-8c99-50973444f9c4,2,2500,0,1,0,,d4662193-10ab-4912-8ca4-d64ead0e6f3b,libs/foundry/records/entities/groundvehicles/grin_stv.xml
GRIN_UTV,Vehicle_NameGRIN_UTV,Vehicle_DescGRIN_UTV,819545f4-18af-49a6-814e-ca4fd08f56e5,GRIN,manufacturer_NameGRIN,ArcadeWheeled,Scripts/Entities/Vehicles/Implementations/Xml/grin_utv.xml,,vehicle_focus_transporter,d86d770d-1fc4-4525-b3b0-4f670a8a5634,vehicle_class_passenger,e23c9136-14ab-4814-8c99-50973444f9c4,2,2500,0,1,0,868e7e70-0ac9-451d-9863-f1ff178925a2,bfdf94df-32fc-497c-b9fa-c98f3fa4c83b,libs/foundry/records/entities/groundvehicles/grin_utv.xml
RSI_Lynx_AI_CIV,vehicle_NameRSI_Lynx,vehicle_DescRSI_Lynx,093e6eba-93fa-4dad-b3dd-38966934e34e,RSI,manufacturer_NameRSI,ArcadeWheeled,scripts/entities/vehicles/implementations/xml/rsi_lynx.xml,,vehicle_focus_transporter,d86d770d-1fc4-4525-b3b0-4f670a8a5634,item_ShipFocus_LuxuryTouring,7b573f8f-4e5d-4e97-bd9c-196faddb0a18,2,2500,0,0,0,632cf6eb-b13a-4795-8a0a-6a980296d3c6,fb95f69c-ca55-4bf7-93a8-b75edaf6d303,libs/foundry/records/entities/groundvehicles/rsi_lynx_ai_civ.xml
RSI_Lynx,vehicle_NameRSI_Lynx,vehicle_DescRSI_Lynx,093e6eba-93fa-4dad-b3dd-38966934e34e,RSI,manufacturer_NameRSI,ArcadeWheeled,scripts/entities/vehicles/implementations/xml/rsi_lynx.xml,,vehicle_focus_transporter,d86d770d-1fc4-4525-b3b0-4f670a8a5634,item_ShipFocus_LuxuryTouring,7b573f8f-4e5d-4e97-bd9c-196faddb0a18,2,2500,0,1,0,632cf6eb-b13a-4795-8a0a-6a980296d3c6,4c034eef-329c-4336-850e-49bfb1f06a15,libs/foundry/records/entities/groundvehicles/rsi_lynx.xml
RSI_Ursa_Medivac_Stealth,TheCollector_ShipMod_URSA_Medivac_VehicleName,TheCollector_ShipMod_URSA_Medivac_VehicleDesc,093e6eba-93fa-4dad-b3dd-38966934e34e,RSI,manufacturer_NameRSI,ArcadeWheeled,scripts/entities/vehicles/implementations/xml/rsi_ursa_rover.xml,Medivac,vehicle_focus_support,90be8892-b27f-49e6-a2e1-b13801bf4bd5,vehicle_class_medical,8f1c5179-1fe8-42f2-98af-3f5e5b8accb9,2,2500,0,1,0,9d1a1cbc-580f-425d-acc9-179c6b74cb3a,6b621d46-86d6-4f5a-835f-b98242c51876,libs/foundry/records/entities/groundvehicles/rsi_ursa_medivac_stealth.xml
RSI_Ursa_Medivac,vehicle_NameRSI_URSA_Medivac,vehicle_DescRSI_URSA_Medivac,093e6eba-93fa-4dad-b3dd-38966934e34e,RSI,manufacturer_NameRSI,ArcadeWheeled,scripts/entities/vehicles/implementations/xml/rsi_ursa_rover.xml,Medivac,vehicle_focus_support,90be8892-b27f-49e6-a2e1-b13801bf4bd5,vehicle_class_medical,8f1c5179-1fe8-42f2-98af-3f5e5b8accb9,2,2500,0,1,0,9d1a1cbc-580f-425d-acc9-179c6b74cb3a,ebf015be-7bf9-44e9-ad9c-b5c65f00c530,libs/foundry/records/entities/groundvehicles/rsi_ursa_medivac.xml
RSI_Ursa_Rover_AI_CIV_RaceAnnouncer,vehicle_NameRSI_Ursa_Rover,vehicle_DescRSI_Ursa_Rover,093e6eba-93fa-4dad-b3dd-38966934e34e,RSI,manufacturer_NameRSI,ArcadeWheeled,scripts/entities/vehicles/implementations/xml/rsi_ursa_rover.xml,,vehicle_focus_exploration,605f6ca1-9eae-4d78-9f7f-71288d44dada,vehicle_class_pathfinder,8f440187-1d52-41d8-a0f5-b1ce0d34e6bf,2,2500,0,0,0,7429cbbb-412a-41b8-a1bd-4d2551e956ce,287fde8a-3c93-44ac-bab1-a463f250b95b,libs/foundry/records/entities/groundvehicles/rsi_ursa_rover_ai_civ_raceannouncer.xml
RSI_Ursa_Rover_AI_CIV,vehicle_NameRSI_Ursa_Rover,vehicle_DescRSI_Ursa_Rover,093e6eba-93fa-4dad-b3dd-38966934e34e,RSI,manufacturer_NameRSI,ArcadeWheeled,scripts/entities/vehicles/implementations/xml/rsi_ursa_rover.xml,,vehicle_focus_exploration,605f6ca1-9eae-4d78-9f7f-71288d44dada,vehicle_class_pathfinder,8f440187-1d52-41d8-a0f5-b1ce0d34e6bf,2,2500,0,0,0,7429cbbb-412a-41b8-a1bd-4d2551e956ce,54a26e9d-b7a4-420b-b3e1-b036a25b45f7,libs/foundry/records/entities/groundvehicles/rsi_ursa_rover_ai_civ.xml
RSI_Ursa_Rover_Emerald,vehicle_NameRSI_Ursa_Rover_Emerald,vehicle_DescRSI_Ursa_Rover_Emerald,093e6eba-93fa-4dad-b3dd-38966934e34e,RSI,manufacturer_NameRSI,ArcadeWheeled,scripts/entities/vehicles/implementations/xml/rsi_ursa_rover.xml,,vehicle_focus_exploration,605f6ca1-9eae-4d78-9f7f-71288d44dada,vehicle_class_pathfinder,8f440187-1d52-41d8-a0f5-b1ce0d34e6bf,2,2500,0,1,0,7429cbbb-412a-41b8-a1bd-4d2551e956ce,953f8277-43a5-4f88-b139-ee997ee5c482,libs/foundry/records/entities/groundvehicles/rsi_ursa_rover_emerald.xml
RSI_Ursa_Rover_Prison,vehicle_NameRSI_Ursa_Rover,vehicle_DescRSI_Ursa_Rover,093e6eba-93fa-4dad-b3dd-38966934e34e,RSI,manufacturer_NameRSI,ArcadeWheeled,scripts/entities/vehicles/implementations/xml/rsi_ursa_rover.xml,,vehicle_focus_exploration,605f6ca1-9eae-4d78-9f7f-71288d44dada,vehicle_class_pathfinder,8f440187-1d52-41d8-a0f5-b1ce0d34e6bf,2,2500,0,1,0,7429cbbb-412a-41b8-a1bd-4d2551e956ce,ca7a8468-c497-4a16-95d6-030f4a79bfe4,libs/foundry/records/entities/groundvehicles/rsi_ursa_rover_prison.xml
RSI_Ursa_Rover_Unmanned_FF,vehicle_NameRSI_Ursa_Rover,vehicle_DescRSI_Ursa_Rover,093e6eba-93fa-4dad-b3dd-38966934e34e,RSI,manufacturer_NameRSI,ArcadeWheeled,scripts/entities/vehicles/implementations/xml/rsi_ursa_rover.xml,,vehicle_focus_exploration,605f6ca1-9eae-4d78-9f7f-71288d44dada,vehicle_class_pathfinder,8f440187-1d52-41d8-a0f5-b1ce0d34e6bf,2,2500,0,1,0,7429cbbb-412a-41b8-a1bd-4d2551e956ce,192920e0-90c6-432d-84dd-c3e500f364f9,libs/foundry/records/entities/groundvehicles/rsi_ursa_rover_unmanned_ff.xml
RSI_Ursa_Rover_Unmanned_Template,vehicle_NameRSI_Ursa_Rover,vehicle_DescRSI_Ursa_Rover,093e6eba-93fa-4dad-b3dd-38966934e34e,RSI,manufacturer_NameRSI,ArcadeWheeled,scripts/entities/vehicles/implementations/xml/rsi_ursa_rover.xml,,vehicle_focus_exploration,605f6ca1-9eae-4d78-9f7f-71288d44dada,vehicle_class_pathfinder,8f440187-1d52-41d8-a0f5-b1ce0d34e6bf,2,2500,0,1,0,7429cbbb-412a-41b8-a1bd-4d2551e956ce,143c5344-d70e-4feb-942f-99b5920f374d,libs/foundry/records/entities/groundvehicles/rsi_ursa_rover_unmanned_template.xml
RSI_Ursa_Rover,vehicle_NameRSI_Ursa_Rover,vehicle_DescRSI_Ursa_Rover,093e6eba-93fa-4dad-b3dd-38966934e34e,RSI,manufacturer_NameRSI,ArcadeWheeled,scripts/entities/vehicles/implementations/xml/rsi_ursa_rover.xml,,vehicle_focus_exploration,605f6ca1-9eae-4d78-9f7f-71288d44dada,vehicle_class_pathfinder,8f440187-1d52-41d8-a0f5-b1ce0d34e6bf,2,2500,0,1,0,7429cbbb-412a-41b8-a1bd-4d2551e956ce,8c375d7e-0e44-42e8-b84b-c8d6b2e1256c,libs/foundry/records/entities/groundvehicles/rsi_ursa_rover.xml
TMBL_Cyclone_AA,vehicle_NameTMBL_Cyclone_AA,vehicle_DescTMBL_Cyclone_AA,bb1024bc-b82e-491c-820c-36662c36feb3,TMBL,manufacturer_NameTMBL,ArcadeWheeled,scripts/entities/vehicles/implementations/xml/tmbl_cyclone.xml,AA,vehicle_focus_combat,2bf4345e-cf3c-4ecb-91ce-f9daa8ff47f8,vehicle_class_antiair,409cf257-941e-4aff-b920-bc9fce904aa7,1,2500,0,1,0,0a78cfc6-51be-410d-b71c-0ee0ddc242bb,0194943d-1164-4b5f-a85e-79ebc0ebe621,libs/foundry/records/entities/groundvehicles/tmbl_cyclone_aa.xml
TMBL_Cyclone_Indestructible,vehicle_NameTMBL_Cyclone,vehicle_DescTMBL_Cyclone,bb1024bc-b82e-491c-820c-36662c36feb3,TMBL,manufacturer_NameTMBL,ArcadeWheeled,scripts/entities/vehicles/implementations/xml/tmbl_cyclone.xml,,vehicle_focus_combat,2bf4345e-cf3c-4ecb-91ce-f9daa8ff47f8,vehicle_class_passenger,e23c9136-14ab-4814-8c99-50973444f9c4,1,2500,0,1,0,3fdc5058-9de3-480e-846b-031201a330b7,cfd2dc81-1b29-4c38-b84f-2127b4a52401,libs/foundry/records/entities/groundvehicles/tmbl_cyclone_indestructible.xml
TMBL_Cyclone_MT,vehicle_NameTMBL_Cyclone_MT,vehicle_DescTMBL_Cyclone_MT,bb1024bc-b82e-491c-820c-36662c36feb3,TMBL,manufacturer_NameTMBL,ArcadeWheeled,scripts/entities/vehicles/implementations/xml/tmbl_cyclone.xml,MT,vehicle_focus_combat,2bf4345e-cf3c-4ecb-91ce-f9daa8ff47f8,vehicle_class_antiair,409cf257-941e-4aff-b920-bc9fce904aa7,1,2500,0,1,0,2bc70f6a-6121-44c5-894d-51cd8c710021,bda93768-c01f-40b4-a92e-f31876cd33d0,libs/foundry/records/entities/groundvehicles/tmbl_cyclone_mt.xml
TMBL_Cyclone_RC,vehicle_NameTMBL_Cyclone_RC,vehicle_DescTMBL_Cyclone_RC,bb1024bc-b82e-491c-820c-36662c36feb3,TMBL,manufacturer_NameTMBL,ArcadeWheeled,scripts/entities/vehicles/implementations/xml/tmbl_cyclone.xml,RC,vehicle_focus_competition,0f148cb8-74eb-45fa-bd77-82a756fa4b36,vehicle_class_racing,42c95b15-5e41-4c2d-a342-8df0aa82ae3b,1,2500,0,1,0,3bf2d8d4-4002-4a3b-beba-863f20a730fb,064951d7-3dd0-49c2-8b88-d2d7f809633e,libs/foundry/records/entities/groundvehicles/tmbl_cyclone_rc.xml
TMBL_Cyclone_RN,vehicle_NameTMBL_Cyclone_RN,vehicle_DescTMBL_Cyclone_RN,bb1024bc-b82e-491c-820c-36662c36feb3,TMBL,manufacturer_NameTMBL,ArcadeWheeled,scripts/entities/vehicles/implementations/xml/tmbl_cyclone.xml,RN,vehicle_focus_exploration,605f6ca1-9eae-4d78-9f7f-71288d44dada,vehicle_class_pathfinder,8f440187-1d52-41d8-a0f5-b1ce0d34e6bf,1,2500,0,1,0,fb5711f8-e8b8-47cf-b209-22f10e8fb50e,b389839d-fdf9-4c41-850a-4e7461250304,libs/foundry/records/entities/groundvehicles/tmbl_cyclone_rn.xml
TMBL_Cyclone_TR,vehicle_NameTMBL_Cyclone_TR,vehicle_DescTMBL_Cyclone_TR,bb1024bc-b82e-491c-820c-36662c36feb3,TMBL,manufacturer_NameTMBL,ArcadeWheeled,scripts/entities/vehicles/implementations/xml/tmbl_cyclone.xml,TR,vehicle_focus_combat,2bf4345e-cf3c-4ecb-91ce-f9daa8ff47f8,vehicle_class_antivehicle,41dd811d-4ec5-4e07-b072-82ccabf6110b,1,2500,0,1,0,f102c8b9-e216-409f-9385-dd22459aa9af,f80914cf-643e-4b7e-b715-eaf9aa572954,libs/foundry/records/entities/groundvehicles/tmbl_cyclone_tr.xml
TMBL_Cyclone,vehicle_NameTMBL_Cyclone,vehicle_DescTMBL_Cyclone,bb1024bc-b82e-491c-820c-36662c36feb3,TMBL,manufacturer_NameTMBL,ArcadeWheeled,scripts/entities/vehicles/implementations/xml/tmbl_cyclone.xml,,vehicle_focus_combat,2bf4345e-cf3c-4ecb-91ce-f9daa8ff47f8,vehicle_class_passenger,e23c9136-14ab-4814-8c99-50973444f9c4,1,2500,0,1,0,3fdc5058-9de3-480e-846b-031201a330b7,8dbb42e4-e127-4153-9694-2845142c3e51,libs/foundry/records/entities/groundvehicles/tmbl_cyclone.xml
TMBL_Nova,vehicle_NameTMBL_Nova,vehicle_DescTMBL_Nova,bb1024bc-b82e-491c-820c-36662c36feb3,TMBL,manufacturer_NameTMBL,ArcadeWheeled,Scripts/Entities/Vehicles/Implementations/Xml/TMBL_Nova.xml,,vehicle_focus_combat,2bf4345e-cf3c-4ecb-91ce-f9daa8ff47f8,vehicle_class_heavytank,08fcb471-048e-4a56-bf2f-c5bdc1e99ea7,1,2500,0,1,0,ff241293-22db-40cc-837e-f706d4b5124a,b8a352bb-74a8-415b-9e08-77f684ac91b8,libs/foundry/records/entities/groundvehicles/tmbl_nova.xml
TMBL_Storm_AA,vehicle_NameTMBL_Storm_AA,vehicle_DescTMBL_Storm_AA,bb1024bc-b82e-491c-820c-36662c36feb3,TMBL,manufacturer_NameTMBL,ArcadeWheeled,Scripts/Entities/Vehicles/Implementations/Xml/TMBL_Storm.xml,AA,vehicle_focus_combat,2bf4345e-cf3c-4ecb-91ce-f9daa8ff47f8,vehicle_class_lighttank,3a553197-5e64-477e-8e97-c8ae871b753a,1,2500,1,1,0,2225882b-9760-48bb-9aaa-6c09f1c66dcf,8bbcd2cd-1e4b-4b0b-a65c-385bb2a02c32,libs/foundry/records/entities/groundvehicles/tmbl_storm_aa.xml
TMBL_Storm,vehicle_NameTMBL_Storm,vehicle_DescTMBL_Storm,bb1024bc-b82e-491c-820c-36662c36feb3,TMBL,manufacturer_NameTMBL,ArcadeWheeled,Scripts/Entities/Vehicles/Implementations/Xml/TMBL_Storm.xml,,vehicle_focus_combat,2bf4345e-cf3c-4ecb-91ce-f9daa8ff47f8,vehicle_class_lighttank,3a553197-5e64-477e-8e97-c8ae871b753a,1,2500,1,1,0,54c00ca7-0f69-4d0e-b73f-c4367ee4b8f3,515269d2-fea4-473f-b416-5f6677a54b55,libs/foundry/records/entities/groundvehicles/tmbl_storm.xml
AEGS_Avenger_Stalker_PU_AI_Advocacy,vehicle_NameAEGS_Avenger_Stalker,vehicle_DescAEGS_Avenger_Stalker,cf4a74bf-eb2c-462a-9b78-f7f2724c31d2,AEGS,manufacturer_NameAEGS,Spaceship,scripts/entities/vehicles/implementations/xml/aegs_avenger.xml,,vehicle_focus_combat,2bf4345e-cf3c-4ecb-91ce-f9daa8ff47f8,vehicle_class_interceptor,698628f1-f6c1-47cd-ae52-a0fa1234fca9,1,1650,1,1,0,7a3e597b-cbc1-4168-9cb0-e13a55cb4309,f58e24a9-78b9-464b-90e5-bf066daa756a,libs/foundry/records/entities/spaceships/aegs_avenger_stalker_pu_ai_advocacy.xml
AEGS_Avenger_Stalker_PU_AI_BH,vehicle_NameAEGS_Avenger_Stalker,vehicle_DescAEGS_Avenger_Stalker,cf4a74bf-eb2c-462a-9b78-f7f2724c31d2,AEGS,manufacturer_NameAEGS,Spaceship,scripts/entities/vehicles/implementations/xml/aegs_avenger.xml,,vehicle_focus_combat,2bf4345e-cf3c-4ecb-91ce-f9daa8ff47f8,vehicle_class_interceptor,698628f1-f6c1-47cd-ae52-a0fa1234fca9,1,1650,1,1,0,7a3e597b-cbc1-4168-9cb0-e13a55cb4309,80611b71-7fc4-4057-9bc3-61a32bd06529,libs/foundry/records/entities/spaceships/aegs_avenger_stalker_pu_ai_bh.xml
AEGS_Avenger_Stalker_PU_AI_CIV_LowFuel,vehicle_NameAEGS_Avenger_Stalker,vehicle_DescAEGS_Avenger_Stalker,cf4a74bf-eb2c-462a-9b78-f7f2724c31d2,AEGS,manufacturer_NameAEGS,Spaceship,scripts/entities/vehicles/implementations/xml/aegs_avenger.xml,,vehicle_focus_combat,2bf4345e-cf3c-4ecb-91ce-f9daa8ff47f8,vehicle_class_interceptor,698628f1-f6c1-47cd-ae52-a0fa1234fca9,1,1650,1,1,0,7a3e597b-cbc1-4168-9cb0-e13a55cb4309,3d19f8cd-129b-4ef5-82d9-7f36304c5b05,libs/foundry/records/entities/spaceships/aegs_avenger_stalker_pu_ai_civ_lowfuel.xml
AEGS_Avenger_Stalker_PU_AI_CIV,vehicle_NameAEGS_Avenger_Stalker,vehicle_DescAEGS_Avenger_Stalker,cf4a74bf-eb2c-462a-9b78-f7f2724c31d2,AEGS,manufacturer_NameAEGS,Spaceship,scripts/entities/vehicles/implementations/xml/aegs_avenger.xml,,vehicle_focus_combat,2bf4345e-cf3c-4ecb-91ce-f9daa8ff47f8,vehicle_class_interceptor,698628f1-f6c1-47cd-ae52-a0fa1234fca9,1,1650,1,1,0,7a3e597b-cbc1-4168-9cb0-e13a55cb4309,8838c4dc-d29d-404f-8461-f083663f8cec,libs/foundry/records/entities/spaceships/aegs_avenger_stalker_pu_ai_civ.xml
AEGS_Avenger_Stalker_PU_AI_CRIM,vehicle_NameAEGS_Avenger_Stalker,vehicle_DescAEGS_Avenger_Stalker,cf4a74bf-eb2c-462a-9b78-f7f2724c31d2,AEGS,manufacturer_NameAEGS,Spaceship,scripts/entities/vehicles/implementations/xml/aegs_avenger.xml,,vehicle_focus_combat,2bf4345e-cf3c-4ecb-91ce-f9daa8ff47f8,vehicle_class_interceptor,698628f1-f6c1-47cd-ae52-a0fa1234fca9,1,1650,1,1,0,7a3e597b-cbc1-4168-9cb0-e13a55cb4309,b17f0f93-b733-4aa2-9aab-a993e9726dde,libs/foundry/records/entities/spaceships/aegs_avenger_stalker_pu_ai_crim.xml
AEGS_Avenger_Stalker_PU_AI_PIR,vehicle_NameAEGS_Avenger_Stalker,vehicle_DescAEGS_Avenger_Stalker,cf4a74bf-eb2c-462a-9b78-f7f2724c31d2,AEGS,manufacturer_NameAEGS,Spaceship,scripts/entities/vehicles/implementations/xml/aegs_avenger.xml,,vehicle_focus_combat,2bf4345e-cf3c-4ecb-91ce-f9daa8ff47f8,vehicle_class_interceptor,698628f1-f6c1-47cd-ae52-a0fa1234fca9,1,1650,1,1,0,7a3e597b-cbc1-4168-9cb0-e13a55cb4309,8380cad5-44e7-4e53-8736-ab42d6380d3e,libs/foundry/records/entities/spaceships/aegs_avenger_stalker_pu_ai_pir.xml
AEGS_Avenger_Stalker_PU_AI_SEC_Crusader,vehicle_NameAEGS_Avenger_Stalker,vehicle_DescAEGS_Avenger_Stalker,cf4a74bf-eb2c-462a-9b78-f7f2724c31d2,AEGS,manufacturer_NameAEGS,Spaceship,scripts/entities/vehicles/implementations/xml/aegs_avenger.xml,,vehicle_focus_combat,2bf4345e-cf3c-4ecb-91ce-f9daa8ff47f8,vehicle_class_interceptor,698628f1-f6c1-47cd-ae52-a0fa1234fca9,1,1650,1,1,0,7a3e597b-cbc1-4168-9cb0-e13a55cb4309,46134daa-af10-4fc3-be98-f7af465aa933,libs/foundry/records/entities/spaceships/aegs_avenger_stalker_pu_ai_sec_crusader.xml
AEGS_Avenger_Stalker_PU_AI_SEC_Microtech,vehicle_NameAEGS_Avenger_Stalker,vehicle_DescAEGS_Avenger_Stalker,cf4a74bf-eb2c-462a-9b78-f7f2724c31d2,AEGS,manufacturer_NameAEGS,Spaceship,scripts/entities/vehicles/implementations/xml/aegs_avenger.xml,,vehicle_focus_combat,2bf4345e-cf3c-4ecb-91ce-f9daa8ff47f8,vehicle_class_interceptor,698628f1-f6c1-47cd-ae52-a0fa1234fca9,1,1650,1,1,0,7a3e597b-cbc1-4168-9cb0-e13a55cb4309,e63bf585-9711-452b-aa24-0eb43b6838a6,libs/foundry/records/entities/spaceships/aegs_avenger_stalker_pu_ai_sec_microtech.xml
AEGS_Avenger_Stalker,vehicle_NameAEGS_Avenger_Stalker,vehicle_DescAEGS_Avenger_Stalker,cf4a74bf-eb2c-462a-9b78-f7f2724c31d2,AEGS,manufacturer_NameAEGS,Spaceship,scripts/entities/vehicles/implementations/xml/aegs_avenger.xml,,vehicle_focus_combat,2bf4345e-cf3c-4ecb-91ce-f9daa8ff47f8,vehicle_class_interceptor,698628f1-f6c1-47cd-ae52-a0fa1234fca9,1,1650,1,1,0,7a3e597b-cbc1-4168-9cb0-e13a55cb4309,97648869-5fa5-42da-b804-4d9314289539,libs/foundry/records/entities/spaceships/aegs_avenger_stalker.xml
AEGS_Avenger_Titan_AI_Template,vehicle_NameAEGS_Avenger_Titan,vehicle_DescAEGS_Avenger_Titan,cf4a74bf-eb2c-462a-9b78-f7f2724c31d2,AEGS,manufacturer_NameAEGS,Spaceship,scripts/entities/vehicles/implementations/xml/aegs_avenger.xml,Titan,vehicle_focus_transporter,d86d770d-1fc4-4525-b3b0-4f670a8a5634,vehicle_class_lightfreight,ff99d78e-3a6a-4e4d-8b1c-59e87a005c11,1,1650,1,1,0,a623a5e1-27db-4e93-af6b-e54912b78e32,a9aa7ac0-11db-443b-b43a-2004f1a11905,libs/foundry/records/entities/spaceships/aegs_avenger_titan_ai_template.xml
AEGS_Avenger_Titan_PU_AI_CIV,vehicle_NameAEGS_Avenger_Titan,vehicle_DescAEGS_Avenger_Titan,cf4a74bf-eb2c-462a-9b78-f7f2724c31d2,AEGS,manufacturer_NameAEGS,Spaceship,scripts/entities/vehicles/implementations/xml/aegs_avenger.xml,Titan,vehicle_focus_transporter,d86d770d-1fc4-4525-b3b0-4f670a8a5634,vehicle_class_lightfreight,ff99d78e-3a6a-4e4d-8b1c-59e87a005c11,1,1650,1,1,0,a623a5e1-27db-4e93-af6b-e54912b78e32,6597969c-7719-4aca-94fe-ed45efa720dd,libs/foundry/records/entities/spaceships/aegs_avenger_titan_pu_ai_civ.xml
AEGS_Avenger_Titan_PU_AI_FF,vehicle_NameAEGS_Avenger_Titan,vehicle_DescAEGS_Avenger_Titan,cf4a74bf-eb2c-462a-9b78-f7f2724c31d2,AEGS,manufacturer_NameAEGS,Spaceship,scripts/entities/vehicles/implementations/xml/aegs_avenger.xml,Titan,vehicle_focus_transporter,d86d770d-1fc4-4525-b3b0-4f670a8a5634,vehicle_class_lightfreight,ff99d78e-3a6a-4e4d-8b1c-59e87a005c11,1,1650,1,1,0,a623a5e1-27db-4e93-af6b-e54912b78e32,a252765c-f23c-4a99-8513-f85951c9532d,libs/foundry/records/entities/spaceships/aegs_avenger_titan_pu_ai_ff.xml
AEGS_Avenger_Titan_Renegade_PU_AI_CIV,vehicle_NameAEGS_Avenger_Titan_Renegade,vehicle_DescAEGS_Avenger_Titan_Renegade,cf4a74bf-eb2c-462a-9b78-f7f2724c31d2,AEGS,manufacturer_NameAEGS,Spaceship,scripts/entities/vehicles/implementations/xml/aegs_avenger.xml,Renegade,vehicle_focus_transporter,d86d770d-1fc4-4525-b3b0-4f670a8a5634,vehicle_class_lightfreight,ff99d78e-3a6a-4e4d-8b1c-59e87a005c11,1,1650,1,1,0,a623a5e1-27db-4e93-af6b-e54912b78e32,64655ed9-8c75-4a55-9a45-59d24c255312,libs/foundry/records/entities/spaceships/aegs_avenger_titan_renegade_pu_ai_civ.xml
AEGS_Avenger_Titan_Renegade_PU_AI_CRIM,vehicle_NameAEGS_Avenger_Titan_Renegade,vehicle_DescAEGS_Avenger_Titan_Renegade,cf4a74bf-eb2c-462a-9b78-f7f2724c31d2,AEGS,manufacturer_NameAEGS,Spaceship,scripts/entities/vehicles/implementations/xml/aegs_avenger.xml,Renegade,vehicle_focus_transporter,d86d770d-1fc4-4525-b3b0-4f670a8a5634,vehicle_class_lightfreight,ff99d78e-3a6a-4e4d-8b1c-59e87a005c11,1,1650,1,1,0,a623a5e1-27db-4e93-af6b-e54912b78e32,8a20a326-33ba-40db-8924-a3e9ae5e6e83,libs/foundry/records/entities/spaceships/aegs_avenger_titan_renegade_pu_ai_crim.xml
AEGS_Avenger_Titan_Renegade_Unmanned_FF,vehicle_NameAEGS_Avenger_Titan_Renegade,vehicle_DescAEGS_Avenger_Titan_Renegade,cf4a74bf-eb2c-462a-9b78-f7f2724c31d2,AEGS,manufacturer_NameAEGS,Spaceship,scripts/entities/vehicles/implementations/xml/aegs_avenger.xml,Renegade,vehicle_focus_transporter,d86d770d-1fc4-4525-b3b0-4f670a8a5634,vehicle_class_lightfreight,ff99d78e-3a6a-4e4d-8b1c-59e87a005c11,1,1650,1,0,0,a623a5e1-27db-4e93-af6b-e54912b78e32,94eb2bfe-9281-4a3f-a2d3-0d73c3efd7fa,libs/foundry/records/entities/spaceships/aegs_avenger_titan_renegade_unmanned_ff.xml
AEGS_Avenger_Titan_Renegade_Unmanned_Salvage,vehicle_NameAEGS_Avenger_Titan_Renegade,vehicle_DescAEGS_Avenger_Titan_Renegade,cf4a74bf-eb2c-462a-9b78-f7f2724c31d2,AEGS,manufacturer_NameAEGS,Spaceship,scripts/entities/vehicles/implementations/xml/aegs_avenger.xml,Renegade,vehicle_focus_transporter,d86d770d-1fc4-4525-b3b0-4f670a8a5634,vehicle_class_lightfreight,ff99d78e-3a6a-4e4d-8b1c-59e87a005c11,1,1650,1,0,0,a623a5e1-27db-4e93-af6b-e54912b78e32,0b206a86-054c-4fef-86d6-30d70699b3ab,libs/foundry/records/entities/spaceships/aegs_avenger_titan_renegade_unmanned_salvage.xml
AEGS_Avenger_Titan_Renegade,vehicle_NameAEGS_Avenger_Titan_Renegade,vehicle_DescAEGS_Avenger_Titan_Renegade,cf4a74bf-eb2c-462a-9b78-f7f2724c31d2,AEGS,manufacturer_NameAEGS,Spaceship,scripts/entities/vehicles/implementations/xml/aegs_avenger.xml,Renegade,vehicle_focus_transporter,d86d770d-1fc4-4525-b3b0-4f670a8a5634,vehicle_class_lightfreight,ff99d78e-3a6a-4e4d-8b1c-59e87a005c11,1,1650,1,1,0,a623a5e1-27db-4e93-af6b-e54912b78e32,d9bc09ce-4c74-4f72-892e-a833c094f4e6,libs/foundry/records/entities/spaceships/aegs_avenger_titan_renegade.xml
AEGS_Avenger_Titan,vehicle_NameAEGS_Avenger_Titan,vehicle_DescAEGS_Avenger_Titan,cf4a74bf-eb2c-462a-9b78-f7f2724c31d2,AEGS,manufacturer_NameAEGS,Spaceship,scripts/entities/vehicles/implementations/xml/aegs_avenger.xml,Titan,vehicle_focus_transporter,d86d770d-1fc4-4525-b3b0-4f670a8a5634,vehicle_class_lightfreight,ff99d78e-3a6a-4e4d-8b1c-59e87a005c11,1,1650,1,1,0,a623a5e1-27db-4e93-af6b-e54912b78e32,0079c5d5-1678-4f8c-85ba-18ca8f642af6,libs/foundry/records/entities/spaceships/aegs_avenger_titan.xml
AEGS_Avenger_Warlock_PU_AI_CIV,vehicle_NameAEGS_Avenger_Warlock,vehicle_DescAEGS_Avenger_Warlock,cf4a74bf-eb2c-462a-9b78-f7f2724c31d2,AEGS,manufacturer_NameAEGS,Spaceship,scripts/entities/vehicles/implementations/xml/aegs_avenger.xml,Warlock,vehicle_focus_combat,2bf4345e-cf3c-4ecb-91ce-f9daa8ff47f8,vehicle_class_interdiction,698628f1-f6c1-47cd-ae52-a0fa1234fca9,1,1650,1,1,0,e861c337-8303-43f9-87e6-f0c9dcf5ece2,5cecc4df-5131-4428-bf00-afc9dde140d0,libs/foundry/records/entities/spaceships/aegs_avenger_warlock_pu_ai_civ.xml
AEGS_Avenger_Warlock_PU_AI_CRIM,vehicle_NameAEGS_Avenger_Warlock,vehicle_DescAEGS_Avenger_Warlock,cf4a74bf-eb2c-462a-9b78-f7f2724c31d2,AEGS,manufacturer_NameAEGS,Spaceship,scripts/entities/vehicles/implementations/xml/aegs_avenger.xml,Warlock,vehicle_focus_combat,2bf4345e-cf3c-4ecb-91ce-f9daa8ff47f8,vehicle_class_interdiction,698628f1-f6c1-47cd-ae52-a0fa1234fca9,1,1650,1,1,0,e861c337-8303-43f9-87e6-f0c9dcf5ece2,36838fdc-d63e-4b6a-a69e-a42f73446490,libs/foundry/records/entities/spaceships/aegs_avenger_warlock_pu_ai_crim.xml
AEGS_Avenger_Warlock,vehicle_NameAEGS_Avenger_Warlock,vehicle_DescAEGS_Avenger_Warlock,cf4a74bf-eb2c-462a-9b78-f7f2724c31d2,AEGS,manufacturer_NameAEGS,Spaceship,scripts/entities/vehicles/implementations/xml/aegs_avenger.xml,Warlock,vehicle_focus_combat,2bf4345e-cf3c-4ecb-91ce-f9daa8ff47f8,vehicle_class_interdiction,698628f1-f6c1-47cd-ae52-a0fa1234fca9,1,1650,1,1,0,e861c337-8303-43f9-87e6-f0c9dcf5ece2,9474f571-8467-4d83-b1fe-f64103d363f4,libs/foundry/records/entities/spaceships/aegs_avenger_warlock.xml
AEGS_Eclipse_AI_Override,vehicle_NameAEGS_Eclipse,vehicle_DescAEGS_Eclipse,cf4a74bf-eb2c-462a-9b78-f7f2724c31d2,AEGS,manufacturer_NameAEGS,Spaceship,scripts/entities/vehicles/implementations/xml/aegs_eclipse.xml,,vehicle_focus_combat,2bf4345e-cf3c-4ecb-91ce-f9daa8ff47f8,vehicle_class_stealthbomber,3cb48d59-b31c-4a4f-9cac-9f035d49f623,1,10000,1,1,0,f4c988bd-608e-432a-984e-71791bbdb5bc,9ce51239-5346-462c-8d07-2b3b0422157a,libs/foundry/records/entities/spaceships/aegs_eclipse_ai_override.xml
AEGS_Eclipse_BIS2950,vehicle_NameAEGS_Eclipse,vehicle_DescAEGS_Eclipse,cf4a74bf-eb2c-462a-9b78-f7f2724c31d2,AEGS,manufacturer_NameAEGS,Spaceship,scripts/entities/vehicles/implementations/xml/aegs_eclipse.xml,,vehicle_focus_combat,2bf4345e-cf3c-4ecb-91ce-f9daa8ff47f8,vehicle_class_stealthbomber,3cb48d59-b31c-4a4f-9cac-9f035d49f623,1,10000,1,1,0,f4c988bd-608e-432a-984e-71791bbdb5bc,57bd0ed2-4360-4205-b35e-a89db92fc491,libs/foundry/records/entities/spaceships/aegs_eclipse_bis2950.xml
AEGS_Eclipse_PU_AI_CRIM,vehicle_NameAEGS_Eclipse,vehicle_DescAEGS_Eclipse,cf4a74bf-eb2c-462a-9b78-f7f2724c31d2,AEGS,manufacturer_NameAEGS,Spaceship,scripts/entities/vehicles/implementations/xml/aegs_eclipse.xml,,vehicle_focus_combat,2bf4345e-cf3c-4ecb-91ce-f9daa8ff47f8,vehicle_class_stealthbomber,3cb48d59-b31c-4a4f-9cac-9f035d49f623,1,10000,1,1,0,f4c988bd-608e-432a-984e-71791bbdb5bc,648c35be-a970-40b2-a11f-bff123b7ee6e,libs/foundry/records/entities/spaceships/aegs_eclipse_pu_ai_crim.xml
AEGS_Eclipse_PU_AI_UEE,vehicle_NameAEGS_Eclipse,vehicle_DescAEGS_Eclipse,cf4a74bf-eb2c-462a-9b78-f7f2724c31d2,AEGS,manufacturer_NameAEGS,Spaceship,scripts/entities/vehicles/implementations/xml/aegs_eclipse.xml,,vehicle_focus_combat,2bf4345e-cf3c-4ecb-91ce-f9daa8ff47f8,vehicle_class_stealthbomber,3cb48d59-b31c-4a4f-9cac-9f035d49f623,1,10000,1,1,0,f4c988bd-608e-432a-984e-71791bbdb5bc,0cea879a-9edb-4408-a00f-52ccc284cba7,libs/foundry/records/entities/spaceships/aegs_eclipse_pu_ai_uee.xml
AEGS_Eclipse_Unmanned_Salvage,vehicle_NameAEGS_Eclipse,vehicle_DescAEGS_Eclipse,cf4a74bf-eb2c-462a-9b78-f7f2724c31d2,AEGS,manufacturer_NameAEGS,Spaceship,scripts/entities/vehicles/implementations/xml/aegs_eclipse.xml,,vehicle_focus_combat,2bf4345e-cf3c-4ecb-91ce-f9daa8ff47f8,vehicle_class_stealthbomber,3cb48d59-b31c-4a4f-9cac-9f035d49f623,1,10000,1,1,0,f4c988bd-608e-432a-984e-71791bbdb5bc,f3d25359-294b-4764-8853-febfbd883b93,libs/foundry/records/entities/spaceships/aegs_eclipse_unmanned_salvage.xml
AEGS_Eclipse,vehicle_NameAEGS_Eclipse,vehicle_DescAEGS_Eclipse,cf4a74bf-eb2c-462a-9b78-f7f2724c31d2,AEGS,manufacturer_NameAEGS,Spaceship,scripts/entities/vehicles/implementations/xml/aegs_eclipse.xml,,vehicle_focus_combat,2bf4345e-cf3c-4ecb-91ce-f9daa8ff47f8,vehicle_class_stealthbomber,3cb48d59-b31c-4a4f-9cac-9f035d49f623,1,10000,1,1,0,f4c988bd-608e-432a-984e-71791bbdb5bc,c9b3ef78-9c47-4052-bf70-ecf32c55c001,libs/foundry/records/entities/spaceships/aegs_eclipse.xml
AEGS_Gladius_Dunlevy,vehicle_NameAEGS_Gladius_Dunlevy,vehicle_DescAEGS_Gladius_Dunlevy,cf4a74bf-eb2c-462a-9b78-f7f2724c31d2,AEGS,manufacturer_NameAEGS,Spaceship,scripts/entities/vehicles/implementations/xml/aegs_gladius.xml,,vehicle_focus_combat,2bf4345e-cf3c-4ecb-91ce-f9daa8ff47f8,vehicle_class_lightfighter,bf73e515-0e01-409e-84fb-acbef27e1686,1,2134,1,1,0,43ef139d-c341-4b57-8443-d51ee10f3b4c,af7d6591-bec1-442b-8d90-cd1bc6db4162,libs/foundry/records/entities/spaceships/aegs_gladius_dunlevy.xml
AEGS_Gladius_EA_AI_PIR_Elite,vehicle_NameAEGS_Gladius,vehicle_DescAEGS_Gladius,cf4a74bf-eb2c-462a-9b78-f7f2724c31d2,AEGS,manufacturer_NameAEGS,Spaceship,scripts/entities/vehicles/implementations/xml/aegs_gladius.xml,,vehicle_focus_combat,2bf4345e-cf3c-4ecb-91ce-f9daa8ff47f8,vehicle_class_lightfighter,bf73e515-0e01-409e-84fb-acbef27e1686,1,2134,1,1,0,43ef139d-c341-4b57-8443-d51ee10f3b4c,c35d247a-1cad-40f6-8027-2c7f6fbf0248,libs/foundry/records/entities/spaceships/aegs_gladius_ea_ai_pir_elite.xml
AEGS_Gladius_EA_AI_PIR,vehicle_NameAEGS_Gladius,vehicle_DescAEGS_Gladius,cf4a74bf-eb2c-462a-9b78-f7f2724c31d2,AEGS,manufacturer_NameAEGS,Spaceship,scripts/entities/vehicles/implementations/xml/aegs_gladius.xml,,vehicle_focus_combat,2bf4345e-cf3c-4ecb-91ce-f9daa8ff47f8,vehicle_class_lightfighter,bf73e515-0e01-409e-84fb-acbef27e1686,1,2134,1,1,0,43ef139d-c341-4b57-8443-d51ee10f3b4c,790ab23e-6cee-4d64-a1ff-8c7c34b79973,libs/foundry/records/entities/spaceships/aegs_gladius_ea_ai_pir.xml
AEGS_Gladius_PIR,vehicle_NameAEGS_Gladius_PIR,vehicle_DescAEGS_Gladius_PIR,cf4a74bf-eb2c-462a-9b78-f7f2724c31d2,AEGS,manufacturer_NameAEGS,Spaceship,scripts/entities/vehicles/implementations/xml/aegs_gladius.xml,,vehicle_focus_combat,2bf4345e-cf3c-4ecb-91ce-f9daa8ff47f8,vehicle_class_lightfighter,bf73e515-0e01-409e-84fb-acbef27e1686,1,2134,1,1,0,43ef139d-c341-4b57-8443-d51ee10f3b4c,b3d87a94-6858-4d3c-ba59-1ef29d727d1a,libs/foundry/records/entities/spaceships/aegs_gladius_pir.xml
AEGS_Gladius_PU_AI_CIV,vehicle_NameAEGS_Gladius,vehicle_DescAEGS_Gladius,cf4a74bf-eb2c-462a-9b78-f7f2724c31d2,AEGS,manufacturer_NameAEGS,Spaceship,scripts/entities/vehicles/implementations/xml/aegs_gladius.xml,,vehicle_focus_combat,2bf4345e-cf3c-4ecb-91ce-f9daa8ff47f8,vehicle_class_lightfighter,bf73e515-0e01-409e-84fb-acbef27e1686,1,2134,1,1,0,43ef139d-c341-4b57-8443-d51ee10f3b4c,f6f3ccdd-f8de-42fd-a31d-3a149f61ba52,libs/foundry/records/entities/spaceships/aegs_gladius_pu_ai_civ.xml
AEGS_Gladius_PU_AI_CRIM,vehicle_NameAEGS_Gladius,vehicle_DescAEGS_Gladius,cf4a74bf-eb2c-462a-9b78-f7f2724c31d2,AEGS,manufacturer_NameAEGS,Spaceship,scripts/entities/vehicles/implementations/xml/aegs_gladius.xml,,vehicle_focus_combat,2bf4345e-cf3c-4ecb-91ce-f9daa8ff47f8,vehicle_class_lightfighter,bf73e515-0e01-409e-84fb-acbef27e1686,1,2134,1,1,0,43ef139d-c341-4b57-8443-d51ee10f3b4c,e749b590-0eaa-47c9-9fd5-61e163a2cc8e,libs/foundry/records/entities/spaceships/aegs_gladius_pu_ai_crim.xml
AEGS_Gladius_PU_AI_SEC_HurstonDynamics,vehicle_NameAEGS_Gladius,vehicle_DescAEGS_Gladius,cf4a74bf-eb2c-462a-9b78-f7f2724c31d2,AEGS,manufacturer_NameAEGS,Spaceship,scripts/entities/vehicles/implementations/xml/aegs_gladius.xml,,vehicle_focus_combat,2bf4345e-cf3c-4ecb-91ce-f9daa8ff47f8,vehicle_class_lightfighter,bf73e515-0e01-409e-84fb-acbef27e1686,1,2134,1,1,0,43ef139d-c341-4b57-8443-d51ee10f3b4c,e9fdbd8c-679a-489e-b31a-2b5d7a2315ca,libs/foundry/records/entities/spaceships/aegs_gladius_pu_ai_sec_hurstondynamics.xml
AEGS_Gladius_PU_AI_SEC,vehicle_NameAEGS_Gladius,vehicle_DescAEGS_Gladius,cf4a74bf-eb2c-462a-9b78-f7f2724c31d2,AEGS,manufacturer_NameAEGS,Spaceship,scripts/entities/vehicles/implementations/xml/aegs_gladius.xml,,vehicle_focus_combat,2bf4345e-cf3c-4ecb-91ce-f9daa8ff47f8,vehicle_class_lightfighter,bf73e515-0e01-409e-84fb-acbef27e1686,1,2134,1,1,0,43ef139d-c341-4b57-8443-d51ee10f3b4c,484f9a05-89c8-4081-8f4f-989e60cb1142,libs/foundry/records/entities/spaceships/aegs_gladius_pu_ai_sec.xml
AEGS_Gladius_PU_AI_UEE,vehicle_NameAEGS_Gladius,vehicle_DescAEGS_Gladius,cf4a74bf-eb2c-462a-9b78-f7f2724c31d2,AEGS,manufacturer_NameAEGS,Spaceship,scripts/entities/vehicles/implementations/xml/aegs_gladius.xml,,vehicle_focus_combat,2bf4345e-cf3c-4ecb-91ce-f9daa8ff47f8,vehicle_class_lightfighter,bf73e515-0e01-409e-84fb-acbef27e1686,1,2134,1,1,0,43ef139d-c341-4b57-8443-d51ee10f3b4c,4c2f7898-0733-40a5-a08e-11cc70570ebd,libs/foundry/records/entities/spaceships/aegs_gladius_pu_ai_uee.xml
AEGS_Gladius_PU_AI_Xenothreat,vehicle_NameAEGS_Gladius,vehicle_DescAEGS_Gladius,cf4a74bf-eb2c-462a-9b78-f7f2724c31d2,AEGS,manufacturer_NameAEGS,Spaceship,scripts/entities/vehicles/implementations/xml/aegs_gladius.xml,,vehicle_focus_combat,2bf4345e-cf3c-4ecb-91ce-f9daa8ff47f8,vehicle_class_lightfighter,bf73e515-0e01-409e-84fb-acbef27e1686,1,2134,1,1,0,43ef139d-c341-4b57-8443-d51ee10f3b4c,f95a3b4b-ee2c-4d7e-bb0a-0291adf29fa3,libs/foundry/records/entities/spaceships/aegs_gladius_pu_ai_xenothreat.xml
AEGS_Gladius_Template,vehicle_NameAEGS_Gladius,vehicle_DescAEGS_Gladius,cf4a74bf-eb2c-462a-9b78-f7f2724c31d2,AEGS,manufacturer_NameAEGS,Spaceship,,,vehicle_focus_combat,2bf4345e-cf3c-4ecb-91ce-f9daa8ff47f8,vehicle_class_lightfighter,bf73e515-0e01-409e-84fb-acbef27e1686,1,2500,1,1,0,,9df7d907-2ed4-4d01-913e-dcfcad1e98e2,libs/foundry/records/entities/spaceships/aegs_gladius_template.xml
AEGS_Gladius_Unmanned_Fleetweek2024,vehicle_NameAEGS_Gladius,vehicle_DescAEGS_Gladius,cf4a74bf-eb2c-462a-9b78-f7f2724c31d2,AEGS,manufacturer_NameAEGS,Spaceship,scripts/entities/vehicles/implementations/xml/aegs_gladius.xml,,vehicle_focus_combat,2bf4345e-cf3c-4ecb-91ce-f9daa8ff47f8,vehicle_class_lightfighter,bf73e515-0e01-409e-84fb-acbef27e1686,1,2134,1,1,0,43ef139d-c341-4b57-8443-d51ee10f3b4c,3bf05785-a5be-4b6f-8085-a1ef11b965c8,libs/foundry/records/entities/spaceships/aegs_gladius_unmanned_fleetweek2024.xml
AEGS_Gladius_Unmanned_Restoration,vehicle_NameAEGS_Gladius,vehicle_DescAEGS_Gladius,cf4a74bf-eb2c-462a-9b78-f7f2724c31d2,AEGS,manufacturer_NameAEGS,Spaceship,scripts/entities/vehicles/implementations/xml/aegs_gladius.xml,,vehicle_focus_combat,2bf4345e-cf3c-4ecb-91ce-f9daa8ff47f8,vehicle_class_lightfighter,bf73e515-0e01-409e-84fb-acbef27e1686,1,2134,1,1,0,43ef139d-c341-4b57-8443-d51ee10f3b4c,a1c4ed20-de79-4f98-b068-1bb388738c10,libs/foundry/records/entities/spaceships/aegs_gladius_unmanned_restoration.xml
AEGS_Gladius_Unmanned_Salvage,vehicle_NameAEGS_Gladius,vehicle_DescAEGS_Gladius,cf4a74bf-eb2c-462a-9b78-f7f2724c31d2,AEGS,manufacturer_NameAEGS,Spaceship,scripts/entities/vehicles/implementations/xml/aegs_gladius.xml,,vehicle_focus_combat,2bf4345e-cf3c-4ecb-91ce-f9daa8ff47f8,vehicle_class_lightfighter,bf73e515-0e01-409e-84fb-acbef27e1686,1,2134,1,1,0,43ef139d-c341-4b57-8443-d51ee10f3b4c,1e736d74-30c2-41d6-b88d-83a2b375a9c7,libs/foundry/records/entities/spaceships/aegs_gladius_unmanned_salvage.xml
AEGS_Gladius_Valiant_PU_AI_CIV,vehicle_NameAEGS_Gladius_Valiant,vehicle_DescAEGS_Gladius_Valiant,cf4a74bf-eb2c-462a-9b78-f7f2724c31d2,AEGS,manufacturer_NameAEGS,Spaceship,scripts/entities/vehicles/implementations/xml/aegs_gladius.xml,Valiant,vehicle_focus_combat,2bf4345e-cf3c-4ecb-91ce-f9daa8ff47f8,vehicle_class_lightfighter,bf73e515-0e01-409e-84fb-acbef27e1686,1,2134,1,1,0,43ef139d-c341-4b57-8443-d51ee10f3b4c,e746e943-b5a3-4388-a41e-1233e64dc5c5,libs/foundry/records/entities/spaceships/aegs_gladius_valiant_pu_ai_civ.xml
AEGS_Gladius_Valiant_PU_AI_CRIM,vehicle_NameAEGS_Gladius_Valiant,vehicle_DescAEGS_Gladius_Valiant,cf4a74bf-eb2c-462a-9b78-f7f2724c31d2,AEGS,manufacturer_NameAEGS,Spaceship,scripts/entities/vehicles/implementations/xml/aegs_gladius.xml,Valiant,vehicle_focus_combat,2bf4345e-cf3c-4ecb-91ce-f9daa8ff47f8,vehicle_class_lightfighter,bf73e515-0e01-409e-84fb-acbef27e1686,1,2134,1,1,0,43ef139d-c341-4b57-8443-d51ee10f3b4c,90d49d02-4cf3-4f11-954a-a28b74e34a3f,libs/foundry/records/entities/spaceships/aegs_gladius_valiant_pu_ai_crim.xml
AEGS_Gladius_Valiant,vehicle_NameAEGS_Gladius_Valiant,vehicle_DescAEGS_Gladius_Valiant,cf4a74bf-eb2c-462a-9b78-f7f2724c31d2,AEGS,manufacturer_NameAEGS,Spaceship,scripts/entities/vehicles/implementations/xml/aegs_gladius.xml,Valiant,vehicle_focus_combat,2bf4345e-cf3c-4ecb-91ce-f9daa8ff47f8,vehicle_class_lightfighter,bf73e515-0e01-409e-84fb-acbef27e1686,1,2134,1,1,0,43ef139d-c341-4b57-8443-d51ee10f3b4c,d6cb3db3-b1e0-47a5-8c62-a64285dbb675,libs/foundry/records/entities/spaceships/aegs_gladius_valiant.xml
AEGS_Gladius,vehicle_NameAEGS_Gladius,vehicle_DescAEGS_Gladius,cf4a74bf-eb2c-462a-9b78-f7f2724c31d2,AEGS,manufacturer_NameAEGS,Spaceship,scripts/entities/vehicles/implementations/xml/aegs_gladius.xml,,vehicle_focus_combat,2bf4345e-cf3c-4ecb-91ce-f9daa8ff47f8,vehicle_class_lightfighter,bf73e515-0e01-409e-84fb-acbef27e1686,1,2134,1,1,0,43ef139d-c341-4b57-8443-d51ee10f3b4c,b6b59889-7226-458e-a6b0-1c9392128a3c,libs/foundry/records/entities/spaceships/aegs_gladius.xml
AEGS_Hammerhead_AI_Template_ShipBoarded,vehicle_NameAEGS_Hammerhead,vehicle_DescAEGS_Hammerhead,cf4a74bf-eb2c-462a-9b78-f7f2724c31d2,AEGS,manufacturer_NameAEGS,Spaceship,scripts/entities/vehicles/implementations/xml/aegs_hammerhead.xml,,vehicle_focus_combat,2bf4345e-cf3c-4ecb-91ce-f9daa8ff47f8,item_ShipFocus_HeavyGunship,2eacf280-e5d7-4412-bac5-9237304095f7,2,80000,1,1,0,405c46f7-e3e1-4ac1-8a77-03287e1de5a2,f7459211-a716-4ace-b626-ed812d05b13f,libs/foundry/records/entities/spaceships/aegs_hammerhead_ai_template_shipboarded.xml
AEGS_Hammerhead_EA_AI_PIR,vehicle_NameAEGS_Hammerhead,vehicle_DescAEGS_Hammerhead,cf4a74bf-eb2c-462a-9b78-f7f2724c31d2,AEGS,manufacturer_NameAEGS,Spaceship,scripts/entities/vehicles/implementations/xml/aegs_hammerhead.xml,,vehicle_focus_combat,2bf4345e-cf3c-4ecb-91ce-f9daa8ff47f8,item_ShipFocus_HeavyGunship,2eacf280-e5d7-4412-bac5-9237304095f7,2,80000,1,1,0,405c46f7-e3e1-4ac1-8a77-03287e1de5a2,58e3a9ee-be75-4977-b7b7-8588e856d861,libs/foundry/records/entities/spaceships/aegs_hammerhead_ea_ai_pir.xml
AEGS_Hammerhead_GS_AI_Template_ShipBoarded,vehicle_NameAEGS_Hammerhead,vehicle_DescAEGS_Hammerhead,cf4a74bf-eb2c-462a-9b78-f7f2724c31d2,AEGS,manufacturer_NameAEGS,Spaceship,Scripts/Entities/Vehicles/Implementations/Xml/aegs_hammerhead_gs.xml,,vehicle_focus_combat,2bf4345e-cf3c-4ecb-91ce-f9daa8ff47f8,item_ShipFocus_HeavyGunship,2eacf280-e5d7-4412-bac5-9237304095f7,8,80000,1,1,0,405c46f7-e3e1-4ac1-8a77-03287e1de5a2,620815f4-f913-42eb-b2c0-30d5668fcec3,libs/foundry/records/entities/spaceships/aegs_hammerhead_gs_ai_template_shipboarded.xml
AEGS_Hammerhead_GS_AI_Template,vehicle_NameAEGS_Hammerhead,vehicle_DescAEGS_Hammerhead,cf4a74bf-eb2c-462a-9b78-f7f2724c31d2,AEGS,manufacturer_NameAEGS,Spaceship,Scripts/Entities/Vehicles/Implementations/Xml/aegs_hammerhead_gs.xml,,vehicle_focus_combat,2bf4345e-cf3c-4ecb-91ce-f9daa8ff47f8,item_ShipFocus_HeavyGunship,2eacf280-e5d7-4412-bac5-9237304095f7,8,80000,1,1,0,405c46f7-e3e1-4ac1-8a77-03287e1de5a2,2e7bd8c6-9bd6-4191-aff3-a35589a496f7,libs/foundry/records/entities/spaceships/aegs_hammerhead_gs_ai_template.xml
AEGS_Hammerhead_GS_EA_AI_PIR,vehicle_NameAEGS_Hammerhead,vehicle_DescAEGS_Hammerhead,cf4a74bf-eb2c-462a-9b78-f7f2724c31d2,AEGS,manufacturer_NameAEGS,Spaceship,Scripts/Entities/Vehicles/Implementations/Xml/aegs_hammerhead_gs.xml,,vehicle_focus_combat,2bf4345e-cf3c-4ecb-91ce-f9daa8ff47f8,item_ShipFocus_HeavyGunship,2eacf280-e5d7-4412-bac5-9237304095f7,8,80000,1,1,0,405c46f7-e3e1-4ac1-8a77-03287e1de5a2,b306d7ac-9788-42a8-a3cc-a75941d0fede,libs/foundry/records/entities/spaceships/aegs_hammerhead_gs_ea_ai_pir.xml
AEGS_Hammerhead_GS_PU_AI_CIV,vehicle_NameAEGS_Hammerhead,vehicle_DescAEGS_Hammerhead,cf4a74bf-eb2c-462a-9b78-f7f2724c31d2,AEGS,manufacturer_NameAEGS,Spaceship,Scripts/Entities/Vehicles/Implementations/Xml/aegs_hammerhead_gs.xml,,vehicle_focus_combat,2bf4345e-cf3c-4ecb-91ce-f9daa8ff47f8,item_ShipFocus_HeavyGunship,2eacf280-e5d7-4412-bac5-9237304095f7,8,80000,1,1,0,405c46f7-e3e1-4ac1-8a77-03287e1de5a2,943d2b94-7df9-4183-9ea7-d9e305674ba0,libs/foundry/records/entities/spaceships/aegs_hammerhead_gs_pu_ai_civ.xml
AEGS_Hammerhead_GS_PU_AI_CRIM,vehicle_NameAEGS_Hammerhead,vehicle_DescAEGS_Hammerhead,cf4a74bf-eb2c-462a-9b78-f7f2724c31d2,AEGS,manufacturer_NameAEGS,Spaceship,Scripts/Entities/Vehicles/Implementations/Xml/aegs_hammerhead_gs.xml,,vehicle_focus_combat,2bf4345e-cf3c-4ecb-91ce-f9daa8ff47f8,item_ShipFocus_HeavyGunship,2eacf280-e5d7-4412-bac5-9237304095f7,8,80000,1,1,0,405c46f7-e3e1-4ac1-8a77-03287e1de5a2,c2540694-f738-49ee-99d1-a4f5c1e0660d,libs/foundry/records/entities/spaceships/aegs_hammerhead_gs_pu_ai_crim.xml
AEGS_Hammerhead_GS_PU_AI_NT_QIG,vehicle_NameAEGS_Hammerhead,vehicle_DescAEGS_Hammerhead,cf4a74bf-eb2c-462a-9b78-f7f2724c31d2,AEGS,manufacturer_NameAEGS,Spaceship,Scripts/Entities/Vehicles/Implementations/Xml/aegs_hammerhead_gs.xml,,vehicle_focus_combat,2bf4345e-cf3c-4ecb-91ce-f9daa8ff47f8,item_ShipFocus_HeavyGunship,2eacf280-e5d7-4412-bac5-9237304095f7,8,80000,1,1,0,405c46f7-e3e1-4ac1-8a77-03287e1de5a2,b9059539-114e-458d-97a5-1f4cdd679752,libs/foundry/records/entities/spaceships/aegs_hammerhead_gs_pu_ai_nt_qig.xml
AEGS_Hammerhead_GS_PU_AI_NT,vehicle_NameAEGS_Hammerhead,vehicle_DescAEGS_Hammerhead,cf4a74bf-eb2c-462a-9b78-f7f2724c31d2,AEGS,manufacturer_NameAEGS,Spaceship,Scripts/Entities/Vehicles/Implementations/Xml/aegs_hammerhead_gs.xml,,vehicle_focus_combat,2bf4345e-cf3c-4ecb-91ce-f9daa8ff47f8,item_ShipFocus_HeavyGunship,2eacf280-e5d7-4412-bac5-9237304095f7,8,80000,1,1,0,405c46f7-e3e1-4ac1-8a77-03287e1de5a2,5081a8fd-cb44-4fff-99aa-e801388ca4be,libs/foundry/records/entities/spaceships/aegs_hammerhead_gs_pu_ai_nt.xml
AEGS_Hammerhead_GS_PU_AI_UEE,vehicle_NameAEGS_Hammerhead,vehicle_DescAEGS_Hammerhead,cf4a74bf-eb2c-462a-9b78-f7f2724c31d2,AEGS,manufacturer_NameAEGS,Spaceship,Scripts/Entities/Vehicles/Implementations/Xml/aegs_hammerhead_gs.xml,,vehicle_focus_combat,2bf4345e-cf3c-4ecb-91ce-f9daa8ff47f8,item_ShipFocus_HeavyGunship,2eacf280-e5d7-4412-bac5-9237304095f7,8,80000,1,1,0,405c46f7-e3e1-4ac1-8a77-03287e1de5a2,32003426-b038-4d91-b76a-91b707f568e6,libs/foundry/records/entities/spaceships/aegs_hammerhead_gs_pu_ai_uee.xml
AEGS_Hammerhead_GS_PU_AI_Xenothreat,vehicle_NameAEGS_Hammerhead,vehicle_DescAEGS_Hammerhead,cf4a74bf-eb2c-462a-9b78-f7f2724c31d2,AEGS,manufacturer_NameAEGS,Spaceship,Scripts/Entities/Vehicles/Implementations/Xml/aegs_hammerhead_gs.xml,,vehicle_focus_combat,2bf4345e-cf3c-4ecb-91ce-f9daa8ff47f8,item_ShipFocus_HeavyGunship,2eacf280-e5d7-4412-bac5-9237304095f7,8,80000,1,1,0,405c46f7-e3e1-4ac1-8a77-03287e1de5a2,ce037656-d578-4ade-b2c1-12cf57f7c5a5,libs/foundry/records/entities/spaceships/aegs_hammerhead_gs_pu_ai_xenothreat.xml
AEGS_Hammerhead_GS_Unmanned_NineTails,vehicle_NameAEGS_Hammerhead,vehicle_DescAEGS_Hammerhead,cf4a74bf-eb2c-462a-9b78-f7f2724c31d2,AEGS,manufacturer_NameAEGS,Spaceship,Scripts/Entities/Vehicles/Implementations/Xml/aegs_hammerhead_gs.xml,,vehicle_focus_combat,2bf4345e-cf3c-4ecb-91ce-f9daa8ff47f8,item_ShipFocus_HeavyGunship,2eacf280-e5d7-4412-bac5-9237304095f7,8,80000,1,1,0,405c46f7-e3e1-4ac1-8a77-03287e1de5a2,ed098d32-8604-42b9-a6ac-dd2df6f570f7,libs/foundry/records/entities/spaceships/aegs_hammerhead_gs_unmanned_ninetails.xml
AEGS_Hammerhead_GS_Unmanned_Salvage,vehicle_NameAEGS_Hammerhead,vehicle_DescAEGS_Hammerhead,cf4a74bf-eb2c-462a-9b78-f7f2724c31d2,AEGS,manufacturer_NameAEGS,Spaceship,Scripts/Entities/Vehicles/Implementations/Xml/aegs_hammerhead_gs.xml,,vehicle_focus_combat,2bf4345e-cf3c-4ecb-91ce-f9daa8ff47f8,item_ShipFocus_HeavyGunship,2eacf280-e5d7-4412-bac5-9237304095f7,8,80000,1,1,0,405c46f7-e3e1-4ac1-8a77-03287e1de5a2,58a6f109-562a-42a1-8fed-d909d3584286,libs/foundry/records/entities/spaceships/aegs_hammerhead_gs_unmanned_salvage.xml
AEGS_Hammerhead_GS_Unmanned_Template,vehicle_NameAEGS_Hammerhead,vehicle_DescAEGS_Hammerhead,cf4a74bf-eb2c-462a-9b78-f7f2724c31d2,AEGS,manufacturer_NameAEGS,Spaceship,Scripts/Entities/Vehicles/Implementations/Xml/aegs_hammerhead_gs.xml,,vehicle_focus_combat,2bf4345e-cf3c-4ecb-91ce-f9daa8ff47f8,item_ShipFocus_HeavyGunship,2eacf280-e5d7-4412-bac5-9237304095f7,8,80000,1,1,0,405c46f7-e3e1-4ac1-8a77-03287e1de5a2,0df233e1-f030-4137-a78b-c6f6fab6c3b6,libs/foundry/records/entities/spaceships/aegs_hammerhead_gs_unmanned_template.xml
AEGS_Hammerhead_GS,vehicle_NameAEGS_Hammerhead,vehicle_DescAEGS_Hammerhead,cf4a74bf-eb2c-462a-9b78-f7f2724c31d2,AEGS,manufacturer_NameAEGS,Spaceship,Scripts/Entities/Vehicles/Implementations/Xml/aegs_hammerhead_gs.xml,,vehicle_focus_combat,2bf4345e-cf3c-4ecb-91ce-f9daa8ff47f8,item_ShipFocus_HeavyGunship,2eacf280-e5d7-4412-bac5-9237304095f7,8,80000,1,1,0,405c46f7-e3e1-4ac1-8a77-03287e1de5a2,395f30ae-f930-4929-b881-d711fde7e70f,libs/foundry/records/entities/spaceships/aegs_hammerhead_gs.xml
AEGS_Hammerhead_PU_AI_CIV,vehicle_NameAEGS_Hammerhead,vehicle_DescAEGS_Hammerhead,cf4a74bf-eb2c-462a-9b78-f7f2724c31d2,AEGS,manufacturer_NameAEGS,Spaceship,scripts/entities/vehicles/implementations/xml/aegs_hammerhead.xml,,vehicle_focus_combat,2bf4345e-cf3c-4ecb-91ce-f9daa8ff47f8,item_ShipFocus_HeavyGunship,2eacf280-e5d7-4412-bac5-9237304095f7,2,80000,1,1,0,405c46f7-e3e1-4ac1-8a77-03287e1de5a2,4f0aadea-ca04-4662-a6e8-84a899c4eb40,libs/foundry/records/entities/spaceships/aegs_hammerhead_pu_ai_civ.xml
AEGS_Hammerhead_PU_AI_CRIM,vehicle_NameAEGS_Hammerhead,vehicle_DescAEGS_Hammerhead,cf4a74bf-eb2c-462a-9b78-f7f2724c31d2,AEGS,manufacturer_NameAEGS,Spaceship,scripts/entities/vehicles/implementations/xml/aegs_hammerhead.xml,,vehicle_focus_combat,2bf4345e-cf3c-4ecb-91ce-f9daa8ff47f8,item_ShipFocus_HeavyGunship,2eacf280-e5d7-4412-bac5-9237304095f7,2,80000,1,1,0,405c46f7-e3e1-4ac1-8a77-03287e1de5a2,1e404758-24f7-4fcf-9954-ad7db6ed1fb2,libs/foundry/records/entities/spaceships/aegs_hammerhead_pu_ai_crim.xml
AEGS_Hammerhead_PU_AI_NT_QIG,vehicle_NameAEGS_Hammerhead,vehicle_DescAEGS_Hammerhead,cf4a74bf-eb2c-462a-9b78-f7f2724c31d2,AEGS,manufacturer_NameAEGS,Spaceship,scripts/entities/vehicles/implementations/xml/aegs_hammerhead.xml,,vehicle_focus_combat,2bf4345e-cf3c-4ecb-91ce-f9daa8ff47f8,item_ShipFocus_HeavyGunship,2eacf280-e5d7-4412-bac5-9237304095f7,2,80000,1,1,0,405c46f7-e3e1-4ac1-8a77-03287e1de5a2,efa49a86-1511-4ef7-8ef9-b9b97ce95e35,libs/foundry/records/entities/spaceships/aegs_hammerhead_pu_ai_nt_qig.xml
AEGS_Hammerhead_PU_AI_NT,vehicle_NameAEGS_Hammerhead,vehicle_DescAEGS_Hammerhead,cf4a74bf-eb2c-462a-9b78-f7f2724c31d2,AEGS,manufacturer_NameAEGS,Spaceship,scripts/entities/vehicles/implementations/xml/aegs_hammerhead.xml,,vehicle_focus_combat,2bf4345e-cf3c-4ecb-91ce-f9daa8ff47f8,item_ShipFocus_HeavyGunship,2eacf280-e5d7-4412-bac5-9237304095f7,2,80000,1,1,0,405c46f7-e3e1-4ac1-8a77-03287e1de5a2,e59dd9ad-e57c-4f24-9610-f00141c7654a,libs/foundry/records/entities/spaceships/aegs_hammerhead_pu_ai_nt.xml
AEGS_Hammerhead_PU_AI_UEE,vehicle_NameAEGS_Hammerhead,vehicle_DescAEGS_Hammerhead,cf4a74bf-eb2c-462a-9b78-f7f2724c31d2,AEGS,manufacturer_NameAEGS,Spaceship,scripts/entities/vehicles/implementations/xml/aegs_hammerhead.xml,,vehicle_focus_combat,2bf4345e-cf3c-4ecb-91ce-f9daa8ff47f8,item_ShipFocus_HeavyGunship,2eacf280-e5d7-4412-bac5-9237304095f7,2,80000,1,1,0,405c46f7-e3e1-4ac1-8a77-03287e1de5a2,12314684-b1e2-49cc-8983-d75fecf775c0,libs/foundry/records/entities/spaceships/aegs_hammerhead_pu_ai_uee.xml
AEGS_Hammerhead_PU_AI_Xenothreat,vehicle_NameAEGS_Hammerhead,vehicle_DescAEGS_Hammerhead,cf4a74bf-eb2c-462a-9b78-f7f2724c31d2,AEGS,manufacturer_NameAEGS,Spaceship,scripts/entities/vehicles/implementations/xml/aegs_hammerhead.xml,,vehicle_focus_combat,2bf4345e-cf3c-4ecb-91ce-f9daa8ff47f8,item_ShipFocus_HeavyGunship,2eacf280-e5d7-4412-bac5-9237304095f7,2,80000,1,1,0,405c46f7-e3e1-4ac1-8a77-03287e1de5a2,1e636a9c-e09c-49fb-a7f9-edb0b05a083a,libs/foundry/records/entities/spaceships/aegs_hammerhead_pu_ai_xenothreat.xml
AEGS_Hammerhead_Showdown,vehicle_NameAEGS_Hammerhead_Showdown,vehicle_DescAEGS_Hammerhead,cf4a74bf-eb2c-462a-9b78-f7f2724c31d2,AEGS,manufacturer_NameAEGS,Spaceship,scripts/entities/vehicles/implementations/xml/aegs_hammerhead.xml,Hammerhead_BIS,vehicle_focus_combat,2bf4345e-cf3c-4ecb-91ce-f9daa8ff47f8,item_ShipFocus_HeavyGunship,2eacf280-e5d7-4412-bac5-9237304095f7,2,80000,1,1,0,405c46f7-e3e1-4ac1-8a77-03287e1de5a2,0b17b11f-4ac4-4e04-b973-beb6f299b99b,libs/foundry/records/entities/spaceships/aegs_hammerhead_showdown.xml
AEGS_Hammerhead_Unmanned_NineTails,vehicle_NameAEGS_Hammerhead,vehicle_DescAEGS_Hammerhead,cf4a74bf-eb2c-462a-9b78-f7f2724c31d2,AEGS,manufacturer_NameAEGS,Spaceship,scripts/entities/vehicles/implementations/xml/aegs_hammerhead.xml,,vehicle_focus_combat,2bf4345e-cf3c-4ecb-91ce-f9daa8ff47f8,item_ShipFocus_HeavyGunship,2eacf280-e5d7-4412-bac5-9237304095f7,2,80000,1,1,0,405c46f7-e3e1-4ac1-8a77-03287e1de5a2,78f363d1-dac2-459f-9e49-e2f0b390f369,libs/foundry/records/entities/spaceships/aegs_hammerhead_unmanned_ninetails.xml
AEGS_Hammerhead_Unmanned_Salvage,vehicle_NameAEGS_Hammerhead,vehicle_DescAEGS_Hammerhead,cf4a74bf-eb2c-462a-9b78-f7f2724c31d2,AEGS,manufacturer_NameAEGS,Spaceship,scripts/entities/vehicles/implementations/xml/aegs_hammerhead.xml,,vehicle_focus_combat,2bf4345e-cf3c-4ecb-91ce-f9daa8ff47f8,item_ShipFocus_HeavyGunship,2eacf280-e5d7-4412-bac5-9237304095f7,2,80000,1,1,0,405c46f7-e3e1-4ac1-8a77-03287e1de5a2,865cf24b-8825-4e69-841a-25e1857889fb,libs/foundry/records/entities/spaceships/aegs_hammerhead_unmanned_salvage.xml
AEGS_Hammerhead,vehicle_NameAEGS_Hammerhead,vehicle_DescAEGS_Hammerhead,cf4a74bf-eb2c-462a-9b78-f7f2724c31d2,AEGS,manufacturer_NameAEGS,Spaceship,scripts/entities/vehicles/implementations/xml/aegs_hammerhead.xml,,vehicle_focus_combat,2bf4345e-cf3c-4ecb-91ce-f9daa8ff47f8,item_ShipFocus_HeavyGunship,2eacf280-e5d7-4412-bac5-9237304095f7,2,80000,1,1,0,405c46f7-e3e1-4ac1-8a77-03287e1de5a2,d46f4de1-8dc1-473b-9739-88c9ba7e75a6,libs/foundry/records/entities/spaceships/aegs_hammerhead.xml
AEGS_Idris_M_PU_AI_AOS,vehicle_NameAEGS_Idris_M,vehicle_DescAEGS_Idris_M,cf4a74bf-eb2c-462a-9b78-f7f2724c31d2,AEGS,manufacturer_NameAEGS,Spaceship,scripts/entities/vehicles/implementations/xml/aegs_idris.xml,,vehicle_focus_combat,2bf4345e-cf3c-4ecb-91ce-f9daa8ff47f8,vehicle_class_frigate,5e2ec533-5535-4990-b3f9-32d35a8942d4,1,1100000,0,1,0,8f4f7045-703a-4932-98c1-e2d56b0f89b1,5d7475ad-94f3-4a03-a939-4245509f8cf5,libs/foundry/records/entities/spaceships/aegs_idris_m_pu_ai_aos.xml
AEGS_Idris_M_PU_AI_GenCrim_BoardedCombat,vehicle_NameAEGS_Idris_M,vehicle_DescAEGS_Idris_M,cf4a74bf-eb2c-462a-9b78-f7f2724c31d2,AEGS,manufacturer_NameAEGS,Spaceship,scripts/entities/vehicles/implementations/xml/aegs_idris.xml,,item_ShipFocus_CapitalShip,2bf4345e-cf3c-4ecb-91ce-f9daa8ff47f8,item_ShipFocus_Frigate,5e2ec533-5535-4990-b3f9-32d35a8942d4,1,1100000,0,1,0,8f4f7045-703a-4932-98c1-e2d56b0f89b1,2167aed5-b63d-430b-b20b-d43908e18b3c,libs/foundry/records/entities/spaceships/aegs_idris_m_pu_ai_gencrim_boardedcombat.xml
AEGS_Idris_M_PU_AI_NT_NoInterior,vehicle_NameAEGS_Idris_M,vehicle_DescAEGS_Idris_M,cf4a74bf-eb2c-462a-9b78-f7f2724c31d2,AEGS,manufacturer_NameAEGS,Spaceship,scripts/entities/vehicles/implementations/xml/aegs_idris.xml,,item_ShipFocus_CapitalShip,2bf4345e-cf3c-4ecb-91ce-f9daa8ff47f8,item_ShipFocus_Frigate,5e2ec533-5535-4990-b3f9-32d35a8942d4,1,1100000,0,1,0,8f4f7045-703a-4932-98c1-e2d56b0f89b1,a7ae8d3b-dfb7-4460-a41e-fd11f5014859,libs/foundry/records/entities/spaceships/aegs_idris_m_pu_ai_nt_nointerior.xml
AEGS_Idris_M_PU_AI_NT,vehicle_NameAEGS_Idris_M,vehicle_DescAEGS_Idris_M,cf4a74bf-eb2c-462a-9b78-f7f2724c31d2,AEGS,manufacturer_NameAEGS,Spaceship,scripts/entities/vehicles/implementations/xml/aegs_idris.xml,,vehicle_focus_combat,2bf4345e-cf3c-4ecb-91ce-f9daa8ff47f8,vehicle_class_frigate,5e2ec533-5535-4990-b3f9-32d35a8942d4,1,1100000,0,1,0,8f4f7045-703a-4932-98c1-e2d56b0f89b1,aacf2251-4130-4c4c-92af-e0eb13f8798b,libs/foundry/records/entities/spaceships/aegs_idris_m_pu_ai_nt.xml
AEGS_Idris_M_PU_AI_UEE_NoInterior,vehicle_NameAEGS_Idris_M,vehicle_DescAEGS_Idris_M,cf4a74bf-eb2c-462a-9b78-f7f2724c31d2,AEGS,manufacturer_NameAEGS,Spaceship,scripts/entities/vehicles/implementations/xml/aegs_idris.xml,,item_ShipFocus_CapitalShip,2bf4345e-cf3c-4ecb-91ce-f9daa8ff47f8,item_ShipFocus_Frigate,5e2ec533-5535-4990-b3f9-32d35a8942d4,1,1100000,0,0,0,8f4f7045-703a-4932-98c1-e2d56b0f89b1,78f1792a-9efc-40c1-808c-1ca929ebecd6,libs/foundry/records/entities/spaceships/aegs_idris_m_pu_ai_uee_nointerior.xml
AEGS_Idris_M_PU_AI_UEE,vehicle_NameAEGS_Idris_M,vehicle_DescAEGS_Idris_M,cf4a74bf-eb2c-462a-9b78-f7f2724c31d2,AEGS,manufacturer_NameAEGS,Spaceship,scripts/entities/vehicles/implementations/xml/aegs_idris.xml,,vehicle_focus_combat,2bf4345e-cf3c-4ecb-91ce-f9daa8ff47f8,vehicle_class_frigate,5e2ec533-5535-4990-b3f9-32d35a8942d4,1,1100000,0,1,0,8f4f7045-703a-4932-98c1-e2d56b0f89b1,948fec21-a0c0-4f0c-bd3e-85460864b460,libs/foundry/records/entities/spaceships/aegs_idris_m_pu_ai_uee.xml
AEGS_Idris_M_PU_AI_Xenothreat_BoardedCombat,vehicle_NameAEGS_Idris_M,vehicle_DescAEGS_Idris_M,cf4a74bf-eb2c-462a-9b78-f7f2724c31d2,AEGS,manufacturer_NameAEGS,Spaceship,scripts/entities/vehicles/implementations/xml/aegs_idris.xml,,item_ShipFocus_CapitalShip,2bf4345e-cf3c-4ecb-91ce-f9daa8ff47f8,item_ShipFocus_Frigate,5e2ec533-5535-4990-b3f9-32d35a8942d4,1,1100000,0,1,0,8f4f7045-703a-4932-98c1-e2d56b0f89b1,3e58f152-2f49-4273-887a-9de9606d0926,libs/foundry/records/entities/spaceships/aegs_idris_m_pu_ai_xenothreat_boardedcombat.xml
AEGS_Idris_M_PU_AI_Xenothreat_NoneBoarded,vehicle_NameAEGS_Idris_M,vehicle_DescAEGS_Idris_M,cf4a74bf-eb2c-462a-9b78-f7f2724c31d2,AEGS,manufacturer_NameAEGS,Spaceship,scripts/entities/vehicles/implementations/xml/aegs_idris.xml,,item_ShipFocus_CapitalShip,2bf4345e-cf3c-4ecb-91ce-f9daa8ff47f8,item_ShipFocus_Frigate,5e2ec533-5535-4990-b3f9-32d35a8942d4,1,1100000,0,1,0,8f4f7045-703a-4932-98c1-e2d56b0f89b1,a8abd1cb-3555-4ad0-a318-6f80c5961fd5,libs/foundry/records/entities/spaceships/aegs_idris_m_pu_ai_xenothreat_noneboarded.xml
AEGS_Idris_M_PU_AI_Xenothreat,vehicle_NameAEGS_Idris_M,vehicle_DescAEGS_Idris_M,cf4a74bf-eb2c-462a-9b78-f7f2724c31d2,AEGS,manufacturer_NameAEGS,Spaceship,scripts/entities/vehicles/implementations/xml/aegs_idris.xml,,vehicle_focus_combat,2bf4345e-cf3c-4ecb-91ce-f9daa8ff47f8,vehicle_class_frigate,5e2ec533-5535-4990-b3f9-32d35a8942d4,1,1100000,0,1,0,8f4f7045-703a-4932-98c1-e2d56b0f89b1,4f640c79-e3a2-4283-b7eb-8a9e98b4d7de,libs/foundry/records/entities/spaceships/aegs_idris_m_pu_ai_xenothreat.xml
AEGS_Idris_M_PU_GameMaster,vehicle_NameAEGS_Idris_M,vehicle_DescAEGS_Idris_M,cf4a74bf-eb2c-462a-9b78-f7f2724c31d2,AEGS,manufacturer_NameAEGS,Spaceship,scripts/entities/vehicles/implementations/xml/aegs_idris.xml,,item_ShipFocus_CapitalShip,2bf4345e-cf3c-4ecb-91ce-f9daa8ff47f8,item_ShipFocus_Frigate,5e2ec533-5535-4990-b3f9-32d35a8942d4,1,1100000,0,1,0,8f4f7045-703a-4932-98c1-e2d56b0f89b1,217add8e-4c76-440a-95e3-7b98190bd90b,libs/foundry/records/entities/spaceships/aegs_idris_m_pu_gamemaster.xml
AEGS_Idris_M_PU_Invictus,vehicle_NameAEGS_Idris_M,vehicle_DescAEGS_Idris_M,cf4a74bf-eb2c-462a-9b78-f7f2724c31d2,AEGS,manufacturer_NameAEGS,Spaceship,scripts/entities/vehicles/implementations/xml/aegs_idris.xml,,item_ShipFocus_CapitalShip,2bf4345e-cf3c-4ecb-91ce-f9daa8ff47f8,item_ShipFocus_Frigate,5e2ec533-5535-4990-b3f9-32d35a8942d4,1,1100000,0,1,0,8f4f7045-703a-4932-98c1-e2d56b0f89b1,8c5c5b4b-1021-4234-b6b8-170c9582145a,libs/foundry/records/entities/spaceships/aegs_idris_m_pu_invictus.xml
AEGS_Idris_M_PU,vehicle_NameAEGS_Idris_M,vehicle_DescAEGS_Idris_M,cf4a74bf-eb2c-462a-9b78-f7f2724c31d2,AEGS,manufacturer_NameAEGS,Spaceship,scripts/entities/vehicles/implementations/xml/aegs_idris.xml,,item_ShipFocus_CapitalShip,2bf4345e-cf3c-4ecb-91ce-f9daa8ff47f8,item_ShipFocus_Frigate,5e2ec533-5535-4990-b3f9-32d35a8942d4,1,1100000,0,1,0,8f4f7045-703a-4932-98c1-e2d56b0f89b1,c0c1835e-a0f5-4e08-8ed7-f08fa8c1a7d5,libs/foundry/records/entities/spaceships/aegs_idris_m_pu.xml
AEGS_Idris_M,vehicle_NameAEGS_Idris_M,vehicle_DescAEGS_Idris_M,cf4a74bf-eb2c-462a-9b78-f7f2724c31d2,AEGS,manufacturer_NameAEGS,Spaceship,scripts/entities/vehicles/implementations/xml/aegs_idris.xml,,vehicle_focus_combat,2bf4345e-cf3c-4ecb-91ce-f9daa8ff47f8,vehicle_class_frigate,5e2ec533-5535-4990-b3f9-32d35a8942d4,1,1100000,0,1,0,8f4f7045-703a-4932-98c1-e2d56b0f89b1,f0caa993-4c6b-4402-8ef1-d91879060f3b,libs/foundry/records/entities/spaceships/aegs_idris_m.xml
AEGS_Idris_P_Collector_Military,vehicle_NameAEGS_Idris_P_Collector_Military,vehicle_DescAEGS_Idris_P_Collector_Military,cf4a74bf-eb2c-462a-9b78-f7f2724c31d2,AEGS,manufacturer_NameAEGS,Spaceship,scripts/entities/vehicles/implementations/xml/aegs_idris.xml,,vehicle_focus_combat,2bf4345e-cf3c-4ecb-91ce-f9daa8ff47f8,vehicle_class_frigate,5e2ec533-5535-4990-b3f9-32d35a8942d4,1,1100000,0,1,0,8f4f7045-703a-4932-98c1-e2d56b0f89b1,deb6d97e-38ce-48a2-9e12-d63eb01a0207,libs/foundry/records/entities/spaceships/aegs_idris_p_collector_military.xml
AEGS_Idris_P_FW_25,vehicle_NameAEGS_Idris_P,vehicle_DescAEGS_Idris_P,cf4a74bf-eb2c-462a-9b78-f7f2724c31d2,AEGS,manufacturer_NameAEGS,Spaceship,scripts/entities/vehicles/implementations/xml/AEGS_Idris_FW_25.xml,,vehicle_focus_combat,2bf4345e-cf3c-4ecb-91ce-f9daa8ff47f8,vehicle_class_frigate,5e2ec533-5535-4990-b3f9-32d35a8942d4,1,1100000,0,1,0,8f4f7045-703a-4932-98c1-e2d56b0f89b1,e829391e-d1de-408a-ad23-cfa80003f559,libs/foundry/records/entities/spaceships/aegs_idris_p_fw_25.xml
AEGS_Idris_P_PU_AI_CRIM,vehicle_NameAEGS_Idris_P,vehicle_DescAEGS_Idris_P,cf4a74bf-eb2c-462a-9b78-f7f2724c31d2,AEGS,manufacturer_NameAEGS,Spaceship,scripts/entities/vehicles/implementations/xml/aegs_idris.xml,,vehicle_focus_combat,2bf4345e-cf3c-4ecb-91ce-f9daa8ff47f8,vehicle_class_frigate,5e2ec533-5535-4990-b3f9-32d35a8942d4,1,1100000,0,1,0,8f4f7045-703a-4932-98c1-e2d56b0f89b1,4dd30365-ce66-4961-a41b-6856bd89e83b,libs/foundry/records/entities/spaceships/aegs_idris_p_pu_ai_crim.xml
AEGS_Idris_P_PU_AI_UEE,vehicle_NameAEGS_Idris_P,vehicle_DescAEGS_Idris_P,cf4a74bf-eb2c-462a-9b78-f7f2724c31d2,AEGS,manufacturer_NameAEGS,Spaceship,scripts/entities/vehicles/implementations/xml/aegs_idris.xml,,vehicle_focus_combat,2bf4345e-cf3c-4ecb-91ce-f9daa8ff47f8,vehicle_class_frigate,5e2ec533-5535-4990-b3f9-32d35a8942d4,1,1100000,0,1,0,8f4f7045-703a-4932-98c1-e2d56b0f89b1,a4d60fe3-d9bd-400b-b39e-67207e44a135,libs/foundry/records/entities/spaceships/aegs_idris_p_pu_ai_uee.xml
AEGS_Idris_P_TSG,vehicle_NameAEGS_Idris_P,vehicle_DescAEGS_Idris_P,cf4a74bf-eb2c-462a-9b78-f7f2724c31d2,AEGS,manufacturer_NameAEGS,Spaceship,scripts/entities/vehicles/implementations/xml/aegs_idris.xml,,vehicle_focus_combat,2bf4345e-cf3c-4ecb-91ce-f9daa8ff47f8,vehicle_class_frigate,5e2ec533-5535-4990-b3f9-32d35a8942d4,1,1100000,0,1,0,8f4f7045-703a-4932-98c1-e2d56b0f89b1,841e3ff7-7e71-4573-82a9-909973ae3c05,libs/foundry/records/entities/spaceships/aegs_idris_p_tsg.xml
AEGS_Idris_P,vehicle_NameAEGS_Idris_P,vehicle_DescAEGS_Idris_P,cf4a74bf-eb2c-462a-9b78-f7f2724c31d2,AEGS,manufacturer_NameAEGS,Spaceship,scripts/entities/vehicles/implementations/xml/aegs_idris.xml,,vehicle_focus_combat,2bf4345e-cf3c-4ecb-91ce-f9daa8ff47f8,vehicle_class_frigate,5e2ec533-5535-4990-b3f9-32d35a8942d4,1,1100000,0,1,0,8f4f7045-703a-4932-98c1-e2d56b0f89b1,4b0585b0-b60b-4c52-a744-d812e5e9ad58,libs/foundry/records/entities/spaceships/aegs_idris_p.xml
AEGS_Javelin_PU_AI_UEE_FleetWeek_2021,vehicle_NameAEGS_Javelin,vehicle_DescAEGS_Javelin,cf4a74bf-eb2c-462a-9b78-f7f2724c31d2,AEGS,manufacturer_NameAEGS,Spaceship,scripts/entities/vehicles/implementations/xml/aegs_javelin.xml,FleetWeek_2021,vehicle_class_destroyer,2bf4345e-cf3c-4ecb-91ce-f9daa8ff47f8,vehicle_class_destroyer,30093844-6356-4df9-8473-dad8fc8ee1d4,1,5000000,0,0,0,8f4f7045-703a-4932-98c1-e2d56b0f89b1,d48f58e7-43cc-4e64-ac28-c96caf337bad,libs/foundry/records/entities/spaceships/aegs_javelin_pu_ai_uee_fleetweek_2021.xml
AEGS_Javelin_PU_AI_UEE_FleetWeek,vehicle_NameAEGS_Javelin,vehicle_DescAEGS_Javelin,cf4a74bf-eb2c-462a-9b78-f7f2724c31d2,AEGS,manufacturer_NameAEGS,Spaceship,scripts/entities/vehicles/implementations/xml/aegs_javelin.xml,,vehicle_class_destroyer,2bf4345e-cf3c-4ecb-91ce-f9daa8ff47f8,vehicle_class_destroyer,30093844-6356-4df9-8473-dad8fc8ee1d4,1,5000000,0,0,0,8f4f7045-703a-4932-98c1-e2d56b0f89b1,632668cb-11e5-4530-b2ed-d3e892efa2e1,libs/foundry/records/entities/spaceships/aegs_javelin_pu_ai_uee_fleetweek.xml
AEGS_Javelin_PU_AI_UEE,vehicle_NameAEGS_Javelin,vehicle_DescAEGS_Javelin,cf4a74bf-eb2c-462a-9b78-f7f2724c31d2,AEGS,manufacturer_NameAEGS,Spaceship,scripts/entities/vehicles/implementations/xml/aegs_javelin.xml,,vehicle_class_destroyer,2bf4345e-cf3c-4ecb-91ce-f9daa8ff47f8,vehicle_class_destroyer,30093844-6356-4df9-8473-dad8fc8ee1d4,1,5000000,0,0,0,8f4f7045-703a-4932-98c1-e2d56b0f89b1,8f65034a-423a-4346-b0f8-ee9df432b293,libs/foundry/records/entities/spaceships/aegs_javelin_pu_ai_uee.xml
AEGS_Javelin,vehicle_NameAEGS_Javelin,vehicle_DescAEGS_Javelin,cf4a74bf-eb2c-462a-9b78-f7f2724c31d2,AEGS,manufacturer_NameAEGS,Spaceship,scripts/entities/vehicles/implementations/xml/aegs_javelin.xml,,vehicle_class_destroyer,2bf4345e-cf3c-4ecb-91ce-f9daa8ff47f8,vehicle_class_destroyer,30093844-6356-4df9-8473-dad8fc8ee1d4,1,5000000,1,0,0,8f4f7045-703a-4932-98c1-e2d56b0f89b1,05a4f566-36a4-495c-99a4-dbedc5105cb6,libs/foundry/records/entities/spaceships/aegs_javelin.xml
AEGS_Reclaimer_AI_CIV_ShipBoarded_NoCargo,vehicle_NameAEGS_Reclaimer,vehicle_DescAEGS_Reclaimer,cf4a74bf-eb2c-462a-9b78-f7f2724c31d2,AEGS,manufacturer_NameAEGS,Spaceship,scripts/entities/vehicles/implementations/xml/aegs_reclaimer.xml,,vehicle_focus_resources,0c06d7fa-963b-4fb3-b9a6-5e03a140bed3,vehicle_class_heavysalvage,1d853480-18dd-41e5-a564-2fffa94ef136,1,50000,1,1,0,6b484768-a49b-47a9-b5ce-814a0e86107b,3738256e-9b25-41dd-9f46-4e736e42ddac,libs/foundry/records/entities/spaceships/aegs_reclaimer_ai_civ_shipboarded_nocargo.xml
AEGS_Reclaimer_AI_CIV_ShipBoarded,vehicle_NameAEGS_Reclaimer,vehicle_DescAEGS_Reclaimer,cf4a74bf-eb2c-462a-9b78-f7f2724c31d2,AEGS,manufacturer_NameAEGS,Spaceship,scripts/entities/vehicles/implementations/xml/aegs_reclaimer.xml,,vehicle_focus_resources,0c06d7fa-963b-4fb3-b9a6-5e03a140bed3,vehicle_class_heavysalvage,1d853480-18dd-41e5-a564-2fffa94ef136,1,50000,1,1,0,6b484768-a49b-47a9-b5ce-814a0e86107b,27507ea9-bde2-4c4a-a3bf-ec6cc6e65bbf,libs/foundry/records/entities/spaceships/aegs_reclaimer_ai_civ_shipboarded.xml
AEGS_Reclaimer_AI_Template_ShipBoarded,vehicle_NameAEGS_Reclaimer,vehicle_DescAEGS_Reclaimer,cf4a74bf-eb2c-462a-9b78-f7f2724c31d2,AEGS,manufacturer_NameAEGS,Spaceship,scripts/entities/vehicles/implementations/xml/aegs_reclaimer.xml,,vehicle_focus_resources,0c06d7fa-963b-4fb3-b9a6-5e03a140bed3,vehicle_class_heavysalvage,1d853480-18dd-41e5-a564-2fffa94ef136,1,50000,1,1,0,6b484768-a49b-47a9-b5ce-814a0e86107b,379d2c46-34bb-410a-9384-ec8d422cdd80,libs/foundry/records/entities/spaceships/aegs_reclaimer_ai_template_shipboarded.xml
AEGS_Reclaimer_BIS2024_Temp,vehicle_NameAEGS_Reclaimer,vehicle_DescAEGS_Reclaimer,cf4a74bf-eb2c-462a-9b78-f7f2724c31d2,AEGS,manufacturer_NameAEGS,Spaceship,scripts/entities/vehicles/implementations/xml/aegs_reclaimer.xml,,vehicle_focus_resources,0c06d7fa-963b-4fb3-b9a6-5e03a140bed3,vehicle_class_heavysalvage,1d853480-18dd-41e5-a564-2fffa94ef136,1,50000,1,1,0,6b484768-a49b-47a9-b5ce-814a0e86107b,988ff9aa-d655-401f-8e1b-bda95bdc83c4,libs/foundry/records/entities/spaceships/aegs_reclaimer_bis2024_temp.xml
AEGS_Reclaimer_PU_AI_CIV_DEF,vehicle_NameAEGS_Reclaimer,vehicle_DescAEGS_Reclaimer,cf4a74bf-eb2c-462a-9b78-f7f2724c31d2,AEGS,manufacturer_NameAEGS,Spaceship,scripts/entities/vehicles/implementations/xml/aegs_reclaimer.xml,,vehicle_focus_resources,0c06d7fa-963b-4fb3-b9a6-5e03a140bed3,vehicle_class_heavysalvage,1d853480-18dd-41e5-a564-2fffa94ef136,1,50000,1,1,0,6b484768-a49b-47a9-b5ce-814a0e86107b,14f8b102-cbfb-4bad-9f5a-f0bd01038e05,libs/foundry/records/entities/spaceships/aegs_reclaimer_pu_ai_civ_def.xml
AEGS_Reclaimer_PU_AI_CIV,vehicle_NameAEGS_Reclaimer,vehicle_DescAEGS_Reclaimer,cf4a74bf-eb2c-462a-9b78-f7f2724c31d2,AEGS,manufacturer_NameAEGS,Spaceship,scripts/entities/vehicles/implementations/xml/aegs_reclaimer.xml,,vehicle_focus_resources,0c06d7fa-963b-4fb3-b9a6-5e03a140bed3,vehicle_class_heavysalvage,1d853480-18dd-41e5-a564-2fffa94ef136,1,50000,1,1,0,6b484768-a49b-47a9-b5ce-814a0e86107b,cd89b8cb-de0b-4a53-8ff2-5ed8cde43e7a,libs/foundry/records/entities/spaceships/aegs_reclaimer_pu_ai_civ.xml
AEGS_Reclaimer_PU_AI_CRIM,vehicle_NameAEGS_Reclaimer,vehicle_DescAEGS_Reclaimer,cf4a74bf-eb2c-462a-9b78-f7f2724c31d2,AEGS,manufacturer_NameAEGS,Spaceship,scripts/entities/vehicles/implementations/xml/aegs_reclaimer.xml,,vehicle_focus_resources,0c06d7fa-963b-4fb3-b9a6-5e03a140bed3,vehicle_class_heavysalvage,1d853480-18dd-41e5-a564-2fffa94ef136,1,50000,1,1,0,6b484768-a49b-47a9-b5ce-814a0e86107b,65d24cda-fb8b-4089-bfb1-71338b4efa68,libs/foundry/records/entities/spaceships/aegs_reclaimer_pu_ai_crim.xml
AEGS_Reclaimer_PU_AI_NineTails,vehicle_NameAEGS_Reclaimer,vehicle_DescAEGS_Reclaimer,cf4a74bf-eb2c-462a-9b78-f7f2724c31d2,AEGS,manufacturer_NameAEGS,Spaceship,scripts/entities/vehicles/implementations/xml/aegs_reclaimer.xml,,vehicle_focus_resources,0c06d7fa-963b-4fb3-b9a6-5e03a140bed3,vehicle_class_heavysalvage,1d853480-18dd-41e5-a564-2fffa94ef136,1,50000,1,1,0,6b484768-a49b-47a9-b5ce-814a0e86107b,1418e449-f159-4cf1-a3b3-e4b35814f1dd,libs/foundry/records/entities/spaceships/aegs_reclaimer_pu_ai_ninetails.xml
AEGS_Reclaimer_PU_Hijacked_A,Criminal_RetrieveData_Reclaimer_ShipName,vehicle_DescAEGS_Reclaimer,cf4a74bf-eb2c-462a-9b78-f7f2724c31d2,AEGS,manufacturer_NameAEGS,Spaceship,scripts/entities/vehicles/implementations/xml/aegs_reclaimer.xml,,vehicle_focus_resources,0c06d7fa-963b-4fb3-b9a6-5e03a140bed3,vehicle_class_heavysalvage,1d853480-18dd-41e5-a564-2fffa94ef136,1,50000,1,1,0,6b484768-a49b-47a9-b5ce-814a0e86107b,2993ae7f-3305-4dd7-89b3-3dbd94e09739,libs/foundry/records/entities/spaceships/aegs_reclaimer_pu_hijacked_a.xml
AEGS_Reclaimer_PU_Hijacked_b,RetrieveDatapad_ShipName,vehicle_DescAEGS_Reclaimer,cf4a74bf-eb2c-462a-9b78-f7f2724c31d2,AEGS,manufacturer_NameAEGS,Spaceship,scripts/entities/vehicles/implementations/xml/aegs_reclaimer.xml,,vehicle_focus_resources,0c06d7fa-963b-4fb3-b9a6-5e03a140bed3,vehicle_class_heavysalvage,1d853480-18dd-41e5-a564-2fffa94ef136,1,50000,1,1,0,6b484768-a49b-47a9-b5ce-814a0e86107b,73e53d74-c7b5-4da5-836b-1df83d189040,libs/foundry/records/entities/spaceships/aegs_reclaimer_pu_hijacked_b.xml
AEGS_Reclaimer_PU_Hijacked_c,vehicle_NameAEGS_Reclaimer,vehicle_DescAEGS_Reclaimer,cf4a74bf-eb2c-462a-9b78-f7f2724c31d2,AEGS,manufacturer_NameAEGS,Spaceship,scripts/entities/vehicles/implementations/xml/aegs_reclaimer.xml,,vehicle_focus_resources,0c06d7fa-963b-4fb3-b9a6-5e03a140bed3,vehicle_class_heavysalvage,1d853480-18dd-41e5-a564-2fffa94ef136,1,50000,1,1,0,6b484768-a49b-47a9-b5ce-814a0e86107b,3504d640-5926-4f19-b95c-12fb20fc303e,libs/foundry/records/entities/spaceships/aegs_reclaimer_pu_hijacked_c.xml
AEGS_Reclaimer_PU_Hijacked,vehicle_NameAEGS_Reclaimer,vehicle_DescAEGS_Reclaimer,cf4a74bf-eb2c-462a-9b78-f7f2724c31d2,AEGS,manufacturer_NameAEGS,Spaceship,scripts/entities/vehicles/implementations/xml/aegs_reclaimer.xml,,vehicle_focus_resources,0c06d7fa-963b-4fb3-b9a6-5e03a140bed3,vehicle_class_heavysalvage,1d853480-18dd-41e5-a564-2fffa94ef136,1,50000,1,1,0,6b484768-a49b-47a9-b5ce-814a0e86107b,b5857ebd-607e-4cd9-a86d-3f02bcdf88af,libs/foundry/records/entities/spaceships/aegs_reclaimer_pu_hijacked.xml
AEGS_Reclaimer_Showdown,vehicle_NameAEGS_Reclaimer_Showdown,vehicle_DescAEGS_Reclaimer,cf4a74bf-eb2c-462a-9b78-f7f2724c31d2,AEGS,manufacturer_NameAEGS,Spaceship,scripts/entities/vehicles/implementations/xml/aegs_reclaimer.xml,Reclaimer_BIS,vehicle_focus_resources,0c06d7fa-963b-4fb3-b9a6-5e03a140bed3,vehicle_class_heavysalvage,1d853480-18dd-41e5-a564-2fffa94ef136,1,50000,1,1,0,6b484768-a49b-47a9-b5ce-814a0e86107b,94d31d2e-5fa8-460c-9fa4-2942b6f0ce33,libs/foundry/records/entities/spaceships/aegs_reclaimer_showdown.xml
AEGS_Reclaimer_Teach,vehicle_NameAEGS_Reclaimer_Teach,vehicle_DescAEGS_Reclaimer_Teach,cf4a74bf-eb2c-462a-9b78-f7f2724c31d2,AEGS,manufacturer_NameAEGS,Spaceship,scripts/entities/vehicles/implementations/xml/aegs_reclaimer.xml,,vehicle_focus_resources,0c06d7fa-963b-4fb3-b9a6-5e03a140bed3,vehicle_class_heavysalvage,1d853480-18dd-41e5-a564-2fffa94ef136,1,50000,1,1,0,6b484768-a49b-47a9-b5ce-814a0e86107b,8224d20b-dd68-4628-87d4-bc9c89d12807,libs/foundry/records/entities/spaceships/aegs_reclaimer_teach.xml
AEGS_Reclaimer_Unmanned_Salvage,vehicle_NameAEGS_Reclaimer,vehicle_DescAEGS_Reclaimer,cf4a74bf-eb2c-462a-9b78-f7f2724c31d2,AEGS,manufacturer_NameAEGS,Spaceship,scripts/entities/vehicles/implementations/xml/aegs_reclaimer.xml,,vehicle_focus_resources,0c06d7fa-963b-4fb3-b9a6-5e03a140bed3,vehicle_class_heavysalvage,1d853480-18dd-41e5-a564-2fffa94ef136,1,50000,1,0,0,6b484768-a49b-47a9-b5ce-814a0e86107b,af5fc1e1-9eb4-4500-9041-2d3e747a99d0,libs/foundry/records/entities/spaceships/aegs_reclaimer_unmanned_salvage.xml
AEGS_Reclaimer,vehicle_NameAEGS_Reclaimer,vehicle_DescAEGS_Reclaimer,cf4a74bf-eb2c-462a-9b78-f7f2724c31d2,AEGS,manufacturer_NameAEGS,Spaceship,scripts/entities/vehicles/implementations/xml/aegs_reclaimer.xml,,vehicle_focus_resources,0c06d7fa-963b-4fb3-b9a6-5e03a140bed3,vehicle_class_heavysalvage,1d853480-18dd-41e5-a564-2fffa94ef136,1,50000,1,1,0,6b484768-a49b-47a9-b5ce-814a0e86107b,f05b74b2-06cf-44d0-8607-c09487359384,libs/foundry/records/entities/spaceships/aegs_reclaimer.xml
AEGS_Redeemer_PU_AI_CIV,vehicle_NameAEGS_Redeemer,vehicle_DescAEGS_Redeemer,cf4a74bf-eb2c-462a-9b78-f7f2724c31d2,AEGS,manufacturer_NameAEGS,Spaceship,Scripts/Entities/Vehicles/Implementations/Xml/AEGS_Redeemer.xml,,vehicle_focus_combat,2bf4345e-cf3c-4ecb-91ce-f9daa8ff47f8,vehicle_class_gunship,45eebee5-956e-45ba-bd75-4866bf47dff3,4,45000,1,1,0,558590e4-49f6-46e8-9182-8253f0c8a578,2d9ea08b-d8d0-44f2-bf1e-6dc004bd1cb1,libs/foundry/records/entities/spaceships/aegs_redeemer_pu_ai_civ.xml
AEGS_Redeemer_PU_AI_CRIM,vehicle_NameAEGS_Redeemer,vehicle_DescAEGS_Redeemer,cf4a74bf-eb2c-462a-9b78-f7f2724c31d2,AEGS,manufacturer_NameAEGS,Spaceship,Scripts/Entities/Vehicles/Implementations/Xml/AEGS_Redeemer.xml,,vehicle_focus_combat,2bf4345e-cf3c-4ecb-91ce-f9daa8ff47f8,vehicle_class_gunship,45eebee5-956e-45ba-bd75-4866bf47dff3,4,45000,1,1,0,558590e4-49f6-46e8-9182-8253f0c8a578,2aa442f4-d36d-4b03-9c54-b49aea2346ec,libs/foundry/records/entities/spaceships/aegs_redeemer_pu_ai_crim.xml
AEGS_Redeemer_Unmanned_Salvage,vehicle_NameAEGS_Redeemer,vehicle_DescAEGS_Redeemer,cf4a74bf-eb2c-462a-9b78-f7f2724c31d2,AEGS,manufacturer_NameAEGS,Spaceship,Scripts/Entities/Vehicles/Implementations/Xml/AEGS_Redeemer.xml,,vehicle_focus_combat,2bf4345e-cf3c-4ecb-91ce-f9daa8ff47f8,vehicle_class_gunship,45eebee5-956e-45ba-bd75-4866bf47dff3,4,45000,1,0,0,558590e4-49f6-46e8-9182-8253f0c8a578,56f5f38a-4615-4da6-bc9e-0b706f596338,libs/foundry/records/entities/spaceships/aegs_redeemer_unmanned_salvage.xml
AEGS_Redeemer,vehicle_NameAEGS_Redeemer,vehicle_DescAEGS_Redeemer,cf4a74bf-eb2c-462a-9b78-f7f2724c31d2,AEGS,manufacturer_NameAEGS,Spaceship,Scripts/Entities/Vehicles/Implementations/Xml/AEGS_Redeemer.xml,,vehicle_focus_combat,2bf4345e-cf3c-4ecb-91ce-f9daa8ff47f8,vehicle_class_gunship,45eebee5-956e-45ba-bd75-4866bf47dff3,4,45000,1,1,0,558590e4-49f6-46e8-9182-8253f0c8a578,9a25d006-5706-4c70-9ac6-df795688fe09,libs/foundry/records/entities/spaceships/aegs_redeemer.xml
AEGS_Retaliator_PU_AI_CRIM,vehicle_NameAEGS_Retaliator,vehicle_DescAEGS_Retaliator,cf4a74bf-eb2c-462a-9b78-f7f2724c31d2,AEGS,manufacturer_NameAEGS,Spaceship,scripts/entities/vehicles/implementations/xml/aegs_retaliator.xml,,vehicle_focus_combat,2bf4345e-cf3c-4ecb-91ce-f9daa8ff47f8,vehicle_class_modular,a5f24fa1-bb18-470a-9bb8-90539df239e3,1,120000,1,1,0,4b2dbad4-ca1c-4016-9d1c-7850f565a160,3189783f-c246-45e6-a76f-d2d923eea1c9,libs/foundry/records/entities/spaceships/aegs_retaliator_pu_ai_crim.xml
AEGS_Retaliator_PU_AI_MTS,vehicle_NameAEGS_Retaliator,vehicle_DescAEGS_Retaliator,cf4a74bf-eb2c-462a-9b78-f7f2724c31d2,AEGS,manufacturer_NameAEGS,Spaceship,scripts/entities/vehicles/implementations/xml/aegs_retaliator.xml,,vehicle_focus_combat,2bf4345e-cf3c-4ecb-91ce-f9daa8ff47f8,vehicle_class_modular,a5f24fa1-bb18-470a-9bb8-90539df239e3,1,120000,1,1,0,4b2dbad4-ca1c-4016-9d1c-7850f565a160,f5100d21-b057-499a-8d6e-1b572824ae60,libs/foundry/records/entities/spaceships/aegs_retaliator_pu_ai_mts.xml
AEGS_Retaliator_PU_AI_UEE,vehicle_NameAEGS_Retaliator,vehicle_DescAEGS_Retaliator,cf4a74bf-eb2c-462a-9b78-f7f2724c31d2,AEGS,manufacturer_NameAEGS,Spaceship,scripts/entities/vehicles/implementations/xml/aegs_retaliator.xml,,vehicle_focus_combat,2bf4345e-cf3c-4ecb-91ce-f9daa8ff47f8,vehicle_class_modular,a5f24fa1-bb18-470a-9bb8-90539df239e3,1,120000,1,1,0,4b2dbad4-ca1c-4016-9d1c-7850f565a160,2ce09178-3864-485d-bf81-cf0646f462d1,libs/foundry/records/entities/spaceships/aegs_retaliator_pu_ai_uee.xml
AEGS_Retaliator_Unmanned_Salvage,vehicle_NameAEGS_Retaliator,vehicle_DescAEGS_Retaliator,cf4a74bf-eb2c-462a-9b78-f7f2724c31d2,AEGS,manufacturer_NameAEGS,Spaceship,scripts/entities/vehicles/implementations/xml/aegs_retaliator.xml,,vehicle_focus_combat,2bf4345e-cf3c-4ecb-91ce-f9daa8ff47f8,vehicle_class_modular,a5f24fa1-bb18-470a-9bb8-90539df239e3,1,120000,1,1,0,4b2dbad4-ca1c-4016-9d1c-7850f565a160,54556f83-e994-4ac7-b248-21bfadd8f285,libs/foundry/records/entities/spaceships/aegs_retaliator_unmanned_salvage.xml
AEGS_Retaliator,vehicle_NameAEGS_Retaliator,vehicle_DescAEGS_Retaliator,cf4a74bf-eb2c-462a-9b78-f7f2724c31d2,AEGS,manufacturer_NameAEGS,Spaceship,scripts/entities/vehicles/implementations/xml/aegs_retaliator.xml,,vehicle_focus_combat,2bf4345e-cf3c-4ecb-91ce-f9daa8ff47f8,vehicle_class_modular,a5f24fa1-bb18-470a-9bb8-90539df239e3,1,120000,1,1,0,4b2dbad4-ca1c-4016-9d1c-7850f565a160,93e1a434-f4fa-43ee-a40c-71bcae5073bc,libs/foundry/records/entities/spaceships/aegs_retaliator.xml
AEGS_Sabre_Comet_PU_AI_CIV,vehicle_NameAEGS_Sabre_Comet,vehicle_DescAEGS_Sabre_Comet,cf4a74bf-eb2c-462a-9b78-f7f2724c31d2,AEGS,manufacturer_NameAEGS,Spaceship,Scripts/Entities/Vehicles/Implementations/Xml/AEGS_Sabre.xml,Comet,vehicle_focus_combat,2bf4345e-cf3c-4ecb-91ce-f9daa8ff47f8,vehicle_class_stealthfighter,3b6af9fe-ef2d-44b2-a0b5-79ecf996066e,1,3500,1,1,0,0be3820b-ee1c-4af1-b585-6d77badd9985,e813b39b-b231-4dc0-8398-43528f1e0665,libs/foundry/records/entities/spaceships/aegs_sabre_comet_pu_ai_civ.xml
AEGS_Sabre_Comet_PU_AI_CRIM,vehicle_NameAEGS_Sabre_Comet,vehicle_DescAEGS_Sabre_Comet,cf4a74bf-eb2c-462a-9b78-f7f2724c31d2,AEGS,manufacturer_NameAEGS,Spaceship,Scripts/Entities/Vehicles/Implementations/Xml/AEGS_Sabre.xml,Comet,vehicle_focus_combat,2bf4345e-cf3c-4ecb-91ce-f9daa8ff47f8,vehicle_class_stealthfighter,3b6af9fe-ef2d-44b2-a0b5-79ecf996066e,1,3500,1,1,0,0be3820b-ee1c-4af1-b585-6d77badd9985,db8123e4-1640-4017-bcb1-aef11e50492a,libs/foundry/records/entities/spaceships/aegs_sabre_comet_pu_ai_crim.xml
AEGS_Sabre_Comet_PU_AI_UEE,vehicle_NameAEGS_Sabre_Comet,vehicle_DescAEGS_Sabre_Comet,cf4a74bf-eb2c-462a-9b78-f7f2724c31d2,AEGS,manufacturer_NameAEGS,Spaceship,Scripts/Entities/Vehicles/Implementations/Xml/AEGS_Sabre.xml,Comet,vehicle_focus_combat,2bf4345e-cf3c-4ecb-91ce-f9daa8ff47f8,vehicle_class_stealthfighter,3b6af9fe-ef2d-44b2-a0b5-79ecf996066e,1,3500,1,1,0,0be3820b-ee1c-4af1-b585-6d77badd9985,8ca80dc6-0fe9-47c0-871a-ede39ea43824,libs/foundry/records/entities/spaceships/aegs_sabre_comet_pu_ai_uee.xml
AEGS_Sabre_Comet,vehicle_NameAEGS_Sabre_Comet,vehicle_DescAEGS_Sabre_Comet,cf4a74bf-eb2c-462a-9b78-f7f2724c31d2,AEGS,manufacturer_NameAEGS,Spaceship,Scripts/Entities/Vehicles/Implementations/Xml/AEGS_Sabre.xml,Comet,vehicle_focus_combat,2bf4345e-cf3c-4ecb-91ce-f9daa8ff47f8,vehicle_class_stealthfighter,3b6af9fe-ef2d-44b2-a0b5-79ecf996066e,1,3500,1,1,0,0be3820b-ee1c-4af1-b585-6d77badd9985,9e4b2b2b-1b5a-4d53-84a2-fe6ed1e43172,libs/foundry/records/entities/spaceships/aegs_sabre_comet.xml
AEGS_Sabre_Firebird_AI_Template,vehicle_NameAEGS_Sabre_Firebird,vehicle_DescAEGS_Sabre_Firebird,cf4a74bf-eb2c-462a-9b78-f7f2724c31d2,AEGS,manufacturer_NameAEGS,Spaceship,Scripts/Entities/Vehicles/Implementations/Xml/AEGS_Sabre_Firebird.xml,,vehicle_focus_combat,2bf4345e-cf3c-4ecb-91ce-f9daa8ff47f8,vehicle_class_stealthfighter,3b6af9fe-ef2d-44b2-a0b5-79ecf996066e,1,2500,1,1,0,0be3820b-ee1c-4af1-b585-6d77badd9985,93e61380-24c7-48c9-a81f-ac823bca755f,libs/foundry/records/entities/spaceships/aegs_sabre_firebird_ai_template.xml
AEGS_Sabre_Firebird_Collector_Milt,vehicle_NameAEGS_Firebird_Collector_Milt,vehicle_DescAEGS_Firebird_Collector_Milt,cf4a74bf-eb2c-462a-9b78-f7f2724c31d2,AEGS,manufacturer_NameAEGS,Spaceship,Scripts/Entities/Vehicles/Implementations/Xml/AEGS_Sabre_Firebird.xml,,vehicle_focus_combat,2bf4345e-cf3c-4ecb-91ce-f9daa8ff47f8,vehicle_class_stealthfighter,3b6af9fe-ef2d-44b2-a0b5-79ecf996066e,1,2500,1,1,0,0be3820b-ee1c-4af1-b585-6d77badd9985,33ba66d8-da04-432b-80b8-566bf6301659,libs/foundry/records/entities/spaceships/aegs_sabre_firebird_collector_milt.xml
AEGS_Sabre_Firebird_PU_AI_CIV,vehicle_NameAEGS_Sabre_Firebird,vehicle_DescAEGS_Sabre_Firebird,cf4a74bf-eb2c-462a-9b78-f7f2724c31d2,AEGS,manufacturer_NameAEGS,Spaceship,Scripts/Entities/Vehicles/Implementations/Xml/AEGS_Sabre_Firebird.xml,,vehicle_focus_combat,2bf4345e-cf3c-4ecb-91ce-f9daa8ff47f8,vehicle_class_stealthfighter,3b6af9fe-ef2d-44b2-a0b5-79ecf996066e,1,2500,1,1,0,0be3820b-ee1c-4af1-b585-6d77badd9985,aa02040b-8008-4cfe-a12f-b9ba7fbf67dc,libs/foundry/records/entities/spaceships/aegs_sabre_firebird_pu_ai_civ.xml
AEGS_Sabre_Firebird_PU_AI_CRIM,vehicle_NameAEGS_Sabre_Firebird,vehicle_DescAEGS_Sabre_Firebird,cf4a74bf-eb2c-462a-9b78-f7f2724c31d2,AEGS,manufacturer_NameAEGS,Spaceship,Scripts/Entities/Vehicles/Implementations/Xml/AEGS_Sabre_Firebird.xml,,vehicle_focus_combat,2bf4345e-cf3c-4ecb-91ce-f9daa8ff47f8,vehicle_class_stealthfighter,3b6af9fe-ef2d-44b2-a0b5-79ecf996066e,1,2500,1,1,0,0be3820b-ee1c-4af1-b585-6d77badd9985,8f6e4a4d-75cd-4eaa-bbda-dbcf06a0a167,libs/foundry/records/entities/spaceships/aegs_sabre_firebird_pu_ai_crim.xml
AEGS_Sabre_Firebird_PU_AI_FF,vehicle_NameAEGS_Sabre_Firebird,vehicle_DescAEGS_Sabre_Firebird,cf4a74bf-eb2c-462a-9b78-f7f2724c31d2,AEGS,manufacturer_NameAEGS,Spaceship,Scripts/Entities/Vehicles/Implementations/Xml/AEGS_Sabre_Firebird.xml,,vehicle_focus_combat,2bf4345e-cf3c-4ecb-91ce-f9daa8ff47f8,vehicle_class_stealthfighter,3b6af9fe-ef2d-44b2-a0b5-79ecf996066e,1,2500,1,1,0,0be3820b-ee1c-4af1-b585-6d77badd9985,b48b9457-2aad-4e4d-99b1-c8eeacf0a22b,libs/foundry/records/entities/spaceships/aegs_sabre_firebird_pu_ai_ff.xml
AEGS_Sabre_Firebird,vehicle_NameAEGS_Sabre_Firebird,vehicle_DescAEGS_Sabre_Firebird,cf4a74bf-eb2c-462a-9b78-f7f2724c31d2,AEGS,manufacturer_NameAEGS,Spaceship,Scripts/Entities/Vehicles/Implementations/Xml/AEGS_Sabre_Firebird.xml,,vehicle_focus_combat,2bf4345e-cf3c-4ecb-91ce-f9daa8ff47f8,vehicle_class_stealthfighter,3b6af9fe-ef2d-44b2-a0b5-79ecf996066e,1,2500,1,1,0,0be3820b-ee1c-4af1-b585-6d77badd9985,b9bc6679-81ad-472b-8b98-866c72fe6a89,libs/foundry/records/entities/spaceships/aegs_sabre_firebird.xml
AEGS_Sabre_Peregrine_Collector_Competition,vehicle_NameAEGS_Sabre_Peregrine_Collector_Competition,vehicle_DescAEGS_Sabre_Peregrine_Collector_Competition,cf4a74bf-eb2c-462a-9b78-f7f2724c31d2,AEGS,manufacturer_NameAEGS,Spaceship,Scripts/Entities/Vehicles/Implementations/Xml/AEGS_Sabre_Peregrine.xml,,vehicle_focus_competition,0f148cb8-74eb-45fa-bd77-82a756fa4b36,vehicle_class_racing,42c95b15-5e41-4c2d-a342-8df0aa82ae3b,1,2400,1,1,0,0be3820b-ee1c-4af1-b585-6d77badd9985,a6952b66-a5c5-4550-9fb3-4432e8612d24,libs/foundry/records/entities/spaceships/aegs_sabre_peregrine_collector_competition.xml
AEGS_Sabre_Peregrine,vehicle_NameAEGS_Sabre_Peregrine,vehicle_DescAEGS_Sabre_Peregrine,cf4a74bf-eb2c-462a-9b78-f7f2724c31d2,AEGS,manufacturer_NameAEGS,Spaceship,Scripts/Entities/Vehicles/Implementations/Xml/AEGS_Sabre_Peregrine.xml,,vehicle_focus_competition,0f148cb8-74eb-45fa-bd77-82a756fa4b36,vehicle_class_racing,42c95b15-5e41-4c2d-a342-8df0aa82ae3b,1,2400,1,1,0,0be3820b-ee1c-4af1-b585-6d77badd9985,ac7ec306-b272-432e-8284-491da614419c,libs/foundry/records/entities/spaceships/aegs_sabre_peregrine.xml
AEGS_Sabre_PU_AI_CIV,vehicle_NameAEGS_Sabre,vehicle_DescAEGS_Sabre,cf4a74bf-eb2c-462a-9b78-f7f2724c31d2,AEGS,manufacturer_NameAEGS,Spaceship,Scripts/Entities/Vehicles/Implementations/Xml/AEGS_Sabre.xml,,vehicle_focus_combat,2bf4345e-cf3c-4ecb-91ce-f9daa8ff47f8,vehicle_class_stealthfighter,3b6af9fe-ef2d-44b2-a0b5-79ecf996066e,1,3500,1,1,0,0be3820b-ee1c-4af1-b585-6d77badd9985,8054b688-4482-4614-8dea-248bec063d23,libs/foundry/records/entities/spaceships/aegs_sabre_pu_ai_civ.xml
AEGS_Sabre_PU_AI_CRIM,vehicle_NameAEGS_Sabre,vehicle_DescAEGS_Sabre,cf4a74bf-eb2c-462a-9b78-f7f2724c31d2,AEGS,manufacturer_NameAEGS,Spaceship,Scripts/Entities/Vehicles/Implementations/Xml/AEGS_Sabre.xml,,vehicle_focus_combat,2bf4345e-cf3c-4ecb-91ce-f9daa8ff47f8,vehicle_class_stealthfighter,3b6af9fe-ef2d-44b2-a0b5-79ecf996066e,1,3500,1,1,0,0be3820b-ee1c-4af1-b585-6d77badd9985,a20b6d92-e097-42b1-922b-205ea5668883,libs/foundry/records/entities/spaceships/aegs_sabre_pu_ai_crim.xml
AEGS_Sabre_PU_AI_SEC_BlacJac,vehicle_NameAEGS_Sabre,vehicle_DescAEGS_Sabre,cf4a74bf-eb2c-462a-9b78-f7f2724c31d2,AEGS,manufacturer_NameAEGS,Spaceship,Scripts/Entities/Vehicles/Implementations/Xml/AEGS_Sabre.xml,,vehicle_focus_combat,2bf4345e-cf3c-4ecb-91ce-f9daa8ff47f8,vehicle_class_stealthfighter,3b6af9fe-ef2d-44b2-a0b5-79ecf996066e,1,3500,1,1,0,0be3820b-ee1c-4af1-b585-6d77badd9985,7200f107-18f5-4f32-a5f9-4e1edfb39b97,libs/foundry/records/entities/spaceships/aegs_sabre_pu_ai_sec_blacjac.xml
AEGS_Sabre_PU_AI_SEC_Hurston,vehicle_NameAEGS_Sabre,vehicle_DescAEGS_Sabre,cf4a74bf-eb2c-462a-9b78-f7f2724c31d2,AEGS,manufacturer_NameAEGS,Spaceship,Scripts/Entities/Vehicles/Implementations/Xml/AEGS_Sabre.xml,,vehicle_focus_combat,2bf4345e-cf3c-4ecb-91ce-f9daa8ff47f8,vehicle_class_stealthfighter,3b6af9fe-ef2d-44b2-a0b5-79ecf996066e,1,3500,1,1,0,0be3820b-ee1c-4af1-b585-6d77badd9985,073b0311-dd4e-4c57-a504-c1c90c049fb5,libs/foundry/records/entities/spaceships/aegs_sabre_pu_ai_sec_hurston.xml
AEGS_Sabre_PU_AI_UEE,vehicle_NameAEGS_Sabre,vehicle_DescAEGS_Sabre,cf4a74bf-eb2c-462a-9b78-f7f2724c31d2,AEGS,manufacturer_NameAEGS,Spaceship,Scripts/Entities/Vehicles/Implementations/Xml/AEGS_Sabre.xml,,vehicle_focus_combat,2bf4345e-cf3c-4ecb-91ce-f9daa8ff47f8,vehicle_class_stealthfighter,3b6af9fe-ef2d-44b2-a0b5-79ecf996066e,1,3500,1,1,0,0be3820b-ee1c-4af1-b585-6d77badd9985,63e1ba93-547f-472e-bf36-e303353b2bbe,libs/foundry/records/entities/spaceships/aegs_sabre_pu_ai_uee.xml
AEGS_Sabre_PU_AI_Xenothreat,vehicle_NameAEGS_Sabre,vehicle_DescAEGS_Sabre,cf4a74bf-eb2c-462a-9b78-f7f2724c31d2,AEGS,manufacturer_NameAEGS,Spaceship,Scripts/Entities/Vehicles/Implementations/Xml/AEGS_Sabre.xml,,vehicle_focus_combat,2bf4345e-cf3c-4ecb-91ce-f9daa8ff47f8,vehicle_class_stealthfighter,3b6af9fe-ef2d-44b2-a0b5-79ecf996066e,1,3500,1,1,0,0be3820b-ee1c-4af1-b585-6d77badd9985,ca748ce4-8827-496e-ad00-0704bea15635,libs/foundry/records/entities/spaceships/aegs_sabre_pu_ai_xenothreat.xml
AEGS_Sabre_Raven_PU_AI_CIV,vehicle_NameAEGS_Sabre_Raven,vehicle_DescAEGS_Sabre_Raven,cf4a74bf-eb2c-462a-9b78-f7f2724c31d2,AEGS,manufacturer_NameAEGS,Spaceship,Scripts/Entities/Vehicles/Implementations/Xml/AEGS_Sabre_Raven.xml,,vehicle_focus_combat,2bf4345e-cf3c-4ecb-91ce-f9daa8ff47f8,vehicle_class_interdiction,d19a9502-6806-4b0d-bc73-ea4a915bfff3,1,3500,1,1,0,0be3820b-ee1c-4af1-b585-6d77badd9985,40c67bf0-1e46-4b63-8de7-d773fe991532,libs/foundry/records/entities/spaceships/aegs_sabre_raven_pu_ai_civ.xml
AEGS_Sabre_Raven_PU_AI_CRIM,vehicle_NameAEGS_Sabre_Raven,vehicle_DescAEGS_Sabre_Raven,cf4a74bf-eb2c-462a-9b78-f7f2724c31d2,AEGS,manufacturer_NameAEGS,Spaceship,Scripts/Entities/Vehicles/Implementations/Xml/AEGS_Sabre_Raven.xml,,vehicle_focus_combat,2bf4345e-cf3c-4ecb-91ce-f9daa8ff47f8,vehicle_class_interdiction,d19a9502-6806-4b0d-bc73-ea4a915bfff3,1,3500,1,1,0,0be3820b-ee1c-4af1-b585-6d77badd9985,f5b1a7b9-6b59-4d81-a48b-451beeaf2e1a,libs/foundry/records/entities/spaceships/aegs_sabre_raven_pu_ai_crim.xml
AEGS_Sabre_Raven,vehicle_NameAEGS_Sabre_Raven,vehicle_DescAEGS_Sabre_Raven,cf4a74bf-eb2c-462a-9b78-f7f2724c31d2,AEGS,manufacturer_NameAEGS,Spaceship,Scripts/Entities/Vehicles/Implementations/Xml/AEGS_Sabre_Raven.xml,,vehicle_focus_combat,2bf4345e-cf3c-4ecb-91ce-f9daa8ff47f8,vehicle_class_interdiction,d19a9502-6806-4b0d-bc73-ea4a915bfff3,1,3500,1,1,0,0be3820b-ee1c-4af1-b585-6d77badd9985,34615358-6b8e-4c27-b29e-f936e254e2a3,libs/foundry/records/entities/spaceships/aegs_sabre_raven.xml
AEGS_Sabre_Unmanned_Salvage,vehicle_NameAEGS_Sabre,vehicle_DescAEGS_Sabre,cf4a74bf-eb2c-462a-9b78-f7f2724c31d2,AEGS,manufacturer_NameAEGS,Spaceship,Scripts/Entities/Vehicles/Implementations/Xml/AEGS_Sabre.xml,,vehicle_focus_combat,2bf4345e-cf3c-4ecb-91ce-f9daa8ff47f8,vehicle_class_stealthfighter,3b6af9fe-ef2d-44b2-a0b5-79ecf996066e,1,3500,1,1,0,0be3820b-ee1c-4af1-b585-6d77badd9985,552ecdd4-5217-4999-afbe-b6ba8ef46ace,libs/foundry/records/entities/spaceships/aegs_sabre_unmanned_salvage.xml
AEGS_Sabre,vehicle_NameAEGS_Sabre,vehicle_DescAEGS_Sabre,cf4a74bf-eb2c-462a-9b78-f7f2724c31d2,AEGS,manufacturer_NameAEGS,Spaceship,Scripts/Entities/Vehicles/Implementations/Xml/AEGS_Sabre.xml,,vehicle_focus_combat,2bf4345e-cf3c-4ecb-91ce-f9daa8ff47f8,vehicle_class_stealthfighter,3b6af9fe-ef2d-44b2-a0b5-79ecf996066e,1,3500,1,1,0,0be3820b-ee1c-4af1-b585-6d77badd9985,17276ad3-7636-40b8-969a-877a2b439b37,libs/foundry/records/entities/spaceships/aegs_sabre.xml
AEGS_Tiburon,vehicle_NameAEGS_Tiburon,vehicle_DescAEGS_Tiburon,cf4a74bf-eb2c-462a-9b78-f7f2724c31d2,AEGS,manufacturer_NameAEGS,Spaceship,Scripts/Entities/Vehicles/Implementations/Xml/aegs_tiburon.xml,,vehicle_focus_combat,2bf4345e-cf3c-4ecb-91ce-f9daa8ff47f8,item_ShipFocus_HeavyGunship,2eacf280-e5d7-4412-bac5-9237304095f7,7,2500,1,1,0,405c46f7-e3e1-4ac1-8a77-03287e1de5a2,58544d8c-f000-47a4-9ec6-ad663dbd8ff0,libs/foundry/records/entities/spaceships/aegs_tiburon.xml
AEGS_Vanguard_EA_AI_PIR,vehicle_NameAEGS_Vanguard,vehicle_DescAEGS_Vanguard,cf4a74bf-eb2c-462a-9b78-f7f2724c31d2,AEGS,manufacturer_NameAEGS,Spaceship,Scripts/Entities/Vehicles/Implementations/Xml/AEGS_Vanguard.xml,,vehicle_focus_combat,2bf4345e-cf3c-4ecb-91ce-f9daa8ff47f8,vehicle_class_heavyfighter,b9fdb132-72dd-48e4-8fd6-64a4b74595d7,1,10000,1,1,0,608d3834-64e0-4982-be7b-3e3dc9cf7b00,6595be21-f780-487e-bd1d-734d5d102e5d,libs/foundry/records/entities/spaceships/aegs_vanguard_ea_ai_pir.xml
AEGS_Vanguard_Harbinger_PU_AI_CIV,vehicle_NameAEGS_Vanguard_Harbinger,vehicle_DescAEGS_Vanguard_Harbinger,cf4a74bf-eb2c-462a-9b78-f7f2724c31d2,AEGS,manufacturer_NameAEGS,Spaceship,Scripts/Entities/Vehicles/Implementations/Xml/AEGS_Vanguard.xml,Harbinger,vehicle_focus_combat,2bf4345e-cf3c-4ecb-91ce-f9daa8ff47f8,vehicle_class_heavyfighterbomber,9bf514b2-58ce-4d67-af45-673198a29916,1,10000,1,1,0,708bb8e3-8776-48bd-84e5-3a54441cdaf8,c0b4184f-aeef-464d-9eff-6bdcd397a5a4,libs/foundry/records/entities/spaceships/aegs_vanguard_harbinger_pu_ai_civ.xml
AEGS_Vanguard_Harbinger_PU_AI_CRIM,vehicle_NameAEGS_Vanguard_Harbinger,vehicle_DescAEGS_Vanguard_Harbinger,cf4a74bf-eb2c-462a-9b78-f7f2724c31d2,AEGS,manufacturer_NameAEGS,Spaceship,Scripts/Entities/Vehicles/Implementations/Xml/AEGS_Vanguard.xml,Harbinger,vehicle_focus_combat,2bf4345e-cf3c-4ecb-91ce-f9daa8ff47f8,vehicle_class_heavyfighterbomber,9bf514b2-58ce-4d67-af45-673198a29916,1,10000,1,1,0,708bb8e3-8776-48bd-84e5-3a54441cdaf8,39c0eed1-8fa2-4da4-9cc7-34f6bd2fa35d,libs/foundry/records/entities/spaceships/aegs_vanguard_harbinger_pu_ai_crim.xml
AEGS_Vanguard_Harbinger_Unmanned_Salvage,vehicle_NameAEGS_Vanguard_Harbinger,vehicle_DescAEGS_Vanguard_Harbinger,cf4a74bf-eb2c-462a-9b78-f7f2724c31d2,AEGS,manufacturer_NameAEGS,Spaceship,Scripts/Entities/Vehicles/Implementations/Xml/AEGS_Vanguard.xml,Harbinger,vehicle_focus_combat,2bf4345e-cf3c-4ecb-91ce-f9daa8ff47f8,vehicle_class_heavyfighterbomber,9bf514b2-58ce-4d67-af45-673198a29916,1,10000,1,0,0,708bb8e3-8776-48bd-84e5-3a54441cdaf8,d36546b6-5154-44a0-8226-e7fef44f2c37,libs/foundry/records/entities/spaceships/aegs_vanguard_harbinger_unmanned_salvage.xml
AEGS_Vanguard_Harbinger,vehicle_NameAEGS_Vanguard_Harbinger,vehicle_DescAEGS_Vanguard_Harbinger,cf4a74bf-eb2c-462a-9b78-f7f2724c31d2,AEGS,manufacturer_NameAEGS,Spaceship,Scripts/Entities/Vehicles/Implementations/Xml/AEGS_Vanguard.xml,Harbinger,vehicle_focus_combat,2bf4345e-cf3c-4ecb-91ce-f9daa8ff47f8,vehicle_class_heavyfighterbomber,9bf514b2-58ce-4d67-af45-673198a29916,1,10000,1,1,0,708bb8e3-8776-48bd-84e5-3a54441cdaf8,34295443-da9b-4e6c-9335-69d5f3b29a88,libs/foundry/records/entities/spaceships/aegs_vanguard_harbinger.xml
AEGS_Vanguard_Hoplite_PU_AI_CIV,vehicle_NameAEGS_Vanguard_Hoplite,vehicle_DescAEGS_Vanguard_Hoplite,cf4a74bf-eb2c-462a-9b78-f7f2724c31d2,AEGS,manufacturer_NameAEGS,Spaceship,Scripts/Entities/Vehicles/Implementations/Xml/AEGS_Vanguard.xml,Hoplite,vehicle_focus_combat,2bf4345e-cf3c-4ecb-91ce-f9daa8ff47f8,vehicle_class_dropship,6bb18c06-2cb7-46a2-a9b0-46ba37604073,1,30000,1,1,0,f47172bd-2b36-46e2-b54d-46812e9f025b,48a766ad-1b55-404f-af57-78a4ddfb368a,libs/foundry/records/entities/spaceships/aegs_vanguard_hoplite_pu_ai_civ.xml
AEGS_Vanguard_Hoplite_PU_AI_CRIM,vehicle_NameAEGS_Vanguard_Hoplite,vehicle_DescAEGS_Vanguard_Hoplite,cf4a74bf-eb2c-462a-9b78-f7f2724c31d2,AEGS,manufacturer_NameAEGS,Spaceship,Scripts/Entities/Vehicles/Implementations/Xml/AEGS_Vanguard.xml,Hoplite,vehicle_focus_combat,2bf4345e-cf3c-4ecb-91ce-f9daa8ff47f8,vehicle_class_dropship,6bb18c06-2cb7-46a2-a9b0-46ba37604073,1,30000,1,1,0,f47172bd-2b36-46e2-b54d-46812e9f025b,af433310-7f2c-4ea5-9a31-5e7081aa9642,libs/foundry/records/entities/spaceships/aegs_vanguard_hoplite_pu_ai_crim.xml
AEGS_Vanguard_Hoplite_Unmanned_Salvage,vehicle_NameAEGS_Vanguard_Hoplite,vehicle_DescAEGS_Vanguard_Hoplite,cf4a74bf-eb2c-462a-9b78-f7f2724c31d2,AEGS,manufacturer_NameAEGS,Spaceship,Scripts/Entities/Vehicles/Implementations/Xml/AEGS_Vanguard.xml,Hoplite,vehicle_focus_combat,2bf4345e-cf3c-4ecb-91ce-f9daa8ff47f8,vehicle_class_dropship,6bb18c06-2cb7-46a2-a9b0-46ba37604073,1,30000,1,1,0,f47172bd-2b36-46e2-b54d-46812e9f025b,c994d82c-45a9-41d1-ac88-bd3ecfb02231,libs/foundry/records/entities/spaceships/aegs_vanguard_hoplite_unmanned_salvage.xml
AEGS_Vanguard_Hoplite,vehicle_NameAEGS_Vanguard_Hoplite,vehicle_DescAEGS_Vanguard_Hoplite,cf4a74bf-eb2c-462a-9b78-f7f2724c31d2,AEGS,manufacturer_NameAEGS,Spaceship,Scripts/Entities/Vehicles/Implementations/Xml/AEGS_Vanguard.xml,Hoplite,vehicle_focus_combat,2bf4345e-cf3c-4ecb-91ce-f9daa8ff47f8,vehicle_class_dropship,6bb18c06-2cb7-46a2-a9b0-46ba37604073,1,30000,1,1,0,f47172bd-2b36-46e2-b54d-46812e9f025b,f80d39f3-50fc-4fca-ada1-76de4c237e3f,libs/foundry/records/entities/spaceships/aegs_vanguard_hoplite.xml
AEGS_Vanguard_PU_AI_CIV,vehicle_NameAEGS_Vanguard,vehicle_DescAEGS_Vanguard,cf4a74bf-eb2c-462a-9b78-f7f2724c31d2,AEGS,manufacturer_NameAEGS,Spaceship,Scripts/Entities/Vehicles/Implementations/Xml/AEGS_Vanguard.xml,,vehicle_focus_combat,2bf4345e-cf3c-4ecb-91ce-f9daa8ff47f8,vehicle_class_heavyfighter,b9fdb132-72dd-48e4-8fd6-64a4b74595d7,1,10000,1,1,0,608d3834-64e0-4982-be7b-3e3dc9cf7b00,353f3c81-924d-4628-b00e-4c4cf49bced7,libs/foundry/records/entities/spaceships/aegs_vanguard_pu_ai_civ.xml
AEGS_Vanguard_PU_AI_CRIM,vehicle_NameAEGS_Vanguard,vehicle_DescAEGS_Vanguard,cf4a74bf-eb2c-462a-9b78-f7f2724c31d2,AEGS,manufacturer_NameAEGS,Spaceship,Scripts/Entities/Vehicles/Implementations/Xml/AEGS_Vanguard.xml,,vehicle_focus_combat,2bf4345e-cf3c-4ecb-91ce-f9daa8ff47f8,vehicle_class_heavyfighter,b9fdb132-72dd-48e4-8fd6-64a4b74595d7,1,10000,1,1,0,608d3834-64e0-4982-be7b-3e3dc9cf7b00,5b80ccf3-72dc-4662-a3be-fe06f16f4607,libs/foundry/records/entities/spaceships/aegs_vanguard_pu_ai_crim.xml
AEGS_Vanguard_PU_AI_SEC_BlacJac,vehicle_NameAEGS_Vanguard,vehicle_DescAEGS_Vanguard,cf4a74bf-eb2c-462a-9b78-f7f2724c31d2,AEGS,manufacturer_NameAEGS,Spaceship,Scripts/Entities/Vehicles/Implementations/Xml/AEGS_Vanguard.xml,,vehicle_focus_combat,2bf4345e-cf3c-4ecb-91ce-f9daa8ff47f8,vehicle_class_heavyfighter,b9fdb132-72dd-48e4-8fd6-64a4b74595d7,1,10000,1,1,0,608d3834-64e0-4982-be7b-3e3dc9cf7b00,41900849-5f91-4096-b5c0-046fc604d157,libs/foundry/records/entities/spaceships/aegs_vanguard_pu_ai_sec_blacjac.xml
AEGS_Vanguard_PU_AI_SEC_Crusader,vehicle_NameAEGS_Vanguard,vehicle_DescAEGS_Vanguard,cf4a74bf-eb2c-462a-9b78-f7f2724c31d2,AEGS,manufacturer_NameAEGS,Spaceship,Scripts/Entities/Vehicles/Implementations/Xml/AEGS_Vanguard.xml,,vehicle_focus_combat,2bf4345e-cf3c-4ecb-91ce-f9daa8ff47f8,vehicle_class_heavyfighter,b9fdb132-72dd-48e4-8fd6-64a4b74595d7,1,10000,1,1,0,608d3834-64e0-4982-be7b-3e3dc9cf7b00,fcc3f136-7046-4d75-a431-3ab778bb88e5,libs/foundry/records/entities/spaceships/aegs_vanguard_pu_ai_sec_crusader.xml
AEGS_Vanguard_PU_AI_SEC_Hurston,vehicle_NameAEGS_Vanguard,vehicle_DescAEGS_Vanguard,cf4a74bf-eb2c-462a-9b78-f7f2724c31d2,AEGS,manufacturer_NameAEGS,Spaceship,Scripts/Entities/Vehicles/Implementations/Xml/AEGS_Vanguard.xml,,vehicle_focus_combat,2bf4345e-cf3c-4ecb-91ce-f9daa8ff47f8,vehicle_class_heavyfighter,b9fdb132-72dd-48e4-8fd6-64a4b74595d7,1,10000,1,1,0,608d3834-64e0-4982-be7b-3e3dc9cf7b00,c901cefb-be66-496b-8e39-839de5865cfe,libs/foundry/records/entities/spaceships/aegs_vanguard_pu_ai_sec_hurston.xml
AEGS_Vanguard_PU_AI_UEE,vehicle_NameAEGS_Vanguard,vehicle_DescAEGS_Vanguard,cf4a74bf-eb2c-462a-9b78-f7f2724c31d2,AEGS,manufacturer_NameAEGS,Spaceship,Scripts/Entities/Vehicles/Implementations/Xml/AEGS_Vanguard.xml,,vehicle_focus_combat,2bf4345e-cf3c-4ecb-91ce-f9daa8ff47f8,vehicle_class_heavyfighter,b9fdb132-72dd-48e4-8fd6-64a4b74595d7,1,10000,1,1,0,608d3834-64e0-4982-be7b-3e3dc9cf7b00,1c953772-c21c-4af0-b055-2645e056efa1,libs/foundry/records/entities/spaceships/aegs_vanguard_pu_ai_uee.xml
AEGS_Vanguard_PU_AI_Xenothreat,vehicle_NameAEGS_Vanguard,vehicle_DescAEGS_Vanguard,cf4a74bf-eb2c-462a-9b78-f7f2724c31d2,AEGS,manufacturer_NameAEGS,Spaceship,Scripts/Entities/Vehicles/Implementations/Xml/AEGS_Vanguard.xml,,vehicle_focus_combat,2bf4345e-cf3c-4ecb-91ce-f9daa8ff47f8,vehicle_class_heavyfighter,b9fdb132-72dd-48e4-8fd6-64a4b74595d7,1,10000,1,1,0,608d3834-64e0-4982-be7b-3e3dc9cf7b00,a37fb72e-cbf4-4660-a7c1-723dfb9db63e,libs/foundry/records/entities/spaceships/aegs_vanguard_pu_ai_xenothreat.xml
AEGS_Vanguard_Sentinel_PU_AI_CIV,vehicle_NameAEGS_Vanguard_Sentinel,vehicle_DescAEGS_Vanguard_Sentinel,cf4a74bf-eb2c-462a-9b78-f7f2724c31d2,AEGS,manufacturer_NameAEGS,Spaceship,scripts/entities/vehicles/implementations/xml/aegs_vanguard.xml,Sentinel,vehicle_focus_combat,2bf4345e-cf3c-4ecb-91ce-f9daa8ff47f8,vehicle_class_heavyfighterbomber,9bf514b2-58ce-4d67-af45-673198a29916,1,10000,1,1,0,7086d297-ed4e-4444-8c57-5839a5e2c831,22400ae6-51b9-4ff6-af15-b97a7b9084a1,libs/foundry/records/entities/spaceships/aegs_vanguard_sentinel_pu_ai_civ.xml
AEGS_Vanguard_Sentinel_PU_AI_CRIM,vehicle_NameAEGS_Vanguard_Sentinel,vehicle_DescAEGS_Vanguard_Sentinel,cf4a74bf-eb2c-462a-9b78-f7f2724c31d2,AEGS,manufacturer_NameAEGS,Spaceship,scripts/entities/vehicles/implementations/xml/aegs_vanguard.xml,Sentinel,vehicle_focus_combat,2bf4345e-cf3c-4ecb-91ce-f9daa8ff47f8,vehicle_class_heavyfighterbomber,9bf514b2-58ce-4d67-af45-673198a29916,1,10000,1,1,0,7086d297-ed4e-4444-8c57-5839a5e2c831,8efe3f63-a348-4ebb-bdab-aa20ebf35bf8,libs/foundry/records/entities/spaceships/aegs_vanguard_sentinel_pu_ai_crim.xml
AEGS_Vanguard_Sentinel_Unmanned_Salvage,vehicle_NameAEGS_Vanguard_Sentinel,vehicle_DescAEGS_Vanguard_Sentinel,cf4a74bf-eb2c-462a-9b78-f7f2724c31d2,AEGS,manufacturer_NameAEGS,Spaceship,scripts/entities/vehicles/implementations/xml/aegs_vanguard.xml,Sentinel,vehicle_focus_combat,2bf4345e-cf3c-4ecb-91ce-f9daa8ff47f8,vehicle_class_heavyfighterbomber,9bf514b2-58ce-4d67-af45-673198a29916,1,10000,1,0,0,7086d297-ed4e-4444-8c57-5839a5e2c831,7ab73287-a4cf-489a-a8f9-06208b90e90a,libs/foundry/records/entities/spaceships/aegs_vanguard_sentinel_unmanned_salvage.xml
AEGS_Vanguard_Sentinel,vehicle_NameAEGS_Vanguard_Sentinel,vehicle_DescAEGS_Vanguard_Sentinel,cf4a74bf-eb2c-462a-9b78-f7f2724c31d2,AEGS,manufacturer_NameAEGS,Spaceship,scripts/entities/vehicles/implementations/xml/aegs_vanguard.xml,Sentinel,vehicle_focus_combat,2bf4345e-cf3c-4ecb-91ce-f9daa8ff47f8,vehicle_class_heavyfighterbomber,9bf514b2-58ce-4d67-af45-673198a29916,1,10000,1,1,0,7086d297-ed4e-4444-8c57-5839a5e2c831,8aa6a16e-6c06-4db8-ac6d-165f97bf2565,libs/foundry/records/entities/spaceships/aegs_vanguard_sentinel.xml
AEGS_Vanguard_Unmanned_Salvage,vehicle_NameAEGS_Vanguard,vehicle_DescAEGS_Vanguard,cf4a74bf-eb2c-462a-9b78-f7f2724c31d2,AEGS,manufacturer_NameAEGS,Spaceship,Scripts/Entities/Vehicles/Implementations/Xml/AEGS_Vanguard.xml,,vehicle_focus_combat,2bf4345e-cf3c-4ecb-91ce-f9daa8ff47f8,vehicle_class_heavyfighter,b9fdb132-72dd-48e4-8fd6-64a4b74595d7,1,10000,1,1,0,608d3834-64e0-4982-be7b-3e3dc9cf7b00,b189cf8b-d863-423d-b678-d3a91023417a,libs/foundry/records/entities/spaceships/aegs_vanguard_unmanned_salvage.xml
AEGS_Vanguard,vehicle_NameAEGS_Vanguard,vehicle_DescAEGS_Vanguard,cf4a74bf-eb2c-462a-9b78-f7f2724c31d2,AEGS,manufacturer_NameAEGS,Spaceship,Scripts/Entities/Vehicles/Implementations/Xml/AEGS_Vanguard.xml,,vehicle_focus_combat,2bf4345e-cf3c-4ecb-91ce-f9daa8ff47f8,vehicle_class_heavyfighter,b9fdb132-72dd-48e4-8fd6-64a4b74595d7,1,10000,1,1,0,608d3834-64e0-4982-be7b-3e3dc9cf7b00,a8208d11-32d4-4a4a-82c4-fd7f498b2ae6,libs/foundry/records/entities/spaceships/aegs_vanguard.xml
ANVL_Arrow_PU_AI_CIV,vehicle_NameANVL_Arrow,vehicle_DescANVL_Arrow,b922abdb-0634-4358-9eee-60118f3cf3a7,ANVL,manufacturer_NameANVL,Spaceship,scripts/entities/vehicles/implementations/xml/anvl_arrow.xml,,vehicle_focus_combat,2bf4345e-cf3c-4ecb-91ce-f9daa8ff47f8,vehicle_class_lightfighter,bf73e515-0e01-409e-84fb-acbef27e1686,1,2000,1,1,0,993d5741-64a2-46df-9095-25ad42900d9f,664f746b-70d3-4918-b52c-51b26e96332c,libs/foundry/records/entities/spaceships/anvl_arrow_pu_ai_civ.xml
ANVL_Arrow_PU_AI_CRIM_Distortion,vehicle_NameANVL_Arrow,vehicle_DescANVL_Arrow,b922abdb-0634-4358-9eee-60118f3cf3a7,ANVL,manufacturer_NameANVL,Spaceship,scripts/entities/vehicles/implementations/xml/anvl_arrow.xml,,vehicle_focus_combat,2bf4345e-cf3c-4ecb-91ce-f9daa8ff47f8,vehicle_class_lightfighter,bf73e515-0e01-409e-84fb-acbef27e1686,1,2000,1,1,0,993d5741-64a2-46df-9095-25ad42900d9f,1339172f-aefe-413d-86e4-cbde02576c5f,libs/foundry/records/entities/spaceships/anvl_arrow_pu_ai_crim_distortion.xml
ANVL_Arrow_PU_AI_CRIM,vehicle_NameANVL_Arrow,vehicle_DescANVL_Arrow,b922abdb-0634-4358-9eee-60118f3cf3a7,ANVL,manufacturer_NameANVL,Spaceship,scripts/entities/vehicles/implementations/xml/anvl_arrow.xml,,vehicle_focus_combat,2bf4345e-cf3c-4ecb-91ce-f9daa8ff47f8,vehicle_class_lightfighter,bf73e515-0e01-409e-84fb-acbef27e1686,1,2000,1,1,0,993d5741-64a2-46df-9095-25ad42900d9f,1e2ad77d-6a9b-44f6-9773-e08040fcf0cd,libs/foundry/records/entities/spaceships/anvl_arrow_pu_ai_crim.xml
ANVL_Arrow_PU_AI_FF,vehicle_NameANVL_Arrow,vehicle_DescANVL_Arrow,b922abdb-0634-4358-9eee-60118f3cf3a7,ANVL,manufacturer_NameANVL,Spaceship,scripts/entities/vehicles/implementations/xml/anvl_arrow.xml,,vehicle_focus_combat,2bf4345e-cf3c-4ecb-91ce-f9daa8ff47f8,vehicle_class_lightfighter,bf73e515-0e01-409e-84fb-acbef27e1686,1,2000,1,1,0,993d5741-64a2-46df-9095-25ad42900d9f,02164012-47e9-480d-b2ab-b03153435a50,libs/foundry/records/entities/spaceships/anvl_arrow_pu_ai_ff.xml
ANVL_Arrow_PU_AI_SEC_BlacJac,vehicle_NameANVL_Arrow,vehicle_DescANVL_Arrow,b922abdb-0634-4358-9eee-60118f3cf3a7,ANVL,manufacturer_NameANVL,Spaceship,scripts/entities/vehicles/implementations/xml/anvl_arrow.xml,,vehicle_focus_combat,2bf4345e-cf3c-4ecb-91ce-f9daa8ff47f8,vehicle_class_lightfighter,bf73e515-0e01-409e-84fb-acbef27e1686,1,2000,1,1,0,993d5741-64a2-46df-9095-25ad42900d9f,9bba363b-aefc-4cda-ad7a-fe00fd3ae511,libs/foundry/records/entities/spaceships/anvl_arrow_pu_ai_sec_blacjac.xml
ANVL_Arrow_PU_AI_Xenothreat,vehicle_NameANVL_Arrow,vehicle_DescANVL_Arrow,b922abdb-0634-4358-9eee-60118f3cf3a7,ANVL,manufacturer_NameANVL,Spaceship,scripts/entities/vehicles/implementations/xml/anvl_arrow.xml,,vehicle_focus_combat,2bf4345e-cf3c-4ecb-91ce-f9daa8ff47f8,vehicle_class_lightfighter,bf73e515-0e01-409e-84fb-acbef27e1686,1,2000,1,1,0,993d5741-64a2-46df-9095-25ad42900d9f,513f4467-59b5-4736-b1cd-b4e130e4756f,libs/foundry/records/entities/spaceships/anvl_arrow_pu_ai_xenothreat.xml
ANVL_Arrow_Unmanned_Salvage,vehicle_NameANVL_Arrow,vehicle_DescANVL_Arrow,b922abdb-0634-4358-9eee-60118f3cf3a7,ANVL,manufacturer_NameANVL,Spaceship,scripts/entities/vehicles/implementations/xml/anvl_arrow.xml,,vehicle_focus_combat,2bf4345e-cf3c-4ecb-91ce-f9daa8ff47f8,vehicle_class_lightfighter,bf73e515-0e01-409e-84fb-acbef27e1686,1,2000,1,1,0,993d5741-64a2-46df-9095-25ad42900d9f,28aec895-e2c3-4a45-8444-8dc8fa3a82f4,libs/foundry/records/entities/spaceships/anvl_arrow_unmanned_salvage.xml
ANVL_Arrow,vehicle_NameANVL_Arrow,vehicle_DescANVL_Arrow,b922abdb-0634-4358-9eee-60118f3cf3a7,ANVL,manufacturer_NameANVL,Spaceship,scripts/entities/vehicles/implementations/xml/anvl_arrow.xml,,vehicle_focus_combat,2bf4345e-cf3c-4ecb-91ce-f9daa8ff47f8,vehicle_class_lightfighter,bf73e515-0e01-409e-84fb-acbef27e1686,1,2000,1,1,0,993d5741-64a2-46df-9095-25ad42900d9f,eaeb562d-d4ac-43bd-a843-e8a6d69fad82,libs/foundry/records/entities/spaceships/anvl_arrow.xml
ANVL_Asgard_Collector_Military,vehicle_NameANVL_Asgard_Collector_Military,vehicle_DescANVL_Asgard_Collector_Military,b922abdb-0634-4358-9eee-60118f3cf3a7,ANVL,manufacturer_NameANVL,Spaceship,Scripts/Entities/Vehicles/Implementations/Xml/anvl_asgard.xml,,vehicle_focus_combat,2bf4345e-cf3c-4ecb-91ce-f9daa8ff47f8,vehicle_class_dropship,6bb18c06-2cb7-46a2-a9b0-46ba37604073,1,30000,1,1,0,4b2dbad4-ca1c-4016-9d1c-7850f565a160,afae3e97-7f7e-45a3-9f3b-fe268479775b,libs/foundry/records/entities/spaceships/anvl_asgard_collector_military.xml
ANVL_Asgard,vehicle_NameANVL_Asgard,vehicle_DescANVL_Asgard,b922abdb-0634-4358-9eee-60118f3cf3a7,ANVL,manufacturer_NameANVL,Spaceship,Scripts/Entities/Vehicles/Implementations/Xml/anvl_asgard.xml,,vehicle_focus_combat,2bf4345e-cf3c-4ecb-91ce-f9daa8ff47f8,vehicle_class_dropship,6bb18c06-2cb7-46a2-a9b0-46ba37604073,1,30000,1,1,0,4b2dbad4-ca1c-4016-9d1c-7850f565a160,8ffde65b-ee9b-4a50-b386-3111175736b2,libs/foundry/records/entities/spaceships/anvl_asgard.xml
ANVL_C8_Pisces_PU_AI_CIV,vehicle_NameANVL_C8_Pisces,vehicle_DescANVL_C8_Pisces,b922abdb-0634-4358-9eee-60118f3cf3a7,ANVL,manufacturer_NameANVL,Spaceship,scripts/entities/vehicles/implementations/xml/anvl_pisces.xml,,vehicle_focus_exploration,605f6ca1-9eae-4d78-9f7f-71288d44dada,vehicle_class_pathfinder,8f440187-1d52-41d8-a0f5-b1ce0d34e6bf,1,4500,1,1,0,d230ae73-18d0-40e8-8d6f-23c6a2706ae4,38eae7df-47fb-4151-a6af-ceafea97d190,libs/foundry/records/entities/spaceships/anvl_c8_pisces_pu_ai_civ.xml
ANVL_C8_Pisces_PU_AI_CRIM,vehicle_NameANVL_C8_Pisces,vehicle_DescANVL_C8_Pisces,b922abdb-0634-4358-9eee-60118f3cf3a7,ANVL,manufacturer_NameANVL,Spaceship,scripts/entities/vehicles/implementations/xml/anvl_pisces.xml,,vehicle_focus_exploration,605f6ca1-9eae-4d78-9f7f-71288d44dada,vehicle_class_pathfinder,8f440187-1d52-41d8-a0f5-b1ce0d34e6bf,1,4500,1,1,0,d230ae73-18d0-40e8-8d6f-23c6a2706ae4,132d98ce-3a28-47db-8b63-6cf052ea50da,libs/foundry/records/entities/spaceships/anvl_c8_pisces_pu_ai_crim.xml
ANVL_C8_Pisces_Tutorial,vehicle_NameANVL_C8_Pisces,vehicle_DescANVL_C8_Pisces,b922abdb-0634-4358-9eee-60118f3cf3a7,ANVL,manufacturer_NameANVL,Spaceship,scripts/entities/vehicles/implementations/xml/anvl_pisces.xml,,vehicle_focus_exploration,605f6ca1-9eae-4d78-9f7f-71288d44dada,vehicle_class_pathfinder,8f440187-1d52-41d8-a0f5-b1ce0d34e6bf,1,4500,1,1,0,d230ae73-18d0-40e8-8d6f-23c6a2706ae4,3760bf14-544c-492e-8561-d7d9cfaa2bc5,libs/foundry/records/entities/spaceships/anvl_c8_pisces_tutorial.xml
ANVL_C8_Pisces,vehicle_NameANVL_C8_Pisces,vehicle_DescANVL_C8_Pisces,b922abdb-0634-4358-9eee-60118f3cf3a7,ANVL,manufacturer_NameANVL,Spaceship,scripts/entities/vehicles/implementations/xml/anvl_pisces.xml,,vehicle_focus_exploration,605f6ca1-9eae-4d78-9f7f-71288d44dada,vehicle_class_pathfinder,8f440187-1d52-41d8-a0f5-b1ce0d34e6bf,1,4500,1,1,0,d230ae73-18d0-40e8-8d6f-23c6a2706ae4,20d5f617-147a-4530-a753-a7afd1875fd1,libs/foundry/records/entities/spaceships/anvl_c8_pisces.xml
ANVL_C8R_Pisces_FW22NFZ,vehicle_NameANVL_C8R_Pisces_Rescue,vehicle_DescANVL_C8R_Pisces_Rescue,b922abdb-0634-4358-9eee-60118f3cf3a7,ANVL,manufacturer_NameANVL,Spaceship,scripts/entities/vehicles/implementations/xml/anvl_pisces.xml,C8R,vehicle_focus_support,90be8892-b27f-49e6-a2e1-b13801bf4bd5,vehicle_class_medical,8f1c5179-1fe8-42f2-98af-3f5e5b8accb9,1,4500,1,1,0,75093502-a71b-4dab-9211-0bf36464296f,00853462-7fb9-4af4-8c9f-1bf5f3e705c1,libs/foundry/records/entities/spaceships/anvl_c8r_pisces_fw22nfz.xml
ANVL_C8R_Pisces_PU_AI_CIV,vehicle_NameANVL_C8R_Pisces_Rescue,vehicle_DescANVL_C8R_Pisces_Rescue,b922abdb-0634-4358-9eee-60118f3cf3a7,ANVL,manufacturer_NameANVL,Spaceship,scripts/entities/vehicles/implementations/xml/anvl_pisces.xml,C8R,vehicle_focus_support,90be8892-b27f-49e6-a2e1-b13801bf4bd5,vehicle_class_medical,8f1c5179-1fe8-42f2-98af-3f5e5b8accb9,1,4500,1,1,0,75093502-a71b-4dab-9211-0bf36464296f,54d9c929-0d57-4626-a5ea-d96ffc73bb31,libs/foundry/records/entities/spaceships/anvl_c8r_pisces_pu_ai_civ.xml
ANVL_C8R_Pisces_PU_AI_CRIM,vehicle_NameANVL_C8R_Pisces_Rescue,vehicle_DescANVL_C8R_Pisces_Rescue,b922abdb-0634-4358-9eee-60118f3cf3a7,ANVL,manufacturer_NameANVL,Spaceship,scripts/entities/vehicles/implementations/xml/anvl_pisces.xml,C8R,vehicle_focus_support,90be8892-b27f-49e6-a2e1-b13801bf4bd5,vehicle_class_medical,8f1c5179-1fe8-42f2-98af-3f5e5b8accb9,1,4500,1,1,0,75093502-a71b-4dab-9211-0bf36464296f,8a2ae968-cce2-4fe9-9311-323f932bd541,libs/foundry/records/entities/spaceships/anvl_c8r_pisces_pu_ai_crim.xml
ANVL_C8R_Pisces,vehicle_NameANVL_C8R_Pisces_Rescue,vehicle_DescANVL_C8R_Pisces_Rescue,b922abdb-0634-4358-9eee-60118f3cf3a7,ANVL,manufacturer_NameANVL,Spaceship,scripts/entities/vehicles/implementations/xml/anvl_pisces.xml,C8R,vehicle_focus_support,90be8892-b27f-49e6-a2e1-b13801bf4bd5,vehicle_class_medical,8f1c5179-1fe8-42f2-98af-3f5e5b8accb9,1,4500,1,1,0,75093502-a71b-4dab-9211-0bf36464296f,1bed9058-e284-4c0f-b561-6ba57ab4f99d,libs/foundry/records/entities/spaceships/anvl_c8r_pisces.xml
ANVL_C8X_Pisces_Expedition_PU_AI_CIV,vehicle_NameANVL_C8X_Pisces_Expedition,vehicle_DescANVL_C8X_Pisces_Expedition,b922abdb-0634-4358-9eee-60118f3cf3a7,ANVL,manufacturer_NameANVL,Spaceship,scripts/entities/vehicles/implementations/xml/anvl_pisces.xml,C8X_Expedition,vehicle_focus_exploration,605f6ca1-9eae-4d78-9f7f-71288d44dada,vehicle_class_pathfinder,8f440187-1d52-41d8-a0f5-b1ce0d34e6bf,1,4500,1,1,0,d230ae73-18d0-40e8-8d6f-23c6a2706ae4,6eb23926-a1e4-4f37-83dd-f01d9787b382,libs/foundry/records/entities/spaceships/anvl_c8x_pisces_expedition_pu_ai_civ.xml
ANVL_C8X_Pisces_Expedition_PU_AI_CRIM,vehicle_NameANVL_C8X_Pisces_Expedition,vehicle_DescANVL_C8X_Pisces_Expedition,b922abdb-0634-4358-9eee-60118f3cf3a7,ANVL,manufacturer_NameANVL,Spaceship,scripts/entities/vehicles/implementations/xml/anvl_pisces.xml,C8X_Expedition,vehicle_focus_exploration,605f6ca1-9eae-4d78-9f7f-71288d44dada,vehicle_class_pathfinder,8f440187-1d52-41d8-a0f5-b1ce0d34e6bf,1,4500,1,1,0,d230ae73-18d0-40e8-8d6f-23c6a2706ae4,cafaf5ab-469e-4400-a165-f852e50e82e9,libs/foundry/records/entities/spaceships/anvl_c8x_pisces_expedition_pu_ai_crim.xml
ANVL_C8X_Pisces_Expedition,vehicle_NameANVL_C8X_Pisces_Expedition,vehicle_DescANVL_C8X_Pisces_Expedition,b922abdb-0634-4358-9eee-60118f3cf3a7,ANVL,manufacturer_NameANVL,Spaceship,scripts/entities/vehicles/implementations/xml/anvl_pisces.xml,C8X_Expedition,vehicle_focus_exploration,605f6ca1-9eae-4d78-9f7f-71288d44dada,vehicle_class_pathfinder,8f440187-1d52-41d8-a0f5-b1ce0d34e6bf,1,4500,1,1,0,d230ae73-18d0-40e8-8d6f-23c6a2706ae4,831fdcfc-337a-4350-967d-e693d19efeee,libs/foundry/records/entities/spaceships/anvl_c8x_pisces_expedition.xml
ANVL_Carrack_AI_Template_ShipBoarded,vehicle_nameANVL_Carrack,vehicle_DescANVL_Carrack,b922abdb-0634-4358-9eee-60118f3cf3a7,ANVL,manufacturer_NameANVL,Spaceship,scripts/entities/vehicles/implementations/xml/anvl_carrack.xml,,vehicle_focus_exploration,605f6ca1-9eae-4d78-9f7f-71288d44dada,vehicle_class_expedition,bdf53a4c-0fce-442f-9222-e438792d7b75,6,70000,1,1,0,78512e89-9cc2-4c19-b1d9-befd1b311ffc,c1b229ef-2c28-441e-80d8-c993a734e638,libs/foundry/records/entities/spaceships/anvl_carrack_ai_template_shipboarded.xml
ANVL_Carrack_BIS2950,vehicle_nameANVL_Carrack,vehicle_DescANVL_Carrack,b922abdb-0634-4358-9eee-60118f3cf3a7,ANVL,manufacturer_NameANVL,Spaceship,scripts/entities/vehicles/implementations/xml/anvl_carrack.xml,,vehicle_focus_exploration,605f6ca1-9eae-4d78-9f7f-71288d44dada,vehicle_class_expedition,bdf53a4c-0fce-442f-9222-e438792d7b75,6,70000,1,1,0,78512e89-9cc2-4c19-b1d9-befd1b311ffc,1c5ffd9c-92d5-4922-a0dd-826a2bcebf02,libs/foundry/records/entities/spaceships/anvl_carrack_bis2950.xml
ANVL_Carrack_Expedition,vehicle_nameANVL_Carrack_Expedition,vehicle_DescANVL_Carrack_Expedition,b922abdb-0634-4358-9eee-60118f3cf3a7,ANVL,manufacturer_NameANVL,Spaceship,scripts/entities/vehicles/implementations/xml/anvl_carrack.xml,,vehicle_focus_exploration,605f6ca1-9eae-4d78-9f7f-71288d44dada,vehicle_class_expedition,bdf53a4c-0fce-442f-9222-e438792d7b75,6,70000,1,1,0,78512e89-9cc2-4c19-b1d9-befd1b311ffc,f1b224dd-273e-488f-9dee-fbf73f44f462,libs/foundry/records/entities/spaceships/anvl_carrack_expedition.xml
ANVL_Carrack_PU_AI_CIV_DEF,vehicle_nameANVL_Carrack,vehicle_DescANVL_Carrack,b922abdb-0634-4358-9eee-60118f3cf3a7,ANVL,manufacturer_NameANVL,Spaceship,scripts/entities/vehicles/implementations/xml/anvl_carrack.xml,,vehicle_focus_exploration,605f6ca1-9eae-4d78-9f7f-71288d44dada,vehicle_class_expedition,bdf53a4c-0fce-442f-9222-e438792d7b75,6,70000,1,1,0,78512e89-9cc2-4c19-b1d9-befd1b311ffc,e44459ff-1fb5-4e1c-8604-66b4d06b2290,libs/foundry/records/entities/spaceships/anvl_carrack_pu_ai_civ_def.xml
ANVL_Carrack_PU_AI_CIV,vehicle_nameANVL_Carrack,vehicle_DescANVL_Carrack,b922abdb-0634-4358-9eee-60118f3cf3a7,ANVL,manufacturer_NameANVL,Spaceship,scripts/entities/vehicles/implementations/xml/anvl_carrack.xml,,vehicle_focus_exploration,605f6ca1-9eae-4d78-9f7f-71288d44dada,vehicle_class_expedition,bdf53a4c-0fce-442f-9222-e438792d7b75,6,70000,1,1,0,78512e89-9cc2-4c19-b1d9-befd1b311ffc,2c6403a5-8ce0-4b21-b349-c7fa293a34c2,libs/foundry/records/entities/spaceships/anvl_carrack_pu_ai_civ.xml
ANVL_Carrack_PU_AI_CRIM,vehicle_nameANVL_Carrack,vehicle_DescANVL_Carrack,b922abdb-0634-4358-9eee-60118f3cf3a7,ANVL,manufacturer_NameANVL,Spaceship,scripts/entities/vehicles/implementations/xml/anvl_carrack.xml,,vehicle_focus_exploration,605f6ca1-9eae-4d78-9f7f-71288d44dada,vehicle_class_expedition,bdf53a4c-0fce-442f-9222-e438792d7b75,6,70000,1,1,0,78512e89-9cc2-4c19-b1d9-befd1b311ffc,d986aa0b-f2a3-42fc-82ac-ba887ca6b440,libs/foundry/records/entities/spaceships/anvl_carrack_pu_ai_crim.xml
ANVL_Carrack_Unmanned_Salvage,vehicle_nameANVL_Carrack,vehicle_DescANVL_Carrack,b922abdb-0634-4358-9eee-60118f3cf3a7,ANVL,manufacturer_NameANVL,Spaceship,scripts/entities/vehicles/implementations/xml/anvl_carrack.xml,,vehicle_focus_exploration,605f6ca1-9eae-4d78-9f7f-71288d44dada,vehicle_class_expedition,bdf53a4c-0fce-442f-9222-e438792d7b75,6,70000,1,1,0,78512e89-9cc2-4c19-b1d9-befd1b311ffc,f25169e0-76af-4f0e-b3f7-1534d93eab5c,libs/foundry/records/entities/spaceships/anvl_carrack_unmanned_salvage.xml
ANVL_Carrack,vehicle_nameANVL_Carrack,vehicle_DescANVL_Carrack,b922abdb-0634-4358-9eee-60118f3cf3a7,ANVL,manufacturer_NameANVL,Spaceship,scripts/entities/vehicles/implementations/xml/anvl_carrack.xml,,vehicle_focus_exploration,605f6ca1-9eae-4d78-9f7f-71288d44dada,vehicle_class_expedition,bdf53a4c-0fce-442f-9222-e438792d7b75,6,70000,1,1,0,78512e89-9cc2-4c19-b1d9-befd1b311ffc,f6d606c9-b324-4efa-814f-15a59047a6a5,libs/foundry/records/entities/spaceships/anvl_carrack.xml
ANVL_Gladiator_PU_AI_CIV,vehicle_NameANVL_Gladiator,vehicle_DescANVL_Gladiator,b922abdb-0634-4358-9eee-60118f3cf3a7,ANVL,manufacturer_NameANVL,Spaceship,scripts/entities/vehicles/implementations/xml/anvl_gladiator.xml,,vehicle_focus_combat,2bf4345e-cf3c-4ecb-91ce-f9daa8ff47f8,vehicle_class_bomber,c6b5d703-1288-4c03-946a-bcd09377c6ce,1,3500,1,1,0,caab345b-a134-415f-8842-8421810acdc1,c775027e-6abf-4e3e-8278-ce1b51916082,libs/foundry/records/entities/spaceships/anvl_gladiator_pu_ai_civ.xml
ANVL_Gladiator_PU_AI_CRIM,vehicle_NameANVL_Gladiator,vehicle_DescANVL_Gladiator,b922abdb-0634-4358-9eee-60118f3cf3a7,ANVL,manufacturer_NameANVL,Spaceship,scripts/entities/vehicles/implementations/xml/anvl_gladiator.xml,,vehicle_focus_combat,2bf4345e-cf3c-4ecb-91ce-f9daa8ff47f8,vehicle_class_bomber,c6b5d703-1288-4c03-946a-bcd09377c6ce,1,3500,1,1,0,caab345b-a134-415f-8842-8421810acdc1,d60ca954-f229-4a05-aaa3-616c607a0d84,libs/foundry/records/entities/spaceships/anvl_gladiator_pu_ai_crim.xml
ANVL_Gladiator_PU_AI_UEE,vehicle_NameANVL_Gladiator,vehicle_DescANVL_Gladiator,b922abdb-0634-4358-9eee-60118f3cf3a7,ANVL,manufacturer_NameANVL,Spaceship,scripts/entities/vehicles/implementations/xml/anvl_gladiator.xml,,vehicle_focus_combat,2bf4345e-cf3c-4ecb-91ce-f9daa8ff47f8,vehicle_class_bomber,c6b5d703-1288-4c03-946a-bcd09377c6ce,1,3500,1,1,0,caab345b-a134-415f-8842-8421810acdc1,54714639-7029-4897-938c-e784fe9969b9,libs/foundry/records/entities/spaceships/anvl_gladiator_pu_ai_uee.xml
ANVL_Gladiator,vehicle_NameANVL_Gladiator,vehicle_DescANVL_Gladiator,b922abdb-0634-4358-9eee-60118f3cf3a7,ANVL,manufacturer_NameANVL,Spaceship,scripts/entities/vehicles/implementations/xml/anvl_gladiator.xml,,vehicle_focus_combat,2bf4345e-cf3c-4ecb-91ce-f9daa8ff47f8,vehicle_class_bomber,c6b5d703-1288-4c03-946a-bcd09377c6ce,1,3500,1,1,0,caab345b-a134-415f-8842-8421810acdc1,f3f7b2e8-1e11-4649-82c6-3106ec966655,libs/foundry/records/entities/spaceships/anvl_gladiator.xml
ANVL_Hawk_AI_Override,vehicle_NameANVL_Hawk,vehicle_DescANVL_Hawk,b922abdb-0634-4358-9eee-60118f3cf3a7,ANVL,manufacturer_NameANVL,Spaceship,scripts/entities/vehicles/implementations/xml/anvl_hawk.xml,,vehicle_focus_combat,2bf4345e-cf3c-4ecb-91ce-f9daa8ff47f8,vehicle_class_lightfighter,bf73e515-0e01-409e-84fb-acbef27e1686,1,2500,1,1,0,f73a2123-39ac-441d-9ed0-2a055e086dbb,107a1672-173c-4432-be15-a47c780d6035,libs/foundry/records/entities/spaceships/anvl_hawk_ai_override.xml
ANVL_Hawk_PU_AI_BH,vehicle_NameANVL_Hawk,vehicle_DescANVL_Hawk,b922abdb-0634-4358-9eee-60118f3cf3a7,ANVL,manufacturer_NameANVL,Spaceship,scripts/entities/vehicles/implementations/xml/anvl_hawk.xml,,vehicle_focus_combat,2bf4345e-cf3c-4ecb-91ce-f9daa8ff47f8,vehicle_class_lightfighter,bf73e515-0e01-409e-84fb-acbef27e1686,1,2500,1,1,0,f73a2123-39ac-441d-9ed0-2a055e086dbb,a95f4a2a-d323-4da0-ad28-4b9aadca54e0,libs/foundry/records/entities/spaceships/anvl_hawk_pu_ai_bh.xml
ANVL_Hawk_PU_AI_CIV,vehicle_NameANVL_Hawk,vehicle_DescANVL_Hawk,b922abdb-0634-4358-9eee-60118f3cf3a7,ANVL,manufacturer_NameANVL,Spaceship,scripts/entities/vehicles/implementations/xml/anvl_hawk.xml,,vehicle_focus_combat,2bf4345e-cf3c-4ecb-91ce-f9daa8ff47f8,vehicle_class_lightfighter,bf73e515-0e01-409e-84fb-acbef27e1686,1,2500,1,1,0,f73a2123-39ac-441d-9ed0-2a055e086dbb,4c76ab0f-a014-4834-9d3d-b0ef56d7706d,libs/foundry/records/entities/spaceships/anvl_hawk_pu_ai_civ.xml
ANVL_Hawk_PU_AI_CRIM,vehicle_NameANVL_Hawk,vehicle_DescANVL_Hawk,b922abdb-0634-4358-9eee-60118f3cf3a7,ANVL,manufacturer_NameANVL,Spaceship,scripts/entities/vehicles/implementations/xml/anvl_hawk.xml,,vehicle_focus_combat,2bf4345e-cf3c-4ecb-91ce-f9daa8ff47f8,vehicle_class_lightfighter,bf73e515-0e01-409e-84fb-acbef27e1686,1,2500,1,1,0,f73a2123-39ac-441d-9ed0-2a055e086dbb,4bfea291-5e93-410c-81c0-9d5e87f07034,libs/foundry/records/entities/spaceships/anvl_hawk_pu_ai_crim.xml
ANVL_Hawk_PU_AI_FF,vehicle_NameANVL_Hawk,vehicle_DescANVL_Hawk,b922abdb-0634-4358-9eee-60118f3cf3a7,ANVL,manufacturer_NameANVL,Spaceship,scripts/entities/vehicles/implementations/xml/anvl_hawk.xml,,vehicle_focus_combat,2bf4345e-cf3c-4ecb-91ce-f9daa8ff47f8,vehicle_class_lightfighter,bf73e515-0e01-409e-84fb-acbef27e1686,1,2500,1,1,0,f73a2123-39ac-441d-9ed0-2a055e086dbb,e63009e3-e038-4b28-89fd-f13f4682e6dd,libs/foundry/records/entities/spaceships/anvl_hawk_pu_ai_ff.xml
ANVL_Hawk,vehicle_NameANVL_Hawk,vehicle_DescANVL_Hawk,b922abdb-0634-4358-9eee-60118f3cf3a7,ANVL,manufacturer_NameANVL,Spaceship,scripts/entities/vehicles/implementations/xml/anvl_hawk.xml,,vehicle_focus_combat,2bf4345e-cf3c-4ecb-91ce-f9daa8ff47f8,vehicle_class_lightfighter,bf73e515-0e01-409e-84fb-acbef27e1686,1,2500,1,1,0,f73a2123-39ac-441d-9ed0-2a055e086dbb,c0f1d217-388c-453a-b6c1-3cb5c2cfc4d8,libs/foundry/records/entities/spaceships/anvl_hawk.xml
ANVL_Hornet_F7_Mk2_Collector_Mod,TheCollector_ShipMod_F7_Hornet_VehicleName,TheCollector_ShipMod_F7_Hornet_VehicleDesc,b922abdb-0634-4358-9eee-60118f3cf3a7,ANVL,manufacturer_NameANVL,Spaceship,Scripts/Entities/Vehicles/Implementations/Xml/anvl_hornet_f7cm_mk2.xml,,vehicle_focus_combat,2bf4345e-cf3c-4ecb-91ce-f9daa8ff47f8,vehicle_class_mediumfighter,43eaf464-2452-491b-8cc0-443f6ac39613,2,3522,1,1,0,,41494cbf-8d90-4bb5-abd3-3b20cd694fc9,libs/foundry/records/entities/spaceships/anvl_hornet_f7_mk2_collector_mod.xml
ANVL_Hornet_F7A_Mk1_PU_AI_FF,vehicle_NameANVL_Hornet_F7A,vehicle_DescANVL_Hornet_F7A,b922abdb-0634-4358-9eee-60118f3cf3a7,ANVL,manufacturer_NameANVL,Spaceship,Scripts/Entities/Vehicles/Implementations/Xml/ANVL_Hornet_F7A_MK1.xml,,vehicle_focus_combat,2bf4345e-cf3c-4ecb-91ce-f9daa8ff47f8,vehicle_class_mediumfighter,43eaf464-2452-491b-8cc0-443f6ac39613,1,3557.75,1,1,0,3f6304af-a8c0-45cd-86fd-ba35f4b61b05,b2b73d2a-248c-45db-ab88-863392c64eda,libs/foundry/records/entities/spaceships/anvl_hornet_f7a_mk1_pu_ai_ff.xml
ANVL_Hornet_F7A_Mk1_PU_AI_UEE,vehicle_NameANVL_Hornet_F7A,vehicle_DescANVL_Hornet_F7A,b922abdb-0634-4358-9eee-60118f3cf3a7,ANVL,manufacturer_NameANVL,Spaceship,Scripts/Entities/Vehicles/Implementations/Xml/ANVL_Hornet_F7A_MK1.xml,,vehicle_focus_combat,2bf4345e-cf3c-4ecb-91ce-f9daa8ff47f8,vehicle_class_mediumfighter,43eaf464-2452-491b-8cc0-443f6ac39613,1,3557.75,1,1,0,3f6304af-a8c0-45cd-86fd-ba35f4b61b05,34b0dc7b-c32f-4e30-8462-04055345fa9a,libs/foundry/records/entities/spaceships/anvl_hornet_f7a_mk1_pu_ai_uee.xml
ANVL_Hornet_F7A_Mk1,vehicle_NameANVL_Hornet_F7A,vehicle_DescANVL_Hornet_F7A,b922abdb-0634-4358-9eee-60118f3cf3a7,ANVL,manufacturer_NameANVL,Spaceship,Scripts/Entities/Vehicles/Implementations/Xml/ANVL_Hornet_F7A_MK1.xml,,vehicle_focus_combat,2bf4345e-cf3c-4ecb-91ce-f9daa8ff47f8,vehicle_class_mediumfighter,43eaf464-2452-491b-8cc0-443f6ac39613,1,3557.75,1,1,0,3f6304af-a8c0-45cd-86fd-ba35f4b61b05,8b7e0d33-21c1-4057-8e5b-bf391b5091b2,libs/foundry/records/entities/spaceships/anvl_hornet_f7a_mk1.xml
ANVL_Hornet_F7A_Mk2_Exec_Military,vehicle_NameANVL_Hornet_F7A_Mk2_PYAM_Exec,vehicle_DescANVL_Hornet_F7A_Mk2_PYAM_Exec,b922abdb-0634-4358-9eee-60118f3cf3a7,ANVL,manufacturer_NameANVL,Spaceship,Scripts/Entities/Vehicles/Implementations/Xml/ANVL_Hornet_F7A.xml,,vehicle_focus_combat,2bf4345e-cf3c-4ecb-91ce-f9daa8ff47f8,vehicle_class_mediumfighter,43eaf464-2452-491b-8cc0-443f6ac39613,1,3557.75,1,1,0,,4075e1a5-40a8-4444-6e04-8d4c4196618c,libs/foundry/records/entities/spaceships/anvl_hornet_f7a_mk2_exec_military.xml
ANVL_Hornet_F7A_Mk2_Exec_Stealth,vehicle_NameANVL_Hornet_F7A_Mk2_PYAM_Exec,vehicle_DescANVL_Hornet_F7A_Mk2_PYAM_Exec,b922abdb-0634-4358-9eee-60118f3cf3a7,ANVL,manufacturer_NameANVL,Spaceship,Scripts/Entities/Vehicles/Implementations/Xml/ANVL_Hornet_F7A.xml,,vehicle_focus_combat,2bf4345e-cf3c-4ecb-91ce-f9daa8ff47f8,vehicle_class_mediumfighter,43eaf464-2452-491b-8cc0-443f6ac39613,1,3557.75,1,1,0,,474444e0-0c7b-50af-0f2f-d702d7ef9cbe,libs/foundry/records/entities/spaceships/anvl_hornet_f7a_mk2_exec_stealth.xml
ANVL_Hornet_F7A_Mk2,vehicle_NameANVL_Hornet_F7A_Mk2,vehicle_DescANVL_Hornet_F7A_Mk2,b922abdb-0634-4358-9eee-60118f3cf3a7,ANVL,manufacturer_NameANVL,Spaceship,Scripts/Entities/Vehicles/Implementations/Xml/ANVL_Hornet_F7A.xml,,vehicle_focus_combat,2bf4345e-cf3c-4ecb-91ce-f9daa8ff47f8,vehicle_class_mediumfighter,43eaf464-2452-491b-8cc0-443f6ac39613,1,3557.75,1,1,0,,6759360c-8b2f-4a89-b7c6-82e94b873c1b,libs/foundry/records/entities/spaceships/anvl_hornet_f7a_mk2.xml
ANVL_Hornet_F7A_PU_AI_UEE,vehicle_NameANVL_Hornet_F7A_Mk2,vehicle_DescANVL_Hornet_F7A_Mk2,b922abdb-0634-4358-9eee-60118f3cf3a7,ANVL,manufacturer_NameANVL,Spaceship,Scripts/Entities/Vehicles/Implementations/Xml/ANVL_Hornet_F7A.xml,,vehicle_focus_combat,2bf4345e-cf3c-4ecb-91ce-f9daa8ff47f8,vehicle_class_mediumfighter,43eaf464-2452-491b-8cc0-443f6ac39613,1,3557.75,1,1,0,,cf538d66-184e-48ef-a187-335d01b2c043,libs/foundry/records/entities/spaceships/anvl_hornet_f7a_pu_ai_uee.xml
ANVL_Hornet_F7C_Mk2_PU_AI_CRIM,vehicle_NameANVL_Hornet_F7C_Mk2,vehicle_DescANVL_Hornet_F7C_Mk2,b922abdb-0634-4358-9eee-60118f3cf3a7,ANVL,manufacturer_NameANVL,Spaceship,Scripts/Entities/Vehicles/Implementations/Xml/ANVL_Hornet_F7A.xml,F7C_Mk2,vehicle_focus_combat,2bf4345e-cf3c-4ecb-91ce-f9daa8ff47f8,vehicle_class_mediumfighter,43eaf464-2452-491b-8cc0-443f6ac39613,1,3557.75,1,1,0,,32276b46-249d-4687-bc85-45f471729c2b,libs/foundry/records/entities/spaceships/anvl_hornet_f7c_mk2_pu_ai_crim.xml
ANVL_Hornet_F7C_Mk2,vehicle_NameANVL_Hornet_F7C_Mk2,vehicle_DescANVL_Hornet_F7C_Mk2,b922abdb-0634-4358-9eee-60118f3cf3a7,ANVL,manufacturer_NameANVL,Spaceship,Scripts/Entities/Vehicles/Implementations/Xml/ANVL_Hornet_F7A.xml,F7C_Mk2,vehicle_focus_combat,2bf4345e-cf3c-4ecb-91ce-f9daa8ff47f8,vehicle_class_mediumfighter,43eaf464-2452-491b-8cc0-443f6ac39613,1,3557.75,1,1,0,,fb231ba1-dba1-4c9f-823a-746c772ae92f,libs/foundry/records/entities/spaceships/anvl_hornet_f7c_mk2.xml
ANVL_Hornet_F7C_PU_AI_Advocacy,vehicle_NameANVL_Hornet_F7C,vehicle_DescANVL_Hornet_F7C,b922abdb-0634-4358-9eee-60118f3cf3a7,ANVL,manufacturer_NameANVL,Spaceship,scripts/entities/vehicles/implementations/xml/anvl_hornet.xml,,vehicle_focus_combat,2bf4345e-cf3c-4ecb-91ce-f9daa8ff47f8,vehicle_class_mediumfighter,43eaf464-2452-491b-8cc0-443f6ac39613,1,3557.75,1,1,0,3f6304af-a8c0-45cd-86fd-ba35f4b61b05,9db4b2e0-fd60-45cc-91e2-3b6d15fbcd1c,libs/foundry/records/entities/spaceships/anvl_hornet_f7c_pu_ai_advocacy.xml
ANVL_Hornet_F7C_PU_AI_CIV,vehicle_NameANVL_Hornet_F7C,vehicle_DescANVL_Hornet_F7C,b922abdb-0634-4358-9eee-60118f3cf3a7,ANVL,manufacturer_NameANVL,Spaceship,scripts/entities/vehicles/implementations/xml/anvl_hornet.xml,,vehicle_focus_combat,2bf4345e-cf3c-4ecb-91ce-f9daa8ff47f8,vehicle_class_mediumfighter,43eaf464-2452-491b-8cc0-443f6ac39613,1,3557.75,1,1,0,3f6304af-a8c0-45cd-86fd-ba35f4b61b05,7c325d4f-335c-414a-90ae-20528b4d35f1,libs/foundry/records/entities/spaceships/anvl_hornet_f7c_pu_ai_civ.xml
ANVL_Hornet_F7C_PU_AI_CRIM,vehicle_NameANVL_Hornet_F7C,vehicle_DescANVL_Hornet_F7C,b922abdb-0634-4358-9eee-60118f3cf3a7,ANVL,manufacturer_NameANVL,Spaceship,scripts/entities/vehicles/implementations/xml/anvl_hornet.xml,,vehicle_focus_combat,2bf4345e-cf3c-4ecb-91ce-f9daa8ff47f8,vehicle_class_mediumfighter,43eaf464-2452-491b-8cc0-443f6ac39613,1,3557.75,1,1,0,3f6304af-a8c0-45cd-86fd-ba35f4b61b05,cfe03bb3-bb72-4e12-a1f0-3a40698c4985,libs/foundry/records/entities/spaceships/anvl_hornet_f7c_pu_ai_crim.xml
ANVL_Hornet_F7C_PU_AI_UEE,vehicle_NameANVL_Hornet_F7C,vehicle_DescANVL_Hornet_F7C,b922abdb-0634-4358-9eee-60118f3cf3a7,ANVL,manufacturer_NameANVL,Spaceship,scripts/entities/vehicles/implementations/xml/anvl_hornet.xml,,vehicle_focus_combat,2bf4345e-cf3c-4ecb-91ce-f9daa8ff47f8,vehicle_class_mediumfighter,43eaf464-2452-491b-8cc0-443f6ac39613,1,3557.75,1,1,0,3f6304af-a8c0-45cd-86fd-ba35f4b61b05,5ed8e903-73f8-4869-b981-c1bd6b5f88c1,libs/foundry/records/entities/spaceships/anvl_hornet_f7c_pu_ai_uee.xml
ANVL_Hornet_F7C_Wildfire,vehicle_NameANVL_Hornet_F7C_Wildfire,vehicle_DescANVL_Hornet_F7C_Wildfire,b922abdb-0634-4358-9eee-60118f3cf3a7,ANVL,manufacturer_NameANVL,Spaceship,scripts/entities/vehicles/implementations/xml/anvl_hornet.xml,Wildfire,vehicle_focus_combat,2bf4345e-cf3c-4ecb-91ce-f9daa8ff47f8,vehicle_class_mediumfighter,43eaf464-2452-491b-8cc0-443f6ac39613,1,3557.75,1,1,0,3f6304af-a8c0-45cd-86fd-ba35f4b61b05,0af2064a-c02d-4801-a434-09d802ba6573,libs/foundry/records/entities/spaceships/anvl_hornet_f7c_wildfire.xml
ANVL_Hornet_F7C,vehicle_NameANVL_Hornet_F7C,vehicle_DescANVL_Hornet_F7C,b922abdb-0634-4358-9eee-60118f3cf3a7,ANVL,manufacturer_NameANVL,Spaceship,scripts/entities/vehicles/implementations/xml/anvl_hornet.xml,,vehicle_focus_combat,2bf4345e-cf3c-4ecb-91ce-f9daa8ff47f8,vehicle_class_mediumfighter,43eaf464-2452-491b-8cc0-443f6ac39613,1,3557.75,1,1,0,3f6304af-a8c0-45cd-86fd-ba35f4b61b05,933ca746-3c36-470f-8245-a247a3776455,libs/foundry/records/entities/spaceships/anvl_hornet_f7c.xml
ANVL_Hornet_F7CM_AI_EA_Advocacy_Stunt_Leader,vehicle_NameANVL_Hornet_F7CM,vehicle_DescANVL_Hornet_F7CM,b922abdb-0634-4358-9eee-60118f3cf3a7,ANVL,manufacturer_NameANVL,Spaceship,scripts/entities/vehicles/implementations/xml/anvl_hornet.xml,F7CM,vehicle_focus_combat,2bf4345e-cf3c-4ecb-91ce-f9daa8ff47f8,vehicle_class_mediumfighter,43eaf464-2452-491b-8cc0-443f6ac39613,1,3557.75,1,1,0,e70d213d-5abd-41fc-be4c-e4acd4d13dad,b2c38605-0c61-493f-9b8b-08cd951acec8,libs/foundry/records/entities/spaceships/anvl_hornet_f7cm_ai_ea_advocacy_stunt_leader.xml
ANVL_Hornet_F7CM_AI_EA_Advocacy_Stunt,vehicle_NameANVL_Hornet_F7CM,vehicle_DescANVL_Hornet_F7CM,b922abdb-0634-4358-9eee-60118f3cf3a7,ANVL,manufacturer_NameANVL,Spaceship,scripts/entities/vehicles/implementations/xml/anvl_hornet.xml,F7CM,vehicle_focus_combat,2bf4345e-cf3c-4ecb-91ce-f9daa8ff47f8,vehicle_class_mediumfighter,43eaf464-2452-491b-8cc0-443f6ac39613,1,3557.75,1,1,0,e70d213d-5abd-41fc-be4c-e4acd4d13dad,dfc2ca50-4d81-497f-a99c-4140b9f109ba,libs/foundry/records/entities/spaceships/anvl_hornet_f7cm_ai_ea_advocacy_stunt.xml
ANVL_Hornet_F7CM_AI_EA_Advocacy,vehicle_NameANVL_Hornet_F7CM,vehicle_DescANVL_Hornet_F7CM,b922abdb-0634-4358-9eee-60118f3cf3a7,ANVL,manufacturer_NameANVL,Spaceship,scripts/entities/vehicles/implementations/xml/anvl_hornet.xml,F7CM,vehicle_focus_combat,2bf4345e-cf3c-4ecb-91ce-f9daa8ff47f8,vehicle_class_mediumfighter,43eaf464-2452-491b-8cc0-443f6ac39613,1,3557.75,1,1,0,e70d213d-5abd-41fc-be4c-e4acd4d13dad,1bb2fa76-d7fb-4dbb-9823-03e2a978f1a1,libs/foundry/records/entities/spaceships/anvl_hornet_f7cm_ai_ea_advocacy.xml
ANVL_Hornet_F7CM_Heartseeker,vehicle_NameANVL_Hornet_F7CM_Heartseeker,vehicle_DescANVL_Hornet_F7CM_Heartseeker,b922abdb-0634-4358-9eee-60118f3cf3a7,ANVL,manufacturer_NameANVL,Spaceship,scripts/entities/vehicles/implementations/xml/anvl_hornet.xml,F7CM_Heartseeker,vehicle_focus_combat,2bf4345e-cf3c-4ecb-91ce-f9daa8ff47f8,vehicle_class_mediumfighter,43eaf464-2452-491b-8cc0-443f6ac39613,1,3557.75,1,1,0,e70d213d-5abd-41fc-be4c-e4acd4d13dad,b140e32f-a96b-462f-8c7b-e7243577b2f4,libs/foundry/records/entities/spaceships/anvl_hornet_f7cm_heartseeker.xml
ANVL_Hornet_F7CM_Mk2_Heartseeker,vehicle_NameANVL_Hornet_F7CM_Heartseeker_Mk2,vehicle_DescANVL_Hornet_F7CM_Heartseeker_Mk2,b922abdb-0634-4358-9eee-60118f3cf3a7,ANVL,manufacturer_NameANVL,Spaceship,Scripts/Entities/Vehicles/Implementations/Xml/anvl_hornet_f7cm_mk2.xml,,vehicle_focus_combat,2bf4345e-cf3c-4ecb-91ce-f9daa8ff47f8,vehicle_class_mediumfighter,43eaf464-2452-491b-8cc0-443f6ac39613,2,3522,1,1,0,,6f8bfcc3-2ade-4976-a8e9-fd07de5c3601,libs/foundry/records/entities/spaceships/anvl_hornet_f7cm_mk2_heartseeker.xml
ANVL_Hornet_F7CM_Mk2,vehicle_NameANVL_Hornet_F7CM_Mk2,vehicle_DescANVL_Hornet_F7CM_Mk2,b922abdb-0634-4358-9eee-60118f3cf3a7,ANVL,manufacturer_NameANVL,Spaceship,Scripts/Entities/Vehicles/Implementations/Xml/anvl_hornet_f7cm_mk2.xml,,vehicle_focus_combat,2bf4345e-cf3c-4ecb-91ce-f9daa8ff47f8,vehicle_class_mediumfighter,43eaf464-2452-491b-8cc0-443f6ac39613,2,3522,1,1,0,,8c2eefb6-d880-47c9-8fd0-1f88865d5511,libs/foundry/records/entities/spaceships/anvl_hornet_f7cm_mk2.xml
ANVL_Hornet_F7CM_PU_AI_CIV,vehicle_NameANVL_Hornet_F7CM,vehicle_DescANVL_Hornet_F7CM,b922abdb-0634-4358-9eee-60118f3cf3a7,ANVL,manufacturer_NameANVL,Spaceship,scripts/entities/vehicles/implementations/xml/anvl_hornet.xml,F7CM,vehicle_focus_combat,2bf4345e-cf3c-4ecb-91ce-f9daa8ff47f8,vehicle_class_mediumfighter,43eaf464-2452-491b-8cc0-443f6ac39613,1,3557.75,1,1,0,e70d213d-5abd-41fc-be4c-e4acd4d13dad,de7d29f1-ea6e-473c-b5f2-2e9627796189,libs/foundry/records/entities/spaceships/anvl_hornet_f7cm_pu_ai_civ.xml
ANVL_Hornet_F7CM_PU_AI_CRIM,vehicle_NameANVL_Hornet_F7CM,vehicle_DescANVL_Hornet_F7CM,b922abdb-0634-4358-9eee-60118f3cf3a7,ANVL,manufacturer_NameANVL,Spaceship,scripts/entities/vehicles/implementations/xml/anvl_hornet.xml,F7CM,vehicle_focus_combat,2bf4345e-cf3c-4ecb-91ce-f9daa8ff47f8,vehicle_class_mediumfighter,43eaf464-2452-491b-8cc0-443f6ac39613,1,3557.75,1,1,0,e70d213d-5abd-41fc-be4c-e4acd4d13dad,edc3016d-bdfa-47ee-886c-4eb9aaf6bc3e,libs/foundry/records/entities/spaceships/anvl_hornet_f7cm_pu_ai_crim.xml
ANVL_Hornet_F7CM_PU_AI_UEE,vehicle_NameANVL_Hornet_F7CM,vehicle_DescANVL_Hornet_F7CM,b922abdb-0634-4358-9eee-60118f3cf3a7,ANVL,manufacturer_NameANVL,Spaceship,scripts/entities/vehicles/implementations/xml/anvl_hornet.xml,F7CM,vehicle_focus_combat,2bf4345e-cf3c-4ecb-91ce-f9daa8ff47f8,vehicle_class_mediumfighter,43eaf464-2452-491b-8cc0-443f6ac39613,1,3557.75,1,1,0,e70d213d-5abd-41fc-be4c-e4acd4d13dad,c3686c54-1aef-4df7-80b3-4dea5591be84,libs/foundry/records/entities/spaceships/anvl_hornet_f7cm_pu_ai_uee.xml
ANVL_Hornet_F7CM,vehicle_NameANVL_Hornet_F7CM,vehicle_DescANVL_Hornet_F7CM,b922abdb-0634-4358-9eee-60118f3cf3a7,ANVL,manufacturer_NameANVL,Spaceship,scripts/entities/vehicles/implementations/xml/anvl_hornet.xml,F7CM,vehicle_focus_combat,2bf4345e-cf3c-4ecb-91ce-f9daa8ff47f8,vehicle_class_mediumfighter,43eaf464-2452-491b-8cc0-443f6ac39613,1,3557.75,1,1,0,e70d213d-5abd-41fc-be4c-e4acd4d13dad,4f83f89d-480b-4d1b-867a-13772742d828,libs/foundry/records/entities/spaceships/anvl_hornet_f7cm.xml
ANVL_Hornet_F7CR_Mk2,vehicle_NameANVL_Hornet_F7CR_Mk2,vehicle_DescANVL_Hornet_F7CR_Mk2,b922abdb-0634-4358-9eee-60118f3cf3a7,ANVL,manufacturer_NameANVL,Spaceship,Scripts/Entities/Vehicles/Implementations/Xml/ANVL_Hornet_F7A.xml,F7CR_Mk2,vehicle_focus_combat,2bf4345e-cf3c-4ecb-91ce-f9daa8ff47f8,vehicle_class_pathfinder,8f440187-1d52-41d8-a0f5-b1ce0d34e6bf,1,5000,1,1,0,,3fbff8f5-90f0-4c97-93f2-62d180aa8736,libs/foundry/records/entities/spaceships/anvl_hornet_f7cr_mk2.xml
ANVL_Hornet_F7CR_PU_AI_CIV,vehicle_NameANVL_Hornet_F7CR,vehicle_DescANVL_Hornet_F7CR,b922abdb-0634-4358-9eee-60118f3cf3a7,ANVL,manufacturer_NameANVL,Spaceship,scripts/entities/vehicles/implementations/xml/anvl_hornet.xml,F7CR,vehicle_focus_exploration,605f6ca1-9eae-4d78-9f7f-71288d44dada,vehicle_class_pathfinder,8f440187-1d52-41d8-a0f5-b1ce0d34e6bf,1,3557.75,1,1,0,6a87022a-0847-4f7a-9105-71f4f7c406e3,01f5fad8-5dba-4947-a942-8b13320cdac9,libs/foundry/records/entities/spaceships/anvl_hornet_f7cr_pu_ai_civ.xml
ANVL_Hornet_F7CR_PU_AI_CRIM,vehicle_NameANVL_Hornet_F7CR,vehicle_DescANVL_Hornet_F7CR,b922abdb-0634-4358-9eee-60118f3cf3a7,ANVL,manufacturer_NameANVL,Spaceship,scripts/entities/vehicles/implementations/xml/anvl_hornet.xml,F7CR,vehicle_focus_exploration,605f6ca1-9eae-4d78-9f7f-71288d44dada,vehicle_class_pathfinder,8f440187-1d52-41d8-a0f5-b1ce0d34e6bf,1,3557.75,1,1,0,6a87022a-0847-4f7a-9105-71f4f7c406e3,10b61cf4-ff98-44ab-ab16-d35874edb51f,libs/foundry/records/entities/spaceships/anvl_hornet_f7cr_pu_ai_crim.xml
ANVL_Hornet_F7CR_PU_AI_UEE_Warlord,vehicle_NameANVL_Hornet_F7CR,vehicle_DescANVL_Hornet_F7CR,b922abdb-0634-4358-9eee-60118f3cf3a7,ANVL,manufacturer_NameANVL,Spaceship,scripts/entities/vehicles/implementations/xml/anvl_hornet.xml,F7CR,vehicle_focus_exploration,605f6ca1-9eae-4d78-9f7f-71288d44dada,vehicle_class_pathfinder,8f440187-1d52-41d8-a0f5-b1ce0d34e6bf,1,3557.75,1,1,0,6a87022a-0847-4f7a-9105-71f4f7c406e3,7d921520-2796-46f8-9c97-9ecaca5fe3af,libs/foundry/records/entities/spaceships/anvl_hornet_f7cr_pu_ai_uee_warlord.xml
ANVL_Hornet_F7CR_PU_AI_UEE,vehicle_NameANVL_Hornet_F7CR,vehicle_DescANVL_Hornet_F7CR,b922abdb-0634-4358-9eee-60118f3cf3a7,ANVL,manufacturer_NameANVL,Spaceship,scripts/entities/vehicles/implementations/xml/anvl_hornet.xml,F7CR,vehicle_focus_exploration,605f6ca1-9eae-4d78-9f7f-71288d44dada,vehicle_class_pathfinder,8f440187-1d52-41d8-a0f5-b1ce0d34e6bf,1,3557.75,1,1,0,6a87022a-0847-4f7a-9105-71f4f7c406e3,1b719416-dfd8-4d81-9405-af20dfdad56d,libs/foundry/records/entities/spaceships/anvl_hornet_f7cr_pu_ai_uee.xml
ANVL_Hornet_F7CR,vehicle_NameANVL_Hornet_F7CR,vehicle_DescANVL_Hornet_F7CR,b922abdb-0634-4358-9eee-60118f3cf3a7,ANVL,manufacturer_NameANVL,Spaceship,scripts/entities/vehicles/implementations/xml/anvl_hornet.xml,F7CR,vehicle_focus_exploration,605f6ca1-9eae-4d78-9f7f-71288d44dada,vehicle_class_pathfinder,8f440187-1d52-41d8-a0f5-b1ce0d34e6bf,1,3557.75,1,1,0,6a87022a-0847-4f7a-9105-71f4f7c406e3,95b11c76-31ea-4bf3-9894-fb29caecb927,libs/foundry/records/entities/spaceships/anvl_hornet_f7cr.xml
ANVL_Hornet_F7CS_Mk2,vehicle_NameANVL_Hornet_F7CS_Mk2,vehicle_DescANVL_Hornet_F7CS_Mk2,b922abdb-0634-4358-9eee-60118f3cf3a7,ANVL,manufacturer_NameANVL,Spaceship,Scripts/Entities/Vehicles/Implementations/Xml/ANVL_Hornet_F7A.xml,F7CS_Mk2,vehicle_focus_combat,2bf4345e-cf3c-4ecb-91ce-f9daa8ff47f8,vehicle_class_stealthfighter,3b6af9fe-ef2d-44b2-a0b5-79ecf996066e,1,5000,1,1,0,,6fa37a02-3d65-448c-a989-02d42d9574dc,libs/foundry/records/entities/spaceships/anvl_hornet_f7cs_mk2.xml
ANVL_Hornet_F7CS_PU_AI_CIV,vehicle_NameANVL_Hornet_F7CS,vehicle_DescANVL_Hornet_F7CS,b922abdb-0634-4358-9eee-60118f3cf3a7,ANVL,manufacturer_NameANVL,Spaceship,scripts/entities/vehicles/implementations/xml/anvl_hornet.xml,F7CS,vehicle_focus_combat,2bf4345e-cf3c-4ecb-91ce-f9daa8ff47f8,vehicle_class_stealthfighter,3b6af9fe-ef2d-44b2-a0b5-79ecf996066e,1,3557.75,1,1,0,a308aeaf-7bf0-4286-b286-4dabc4565531,0baa2f6d-4601-44e8-a345-e57a91266d66,libs/foundry/records/entities/spaceships/anvl_hornet_f7cs_pu_ai_civ.xml
ANVL_Hornet_F7CS_PU_AI_CRIM,vehicle_NameANVL_Hornet_F7CS,vehicle_DescANVL_Hornet_F7CS,b922abdb-0634-4358-9eee-60118f3cf3a7,ANVL,manufacturer_NameANVL,Spaceship,scripts/entities/vehicles/implementations/xml/anvl_hornet.xml,F7CS,vehicle_focus_combat,2bf4345e-cf3c-4ecb-91ce-f9daa8ff47f8,vehicle_class_stealthfighter,3b6af9fe-ef2d-44b2-a0b5-79ecf996066e,1,3557.75,1,1,0,a308aeaf-7bf0-4286-b286-4dabc4565531,20516035-a4d1-469a-9212-10d5dbc040c8,libs/foundry/records/entities/spaceships/anvl_hornet_f7cs_pu_ai_crim.xml
ANVL_Hornet_F7CS_PU_AI_UEE_Vixen,vehicle_NameANVL_Hornet_F7CS,vehicle_DescANVL_Hornet_F7CS,b922abdb-0634-4358-9eee-60118f3cf3a7,ANVL,manufacturer_NameANVL,Spaceship,scripts/entities/vehicles/implementations/xml/anvl_hornet.xml,F7CS,vehicle_focus_combat,2bf4345e-cf3c-4ecb-91ce-f9daa8ff47f8,vehicle_class_stealthfighter,3b6af9fe-ef2d-44b2-a0b5-79ecf996066e,1,3557.75,1,1,0,a308aeaf-7bf0-4286-b286-4dabc4565531,43fa28ae-aa9c-4f4b-840b-2a23355c1b6f,libs/foundry/records/entities/spaceships/anvl_hornet_f7cs_pu_ai_uee_vixen.xml
ANVL_Hornet_F7CS_PU_AI_UEE,vehicle_NameANVL_Hornet_F7CS,vehicle_DescANVL_Hornet_F7CS,b922abdb-0634-4358-9eee-60118f3cf3a7,ANVL,manufacturer_NameANVL,Spaceship,scripts/entities/vehicles/implementations/xml/anvl_hornet.xml,F7CS,vehicle_focus_combat,2bf4345e-cf3c-4ecb-91ce-f9daa8ff47f8,vehicle_class_stealthfighter,3b6af9fe-ef2d-44b2-a0b5-79ecf996066e,1,3557.75,1,1,0,a308aeaf-7bf0-4286-b286-4dabc4565531,538f39c8-ea4f-4cf3-a32e-e85d49e8d3e8,libs/foundry/records/entities/spaceships/anvl_hornet_f7cs_pu_ai_uee.xml
ANVL_Hornet_F7CS,vehicle_NameANVL_Hornet_F7CS,vehicle_DescANVL_Hornet_F7CS,b922abdb-0634-4358-9eee-60118f3cf3a7,ANVL,manufacturer_NameANVL,Spaceship,scripts/entities/vehicles/implementations/xml/anvl_hornet.xml,F7CS,vehicle_focus_combat,2bf4345e-cf3c-4ecb-91ce-f9daa8ff47f8,vehicle_class_stealthfighter,3b6af9fe-ef2d-44b2-a0b5-79ecf996066e,1,3557.75,1,1,0,a308aeaf-7bf0-4286-b286-4dabc4565531,63b90c8d-459c-4a27-8cf6-db706ffc49ae,libs/foundry/records/entities/spaceships/anvl_hornet_f7cs.xml
ANVL_Hurricane_PU_AI_CIV,vehicle_NameANVL_Hurricane,vehicle_DescANVL_Hurricane,b922abdb-0634-4358-9eee-60118f3cf3a7,ANVL,manufacturer_NameANVL,Spaceship,scripts/entities/vehicles/implementations/xml/anvl_hurricane.xml,,vehicle_focus_combat,2bf4345e-cf3c-4ecb-91ce-f9daa8ff47f8,vehicle_class_heavyfighter,b9fdb132-72dd-48e4-8fd6-64a4b74595d7,1,3500,1,1,0,f2204ac8-b422-4def-9f0c-6a40540c3064,ac626f3d-7838-47cf-8485-9a7d3da1735f,libs/foundry/records/entities/spaceships/anvl_hurricane_pu_ai_civ.xml
ANVL_Hurricane_PU_AI_CRIM,vehicle_NameANVL_Hurricane,vehicle_DescANVL_Hurricane,b922abdb-0634-4358-9eee-60118f3cf3a7,ANVL,manufacturer_NameANVL,Spaceship,scripts/entities/vehicles/implementations/xml/anvl_hurricane.xml,,vehicle_focus_combat,2bf4345e-cf3c-4ecb-91ce-f9daa8ff47f8,vehicle_class_heavyfighter,b9fdb132-72dd-48e4-8fd6-64a4b74595d7,1,3500,1,1,0,f2204ac8-b422-4def-9f0c-6a40540c3064,72b43cf9-4ce5-4037-917e-fdd88506c691,libs/foundry/records/entities/spaceships/anvl_hurricane_pu_ai_crim.xml
ANVL_Hurricane_PU_AI_FF,vehicle_NameANVL_Hurricane,vehicle_DescANVL_Hurricane,b922abdb-0634-4358-9eee-60118f3cf3a7,ANVL,manufacturer_NameANVL,Spaceship,scripts/entities/vehicles/implementations/xml/anvl_hurricane.xml,,vehicle_focus_combat,2bf4345e-cf3c-4ecb-91ce-f9daa8ff47f8,vehicle_class_heavyfighter,b9fdb132-72dd-48e4-8fd6-64a4b74595d7,1,3500,1,1,0,f2204ac8-b422-4def-9f0c-6a40540c3064,9c8ece14-8312-4ec8-936f-9dddf09d8b9b,libs/foundry/records/entities/spaceships/anvl_hurricane_pu_ai_ff.xml
ANVL_Hurricane_PU_AI_MTS,vehicle_NameANVL_Hurricane,vehicle_DescANVL_Hurricane,b922abdb-0634-4358-9eee-60118f3cf3a7,ANVL,manufacturer_NameANVL,Spaceship,scripts/entities/vehicles/implementations/xml/anvl_hurricane.xml,,vehicle_focus_combat,2bf4345e-cf3c-4ecb-91ce-f9daa8ff47f8,vehicle_class_heavyfighter,b9fdb132-72dd-48e4-8fd6-64a4b74595d7,1,3500,1,1,0,f2204ac8-b422-4def-9f0c-6a40540c3064,59c76b0c-78c2-46bd-9b9c-82963d522690,libs/foundry/records/entities/spaceships/anvl_hurricane_pu_ai_mts.xml
ANVL_Hurricane_PU_AI_UEE,vehicle_NameANVL_Hurricane,vehicle_DescANVL_Hurricane,b922abdb-0634-4358-9eee-60118f3cf3a7,ANVL,manufacturer_NameANVL,Spaceship,scripts/entities/vehicles/implementations/xml/anvl_hurricane.xml,,vehicle_focus_combat,2bf4345e-cf3c-4ecb-91ce-f9daa8ff47f8,vehicle_class_heavyfighter,b9fdb132-72dd-48e4-8fd6-64a4b74595d7,1,3500,1,1,0,f2204ac8-b422-4def-9f0c-6a40540c3064,c9c6e6b8-059b-4aaf-becb-62f1360f30dd,libs/foundry/records/entities/spaceships/anvl_hurricane_pu_ai_uee.xml
ANVL_Hurricane,vehicle_NameANVL_Hurricane,vehicle_DescANVL_Hurricane,b922abdb-0634-4358-9eee-60118f3cf3a7,ANVL,manufacturer_NameANVL,Spaceship,scripts/entities/vehicles/implementations/xml/anvl_hurricane.xml,,vehicle_focus_combat,2bf4345e-cf3c-4ecb-91ce-f9daa8ff47f8,vehicle_class_heavyfighter,b9fdb132-72dd-48e4-8fd6-64a4b74595d7,1,3500,1,1,0,f2204ac8-b422-4def-9f0c-6a40540c3064,3a586d52-4829-4504-8e3a-4ee300bb40cc,libs/foundry/records/entities/spaceships/anvl_hurricane.xml
ANVL_Lightning_F8_AI_CRIM,vehicle_NameANVL_Lightning_F8,vehicle_DescANVL_Lightning_F8,b922abdb-0634-4358-9eee-60118f3cf3a7,ANVL,manufacturer_NameANVL,Spaceship,scripts/entities/vehicles/implementations/xml/anvl_lightning_f8.xml,,vehicle_focus_combat,2bf4345e-cf3c-4ecb-91ce-f9daa8ff47f8,vehicle_class_heavyfighter,b9fdb132-72dd-48e4-8fd6-64a4b74595d7,1,10665,1,0,0,d3917228-8cb2-400a-9001-623f6618ee3b,3a1f4501-c6ea-4b7f-96de-60ec6acceca2,libs/foundry/records/entities/spaceships/anvl_lightning_f8_ai_crim.xml
ANVL_Lightning_F8_Fleetweek_DarkBlue,vehicle_NameANVL_Lightning_F8,vehicle_DescANVL_Lightning_F8,b922abdb-0634-4358-9eee-60118f3cf3a7,ANVL,manufacturer_NameANVL,Spaceship,scripts/entities/vehicles/implementations/xml/anvl_lightning_f8.xml,,vehicle_focus_combat,2bf4345e-cf3c-4ecb-91ce-f9daa8ff47f8,vehicle_class_heavyfighter,b9fdb132-72dd-48e4-8fd6-64a4b74595d7,1,10665,1,0,0,d3917228-8cb2-400a-9001-623f6618ee3b,be9bec97-02bd-4eeb-99bd-ca62f189f7d5,libs/foundry/records/entities/spaceships/anvl_lightning_f8_fleetweek_darkblue.xml
ANVL_Lightning_F8_Fleetweek_Grey,vehicle_NameANVL_Lightning_F8,vehicle_DescANVL_Lightning_F8,b922abdb-0634-4358-9eee-60118f3cf3a7,ANVL,manufacturer_NameANVL,Spaceship,scripts/entities/vehicles/implementations/xml/anvl_lightning_f8.xml,,vehicle_focus_combat,2bf4345e-cf3c-4ecb-91ce-f9daa8ff47f8,vehicle_class_heavyfighter,b9fdb132-72dd-48e4-8fd6-64a4b74595d7,1,10665,1,0,0,d3917228-8cb2-400a-9001-623f6618ee3b,59b4e784-3108-4359-8a68-800bbd3ccf05,libs/foundry/records/entities/spaceships/anvl_lightning_f8_fleetweek_grey.xml
ANVL_Lightning_F8_Fleetweek_LightBlue,vehicle_NameANVL_Lightning_F8,vehicle_DescANVL_Lightning_F8,b922abdb-0634-4358-9eee-60118f3cf3a7,ANVL,manufacturer_NameANVL,Spaceship,scripts/entities/vehicles/implementations/xml/anvl_lightning_f8.xml,,vehicle_focus_combat,2bf4345e-cf3c-4ecb-91ce-f9daa8ff47f8,vehicle_class_heavyfighter,b9fdb132-72dd-48e4-8fd6-64a4b74595d7,1,10665,1,0,0,d3917228-8cb2-400a-9001-623f6618ee3b,744a529a-24f1-4aa1-b2fc-15c1441a5d7e,libs/foundry/records/entities/spaceships/anvl_lightning_f8_fleetweek_lightblue.xml
ANVL_Lightning_F8_Fleetweek_White,vehicle_NameANVL_Lightning_F8,vehicle_DescANVL_Lightning_F8,b922abdb-0634-4358-9eee-60118f3cf3a7,ANVL,manufacturer_NameANVL,Spaceship,scripts/entities/vehicles/implementations/xml/anvl_lightning_f8.xml,,vehicle_focus_combat,2bf4345e-cf3c-4ecb-91ce-f9daa8ff47f8,vehicle_class_heavyfighter,b9fdb132-72dd-48e4-8fd6-64a4b74595d7,1,10665,1,0,0,d3917228-8cb2-400a-9001-623f6618ee3b,e045a6ac-51bc-4a2b-9414-b030b2e0055d,libs/foundry/records/entities/spaceships/anvl_lightning_f8_fleetweek_white.xml
ANVL_Lightning_F8_Fleetweek,vehicle_NameANVL_Lightning_F8,vehicle_DescANVL_Lightning_F8,b922abdb-0634-4358-9eee-60118f3cf3a7,ANVL,manufacturer_NameANVL,Spaceship,scripts/entities/vehicles/implementations/xml/anvl_lightning_f8.xml,,vehicle_focus_combat,2bf4345e-cf3c-4ecb-91ce-f9daa8ff47f8,vehicle_class_heavyfighter,b9fdb132-72dd-48e4-8fd6-64a4b74595d7,1,10665,1,0,0,d3917228-8cb2-400a-9001-623f6618ee3b,45342bf1-66d6-49e2-9979-050e859018a8,libs/foundry/records/entities/spaceships/anvl_lightning_f8_fleetweek.xml
ANVL_Lightning_F8_PU_AI_UEE,vehicle_NameANVL_Lightning_F8,vehicle_DescANVL_Lightning_F8,b922abdb-0634-4358-9eee-60118f3cf3a7,ANVL,manufacturer_NameANVL,Spaceship,scripts/entities/vehicles/implementations/xml/anvl_lightning_f8.xml,,vehicle_focus_combat,2bf4345e-cf3c-4ecb-91ce-f9daa8ff47f8,vehicle_class_heavyfighter,b9fdb132-72dd-48e4-8fd6-64a4b74595d7,1,10665,1,0,0,d3917228-8cb2-400a-9001-623f6618ee3b,251ff06e-327e-4280-9968-5b755528234b,libs/foundry/records/entities/spaceships/anvl_lightning_f8_pu_ai_uee.xml
ANVL_Lightning_F8,vehicle_NameANVL_Lightning_F8,vehicle_DescANVL_Lightning_F8,b922abdb-0634-4358-9eee-60118f3cf3a7,ANVL,manufacturer_NameANVL,Spaceship,scripts/entities/vehicles/implementations/xml/anvl_lightning_f8.xml,,vehicle_focus_combat,2bf4345e-cf3c-4ecb-91ce-f9daa8ff47f8,vehicle_class_heavyfighter,b9fdb132-72dd-48e4-8fd6-64a4b74595d7,1,10665,1,0,0,d3917228-8cb2-400a-9001-623f6618ee3b,1e837261-78d9-4d5b-b17c-90d312d6a3dd,libs/foundry/records/entities/spaceships/anvl_lightning_f8.xml
ANVL_Lightning_F8C_BIS2024_Temp,vehicle_NameANVL_Lightning_F8C,vehicle_DescANVL_Lightning_F8C,b922abdb-0634-4358-9eee-60118f3cf3a7,ANVL,manufacturer_NameANVL,Spaceship,scripts/entities/vehicles/implementations/xml/anvl_lightning_f8.xml,F8C,vehicle_focus_combat,2bf4345e-cf3c-4ecb-91ce-f9daa8ff47f8,vehicle_class_heavyfighter,b9fdb132-72dd-48e4-8fd6-64a4b74595d7,1,10665,1,1,0,d3917228-8cb2-400a-9001-623f6618ee3b,f2bc9d62-1ad8-4989-9307-04fdcfcd994f,libs/foundry/records/entities/spaceships/anvl_lightning_f8c_bis2024_temp.xml
ANVL_Lightning_F8C_Collector_Military,vehicle_NameANVL_Lightning_F8C_Collector_Military,vehicle_DescANVL_Lightning_F8C_Collector_Military,b922abdb-0634-4358-9eee-60118f3cf3a7,ANVL,manufacturer_NameANVL,Spaceship,scripts/entities/vehicles/implementations/xml/anvl_lightning_f8.xml,F8C,vehicle_focus_combat,2bf4345e-cf3c-4ecb-91ce-f9daa8ff47f8,vehicle_class_heavyfighter,b9fdb132-72dd-48e4-8fd6-64a4b74595d7,1,10665,1,1,0,d3917228-8cb2-400a-9001-623f6618ee3b,71f76583-1061-4215-9d05-839a4fb6cabc,libs/foundry/records/entities/spaceships/anvl_lightning_f8c_collector_military.xml
ANVL_Lightning_F8C_Collector_Stealth,vehicle_NameANVL_Lightning_F8C_Collector_Stealth,vehicle_DescANVL_Lightning_F8C_Collector_Stealth,b922abdb-0634-4358-9eee-60118f3cf3a7,ANVL,manufacturer_NameANVL,Spaceship,scripts/entities/vehicles/implementations/xml/anvl_lightning_f8.xml,F8C,vehicle_focus_combat,2bf4345e-cf3c-4ecb-91ce-f9daa8ff47f8,vehicle_class_heavyfighter,b9fdb132-72dd-48e4-8fd6-64a4b74595d7,1,10665,1,1,0,d3917228-8cb2-400a-9001-623f6618ee3b,64f7df97-d423-4360-a25b-176801cb4819,libs/foundry/records/entities/spaceships/anvl_lightning_f8c_collector_stealth.xml
ANVL_Lightning_F8C_Exec_Military,vehicle_NameANVL_Lightning_F8C_PYAM_Exec,vehicle_DescANVL_Lightning_F8C_PYAM_Exec,b922abdb-0634-4358-9eee-60118f3cf3a7,ANVL,manufacturer_NameANVL,Spaceship,scripts/entities/vehicles/implementations/xml/anvl_lightning_f8.xml,F8C_Exec,vehicle_focus_combat,2bf4345e-cf3c-4ecb-91ce-f9daa8ff47f8,vehicle_class_heavyfighter,b9fdb132-72dd-48e4-8fd6-64a4b74595d7,1,10665,1,1,0,d3917228-8cb2-400a-9001-623f6618ee3b,e5d9a28d-4fed-4893-a3e0-c8e10999aef0,libs/foundry/records/entities/spaceships/anvl_lightning_f8c_exec_military.xml
ANVL_Lightning_F8C_Exec_Stealth,vehicle_NameANVL_Lightning_F8C_PYAM_Exec,vehicle_DescANVL_Lightning_F8C_Exec,b922abdb-0634-4358-9eee-60118f3cf3a7,ANVL,manufacturer_NameANVL,Spaceship,scripts/entities/vehicles/implementations/xml/anvl_lightning_f8.xml,F8C_Exec,vehicle_focus_combat,2bf4345e-cf3c-4ecb-91ce-f9daa8ff47f8,vehicle_class_heavyfighter,b9fdb132-72dd-48e4-8fd6-64a4b74595d7,1,10665,1,1,0,d3917228-8cb2-400a-9001-623f6618ee3b,49e65480-0ab3-bead-8207-2da32c2e00ab,libs/foundry/records/entities/spaceships/anvl_lightning_f8c_exec_stealth.xml
ANVL_Lightning_F8C_Exec,vehicle_NameANVL_Lightning_F8C_Exec,vehicle_DescANVL_Lightning_F8C_Exec,b922abdb-0634-4358-9eee-60118f3cf3a7,ANVL,manufacturer_NameANVL,Spaceship,scripts/entities/vehicles/implementations/xml/anvl_lightning_f8.xml,F8C_Exec,vehicle_focus_combat,2bf4345e-cf3c-4ecb-91ce-f9daa8ff47f8,vehicle_class_heavyfighter,b9fdb132-72dd-48e4-8fd6-64a4b74595d7,1,10665,1,1,0,d3917228-8cb2-400a-9001-623f6618ee3b,b67123fd-72b3-43e7-bfb3-069d59ba6190,libs/foundry/records/entities/spaceships/anvl_lightning_f8c_exec.xml
ANVL_Lightning_F8C_Plat,vehicle_NameANVL_Lightning_F8C,vehicle_DescANVL_Lightning_F8C,b922abdb-0634-4358-9eee-60118f3cf3a7,ANVL,manufacturer_NameANVL,Spaceship,scripts/entities/vehicles/implementations/xml/anvl_lightning_f8.xml,F8C,vehicle_focus_combat,2bf4345e-cf3c-4ecb-91ce-f9daa8ff47f8,vehicle_class_heavyfighter,b9fdb132-72dd-48e4-8fd6-64a4b74595d7,1,10665,1,1,0,d3917228-8cb2-400a-9001-623f6618ee3b,71ac02d7-7345-4409-9d60-25def73279be,libs/foundry/records/entities/spaceships/anvl_lightning_f8c_plat.xml
ANVL_Lightning_F8C,vehicle_NameANVL_Lightning_F8C,vehicle_DescANVL_Lightning_F8C,b922abdb-0634-4358-9eee-60118f3cf3a7,ANVL,manufacturer_NameANVL,Spaceship,scripts/entities/vehicles/implementations/xml/anvl_lightning_f8.xml,F8C,vehicle_focus_combat,2bf4345e-cf3c-4ecb-91ce-f9daa8ff47f8,vehicle_class_heavyfighter,b9fdb132-72dd-48e4-8fd6-64a4b74595d7,1,10665,1,1,0,d3917228-8cb2-400a-9001-623f6618ee3b,663b6047-5b06-489c-a906-bc91fb7d6e63,libs/foundry/records/entities/spaceships/anvl_lightning_f8c.xml
ANVL_Paladin_PU_AI_CRIM,vehicle_nameANVL_Paladin,vehicle_descANVL_Paladin,b922abdb-0634-4358-9eee-60118f3cf3a7,ANVL,manufacturer_NameANVL,Spaceship,Scripts/Entities/Vehicles/Implementations/Xml/ANVL_Paladin.xml,,item_ShipFocus_Gunship,2bf4345e-cf3c-4ecb-91ce-f9daa8ff47f8,item_ShipFocus_Gunship,45eebee5-956e-45ba-bd75-4866bf47dff3,4,2500,1,1,0,c86e8472-fe66-419f-8a5d-3a2492bedd40,227df294-de60-4ee3-b5eb-25c5a71dcd7f,libs/foundry/records/entities/spaceships/anvl_paladin_pu_ai_crim.xml
ANVL_Paladin,vehicle_nameANVL_Paladin,vehicle_descANVL_Paladin,b922abdb-0634-4358-9eee-60118f3cf3a7,ANVL,manufacturer_NameANVL,Spaceship,Scripts/Entities/Vehicles/Implementations/Xml/ANVL_Paladin.xml,,item_ShipFocus_Gunship,2bf4345e-cf3c-4ecb-91ce-f9daa8ff47f8,item_ShipFocus_Gunship,45eebee5-956e-45ba-bd75-4866bf47dff3,4,2500,1,1,0,c86e8472-fe66-419f-8a5d-3a2492bedd40,b617902a-6cab-457b-9eb8-494274f659b8,libs/foundry/records/entities/spaceships/anvl_paladin.xml
ANVL_Terrapin_BIS2024_Temp,vehicle_NameANVL_Terrapin,vehicle_DescANVL_Terrapin,b922abdb-0634-4358-9eee-60118f3cf3a7,ANVL,manufacturer_NameANVL,Spaceship,scripts/entities/vehicles/implementations/xml/anvl_terrapin.xml,,vehicle_focus_support,90be8892-b27f-49e6-a2e1-b13801bf4bd5,vehicle_class_pathfinder,8f440187-1d52-41d8-a0f5-b1ce0d34e6bf,1,30000,1,1,0,79f5c82d-ffdc-4f3e-a4cb-423dc2e70fcd,da700e42-dd0e-4251-a45f-99352b6307ba,libs/foundry/records/entities/spaceships/anvl_terrapin_bis2024_temp.xml
ANVL_Terrapin_Medic_AI_Template,vehicle_NameANVL_Terrapin_Medic,vehicle_DescANVL_Terrapin_Medic,b922abdb-0634-4358-9eee-60118f3cf3a7,ANVL,manufacturer_NameANVL,Spaceship,scripts/entities/vehicles/implementations/xml/anvl_terrapin.xml,Terrapin_Medic,vehicle_focus_support,90be8892-b27f-49e6-a2e1-b13801bf4bd5,vehicle_class_medical,8f1c5179-1fe8-42f2-98af-3f5e5b8accb9,1,30000,1,1,0,79f5c82d-ffdc-4f3e-a4cb-423dc2e70fcd,78b2465c-08e7-4ac3-94ea-9d96a6f3c397,libs/foundry/records/entities/spaceships/anvl_terrapin_medic_ai_template.xml
ANVL_Terrapin_Medic_Collector_Medic,vehicle_NameANVL_Terrapin_Medic_Collector_Medic,vehicle_DescANVL_Terrapin_Medic_Collector_Medic,b922abdb-0634-4358-9eee-60118f3cf3a7,ANVL,manufacturer_NameANVL,Spaceship,scripts/entities/vehicles/implementations/xml/anvl_terrapin.xml,Terrapin_Medic,vehicle_focus_support,90be8892-b27f-49e6-a2e1-b13801bf4bd5,vehicle_class_medical,8f1c5179-1fe8-42f2-98af-3f5e5b8accb9,1,30000,1,1,0,79f5c82d-ffdc-4f3e-a4cb-423dc2e70fcd,61cc74dc-fff7-4a1f-b0bf-6f092bcdf023,libs/foundry/records/entities/spaceships/anvl_terrapin_medic_collector_medic.xml
ANVL_Terrapin_Medic_PU_AI_CIV,vehicle_NameANVL_Terrapin_Medic,vehicle_DescANVL_Terrapin_Medic,b922abdb-0634-4358-9eee-60118f3cf3a7,ANVL,manufacturer_NameANVL,Spaceship,scripts/entities/vehicles/implementations/xml/anvl_terrapin.xml,Terrapin_Medic,vehicle_focus_support,90be8892-b27f-49e6-a2e1-b13801bf4bd5,vehicle_class_medical,8f1c5179-1fe8-42f2-98af-3f5e5b8accb9,1,30000,1,1,0,79f5c82d-ffdc-4f3e-a4cb-423dc2e70fcd,58bf9bd1-e468-431e-b9ca-fd9b3ecde1fe,libs/foundry/records/entities/spaceships/anvl_terrapin_medic_pu_ai_civ.xml
ANVL_Terrapin_Medic_PU_AI_CRIM,vehicle_NameANVL_Terrapin_Medic,vehicle_DescANVL_Terrapin_Medic,b922abdb-0634-4358-9eee-60118f3cf3a7,ANVL,manufacturer_NameANVL,Spaceship,scripts/entities/vehicles/implementations/xml/anvl_terrapin.xml,Terrapin_Medic,vehicle_focus_support,90be8892-b27f-49e6-a2e1-b13801bf4bd5,vehicle_class_medical,8f1c5179-1fe8-42f2-98af-3f5e5b8accb9,1,30000,1,1,0,79f5c82d-ffdc-4f3e-a4cb-423dc2e70fcd,4fc53492-25c3-4758-a2c8-0eaaed651de5,libs/foundry/records/entities/spaceships/anvl_terrapin_medic_pu_ai_crim.xml
ANVL_Terrapin_Medic,vehicle_NameANVL_Terrapin_Medic,vehicle_DescANVL_Terrapin_Medic,b922abdb-0634-4358-9eee-60118f3cf3a7,ANVL,manufacturer_NameANVL,Spaceship,scripts/entities/vehicles/implementations/xml/anvl_terrapin.xml,Terrapin_Medic,vehicle_focus_support,90be8892-b27f-49e6-a2e1-b13801bf4bd5,vehicle_class_medical,8f1c5179-1fe8-42f2-98af-3f5e5b8accb9,1,30000,1,1,0,79f5c82d-ffdc-4f3e-a4cb-423dc2e70fcd,35f6ad71-01c6-4762-a18b-99c7fdde9760,libs/foundry/records/entities/spaceships/anvl_terrapin_medic.xml
ANVL_Terrapin_PU_AI_CIV,vehicle_NameANVL_Terrapin,vehicle_DescANVL_Terrapin,b922abdb-0634-4358-9eee-60118f3cf3a7,ANVL,manufacturer_NameANVL,Spaceship,scripts/entities/vehicles/implementations/xml/anvl_terrapin.xml,,vehicle_focus_support,90be8892-b27f-49e6-a2e1-b13801bf4bd5,vehicle_class_pathfinder,8f440187-1d52-41d8-a0f5-b1ce0d34e6bf,1,30000,1,1,0,79f5c82d-ffdc-4f3e-a4cb-423dc2e70fcd,d7370b15-033c-48da-84d3-b54ce292fa6b,libs/foundry/records/entities/spaceships/anvl_terrapin_pu_ai_civ.xml
ANVL_Terrapin_PU_AI_CRIM,vehicle_NameANVL_Terrapin,vehicle_DescANVL_Terrapin,b922abdb-0634-4358-9eee-60118f3cf3a7,ANVL,manufacturer_NameANVL,Spaceship,scripts/entities/vehicles/implementations/xml/anvl_terrapin.xml,,vehicle_focus_support,90be8892-b27f-49e6-a2e1-b13801bf4bd5,vehicle_class_pathfinder,8f440187-1d52-41d8-a0f5-b1ce0d34e6bf,1,30000,1,1,0,79f5c82d-ffdc-4f3e-a4cb-423dc2e70fcd,19c9faf8-63fe-4078-b952-78550562b946,libs/foundry/records/entities/spaceships/anvl_terrapin_pu_ai_crim.xml
ANVL_Terrapin_Unmanned_Salvage,vehicle_NameANVL_Terrapin,vehicle_DescANVL_Terrapin,b922abdb-0634-4358-9eee-60118f3cf3a7,ANVL,manufacturer_NameANVL,Spaceship,scripts/entities/vehicles/implementations/xml/anvl_terrapin.xml,,vehicle_focus_support,90be8892-b27f-49e6-a2e1-b13801bf4bd5,vehicle_class_pathfinder,8f440187-1d52-41d8-a0f5-b1ce0d34e6bf,1,30000,1,1,0,79f5c82d-ffdc-4f3e-a4cb-423dc2e70fcd,941a23f5-34a4-48cf-ab0e-29ddf993ab2d,libs/foundry/records/entities/spaceships/anvl_terrapin_unmanned_salvage.xml
ANVL_Terrapin,vehicle_NameANVL_Terrapin,vehicle_DescANVL_Terrapin,b922abdb-0634-4358-9eee-60118f3cf3a7,ANVL,manufacturer_NameANVL,Spaceship,scripts/entities/vehicles/implementations/xml/anvl_terrapin.xml,,vehicle_focus_support,90be8892-b27f-49e6-a2e1-b13801bf4bd5,vehicle_class_pathfinder,8f440187-1d52-41d8-a0f5-b1ce0d34e6bf,1,30000,1,1,0,79f5c82d-ffdc-4f3e-a4cb-423dc2e70fcd,0920e187-515d-466a-9c6a-a7dde9d2b1bc,libs/foundry/records/entities/spaceships/anvl_terrapin.xml
ANVL_Valkyrie_Advocacy,vehicle_NameANVL_Valkyrie,vehicel_DescANVL_Valkyrie,b922abdb-0634-4358-9eee-60118f3cf3a7,ANVL,manufacturer_NameANVL,Spaceship,scripts/entities/vehicles/implementations/xml/anvl_valkyrie.xml,,vehicle_focus_combat,2bf4345e-cf3c-4ecb-91ce-f9daa8ff47f8,vehicle_class_dropship,6bb18c06-2cb7-46a2-a9b0-46ba37604073,1,30000,1,1,0,571752ce-d873-463c-bb64-bb64f98ee582,563dc3c6-a9eb-4361-9ed0-16e0b7b7ef49,libs/foundry/records/entities/spaceships/anvl_valkyrie_advocacy.xml
ANVL_Valkyrie_AI_DefendShip,vehicle_NameANVL_Valkyrie,vehicel_DescANVL_Valkyrie,b922abdb-0634-4358-9eee-60118f3cf3a7,ANVL,manufacturer_NameANVL,Spaceship,scripts/entities/vehicles/implementations/xml/anvl_valkyrie.xml,,vehicle_focus_combat,2bf4345e-cf3c-4ecb-91ce-f9daa8ff47f8,vehicle_class_dropship,6bb18c06-2cb7-46a2-a9b0-46ba37604073,1,30000,1,1,0,571752ce-d873-463c-bb64-bb64f98ee582,a2bc3932-8f2d-480b-8e44-33e29c6d1098,libs/foundry/records/entities/spaceships/anvl_valkyrie_ai_defendship.xml
ANVL_Valkyrie_AI_Dropship,vehicle_NameANVL_Valkyrie,vehicel_DescANVL_Valkyrie,b922abdb-0634-4358-9eee-60118f3cf3a7,ANVL,manufacturer_NameANVL,Spaceship,scripts/entities/vehicles/implementations/xml/anvl_valkyrie.xml,,vehicle_focus_combat,2bf4345e-cf3c-4ecb-91ce-f9daa8ff47f8,vehicle_class_dropship,6bb18c06-2cb7-46a2-a9b0-46ba37604073,1,30000,1,1,0,571752ce-d873-463c-bb64-bb64f98ee582,89650230-1436-4e02-ac28-b3eb3658db02,libs/foundry/records/entities/spaceships/anvl_valkyrie_ai_dropship.xml
ANVL_Valkyrie_AI_EA_Advocacy_Spawn,vehicle_NameANVL_Valkyrie,vehicel_DescANVL_Valkyrie,b922abdb-0634-4358-9eee-60118f3cf3a7,ANVL,manufacturer_NameANVL,Spaceship,scripts/entities/vehicles/implementations/xml/anvl_valkyrie.xml,,vehicle_focus_combat,2bf4345e-cf3c-4ecb-91ce-f9daa8ff47f8,vehicle_class_dropship,6bb18c06-2cb7-46a2-a9b0-46ba37604073,1,30000,1,1,0,571752ce-d873-463c-bb64-bb64f98ee582,96e7ce31-868c-4ca0-9543-d22036ca68e3,libs/foundry/records/entities/spaceships/anvl_valkyrie_ai_ea_advocacy_spawn.xml
ANVL_Valkyrie_AI_EA_Advocacy,vehicle_NameANVL_Valkyrie,vehicel_DescANVL_Valkyrie,b922abdb-0634-4358-9eee-60118f3cf3a7,ANVL,manufacturer_NameANVL,Spaceship,scripts/entities/vehicles/implementations/xml/anvl_valkyrie.xml,,vehicle_focus_combat,2bf4345e-cf3c-4ecb-91ce-f9daa8ff47f8,vehicle_class_dropship,6bb18c06-2cb7-46a2-a9b0-46ba37604073,1,30000,1,1,0,571752ce-d873-463c-bb64-bb64f98ee582,fc231604-14bb-4a4e-9995-83ed7fe41291,libs/foundry/records/entities/spaceships/anvl_valkyrie_ai_ea_advocacy.xml
ANVL_Valkyrie_AI_PU_AI_CFP,vehicle_NameANVL_Valkyrie,vehicel_DescANVL_Valkyrie,b922abdb-0634-4358-9eee-60118f3cf3a7,ANVL,manufacturer_NameANVL,Spaceship,scripts/entities/vehicles/implementations/xml/anvl_valkyrie.xml,,vehicle_focus_combat,2bf4345e-cf3c-4ecb-91ce-f9daa8ff47f8,vehicle_class_dropship,6bb18c06-2cb7-46a2-a9b0-46ba37604073,1,30000,1,1,0,571752ce-d873-463c-bb64-bb64f98ee582,aa67d2b7-8eff-491a-944a-f6ec16a62699,libs/foundry/records/entities/spaceships/anvl_valkyrie_ai_pu_ai_cfp.xml
ANVL_Valkyrie_AI_PU_AI_HeadHunters,vehicle_NameANVL_Valkyrie,vehicel_DescANVL_Valkyrie,b922abdb-0634-4358-9eee-60118f3cf3a7,ANVL,manufacturer_NameANVL,Spaceship,scripts/entities/vehicles/implementations/xml/anvl_valkyrie.xml,,vehicle_focus_combat,2bf4345e-cf3c-4ecb-91ce-f9daa8ff47f8,vehicle_class_dropship,6bb18c06-2cb7-46a2-a9b0-46ba37604073,1,30000,1,1,0,571752ce-d873-463c-bb64-bb64f98ee582,4f2cd0b3-dc9e-4852-9e6f-e1067927833d,libs/foundry/records/entities/spaceships/anvl_valkyrie_ai_pu_ai_headhunters.xml
ANVL_Valkyrie_AI_PU_AI_Ninetails,vehicle_NameANVL_Valkyrie,vehicel_DescANVL_Valkyrie,b922abdb-0634-4358-9eee-60118f3cf3a7,ANVL,manufacturer_NameANVL,Spaceship,scripts/entities/vehicles/implementations/xml/anvl_valkyrie.xml,,vehicle_focus_combat,2bf4345e-cf3c-4ecb-91ce-f9daa8ff47f8,vehicle_class_dropship,6bb18c06-2cb7-46a2-a9b0-46ba37604073,1,30000,1,1,0,571752ce-d873-463c-bb64-bb64f98ee582,ce79fc56-6cd2-4960-a9e7-38d4428a9094,libs/foundry/records/entities/spaceships/anvl_valkyrie_ai_pu_ai_ninetails.xml
ANVL_Valkyrie_AI_PU_AI_Xenothreat,vehicle_NameANVL_Valkyrie,vehicel_DescANVL_Valkyrie,b922abdb-0634-4358-9eee-60118f3cf3a7,ANVL,manufacturer_NameANVL,Spaceship,scripts/entities/vehicles/implementations/xml/anvl_valkyrie.xml,,vehicle_focus_combat,2bf4345e-cf3c-4ecb-91ce-f9daa8ff47f8,vehicle_class_dropship,6bb18c06-2cb7-46a2-a9b0-46ba37604073,1,30000,1,1,0,571752ce-d873-463c-bb64-bb64f98ee582,a92fd25d-7454-4c2a-bda1-041467e44907,libs/foundry/records/entities/spaceships/anvl_valkyrie_ai_pu_ai_xenothreat.xml
ANVL_Valkyrie_BIS2950,vehicle_NameANVL_Valkyrie,vehicel_DescANVL_Valkyrie,b922abdb-0634-4358-9eee-60118f3cf3a7,ANVL,manufacturer_NameANVL,Spaceship,scripts/entities/vehicles/implementations/xml/anvl_valkyrie.xml,,vehicle_focus_combat,2bf4345e-cf3c-4ecb-91ce-f9daa8ff47f8,vehicle_class_dropship,6bb18c06-2cb7-46a2-a9b0-46ba37604073,1,30000,1,1,0,571752ce-d873-463c-bb64-bb64f98ee582,6f0e14a9-cb6c-4b71-ae92-376867bb1be8,libs/foundry/records/entities/spaceships/anvl_valkyrie_bis2950.xml
ANVL_Valkyrie_CitizenCon,vehicle_NameANVL_Valkyrie_CitizenCon,vehicle_DescANVL_Valkyrie_CitizenCon,b922abdb-0634-4358-9eee-60118f3cf3a7,ANVL,manufacturer_NameANVL,Spaceship,scripts/entities/vehicles/implementations/xml/anvl_valkyrie.xml,CitizenCon,vehicle_focus_combat,2bf4345e-cf3c-4ecb-91ce-f9daa8ff47f8,vehicle_class_dropship,6bb18c06-2cb7-46a2-a9b0-46ba37604073,1,30000,1,1,0,571752ce-d873-463c-bb64-bb64f98ee582,4e62ae95-d173-4b94-8b91-9d85bc963ba1,libs/foundry/records/entities/spaceships/anvl_valkyrie_citizencon.xml
ANVL_Valkyrie_Indestructible,vehicle_NameANVL_Valkyrie,vehicel_DescANVL_Valkyrie,b922abdb-0634-4358-9eee-60118f3cf3a7,ANVL,manufacturer_NameANVL,Spaceship,scripts/entities/vehicles/implementations/xml/anvl_valkyrie.xml,,vehicle_focus_combat,2bf4345e-cf3c-4ecb-91ce-f9daa8ff47f8,vehicle_class_dropship,6bb18c06-2cb7-46a2-a9b0-46ba37604073,1,30000,1,1,0,571752ce-d873-463c-bb64-bb64f98ee582,e34954b5-c87c-4d8a-a6e6-346538dc63e9,libs/foundry/records/entities/spaceships/anvl_valkyrie_indestructible.xml
ANVL_Valkyrie_PU_AI_Advocacy,vehicle_NameANVL_Valkyrie,vehicel_DescANVL_Valkyrie,b922abdb-0634-4358-9eee-60118f3cf3a7,ANVL,manufacturer_NameANVL,Spaceship,scripts/entities/vehicles/implementations/xml/anvl_valkyrie.xml,,vehicle_focus_combat,2bf4345e-cf3c-4ecb-91ce-f9daa8ff47f8,vehicle_class_dropship,6bb18c06-2cb7-46a2-a9b0-46ba37604073,1,30000,1,1,0,571752ce-d873-463c-bb64-bb64f98ee582,5acae653-0a3b-469f-91c2-54b7e427bc0b,libs/foundry/records/entities/spaceships/anvl_valkyrie_pu_ai_advocacy.xml
ANVL_Valkyrie_PU_AI_BH_QIG,vehicle_NameANVL_Valkyrie,vehicel_DescANVL_Valkyrie,b922abdb-0634-4358-9eee-60118f3cf3a7,ANVL,manufacturer_NameANVL,Spaceship,scripts/entities/vehicles/implementations/xml/anvl_valkyrie.xml,,vehicle_focus_combat,2bf4345e-cf3c-4ecb-91ce-f9daa8ff47f8,vehicle_class_dropship,6bb18c06-2cb7-46a2-a9b0-46ba37604073,1,30000,1,1,0,571752ce-d873-463c-bb64-bb64f98ee582,91688e54-8b1a-4996-8c35-847221d8586a,libs/foundry/records/entities/spaceships/anvl_valkyrie_pu_ai_bh_qig.xml
ANVL_Valkyrie_PU_AI_CIV,vehicle_NameANVL_Valkyrie,vehicel_DescANVL_Valkyrie,b922abdb-0634-4358-9eee-60118f3cf3a7,ANVL,manufacturer_NameANVL,Spaceship,scripts/entities/vehicles/implementations/xml/anvl_valkyrie.xml,,vehicle_focus_combat,2bf4345e-cf3c-4ecb-91ce-f9daa8ff47f8,vehicle_class_dropship,6bb18c06-2cb7-46a2-a9b0-46ba37604073,1,30000,1,1,0,571752ce-d873-463c-bb64-bb64f98ee582,42f92db6-04aa-4c76-b75c-c5fe5639e1da,libs/foundry/records/entities/spaceships/anvl_valkyrie_pu_ai_civ.xml
ANVL_Valkyrie_PU_AI_CRIM,vehicle_NameANVL_Valkyrie,vehicel_DescANVL_Valkyrie,b922abdb-0634-4358-9eee-60118f3cf3a7,ANVL,manufacturer_NameANVL,Spaceship,scripts/entities/vehicles/implementations/xml/anvl_valkyrie.xml,,vehicle_focus_combat,2bf4345e-cf3c-4ecb-91ce-f9daa8ff47f8,vehicle_class_dropship,6bb18c06-2cb7-46a2-a9b0-46ba37604073,1,30000,1,1,0,571752ce-d873-463c-bb64-bb64f98ee582,4b84fdc5-264b-40f1-8421-8fe461796fd5,libs/foundry/records/entities/spaceships/anvl_valkyrie_pu_ai_crim.xml
ANVL_Valkyrie_PU_AI_FF,vehicle_NameANVL_Valkyrie,vehicel_DescANVL_Valkyrie,b922abdb-0634-4358-9eee-60118f3cf3a7,ANVL,manufacturer_NameANVL,Spaceship,scripts/entities/vehicles/implementations/xml/anvl_valkyrie.xml,,vehicle_focus_combat,2bf4345e-cf3c-4ecb-91ce-f9daa8ff47f8,vehicle_class_dropship,6bb18c06-2cb7-46a2-a9b0-46ba37604073,1,30000,1,1,0,571752ce-d873-463c-bb64-bb64f98ee582,9aadf2dd-c532-4327-ace3-c84da1733df5,libs/foundry/records/entities/spaceships/anvl_valkyrie_pu_ai_ff.xml
ANVL_Valkyrie_PU_AI_NT_QIG,vehicle_NameANVL_Valkyrie,vehicel_DescANVL_Valkyrie,b922abdb-0634-4358-9eee-60118f3cf3a7,ANVL,manufacturer_NameANVL,Spaceship,scripts/entities/vehicles/implementations/xml/anvl_valkyrie.xml,,vehicle_focus_combat,2bf4345e-cf3c-4ecb-91ce-f9daa8ff47f8,vehicle_class_dropship,6bb18c06-2cb7-46a2-a9b0-46ba37604073,1,30000,1,1,0,571752ce-d873-463c-bb64-bb64f98ee582,2ad4d045-8c4d-4d79-98cd-68deb33744a0,libs/foundry/records/entities/spaceships/anvl_valkyrie_pu_ai_nt_qig.xml
ANVL_Valkyrie_PU_AI_NT,vehicle_NameANVL_Valkyrie,vehicel_DescANVL_Valkyrie,b922abdb-0634-4358-9eee-60118f3cf3a7,ANVL,manufacturer_NameANVL,Spaceship,scripts/entities/vehicles/implementations/xml/anvl_valkyrie.xml,,vehicle_focus_combat,2bf4345e-cf3c-4ecb-91ce-f9daa8ff47f8,vehicle_class_dropship,6bb18c06-2cb7-46a2-a9b0-46ba37604073,1,30000,1,1,0,571752ce-d873-463c-bb64-bb64f98ee582,5cc94449-423e-4d97-83b4-5214ddb80257,libs/foundry/records/entities/spaceships/anvl_valkyrie_pu_ai_nt.xml
ANVL_Valkyrie_PU_AI_SEC_Hurston,vehicle_NameANVL_Valkyrie,vehicel_DescANVL_Valkyrie,b922abdb-0634-4358-9eee-60118f3cf3a7,ANVL,manufacturer_NameANVL,Spaceship,scripts/entities/vehicles/implementations/xml/anvl_valkyrie.xml,,vehicle_focus_combat,2bf4345e-cf3c-4ecb-91ce-f9daa8ff47f8,vehicle_class_dropship,6bb18c06-2cb7-46a2-a9b0-46ba37604073,1,30000,1,1,0,571752ce-d873-463c-bb64-bb64f98ee582,ef211e5a-6721-4d32-8970-48b488a93ba9,libs/foundry/records/entities/spaceships/anvl_valkyrie_pu_ai_sec_hurston.xml
ANVL_Valkyrie_PU_AI_SEC_MicroTech,vehicle_NameANVL_Valkyrie,vehicel_DescANVL_Valkyrie,b922abdb-0634-4358-9eee-60118f3cf3a7,ANVL,manufacturer_NameANVL,Spaceship,scripts/entities/vehicles/implementations/xml/anvl_valkyrie.xml,,vehicle_focus_combat,2bf4345e-cf3c-4ecb-91ce-f9daa8ff47f8,vehicle_class_dropship,6bb18c06-2cb7-46a2-a9b0-46ba37604073,1,30000,1,1,0,571752ce-d873-463c-bb64-bb64f98ee582,6df9c9f3-f1c2-4c34-af89-085a8ac96c84,libs/foundry/records/entities/spaceships/anvl_valkyrie_pu_ai_sec_microtech.xml
ANVL_Valkyrie_PU_AI_Xenothreat,vehicle_NameANVL_Valkyrie,vehicel_DescANVL_Valkyrie,b922abdb-0634-4358-9eee-60118f3cf3a7,ANVL,manufacturer_NameANVL,Spaceship,scripts/entities/vehicles/implementations/xml/anvl_valkyrie.xml,,vehicle_focus_combat,2bf4345e-cf3c-4ecb-91ce-f9daa8ff47f8,vehicle_class_dropship,6bb18c06-2cb7-46a2-a9b0-46ba37604073,1,30000,1,1,0,571752ce-d873-463c-bb64-bb64f98ee582,07c37869-6616-4106-95ba-c0589572ba2e,libs/foundry/records/entities/spaceships/anvl_valkyrie_pu_ai_xenothreat.xml
ANVL_Valkyrie_Unmanned_NineTails,vehicle_NameANVL_Valkyrie,vehicel_DescANVL_Valkyrie,b922abdb-0634-4358-9eee-60118f3cf3a7,ANVL,manufacturer_NameANVL,Spaceship,scripts/entities/vehicles/implementations/xml/anvl_valkyrie.xml,,vehicle_focus_combat,2bf4345e-cf3c-4ecb-91ce-f9daa8ff47f8,vehicle_class_dropship,6bb18c06-2cb7-46a2-a9b0-46ba37604073,1,30000,1,1,0,571752ce-d873-463c-bb64-bb64f98ee582,bb0a5f1b-cbc8-4f21-a17e-4334a4f9f75c,libs/foundry/records/entities/spaceships/anvl_valkyrie_unmanned_ninetails.xml
ANVL_Valkyrie_Unmanned_Salvage,vehicle_NameANVL_Valkyrie,vehicel_DescANVL_Valkyrie,b922abdb-0634-4358-9eee-60118f3cf3a7,ANVL,manufacturer_NameANVL,Spaceship,scripts/entities/vehicles/implementations/xml/anvl_valkyrie.xml,,vehicle_focus_combat,2bf4345e-cf3c-4ecb-91ce-f9daa8ff47f8,vehicle_class_dropship,6bb18c06-2cb7-46a2-a9b0-46ba37604073,1,30000,1,1,0,571752ce-d873-463c-bb64-bb64f98ee582,8a246bd2-fcdd-4226-a105-df7fa3893177,libs/foundry/records/entities/spaceships/anvl_valkyrie_unmanned_salvage.xml
ANVL_Valkyrie,vehicle_NameANVL_Valkyrie,vehicel_DescANVL_Valkyrie,b922abdb-0634-4358-9eee-60118f3cf3a7,ANVL,manufacturer_NameANVL,Spaceship,scripts/entities/vehicles/implementations/xml/anvl_valkyrie.xml,,vehicle_focus_combat,2bf4345e-cf3c-4ecb-91ce-f9daa8ff47f8,vehicle_class_dropship,6bb18c06-2cb7-46a2-a9b0-46ba37604073,1,30000,1,1,0,571752ce-d873-463c-bb64-bb64f98ee582,881e3879-a186-44da-8b47-1d8f0a846438,libs/foundry/records/entities/spaceships/anvl_valkyrie.xml
ARGO_MOLE_PU_AI_CIV,vehicle_NameARGO_Mole,vehicle_DescARGO_Mole,9e1f5a35-edcc-4d19-bede-08e2730043c5,ARGO,manufacturer_NameARGO,Spaceship,scripts/entities/vehicles/implementations/xml/argo_mole.xml,,vehicle_focus_resources,0c06d7fa-963b-4fb3-b9a6-5e03a140bed3,vehicle_class_mediummining,443e9460-f9be-42de-93f4-6d5f3b67a8e6,5,22575,1,1,0,ec7e4c46-cd7f-4cda-b3b3-92594f830265,1489112b-0320-4f17-b0b3-35a1ac4d60eb,libs/foundry/records/entities/spaceships/argo_mole_pu_ai_civ.xml
ARGO_MOLE_PU_AI_CRIM,vehicle_NameARGO_Mole,vehicle_DescARGO_Mole,9e1f5a35-edcc-4d19-bede-08e2730043c5,ARGO,manufacturer_NameARGO,Spaceship,scripts/entities/vehicles/implementations/xml/argo_mole.xml,,vehicle_focus_resources,0c06d7fa-963b-4fb3-b9a6-5e03a140bed3,vehicle_class_mediummining,443e9460-f9be-42de-93f4-6d5f3b67a8e6,5,22575,1,1,0,ec7e4c46-cd7f-4cda-b3b3-92594f830265,db645282-cae9-49d7-af91-06479dd957fd,libs/foundry/records/entities/spaceships/argo_mole_pu_ai_crim.xml
ARGO_MOLE_Teach,vehicle_NameARGO_Mole_Teach,vehicle_DescARGO_Mole_Teach,9e1f5a35-edcc-4d19-bede-08e2730043c5,ARGO,manufacturer_NameARGO,Spaceship,scripts/entities/vehicles/implementations/xml/argo_mole.xml,,vehicle_focus_resources,0c06d7fa-963b-4fb3-b9a6-5e03a140bed3,vehicle_class_mediummining,443e9460-f9be-42de-93f4-6d5f3b67a8e6,5,22575,1,1,0,ec7e4c46-cd7f-4cda-b3b3-92594f830265,3d4262ea-fd4b-45d3-bad0-975bae76f630,libs/foundry/records/entities/spaceships/argo_mole_teach.xml
ARGO_MOLE_Unmanned_Salvage,vehicle_NameARGO_Mole,vehicle_DescARGO_Mole,9e1f5a35-edcc-4d19-bede-08e2730043c5,ARGO,manufacturer_NameARGO,Spaceship,scripts/entities/vehicles/implementations/xml/argo_mole.xml,,vehicle_focus_resources,0c06d7fa-963b-4fb3-b9a6-5e03a140bed3,vehicle_class_mediummining,443e9460-f9be-42de-93f4-6d5f3b67a8e6,5,22575,1,0,0,ec7e4c46-cd7f-4cda-b3b3-92594f830265,475a2886-69cf-4db2-bdd5-0142cb87115f,libs/foundry/records/entities/spaceships/argo_mole_unmanned_salvage.xml
ARGO_MOLE,vehicle_NameARGO_Mole,vehicle_DescARGO_Mole,9e1f5a35-edcc-4d19-bede-08e2730043c5,ARGO,manufacturer_NameARGO,Spaceship,scripts/entities/vehicles/implementations/xml/argo_mole.xml,,vehicle_focus_resources,0c06d7fa-963b-4fb3-b9a6-5e03a140bed3,vehicle_class_mediummining,443e9460-f9be-42de-93f4-6d5f3b67a8e6,5,22575,1,1,0,ec7e4c46-cd7f-4cda-b3b3-92594f830265,ecdfd0df-6c5f-4183-a24b-9e1546e00a4e,libs/foundry/records/entities/spaceships/argo_mole.xml
ARGO_MOTH,vehicle_NameARGO_MOTH,vehicle_DescARGO_MOTH,9e1f5a35-edcc-4d19-bede-08e2730043c5,ARGO,manufacturer_NameARGO,Spaceship,Scripts/Entities/Vehicles/Implementations/Xml/argo_moth.xml,,vehicle_focus_resources,0c06d7fa-963b-4fb3-b9a6-5e03a140bed3,vehicle_class_mediumsalvage,06dea45a-be2b-4147-8a57-b9a1db46eeea,3,2500,1,1,0,c5efc6cb-bbed-4e9c-a42b-623b30417ab0,aaa12a00-a1e7-4dfc-8626-3bebb005209f,libs/foundry/records/entities/spaceships/argo_moth.xml
ARGO_MPUV_1T,vehicle_NameARGO_MPUV_Tractor,vehicle_DescARGO_MPUV_Tractor,9e1f5a35-edcc-4d19-bede-08e2730043c5,ARGO,manufacturer_NameARGO,Spaceship,scripts/entities/vehicles/implementations/xml/argo_mpuv_1t.xml,,vehicle_focus_transporter,d86d770d-1fc4-4525-b3b0-4f670a8a5634,vehicle_class_lightfreight,ff99d78e-3a6a-4e4d-8b1c-59e87a005c11,1,2500,1,1,0,2e35bd8c-c53b-425f-9f4b-3e30a08f2217,674e0a52-4469-4b55-ba0d-6aecc44d1728,libs/foundry/records/entities/spaceships/argo_mpuv_1t.xml
ARGO_MPUV_PU_AI_CIV_LORVILLE,vehicle_NameARGO_MPUV,vehicle_DescARGO_MPUV,9e1f5a35-edcc-4d19-bede-08e2730043c5,ARGO,manufacturer_NameARGO,Spaceship,scripts/entities/vehicles/implementations/xml/argo_mpuv.xml,,vehicle_focus_transporter,d86d770d-1fc4-4525-b3b0-4f670a8a5634,vehicle_class_lightfreight,ff99d78e-3a6a-4e4d-8b1c-59e87a005c11,1,2500,1,1,0,718eab56-f705-45f3-bb36-c1f571160892,fab59f1c-a279-4413-aca9-03fa58617a73,libs/foundry/records/entities/spaceships/argo_mpuv_pu_ai_civ_lorville.xml
ARGO_MPUV_Transport,vehicle_NameARGO_MPUV_Transport,vehicle_DescARGO_MPUV_Transport,9e1f5a35-edcc-4d19-bede-08e2730043c5,ARGO,manufacturer_NameARGO,Spaceship,scripts/entities/vehicles/implementations/xml/argo_mpuv.xml,Transport,vehicle_focus_transporter,d86d770d-1fc4-4525-b3b0-4f670a8a5634,vehicle_class_passenger,e23c9136-14ab-4814-8c99-50973444f9c4,1,2500,1,1,0,e314725d-c801-498f-9c0e-1fa0e64e5427,e17ccf62-f2d2-4c4e-a132-a3000d40fbde,libs/foundry/records/entities/spaceships/argo_mpuv_transport.xml
ARGO_MPUV,vehicle_NameARGO_MPUV,vehicle_DescARGO_MPUV,9e1f5a35-edcc-4d19-bede-08e2730043c5,ARGO,manufacturer_NameARGO,Spaceship,scripts/entities/vehicles/implementations/xml/argo_mpuv.xml,,vehicle_focus_transporter,d86d770d-1fc4-4525-b3b0-4f670a8a5634,vehicle_class_lightfreight,ff99d78e-3a6a-4e4d-8b1c-59e87a005c11,1,2500,1,1,0,718eab56-f705-45f3-bb36-c1f571160892,e19fc6c3-f5fa-4623-9a17-b00a29b71500,libs/foundry/records/entities/spaceships/argo_mpuv.xml
ARGO_RAFT_Collector_Indust,vehicle_NameARGO_RAFT_Collector_Indust,vehicle_DescARGO_RAFT_Collector_Indust,9e1f5a35-edcc-4d19-bede-08e2730043c5,ARGO,manufacturer_NameARGO,Spaceship,scripts/entities/vehicles/implementations/xml/argo_raft.xml,,vehicle_focus_transporter,d86d770d-1fc4-4525-b3b0-4f670a8a5634,vehicle_class_mediumfreight,4c0633a2-887f-4231-a40a-d366224f01d5,2,25000,1,1,0,84b5eac3-e074-49b4-ad35-d17d2877d6c4,84cfa722-9a24-48f1-87af-637f45b340a0,libs/foundry/records/entities/spaceships/argo_raft_collector_indust.xml
ARGO_RAFT_PU_AI_CIV_DEF,vehicle_NameARGO_RAFT,vehicle_DescARGO_RAFT,9e1f5a35-edcc-4d19-bede-08e2730043c5,ARGO,manufacturer_NameARGO,Spaceship,scripts/entities/vehicles/implementations/xml/argo_raft.xml,,vehicle_focus_transporter,d86d770d-1fc4-4525-b3b0-4f670a8a5634,vehicle_class_mediumfreight,4c0633a2-887f-4231-a40a-d366224f01d5,2,25000,1,1,0,84b5eac3-e074-49b4-ad35-d17d2877d6c4,9f730096-c474-472c-95d3-347214c9888d,libs/foundry/records/entities/spaceships/argo_raft_pu_ai_civ_def.xml
ARGO_RAFT_PU_AI_CIV,vehicle_NameARGO_RAFT,vehicle_DescARGO_RAFT,9e1f5a35-edcc-4d19-bede-08e2730043c5,ARGO,manufacturer_NameARGO,Spaceship,scripts/entities/vehicles/implementations/xml/argo_raft.xml,,vehicle_focus_transporter,d86d770d-1fc4-4525-b3b0-4f670a8a5634,vehicle_class_mediumfreight,4c0633a2-887f-4231-a40a-d366224f01d5,2,25000,1,1,0,84b5eac3-e074-49b4-ad35-d17d2877d6c4,b052b2d8-c7e7-4091-bdcc-4dac5c6b1321,libs/foundry/records/entities/spaceships/argo_raft_pu_ai_civ.xml
ARGO_RAFT_PU_AI_CRIM,vehicle_NameARGO_RAFT,vehicle_DescARGO_RAFT,9e1f5a35-edcc-4d19-bede-08e2730043c5,ARGO,manufacturer_NameARGO,Spaceship,scripts/entities/vehicles/implementations/xml/argo_raft.xml,,vehicle_focus_transporter,d86d770d-1fc4-4525-b3b0-4f670a8a5634,vehicle_class_mediumfreight,4c0633a2-887f-4231-a40a-d366224f01d5,2,25000,1,1,0,84b5eac3-e074-49b4-ad35-d17d2877d6c4,e83e146e-d3b3-4a6f-b786-d1b71c3f4031,libs/foundry/records/entities/spaceships/argo_raft_pu_ai_crim.xml
ARGO_RAFT_Unmanned_Salvage,vehicle_NameARGO_RAFT,vehicle_DescARGO_RAFT,9e1f5a35-edcc-4d19-bede-08e2730043c5,ARGO,manufacturer_NameARGO,Spaceship,scripts/entities/vehicles/implementations/xml/argo_raft.xml,,vehicle_focus_transporter,d86d770d-1fc4-4525-b3b0-4f670a8a5634,vehicle_class_mediumfreight,4c0633a2-887f-4231-a40a-d366224f01d5,2,25000,1,0,0,84b5eac3-e074-49b4-ad35-d17d2877d6c4,33caed54-35eb-49a4-bc5c-16f551bf4006,libs/foundry/records/entities/spaceships/argo_raft_unmanned_salvage.xml
ARGO_RAFT,vehicle_NameARGO_RAFT,vehicle_DescARGO_RAFT,9e1f5a35-edcc-4d19-bede-08e2730043c5,ARGO,manufacturer_NameARGO,Spaceship,scripts/entities/vehicles/implementations/xml/argo_raft.xml,,vehicle_focus_transporter,d86d770d-1fc4-4525-b3b0-4f670a8a5634,vehicle_class_mediumfreight,4c0633a2-887f-4231-a40a-d366224f01d5,2,25000,1,1,0,84b5eac3-e074-49b4-ad35-d17d2877d6c4,cf9aa91e-15bf-435c-a22d-f2cadc4485ce,libs/foundry/records/entities/spaceships/argo_raft.xml
ARGO_SRV,vehicle_NameARGO_SRV,vehicle_DescARGO_SRV,9e1f5a35-edcc-4d19-bede-08e2730043c5,ARGO,manufacturer_NameARGO,Spaceship,Scripts/Entities/Vehicles/Implementations/Xml/ARGO_SRV.xml,,vehicle_focus_support,90be8892-b27f-49e6-a2e1-b13801bf4bd5,vehicle_class_recovery,01f718fe-78e1-4e1b-850a-b3651f169a46,1,10000,1,1,0,f970d216-3d90-4566-83d6-b0df6b4275d0,1810d1a7-61e3-4d95-bafb-0f11758c7683,libs/foundry/records/entities/spaceships/argo_srv.xml
BANU_Defender_PU_AI_CIV,vehicle_NameBanu_Defender,vehicle_DescBanu_Defender,2b5ba252-e826-4356-ac0d-8d88007ea386,BANU,manufacturer_NameBANU,Spaceship,scripts/entities/vehicles/implementations/xml/banu_defender.xml,,vehicle_focus_combat,2bf4345e-cf3c-4ecb-91ce-f9daa8ff47f8,vehicle_class_lightfighter,bf73e515-0e01-409e-84fb-acbef27e1686,1,3500,1,1,0,3aeea911-0ed8-4788-b1d7-cb9f2613bfde,4c52661b-c6cc-4e7c-b4ef-aa134c5c6644,libs/foundry/records/entities/spaceships/banu_defender_pu_ai_civ.xml
BANU_Defender_PU_AI_CRIM,vehicle_NameBanu_Defender,vehicle_DescBanu_Defender,2b5ba252-e826-4356-ac0d-8d88007ea386,BANU,manufacturer_NameBANU,Spaceship,scripts/entities/vehicles/implementations/xml/banu_defender.xml,,vehicle_focus_combat,2bf4345e-cf3c-4ecb-91ce-f9daa8ff47f8,vehicle_class_lightfighter,bf73e515-0e01-409e-84fb-acbef27e1686,1,3500,1,1,0,3aeea911-0ed8-4788-b1d7-cb9f2613bfde,ac8c6e82-3f8a-4015-baaf-ef67b1d141b1,libs/foundry/records/entities/spaceships/banu_defender_pu_ai_crim.xml
BANU_Defender_PU_AI_DefendShip,vehicle_NameBanu_Defender,vehicle_DescBanu_Defender,2b5ba252-e826-4356-ac0d-8d88007ea386,BANU,manufacturer_NameBANU,Spaceship,scripts/entities/vehicles/implementations/xml/banu_defender.xml,,vehicle_focus_combat,2bf4345e-cf3c-4ecb-91ce-f9daa8ff47f8,vehicle_class_lightfighter,bf73e515-0e01-409e-84fb-acbef27e1686,1,3500,1,1,0,3aeea911-0ed8-4788-b1d7-cb9f2613bfde,af9d9611-5345-425f-9dcb-20ffee1f8435,libs/foundry/records/entities/spaceships/banu_defender_pu_ai_defendship.xml
BANU_Defender,vehicle_NameBanu_Defender,vehicle_DescBanu_Defender,2b5ba252-e826-4356-ac0d-8d88007ea386,BANU,manufacturer_NameBANU,Spaceship,scripts/entities/vehicles/implementations/xml/banu_defender.xml,,vehicle_focus_combat,2bf4345e-cf3c-4ecb-91ce-f9daa8ff47f8,vehicle_class_lightfighter,bf73e515-0e01-409e-84fb-acbef27e1686,1,3500,1,1,0,3aeea911-0ed8-4788-b1d7-cb9f2613bfde,081236f5-9549-4a60-9123-6ae21f0cd261,libs/foundry/records/entities/spaceships/banu_defender.xml
CNOU_HoverQuad,vehicle_NameCNOU_HoverQuad,vehicle_DescCNOU_HoverQuad,ec227ef3-fb08-4897-abdb-579eb4e87c25,CNOU,manufacturer_NameCNOU,Spaceship,Scripts/Entities/Vehicles/Implementations/Xml/CNOU_HoverQuad.xml,,vehicle_focus_exploration,605f6ca1-9eae-4d78-9f7f-71288d44dada,vehicle_class_passenger,e23c9136-14ab-4814-8c99-50973444f9c4,1,2500,1,1,1,d8ebb993-cbf7-41d9-bfd1-413ec1fca5fb,16ff4365-ac34-4b09-a132-d52d51f688d4,libs/foundry/records/entities/spaceships/cnou_hoverquad.xml
CNOU_Mustang_Alpha_CitizenCon2018,vehicle_NameCNOU_Mustang_Alpha_CitizenCon2018,vehicle_DescCNOU_Mustang_Alpha_CitizenCon18,ec227ef3-fb08-4897-abdb-579eb4e87c25,CNOU,manufacturer_NameCNOU,Spaceship,scripts/entities/vehicles/implementations/xml/cnou_mustang.xml,,vehicle_focus_multirole,17924962-38db-4bd7-a6ae-7c54d925519f,vehicle_class_starterlightfreight,19438029-744c-4872-bbcf-4b9c2d4ab40a,1,1850,1,1,0,c082f263-44b3-4231-8e0f-443262f1003c,439c5671-acad-4eb6-9f09-ba54165d1cb5,libs/foundry/records/entities/spaceships/cnou_mustang_alpha_citizencon2018.xml
CNOU_Mustang_Alpha_PU_AI_CIV,vehicle_NameCNOU_Mustang_Alpha,vehicle_DescCNOU_Mustang_Alpha,ec227ef3-fb08-4897-abdb-579eb4e87c25,CNOU,manufacturer_NameCNOU,Spaceship,scripts/entities/vehicles/implementations/xml/cnou_mustang.xml,,vehicle_focus_multirole,17924962-38db-4bd7-a6ae-7c54d925519f,vehicle_class_starterlightfreight,19438029-744c-4872-bbcf-4b9c2d4ab40a,1,1850,1,1,0,c082f263-44b3-4231-8e0f-443262f1003c,49c01817-a661-4257-b286-da9d651a898b,libs/foundry/records/entities/spaceships/cnou_mustang_alpha_pu_ai_civ.xml
CNOU_Mustang_Alpha_PU_AI_CRIM,vehicle_NameCNOU_Mustang_Alpha,vehicle_DescCNOU_Mustang_Alpha,ec227ef3-fb08-4897-abdb-579eb4e87c25,CNOU,manufacturer_NameCNOU,Spaceship,scripts/entities/vehicles/implementations/xml/cnou_mustang.xml,,vehicle_focus_multirole,17924962-38db-4bd7-a6ae-7c54d925519f,vehicle_class_starterlightfreight,19438029-744c-4872-bbcf-4b9c2d4ab40a,1,1850,1,1,0,c082f263-44b3-4231-8e0f-443262f1003c,8f84a4bf-96de-4bb0-ab56-d39e3c4dbbfb,libs/foundry/records/entities/spaceships/cnou_mustang_alpha_pu_ai_crim.xml
CNOU_Mustang_Alpha,vehicle_NameCNOU_Mustang_Alpha,vehicle_DescCNOU_Mustang_Alpha,ec227ef3-fb08-4897-abdb-579eb4e87c25,CNOU,manufacturer_NameCNOU,Spaceship,scripts/entities/vehicles/implementations/xml/cnou_mustang.xml,,vehicle_focus_multirole,17924962-38db-4bd7-a6ae-7c54d925519f,vehicle_class_starterlightfreight,19438029-744c-4872-bbcf-4b9c2d4ab40a,1,1850,1,1,0,c082f263-44b3-4231-8e0f-443262f1003c,a852bb00-e395-468f-9adc-78b3df9c82f6,libs/foundry/records/entities/spaceships/cnou_mustang_alpha.xml
CNOU_Mustang_Beta_PU_AI_CIV,vehicle_NameCNOU_Mustang_Beta,vehicle_DescCNOU_Mustang_Beta,ec227ef3-fb08-4897-abdb-579eb4e87c25,CNOU,manufacturer_NameCNOU,Spaceship,scripts/entities/vehicles/implementations/xml/cnou_mustang.xml,Beta,vehicle_focus_exploration,605f6ca1-9eae-4d78-9f7f-71288d44dada,vehicle_class_pathfinder,8f440187-1d52-41d8-a0f5-b1ce0d34e6bf,1,1850,1,1,0,c8b1acd2-fa03-4e2c-83cc-514567ae4370,f6c9b4d5-b9be-4018-89b1-40c6cdb302c9,libs/foundry/records/entities/spaceships/cnou_mustang_beta_pu_ai_civ.xml
CNOU_Mustang_Beta_PU_AI_CRIM,vehicle_NameCNOU_Mustang_Beta,vehicle_DescCNOU_Mustang_Beta,ec227ef3-fb08-4897-abdb-579eb4e87c25,CNOU,manufacturer_NameCNOU,Spaceship,scripts/entities/vehicles/implementations/xml/cnou_mustang.xml,Beta,vehicle_focus_exploration,605f6ca1-9eae-4d78-9f7f-71288d44dada,vehicle_class_pathfinder,8f440187-1d52-41d8-a0f5-b1ce0d34e6bf,1,1850,1,1,0,c8b1acd2-fa03-4e2c-83cc-514567ae4370,27149c3e-4487-4523-921b-f488055ccef7,libs/foundry/records/entities/spaceships/cnou_mustang_beta_pu_ai_crim.xml
CNOU_Mustang_Beta,vehicle_NameCNOU_Mustang_Beta,vehicle_DescCNOU_Mustang_Beta,ec227ef3-fb08-4897-abdb-579eb4e87c25,CNOU,manufacturer_NameCNOU,Spaceship,scripts/entities/vehicles/implementations/xml/cnou_mustang.xml,Beta,vehicle_focus_exploration,605f6ca1-9eae-4d78-9f7f-71288d44dada,vehicle_class_pathfinder,8f440187-1d52-41d8-a0f5-b1ce0d34e6bf,1,1850,1,1,0,c8b1acd2-fa03-4e2c-83cc-514567ae4370,973bc147-4422-48a6-99c8-6ff0ead25bdf,libs/foundry/records/entities/spaceships/cnou_mustang_beta.xml
CNOU_Mustang_Delta_PU_AI_CIV,vehicle_NameCNOU_Mustang_Delta,vehicle_DescCNOU_Mustang_Delta,ec227ef3-fb08-4897-abdb-579eb4e87c25,CNOU,manufacturer_NameCNOU,Spaceship,scripts/entities/vehicles/implementations/xml/cnou_mustang.xml,Delta,vehicle_focus_combat,2bf4345e-cf3c-4ecb-91ce-f9daa8ff47f8,vehicle_class_lightfighter,bf73e515-0e01-409e-84fb-acbef27e1686,1,1850,1,1,0,f336aef9-58c6-403b-9a69-1d3d429ac7cc,b79a93ae-fccc-44e7-9a17-f1c4c67c2146,libs/foundry/records/entities/spaceships/cnou_mustang_delta_pu_ai_civ.xml
CNOU_Mustang_Delta_PU_AI_CRIM,vehicle_NameCNOU_Mustang_Delta,vehicle_DescCNOU_Mustang_Delta,ec227ef3-fb08-4897-abdb-579eb4e87c25,CNOU,manufacturer_NameCNOU,Spaceship,scripts/entities/vehicles/implementations/xml/cnou_mustang.xml,Delta,vehicle_focus_combat,2bf4345e-cf3c-4ecb-91ce-f9daa8ff47f8,vehicle_class_lightfighter,bf73e515-0e01-409e-84fb-acbef27e1686,1,1850,1,1,0,f336aef9-58c6-403b-9a69-1d3d429ac7cc,f98c86ea-68e3-4da0-a1c7-483613977f49,libs/foundry/records/entities/spaceships/cnou_mustang_delta_pu_ai_crim.xml
CNOU_Mustang_Delta_PU_AI_NineTails,vehicle_NameCNOU_Mustang_Delta,vehicle_DescCNOU_Mustang_Delta,ec227ef3-fb08-4897-abdb-579eb4e87c25,CNOU,manufacturer_NameCNOU,Spaceship,scripts/entities/vehicles/implementations/xml/cnou_mustang.xml,Delta,vehicle_focus_combat,2bf4345e-cf3c-4ecb-91ce-f9daa8ff47f8,vehicle_class_lightfighter,bf73e515-0e01-409e-84fb-acbef27e1686,1,1850,1,1,0,f336aef9-58c6-403b-9a69-1d3d429ac7cc,389751b3-7af1-41dc-97f6-d9280dc82dad,libs/foundry/records/entities/spaceships/cnou_mustang_delta_pu_ai_ninetails.xml
CNOU_Mustang_Delta_PU_AI_NT,vehicle_NameCNOU_Mustang_Delta,vehicle_DescCNOU_Mustang_Delta,ec227ef3-fb08-4897-abdb-579eb4e87c25,CNOU,manufacturer_NameCNOU,Spaceship,scripts/entities/vehicles/implementations/xml/cnou_mustang.xml,Delta,vehicle_focus_combat,2bf4345e-cf3c-4ecb-91ce-f9daa8ff47f8,vehicle_class_lightfighter,bf73e515-0e01-409e-84fb-acbef27e1686,1,1850,1,1,0,f336aef9-58c6-403b-9a69-1d3d429ac7cc,2cf305a2-5cf8-4165-a518-2ff2abf6eefc,libs/foundry/records/entities/spaceships/cnou_mustang_delta_pu_ai_nt.xml
CNOU_Mustang_Delta,vehicle_NameCNOU_Mustang_Delta,vehicle_DescCNOU_Mustang_Delta,ec227ef3-fb08-4897-abdb-579eb4e87c25,CNOU,manufacturer_NameCNOU,Spaceship,scripts/entities/vehicles/implementations/xml/cnou_mustang.xml,Delta,vehicle_focus_combat,2bf4345e-cf3c-4ecb-91ce-f9daa8ff47f8,vehicle_class_lightfighter,bf73e515-0e01-409e-84fb-acbef27e1686,1,1850,1,1,0,f336aef9-58c6-403b-9a69-1d3d429ac7cc,f8c8fe5c-1aa3-41d7-86b0-6bb54b249541,libs/foundry/records/entities/spaceships/cnou_mustang_delta.xml
CNOU_Mustang_Gamma_PU_AI_CIV,vehicle_NameCNOU_Mustang_Gamma,vehicle_DescCNOU_Mustang_Gamma,ec227ef3-fb08-4897-abdb-579eb4e87c25,CNOU,manufacturer_NameCNOU,Spaceship,scripts/entities/vehicles/implementations/xml/cnou_mustang.xml,Gamma,vehicle_focus_competition,0f148cb8-74eb-45fa-bd77-82a756fa4b36,vehicle_class_racing,42c95b15-5e41-4c2d-a342-8df0aa82ae3b,1,1700,1,1,0,23bd1f1a-6ef7-4a9d-8e30-c033296e7047,8d75a651-1896-40c8-a7db-d940a6f82bb1,libs/foundry/records/entities/spaceships/cnou_mustang_gamma_pu_ai_civ.xml
CNOU_Mustang_Gamma_PU_AI_CRIM,vehicle_NameCNOU_Mustang_Gamma,vehicle_DescCNOU_Mustang_Gamma,ec227ef3-fb08-4897-abdb-579eb4e87c25,CNOU,manufacturer_NameCNOU,Spaceship,scripts/entities/vehicles/implementations/xml/cnou_mustang.xml,Gamma,vehicle_focus_competition,0f148cb8-74eb-45fa-bd77-82a756fa4b36,vehicle_class_racing,42c95b15-5e41-4c2d-a342-8df0aa82ae3b,1,1700,1,1,0,23bd1f1a-6ef7-4a9d-8e30-c033296e7047,bebcb7ae-9b78-4005-b4ee-23fa4216e240,libs/foundry/records/entities/spaceships/cnou_mustang_gamma_pu_ai_crim.xml
CNOU_Mustang_Gamma,vehicle_NameCNOU_Mustang_Gamma,vehicle_DescCNOU_Mustang_Gamma,ec227ef3-fb08-4897-abdb-579eb4e87c25,CNOU,manufacturer_NameCNOU,Spaceship,scripts/entities/vehicles/implementations/xml/cnou_mustang.xml,Gamma,vehicle_focus_competition,0f148cb8-74eb-45fa-bd77-82a756fa4b36,vehicle_class_racing,42c95b15-5e41-4c2d-a342-8df0aa82ae3b,1,1700,1,1,0,23bd1f1a-6ef7-4a9d-8e30-c033296e7047,968249b2-ca7c-4b41-8f58-730673fefc8c,libs/foundry/records/entities/spaceships/cnou_mustang_gamma.xml
CNOU_Mustang_Omega,vehicle_NameCNOU_Mustang_Omega,vehicle_DescCNOU_Mustang_Omega,ec227ef3-fb08-4897-abdb-579eb4e87c25,CNOU,manufacturer_NameCNOU,Spaceship,scripts/entities/vehicles/implementations/xml/cnou_mustang.xml,Omega,vehicle_focus_competition,0f148cb8-74eb-45fa-bd77-82a756fa4b36,vehicle_class_racing,42c95b15-5e41-4c2d-a342-8df0aa82ae3b,1,1700,1,1,0,23bd1f1a-6ef7-4a9d-8e30-c033296e7047,1164be4d-623e-4ef7-bc3d-4cdb45c22ec5,libs/foundry/records/entities/spaceships/cnou_mustang_omega.xml
CNOU_Nomad_PU_AI_CIV_DEF,vehicle_NameCNOU_Nomad,vehicle_DescCNOU_Nomad,ec227ef3-fb08-4897-abdb-579eb4e87c25,CNOU,manufacturer_NameCNOU,Spaceship,Scripts/Entities/Vehicles/Implementations/Xml/CNOU_Nomad.xml,,vehicle_focus_transporter,d86d770d-1fc4-4525-b3b0-4f670a8a5634,vehicle_class_starterlightfreight,19438029-744c-4872-bbcf-4b9c2d4ab40a,1,2000,1,1,0,65a2586f-12af-44b5-a32b-9942f6b57fb9,e841ae75-526d-4931-9ba6-4cfcecb19c97,libs/foundry/records/entities/spaceships/cnou_nomad_pu_ai_civ_def.xml
CNOU_Nomad_PU_AI_CIV,vehicle_NameCNOU_Nomad,vehicle_DescCNOU_Nomad,ec227ef3-fb08-4897-abdb-579eb4e87c25,CNOU,manufacturer_NameCNOU,Spaceship,Scripts/Entities/Vehicles/Implementations/Xml/CNOU_Nomad.xml,,vehicle_focus_transporter,d86d770d-1fc4-4525-b3b0-4f670a8a5634,vehicle_class_starterlightfreight,19438029-744c-4872-bbcf-4b9c2d4ab40a,1,2000,1,1,0,65a2586f-12af-44b5-a32b-9942f6b57fb9,d5780b28-35db-40fa-b889-4fd42e9b10c6,libs/foundry/records/entities/spaceships/cnou_nomad_pu_ai_civ.xml
CNOU_Nomad_PU_AI_CRIM,vehicle_NameCNOU_Nomad,vehicle_DescCNOU_Nomad,ec227ef3-fb08-4897-abdb-579eb4e87c25,CNOU,manufacturer_NameCNOU,Spaceship,Scripts/Entities/Vehicles/Implementations/Xml/CNOU_Nomad.xml,,vehicle_focus_transporter,d86d770d-1fc4-4525-b3b0-4f670a8a5634,vehicle_class_starterlightfreight,19438029-744c-4872-bbcf-4b9c2d4ab40a,1,2000,1,1,0,65a2586f-12af-44b5-a32b-9942f6b57fb9,d10e7aff-c964-45a6-95cc-3c44a4b0de5f,libs/foundry/records/entities/spaceships/cnou_nomad_pu_ai_crim.xml
CNOU_Nomad_Teach,vehicle_NameCNOU_Nomad_Teach,vehicle_DescCNOU_Nomad_Teach,ec227ef3-fb08-4897-abdb-579eb4e87c25,CNOU,manufacturer_NameCNOU,Spaceship,Scripts/Entities/Vehicles/Implementations/Xml/CNOU_Nomad.xml,,vehicle_focus_transporter,d86d770d-1fc4-4525-b3b0-4f670a8a5634,vehicle_class_starterlightfreight,19438029-744c-4872-bbcf-4b9c2d4ab40a,1,2000,1,1,0,65a2586f-12af-44b5-a32b-9942f6b57fb9,cc602d16-1e94-4888-9b8b-5f7e123fea05,libs/foundry/records/entities/spaceships/cnou_nomad_teach.xml
CNOU_Nomad_Unmanned_Salvage,vehicle_NameCNOU_Nomad,vehicle_DescCNOU_Nomad,ec227ef3-fb08-4897-abdb-579eb4e87c25,CNOU,manufacturer_NameCNOU,Spaceship,Scripts/Entities/Vehicles/Implementations/Xml/CNOU_Nomad.xml,,vehicle_focus_transporter,d86d770d-1fc4-4525-b3b0-4f670a8a5634,vehicle_class_starterlightfreight,19438029-744c-4872-bbcf-4b9c2d4ab40a,1,2000,1,1,0,65a2586f-12af-44b5-a32b-9942f6b57fb9,d4482c2b-5cda-4862-a4e7-71679be55f70,libs/foundry/records/entities/spaceships/cnou_nomad_unmanned_salvage.xml
CNOU_Nomad_Unmanned,vehicle_NameCNOU_Nomad,vehicle_DescCNOU_Nomad,ec227ef3-fb08-4897-abdb-579eb4e87c25,CNOU,manufacturer_NameCNOU,Spaceship,Scripts/Entities/Vehicles/Implementations/Xml/CNOU_Nomad.xml,,vehicle_focus_transporter,d86d770d-1fc4-4525-b3b0-4f670a8a5634,vehicle_class_starterlightfreight,19438029-744c-4872-bbcf-4b9c2d4ab40a,1,2000,1,1,0,65a2586f-12af-44b5-a32b-9942f6b57fb9,485d840c-49e9-4fcb-a897-4a57d4d21f1a,libs/foundry/records/entities/spaceships/cnou_nomad_unmanned.xml
CNOU_Nomad,vehicle_NameCNOU_Nomad,vehicle_DescCNOU_Nomad,ec227ef3-fb08-4897-abdb-579eb4e87c25,CNOU,manufacturer_NameCNOU,Spaceship,Scripts/Entities/Vehicles/Implementations/Xml/CNOU_Nomad.xml,,vehicle_focus_transporter,d86d770d-1fc4-4525-b3b0-4f670a8a5634,vehicle_class_starterlightfreight,19438029-744c-4872-bbcf-4b9c2d4ab40a,1,2000,1,1,0,65a2586f-12af-44b5-a32b-9942f6b57fb9,34506e83-b7b8-4804-a7bb-f31f11bb9214,libs/foundry/records/entities/spaceships/cnou_nomad.xml
CRUS_Intrepid_Collector_Indust,vehicle_NameCRUS_Intrepid_Collector_Indust,vehicle_DescCRUS_Intrepid_Collector_Indust,63685f47-b0cc-4ebe-8f16-72793a5cd6e0,CRUS,manufacturer_NameCRUS,Spaceship,Scripts/Entities/Vehicles/Implementations/Xml/CRUS_Intrepid.xml,,item_ShipFocus_Starter,d86d770d-1fc4-4525-b3b0-4f670a8a5634,vehicle_class_starterlightfreight,19438029-744c-4872-bbcf-4b9c2d4ab40a,1,2500,1,1,0,617fed64-0fca-496c-bdd3-6edfd98beb67,f203e95e-927c-43b0-947b-e8cb3025d23e,libs/foundry/records/entities/spaceships/crus_intrepid_collector_indust.xml
CRUS_Intrepid_Unmanned_Salvage,vehicle_NameCRUS_Intrepid,vehicle_DescCRUS_Intrepid,63685f47-b0cc-4ebe-8f16-72793a5cd6e0,CRUS,manufacturer_NameCRUS,Spaceship,Scripts/Entities/Vehicles/Implementations/Xml/CRUS_Intrepid.xml,,item_ShipFocus_Starter,d86d770d-1fc4-4525-b3b0-4f670a8a5634,vehicle_class_starterlightfreight,19438029-744c-4872-bbcf-4b9c2d4ab40a,1,2500,1,1,0,617fed64-0fca-496c-bdd3-6edfd98beb67,993d481b-1f11-46ef-b7b2-cb49a76a7d44,libs/foundry/records/entities/spaceships/crus_intrepid_unmanned_salvage.xml
CRUS_Intrepid,vehicle_NameCRUS_Intrepid,vehicle_DescCRUS_Intrepid,63685f47-b0cc-4ebe-8f16-72793a5cd6e0,CRUS,manufacturer_NameCRUS,Spaceship,Scripts/Entities/Vehicles/Implementations/Xml/CRUS_Intrepid.xml,,item_ShipFocus_Starter,d86d770d-1fc4-4525-b3b0-4f670a8a5634,vehicle_class_starterlightfreight,19438029-744c-4872-bbcf-4b9c2d4ab40a,1,2500,1,1,0,617fed64-0fca-496c-bdd3-6edfd98beb67,16aa514f-12ac-43a4-b51d-44447252186e,libs/foundry/records/entities/spaceships/crus_intrepid.xml
CRUS_Spirit_A1_AI_CRIM,vehicle_NameCRUS_A1_Spirit,vehicle_DescCRUS_A1_Spirit,63685f47-b0cc-4ebe-8f16-72793a5cd6e0,CRUS,manufacturer_NameCRUS,Spaceship,Scripts/Entities/Vehicles/Implementations/Xml/crus_spirit.xml,,vehicle_focus_combat,2bf4345e-cf3c-4ecb-91ce-f9daa8ff47f8,vehicle_class_bomber,c6b5d703-1288-4c03-946a-bcd09377c6ce,2,20000,1,1,0,5d93cc49-898a-4131-accf-c95fe59c3c2a,0344b36e-55b4-4e65-ba87-242666a9b9d7,libs/foundry/records/entities/spaceships/crus_spirit_a1_ai_crim.xml
CRUS_Spirit_A1_PU_AI_CIV,vehicle_NameCRUS_A1_Spirit,vehicle_DescCRUS_A1_Spirit,63685f47-b0cc-4ebe-8f16-72793a5cd6e0,CRUS,manufacturer_NameCRUS,Spaceship,Scripts/Entities/Vehicles/Implementations/Xml/crus_spirit.xml,,vehicle_focus_combat,2bf4345e-cf3c-4ecb-91ce-f9daa8ff47f8,vehicle_class_bomber,c6b5d703-1288-4c03-946a-bcd09377c6ce,2,20000,1,1,0,5d93cc49-898a-4131-accf-c95fe59c3c2a,cb57bfd0-8eef-4091-b7a0-3fe032998659,libs/foundry/records/entities/spaceships/crus_spirit_a1_pu_ai_civ.xml
CRUS_Spirit_A1_Unmanned_Salvage,vehicle_NameCRUS_A1_Spirit,vehicle_DescCRUS_A1_Spirit,63685f47-b0cc-4ebe-8f16-72793a5cd6e0,CRUS,manufacturer_NameCRUS,Spaceship,Scripts/Entities/Vehicles/Implementations/Xml/crus_spirit.xml,,vehicle_focus_combat,2bf4345e-cf3c-4ecb-91ce-f9daa8ff47f8,vehicle_class_bomber,c6b5d703-1288-4c03-946a-bcd09377c6ce,2,20000,1,1,0,5d93cc49-898a-4131-accf-c95fe59c3c2a,cceab52b-b653-4aac-a958-d9cf0c6e427a,libs/foundry/records/entities/spaceships/crus_spirit_a1_unmanned_salvage.xml
CRUS_Spirit_A1,vehicle_NameCRUS_A1_Spirit,vehicle_DescCRUS_A1_Spirit,63685f47-b0cc-4ebe-8f16-72793a5cd6e0,CRUS,manufacturer_NameCRUS,Spaceship,Scripts/Entities/Vehicles/Implementations/Xml/crus_spirit.xml,,vehicle_focus_combat,2bf4345e-cf3c-4ecb-91ce-f9daa8ff47f8,vehicle_class_bomber,c6b5d703-1288-4c03-946a-bcd09377c6ce,2,20000,1,1,0,5d93cc49-898a-4131-accf-c95fe59c3c2a,c0b86c69-55ac-4af3-a722-d46282813e91,libs/foundry/records/entities/spaceships/crus_spirit_a1.xml
CRUS_Spirit_C1_BIS2024_Temp,vehicle_NameCRUS_C1_Spirit,vehicle_DescCRUS_C1_Spirit,63685f47-b0cc-4ebe-8f16-72793a5cd6e0,CRUS,manufacturer_NameCRUS,Spaceship,Scripts/Entities/Vehicles/Implementations/Xml/crus_spirit.xml,C1,vehicle_focus_transporter,d86d770d-1fc4-4525-b3b0-4f670a8a5634,vehicle_class_lightfreight,ff99d78e-3a6a-4e4d-8b1c-59e87a005c11,2,20000,1,1,0,e392f8bd-26c9-49ef-bae8-86930262bf4a,320115d7-f021-4206-8192-6ce990938003,libs/foundry/records/entities/spaceships/crus_spirit_c1_bis2024_temp.xml
CRUS_Spirit_C1_Civilian,vehicle_NameCRUS_Spirit_C1_Collector_Civilian,vehicle_DescCRUS_Spirit_C1_Collector_Civilian,63685f47-b0cc-4ebe-8f16-72793a5cd6e0,CRUS,manufacturer_NameCRUS,Spaceship,Scripts/Entities/Vehicles/Implementations/Xml/crus_spirit.xml,C1,vehicle_focus_transporter,d86d770d-1fc4-4525-b3b0-4f670a8a5634,vehicle_class_lightfreight,ff99d78e-3a6a-4e4d-8b1c-59e87a005c11,2,20000,1,1,0,e392f8bd-26c9-49ef-bae8-86930262bf4a,8c23e3f9-b2e6-42a6-92ab-e023f1e0c643,libs/foundry/records/entities/spaceships/crus_spirit_c1_civilian.xml
CRUS_Spirit_C1_Unmanned_Salvage,vehicle_NameCRUS_C1_Spirit,vehicle_DescCRUS_C1_Spirit,63685f47-b0cc-4ebe-8f16-72793a5cd6e0,CRUS,manufacturer_NameCRUS,Spaceship,Scripts/Entities/Vehicles/Implementations/Xml/crus_spirit.xml,C1,vehicle_focus_transporter,d86d770d-1fc4-4525-b3b0-4f670a8a5634,vehicle_class_lightfreight,ff99d78e-3a6a-4e4d-8b1c-59e87a005c11,2,20000,1,1,0,e392f8bd-26c9-49ef-bae8-86930262bf4a,ab15aacd-89a9-44cf-9df9-256f3050069c,libs/foundry/records/entities/spaceships/crus_spirit_c1_unmanned_salvage.xml
CRUS_Spirit_C1_Unmanned,vehicle_NameCRUS_C1_Spirit,vehicle_DescCRUS_C1_Spirit,63685f47-b0cc-4ebe-8f16-72793a5cd6e0,CRUS,manufacturer_NameCRUS,Spaceship,Scripts/Entities/Vehicles/Implementations/Xml/crus_spirit.xml,C1,vehicle_focus_transporter,d86d770d-1fc4-4525-b3b0-4f670a8a5634,vehicle_class_lightfreight,ff99d78e-3a6a-4e4d-8b1c-59e87a005c11,2,20000,1,1,0,e392f8bd-26c9-49ef-bae8-86930262bf4a,f1b8b00a-f030-4870-b0dc-6d1debfa68bf,libs/foundry/records/entities/spaceships/crus_spirit_c1_unmanned.xml
CRUS_Spirit_C1,vehicle_NameCRUS_C1_Spirit,vehicle_DescCRUS_C1_Spirit,63685f47-b0cc-4ebe-8f16-72793a5cd6e0,CRUS,manufacturer_NameCRUS,Spaceship,Scripts/Entities/Vehicles/Implementations/Xml/crus_spirit.xml,C1,vehicle_focus_transporter,d86d770d-1fc4-4525-b3b0-4f670a8a5634,vehicle_class_lightfreight,ff99d78e-3a6a-4e4d-8b1c-59e87a005c11,2,20000,1,1,0,e392f8bd-26c9-49ef-bae8-86930262bf4a,9611b8ed-cc96-4b5c-aa1e-baefe7d5bb1c,libs/foundry/records/entities/spaceships/crus_spirit_c1.xml
CRUS_Star_Runner_AI_Template_ShipBoarded,vehicle_NameCRUS_Star_Runner,vehicle_DescCRUS_Star_Runner,63685f47-b0cc-4ebe-8f16-72793a5cd6e0,CRUS,manufacturer_NameCRUS,Spaceship,Scripts/Entities/Vehicles/Implementations/Xml/CRUS_Star_Runner.xml,,vehicle_focus_transporter,d86d770d-1fc4-4525-b3b0-4f670a8a5634,vehicle_class_mediumfreight,4c0633a2-887f-4231-a40a-d366224f01d5,1,20000,1,1,0,17e58e76-2599-456e-b211-b3a6088f32f5,8ece7a4b-1985-4a73-8e08-5463a0a17385,libs/foundry/records/entities/spaceships/crus_star_runner_ai_template_shipboarded.xml
CRUS_Star_Runner_Mission_PIR_Package,vehicle_NameCRUS_Star_Runner,vehicle_DescCRUS_Star_Runner,63685f47-b0cc-4ebe-8f16-72793a5cd6e0,CRUS,manufacturer_NameCRUS,Spaceship,Scripts/Entities/Vehicles/Implementations/Xml/CRUS_Star_Runner.xml,,vehicle_focus_transporter,d86d770d-1fc4-4525-b3b0-4f670a8a5634,vehicle_class_mediumfreight,4c0633a2-887f-4231-a40a-d366224f01d5,1,20000,1,1,0,17e58e76-2599-456e-b211-b3a6088f32f5,6eb0dde9-710a-4c89-9949-1a2fab997dc3,libs/foundry/records/entities/spaceships/crus_star_runner_mission_pir_package.xml
CRUS_Star_Runner_PU_AI_CIV_DEF,vehicle_NameCRUS_Star_Runner,vehicle_DescCRUS_Star_Runner,63685f47-b0cc-4ebe-8f16-72793a5cd6e0,CRUS,manufacturer_NameCRUS,Spaceship,Scripts/Entities/Vehicles/Implementations/Xml/CRUS_Star_Runner.xml,,vehicle_focus_transporter,d86d770d-1fc4-4525-b3b0-4f670a8a5634,vehicle_class_mediumfreight,4c0633a2-887f-4231-a40a-d366224f01d5,1,20000,1,1,0,17e58e76-2599-456e-b211-b3a6088f32f5,7967d65e-2398-4915-84eb-0ba9bac25a47,libs/foundry/records/entities/spaceships/crus_star_runner_pu_ai_civ_def.xml
CRUS_Star_Runner_PU_AI_CIV,vehicle_NameCRUS_Star_Runner,vehicle_DescCRUS_Star_Runner,63685f47-b0cc-4ebe-8f16-72793a5cd6e0,CRUS,manufacturer_NameCRUS,Spaceship,Scripts/Entities/Vehicles/Implementations/Xml/CRUS_Star_Runner.xml,,vehicle_focus_transporter,d86d770d-1fc4-4525-b3b0-4f670a8a5634,vehicle_class_mediumfreight,4c0633a2-887f-4231-a40a-d366224f01d5,1,20000,1,1,0,17e58e76-2599-456e-b211-b3a6088f32f5,b201fc17-c172-40fc-a703-34cc8251ba5b,libs/foundry/records/entities/spaceships/crus_star_runner_pu_ai_civ.xml
CRUS_Star_Runner_PU_AI_CRIM,vehicle_NameCRUS_Star_Runner,vehicle_DescCRUS_Star_Runner,63685f47-b0cc-4ebe-8f16-72793a5cd6e0,CRUS,manufacturer_NameCRUS,Spaceship,Scripts/Entities/Vehicles/Implementations/Xml/CRUS_Star_Runner.xml,,vehicle_focus_transporter,d86d770d-1fc4-4525-b3b0-4f670a8a5634,vehicle_class_mediumfreight,4c0633a2-887f-4231-a40a-d366224f01d5,1,20000,1,1,0,17e58e76-2599-456e-b211-b3a6088f32f5,5323cb1b-5c79-41fd-abc3-eb4a1dd8946d,libs/foundry/records/entities/spaceships/crus_star_runner_pu_ai_crim.xml
CRUS_Star_Runner_Unmanned_Salvage,vehicle_NameCRUS_Star_Runner,vehicle_DescCRUS_Star_Runner,63685f47-b0cc-4ebe-8f16-72793a5cd6e0,CRUS,manufacturer_NameCRUS,Spaceship,Scripts/Entities/Vehicles/Implementations/Xml/CRUS_Star_Runner.xml,,vehicle_focus_transporter,d86d770d-1fc4-4525-b3b0-4f670a8a5634,vehicle_class_mediumfreight,4c0633a2-887f-4231-a40a-d366224f01d5,1,20000,1,0,0,17e58e76-2599-456e-b211-b3a6088f32f5,0540b0ed-b8b3-4ad6-af1b-1701725d96e6,libs/foundry/records/entities/spaceships/crus_star_runner_unmanned_salvage.xml
CRUS_Star_Runner,vehicle_NameCRUS_Star_Runner,vehicle_DescCRUS_Star_Runner,63685f47-b0cc-4ebe-8f16-72793a5cd6e0,CRUS,manufacturer_NameCRUS,Spaceship,Scripts/Entities/Vehicles/Implementations/Xml/CRUS_Star_Runner.xml,,vehicle_focus_transporter,d86d770d-1fc4-4525-b3b0-4f670a8a5634,vehicle_class_mediumfreight,4c0633a2-887f-4231-a40a-d366224f01d5,1,20000,1,1,0,17e58e76-2599-456e-b211-b3a6088f32f5,c8e10f09-38a0-4730-9dd3-eb0a510c9e43,libs/foundry/records/entities/spaceships/crus_star_runner.xml
CRUS_Starfighter_Inferno_Collector_Military,vehicle_NameCRUS_Starfighter_Inferno_Collector_Military,vehicle_DescCRUS_Starfighter_Inferno_Collector_Military,63685f47-b0cc-4ebe-8f16-72793a5cd6e0,CRUS,manufacturer_NameCRUS,Spaceship,Scripts/Entities/Vehicles/Implementations/Xml/CRUS_Starfighter.xml,Inferno,vehicle_focus_combat,2bf4345e-cf3c-4ecb-91ce-f9daa8ff47f8,vehicle_class_heavyfighter,b9fdb132-72dd-48e4-8fd6-64a4b74595d7,1,10000,1,1,0,96289f1a-5bc3-46aa-ba51-f1cf729077b1,a50ce1a2-6178-4988-a05b-72d7df8d65f9,libs/foundry/records/entities/spaceships/crus_starfighter_inferno_collector_military.xml
CRUS_Starfighter_Inferno_PU_AI_CIV,vehicle_NameCRUS_Starfighter_Inferno,vehicle_DescCRUS_Starfighter_Inferno,63685f47-b0cc-4ebe-8f16-72793a5cd6e0,CRUS,manufacturer_NameCRUS,Spaceship,Scripts/Entities/Vehicles/Implementations/Xml/CRUS_Starfighter.xml,Inferno,vehicle_focus_combat,2bf4345e-cf3c-4ecb-91ce-f9daa8ff47f8,vehicle_class_heavyfighter,b9fdb132-72dd-48e4-8fd6-64a4b74595d7,1,10000,1,1,0,96289f1a-5bc3-46aa-ba51-f1cf729077b1,508e07b5-4b39-4a11-9e78-dbd1a18ee5ac,libs/foundry/records/entities/spaceships/crus_starfighter_inferno_pu_ai_civ.xml
CRUS_Starfighter_Inferno_PU_AI_CRIM,vehicle_NameCRUS_Starfighter_Inferno,vehicle_DescCRUS_Starfighter_Inferno,63685f47-b0cc-4ebe-8f16-72793a5cd6e0,CRUS,manufacturer_NameCRUS,Spaceship,Scripts/Entities/Vehicles/Implementations/Xml/CRUS_Starfighter.xml,Inferno,vehicle_focus_combat,2bf4345e-cf3c-4ecb-91ce-f9daa8ff47f8,vehicle_class_heavyfighter,b9fdb132-72dd-48e4-8fd6-64a4b74595d7,1,10000,1,1,0,96289f1a-5bc3-46aa-ba51-f1cf729077b1,792ff9b3-cbbf-42b3-86bb-2c61bfd66fb7,libs/foundry/records/entities/spaceships/crus_starfighter_inferno_pu_ai_crim.xml
CRUS_Starfighter_Inferno_PU_AI_FF,vehicle_NameCRUS_Starfighter_Inferno,vehicle_DescCRUS_Starfighter_Inferno,63685f47-b0cc-4ebe-8f16-72793a5cd6e0,CRUS,manufacturer_NameCRUS,Spaceship,Scripts/Entities/Vehicles/Implementations/Xml/CRUS_Starfighter.xml,Inferno,vehicle_focus_combat,2bf4345e-cf3c-4ecb-91ce-f9daa8ff47f8,vehicle_class_heavyfighter,b9fdb132-72dd-48e4-8fd6-64a4b74595d7,1,10000,1,1,0,96289f1a-5bc3-46aa-ba51-f1cf729077b1,8f9f270e-ea67-4fae-ace2-8d3124b8553d,libs/foundry/records/entities/spaceships/crus_starfighter_inferno_pu_ai_ff.xml
CRUS_Starfighter_Inferno_Unmanned_Salvage,vehicle_NameCRUS_Starfighter_Inferno,vehicle_DescCRUS_Starfighter_Inferno,63685f47-b0cc-4ebe-8f16-72793a5cd6e0,CRUS,manufacturer_NameCRUS,Spaceship,Scripts/Entities/Vehicles/Implementations/Xml/CRUS_Starfighter.xml,Inferno,vehicle_focus_combat,2bf4345e-cf3c-4ecb-91ce-f9daa8ff47f8,vehicle_class_heavyfighter,b9fdb132-72dd-48e4-8fd6-64a4b74595d7,1,10000,1,0,0,96289f1a-5bc3-46aa-ba51-f1cf729077b1,0f30385f-dba6-4956-95d4-a64e6dec0664,libs/foundry/records/entities/spaceships/crus_starfighter_inferno_unmanned_salvage.xml
CRUS_Starfighter_Inferno,vehicle_NameCRUS_Starfighter_Inferno,vehicle_DescCRUS_Starfighter_Inferno,63685f47-b0cc-4ebe-8f16-72793a5cd6e0,CRUS,manufacturer_NameCRUS,Spaceship,Scripts/Entities/Vehicles/Implementations/Xml/CRUS_Starfighter.xml,Inferno,vehicle_focus_combat,2bf4345e-cf3c-4ecb-91ce-f9daa8ff47f8,vehicle_class_heavyfighter,b9fdb132-72dd-48e4-8fd6-64a4b74595d7,1,10000,1,1,0,96289f1a-5bc3-46aa-ba51-f1cf729077b1,04571d49-0680-4b84-bdb1-dbebeb22c898,libs/foundry/records/entities/spaceships/crus_starfighter_inferno.xml
CRUS_Starfighter_Ion_Collector_Stealth,vehicle_NameCRUS_Starfighter_Ion_Collector_Stealth,vehicle_DescCRUS_Starfighter_Ion_Collector_Stealth,63685f47-b0cc-4ebe-8f16-72793a5cd6e0,CRUS,manufacturer_NameCRUS,Spaceship,Scripts/Entities/Vehicles/Implementations/Xml/CRUS_Starfighter.xml,Ion,vehicle_focus_combat,2bf4345e-cf3c-4ecb-91ce-f9daa8ff47f8,vehicle_class_heavyfighter,b9fdb132-72dd-48e4-8fd6-64a4b74595d7,1,10000,1,1,0,96289f1a-5bc3-46aa-ba51-f1cf729077b1,78a6c0c5-b364-430f-8e8c-0389fef66fcc,libs/foundry/records/entities/spaceships/crus_starfighter_ion_collector_stealth.xml
CRUS_Starfighter_Ion_PU_AI_CIV,vehicle_NameCRUS_Starfighter_Ion,vehicle_DescCRUS_Starfighter_Ion,63685f47-b0cc-4ebe-8f16-72793a5cd6e0,CRUS,manufacturer_NameCRUS,Spaceship,Scripts/Entities/Vehicles/Implementations/Xml/CRUS_Starfighter.xml,Ion,vehicle_focus_combat,2bf4345e-cf3c-4ecb-91ce-f9daa8ff47f8,vehicle_class_heavyfighter,b9fdb132-72dd-48e4-8fd6-64a4b74595d7,1,10000,1,1,0,96289f1a-5bc3-46aa-ba51-f1cf729077b1,535fe468-ea34-440a-9a85-532d0d28ca29,libs/foundry/records/entities/spaceships/crus_starfighter_ion_pu_ai_civ.xml
CRUS_Starfighter_Ion_PU_AI_CRIM,vehicle_NameCRUS_Starfighter_Ion,vehicle_DescCRUS_Starfighter_Ion,63685f47-b0cc-4ebe-8f16-72793a5cd6e0,CRUS,manufacturer_NameCRUS,Spaceship,Scripts/Entities/Vehicles/Implementations/Xml/CRUS_Starfighter.xml,Ion,vehicle_focus_combat,2bf4345e-cf3c-4ecb-91ce-f9daa8ff47f8,vehicle_class_heavyfighter,b9fdb132-72dd-48e4-8fd6-64a4b74595d7,1,10000,1,1,0,96289f1a-5bc3-46aa-ba51-f1cf729077b1,2b7a2df1-399c-4c80-87fb-aa84c864eb17,libs/foundry/records/entities/spaceships/crus_starfighter_ion_pu_ai_crim.xml
CRUS_Starfighter_Ion_Unmanned_Salvage,vehicle_NameCRUS_Starfighter_Ion,vehicle_DescCRUS_Starfighter_Ion,63685f47-b0cc-4ebe-8f16-72793a5cd6e0,CRUS,manufacturer_NameCRUS,Spaceship,Scripts/Entities/Vehicles/Implementations/Xml/CRUS_Starfighter.xml,Ion,vehicle_focus_combat,2bf4345e-cf3c-4ecb-91ce-f9daa8ff47f8,vehicle_class_heavyfighter,b9fdb132-72dd-48e4-8fd6-64a4b74595d7,1,10000,1,0,0,96289f1a-5bc3-46aa-ba51-f1cf729077b1,6625198f-aa2e-4844-b750-65f0ef30c46d,libs/foundry/records/entities/spaceships/crus_starfighter_ion_unmanned_salvage.xml
CRUS_Starfighter_Ion_Unmanned_Template,vehicle_NameCRUS_Starfighter_Ion,vehicle_DescCRUS_Starfighter_Ion,63685f47-b0cc-4ebe-8f16-72793a5cd6e0,CRUS,manufacturer_NameCRUS,Spaceship,Scripts/Entities/Vehicles/Implementations/Xml/CRUS_Starfighter.xml,Ion,vehicle_focus_combat,2bf4345e-cf3c-4ecb-91ce-f9daa8ff47f8,vehicle_class_heavyfighter,b9fdb132-72dd-48e4-8fd6-64a4b74595d7,1,10000,1,0,0,96289f1a-5bc3-46aa-ba51-f1cf729077b1,aafc5321-a9bf-4921-b716-068adce31c21,libs/foundry/records/entities/spaceships/crus_starfighter_ion_unmanned_template.xml
CRUS_Starfighter_Ion,vehicle_NameCRUS_Starfighter_Ion,vehicle_DescCRUS_Starfighter_Ion,63685f47-b0cc-4ebe-8f16-72793a5cd6e0,CRUS,manufacturer_NameCRUS,Spaceship,Scripts/Entities/Vehicles/Implementations/Xml/CRUS_Starfighter.xml,Ion,vehicle_focus_combat,2bf4345e-cf3c-4ecb-91ce-f9daa8ff47f8,vehicle_class_heavyfighter,b9fdb132-72dd-48e4-8fd6-64a4b74595d7,1,10000,1,1,0,96289f1a-5bc3-46aa-ba51-f1cf729077b1,30aab266-9131-4a07-808b-61c868cb404f,libs/foundry/records/entities/spaceships/crus_starfighter_ion.xml
CRUS_Starlifter_A2_AI_Template_ShipBoarded,vehicle_NameCRUS_Starlifter_A2,vehicle_DescCRUS_Starlifter_A2,63685f47-b0cc-4ebe-8f16-72793a5cd6e0,CRUS,manufacturer_NameCRUS,Spaceship,scripts/entities/vehicles/implementations/xml/crus_starlifter.xml,Starlifter_A2,vehicle_focus_combat,2bf4345e-cf3c-4ecb-91ce-f9daa8ff47f8,vehicle_class_heavybomber,bc0135d0-c885-4a06-a25c-10c559ca1838,8,80000,1,1,0,47c86cd6-2274-4791-b61d-60d3bf119a46,5763f06b-0651-4723-bc82-e2b295c9791d,libs/foundry/records/entities/spaceships/crus_starlifter_a2_ai_template_shipboarded.xml
CRUS_Starlifter_A2_Bombless,vehicle_NameCRUS_Starlifter_A2,vehicle_DescCRUS_Starlifter_A2,63685f47-b0cc-4ebe-8f16-72793a5cd6e0,CRUS,manufacturer_NameCRUS,Spaceship,scripts/entities/vehicles/implementations/xml/crus_starlifter.xml,Starlifter_A2,vehicle_focus_combat,2bf4345e-cf3c-4ecb-91ce-f9daa8ff47f8,vehicle_class_heavybomber,bc0135d0-c885-4a06-a25c-10c559ca1838,8,80000,1,1,0,47c86cd6-2274-4791-b61d-60d3bf119a46,a3b6c0ae-ed5b-49f9-bef8-d53e7c46b000,libs/foundry/records/entities/spaceships/crus_starlifter_a2_bombless.xml
CRUS_Starlifter_A2_Collector_Military,vehicle_NameCRUS_Starlifter_A2_Collector_Military,vehicle_DescCRUS_Starlifter_A2_Collector_Military,63685f47-b0cc-4ebe-8f16-72793a5cd6e0,CRUS,manufacturer_NameCRUS,Spaceship,scripts/entities/vehicles/implementations/xml/crus_starlifter.xml,Starlifter_A2,vehicle_focus_combat,2bf4345e-cf3c-4ecb-91ce-f9daa8ff47f8,vehicle_class_heavybomber,bc0135d0-c885-4a06-a25c-10c559ca1838,8,80000,1,1,0,47c86cd6-2274-4791-b61d-60d3bf119a46,05d033f3-5628-497c-b1c4-8fb112f079a1,libs/foundry/records/entities/spaceships/crus_starlifter_a2_collector_military.xml
CRUS_Starlifter_A2_EA_PIR,vehicle_NameCRUS_Starlifter_A2,vehicle_DescCRUS_Starlifter_A2,63685f47-b0cc-4ebe-8f16-72793a5cd6e0,CRUS,manufacturer_NameCRUS,Spaceship,scripts/entities/vehicles/implementations/xml/crus_starlifter.xml,Starlifter_A2,vehicle_focus_combat,2bf4345e-cf3c-4ecb-91ce-f9daa8ff47f8,vehicle_class_heavybomber,bc0135d0-c885-4a06-a25c-10c559ca1838,8,80000,1,1,0,47c86cd6-2274-4791-b61d-60d3bf119a46,130b92d0-3103-41b6-9d31-578a82ff3938,libs/foundry/records/entities/spaceships/crus_starlifter_a2_ea_pir.xml
CRUS_Starlifter_A2_PU_AI_CIV,vehicle_NameCRUS_Starlifter_A2,vehicle_DescCRUS_Starlifter_A2,63685f47-b0cc-4ebe-8f16-72793a5cd6e0,CRUS,manufacturer_NameCRUS,Spaceship,scripts/entities/vehicles/implementations/xml/crus_starlifter.xml,Starlifter_A2,vehicle_focus_combat,2bf4345e-cf3c-4ecb-91ce-f9daa8ff47f8,vehicle_class_heavybomber,bc0135d0-c885-4a06-a25c-10c559ca1838,8,80000,1,1,0,47c86cd6-2274-4791-b61d-60d3bf119a46,323c3f4d-bf29-4f23-a10f-485802956fb2,libs/foundry/records/entities/spaceships/crus_starlifter_a2_pu_ai_civ.xml
CRUS_Starlifter_A2_PU_AI_CRIM,vehicle_NameCRUS_Starlifter_A2,vehicle_DescCRUS_Starlifter_A2,63685f47-b0cc-4ebe-8f16-72793a5cd6e0,CRUS,manufacturer_NameCRUS,Spaceship,scripts/entities/vehicles/implementations/xml/crus_starlifter.xml,Starlifter_A2,vehicle_focus_combat,2bf4345e-cf3c-4ecb-91ce-f9daa8ff47f8,vehicle_class_heavybomber,bc0135d0-c885-4a06-a25c-10c559ca1838,8,80000,1,1,0,47c86cd6-2274-4791-b61d-60d3bf119a46,4ccddb2c-f68e-42f1-b0f0-37fb973dcd73,libs/foundry/records/entities/spaceships/crus_starlifter_a2_pu_ai_crim.xml
CRUS_Starlifter_A2_S3Bombs,vehicle_NameCRUS_Starlifter_A2,vehicle_DescCRUS_Starlifter_A2,63685f47-b0cc-4ebe-8f16-72793a5cd6e0,CRUS,manufacturer_NameCRUS,Spaceship,scripts/entities/vehicles/implementations/xml/crus_starlifter.xml,Starlifter_A2,vehicle_focus_combat,2bf4345e-cf3c-4ecb-91ce-f9daa8ff47f8,vehicle_class_heavybomber,bc0135d0-c885-4a06-a25c-10c559ca1838,8,80000,1,1,0,47c86cd6-2274-4791-b61d-60d3bf119a46,760897fb-dea2-48e6-85c1-f785b1f586fe,libs/foundry/records/entities/spaceships/crus_starlifter_a2_s3bombs.xml
CRUS_Starlifter_A2_Unmanned_Salvage,vehicle_NameCRUS_Starlifter_A2,vehicle_DescCRUS_Starlifter_A2,63685f47-b0cc-4ebe-8f16-72793a5cd6e0,CRUS,manufacturer_NameCRUS,Spaceship,scripts/entities/vehicles/implementations/xml/crus_starlifter.xml,Starlifter_A2,vehicle_focus_combat,2bf4345e-cf3c-4ecb-91ce-f9daa8ff47f8,vehicle_class_heavybomber,bc0135d0-c885-4a06-a25c-10c559ca1838,8,80000,1,0,0,47c86cd6-2274-4791-b61d-60d3bf119a46,f24fc8fe-13a8-472e-832c-4bac9b31b3dd,libs/foundry/records/entities/spaceships/crus_starlifter_a2_unmanned_salvage.xml
CRUS_Starlifter_A2,vehicle_NameCRUS_Starlifter_A2,vehicle_DescCRUS_Starlifter_A2,63685f47-b0cc-4ebe-8f16-72793a5cd6e0,CRUS,manufacturer_NameCRUS,Spaceship,scripts/entities/vehicles/implementations/xml/crus_starlifter.xml,Starlifter_A2,vehicle_focus_combat,2bf4345e-cf3c-4ecb-91ce-f9daa8ff47f8,vehicle_class_heavybomber,bc0135d0-c885-4a06-a25c-10c559ca1838,8,80000,1,1,0,47c86cd6-2274-4791-b61d-60d3bf119a46,3bee9f2d-4494-4560-b9f8-463bc90695cb,libs/foundry/records/entities/spaceships/crus_starlifter_a2.xml
CRUS_Starlifter_C2_AI_Template_ShipBoarded,vehicle_NameCRUS_Starlifter_C2,vehicle_DescCRUS_Starlifter_C2,63685f47-b0cc-4ebe-8f16-72793a5cd6e0,CRUS,manufacturer_NameCRUS,Spaceship,scripts/entities/vehicles/implementations/xml/crus_starlifter.xml,,vehicle_focus_transporter,d86d770d-1fc4-4525-b3b0-4f670a8a5634,vehicle_class_mediumfreight,4c0633a2-887f-4231-a40a-d366224f01d5,2,80000,1,1,0,a1b12c2a-fc72-4ed2-8820-ce7ea4458164,79b34e33-91be-4a98-9bc4-29c234b38e4c,libs/foundry/records/entities/spaceships/crus_starlifter_c2_ai_template_shipboarded.xml
CRUS_Starlifter_C2_PU_AI_CIV_DEF,vehicle_NameCRUS_Starlifter_C2,vehicle_DescCRUS_Starlifter_C2,63685f47-b0cc-4ebe-8f16-72793a5cd6e0,CRUS,manufacturer_NameCRUS,Spaceship,scripts/entities/vehicles/implementations/xml/crus_starlifter.xml,,vehicle_focus_transporter,d86d770d-1fc4-4525-b3b0-4f670a8a5634,vehicle_class_mediumfreight,4c0633a2-887f-4231-a40a-d366224f01d5,2,80000,1,1,0,a1b12c2a-fc72-4ed2-8820-ce7ea4458164,9ce11cc8-a1c5-453b-9005-8d37c9cbb571,libs/foundry/records/entities/spaceships/crus_starlifter_c2_pu_ai_civ_def.xml
CRUS_Starlifter_C2_PU_AI_CIV,vehicle_NameCRUS_Starlifter_C2,vehicle_DescCRUS_Starlifter_C2,63685f47-b0cc-4ebe-8f16-72793a5cd6e0,CRUS,manufacturer_NameCRUS,Spaceship,scripts/entities/vehicles/implementations/xml/crus_starlifter.xml,,vehicle_focus_transporter,d86d770d-1fc4-4525-b3b0-4f670a8a5634,vehicle_class_mediumfreight,4c0633a2-887f-4231-a40a-d366224f01d5,2,80000,1,1,0,a1b12c2a-fc72-4ed2-8820-ce7ea4458164,5e6fb9b4-b90b-429c-9f5b-78722987da63,libs/foundry/records/entities/spaceships/crus_starlifter_c2_pu_ai_civ.xml
CRUS_Starlifter_C2_PU_AI_CRIM,vehicle_NameCRUS_Starlifter_C2,vehicle_DescCRUS_Starlifter_C2,63685f47-b0cc-4ebe-8f16-72793a5cd6e0,CRUS,manufacturer_NameCRUS,Spaceship,scripts/entities/vehicles/implementations/xml/crus_starlifter.xml,,vehicle_focus_transporter,d86d770d-1fc4-4525-b3b0-4f670a8a5634,vehicle_class_mediumfreight,4c0633a2-887f-4231-a40a-d366224f01d5,2,80000,1,1,0,a1b12c2a-fc72-4ed2-8820-ce7ea4458164,729d4890-dc6c-4e42-a7f8-52d5eb784671,libs/foundry/records/entities/spaceships/crus_starlifter_c2_pu_ai_crim.xml
CRUS_Starlifter_C2_Unmanned_Salvage,vehicle_NameCRUS_Starlifter_C2,vehicle_DescCRUS_Starlifter_C2,63685f47-b0cc-4ebe-8f16-72793a5cd6e0,CRUS,manufacturer_NameCRUS,Spaceship,scripts/entities/vehicles/implementations/xml/crus_starlifter.xml,,vehicle_focus_transporter,d86d770d-1fc4-4525-b3b0-4f670a8a5634,vehicle_class_mediumfreight,4c0633a2-887f-4231-a40a-d366224f01d5,2,80000,1,0,0,a1b12c2a-fc72-4ed2-8820-ce7ea4458164,6c253070-a9da-41d2-b94b-bb6637821a8c,libs/foundry/records/entities/spaceships/crus_starlifter_c2_unmanned_salvage.xml
CRUS_Starlifter_C2,vehicle_NameCRUS_Starlifter_C2,vehicle_DescCRUS_Starlifter_C2,63685f47-b0cc-4ebe-8f16-72793a5cd6e0,CRUS,manufacturer_NameCRUS,Spaceship,scripts/entities/vehicles/implementations/xml/crus_starlifter.xml,,vehicle_focus_transporter,d86d770d-1fc4-4525-b3b0-4f670a8a5634,vehicle_class_mediumfreight,4c0633a2-887f-4231-a40a-d366224f01d5,2,80000,1,1,0,a1b12c2a-fc72-4ed2-8820-ce7ea4458164,7533ff77-836c-4bd2-9171-487d9c63863c,libs/foundry/records/entities/spaceships/crus_starlifter_c2.xml
CRUS_Starlifter_M2_AI_Template_ShipBoarded,vehicle_NameCRUS_Starlifter_M2,vehicle_DescCRUS_Starlifter_M2,63685f47-b0cc-4ebe-8f16-72793a5cd6e0,CRUS,manufacturer_NameCRUS,Spaceship,scripts/entities/vehicles/implementations/xml/crus_starlifter.xml,Starlifter_M2,vehicle_focus_transporter,d86d770d-1fc4-4525-b3b0-4f670a8a5634,vehicle_class_mediumfreight,4c0633a2-887f-4231-a40a-d366224f01d5,3,80000,1,1,0,e387e15d-d076-47ba-8597-e0da83929846,cabd6cc4-c7e7-4227-919f-c9697e98ef30,libs/foundry/records/entities/spaceships/crus_starlifter_m2_ai_template_shipboarded.xml
CRUS_Starlifter_M2_PU_AI_CIV_DEF,vehicle_NameCRUS_Starlifter_M2,vehicle_DescCRUS_Starlifter_M2,63685f47-b0cc-4ebe-8f16-72793a5cd6e0,CRUS,manufacturer_NameCRUS,Spaceship,scripts/entities/vehicles/implementations/xml/crus_starlifter.xml,Starlifter_M2,vehicle_focus_transporter,d86d770d-1fc4-4525-b3b0-4f670a8a5634,vehicle_class_mediumfreight,4c0633a2-887f-4231-a40a-d366224f01d5,3,80000,1,1,0,e387e15d-d076-47ba-8597-e0da83929846,45dea0dc-4ba2-4471-bb91-24d942ec4fec,libs/foundry/records/entities/spaceships/crus_starlifter_m2_pu_ai_civ_def.xml
CRUS_Starlifter_M2_PU_AI_CIV,vehicle_NameCRUS_Starlifter_M2,vehicle_DescCRUS_Starlifter_M2,63685f47-b0cc-4ebe-8f16-72793a5cd6e0,CRUS,manufacturer_NameCRUS,Spaceship,scripts/entities/vehicles/implementations/xml/crus_starlifter.xml,Starlifter_M2,vehicle_focus_transporter,d86d770d-1fc4-4525-b3b0-4f670a8a5634,vehicle_class_mediumfreight,4c0633a2-887f-4231-a40a-d366224f01d5,3,80000,1,1,0,e387e15d-d076-47ba-8597-e0da83929846,31ae4cd3-6166-49ce-ba56-c7e8bfd6158f,libs/foundry/records/entities/spaceships/crus_starlifter_m2_pu_ai_civ.xml
CRUS_Starlifter_M2_PU_AI_CRIM,vehicle_NameCRUS_Starlifter_M2,vehicle_DescCRUS_Starlifter_M2,63685f47-b0cc-4ebe-8f16-72793a5cd6e0,CRUS,manufacturer_NameCRUS,Spaceship,scripts/entities/vehicles/implementations/xml/crus_starlifter.xml,Starlifter_M2,vehicle_focus_transporter,d86d770d-1fc4-4525-b3b0-4f670a8a5634,vehicle_class_mediumfreight,4c0633a2-887f-4231-a40a-d366224f01d5,3,80000,1,1,0,e387e15d-d076-47ba-8597-e0da83929846,f5d372bf-63ca-4819-83c0-b1560b258450,libs/foundry/records/entities/spaceships/crus_starlifter_m2_pu_ai_crim.xml
CRUS_Starlifter_M2_Unmanned_Salvage,vehicle_NameCRUS_Starlifter_M2,vehicle_DescCRUS_Starlifter_M2,63685f47-b0cc-4ebe-8f16-72793a5cd6e0,CRUS,manufacturer_NameCRUS,Spaceship,scripts/entities/vehicles/implementations/xml/crus_starlifter.xml,Starlifter_M2,vehicle_focus_transporter,d86d770d-1fc4-4525-b3b0-4f670a8a5634,vehicle_class_mediumfreight,4c0633a2-887f-4231-a40a-d366224f01d5,3,80000,1,0,0,e387e15d-d076-47ba-8597-e0da83929846,18a59cdd-1701-42ed-8837-aa1f21485e10,libs/foundry/records/entities/spaceships/crus_starlifter_m2_unmanned_salvage.xml
CRUS_Starlifter_M2,vehicle_NameCRUS_Starlifter_M2,vehicle_DescCRUS_Starlifter_M2,63685f47-b0cc-4ebe-8f16-72793a5cd6e0,CRUS,manufacturer_NameCRUS,Spaceship,scripts/entities/vehicles/implementations/xml/crus_starlifter.xml,Starlifter_M2,vehicle_focus_transporter,d86d770d-1fc4-4525-b3b0-4f670a8a5634,vehicle_class_mediumfreight,4c0633a2-887f-4231-a40a-d366224f01d5,3,80000,1,1,0,e387e15d-d076-47ba-8597-e0da83929846,5cf39b3b-41d8-45c1-8ef2-d4678c7a7b85,libs/foundry/records/entities/spaceships/crus_starlifter_m2.xml
DRAK_Buccaneer_EA_AI_PIR,vehicle_NameDRAK_Buccaneer,vehicle_DescDRAK_Buccaneer,6116471c-891d-4830-8968-650b6deafc00,DRAK,manufacturer_NameDRAK,Spaceship,scripts/entities/vehicles/implementations/xml/drak_buccaneer.xml,Pirate,vehicle_focus_combat,2bf4345e-cf3c-4ecb-91ce-f9daa8ff47f8,vehicle_class_lightfighter,bf73e515-0e01-409e-84fb-acbef27e1686,1,2500,1,1,0,fe386455-b8c0-42e1-a07a-912956354a59,472b140b-0111-4b62-9126-5833e60f91cb,libs/foundry/records/entities/spaceships/drak_buccaneer_ea_ai_pir.xml
DRAK_Buccaneer_EA_Outlaws,vehicle_NameDRAK_Buccaneer,vehicle_DescDRAK_Buccaneer,6116471c-891d-4830-8968-650b6deafc00,DRAK,manufacturer_NameDRAK,Spaceship,scripts/entities/vehicles/implementations/xml/drak_buccaneer.xml,,vehicle_focus_combat,2bf4345e-cf3c-4ecb-91ce-f9daa8ff47f8,vehicle_class_lightfighter,bf73e515-0e01-409e-84fb-acbef27e1686,1,2500,1,1,0,fe386455-b8c0-42e1-a07a-912956354a59,0f30cef9-6839-4064-9752-9cc58669f200,libs/foundry/records/entities/spaceships/drak_buccaneer_ea_outlaws.xml
DRAK_Buccaneer_PU_AI_CIV,vehicle_NameDRAK_Buccaneer,vehicle_DescDRAK_Buccaneer,6116471c-891d-4830-8968-650b6deafc00,DRAK,manufacturer_NameDRAK,Spaceship,scripts/entities/vehicles/implementations/xml/drak_buccaneer.xml,,vehicle_focus_combat,2bf4345e-cf3c-4ecb-91ce-f9daa8ff47f8,vehicle_class_lightfighter,bf73e515-0e01-409e-84fb-acbef27e1686,1,2500,1,1,0,fe386455-b8c0-42e1-a07a-912956354a59,92693a49-7f72-4f4b-81a5-6900361d481b,libs/foundry/records/entities/spaceships/drak_buccaneer_pu_ai_civ.xml
DRAK_Buccaneer_PU_AI_CRIM_ScatterGun,vehicle_NameDRAK_Buccaneer,vehicle_DescDRAK_Buccaneer,6116471c-891d-4830-8968-650b6deafc00,DRAK,manufacturer_NameDRAK,Spaceship,scripts/entities/vehicles/implementations/xml/drak_buccaneer.xml,,vehicle_focus_combat,2bf4345e-cf3c-4ecb-91ce-f9daa8ff47f8,vehicle_class_lightfighter,bf73e515-0e01-409e-84fb-acbef27e1686,1,2500,1,1,0,fe386455-b8c0-42e1-a07a-912956354a59,0e351510-c73f-43e5-9410-1b223332abdb,libs/foundry/records/entities/spaceships/drak_buccaneer_pu_ai_crim_scattergun.xml
DRAK_Buccaneer_PU_AI_CRIM,vehicle_NameDRAK_Buccaneer,vehicle_DescDRAK_Buccaneer,6116471c-891d-4830-8968-650b6deafc00,DRAK,manufacturer_NameDRAK,Spaceship,scripts/entities/vehicles/implementations/xml/drak_buccaneer.xml,,vehicle_focus_combat,2bf4345e-cf3c-4ecb-91ce-f9daa8ff47f8,vehicle_class_lightfighter,bf73e515-0e01-409e-84fb-acbef27e1686,1,2500,1,1,0,fe386455-b8c0-42e1-a07a-912956354a59,41df857c-adcc-4b44-869f-ca86f5ad595e,libs/foundry/records/entities/spaceships/drak_buccaneer_pu_ai_crim.xml
DRAK_Buccaneer_PU_AI_NT,vehicle_NameDRAK_Buccaneer,vehicle_DescDRAK_Buccaneer,6116471c-891d-4830-8968-650b6deafc00,DRAK,manufacturer_NameDRAK,Spaceship,scripts/entities/vehicles/implementations/xml/drak_buccaneer.xml,,vehicle_focus_combat,2bf4345e-cf3c-4ecb-91ce-f9daa8ff47f8,vehicle_class_lightfighter,bf73e515-0e01-409e-84fb-acbef27e1686,1,2500,1,1,0,fe386455-b8c0-42e1-a07a-912956354a59,3cb07a06-ea0f-49a1-b595-ebe606b5eeee,libs/foundry/records/entities/spaceships/drak_buccaneer_pu_ai_nt.xml
DRAK_Buccaneer_PU_AI_RaceAnnouncer_Scramble,vehicle_NameDRAK_Buccaneer,vehicle_DescDRAK_Buccaneer,6116471c-891d-4830-8968-650b6deafc00,DRAK,manufacturer_NameDRAK,Spaceship,scripts/entities/vehicles/implementations/xml/drak_buccaneer.xml,,vehicle_focus_combat,2bf4345e-cf3c-4ecb-91ce-f9daa8ff47f8,vehicle_class_lightfighter,bf73e515-0e01-409e-84fb-acbef27e1686,1,2500,1,1,0,fe386455-b8c0-42e1-a07a-912956354a59,9f5abcfd-6bdf-4bb2-ac19-f9f144431267,libs/foundry/records/entities/spaceships/drak_buccaneer_pu_ai_raceannouncer_scramble.xml
DRAK_Buccaneer,vehicle_NameDRAK_Buccaneer,vehicle_DescDRAK_Buccaneer,6116471c-891d-4830-8968-650b6deafc00,DRAK,manufacturer_NameDRAK,Spaceship,scripts/entities/vehicles/implementations/xml/drak_buccaneer.xml,,vehicle_focus_combat,2bf4345e-cf3c-4ecb-91ce-f9daa8ff47f8,vehicle_class_lightfighter,bf73e515-0e01-409e-84fb-acbef27e1686,1,2500,1,1,0,fe386455-b8c0-42e1-a07a-912956354a59,efec4d48-77ab-4cba-9add-a3d96c5be8d8,libs/foundry/records/entities/spaceships/drak_buccaneer.xml
DRAK_Caterpillar_AI_CIV_ShipBoarded_HalfCargoMarkup,vehicle_NameDRAK_Caterpillar,vehicle_DescDRAK_Caterpillar,6116471c-891d-4830-8968-650b6deafc00,DRAK,manufacturer_NameDRAK,Spaceship,scripts/entities/vehicles/implementations/xml/drak_caterpillar.xml,,vehicle_focus_transporter,d86d770d-1fc4-4525-b3b0-4f670a8a5634,vehicle_class_mediumfreight,4c0633a2-887f-4231-a40a-d366224f01d5,1,60000,1,1,0,c02a4adc-3816-4c63-8c0f-a2ab54fd3212,ccae18b8-5bdd-4001-909f-db48d53134e5,libs/foundry/records/entities/spaceships/drak_caterpillar_ai_civ_shipboarded_halfcargomarkup.xml
DRAK_Caterpillar_AI_CIV_ShipBoarded_NoCargoMarkup,vehicle_NameDRAK_Caterpillar,vehicle_DescDRAK_Caterpillar,6116471c-891d-4830-8968-650b6deafc00,DRAK,manufacturer_NameDRAK,Spaceship,scripts/entities/vehicles/implementations/xml/drak_caterpillar.xml,,vehicle_focus_transporter,d86d770d-1fc4-4525-b3b0-4f670a8a5634,vehicle_class_mediumfreight,4c0633a2-887f-4231-a40a-d366224f01d5,1,60000,1,1,0,c02a4adc-3816-4c63-8c0f-a2ab54fd3212,2938498f-a1a7-4bac-8653-c30abb9487c6,libs/foundry/records/entities/spaceships/drak_caterpillar_ai_civ_shipboarded_nocargomarkup.xml
DRAK_Caterpillar_AI_CIV_ShipBoarded,vehicle_NameDRAK_Caterpillar,vehicle_DescDRAK_Caterpillar,6116471c-891d-4830-8968-650b6deafc00,DRAK,manufacturer_NameDRAK,Spaceship,scripts/entities/vehicles/implementations/xml/drak_caterpillar.xml,,vehicle_focus_transporter,d86d770d-1fc4-4525-b3b0-4f670a8a5634,vehicle_class_mediumfreight,4c0633a2-887f-4231-a40a-d366224f01d5,1,60000,1,1,0,c02a4adc-3816-4c63-8c0f-a2ab54fd3212,f0458971-9470-4526-8b20-9a2fb3af54d9,libs/foundry/records/entities/spaceships/drak_caterpillar_ai_civ_shipboarded.xml
DRAK_Caterpillar_AI_NT_ShipBoarded_HalfCargoMarkup,vehicle_NameDRAK_Caterpillar,vehicle_DescDRAK_Caterpillar,6116471c-891d-4830-8968-650b6deafc00,DRAK,manufacturer_NameDRAK,Spaceship,scripts/entities/vehicles/implementations/xml/drak_caterpillar.xml,,vehicle_focus_transporter,d86d770d-1fc4-4525-b3b0-4f670a8a5634,vehicle_class_mediumfreight,4c0633a2-887f-4231-a40a-d366224f01d5,1,60000,1,1,0,c02a4adc-3816-4c63-8c0f-a2ab54fd3212,69a07f61-70d9-4081-9c98-fdad2b1103eb,libs/foundry/records/entities/spaceships/drak_caterpillar_ai_nt_shipboarded_halfcargomarkup.xml
DRAK_Caterpillar_AI_NT_ShipBoarded_NoCargoMarkup,vehicle_NameDRAK_Caterpillar,vehicle_DescDRAK_Caterpillar,6116471c-891d-4830-8968-650b6deafc00,DRAK,manufacturer_NameDRAK,Spaceship,scripts/entities/vehicles/implementations/xml/drak_caterpillar.xml,,vehicle_focus_transporter,d86d770d-1fc4-4525-b3b0-4f670a8a5634,vehicle_class_mediumfreight,4c0633a2-887f-4231-a40a-d366224f01d5,1,60000,1,1,0,c02a4adc-3816-4c63-8c0f-a2ab54fd3212,3201a0c1-c422-4859-bab5-b6c60181ddda,libs/foundry/records/entities/spaceships/drak_caterpillar_ai_nt_shipboarded_nocargomarkup.xml
DRAK_Caterpillar_AI_NT_ShipBoarded,vehicle_NameDRAK_Caterpillar,vehicle_DescDRAK_Caterpillar,6116471c-891d-4830-8968-650b6deafc00,DRAK,manufacturer_NameDRAK,Spaceship,scripts/entities/vehicles/implementations/xml/drak_caterpillar.xml,,vehicle_focus_transporter,d86d770d-1fc4-4525-b3b0-4f670a8a5634,vehicle_class_mediumfreight,4c0633a2-887f-4231-a40a-d366224f01d5,1,60000,1,1,0,c02a4adc-3816-4c63-8c0f-a2ab54fd3212,6fc48ab8-5b39-4342-b18a-8ad8132d2bdf,libs/foundry/records/entities/spaceships/drak_caterpillar_ai_nt_shipboarded.xml
DRAK_Caterpillar_AI_Template_ShipBoarded,vehicle_NameDRAK_Caterpillar,vehicle_DescDRAK_Caterpillar,6116471c-891d-4830-8968-650b6deafc00,DRAK,manufacturer_NameDRAK,Spaceship,scripts/entities/vehicles/implementations/xml/drak_caterpillar.xml,,vehicle_focus_transporter,d86d770d-1fc4-4525-b3b0-4f670a8a5634,vehicle_class_mediumfreight,4c0633a2-887f-4231-a40a-d366224f01d5,1,60000,1,1,0,c02a4adc-3816-4c63-8c0f-a2ab54fd3212,ccc74244-0514-4bad-8a68-d48e967b3e15,libs/foundry/records/entities/spaceships/drak_caterpillar_ai_template_shipboarded.xml
DRAK_Caterpillar_Boarded,vehicle_NameDRAK_Caterpillar,vehicle_DescDRAK_Caterpillar,6116471c-891d-4830-8968-650b6deafc00,DRAK,manufacturer_NameDRAK,Spaceship,scripts/entities/vehicles/implementations/xml/drak_caterpillar.xml,,vehicle_focus_transporter,d86d770d-1fc4-4525-b3b0-4f670a8a5634,vehicle_class_mediumfreight,4c0633a2-887f-4231-a40a-d366224f01d5,1,60000,1,1,0,c02a4adc-3816-4c63-8c0f-a2ab54fd3212,bf9ecec5-fd5b-4922-b7d6-c70ef0b13cf5,libs/foundry/records/entities/spaceships/drak_caterpillar_boarded.xml
DRAK_Caterpillar_Pirate,vehicle_NameDRAK_Caterpillar_Pirate,vehicle_DescDRAK_Caterpillar_Pirate,6116471c-891d-4830-8968-650b6deafc00,DRAK,manufacturer_NameDRAK,Spaceship,scripts/entities/vehicles/implementations/xml/drak_caterpillar.xml,Pirate,vehicle_focus_transporter,d86d770d-1fc4-4525-b3b0-4f670a8a5634,vehicle_class_mediumfreight,4c0633a2-887f-4231-a40a-d366224f01d5,1,60000,1,0,0,c02a4adc-3816-4c63-8c0f-a2ab54fd3212,565d8121-50a9-4920-af50-f176caef0431,libs/foundry/records/entities/spaceships/drak_caterpillar_pirate.xml
DRAK_Caterpillar_PU_AI_CIV_DEF,vehicle_NameDRAK_Caterpillar,vehicle_DescDRAK_Caterpillar,6116471c-891d-4830-8968-650b6deafc00,DRAK,manufacturer_NameDRAK,Spaceship,scripts/entities/vehicles/implementations/xml/drak_caterpillar.xml,,vehicle_focus_transporter,d86d770d-1fc4-4525-b3b0-4f670a8a5634,vehicle_class_mediumfreight,4c0633a2-887f-4231-a40a-d366224f01d5,1,60000,1,1,0,c02a4adc-3816-4c63-8c0f-a2ab54fd3212,e76f16f9-3b0f-4121-842c-c45a9c38c920,libs/foundry/records/entities/spaceships/drak_caterpillar_pu_ai_civ_def.xml
DRAK_Caterpillar_PU_AI_CIV,vehicle_NameDRAK_Caterpillar,vehicle_DescDRAK_Caterpillar,6116471c-891d-4830-8968-650b6deafc00,DRAK,manufacturer_NameDRAK,Spaceship,scripts/entities/vehicles/implementations/xml/drak_caterpillar.xml,,vehicle_focus_transporter,d86d770d-1fc4-4525-b3b0-4f670a8a5634,vehicle_class_mediumfreight,4c0633a2-887f-4231-a40a-d366224f01d5,1,60000,1,1,0,c02a4adc-3816-4c63-8c0f-a2ab54fd3212,c486d3eb-a5e9-40c1-99f4-29f8bbac8ece,libs/foundry/records/entities/spaceships/drak_caterpillar_pu_ai_civ.xml
DRAK_Caterpillar_PU_AI_CRIM,vehicle_NameDRAK_Caterpillar,vehicle_DescDRAK_Caterpillar,6116471c-891d-4830-8968-650b6deafc00,DRAK,manufacturer_NameDRAK,Spaceship,scripts/entities/vehicles/implementations/xml/drak_caterpillar.xml,,vehicle_focus_transporter,d86d770d-1fc4-4525-b3b0-4f670a8a5634,vehicle_class_mediumfreight,4c0633a2-887f-4231-a40a-d366224f01d5,1,60000,1,1,0,c02a4adc-3816-4c63-8c0f-a2ab54fd3212,9cf6aeca-d942-4c3c-acca-2dde3d8e4086,libs/foundry/records/entities/spaceships/drak_caterpillar_pu_ai_crim.xml
DRAK_Caterpillar_PU_AI_NT,vehicle_NameDRAK_Caterpillar,vehicle_DescDRAK_Caterpillar,6116471c-891d-4830-8968-650b6deafc00,DRAK,manufacturer_NameDRAK,Spaceship,scripts/entities/vehicles/implementations/xml/drak_caterpillar.xml,,vehicle_focus_transporter,d86d770d-1fc4-4525-b3b0-4f670a8a5634,vehicle_class_mediumfreight,4c0633a2-887f-4231-a40a-d366224f01d5,1,60000,1,1,0,c02a4adc-3816-4c63-8c0f-a2ab54fd3212,1791a322-550f-41e8-b1df-bed9c8d0420c,libs/foundry/records/entities/spaceships/drak_caterpillar_pu_ai_nt.xml
DRAK_Caterpillar_PU_Hijacked,vehicle_NameDRAK_Caterpillar_PU_Hijacked,vehicle_DescDRAK_Caterpillar,6116471c-891d-4830-8968-650b6deafc00,DRAK,manufacturer_NameDRAK,Spaceship,Scripts/Entities/Vehicles/Implementations/Xml/DRAK_Caterpillar.xml,Hijacked,vehicle_focus_transporter,d86d770d-1fc4-4525-b3b0-4f670a8a5634,vehicle_class_mediumfreight,4c0633a2-887f-4231-a40a-d366224f01d5,1,60000,1,1,0,c02a4adc-3816-4c63-8c0f-a2ab54fd3212,8216faf6-4494-4f9e-83a2-c4e55a4dc67f,libs/foundry/records/entities/spaceships/drak_caterpillar_pu_hijacked.xml
DRAK_Caterpillar_ShipShowdown,vehicle_NameDRAK_Caterpillar_ShipShowdown,vehicle_DescDRAK_Caterpillar_ShipShowdown,6116471c-891d-4830-8968-650b6deafc00,DRAK,manufacturer_NameDRAK,Spaceship,scripts/entities/vehicles/implementations/xml/drak_caterpillar.xml,Caterpillar_BIS,vehicle_focus_transporter,d86d770d-1fc4-4525-b3b0-4f670a8a5634,vehicle_class_mediumfreight,4c0633a2-887f-4231-a40a-d366224f01d5,1,60000,1,1,0,c02a4adc-3816-4c63-8c0f-a2ab54fd3212,ca888820-a627-4f5e-927b-426f654e9968,libs/foundry/records/entities/spaceships/drak_caterpillar_shipshowdown.xml
DRAK_Caterpillar_Unmanned_NineTails,vehicle_NameDRAK_Caterpillar,vehicle_DescDRAK_Caterpillar,6116471c-891d-4830-8968-650b6deafc00,DRAK,manufacturer_NameDRAK,Spaceship,scripts/entities/vehicles/implementations/xml/drak_caterpillar.xml,,vehicle_focus_transporter,d86d770d-1fc4-4525-b3b0-4f670a8a5634,vehicle_class_mediumfreight,4c0633a2-887f-4231-a40a-d366224f01d5,1,60000,1,1,0,c02a4adc-3816-4c63-8c0f-a2ab54fd3212,02b371e3-fae9-4f67-9c45-d6822eb2430e,libs/foundry/records/entities/spaceships/drak_caterpillar_unmanned_ninetails.xml
DRAK_Caterpillar_Unmanned_Salvage,vehicle_NameDRAK_Caterpillar,vehicle_DescDRAK_Caterpillar,6116471c-891d-4830-8968-650b6deafc00,DRAK,manufacturer_NameDRAK,Spaceship,scripts/entities/vehicles/implementations/xml/drak_caterpillar.xml,,vehicle_focus_transporter,d86d770d-1fc4-4525-b3b0-4f670a8a5634,vehicle_class_mediumfreight,4c0633a2-887f-4231-a40a-d366224f01d5,1,60000,1,1,0,c02a4adc-3816-4c63-8c0f-a2ab54fd3212,d8285fc0-f7d7-42e8-9dc0-f8c9e0baf4da,libs/foundry/records/entities/spaceships/drak_caterpillar_unmanned_salvage.xml
DRAK_Caterpillar,vehicle_NameDRAK_Caterpillar,vehicle_DescDRAK_Caterpillar,6116471c-891d-4830-8968-650b6deafc00,DRAK,manufacturer_NameDRAK,Spaceship,scripts/entities/vehicles/implementations/xml/drak_caterpillar.xml,,vehicle_focus_transporter,d86d770d-1fc4-4525-b3b0-4f670a8a5634,vehicle_class_mediumfreight,4c0633a2-887f-4231-a40a-d366224f01d5,1,60000,1,1,0,c02a4adc-3816-4c63-8c0f-a2ab54fd3212,dc39ca6b-1d76-4db5-9346-356f49954978,libs/foundry/records/entities/spaceships/drak_caterpillar.xml
DRAK_Clipper,vehicle_NameDRAK_Clipper,vehicle_DescDRAK_Clipper,6116471c-891d-4830-8968-650b6deafc00,DRAK,manufacturer_NameDRAK,Spaceship,Scripts/Entities/Vehicles/Implementations/Xml/drak_clipper.xml,,vehicle_focus_exploration,605f6ca1-9eae-4d78-9f7f-71288d44dada,vehicle_class_generalist,3db7eb84-7cf9-4dc8-92ac-c71a0c36fc84,1,2500,1,1,0,8b90dcb9-41cf-41a0-af8f-4ee7c7130195,c03e7aef-6411-4e85-9c10-e89862884433,libs/foundry/records/entities/spaceships/drak_clipper.xml
DRAK_Command_Module,vehicle_NameDRAK_Command_Module,vehicle_DescDRAK_Command_Module,6116471c-891d-4830-8968-650b6deafc00,DRAK,manufacturer_NameDRAK,Spaceship,Scripts/Entities/Vehicles/Implementations/Xml/drak_command_module.xml,,item_ShipFocus_Transport,0c06d7fa-963b-4fb3-b9a6-5e03a140bed3,item_ShipFocus_Transport,e23c9136-14ab-4814-8c99-50973444f9c4,2,2500,1,1,0,58e3ce97-7788-4a6f-b944-bd861b896354,bdeb88d1-c003-4dfa-942d-5043988e1c68,libs/foundry/records/entities/spaceships/drak_command_module.xml
DRAK_Corsair_AI_Template_ShipBoarded,vehicle_NameDRAK_Corsair,vehicle_DescDRAK_Corsair,6116471c-891d-4830-8968-650b6deafc00,DRAK,manufacturer_NameDRAK,Spaceship,Scripts/Entities/Vehicles/Implementations/Xml/DRAK_Corsair.xml,,vehicle_focus_exploration,605f6ca1-9eae-4d78-9f7f-71288d44dada,vehicle_class_expedition,bdf53a4c-0fce-442f-9222-e438792d7b75,4,20000,1,1,0,6abb4bb2-4539-4de1-ab8e-878565048c29,a8236826-dc9f-4f73-b747-10153eed6038,libs/foundry/records/entities/spaceships/drak_corsair_ai_template_shipboarded.xml
DRAK_Corsair_Exec_Military,vehicle_NameDRAK_Corsair_PYAM_Exec,vehicle_DescDRAK_Corsair_PYAM_Exec,6116471c-891d-4830-8968-650b6deafc00,DRAK,manufacturer_NameDRAK,Spaceship,Scripts/Entities/Vehicles/Implementations/Xml/DRAK_Corsair.xml,,vehicle_focus_exploration,605f6ca1-9eae-4d78-9f7f-71288d44dada,vehicle_class_expedition,bdf53a4c-0fce-442f-9222-e438792d7b75,4,20000,1,1,0,6abb4bb2-4539-4de1-ab8e-878565048c29,4da0c1b0-cc77-86e4-93d5-759a2e6f7581,libs/foundry/records/entities/spaceships/drak_corsair_exec_military.xml
DRAK_Corsair_Exec_StealthIndustrial,vehicle_NameDRAK_Corsair_PYAM_Exec,vehicle_DescDRAK_Corsair_PYAM_Exec,6116471c-891d-4830-8968-650b6deafc00,DRAK,manufacturer_NameDRAK,Spaceship,Scripts/Entities/Vehicles/Implementations/Xml/DRAK_Corsair.xml,,vehicle_focus_exploration,605f6ca1-9eae-4d78-9f7f-71288d44dada,vehicle_class_expedition,bdf53a4c-0fce-442f-9222-e438792d7b75,4,20000,1,1,0,6abb4bb2-4539-4de1-ab8e-878565048c29,4ce214f3-16e2-d9ea-2b2c-16d0bf1359ba,libs/foundry/records/entities/spaceships/drak_corsair_exec_stealthindustrial.xml
DRAK_Corsair_PU_AI_CIV_DEF,vehicle_NameDRAK_Corsair,vehicle_DescDRAK_Corsair,6116471c-891d-4830-8968-650b6deafc00,DRAK,manufacturer_NameDRAK,Spaceship,Scripts/Entities/Vehicles/Implementations/Xml/DRAK_Corsair.xml,,vehicle_focus_exploration,605f6ca1-9eae-4d78-9f7f-71288d44dada,vehicle_class_expedition,bdf53a4c-0fce-442f-9222-e438792d7b75,4,20000,1,1,0,6abb4bb2-4539-4de1-ab8e-878565048c29,7c7aabbe-b825-43f1-95be-2bc622888f7d,libs/foundry/records/entities/spaceships/drak_corsair_pu_ai_civ_def.xml
DRAK_Corsair_PU_AI_CIV,vehicle_NameDRAK_Corsair,vehicle_DescDRAK_Corsair,6116471c-891d-4830-8968-650b6deafc00,DRAK,manufacturer_NameDRAK,Spaceship,Scripts/Entities/Vehicles/Implementations/Xml/DRAK_Corsair.xml,,vehicle_focus_exploration,605f6ca1-9eae-4d78-9f7f-71288d44dada,vehicle_class_expedition,bdf53a4c-0fce-442f-9222-e438792d7b75,4,20000,1,1,0,6abb4bb2-4539-4de1-ab8e-878565048c29,32779307-07d7-4908-a59b-8b45438d6484,libs/foundry/records/entities/spaceships/drak_corsair_pu_ai_civ.xml
DRAK_Corsair_PU_AI_CRIM,vehicle_NameDRAK_Corsair,vehicle_DescDRAK_Corsair,6116471c-891d-4830-8968-650b6deafc00,DRAK,manufacturer_NameDRAK,Spaceship,Scripts/Entities/Vehicles/Implementations/Xml/DRAK_Corsair.xml,,vehicle_focus_exploration,605f6ca1-9eae-4d78-9f7f-71288d44dada,vehicle_class_expedition,bdf53a4c-0fce-442f-9222-e438792d7b75,4,20000,1,1,0,6abb4bb2-4539-4de1-ab8e-878565048c29,ce443c1e-e10f-447e-8da7-fb7ad9d826fa,libs/foundry/records/entities/spaceships/drak_corsair_pu_ai_crim.xml
DRAK_Corsair_PU_AI_FF,vehicle_NameDRAK_Corsair,vehicle_DescDRAK_Corsair,6116471c-891d-4830-8968-650b6deafc00,DRAK,manufacturer_NameDRAK,Spaceship,Scripts/Entities/Vehicles/Implementations/Xml/DRAK_Corsair.xml,,vehicle_focus_exploration,605f6ca1-9eae-4d78-9f7f-71288d44dada,vehicle_class_expedition,bdf53a4c-0fce-442f-9222-e438792d7b75,4,20000,1,1,0,6abb4bb2-4539-4de1-ab8e-878565048c29,ddce3266-3a6f-40ed-b7fe-62b97f43f1f3,libs/foundry/records/entities/spaceships/drak_corsair_pu_ai_ff.xml
DRAK_Corsair_Unmanned_Salvage,vehicle_NameDRAK_Corsair,vehicle_DescDRAK_Corsair,6116471c-891d-4830-8968-650b6deafc00,DRAK,manufacturer_NameDRAK,Spaceship,Scripts/Entities/Vehicles/Implementations/Xml/DRAK_Corsair.xml,,vehicle_focus_exploration,605f6ca1-9eae-4d78-9f7f-71288d44dada,vehicle_class_expedition,bdf53a4c-0fce-442f-9222-e438792d7b75,4,20000,1,1,0,6abb4bb2-4539-4de1-ab8e-878565048c29,ced1b8b6-aa91-45bb-8ef7-b88af72c86e6,libs/foundry/records/entities/spaceships/drak_corsair_unmanned_salvage.xml
DRAK_Corsair,vehicle_NameDRAK_Corsair,vehicle_DescDRAK_Corsair,6116471c-891d-4830-8968-650b6deafc00,DRAK,manufacturer_NameDRAK,Spaceship,Scripts/Entities/Vehicles/Implementations/Xml/DRAK_Corsair.xml,,vehicle_focus_exploration,605f6ca1-9eae-4d78-9f7f-71288d44dada,vehicle_class_expedition,bdf53a4c-0fce-442f-9222-e438792d7b75,4,20000,1,1,0,6abb4bb2-4539-4de1-ab8e-878565048c29,e1afb014-fe71-4da9-89ae-c30fcf9c0782,libs/foundry/records/entities/spaceships/drak_corsair.xml
DRAK_Cutlass_Black_AI_Derelict_Nose_A,hud_wreckage,procedural_text_null,6116471c-891d-4830-8968-650b6deafc00,DRAK,manufacturer_NameDRAK,Spaceship,scripts/entities/vehicles/implementations/xml/drak_cutlass_black.xml,,procedural_text_null,17924962-38db-4bd7-a6ae-7c54d925519f,procedural_text_null,6a70b721-a42c-4f86-8520-7d8f11aab751,3,6750,1,1,0,11289951-273e-4b91-9194-ece46fe88783,a52c4a9e-7379-4407-9d89-24c0598ad0e4,libs/foundry/records/entities/spaceships/drak_cutlass_black_ai_derelict_nose_a.xml
DRAK_Cutlass_Black_AI_Derelict_Nose_Template,hud_wreckage,procedural_text_null,6116471c-891d-4830-8968-650b6deafc00,DRAK,manufacturer_NameDRAK,Spaceship,scripts/entities/vehicles/implementations/xml/drak_cutlass_black.xml,,procedural_text_null,17924962-38db-4bd7-a6ae-7c54d925519f,procedural_text_null,6a70b721-a42c-4f86-8520-7d8f11aab751,3,6750,1,1,0,11289951-273e-4b91-9194-ece46fe88783,a7e775c0-e8a8-4310-8dd4-0942dc0843a9,libs/foundry/records/entities/spaceships/drak_cutlass_black_ai_derelict_nose_template.xml
DRAK_Cutlass_Black_AI_Derelict_Tail_A,hud_wreckage,procedural_text_null,6116471c-891d-4830-8968-650b6deafc00,DRAK,manufacturer_NameDRAK,Spaceship,scripts/entities/vehicles/implementations/xml/drak_cutlass_black.xml,,procedural_text_null,17924962-38db-4bd7-a6ae-7c54d925519f,procedural_text_null,6a70b721-a42c-4f86-8520-7d8f11aab751,3,6750,1,1,0,11289951-273e-4b91-9194-ece46fe88783,12536d08-acb7-4024-a8a5-f2614b6b5887,libs/foundry/records/entities/spaceships/drak_cutlass_black_ai_derelict_tail_a.xml
DRAK_Cutlass_Black_AI_Derelict_Tail_Template,hud_wreckage,procedural_text_null,6116471c-891d-4830-8968-650b6deafc00,DRAK,manufacturer_NameDRAK,Spaceship,scripts/entities/vehicles/implementations/xml/drak_cutlass_black.xml,,procedural_text_null,17924962-38db-4bd7-a6ae-7c54d925519f,procedural_text_null,6a70b721-a42c-4f86-8520-7d8f11aab751,3,6750,1,1,0,11289951-273e-4b91-9194-ece46fe88783,e227d837-7f5f-4950-9a8b-889da27dd133,libs/foundry/records/entities/spaceships/drak_cutlass_black_ai_derelict_tail_template.xml
DRAK_Cutlass_Black_AI_Derelict_Template,hud_wreckage,procedural_text_null,6116471c-891d-4830-8968-650b6deafc00,DRAK,manufacturer_NameDRAK,Spaceship,scripts/entities/vehicles/implementations/xml/drak_cutlass_black.xml,,procedural_text_null,17924962-38db-4bd7-a6ae-7c54d925519f,procedural_text_null,6a70b721-a42c-4f86-8520-7d8f11aab751,3,6750,1,1,0,11289951-273e-4b91-9194-ece46fe88783,bf7d6f88-a77e-46f1-9bae-f8fd24426455,libs/foundry/records/entities/spaceships/drak_cutlass_black_ai_derelict_template.xml
DRAK_Cutlass_Black_BIS2950,vehicle_NameDRAK_Cutlass_Black,vehicle_DescDRAK_Cutlass_Black,6116471c-891d-4830-8968-650b6deafc00,DRAK,manufacturer_NameDRAK,Spaceship,scripts/entities/vehicles/implementations/xml/drak_cutlass_black.xml,,vehicle_focus_multirole,17924962-38db-4bd7-a6ae-7c54d925519f,vehicle_class_lightfreight_mediumfighter,6a70b721-a42c-4f86-8520-7d8f11aab751,3,6750,1,1,0,11289951-273e-4b91-9194-ece46fe88783,c926495d-3775-4fbf-88cc-bd243431a82f,libs/foundry/records/entities/spaceships/drak_cutlass_black_bis2950.xml
DRAK_Cutlass_Black_EA_AI_PIR,vehicle_NameDRAK_Cutlass_Black,vehicle_DescDRAK_Cutlass_Black,6116471c-891d-4830-8968-650b6deafc00,DRAK,manufacturer_NameDRAK,Spaceship,scripts/entities/vehicles/implementations/xml/drak_cutlass_black.xml,DRAK_Cutlass_Pirate,vehicle_focus_multirole,17924962-38db-4bd7-a6ae-7c54d925519f,vehicle_class_lightfreight_mediumfighter,6a70b721-a42c-4f86-8520-7d8f11aab751,3,6750,1,1,0,11289951-273e-4b91-9194-ece46fe88783,5890718e-7afc-4b71-9710-c3b7d6980be8,libs/foundry/records/entities/spaceships/drak_cutlass_black_ea_ai_pir.xml
DRAK_Cutlass_Black_Exec_Military,vehicle_NameDRAK_Cutlass_Black_PYAM_Exec,vehicle_DescDRAK_Cutlass_Black_PYAM_Exec,6116471c-891d-4830-8968-650b6deafc00,DRAK,manufacturer_NameDRAK,Spaceship,scripts/entities/vehicles/implementations/xml/drak_cutlass_black.xml,,vehicle_focus_multirole,17924962-38db-4bd7-a6ae-7c54d925519f,vehicle_class_lightfreight_mediumfighter,6a70b721-a42c-4f86-8520-7d8f11aab751,3,6750,1,1,0,11289951-273e-4b91-9194-ece46fe88783,bf785bee-f393-4904-aaa8-987952570938,libs/foundry/records/entities/spaceships/drak_cutlass_black_exec_military.xml
DRAK_Cutlass_Black_Exec_Stealth,vehicle_NameDRAK_Cutlass_Black_PYAM_Exec,vehicle_DescDRAK_Cutlass_Black_PYAM_Exec,6116471c-891d-4830-8968-650b6deafc00,DRAK,manufacturer_NameDRAK,Spaceship,scripts/entities/vehicles/implementations/xml/drak_cutlass_black.xml,,vehicle_focus_multirole,17924962-38db-4bd7-a6ae-7c54d925519f,vehicle_class_lightfreight_mediumfighter,6a70b721-a42c-4f86-8520-7d8f11aab751,3,6750,1,1,0,11289951-273e-4b91-9194-ece46fe88783,4484a044-bbd5-e716-736a-2dda30a3efa4,libs/foundry/records/entities/spaceships/drak_cutlass_black_exec_stealth.xml
DRAK_Cutlass_Black_Mission_PIR_Package,vehicle_NameDRAK_Cutlass_Black,vehicle_DescDRAK_Cutlass_Black,6116471c-891d-4830-8968-650b6deafc00,DRAK,manufacturer_NameDRAK,Spaceship,scripts/entities/vehicles/implementations/xml/drak_cutlass_black.xml,,vehicle_focus_multirole,17924962-38db-4bd7-a6ae-7c54d925519f,vehicle_class_lightfreight_mediumfighter,6a70b721-a42c-4f86-8520-7d8f11aab751,3,6750,1,1,0,11289951-273e-4b91-9194-ece46fe88783,6cb5b70c-6ee0-4a47-9f05-86cc1eb59cff,libs/foundry/records/entities/spaceships/drak_cutlass_black_mission_pir_package.xml
DRAK_Cutlass_Black_PU_AI_Advocacy_QIG,vehicle_NameDRAK_Cutlass_Black,vehicle_DescDRAK_Cutlass_Black,6116471c-891d-4830-8968-650b6deafc00,DRAK,manufacturer_NameDRAK,Spaceship,scripts/entities/vehicles/implementations/xml/drak_cutlass_black.xml,,vehicle_focus_multirole,17924962-38db-4bd7-a6ae-7c54d925519f,vehicle_class_lightfreight_mediumfighter,6a70b721-a42c-4f86-8520-7d8f11aab751,3,6750,1,1,0,11289951-273e-4b91-9194-ece46fe88783,2555cfe7-3abf-4fc1-84ba-c897cd495646,libs/foundry/records/entities/spaceships/drak_cutlass_black_pu_ai_advocacy_qig.xml
DRAK_Cutlass_Black_PU_AI_Advocacy,vehicle_NameDRAK_Cutlass_Black,vehicle_DescDRAK_Cutlass_Black,6116471c-891d-4830-8968-650b6deafc00,DRAK,manufacturer_NameDRAK,Spaceship,scripts/entities/vehicles/implementations/xml/drak_cutlass_black.xml,,vehicle_focus_multirole,17924962-38db-4bd7-a6ae-7c54d925519f,vehicle_class_lightfreight_mediumfighter,6a70b721-a42c-4f86-8520-7d8f11aab751,3,6750,1,1,0,11289951-273e-4b91-9194-ece46fe88783,d8e10dc7-2bca-4e25-8cd6-bbc91424d65c,libs/foundry/records/entities/spaceships/drak_cutlass_black_pu_ai_advocacy.xml
DRAK_Cutlass_Black_PU_AI_CFP,vehicle_NameDRAK_Cutlass_Black,vehicle_DescDRAK_Cutlass_Black,6116471c-891d-4830-8968-650b6deafc00,DRAK,manufacturer_NameDRAK,Spaceship,scripts/entities/vehicles/implementations/xml/drak_cutlass_black.xml,,vehicle_focus_multirole,17924962-38db-4bd7-a6ae-7c54d925519f,vehicle_class_lightfreight_mediumfighter,6a70b721-a42c-4f86-8520-7d8f11aab751,3,6750,1,1,0,11289951-273e-4b91-9194-ece46fe88783,d04bef18-be54-41ef-b245-dfb30efb4f9c,libs/foundry/records/entities/spaceships/drak_cutlass_black_pu_ai_cfp.xml
DRAK_Cutlass_Black_PU_AI_CIV_DEF,vehicle_NameDRAK_Cutlass_Black,vehicle_DescDRAK_Cutlass_Black,6116471c-891d-4830-8968-650b6deafc00,DRAK,manufacturer_NameDRAK,Spaceship,scripts/entities/vehicles/implementations/xml/drak_cutlass_black.xml,,vehicle_focus_multirole,17924962-38db-4bd7-a6ae-7c54d925519f,vehicle_class_lightfreight_mediumfighter,6a70b721-a42c-4f86-8520-7d8f11aab751,3,6750,1,1,0,11289951-273e-4b91-9194-ece46fe88783,d1c61024-4047-43da-8426-212c923b1dee,libs/foundry/records/entities/spaceships/drak_cutlass_black_pu_ai_civ_def.xml
DRAK_Cutlass_Black_PU_AI_CIV,vehicle_NameDRAK_Cutlass_Black,vehicle_DescDRAK_Cutlass_Black,6116471c-891d-4830-8968-650b6deafc00,DRAK,manufacturer_NameDRAK,Spaceship,scripts/entities/vehicles/implementations/xml/drak_cutlass_black.xml,,vehicle_focus_multirole,17924962-38db-4bd7-a6ae-7c54d925519f,vehicle_class_lightfreight_mediumfighter,6a70b721-a42c-4f86-8520-7d8f11aab751,3,6750,1,1,0,11289951-273e-4b91-9194-ece46fe88783,7dbb98dc-f252-4451-90d1-c22cbf6705bd,libs/foundry/records/entities/spaceships/drak_cutlass_black_pu_ai_civ.xml
DRAK_Cutlass_Black_PU_AI_CRIM_QIG,vehicle_NameDRAK_Cutlass_Black,vehicle_DescDRAK_Cutlass_Black,6116471c-891d-4830-8968-650b6deafc00,DRAK,manufacturer_NameDRAK,Spaceship,scripts/entities/vehicles/implementations/xml/drak_cutlass_black.xml,,vehicle_focus_multirole,17924962-38db-4bd7-a6ae-7c54d925519f,vehicle_class_lightfreight_mediumfighter,6a70b721-a42c-4f86-8520-7d8f11aab751,3,6750,1,1,0,11289951-273e-4b91-9194-ece46fe88783,33bfe3f3-4c95-442c-bfd9-e8f4dc56cbe5,libs/foundry/records/entities/spaceships/drak_cutlass_black_pu_ai_crim_qig.xml
DRAK_Cutlass_Black_PU_AI_CRIM,vehicle_NameDRAK_Cutlass_Black,vehicle_DescDRAK_Cutlass_Black,6116471c-891d-4830-8968-650b6deafc00,DRAK,manufacturer_NameDRAK,Spaceship,scripts/entities/vehicles/implementations/xml/drak_cutlass_black.xml,,vehicle_focus_multirole,17924962-38db-4bd7-a6ae-7c54d925519f,vehicle_class_lightfreight_mediumfighter,6a70b721-a42c-4f86-8520-7d8f11aab751,3,6750,1,1,0,11289951-273e-4b91-9194-ece46fe88783,035813bb-a442-4869-b67a-aa56eaa9766d,libs/foundry/records/entities/spaceships/drak_cutlass_black_pu_ai_crim.xml
DRAK_Cutlass_Black_PU_AI_Dropship,vehicle_NameDRAK_Cutlass_Black,vehicle_DescDRAK_Cutlass_Black,6116471c-891d-4830-8968-650b6deafc00,DRAK,manufacturer_NameDRAK,Spaceship,scripts/entities/vehicles/implementations/xml/drak_cutlass_black.xml,,vehicle_focus_multirole,17924962-38db-4bd7-a6ae-7c54d925519f,vehicle_class_lightfreight_mediumfighter,6a70b721-a42c-4f86-8520-7d8f11aab751,3,6750,1,1,0,11289951-273e-4b91-9194-ece46fe88783,5953fb03-6a02-4daa-a89e-cb5c9d068c27,libs/foundry/records/entities/spaceships/drak_cutlass_black_pu_ai_dropship.xml
DRAK_Cutlass_Black_PU_AI_FF,vehicle_NameDRAK_Cutlass_Black,vehicle_DescDRAK_Cutlass_Black,6116471c-891d-4830-8968-650b6deafc00,DRAK,manufacturer_NameDRAK,Spaceship,scripts/entities/vehicles/implementations/xml/drak_cutlass_black.xml,,vehicle_focus_multirole,17924962-38db-4bd7-a6ae-7c54d925519f,vehicle_class_lightfreight_mediumfighter,6a70b721-a42c-4f86-8520-7d8f11aab751,3,6750,1,1,0,11289951-273e-4b91-9194-ece46fe88783,e9d8d56e-66c0-4546-98fd-27c89bc9481a,libs/foundry/records/entities/spaceships/drak_cutlass_black_pu_ai_ff.xml
DRAK_Cutlass_Black_PU_AI_HeadHunters,vehicle_NameDRAK_Cutlass_Black,vehicle_DescDRAK_Cutlass_Black,6116471c-891d-4830-8968-650b6deafc00,DRAK,manufacturer_NameDRAK,Spaceship,scripts/entities/vehicles/implementations/xml/drak_cutlass_black.xml,,vehicle_focus_multirole,17924962-38db-4bd7-a6ae-7c54d925519f,vehicle_class_lightfreight_mediumfighter,6a70b721-a42c-4f86-8520-7d8f11aab751,3,6750,1,1,0,11289951-273e-4b91-9194-ece46fe88783,b5b78ff8-3525-4396-9041-244bd1f7d310,libs/foundry/records/entities/spaceships/drak_cutlass_black_pu_ai_headhunters.xml
DRAK_Cutlass_Black_PU_AI_Ninetails,vehicle_NameDRAK_Cutlass_Black,vehicle_DescDRAK_Cutlass_Black,6116471c-891d-4830-8968-650b6deafc00,DRAK,manufacturer_NameDRAK,Spaceship,scripts/entities/vehicles/implementations/xml/drak_cutlass_black.xml,,vehicle_focus_multirole,17924962-38db-4bd7-a6ae-7c54d925519f,vehicle_class_lightfreight_mediumfighter,6a70b721-a42c-4f86-8520-7d8f11aab751,3,6750,1,1,0,11289951-273e-4b91-9194-ece46fe88783,2967cb56-efbb-4fe0-a24d-02b78d09fee9,libs/foundry/records/entities/spaceships/drak_cutlass_black_pu_ai_ninetails.xml
DRAK_Cutlass_Black_PU_AI_NT_QIG,vehicle_NameDRAK_Cutlass_Black,vehicle_DescDRAK_Cutlass_Black,6116471c-891d-4830-8968-650b6deafc00,DRAK,manufacturer_NameDRAK,Spaceship,scripts/entities/vehicles/implementations/xml/drak_cutlass_black.xml,,vehicle_focus_multirole,17924962-38db-4bd7-a6ae-7c54d925519f,vehicle_class_lightfreight_mediumfighter,6a70b721-a42c-4f86-8520-7d8f11aab751,3,6750,1,1,0,11289951-273e-4b91-9194-ece46fe88783,df0362a8-7532-4cce-970e-5e800138f403,libs/foundry/records/entities/spaceships/drak_cutlass_black_pu_ai_nt_qig.xml
DRAK_Cutlass_Black_PU_AI_NT_Reinforcements,vehicle_NameDRAK_Cutlass_Black,vehicle_DescDRAK_Cutlass_Black,6116471c-891d-4830-8968-650b6deafc00,DRAK,manufacturer_NameDRAK,Spaceship,scripts/entities/vehicles/implementations/xml/drak_cutlass_black.xml,,vehicle_focus_multirole,17924962-38db-4bd7-a6ae-7c54d925519f,vehicle_class_lightfreight_mediumfighter,6a70b721-a42c-4f86-8520-7d8f11aab751,3,6750,1,1,0,11289951-273e-4b91-9194-ece46fe88783,c3ba4db5-6d94-4a44-8984-0b23f2940b5b,libs/foundry/records/entities/spaceships/drak_cutlass_black_pu_ai_nt_reinforcements.xml
DRAK_Cutlass_Black_PU_AI_NT,vehicle_NameDRAK_Cutlass_Black,vehicle_DescDRAK_Cutlass_Black,6116471c-891d-4830-8968-650b6deafc00,DRAK,manufacturer_NameDRAK,Spaceship,scripts/entities/vehicles/implementations/xml/drak_cutlass_black.xml,,vehicle_focus_multirole,17924962-38db-4bd7-a6ae-7c54d925519f,vehicle_class_lightfreight_mediumfighter,6a70b721-a42c-4f86-8520-7d8f11aab751,3,6750,1,1,0,11289951-273e-4b91-9194-ece46fe88783,768d63be-4823-4b7d-90a4-5115770afc05,libs/foundry/records/entities/spaceships/drak_cutlass_black_pu_ai_nt.xml
DRAK_Cutlass_Black_PU_AI_PIR_Elite,vehicle_NameDRAK_Cutlass_Black,vehicle_DescDRAK_Cutlass_Black,6116471c-891d-4830-8968-650b6deafc00,DRAK,manufacturer_NameDRAK,Spaceship,scripts/entities/vehicles/implementations/xml/drak_cutlass_black.xml,,vehicle_focus_multirole,17924962-38db-4bd7-a6ae-7c54d925519f,vehicle_class_lightfreight_mediumfighter,6a70b721-a42c-4f86-8520-7d8f11aab751,3,6750,1,1,0,11289951-273e-4b91-9194-ece46fe88783,2e6b4621-c40b-4c1e-b7ff-267c4edc7f50,libs/foundry/records/entities/spaceships/drak_cutlass_black_pu_ai_pir_elite.xml
DRAK_Cutlass_Black_PU_AI_PIR_QIG,vehicle_NameDRAK_Cutlass_Black,vehicle_DescDRAK_Cutlass_Black,6116471c-891d-4830-8968-650b6deafc00,DRAK,manufacturer_NameDRAK,Spaceship,scripts/entities/vehicles/implementations/xml/drak_cutlass_black.xml,DRAK_Cutlass_Pirate,vehicle_focus_multirole,17924962-38db-4bd7-a6ae-7c54d925519f,vehicle_class_lightfreight_mediumfighter,6a70b721-a42c-4f86-8520-7d8f11aab751,3,6750,1,1,0,11289951-273e-4b91-9194-ece46fe88783,dd04115d-d6b0-4c0b-9b90-3fbff7f02de1,libs/foundry/records/entities/spaceships/drak_cutlass_black_pu_ai_pir_qig.xml
DRAK_Cutlass_Black_PU_AI_SEC_Crusader_QIG,vehicle_NameDRAK_Cutlass_Black,vehicle_DescDRAK_Cutlass_Black,6116471c-891d-4830-8968-650b6deafc00,DRAK,manufacturer_NameDRAK,Spaceship,scripts/entities/vehicles/implementations/xml/drak_cutlass_black.xml,,vehicle_focus_multirole,17924962-38db-4bd7-a6ae-7c54d925519f,vehicle_class_lightfreight_mediumfighter,6a70b721-a42c-4f86-8520-7d8f11aab751,3,6750,1,1,0,11289951-273e-4b91-9194-ece46fe88783,14024ccd-20bf-4dae-ab99-93899d4c7a98,libs/foundry/records/entities/spaceships/drak_cutlass_black_pu_ai_sec_crusader_qig.xml
DRAK_Cutlass_Black_PU_AI_SEC_Crusader,vehicle_NameDRAK_Cutlass_Black,vehicle_DescDRAK_Cutlass_Black,6116471c-891d-4830-8968-650b6deafc00,DRAK,manufacturer_NameDRAK,Spaceship,scripts/entities/vehicles/implementations/xml/drak_cutlass_black.xml,,vehicle_focus_multirole,17924962-38db-4bd7-a6ae-7c54d925519f,vehicle_class_lightfreight_mediumfighter,6a70b721-a42c-4f86-8520-7d8f11aab751,3,6750,1,1,0,11289951-273e-4b91-9194-ece46fe88783,4f143f60-a8a3-4f8c-bdf0-92554cce679f,libs/foundry/records/entities/spaceships/drak_cutlass_black_pu_ai_sec_crusader.xml
DRAK_Cutlass_Black_PU_AI_Xenothreat,vehicle_NameDRAK_Cutlass_Black,vehicle_DescDRAK_Cutlass_Black,6116471c-891d-4830-8968-650b6deafc00,DRAK,manufacturer_NameDRAK,Spaceship,scripts/entities/vehicles/implementations/xml/drak_cutlass_black.xml,,vehicle_focus_multirole,17924962-38db-4bd7-a6ae-7c54d925519f,vehicle_class_lightfreight_mediumfighter,6a70b721-a42c-4f86-8520-7d8f11aab751,3,6750,1,1,0,11289951-273e-4b91-9194-ece46fe88783,05cb443f-eb8a-46ee-8df9-85a84833abf6,libs/foundry/records/entities/spaceships/drak_cutlass_black_pu_ai_xenothreat.xml
DRAK_Cutlass_Black_PU_Pirate_Crewless,vehicle_NameDRAK_Cutlass_Black,vehicle_DescDRAK_Cutlass_Black,6116471c-891d-4830-8968-650b6deafc00,DRAK,manufacturer_NameDRAK,Spaceship,scripts/entities/vehicles/implementations/xml/drak_cutlass_black.xml,DRAK_Cutlass_Pirate,vehicle_focus_multirole,17924962-38db-4bd7-a6ae-7c54d925519f,vehicle_class_lightfreight_mediumfighter,6a70b721-a42c-4f86-8520-7d8f11aab751,3,6750,1,1,0,11289951-273e-4b91-9194-ece46fe88783,521cd6e5-8b89-4188-be98-3ed4ab9664fd,libs/foundry/records/entities/spaceships/drak_cutlass_black_pu_pirate_crewless.xml
DRAK_Cutlass_Black_ShipShowdown,vehicle_NameDRAK_Cutlass_Black_ShipShowdown,vehicle_DescDRAK_Cutlass_Black_ShipShowdown,6116471c-891d-4830-8968-650b6deafc00,DRAK,manufacturer_NameDRAK,Spaceship,scripts/entities/vehicles/implementations/xml/drak_cutlass_black.xml,,vehicle_focus_multirole,17924962-38db-4bd7-a6ae-7c54d925519f,vehicle_class_lightfreight_mediumfighter,6a70b721-a42c-4f86-8520-7d8f11aab751,3,6750,1,1,0,11289951-273e-4b91-9194-ece46fe88783,d3ce093d-0ae9-4186-bed4-92c66eeea0cd,libs/foundry/records/entities/spaceships/drak_cutlass_black_shipshowdown.xml
DRAK_Cutlass_Black_Unmanned_NineTails,vehicle_NameDRAK_Cutlass_Black,vehicle_DescDRAK_Cutlass_Black,6116471c-891d-4830-8968-650b6deafc00,DRAK,manufacturer_NameDRAK,Spaceship,scripts/entities/vehicles/implementations/xml/drak_cutlass_black.xml,,vehicle_focus_multirole,17924962-38db-4bd7-a6ae-7c54d925519f,vehicle_class_lightfreight_mediumfighter,6a70b721-a42c-4f86-8520-7d8f11aab751,3,6750,1,1,0,11289951-273e-4b91-9194-ece46fe88783,9fa9fea9-2927-42c0-a4f1-acb50da71060,libs/foundry/records/entities/spaceships/drak_cutlass_black_unmanned_ninetails.xml
DRAK_Cutlass_Black_Unmanned_Salvage,vehicle_NameDRAK_Cutlass_Black,vehicle_DescDRAK_Cutlass_Black,6116471c-891d-4830-8968-650b6deafc00,DRAK,manufacturer_NameDRAK,Spaceship,scripts/entities/vehicles/implementations/xml/drak_cutlass_black.xml,,vehicle_focus_multirole,17924962-38db-4bd7-a6ae-7c54d925519f,vehicle_class_lightfreight_mediumfighter,6a70b721-a42c-4f86-8520-7d8f11aab751,3,6750,1,1,0,11289951-273e-4b91-9194-ece46fe88783,5729fa87-390c-40f1-b355-de08968a9ec1,libs/foundry/records/entities/spaceships/drak_cutlass_black_unmanned_salvage.xml
DRAK_Cutlass_Black,vehicle_NameDRAK_Cutlass_Black,vehicle_DescDRAK_Cutlass_Black,6116471c-891d-4830-8968-650b6deafc00,DRAK,manufacturer_NameDRAK,Spaceship,scripts/entities/vehicles/implementations/xml/drak_cutlass_black.xml,,vehicle_focus_multirole,17924962-38db-4bd7-a6ae-7c54d925519f,vehicle_class_lightfreight_mediumfighter,6a70b721-a42c-4f86-8520-7d8f11aab751,3,6750,1,1,0,11289951-273e-4b91-9194-ece46fe88783,b58f7735-9454-4a0a-b724-2bc8d61961d7,libs/foundry/records/entities/spaceships/drak_cutlass_black.xml
DRAK_Cutlass_Blue_AI_Template,vehicle_NameDRAK_Cutlass_Blue,vehicle_DescDRAK_Cutlass_Blue,6116471c-891d-4830-8968-650b6deafc00,DRAK,manufacturer_NameDRAK,Spaceship,Scripts/Entities/Vehicles/Implementations/Xml/DRAK_Cutlass_Blue.xml,,vehicle_focus_combat,2bf4345e-cf3c-4ecb-91ce-f9daa8ff47f8,vehicle_class_interdiction,d19a9502-6806-4b0d-bc73-ea4a915bfff3,3,6750,1,1,0,db19aea3-24d6-4af3-ba9f-aabbb9b12864,430ebc8f-a3d8-46bd-a9bb-d13ba9781380,libs/foundry/records/entities/spaceships/drak_cutlass_blue_ai_template.xml
DRAK_Cutlass_Blue_BIS2950,vehicle_NameDRAK_Cutlass_Blue,vehicle_DescDRAK_Cutlass_Blue,6116471c-891d-4830-8968-650b6deafc00,DRAK,manufacturer_NameDRAK,Spaceship,Scripts/Entities/Vehicles/Implementations/Xml/DRAK_Cutlass_Blue.xml,,vehicle_focus_combat,2bf4345e-cf3c-4ecb-91ce-f9daa8ff47f8,vehicle_class_interdiction,d19a9502-6806-4b0d-bc73-ea4a915bfff3,3,6750,1,1,0,db19aea3-24d6-4af3-ba9f-aabbb9b12864,eefb1595-cb25-409e-997b-db328e28f1e5,libs/foundry/records/entities/spaceships/drak_cutlass_blue_bis2950.xml
DRAK_Cutlass_Blue_PU_AI_CIV,vehicle_NameDRAK_Cutlass_Blue,vehicle_DescDRAK_Cutlass_Blue,6116471c-891d-4830-8968-650b6deafc00,DRAK,manufacturer_NameDRAK,Spaceship,Scripts/Entities/Vehicles/Implementations/Xml/DRAK_Cutlass_Blue.xml,,vehicle_focus_combat,2bf4345e-cf3c-4ecb-91ce-f9daa8ff47f8,vehicle_class_interdiction,d19a9502-6806-4b0d-bc73-ea4a915bfff3,3,6750,1,1,0,db19aea3-24d6-4af3-ba9f-aabbb9b12864,d7fdec2b-f54e-4606-8245-3642acd5d072,libs/foundry/records/entities/spaceships/drak_cutlass_blue_pu_ai_civ.xml
DRAK_Cutlass_Blue,vehicle_NameDRAK_Cutlass_Blue,vehicle_DescDRAK_Cutlass_Blue,6116471c-891d-4830-8968-650b6deafc00,DRAK,manufacturer_NameDRAK,Spaceship,Scripts/Entities/Vehicles/Implementations/Xml/DRAK_Cutlass_Blue.xml,,vehicle_focus_combat,2bf4345e-cf3c-4ecb-91ce-f9daa8ff47f8,vehicle_class_interdiction,d19a9502-6806-4b0d-bc73-ea4a915bfff3,3,6750,1,1,0,db19aea3-24d6-4af3-ba9f-aabbb9b12864,13c3f610-7bbd-4464-bd36-d716de49a125,libs/foundry/records/entities/spaceships/drak_cutlass_blue.xml
DRAK_Cutlass_Red_AI_MedicalRescue,vehicle_NameDRAK_Cutlass_Red,vehicle_DescDRAK_Cutlass_Red,6116471c-891d-4830-8968-650b6deafc00,DRAK,manufacturer_NameDRAK,Spaceship,scripts/entities/vehicles/implementations/xml/drak_cutlass_red.xml,,vehicle_focus_support,90be8892-b27f-49e6-a2e1-b13801bf4bd5,vehicle_class_medical,8f1c5179-1fe8-42f2-98af-3f5e5b8accb9,2,6750,1,1,0,74fd8018-4e99-4dd6-a968-4b9c948aa759,9f3f6a0d-3732-47d6-ae68-be21a9944465,libs/foundry/records/entities/spaceships/drak_cutlass_red_ai_medicalrescue.xml
DRAK_Cutlass_Red_AI_Template,vehicle_NameDRAK_Cutlass_Red,vehicle_DescDRAK_Cutlass_Red,6116471c-891d-4830-8968-650b6deafc00,DRAK,manufacturer_NameDRAK,Spaceship,scripts/entities/vehicles/implementations/xml/drak_cutlass_red.xml,,vehicle_focus_support,90be8892-b27f-49e6-a2e1-b13801bf4bd5,vehicle_class_medical,8f1c5179-1fe8-42f2-98af-3f5e5b8accb9,2,6750,1,1,0,74fd8018-4e99-4dd6-a968-4b9c948aa759,7acd705e-3da6-4f5c-991c-90e71b04015a,libs/foundry/records/entities/spaceships/drak_cutlass_red_ai_template.xml
DRAK_Cutlass_Red_BIS2950,vehicle_NameDRAK_Cutlass_Red,vehicle_DescDRAK_Cutlass_Red,6116471c-891d-4830-8968-650b6deafc00,DRAK,manufacturer_NameDRAK,Spaceship,scripts/entities/vehicles/implementations/xml/drak_cutlass_red.xml,,vehicle_focus_support,90be8892-b27f-49e6-a2e1-b13801bf4bd5,vehicle_class_medical,8f1c5179-1fe8-42f2-98af-3f5e5b8accb9,2,6750,1,1,0,74fd8018-4e99-4dd6-a968-4b9c948aa759,9e381490-082c-4af1-a5b2-51453788e940,libs/foundry/records/entities/spaceships/drak_cutlass_red_bis2950.xml
DRAK_Cutlass_Red_PU_AI_CIV_DEF,vehicle_NameDRAK_Cutlass_Red,vehicle_DescDRAK_Cutlass_Red,6116471c-891d-4830-8968-650b6deafc00,DRAK,manufacturer_NameDRAK,Spaceship,scripts/entities/vehicles/implementations/xml/drak_cutlass_red.xml,,vehicle_focus_support,90be8892-b27f-49e6-a2e1-b13801bf4bd5,vehicle_class_medical,8f1c5179-1fe8-42f2-98af-3f5e5b8accb9,2,6750,1,1,0,74fd8018-4e99-4dd6-a968-4b9c948aa759,11863fcf-8353-4391-ac2f-b198b83b8e89,libs/foundry/records/entities/spaceships/drak_cutlass_red_pu_ai_civ_def.xml
DRAK_Cutlass_Red_PU_AI_CIV,vehicle_NameDRAK_Cutlass_Red,vehicle_DescDRAK_Cutlass_Red,6116471c-891d-4830-8968-650b6deafc00,DRAK,manufacturer_NameDRAK,Spaceship,scripts/entities/vehicles/implementations/xml/drak_cutlass_red.xml,,vehicle_focus_support,90be8892-b27f-49e6-a2e1-b13801bf4bd5,vehicle_class_medical,8f1c5179-1fe8-42f2-98af-3f5e5b8accb9,2,6750,1,1,0,74fd8018-4e99-4dd6-a968-4b9c948aa759,52b4efc3-3ce5-466b-b2a1-4c0063bf4abd,libs/foundry/records/entities/spaceships/drak_cutlass_red_pu_ai_civ.xml
DRAK_Cutlass_Red,vehicle_NameDRAK_Cutlass_Red,vehicle_DescDRAK_Cutlass_Red,6116471c-891d-4830-8968-650b6deafc00,DRAK,manufacturer_NameDRAK,Spaceship,scripts/entities/vehicles/implementations/xml/drak_cutlass_red.xml,,vehicle_focus_support,90be8892-b27f-49e6-a2e1-b13801bf4bd5,vehicle_class_medical,8f1c5179-1fe8-42f2-98af-3f5e5b8accb9,2,6750,1,1,0,74fd8018-4e99-4dd6-a968-4b9c948aa759,7780e93d-1cc3-43b4-9b32-9923af19775a,libs/foundry/records/entities/spaceships/drak_cutlass_red.xml
DRAK_Cutlass_Steel_PU_AI_CIV,vehicle_NameDRAK_Cutlass_Steel,vehicle_DescDRAK_Cutlass_Steel,6116471c-891d-4830-8968-650b6deafc00,DRAK,manufacturer_NameDRAK,Spaceship,scripts/entities/vehicles/implementations/xml/drak_cutlass_black.xml,DRAK_Cutlass_Steel,vehicle_focus_combat,2bf4345e-cf3c-4ecb-91ce-f9daa8ff47f8,vehicle_class_dropship,6bb18c06-2cb7-46a2-a9b0-46ba37604073,3,6750,1,1,0,d576c037-70dd-49c2-8833-c5244a7b74fd,24a277c3-5a38-443e-85f6-b3ed14eefd38,libs/foundry/records/entities/spaceships/drak_cutlass_steel_pu_ai_civ.xml
DRAK_Cutlass_Steel_PU_AI_CRIM,vehicle_NameDRAK_Cutlass_Steel,vehicle_DescDRAK_Cutlass_Steel,6116471c-891d-4830-8968-650b6deafc00,DRAK,manufacturer_NameDRAK,Spaceship,scripts/entities/vehicles/implementations/xml/drak_cutlass_black.xml,DRAK_Cutlass_Steel,vehicle_focus_combat,2bf4345e-cf3c-4ecb-91ce-f9daa8ff47f8,vehicle_class_dropship,6bb18c06-2cb7-46a2-a9b0-46ba37604073,3,6750,1,1,0,d576c037-70dd-49c2-8833-c5244a7b74fd,5d6addd7-481e-4992-a692-1179e11f70cd,libs/foundry/records/entities/spaceships/drak_cutlass_steel_pu_ai_crim.xml
DRAK_Cutlass_Steel,vehicle_NameDRAK_Cutlass_Steel,vehicle_DescDRAK_Cutlass_Steel,6116471c-891d-4830-8968-650b6deafc00,DRAK,manufacturer_NameDRAK,Spaceship,scripts/entities/vehicles/implementations/xml/drak_cutlass_black.xml,DRAK_Cutlass_Steel,vehicle_focus_combat,2bf4345e-cf3c-4ecb-91ce-f9daa8ff47f8,vehicle_class_dropship,6bb18c06-2cb7-46a2-a9b0-46ba37604073,3,6750,1,1,0,d576c037-70dd-49c2-8833-c5244a7b74fd,384d7e27-daec-4554-a8e9-6920a10a86c1,libs/foundry/records/entities/spaceships/drak_cutlass_steel.xml
DRAK_Cutter_PU_AI_CIV,vehicle_NameDRAK_Cutter,vehicle_DescDRAK_Cutter,6116471c-891d-4830-8968-650b6deafc00,DRAK,manufacturer_NameDRAK,Spaceship,Scripts/Entities/Vehicles/Implementations/Xml/DRAK_Cutter.xml,,vehicle_focus_exploration,605f6ca1-9eae-4d78-9f7f-71288d44dada,vehicle_class_starterpathfinder,bc5f32d6-ed12-42d9-a71e-56b2d0dd19ba,1,6500,1,1,0,633130a5-a3cf-4e76-bfba-c42f795228ee,93f33918-7941-4f4b-b4df-3cb9537f19d4,libs/foundry/records/entities/spaceships/drak_cutter_pu_ai_civ.xml
DRAK_Cutter_PU_AI_CRIM,vehicle_NameDRAK_Cutter,vehicle_DescDRAK_Cutter,6116471c-891d-4830-8968-650b6deafc00,DRAK,manufacturer_NameDRAK,Spaceship,Scripts/Entities/Vehicles/Implementations/Xml/DRAK_Cutter.xml,,vehicle_focus_exploration,605f6ca1-9eae-4d78-9f7f-71288d44dada,vehicle_class_starterpathfinder,bc5f32d6-ed12-42d9-a71e-56b2d0dd19ba,1,6500,1,1,0,633130a5-a3cf-4e76-bfba-c42f795228ee,255b252b-8a18-499b-944c-9883665a2f43,libs/foundry/records/entities/spaceships/drak_cutter_pu_ai_crim.xml
DRAK_Cutter_Rambler_PU_AI_CIV,vehicle_NameDRAK_Cutter_Rambler,vehicle_DescDRAK_Cutter_Rambler,6116471c-891d-4830-8968-650b6deafc00,DRAK,manufacturer_NameDRAK,Spaceship,Scripts/Entities/Vehicles/Implementations/Xml/DRAK_Cutter.xml,Cutter_Expedition,vehicle_focus_exploration,605f6ca1-9eae-4d78-9f7f-71288d44dada,vehicle_class_expedition,bdf53a4c-0fce-442f-9222-e438792d7b75,1,6500,1,1,0,aa4ed5ae-30d1-40cf-b6f4-fab09a37b25c,4468c759-4bc8-46fe-bb83-72019ffbf6f1,libs/foundry/records/entities/spaceships/drak_cutter_rambler_pu_ai_civ.xml
DRAK_Cutter_Rambler_PU_AI_CRIM,vehicle_NameDRAK_Cutter_Rambler,vehicle_DescDRAK_Cutter_Rambler,6116471c-891d-4830-8968-650b6deafc00,DRAK,manufacturer_NameDRAK,Spaceship,Scripts/Entities/Vehicles/Implementations/Xml/DRAK_Cutter.xml,Cutter_Expedition,vehicle_focus_exploration,605f6ca1-9eae-4d78-9f7f-71288d44dada,vehicle_class_expedition,bdf53a4c-0fce-442f-9222-e438792d7b75,1,6500,1,1,0,aa4ed5ae-30d1-40cf-b6f4-fab09a37b25c,ae7f3d36-8fd8-4908-8a78-cc665570ba93,libs/foundry/records/entities/spaceships/drak_cutter_rambler_pu_ai_crim.xml
DRAK_Cutter_Rambler_Unmanned_Salvage,vehicle_NameDRAK_Cutter_Rambler,vehicle_DescDRAK_Cutter_Rambler,6116471c-891d-4830-8968-650b6deafc00,DRAK,manufacturer_NameDRAK,Spaceship,Scripts/Entities/Vehicles/Implementations/Xml/DRAK_Cutter.xml,Cutter_Expedition,vehicle_focus_exploration,605f6ca1-9eae-4d78-9f7f-71288d44dada,vehicle_class_expedition,bdf53a4c-0fce-442f-9222-e438792d7b75,1,6500,1,1,0,aa4ed5ae-30d1-40cf-b6f4-fab09a37b25c,067bb510-d709-44ec-8a5c-28e3d3642c48,libs/foundry/records/entities/spaceships/drak_cutter_rambler_unmanned_salvage.xml
DRAK_Cutter_Rambler,vehicle_NameDRAK_Cutter_Rambler,vehicle_DescDRAK_Cutter_Rambler,6116471c-891d-4830-8968-650b6deafc00,DRAK,manufacturer_NameDRAK,Spaceship,Scripts/Entities/Vehicles/Implementations/Xml/DRAK_Cutter.xml,Cutter_Expedition,vehicle_focus_exploration,605f6ca1-9eae-4d78-9f7f-71288d44dada,vehicle_class_expedition,bdf53a4c-0fce-442f-9222-e438792d7b75,1,6500,1,1,0,aa4ed5ae-30d1-40cf-b6f4-fab09a37b25c,93b13680-9aa6-4c21-b998-e4f8880f7c12,libs/foundry/records/entities/spaceships/drak_cutter_rambler.xml
DRAK_Cutter_Scout_PU_AI_CIV,vehicle_NameDRAK_Cutter_Scout,vehicle_DescDRAK_Cutter_Scout,6116471c-891d-4830-8968-650b6deafc00,DRAK,manufacturer_NameDRAK,Spaceship,Scripts/Entities/Vehicles/Implementations/Xml/DRAK_Cutter.xml,Cutter_Scout,vehicle_focus_exploration,605f6ca1-9eae-4d78-9f7f-71288d44dada,vehicle_class_pathfinder,8f440187-1d52-41d8-a0f5-b1ce0d34e6bf,1,6500,1,1,0,8c70116e-ec9a-42a3-9fc6-2893b370c25b,0e42fe30-2924-4bb9-ac83-bde9afdf7eda,libs/foundry/records/entities/spaceships/drak_cutter_scout_pu_ai_civ.xml
DRAK_Cutter_Scout_PU_AI_CRIM,vehicle_NameDRAK_Cutter_Scout,vehicle_DescDRAK_Cutter_Scout,6116471c-891d-4830-8968-650b6deafc00,DRAK,manufacturer_NameDRAK,Spaceship,Scripts/Entities/Vehicles/Implementations/Xml/DRAK_Cutter.xml,Cutter_Scout,vehicle_focus_exploration,605f6ca1-9eae-4d78-9f7f-71288d44dada,vehicle_class_pathfinder,8f440187-1d52-41d8-a0f5-b1ce0d34e6bf,1,6500,1,1,0,8c70116e-ec9a-42a3-9fc6-2893b370c25b,00a462b3-c175-48ae-a876-a5eb9893f356,libs/foundry/records/entities/spaceships/drak_cutter_scout_pu_ai_crim.xml
DRAK_Cutter_Scout_Unmanned_Salvage,vehicle_NameDRAK_Cutter_Scout,vehicle_DescDRAK_Cutter_Scout,6116471c-891d-4830-8968-650b6deafc00,DRAK,manufacturer_NameDRAK,Spaceship,Scripts/Entities/Vehicles/Implementations/Xml/DRAK_Cutter.xml,Cutter_Scout,vehicle_focus_exploration,605f6ca1-9eae-4d78-9f7f-71288d44dada,vehicle_class_pathfinder,8f440187-1d52-41d8-a0f5-b1ce0d34e6bf,1,6500,1,1,0,8c70116e-ec9a-42a3-9fc6-2893b370c25b,54351851-3918-4223-83e8-4dc7276d2aa8,libs/foundry/records/entities/spaceships/drak_cutter_scout_unmanned_salvage.xml
DRAK_Cutter_Scout,vehicle_NameDRAK_Cutter_Scout,vehicle_DescDRAK_Cutter_Scout,6116471c-891d-4830-8968-650b6deafc00,DRAK,manufacturer_NameDRAK,Spaceship,Scripts/Entities/Vehicles/Implementations/Xml/DRAK_Cutter.xml,Cutter_Scout,vehicle_focus_exploration,605f6ca1-9eae-4d78-9f7f-71288d44dada,vehicle_class_pathfinder,8f440187-1d52-41d8-a0f5-b1ce0d34e6bf,1,6500,1,1,0,8c70116e-ec9a-42a3-9fc6-2893b370c25b,887cd720-7337-44ae-9708-828ccf808649,libs/foundry/records/entities/spaceships/drak_cutter_scout.xml
DRAK_Cutter_Unmanned_Salvage,vehicle_NameDRAK_Cutter,vehicle_DescDRAK_Cutter,6116471c-891d-4830-8968-650b6deafc00,DRAK,manufacturer_NameDRAK,Spaceship,Scripts/Entities/Vehicles/Implementations/Xml/DRAK_Cutter.xml,,vehicle_focus_exploration,605f6ca1-9eae-4d78-9f7f-71288d44dada,vehicle_class_starterpathfinder,bc5f32d6-ed12-42d9-a71e-56b2d0dd19ba,1,6500,1,0,0,633130a5-a3cf-4e76-bfba-c42f795228ee,a3dd2f9a-06ab-4b59-8c29-1da7bc2fd1fb,libs/foundry/records/entities/spaceships/drak_cutter_unmanned_salvage.xml
DRAK_Cutter,vehicle_NameDRAK_Cutter,vehicle_DescDRAK_Cutter,6116471c-891d-4830-8968-650b6deafc00,DRAK,manufacturer_NameDRAK,Spaceship,Scripts/Entities/Vehicles/Implementations/Xml/DRAK_Cutter.xml,,vehicle_focus_exploration,605f6ca1-9eae-4d78-9f7f-71288d44dada,vehicle_class_starterpathfinder,bc5f32d6-ed12-42d9-a71e-56b2d0dd19ba,1,6500,1,1,0,633130a5-a3cf-4e76-bfba-c42f795228ee,3ea9bcd8-1ddd-4714-a537-7b2675e8c2d2,libs/foundry/records/entities/spaceships/drak_cutter.xml
DRAK_Dragonfly_Pink,vehicle_NameDRAK_Dragonfly_Pink,vehicle_DescDRAK_Dragonfly_Pink,6116471c-891d-4830-8968-650b6deafc00,DRAK,manufacturer_NameDRAK,Spaceship,scripts/entities/vehicles/implementations/xml/drak_dragonfly.xml,StarKitten,vehicle_focus_competition,0f148cb8-74eb-45fa-bd77-82a756fa4b36,vehicle_class_racing,42c95b15-5e41-4c2d-a342-8df0aa82ae3b,1,2500,0,1,1,6008a41b-d483-4164-9595-3c7b9cea1209,d868dfb9-5bcd-4f7b-a40a-3aa5bbf7d705,libs/foundry/records/entities/spaceships/drak_dragonfly_pink.xml
DRAK_Dragonfly_Unmanned_FF,vehicle_NameDRAK_Dragonfly,vehicle_DescDRAK_Dragonfly,6116471c-891d-4830-8968-650b6deafc00,DRAK,manufacturer_NameDRAK,Spaceship,scripts/entities/vehicles/implementations/xml/drak_dragonfly.xml,,vehicle_focus_competition,0f148cb8-74eb-45fa-bd77-82a756fa4b36,vehicle_class_racing,42c95b15-5e41-4c2d-a342-8df0aa82ae3b,1,2500,0,1,1,6008a41b-d483-4164-9595-3c7b9cea1209,ee67c358-b884-4042-a194-3933e207186a,libs/foundry/records/entities/spaceships/drak_dragonfly_unmanned_ff.xml
DRAK_Dragonfly_Unmanned_Template,vehicle_NameDRAK_Dragonfly,vehicle_DescDRAK_Dragonfly,6116471c-891d-4830-8968-650b6deafc00,DRAK,manufacturer_NameDRAK,Spaceship,scripts/entities/vehicles/implementations/xml/drak_dragonfly.xml,,vehicle_focus_competition,0f148cb8-74eb-45fa-bd77-82a756fa4b36,vehicle_class_racing,42c95b15-5e41-4c2d-a342-8df0aa82ae3b,1,2500,0,1,1,6008a41b-d483-4164-9595-3c7b9cea1209,07bf9a99-df32-4d04-9b16-4b1ae27ad1e3,libs/foundry/records/entities/spaceships/drak_dragonfly_unmanned_template.xml
DRAK_Dragonfly_Yellow,vehicle_NameDRAK_Dragonfly_Yellow,vehicle_DescDRAK_Dragonfly_Yellow,6116471c-891d-4830-8968-650b6deafc00,DRAK,manufacturer_NameDRAK,Spaceship,scripts/entities/vehicles/implementations/xml/drak_dragonfly.xml,YellowJacket,vehicle_focus_competition,0f148cb8-74eb-45fa-bd77-82a756fa4b36,vehicle_class_racing,42c95b15-5e41-4c2d-a342-8df0aa82ae3b,1,2500,0,1,1,6008a41b-d483-4164-9595-3c7b9cea1209,533b9b62-33eb-4b34-95eb-d43fe3e020ff,libs/foundry/records/entities/spaceships/drak_dragonfly_yellow.xml
DRAK_Dragonfly,vehicle_NameDRAK_Dragonfly,vehicle_DescDRAK_Dragonfly,6116471c-891d-4830-8968-650b6deafc00,DRAK,manufacturer_NameDRAK,Spaceship,scripts/entities/vehicles/implementations/xml/drak_dragonfly.xml,,vehicle_focus_competition,0f148cb8-74eb-45fa-bd77-82a756fa4b36,vehicle_class_racing,42c95b15-5e41-4c2d-a342-8df0aa82ae3b,1,2500,0,1,1,6008a41b-d483-4164-9595-3c7b9cea1209,37659ff0-a803-4a4f-97ff-ad59822061ed,libs/foundry/records/entities/spaceships/drak_dragonfly.xml
DRAK_Golem_AI_Template,vehicle_NameDRAK_Golem,vehicle_DescDRAK_Golem,6116471c-891d-4830-8968-650b6deafc00,DRAK,manufacturer_NameDRAK,Spaceship,Scripts/Entities/Vehicles/Implementations/Xml/drak_golem.xml,,vehicle_focus_resources,0c06d7fa-963b-4fb3-b9a6-5e03a140bed3,vehicle_class_startermining,6ef75a4a-5939-44e0-b2f7-f065a71831d6,1,2500,1,1,0,07b72e0c-74a4-4f62-81b5-da31c2afcb86,51fcbc24-24d7-4d97-9b7a-1a105b2083d7,libs/foundry/records/entities/spaceships/drak_golem_ai_template.xml
DRAK_Golem_Collector_Indust,vehicle_NameDRAK_Golem_Collector_Indust,vehicle_DescDRAK_Golem_Collector_Indust,6116471c-891d-4830-8968-650b6deafc00,DRAK,manufacturer_NameDRAK,Spaceship,Scripts/Entities/Vehicles/Implementations/Xml/drak_golem.xml,,vehicle_focus_resources,0c06d7fa-963b-4fb3-b9a6-5e03a140bed3,vehicle_class_startermining,6ef75a4a-5939-44e0-b2f7-f065a71831d6,1,2500,1,1,0,07b72e0c-74a4-4f62-81b5-da31c2afcb86,310be6d1-ea0f-45d8-87b0-0fc9f8aa1530,libs/foundry/records/entities/spaceships/drak_golem_collector_indust.xml
DRAK_Golem_Low_Fuel_TEMPORARY,vehicle_NameDRAK_Golem,vehicle_DescDRAK_Golem,6116471c-891d-4830-8968-650b6deafc00,DRAK,manufacturer_NameDRAK,Spaceship,Scripts/Entities/Vehicles/Implementations/Xml/drak_golem.xml,,vehicle_focus_resources,0c06d7fa-963b-4fb3-b9a6-5e03a140bed3,vehicle_class_startermining,6ef75a4a-5939-44e0-b2f7-f065a71831d6,1,2500,1,1,0,07b72e0c-74a4-4f62-81b5-da31c2afcb86,0c45914e-81c5-4c17-89b9-7e98c6f3e815,libs/foundry/records/entities/spaceships/drak_golem_low_fuel_temporary.xml
DRAK_Golem_OX,vehicle_NameDRAK_Golem_OX,vehicle_DescDRAK_Golem_OX,6116471c-891d-4830-8968-650b6deafc00,DRAK,manufacturer_NameDRAK,Spaceship,Scripts/Entities/Vehicles/Implementations/Xml/drak_golem_ox.xml,,vehicle_focus_resources,0c06d7fa-963b-4fb3-b9a6-5e03a140bed3,vehicle_class_lightfreight,bf73e515-0e01-409e-84fb-acbef27e1686,1,2500,1,1,0,07b72e0c-74a4-4f62-81b5-da31c2afcb86,ea2c22bc-c2f0-42dc-967d-3300f9232f91,libs/foundry/records/entities/spaceships/drak_golem_ox.xml
DRAK_Golem_Teach,vehicle_NameDRAK_Golem_Teach,vehicle_DescDRAK_Golem_Teach,6116471c-891d-4830-8968-650b6deafc00,DRAK,manufacturer_NameDRAK,Spaceship,Scripts/Entities/Vehicles/Implementations/Xml/drak_golem.xml,,vehicle_focus_resources,0c06d7fa-963b-4fb3-b9a6-5e03a140bed3,vehicle_class_startermining,6ef75a4a-5939-44e0-b2f7-f065a71831d6,1,2500,1,1,0,07b72e0c-74a4-4f62-81b5-da31c2afcb86,bb95e327-e58c-402d-a408-caccb3824ed2,libs/foundry/records/entities/spaceships/drak_golem_teach.xml
DRAK_Golem_Template,vehicle_NameDRAK_Golem,vehicle_DescDRAK_Golem,6116471c-891d-4830-8968-650b6deafc00,DRAK,manufacturer_NameDRAK,Spaceship,,,item_ShipFocus_Starter,0c06d7fa-963b-4fb3-b9a6-5e03a140bed3,item_ShipFocus_Mining,4e2a4b20-967e-49a6-8a6c-6b065fdf2978,1,2500,1,0,0,04555ac1-dfc1-4181-b847-dcd62f5147da,735e3238-26da-4858-b929-8c0a402bf9ec,libs/foundry/records/entities/spaceships/drak_golem_template.xml
DRAK_Golem,vehicle_NameDRAK_Golem,vehicle_DescDRAK_Golem,6116471c-891d-4830-8968-650b6deafc00,DRAK,manufacturer_NameDRAK,Spaceship,Scripts/Entities/Vehicles/Implementations/Xml/drak_golem.xml,,vehicle_focus_resources,0c06d7fa-963b-4fb3-b9a6-5e03a140bed3,vehicle_class_startermining,6ef75a4a-5939-44e0-b2f7-f065a71831d6,1,2500,1,1,0,07b72e0c-74a4-4f62-81b5-da31c2afcb86,b616b3ad-123c-40f2-80bd-b8f4109633aa,libs/foundry/records/entities/spaceships/drak_golem.xml
DRAK_Herald_PU_AI_CIV_FTL,vehicle_NameDRAK_Herald,vehicle_DescDRAK_Herald,6116471c-891d-4830-8968-650b6deafc00,DRAK,manufacturer_NameDRAK,Spaceship,scripts/entities/vehicles/implementations/xml/drak_herald.xml,,vehicle_focus_transporter,d86d770d-1fc4-4525-b3b0-4f670a8a5634,vehicle_class_mediumdata,f9a19c59-ab41-4433-8cb0-9a24c0b8bb77,1,2500,1,1,0,c1336037-6461-4d7b-ac7b-aebbb0d80dc9,88149ae1-7b6a-4fef-b05c-43cdcac21272,libs/foundry/records/entities/spaceships/drak_herald_pu_ai_civ_ftl.xml
DRAK_Herald_PU_AI_CIV,vehicle_NameDRAK_Herald,vehicle_DescDRAK_Herald,6116471c-891d-4830-8968-650b6deafc00,DRAK,manufacturer_NameDRAK,Spaceship,scripts/entities/vehicles/implementations/xml/drak_herald.xml,,vehicle_focus_transporter,d86d770d-1fc4-4525-b3b0-4f670a8a5634,vehicle_class_mediumdata,f9a19c59-ab41-4433-8cb0-9a24c0b8bb77,1,2500,1,1,0,c1336037-6461-4d7b-ac7b-aebbb0d80dc9,801bc322-d487-47b8-92fb-f05db73f91ce,libs/foundry/records/entities/spaceships/drak_herald_pu_ai_civ.xml
DRAK_Herald_PU_AI_CRIM,vehicle_NameDRAK_Herald,vehicle_DescDRAK_Herald,6116471c-891d-4830-8968-650b6deafc00,DRAK,manufacturer_NameDRAK,Spaceship,scripts/entities/vehicles/implementations/xml/drak_herald.xml,,vehicle_focus_transporter,d86d770d-1fc4-4525-b3b0-4f670a8a5634,vehicle_class_mediumdata,f9a19c59-ab41-4433-8cb0-9a24c0b8bb77,1,2500,1,1,0,c1336037-6461-4d7b-ac7b-aebbb0d80dc9,2d19d3fb-9a99-4ea6-b9d2-169cdcf3bc40,libs/foundry/records/entities/spaceships/drak_herald_pu_ai_crim.xml
DRAK_Herald,vehicle_NameDRAK_Herald,vehicle_DescDRAK_Herald,6116471c-891d-4830-8968-650b6deafc00,DRAK,manufacturer_NameDRAK,Spaceship,scripts/entities/vehicles/implementations/xml/drak_herald.xml,,vehicle_focus_transporter,d86d770d-1fc4-4525-b3b0-4f670a8a5634,vehicle_class_mediumdata,f9a19c59-ab41-4433-8cb0-9a24c0b8bb77,1,2500,1,1,0,c1336037-6461-4d7b-ac7b-aebbb0d80dc9,36726a9f-7e14-4942-bc4f-1a398b5bef6a,libs/foundry/records/entities/spaceships/drak_herald.xml
DRAK_Ironclad_Assault,vehicle_NameDRAK_Ironclad_Assault,vehicle_DescDRAK_Ironclad_Assault,6116471c-891d-4830-8968-650b6deafc00,DRAK,manufacturer_NameDRAK,Spaceship,Scripts/Entities/Vehicles/Implementations/Xml/drak_ironclad.xml,Ironclad_Assault,vehicle_focus_combat,2bf4345e-cf3c-4ecb-91ce-f9daa8ff47f8,vehicle_class_heavydropship,1cf657ba-7a6a-4e65-b55b-ceedfb25d6fd,7,25000,1,1,0,2c186cac-5a8c-444e-9557-e7ec38377fcb,4481572d-66c8-4f7a-90c3-0150052fde10,libs/foundry/records/entities/spaceships/drak_ironclad_assault.xml
DRAK_Ironclad,vehicle_NameDRAK_Ironclad,vehicle_DescDRAK_Ironclad,6116471c-891d-4830-8968-650b6deafc00,DRAK,manufacturer_NameDRAK,Spaceship,Scripts/Entities/Vehicles/Implementations/Xml/drak_ironclad.xml,,vehicle_focus_transporter,d86d770d-1fc4-4525-b3b0-4f670a8a5634,vehicle_class_heavyfreight,d30be48e-3437-4db9-9d15-c392ec8cade3,7,25000,1,1,0,2c186cac-5a8c-444e-9557-e7ec38377fcb,c42bf65e-f3f2-4234-8c19-8276bfd5de3a,libs/foundry/records/entities/spaceships/drak_ironclad.xml
DRAK_Pitbull,vehicle_NameDRAK_Pitbull,vehicle_DescDRAK_Pitbull,6116471c-891d-4830-8968-650b6deafc00,DRAK,manufacturer_NameDRAK,Spaceship,Scripts/Entities/Vehicles/Implementations/Xml/drak_pitbull.xml,,vehicle_class_snubfighter,2bf4345e-cf3c-4ecb-91ce-f9daa8ff47f8,vehicle_class_snubfighter,b26efdb9-f28a-448d-93fa-af1a9745df4c,1,2500,1,1,0,04555ac1-dfc1-4181-b847-dcd62f5147da,6585ae24-738f-42d2-8d3e-eff4a21eaca9,libs/foundry/records/entities/spaceships/drak_pitbull.xml
DRAK_Vulture_PU_AI_CIV_DEF,vehicle_NameDRAK_Vulture,vehicle_DescDRAK_Vulture,6116471c-891d-4830-8968-650b6deafc00,DRAK,manufacturer_NameDRAK,Spaceship,Scripts/Entities/Vehicles/Implementations/Xml/DRAK_Vulture.xml,,vehicle_focus_resources,0c06d7fa-963b-4fb3-b9a6-5e03a140bed3,vehicle_class_lightsalvage,8540f25d-59b4-4403-a341-4d42484876d3,1,12000,1,1,0,c4cdb9df-67a8-4a1c-8b61-c5865d05dab1,e68cd249-7800-4d48-8464-3814184dc82e,libs/foundry/records/entities/spaceships/drak_vulture_pu_ai_civ_def.xml
DRAK_Vulture_PU_AI_CIV,vehicle_NameDRAK_Vulture,vehicle_DescDRAK_Vulture,6116471c-891d-4830-8968-650b6deafc00,DRAK,manufacturer_NameDRAK,Spaceship,Scripts/Entities/Vehicles/Implementations/Xml/DRAK_Vulture.xml,,vehicle_focus_resources,0c06d7fa-963b-4fb3-b9a6-5e03a140bed3,vehicle_class_lightsalvage,8540f25d-59b4-4403-a341-4d42484876d3,1,12000,1,1,0,c4cdb9df-67a8-4a1c-8b61-c5865d05dab1,db2ace4a-35bf-46ea-bdcf-35091cd339c4,libs/foundry/records/entities/spaceships/drak_vulture_pu_ai_civ.xml
DRAK_Vulture_PU_AI_CRIM,vehicle_NameDRAK_Vulture,vehicle_DescDRAK_Vulture,6116471c-891d-4830-8968-650b6deafc00,DRAK,manufacturer_NameDRAK,Spaceship,Scripts/Entities/Vehicles/Implementations/Xml/DRAK_Vulture.xml,,vehicle_focus_resources,0c06d7fa-963b-4fb3-b9a6-5e03a140bed3,vehicle_class_lightsalvage,8540f25d-59b4-4403-a341-4d42484876d3,1,12000,1,1,0,c4cdb9df-67a8-4a1c-8b61-c5865d05dab1,76b0a23d-4c95-4c08-a88c-b0d606ffede3,libs/foundry/records/entities/spaceships/drak_vulture_pu_ai_crim.xml
DRAK_Vulture_Teach,vehicle_NameDRAK_Vulture_Teach,vehicle_DescDRAK_Vulture_Teach,6116471c-891d-4830-8968-650b6deafc00,DRAK,manufacturer_NameDRAK,Spaceship,Scripts/Entities/Vehicles/Implementations/Xml/DRAK_Vulture.xml,,vehicle_focus_resources,0c06d7fa-963b-4fb3-b9a6-5e03a140bed3,vehicle_class_lightsalvage,8540f25d-59b4-4403-a341-4d42484876d3,1,12000,1,1,0,c4cdb9df-67a8-4a1c-8b61-c5865d05dab1,a1d5ccfc-2122-4e6d-8aaf-f2a011775d91,libs/foundry/records/entities/spaceships/drak_vulture_teach.xml
DRAK_Vulture_Unmanned_Salvage,vehicle_NameDRAK_Vulture,vehicle_DescDRAK_Vulture,6116471c-891d-4830-8968-650b6deafc00,DRAK,manufacturer_NameDRAK,Spaceship,Scripts/Entities/Vehicles/Implementations/Xml/DRAK_Vulture.xml,,vehicle_focus_resources,0c06d7fa-963b-4fb3-b9a6-5e03a140bed3,vehicle_class_lightsalvage,8540f25d-59b4-4403-a341-4d42484876d3,1,12000,1,1,0,c4cdb9df-67a8-4a1c-8b61-c5865d05dab1,8bef02bf-989a-40b4-885c-9e2b302d05b1,libs/foundry/records/entities/spaceships/drak_vulture_unmanned_salvage.xml
DRAK_Vulture,vehicle_NameDRAK_Vulture,vehicle_DescDRAK_Vulture,6116471c-891d-4830-8968-650b6deafc00,DRAK,manufacturer_NameDRAK,Spaceship,Scripts/Entities/Vehicles/Implementations/Xml/DRAK_Vulture.xml,,vehicle_focus_resources,0c06d7fa-963b-4fb3-b9a6-5e03a140bed3,vehicle_class_lightsalvage,8540f25d-59b4-4403-a341-4d42484876d3,1,12000,1,1,0,c4cdb9df-67a8-4a1c-8b61-c5865d05dab1,34077e67-5e2c-4903-a17c-2d0e163751c7,libs/foundry/records/entities/spaceships/drak_vulture.xml
EAObjectiveDestructable_MiningLaser,vehicle_NameEA_OrbitalMiningLaser,vehicle_Descprobe_comms_1_a,9e1f5a35-edcc-4d19-bede-08e2730043c5,ARGO,manufacturer_NameARGO,Spaceship,scripts/entities/vehicles/implementations/xml/ea_destructable_probe.xml,,vehicle_focus_transporter,d86d770d-1fc4-4525-b3b0-4f670a8a5634,vehicle_class_lightfreight,ff99d78e-3a6a-4e4d-8b1c-59e87a005c11,1,2500,1,0,0,04555ac1-dfc1-4181-b847-dcd62f5147da,7487f686-4148-4635-b04d-3368041cb876,libs/foundry/records/entities/spaceships/eaobjectivedestructable_mininglaser.xml
EAObjectiveDestructable_Satellite,vehicle_NameEA_GroundRadar,vehicle_Descprobe_comms_1_a,9e1f5a35-edcc-4d19-bede-08e2730043c5,ARGO,manufacturer_NameARGO,Spaceship,Scripts/Entities/Vehicles/Implementations/Xml/EA_destructable_satellite_dish.xml,,vehicle_focus_transporter,d86d770d-1fc4-4525-b3b0-4f670a8a5634,vehicle_class_lightfreight,ff99d78e-3a6a-4e4d-8b1c-59e87a005c11,1,2500,1,0,0,04555ac1-dfc1-4181-b847-dcd62f5147da,ffeb6926-7ffa-42dc-8045-baebb94faf79,libs/foundry/records/entities/spaceships/eaobjectivedestructable_satellite.xml
ESPR_Prowler_AI_EA_Supreme_Spawn,vehicle_NameESPR_Prowler,vehicle_DescESPR_Prowler,4ecc1a24-d228-4dd5-8857-21ba6145a1d3,ESPR,manufacturer_NameESPR,Spaceship,scripts/entities/vehicles/implementations/xml/espr_prowler.xml,,vehicle_focus_combat,2bf4345e-cf3c-4ecb-91ce-f9daa8ff47f8,vehicle_class_dropship,6bb18c06-2cb7-46a2-a9b0-46ba37604073,1,30000,1,1,0,8624d002-c8bc-416f-9db2-763d0ec6b01f,54bd8452-ca8f-4a2c-bc75-a01f42fd535e,libs/foundry/records/entities/spaceships/espr_prowler_ai_ea_supreme_spawn.xml
ESPR_Prowler_AI_EA_Supreme,vehicle_NameESPR_Prowler,vehicle_DescESPR_Prowler,4ecc1a24-d228-4dd5-8857-21ba6145a1d3,ESPR,manufacturer_NameESPR,Spaceship,scripts/entities/vehicles/implementations/xml/espr_prowler.xml,,vehicle_focus_combat,2bf4345e-cf3c-4ecb-91ce-f9daa8ff47f8,vehicle_class_dropship,6bb18c06-2cb7-46a2-a9b0-46ba37604073,1,30000,1,1,0,8624d002-c8bc-416f-9db2-763d0ec6b01f,2443eabc-398b-4259-897a-1bcbadc1bf80,libs/foundry/records/entities/spaceships/espr_prowler_ai_ea_supreme.xml
ESPR_Prowler_PU_AI_CIV,vehicle_NameESPR_Prowler,vehicle_DescESPR_Prowler,4ecc1a24-d228-4dd5-8857-21ba6145a1d3,ESPR,manufacturer_NameESPR,Spaceship,scripts/entities/vehicles/implementations/xml/espr_prowler.xml,,vehicle_focus_combat,2bf4345e-cf3c-4ecb-91ce-f9daa8ff47f8,vehicle_class_dropship,6bb18c06-2cb7-46a2-a9b0-46ba37604073,1,30000,1,1,0,8624d002-c8bc-416f-9db2-763d0ec6b01f,5827af78-e9c2-42a8-83aa-bd413a222d13,libs/foundry/records/entities/spaceships/espr_prowler_pu_ai_civ.xml
ESPR_Prowler_PU_AI_CRIM,vehicle_NameESPR_Prowler,vehicle_DescESPR_Prowler,4ecc1a24-d228-4dd5-8857-21ba6145a1d3,ESPR,manufacturer_NameESPR,Spaceship,scripts/entities/vehicles/implementations/xml/espr_prowler.xml,,vehicle_focus_combat,2bf4345e-cf3c-4ecb-91ce-f9daa8ff47f8,vehicle_class_dropship,6bb18c06-2cb7-46a2-a9b0-46ba37604073,1,30000,1,1,0,8624d002-c8bc-416f-9db2-763d0ec6b01f,3802fd49-fde2-416e-b515-dcbc5e869b47,libs/foundry/records/entities/spaceships/espr_prowler_pu_ai_crim.xml
ESPR_Prowler_Unmanned_Salvage,vehicle_NameESPR_Prowler,vehicle_DescESPR_Prowler,4ecc1a24-d228-4dd5-8857-21ba6145a1d3,ESPR,manufacturer_NameESPR,Spaceship,scripts/entities/vehicles/implementations/xml/espr_prowler.xml,,vehicle_focus_combat,2bf4345e-cf3c-4ecb-91ce-f9daa8ff47f8,vehicle_class_dropship,6bb18c06-2cb7-46a2-a9b0-46ba37604073,1,30000,1,1,0,8624d002-c8bc-416f-9db2-763d0ec6b01f,69307e5b-4dc9-4eff-9f18-d78ffa2328a8,libs/foundry/records/entities/spaceships/espr_prowler_unmanned_salvage.xml
ESPR_Prowler_Utility_Collector_Indust,vehicle_NameESPR_Prowler_Utility_Collector_Indust,vehicle_DescESPR_Prowler_Utility_Collector_Indust,4ecc1a24-d228-4dd5-8857-21ba6145a1d3,ESPR,manufacturer_NameESPR,Spaceship,Scripts/Entities/Vehicles/Implementations/Xml/ESPR_Prowler_Utility.xml,,vehicle_focus_transporter,d86d770d-1fc4-4525-b3b0-4f670a8a5634,vehicle_class_lightfreight,ff99d78e-3a6a-4e4d-8b1c-59e87a005c11,1,30000,1,1,0,8624d002-c8bc-416f-9db2-763d0ec6b01f,1b3a41ea-6942-44de-9514-315e81c36bb4,libs/foundry/records/entities/spaceships/espr_prowler_utility_collector_indust.xml
ESPR_Prowler_Utility,vehicle_NameESPR_Prowler_Utility,vehicle_DescESPR_Prowler_Utility,4ecc1a24-d228-4dd5-8857-21ba6145a1d3,ESPR,manufacturer_NameESPR,Spaceship,Scripts/Entities/Vehicles/Implementations/Xml/ESPR_Prowler_Utility.xml,,vehicle_focus_transporter,d86d770d-1fc4-4525-b3b0-4f670a8a5634,vehicle_class_lightfreight,ff99d78e-3a6a-4e4d-8b1c-59e87a005c11,1,30000,1,1,0,8624d002-c8bc-416f-9db2-763d0ec6b01f,528fdddc-c97f-4ae8-a00e-11a59fc3662d,libs/foundry/records/entities/spaceships/espr_prowler_utility.xml
ESPR_Prowler,vehicle_NameESPR_Prowler,vehicle_DescESPR_Prowler,4ecc1a24-d228-4dd5-8857-21ba6145a1d3,ESPR,manufacturer_NameESPR,Spaceship,scripts/entities/vehicles/implementations/xml/espr_prowler.xml,,vehicle_focus_combat,2bf4345e-cf3c-4ecb-91ce-f9daa8ff47f8,vehicle_class_dropship,6bb18c06-2cb7-46a2-a9b0-46ba37604073,1,30000,1,1,0,8624d002-c8bc-416f-9db2-763d0ec6b01f,087b2253-2fc7-4fae-9f9d-97f64b7c43db,libs/foundry/records/entities/spaceships/espr_prowler.xml
ESPR_Talon_PU_AI_CIV,vehicle_NameESPR_Talon,vehicle_DescESPR_Talon,4ecc1a24-d228-4dd5-8857-21ba6145a1d3,ESPR,manufacturer_NameESPR,Spaceship,scripts/entities/vehicles/implementations/xml/espr_talon.xml,,vehicle_focus_combat,2bf4345e-cf3c-4ecb-91ce-f9daa8ff47f8,vehicle_class_lightfighter,bf73e515-0e01-409e-84fb-acbef27e1686,1,2000,1,1,0,1158055c-a5ac-4a1d-9e44-9e4375247fd0,a3e9e6cc-ef4e-45b0-b6c8-409673dffaf4,libs/foundry/records/entities/spaceships/espr_talon_pu_ai_civ.xml
ESPR_Talon_PU_AI_CRIM,vehicle_NameESPR_Talon,vehicle_DescESPR_Talon,4ecc1a24-d228-4dd5-8857-21ba6145a1d3,ESPR,manufacturer_NameESPR,Spaceship,scripts/entities/vehicles/implementations/xml/espr_talon.xml,,vehicle_focus_combat,2bf4345e-cf3c-4ecb-91ce-f9daa8ff47f8,vehicle_class_lightfighter,bf73e515-0e01-409e-84fb-acbef27e1686,1,2000,1,1,0,1158055c-a5ac-4a1d-9e44-9e4375247fd0,ec79938c-c85a-460d-ade6-44a49f690235,libs/foundry/records/entities/spaceships/espr_talon_pu_ai_crim.xml
ESPR_Talon_Shrike_PU_AI_CIV,vehicle_NameESPR_Talon_Shrike,vehicle_DescESPR_Talon_Shrike,4ecc1a24-d228-4dd5-8857-21ba6145a1d3,ESPR,manufacturer_NameESPR,Spaceship,scripts/entities/vehicles/implementations/xml/espr_talon.xml,Shrike,vehicle_focus_combat,2bf4345e-cf3c-4ecb-91ce-f9daa8ff47f8,vehicle_class_lightfighter,bf73e515-0e01-409e-84fb-acbef27e1686,1,2000,1,1,0,b14b3d31-7c82-42be-990e-cdb8935c8689,49bf802f-00d5-4cf0-9e5a-7ca64d94e89f,libs/foundry/records/entities/spaceships/espr_talon_shrike_pu_ai_civ.xml
ESPR_Talon_Shrike_PU_AI_CRIM,vehicle_NameESPR_Talon_Shrike,vehicle_DescESPR_Talon_Shrike,4ecc1a24-d228-4dd5-8857-21ba6145a1d3,ESPR,manufacturer_NameESPR,Spaceship,scripts/entities/vehicles/implementations/xml/espr_talon.xml,Shrike,vehicle_focus_combat,2bf4345e-cf3c-4ecb-91ce-f9daa8ff47f8,vehicle_class_lightfighter,bf73e515-0e01-409e-84fb-acbef27e1686,1,2000,1,1,0,b14b3d31-7c82-42be-990e-cdb8935c8689,f56dd7c0-935a-453f-b3a4-3b1f7b853a05,libs/foundry/records/entities/spaceships/espr_talon_shrike_pu_ai_crim.xml
ESPR_Talon_Shrike_Unmanned_Salvage,vehicle_NameESPR_Talon_Shrike,vehicle_DescESPR_Talon_Shrike,4ecc1a24-d228-4dd5-8857-21ba6145a1d3,ESPR,manufacturer_NameESPR,Spaceship,scripts/entities/vehicles/implementations/xml/espr_talon.xml,Shrike,vehicle_focus_combat,2bf4345e-cf3c-4ecb-91ce-f9daa8ff47f8,vehicle_class_lightfighter,bf73e515-0e01-409e-84fb-acbef27e1686,1,2000,1,1,0,b14b3d31-7c82-42be-990e-cdb8935c8689,ecd3cc8f-61ae-435b-b9cc-a8e3b8e76079,libs/foundry/records/entities/spaceships/espr_talon_shrike_unmanned_salvage.xml
ESPR_Talon_Shrike,vehicle_NameESPR_Talon_Shrike,vehicle_DescESPR_Talon_Shrike,4ecc1a24-d228-4dd5-8857-21ba6145a1d3,ESPR,manufacturer_NameESPR,Spaceship,scripts/entities/vehicles/implementations/xml/espr_talon.xml,Shrike,vehicle_focus_combat,2bf4345e-cf3c-4ecb-91ce-f9daa8ff47f8,vehicle_class_lightfighter,bf73e515-0e01-409e-84fb-acbef27e1686,1,2000,1,1,0,b14b3d31-7c82-42be-990e-cdb8935c8689,2000c8d9-f151-4148-babe-6d9e413e2114,libs/foundry/records/entities/spaceships/espr_talon_shrike.xml
ESPR_Talon_Unmanned_Salvage,vehicle_NameESPR_Talon,vehicle_DescESPR_Talon,4ecc1a24-d228-4dd5-8857-21ba6145a1d3,ESPR,manufacturer_NameESPR,Spaceship,scripts/entities/vehicles/implementations/xml/espr_talon.xml,,vehicle_focus_combat,2bf4345e-cf3c-4ecb-91ce-f9daa8ff47f8,vehicle_class_lightfighter,bf73e515-0e01-409e-84fb-acbef27e1686,1,2000,1,1,0,1158055c-a5ac-4a1d-9e44-9e4375247fd0,b53f3ecc-83ac-4385-8b75-c25d517cda92,libs/foundry/records/entities/spaceships/espr_talon_unmanned_salvage.xml
ESPR_Talon,vehicle_NameESPR_Talon,vehicle_DescESPR_Talon,4ecc1a24-d228-4dd5-8857-21ba6145a1d3,ESPR,manufacturer_NameESPR,Spaceship,scripts/entities/vehicles/implementations/xml/espr_talon.xml,,vehicle_focus_combat,2bf4345e-cf3c-4ecb-91ce-f9daa8ff47f8,vehicle_class_lightfighter,bf73e515-0e01-409e-84fb-acbef27e1686,1,2000,1,1,0,1158055c-a5ac-4a1d-9e44-9e4375247fd0,41a84db8-062b-4359-ad16-611ad540fbdb,libs/foundry/records/entities/spaceships/espr_talon.xml
GAMA_Syulen_Exec_Military,vehicle_NameGAMA_Syulen_PYAM_Exec,vehicle_DescGAMA_Syulen_PYAM_Exec,31907472-a884-4ebc-86db-cd4f7797e514,GAMA,manufacturer_NameGAMA,Spaceship,Scripts/Entities/Vehicles/Implementations/Xml/GAMA_Syulen.xml,,vehicle_focus_multirole,17924962-38db-4bd7-a6ae-7c54d925519f,vehicle_class_starterpathfinder,bc5f32d6-ed12-42d9-a71e-56b2d0dd19ba,1,2000,1,1,0,366b095a-6cee-43b9-a728-00bee8e49c3a,48fa3c7c-1f29-2045-cd29-b5c8ab9aeabc,libs/foundry/records/entities/spaceships/gama_syulen_exec_military.xml
GAMA_Syulen_Exec_Stealth,vehicle_NameGAMA_Syulen_PYAM_Exec,vehicle_DescGAMA_Syulen_PYAM_Exec,31907472-a884-4ebc-86db-cd4f7797e514,GAMA,manufacturer_NameGAMA,Spaceship,Scripts/Entities/Vehicles/Implementations/Xml/GAMA_Syulen.xml,,vehicle_focus_multirole,17924962-38db-4bd7-a6ae-7c54d925519f,vehicle_class_starterpathfinder,bc5f32d6-ed12-42d9-a71e-56b2d0dd19ba,1,2000,1,1,0,366b095a-6cee-43b9-a728-00bee8e49c3a,40e7a0a7-4a31-a952-fd27-5eadd534a2ae,libs/foundry/records/entities/spaceships/gama_syulen_exec_stealth.xml
GAMA_Syulen_Unmanned_Salvage,vehicle_NameGAMA_Syulen,vehicle_DescGAMA_Syulen,31907472-a884-4ebc-86db-cd4f7797e514,GAMA,manufacturer_NameGAMA,Spaceship,Scripts/Entities/Vehicles/Implementations/Xml/GAMA_Syulen.xml,,vehicle_focus_multirole,17924962-38db-4bd7-a6ae-7c54d925519f,vehicle_class_starterpathfinder,bc5f32d6-ed12-42d9-a71e-56b2d0dd19ba,1,2000,1,1,0,366b095a-6cee-43b9-a728-00bee8e49c3a,9af9acc9-98fd-4561-b360-11c0672f7388,libs/foundry/records/entities/spaceships/gama_syulen_unmanned_salvage.xml
GAMA_Syulen,vehicle_NameGAMA_Syulen,vehicle_DescGAMA_Syulen,31907472-a884-4ebc-86db-cd4f7797e514,GAMA,manufacturer_NameGAMA,Spaceship,Scripts/Entities/Vehicles/Implementations/Xml/GAMA_Syulen.xml,,vehicle_focus_multirole,17924962-38db-4bd7-a6ae-7c54d925519f,vehicle_class_starterpathfinder,bc5f32d6-ed12-42d9-a71e-56b2d0dd19ba,1,2000,1,1,0,366b095a-6cee-43b9-a728-00bee8e49c3a,11ebc47d-4763-4faa-9020-171cf6c2651f,libs/foundry/records/entities/spaceships/gama_syulen.xml
GLSN_Shiv_TEMP_CosA,vehicle_NameGLSN_Shiv,vehicle_DescGLSN_Shiv,768b4380-6486-4187-8c22-bc3deaf80770,GREY,manufacturer_NameGREY,Spaceship,Scripts/Entities/Vehicles/Implementations/Xml/GLSN_Shiv.xml,,vehicle_focus_combat,2bf4345e-cf3c-4ecb-91ce-f9daa8ff47f8,vehicle_class_heavyfighter,b9fdb132-72dd-48e4-8fd6-64a4b74595d7,2,6750,1,1,0,11289951-273e-4b91-9194-ece46fe88783,e39a425c-4d60-4cad-be4b-34a7aafb0c38,libs/foundry/records/entities/spaceships/glsn_shiv_temp_cosa.xml
GLSN_Shiv_TEMP_CosB,vehicle_NameGLSN_Shiv,vehicle_DescGLSN_Shiv,768b4380-6486-4187-8c22-bc3deaf80770,GREY,manufacturer_NameGREY,Spaceship,Scripts/Entities/Vehicles/Implementations/Xml/GLSN_Shiv.xml,,vehicle_focus_combat,2bf4345e-cf3c-4ecb-91ce-f9daa8ff47f8,vehicle_class_heavyfighter,b9fdb132-72dd-48e4-8fd6-64a4b74595d7,2,6750,1,1,0,11289951-273e-4b91-9194-ece46fe88783,4dba84c4-83d0-4587-8867-f9fe9844962d,libs/foundry/records/entities/spaceships/glsn_shiv_temp_cosb.xml
GLSN_Shiv_TEMP_CosC,vehicle_NameGLSN_Shiv,vehicle_DescGLSN_Shiv,768b4380-6486-4187-8c22-bc3deaf80770,GREY,manufacturer_NameGREY,Spaceship,Scripts/Entities/Vehicles/Implementations/Xml/GLSN_Shiv.xml,,vehicle_focus_combat,2bf4345e-cf3c-4ecb-91ce-f9daa8ff47f8,vehicle_class_heavyfighter,b9fdb132-72dd-48e4-8fd6-64a4b74595d7,2,6750,1,1,0,11289951-273e-4b91-9194-ece46fe88783,316e3ad8-3183-403b-ba9e-0d7a54318561,libs/foundry/records/entities/spaceships/glsn_shiv_temp_cosc.xml
GLSN_Shiv,vehicle_NameGLSN_Shiv,vehicle_DescGLSN_Shiv,768b4380-6486-4187-8c22-bc3deaf80770,GREY,manufacturer_NameGREY,Spaceship,Scripts/Entities/Vehicles/Implementations/Xml/GLSN_Shiv.xml,,vehicle_focus_combat,2bf4345e-cf3c-4ecb-91ce-f9daa8ff47f8,vehicle_class_heavyfighter,b9fdb132-72dd-48e4-8fd6-64a4b74595d7,2,6750,1,1,0,11289951-273e-4b91-9194-ece46fe88783,3a7bfe4f-7a6c-4818-aba8-0f1019c3a647,libs/foundry/records/entities/spaceships/glsn_shiv.xml
KRIG_L21_Wolf_Collector_Military,vehicle_NameKRIG_L21_Wolf_Collector_Military,vehicle_DescKRIG_L21_Wolf_Collector_Military,7b5d1ed3-11e7-49e6-9ed3-9d0cb52a3dc2,KRIG,manufacturer_NameKRIG,Spaceship,Scripts/Entities/Vehicles/Implementations/Xml/KRIG_L21_Wolf.xml,,vehicle_focus_combat,2bf4345e-cf3c-4ecb-91ce-f9daa8ff47f8,vehicle_class_lightfighter,b26efdb9-f28a-448d-93fa-af1a9745df4c,1,2500,1,1,0,8b90dcb9-41cf-41a0-af8f-4ee7c7130195,86d0db63-70b6-41eb-be32-a14190ebd57d,libs/foundry/records/entities/spaceships/krig_l21_wolf_collector_military.xml
KRIG_L21_Wolf_Collector_Stealth,vehicle_NameKRIG_L21_Wolf_Collector_Stealth,vehicle_DescKRIG_L21_Wolf_Collector_Stealth,7b5d1ed3-11e7-49e6-9ed3-9d0cb52a3dc2,KRIG,manufacturer_NameKRIG,Spaceship,Scripts/Entities/Vehicles/Implementations/Xml/KRIG_L21_Wolf.xml,,vehicle_focus_combat,2bf4345e-cf3c-4ecb-91ce-f9daa8ff47f8,vehicle_class_lightfighter,b26efdb9-f28a-448d-93fa-af1a9745df4c,1,2500,1,1,0,8b90dcb9-41cf-41a0-af8f-4ee7c7130195,305052b9-dfce-4917-a909-48c1a63c6753,libs/foundry/records/entities/spaceships/krig_l21_wolf_collector_stealth.xml
KRIG_L21_Wolf,vehicle_NameKRIG_L21_Wolf,vehicle_DescKRIG_L21_Wolf,7b5d1ed3-11e7-49e6-9ed3-9d0cb52a3dc2,KRIG,manufacturer_NameKRIG,Spaceship,Scripts/Entities/Vehicles/Implementations/Xml/KRIG_L21_Wolf.xml,,vehicle_focus_combat,2bf4345e-cf3c-4ecb-91ce-f9daa8ff47f8,vehicle_class_lightfighter,b26efdb9-f28a-448d-93fa-af1a9745df4c,1,2500,1,1,0,8b90dcb9-41cf-41a0-af8f-4ee7c7130195,1b201ef2-b4dd-46c2-978e-47a13e0a7f81,libs/foundry/records/entities/spaceships/krig_l21_wolf.xml
KRIG_L22_AlphaWolf_Collector_Military,vehicle_NameKRIG_L22_Alpha_Wolf_Collector_Military,vehicle_DescKRIG_L22_Alpha_Wolf_Collector_Military,7b5d1ed3-11e7-49e6-9ed3-9d0cb52a3dc2,KRIG,manufacturer_NameKRIG,Spaceship,Scripts/Entities/Vehicles/Implementations/Xml/KRIG_L22_alpha_wolf.xml,,vehicle_focus_combat,2bf4345e-cf3c-4ecb-91ce-f9daa8ff47f8,vehicle_class_lightfighter,bf73e515-0e01-409e-84fb-acbef27e1686,1,2500,1,1,0,8b90dcb9-41cf-41a0-af8f-4ee7c7130195,38d93014-74d8-4ff9-9a2c-edf817590730,libs/foundry/records/entities/spaceships/krig_l22_alphawolf_collector_military.xml
KRIG_L22_AlphaWolf,vehicle_NameKRIG_L22_Alpha_Wolf,vehicle_DescKRIG_L22_Alpha_Wolf,7b5d1ed3-11e7-49e6-9ed3-9d0cb52a3dc2,KRIG,manufacturer_NameKRIG,Spaceship,Scripts/Entities/Vehicles/Implementations/Xml/KRIG_L22_alpha_wolf.xml,,vehicle_focus_combat,2bf4345e-cf3c-4ecb-91ce-f9daa8ff47f8,vehicle_class_lightfighter,bf73e515-0e01-409e-84fb-acbef27e1686,1,2500,1,1,0,8b90dcb9-41cf-41a0-af8f-4ee7c7130195,df2166dd-70ba-4b10-90ee-bb2ae203b3e8,libs/foundry/records/entities/spaceships/krig_l22_alphawolf.xml
KRIG_P52_Merlin_EA_AI_PIR,vehicle_NameKRIG_P52_Merlin,vehicle_DescKRIG_P52_Merlin,7b5d1ed3-11e7-49e6-9ed3-9d0cb52a3dc2,KRIG,manufacturer_NameKRIG,Spaceship,scripts/entities/vehicles/implementations/xml/krig_p52_merlin.xml,,vehicle_focus_combat,2bf4345e-cf3c-4ecb-91ce-f9daa8ff47f8,vehicle_class_snubfighter,b26efdb9-f28a-448d-93fa-af1a9745df4c,1,1000,1,1,0,8a9663d1-5bd2-4627-9f49-5e0904deb339,9867f5ec-376d-4873-9dde-38f6e08a01ea,libs/foundry/records/entities/spaceships/krig_p52_merlin_ea_ai_pir.xml
KRIG_P52_Merlin_EA_AI_UEE,vehicle_NameKRIG_P52_Merlin,vehicle_DescKRIG_P52_Merlin,7b5d1ed3-11e7-49e6-9ed3-9d0cb52a3dc2,KRIG,manufacturer_NameKRIG,Spaceship,scripts/entities/vehicles/implementations/xml/krig_p52_merlin.xml,,vehicle_focus_combat,2bf4345e-cf3c-4ecb-91ce-f9daa8ff47f8,vehicle_class_snubfighter,b26efdb9-f28a-448d-93fa-af1a9745df4c,1,1000,1,1,0,8a9663d1-5bd2-4627-9f49-5e0904deb339,a7275d76-a036-467e-a13a-8143f2149900,libs/foundry/records/entities/spaceships/krig_p52_merlin_ea_ai_uee.xml
KRIG_P52_Merlin,vehicle_NameKRIG_P52_Merlin,vehicle_DescKRIG_P52_Merlin,7b5d1ed3-11e7-49e6-9ed3-9d0cb52a3dc2,KRIG,manufacturer_NameKRIG,Spaceship,scripts/entities/vehicles/implementations/xml/krig_p52_merlin.xml,,vehicle_focus_combat,2bf4345e-cf3c-4ecb-91ce-f9daa8ff47f8,vehicle_class_snubfighter,b26efdb9-f28a-448d-93fa-af1a9745df4c,1,1000,1,1,0,8a9663d1-5bd2-4627-9f49-5e0904deb339,a5a8e4e5-939c-4f7b-ab48-5f7db556d5a4,libs/foundry/records/entities/spaceships/krig_p52_merlin.xml
KRIG_P72_Archimedes_Emerald,vehicle_NameKRIG_P72_Archimedes_Emerald,vehicle_DescKRIG_P72_Archimedes_Emerald,7b5d1ed3-11e7-49e6-9ed3-9d0cb52a3dc2,KRIG,manufacturer_NameKRIG,Spaceship,scripts/entities/vehicles/implementations/xml/krig_p52_merlin.xml,P72_Emerald,vehicle_focus_competition,0f148cb8-74eb-45fa-bd77-82a756fa4b36,vehicle_class_racing,42c95b15-5e41-4c2d-a342-8df0aa82ae3b,1,1000,1,1,0,3b8694c8-3802-4718-9213-14e2a5c96699,ebee8a7f-8e4a-4bed-9e5d-76822724c9f0,libs/foundry/records/entities/spaceships/krig_p72_archimedes_emerald.xml
KRIG_P72_Archimedes,vehicle_NameKRIG_P72_Archimedes,vehicle_DescKRIG_P72_Archimedes,7b5d1ed3-11e7-49e6-9ed3-9d0cb52a3dc2,KRIG,manufacturer_NameKRIG,Spaceship,scripts/entities/vehicles/implementations/xml/krig_p52_merlin.xml,P72,vehicle_focus_competition,0f148cb8-74eb-45fa-bd77-82a756fa4b36,vehicle_class_racing,42c95b15-5e41-4c2d-a342-8df0aa82ae3b,1,1000,1,1,0,3b8694c8-3802-4718-9213-14e2a5c96699,70580bce-2347-4e96-9260-dee6394f483d,libs/foundry/records/entities/spaceships/krig_p72_archimedes.xml
MISC_Fortune_Collector_Industrial,TheCollector_ShipMod_MISC_Fortune_VehicleName,TheCollector_ShipMod_MISC_Fortune_VehicleDesc,b28a5c61-63a4-478b-8047-5fba545d5b8a,MISC,manufacturer_NameMISC,Spaceship,scripts/entities/vehicles/implementations/xml/misc_fortune.xml,,vehicle_focus_resources,0c06d7fa-963b-4fb3-b9a6-5e03a140bed3,vehicle_class_lightsalvage,8540f25d-59b4-4403-a341-4d42484876d3,1,20188.6,1,1,0,8b90dcb9-41cf-41a0-af8f-4ee7c7130195,b8a2669a-76cb-497c-9090-6ff9a173b220,libs/foundry/records/entities/spaceships/misc_fortune_collector_industrial.xml
MISC_Fortune_Teach,vehicle_NameMISC_Fortune_Teach,vehicle_DescMISC_Fortune_Teach,b28a5c61-63a4-478b-8047-5fba545d5b8a,MISC,manufacturer_NameMISC,Spaceship,scripts/entities/vehicles/implementations/xml/misc_fortune.xml,,vehicle_focus_resources,0c06d7fa-963b-4fb3-b9a6-5e03a140bed3,vehicle_class_lightsalvage,8540f25d-59b4-4403-a341-4d42484876d3,1,20188.6,1,1,0,8b90dcb9-41cf-41a0-af8f-4ee7c7130195,035890f1-e198-48f6-84af-958bb83253ee,libs/foundry/records/entities/spaceships/misc_fortune_teach.xml
MISC_Fortune,vehicle_NameMISC_Fortune,vehicle_DescMISC_Fortune,b28a5c61-63a4-478b-8047-5fba545d5b8a,MISC,manufacturer_NameMISC,Spaceship,scripts/entities/vehicles/implementations/xml/misc_fortune.xml,,vehicle_focus_resources,0c06d7fa-963b-4fb3-b9a6-5e03a140bed3,vehicle_class_lightsalvage,8540f25d-59b4-4403-a341-4d42484876d3,1,20188.6,1,1,0,8b90dcb9-41cf-41a0-af8f-4ee7c7130195,3d371fd4-50e2-4b5e-859f-1086e905c946,libs/foundry/records/entities/spaceships/misc_fortune.xml
MISC_Freelancer_DUR_PU_AI_CIV_DEF,vehicle_NameMISC_Freelancer_DUR,vehicle_DescMISC_Freelancer_DUR,b28a5c61-63a4-478b-8047-5fba545d5b8a,MISC,manufacturer_NameMISC,Spaceship,scripts/entities/vehicles/implementations/xml/misc_freelancer.xml,DUR,vehicle_focus_exploration,605f6ca1-9eae-4d78-9f7f-71288d44dada,vehicle_class_expedition,bdf53a4c-0fce-442f-9222-e438792d7b75,1,9500,1,1,0,abf01d30-8af0-4a53-b0fb-8a49b374b37c,7e586f2e-1dd5-47d7-813c-d7d8a5038fd5,libs/foundry/records/entities/spaceships/misc_freelancer_dur_pu_ai_civ_def.xml
MISC_Freelancer_DUR_PU_AI_CIV,vehicle_NameMISC_Freelancer_DUR,vehicle_DescMISC_Freelancer_DUR,b28a5c61-63a4-478b-8047-5fba545d5b8a,MISC,manufacturer_NameMISC,Spaceship,scripts/entities/vehicles/implementations/xml/misc_freelancer.xml,DUR,vehicle_focus_exploration,605f6ca1-9eae-4d78-9f7f-71288d44dada,vehicle_class_expedition,bdf53a4c-0fce-442f-9222-e438792d7b75,1,9500,1,1,0,abf01d30-8af0-4a53-b0fb-8a49b374b37c,8a181358-4f5d-4f4d-a1e4-6f6633d04b05,libs/foundry/records/entities/spaceships/misc_freelancer_dur_pu_ai_civ.xml
MISC_Freelancer_DUR_PU_AI_CRIM,vehicle_NameMISC_Freelancer_DUR,vehicle_DescMISC_Freelancer_DUR,b28a5c61-63a4-478b-8047-5fba545d5b8a,MISC,manufacturer_NameMISC,Spaceship,scripts/entities/vehicles/implementations/xml/misc_freelancer.xml,DUR,vehicle_focus_exploration,605f6ca1-9eae-4d78-9f7f-71288d44dada,vehicle_class_expedition,bdf53a4c-0fce-442f-9222-e438792d7b75,1,9500,1,1,0,abf01d30-8af0-4a53-b0fb-8a49b374b37c,b6226d15-044c-4a0a-b439-880dd0ece2b4,libs/foundry/records/entities/spaceships/misc_freelancer_dur_pu_ai_crim.xml
MISC_Freelancer_DUR_Unmanned_Salvage,vehicle_NameMISC_Freelancer_DUR,vehicle_DescMISC_Freelancer_DUR,b28a5c61-63a4-478b-8047-5fba545d5b8a,MISC,manufacturer_NameMISC,Spaceship,scripts/entities/vehicles/implementations/xml/misc_freelancer.xml,DUR,vehicle_focus_exploration,605f6ca1-9eae-4d78-9f7f-71288d44dada,vehicle_class_expedition,bdf53a4c-0fce-442f-9222-e438792d7b75,1,9500,1,1,0,abf01d30-8af0-4a53-b0fb-8a49b374b37c,c4026e55-65c6-46e7-9ea4-bab967d5d91e,libs/foundry/records/entities/spaceships/misc_freelancer_dur_unmanned_salvage.xml
MISC_Freelancer_DUR,vehicle_NameMISC_Freelancer_DUR,vehicle_DescMISC_Freelancer_DUR,b28a5c61-63a4-478b-8047-5fba545d5b8a,MISC,manufacturer_NameMISC,Spaceship,scripts/entities/vehicles/implementations/xml/misc_freelancer.xml,DUR,vehicle_focus_exploration,605f6ca1-9eae-4d78-9f7f-71288d44dada,vehicle_class_expedition,bdf53a4c-0fce-442f-9222-e438792d7b75,1,9500,1,1,0,abf01d30-8af0-4a53-b0fb-8a49b374b37c,34821163-e32e-42bf-99df-8f42ba66ef34,libs/foundry/records/entities/spaceships/misc_freelancer_dur.xml
MISC_Freelancer_MAX_PU_AI_CIV_DEF,vehicle_NameMISC_Freelancer_MAX,vehicle_DescMISC_Freelancer_MAX,b28a5c61-63a4-478b-8047-5fba545d5b8a,MISC,manufacturer_NameMISC,Spaceship,scripts/entities/vehicles/implementations/xml/misc_freelancer.xml,MAX,vehicle_focus_transporter,d86d770d-1fc4-4525-b3b0-4f670a8a5634,vehicle_class_mediumfreight,4c0633a2-887f-4231-a40a-d366224f01d5,1,9500,1,1,0,85da4901-2367-451c-85e2-f6b9a62ea3d4,99d83834-7f1c-4139-8ed4-a2b7c8c78c18,libs/foundry/records/entities/spaceships/misc_freelancer_max_pu_ai_civ_def.xml
MISC_Freelancer_MAX_PU_AI_CIV,vehicle_NameMISC_Freelancer_MAX,vehicle_DescMISC_Freelancer_MAX,b28a5c61-63a4-478b-8047-5fba545d5b8a,MISC,manufacturer_NameMISC,Spaceship,scripts/entities/vehicles/implementations/xml/misc_freelancer.xml,MAX,vehicle_focus_transporter,d86d770d-1fc4-4525-b3b0-4f670a8a5634,vehicle_class_mediumfreight,4c0633a2-887f-4231-a40a-d366224f01d5,1,9500,1,1,0,85da4901-2367-451c-85e2-f6b9a62ea3d4,01565193-8843-4fcd-8ff6-f064a3079157,libs/foundry/records/entities/spaceships/misc_freelancer_max_pu_ai_civ.xml
MISC_Freelancer_MAX_PU_AI_CRIM,vehicle_NameMISC_Freelancer_MAX,vehicle_DescMISC_Freelancer_MAX,b28a5c61-63a4-478b-8047-5fba545d5b8a,MISC,manufacturer_NameMISC,Spaceship,scripts/entities/vehicles/implementations/xml/misc_freelancer.xml,MAX,vehicle_focus_transporter,d86d770d-1fc4-4525-b3b0-4f670a8a5634,vehicle_class_mediumfreight,4c0633a2-887f-4231-a40a-d366224f01d5,1,9500,1,1,0,85da4901-2367-451c-85e2-f6b9a62ea3d4,3b6edb6f-f0be-4b55-a94f-7ff6e5a0c213,libs/foundry/records/entities/spaceships/misc_freelancer_max_pu_ai_crim.xml
MISC_Freelancer_MAX_Unmanned_Salvage,vehicle_NameMISC_Freelancer_MAX,vehicle_DescMISC_Freelancer_MAX,b28a5c61-63a4-478b-8047-5fba545d5b8a,MISC,manufacturer_NameMISC,Spaceship,scripts/entities/vehicles/implementations/xml/misc_freelancer.xml,MAX,vehicle_focus_transporter,d86d770d-1fc4-4525-b3b0-4f670a8a5634,vehicle_class_mediumfreight,4c0633a2-887f-4231-a40a-d366224f01d5,1,9500,1,1,0,85da4901-2367-451c-85e2-f6b9a62ea3d4,47ce02ee-312d-4d7b-8e21-42d78523d8a8,libs/foundry/records/entities/spaceships/misc_freelancer_max_unmanned_salvage.xml
MISC_Freelancer_MAX,vehicle_NameMISC_Freelancer_MAX,vehicle_DescMISC_Freelancer_MAX,b28a5c61-63a4-478b-8047-5fba545d5b8a,MISC,manufacturer_NameMISC,Spaceship,scripts/entities/vehicles/implementations/xml/misc_freelancer.xml,MAX,vehicle_focus_transporter,d86d770d-1fc4-4525-b3b0-4f670a8a5634,vehicle_class_mediumfreight,4c0633a2-887f-4231-a40a-d366224f01d5,1,9500,1,1,0,85da4901-2367-451c-85e2-f6b9a62ea3d4,6c6e9731-3d70-4f1b-84c2-9dbf3c1f97c7,libs/foundry/records/entities/spaceships/misc_freelancer_max.xml
MISC_Freelancer_MIS_PU_AI_CIV,vehicle_NameMISC_Freelancer_MIS,vehicle_DescMISC_Freelancer_MIS,b28a5c61-63a4-478b-8047-5fba545d5b8a,MISC,manufacturer_NameMISC,Spaceship,scripts/entities/vehicles/implementations/xml/misc_freelancer.xml,MIS,vehicle_focus_combat,2bf4345e-cf3c-4ecb-91ce-f9daa8ff47f8,vehicle_class_gunship,45eebee5-956e-45ba-bd75-4866bf47dff3,1,9500,1,1,0,71ad6332-f4d3-4d6c-90d6-775e04500cd2,cde0e65f-a592-4aca-b3bc-4d115de87921,libs/foundry/records/entities/spaceships/misc_freelancer_mis_pu_ai_civ.xml
MISC_Freelancer_MIS_PU_AI_CRIM,vehicle_NameMISC_Freelancer_MIS,vehicle_DescMISC_Freelancer_MIS,b28a5c61-63a4-478b-8047-5fba545d5b8a,MISC,manufacturer_NameMISC,Spaceship,scripts/entities/vehicles/implementations/xml/misc_freelancer.xml,MIS,vehicle_focus_combat,2bf4345e-cf3c-4ecb-91ce-f9daa8ff47f8,vehicle_class_gunship,45eebee5-956e-45ba-bd75-4866bf47dff3,1,9500,1,1,0,71ad6332-f4d3-4d6c-90d6-775e04500cd2,e4974d97-c3cf-4553-9b70-bae787097d68,libs/foundry/records/entities/spaceships/misc_freelancer_mis_pu_ai_crim.xml
MISC_Freelancer_MIS_PU_AI_NineTails,vehicle_NameMISC_Freelancer_MIS,vehicle_DescMISC_Freelancer_MIS,b28a5c61-63a4-478b-8047-5fba545d5b8a,MISC,manufacturer_NameMISC,Spaceship,scripts/entities/vehicles/implementations/xml/misc_freelancer.xml,MIS,vehicle_focus_combat,2bf4345e-cf3c-4ecb-91ce-f9daa8ff47f8,vehicle_class_gunship,45eebee5-956e-45ba-bd75-4866bf47dff3,1,9500,1,1,0,71ad6332-f4d3-4d6c-90d6-775e04500cd2,1c289da0-156b-4a94-a09f-a70221a6cb88,libs/foundry/records/entities/spaceships/misc_freelancer_mis_pu_ai_ninetails.xml
MISC_Freelancer_MIS_Unmanned_Salvage,vehicle_NameMISC_Freelancer_MIS,vehicle_DescMISC_Freelancer_MIS,b28a5c61-63a4-478b-8047-5fba545d5b8a,MISC,manufacturer_NameMISC,Spaceship,scripts/entities/vehicles/implementations/xml/misc_freelancer.xml,MIS,vehicle_focus_combat,2bf4345e-cf3c-4ecb-91ce-f9daa8ff47f8,vehicle_class_gunship,45eebee5-956e-45ba-bd75-4866bf47dff3,1,9500,1,1,0,71ad6332-f4d3-4d6c-90d6-775e04500cd2,9d8e1964-f8b8-4c6b-93c1-75fe29fce8ac,libs/foundry/records/entities/spaceships/misc_freelancer_mis_unmanned_salvage.xml
MISC_Freelancer_MIS,vehicle_NameMISC_Freelancer_MIS,vehicle_DescMISC_Freelancer_MIS,b28a5c61-63a4-478b-8047-5fba545d5b8a,MISC,manufacturer_NameMISC,Spaceship,scripts/entities/vehicles/implementations/xml/misc_freelancer.xml,MIS,vehicle_focus_combat,2bf4345e-cf3c-4ecb-91ce-f9daa8ff47f8,vehicle_class_gunship,45eebee5-956e-45ba-bd75-4866bf47dff3,1,9500,1,1,0,71ad6332-f4d3-4d6c-90d6-775e04500cd2,4b6700e5-38bd-4d8d-9281-ef82996b135f,libs/foundry/records/entities/spaceships/misc_freelancer_mis.xml
MISC_Freelancer_PU_AI_CIV_DEF,vehicle_NameMISC_Freelancer,vehicle_DescMISC_Freelancer,b28a5c61-63a4-478b-8047-5fba545d5b8a,MISC,manufacturer_NameMISC,Spaceship,scripts/entities/vehicles/implementations/xml/misc_freelancer.xml,,vehicle_focus_transporter,d86d770d-1fc4-4525-b3b0-4f670a8a5634,vehicle_class_lightfreight,ff99d78e-3a6a-4e4d-8b1c-59e87a005c11,1,9500,1,1,0,e5465987-e166-4725-83d9-b59593c34e9d,e26d8f81-8986-4a3f-960f-034c198de471,libs/foundry/records/entities/spaceships/misc_freelancer_pu_ai_civ_def.xml
MISC_Freelancer_PU_AI_CIV,vehicle_NameMISC_Freelancer,vehicle_DescMISC_Freelancer,b28a5c61-63a4-478b-8047-5fba545d5b8a,MISC,manufacturer_NameMISC,Spaceship,scripts/entities/vehicles/implementations/xml/misc_freelancer.xml,,vehicle_focus_transporter,d86d770d-1fc4-4525-b3b0-4f670a8a5634,vehicle_class_lightfreight,ff99d78e-3a6a-4e4d-8b1c-59e87a005c11,1,9500,1,1,0,e5465987-e166-4725-83d9-b59593c34e9d,256a24e0-4a5f-4bad-b439-25babf6441e0,libs/foundry/records/entities/spaceships/misc_freelancer_pu_ai_civ.xml
MISC_Freelancer_PU_AI_CRIM,vehicle_NameMISC_Freelancer,vehicle_DescMISC_Freelancer,b28a5c61-63a4-478b-8047-5fba545d5b8a,MISC,manufacturer_NameMISC,Spaceship,scripts/entities/vehicles/implementations/xml/misc_freelancer.xml,,vehicle_focus_transporter,d86d770d-1fc4-4525-b3b0-4f670a8a5634,vehicle_class_lightfreight,ff99d78e-3a6a-4e4d-8b1c-59e87a005c11,1,9500,1,1,0,e5465987-e166-4725-83d9-b59593c34e9d,05003126-e531-4eed-82a6-7635a9fb4f67,libs/foundry/records/entities/spaceships/misc_freelancer_pu_ai_crim.xml
MISC_Freelancer_Unmanned_Salvage,vehicle_NameMISC_Freelancer,vehicle_DescMISC_Freelancer,b28a5c61-63a4-478b-8047-5fba545d5b8a,MISC,manufacturer_NameMISC,Spaceship,scripts/entities/vehicles/implementations/xml/misc_freelancer.xml,,vehicle_focus_transporter,d86d770d-1fc4-4525-b3b0-4f670a8a5634,vehicle_class_lightfreight,ff99d78e-3a6a-4e4d-8b1c-59e87a005c11,1,9500,1,1,0,e5465987-e166-4725-83d9-b59593c34e9d,bfd6da05-fdc3-46b3-9311-1eebe226d166,libs/foundry/records/entities/spaceships/misc_freelancer_unmanned_salvage.xml
MISC_Freelancer,vehicle_NameMISC_Freelancer,vehicle_DescMISC_Freelancer,b28a5c61-63a4-478b-8047-5fba545d5b8a,MISC,manufacturer_NameMISC,Spaceship,scripts/entities/vehicles/implementations/xml/misc_freelancer.xml,,vehicle_focus_transporter,d86d770d-1fc4-4525-b3b0-4f670a8a5634,vehicle_class_lightfreight,ff99d78e-3a6a-4e4d-8b1c-59e87a005c11,1,9500,1,1,0,e5465987-e166-4725-83d9-b59593c34e9d,b4791030-9d64-4f98-85cb-ca106f868c5e,libs/foundry/records/entities/spaceships/misc_freelancer.xml
MISC_Fury_LX_AI_CIV,vehicle_NameMisc_Fury_LX,vehicle_DescMisc_Fury_LX,cdf6ea1e-7de3-4b58-bf9d-13c5fbafc49a,MRAI,manufacturer_NameMRAI,Spaceship,Scripts/Entities/Vehicles/Implementations/Xml/MISC_Fury_LX.xml,,vehicle_focus_competition,0f148cb8-74eb-45fa-bd77-82a756fa4b36,vehicle_class_racing,42c95b15-5e41-4c2d-a342-8df0aa82ae3b,1,1450,1,1,0,c5b16fb8-5154-41bb-a405-d5538ddf1676,012746ea-e6fb-47cb-95fd-7d462e04ac89,libs/foundry/records/entities/spaceships/misc_fury_lx_ai_civ.xml
MISC_Fury_LX,vehicle_NameMisc_Fury_LX,vehicle_DescMisc_Fury_LX,cdf6ea1e-7de3-4b58-bf9d-13c5fbafc49a,MRAI,manufacturer_NameMRAI,Spaceship,Scripts/Entities/Vehicles/Implementations/Xml/MISC_Fury_LX.xml,,vehicle_focus_competition,0f148cb8-74eb-45fa-bd77-82a756fa4b36,vehicle_class_racing,42c95b15-5e41-4c2d-a342-8df0aa82ae3b,1,1450,1,1,0,c5b16fb8-5154-41bb-a405-d5538ddf1676,83a450d1-e6b1-437e-9aee-18316ed34c29,libs/foundry/records/entities/spaceships/misc_fury_lx.xml
MISC_Fury_Miru_PU_AI_CIV,vehicle_NameMisc_Fury_Miru,vehicle_DescMisc_Fury_Miru,cdf6ea1e-7de3-4b58-bf9d-13c5fbafc49a,MRAI,manufacturer_NameMRAI,Spaceship,Scripts/Entities/Vehicles/Implementations/Xml/MISC_Fury.xml,Miru,vehicle_focus_combat,2bf4345e-cf3c-4ecb-91ce-f9daa8ff47f8,vehicle_class_snubfighter,b26efdb9-f28a-448d-93fa-af1a9745df4c,1,1450,1,1,0,60ea499e-d7ba-433d-b664-abd87a83c3f7,4fc4e7ab-3805-468f-8f25-b1fb25847b5a,libs/foundry/records/entities/spaceships/misc_fury_miru_pu_ai_civ.xml
MISC_Fury_Miru,vehicle_NameMisc_Fury_Miru,vehicle_DescMisc_Fury_Miru,cdf6ea1e-7de3-4b58-bf9d-13c5fbafc49a,MRAI,manufacturer_NameMRAI,Spaceship,Scripts/Entities/Vehicles/Implementations/Xml/MISC_Fury.xml,Miru,vehicle_focus_combat,2bf4345e-cf3c-4ecb-91ce-f9daa8ff47f8,vehicle_class_snubfighter,b26efdb9-f28a-448d-93fa-af1a9745df4c,1,1450,1,1,0,60ea499e-d7ba-433d-b664-abd87a83c3f7,469d850e-b86b-47fc-9ee2-df81d775ccc8,libs/foundry/records/entities/spaceships/misc_fury_miru.xml
MISC_Fury_PU_AI_CIV,vehicle_NameMisc_Fury,vehicle_DescMisc_Fury,cdf6ea1e-7de3-4b58-bf9d-13c5fbafc49a,MRAI,manufacturer_NameMRAI,Spaceship,Scripts/Entities/Vehicles/Implementations/Xml/MISC_Fury.xml,,vehicle_focus_combat,2bf4345e-cf3c-4ecb-91ce-f9daa8ff47f8,vehicle_class_snubfighter,b26efdb9-f28a-448d-93fa-af1a9745df4c,1,1450,1,1,0,132d298c-2165-40eb-b1e4-21d1f4611b1a,7d43bce7-6dad-4d07-8ad0-e1774f6f44df,libs/foundry/records/entities/spaceships/misc_fury_pu_ai_civ.xml
MISC_Fury,vehicle_NameMisc_Fury,vehicle_DescMisc_Fury,cdf6ea1e-7de3-4b58-bf9d-13c5fbafc49a,MRAI,manufacturer_NameMRAI,Spaceship,Scripts/Entities/Vehicles/Implementations/Xml/MISC_Fury.xml,,vehicle_focus_combat,2bf4345e-cf3c-4ecb-91ce-f9daa8ff47f8,vehicle_class_snubfighter,b26efdb9-f28a-448d-93fa-af1a9745df4c,1,1450,1,1,0,132d298c-2165-40eb-b1e4-21d1f4611b1a,96b11061-68ce-4896-9424-fc8804a410ae,libs/foundry/records/entities/spaceships/misc_fury.xml
MISC_Hull_A_PU_AI_CIV_DEF,vehicle_NameMISC_Hull_A,vehicle_DescMISC_Hull_A,b28a5c61-63a4-478b-8047-5fba545d5b8a,MISC,manufacturer_NameMISC,Spaceship,Scripts/Entities/Vehicles/Implementations/Xml/MISC_HULL_A.xml,,vehicle_focus_transporter,d86d770d-1fc4-4525-b3b0-4f670a8a5634,vehicle_class_lightfreight,ff99d78e-3a6a-4e4d-8b1c-59e87a005c11,1,20000,1,1,0,c492a371-5f34-4670-97d5-831ccaa31f51,c49f2c7c-c735-4cdb-96ce-29c679877c20,libs/foundry/records/entities/spaceships/misc_hull_a_pu_ai_civ_def.xml
MISC_Hull_A_PU_AI_CIV,vehicle_NameMISC_Hull_A,vehicle_DescMISC_Hull_A,b28a5c61-63a4-478b-8047-5fba545d5b8a,MISC,manufacturer_NameMISC,Spaceship,Scripts/Entities/Vehicles/Implementations/Xml/MISC_HULL_A.xml,,vehicle_focus_transporter,d86d770d-1fc4-4525-b3b0-4f670a8a5634,vehicle_class_lightfreight,ff99d78e-3a6a-4e4d-8b1c-59e87a005c11,1,20000,1,1,0,c492a371-5f34-4670-97d5-831ccaa31f51,8d2ee27f-f23d-4f0b-994e-cd0cd44d10a3,libs/foundry/records/entities/spaceships/misc_hull_a_pu_ai_civ.xml
MISC_Hull_A_PU_AI_CRIM,vehicle_NameMISC_Hull_A,vehicle_DescMISC_Hull_A,b28a5c61-63a4-478b-8047-5fba545d5b8a,MISC,manufacturer_NameMISC,Spaceship,Scripts/Entities/Vehicles/Implementations/Xml/MISC_HULL_A.xml,,vehicle_focus_transporter,d86d770d-1fc4-4525-b3b0-4f670a8a5634,vehicle_class_lightfreight,ff99d78e-3a6a-4e4d-8b1c-59e87a005c11,1,20000,1,1,0,c492a371-5f34-4670-97d5-831ccaa31f51,068ffc8f-2f5c-4184-a787-971f2ed2c044,libs/foundry/records/entities/spaceships/misc_hull_a_pu_ai_crim.xml
MISC_Hull_A_Unmanned_Salvage,vehicle_NameMISC_Hull_A,vehicle_DescMISC_Hull_A,b28a5c61-63a4-478b-8047-5fba545d5b8a,MISC,manufacturer_NameMISC,Spaceship,Scripts/Entities/Vehicles/Implementations/Xml/MISC_HULL_A.xml,,vehicle_focus_transporter,d86d770d-1fc4-4525-b3b0-4f670a8a5634,vehicle_class_lightfreight,ff99d78e-3a6a-4e4d-8b1c-59e87a005c11,1,20000,1,0,0,c492a371-5f34-4670-97d5-831ccaa31f51,e48ec045-f321-4439-a297-247c8ed6f5c1,libs/foundry/records/entities/spaceships/misc_hull_a_unmanned_salvage.xml
MISC_Hull_A,vehicle_NameMISC_Hull_A,vehicle_DescMISC_Hull_A,b28a5c61-63a4-478b-8047-5fba545d5b8a,MISC,manufacturer_NameMISC,Spaceship,Scripts/Entities/Vehicles/Implementations/Xml/MISC_HULL_A.xml,,vehicle_focus_transporter,d86d770d-1fc4-4525-b3b0-4f670a8a5634,vehicle_class_lightfreight,ff99d78e-3a6a-4e4d-8b1c-59e87a005c11,1,20000,1,1,0,c492a371-5f34-4670-97d5-831ccaa31f51,6ec72f64-2002-481c-b7c9-b132476ba6aa,libs/foundry/records/entities/spaceships/misc_hull_a.xml
MISC_Hull_B,vehicle_NameMISC_Hull_B,vehicl_DescMISC_Hull_B,b28a5c61-63a4-478b-8047-5fba545d5b8a,MISC,manufacturer_NameMISC,Spaceship,Scripts/Entities/Vehicles/Implementations/Xml/misc_hull_b.xml,,vehicle_focus_transporter,d86d770d-1fc4-4525-b3b0-4f670a8a5634,vehicle_class_mediumfreight,4c0633a2-887f-4231-a40a-d366224f01d5,2,2500,1,1,0,04555ac1-dfc1-4181-b847-dcd62f5147da,0d690d1a-9f57-4976-bff1-ec46bf039e75,libs/foundry/records/entities/spaceships/misc_hull_b.xml
MISC_Hull_C_AI_Civ,vehicle_NameMISC_Hull_C,vehicle_DescMISC_Hull_C,b28a5c61-63a4-478b-8047-5fba545d5b8a,MISC,manufacturer_NameMISC,Spaceship,Scripts/Entities/Vehicles/Implementations/Xml/MISC_Hull_C.xml,,vehicle_focus_transporter,d86d770d-1fc4-4525-b3b0-4f670a8a5634,vehicle_class_heavyfreight,d30be48e-3437-4db9-9d15-c392ec8cade3,1,60000,1,1,0,38fed17c-864c-4a0b-8782-66f8dee118b4,2f52d6b5-e6d0-4ddf-ae57-19f71a4b0d85,libs/foundry/records/entities/spaceships/misc_hull_c_ai_civ.xml
MISC_Hull_C_AI_CRIM,vehicle_NameMISC_Hull_C,vehicle_DescMISC_Hull_C,b28a5c61-63a4-478b-8047-5fba545d5b8a,MISC,manufacturer_NameMISC,Spaceship,Scripts/Entities/Vehicles/Implementations/Xml/MISC_Hull_C.xml,,vehicle_focus_transporter,d86d770d-1fc4-4525-b3b0-4f670a8a5634,vehicle_class_heavyfreight,d30be48e-3437-4db9-9d15-c392ec8cade3,1,60000,1,1,0,38fed17c-864c-4a0b-8782-66f8dee118b4,873e7269-23da-492e-96e7-3c00571ba62a,libs/foundry/records/entities/spaceships/misc_hull_c_ai_crim.xml
MISC_Hull_C_Unmanned_Salvage,vehicle_NameMISC_Hull_C,vehicle_DescMISC_Hull_C,b28a5c61-63a4-478b-8047-5fba545d5b8a,MISC,manufacturer_NameMISC,Spaceship,Scripts/Entities/Vehicles/Implementations/Xml/MISC_Hull_C.xml,,vehicle_focus_transporter,d86d770d-1fc4-4525-b3b0-4f670a8a5634,vehicle_class_heavyfreight,d30be48e-3437-4db9-9d15-c392ec8cade3,1,60000,1,1,0,38fed17c-864c-4a0b-8782-66f8dee118b4,8b8dffe1-19b3-4f9a-868b-d78f13375017,libs/foundry/records/entities/spaceships/misc_hull_c_unmanned_salvage.xml
MISC_Hull_C_Unmanned,vehicle_NameMISC_Hull_C,vehicle_DescMISC_Hull_C,b28a5c61-63a4-478b-8047-5fba545d5b8a,MISC,manufacturer_NameMISC,Spaceship,Scripts/Entities/Vehicles/Implementations/Xml/MISC_Hull_C.xml,,vehicle_focus_transporter,d86d770d-1fc4-4525-b3b0-4f670a8a5634,vehicle_class_heavyfreight,d30be48e-3437-4db9-9d15-c392ec8cade3,1,60000,1,1,0,38fed17c-864c-4a0b-8782-66f8dee118b4,181d65ca-7785-49df-8f57-3af6574b133d,libs/foundry/records/entities/spaceships/misc_hull_c_unmanned.xml
MISC_Hull_C,vehicle_NameMISC_Hull_C,vehicle_DescMISC_Hull_C,b28a5c61-63a4-478b-8047-5fba545d5b8a,MISC,manufacturer_NameMISC,Spaceship,Scripts/Entities/Vehicles/Implementations/Xml/MISC_Hull_C.xml,,vehicle_focus_transporter,d86d770d-1fc4-4525-b3b0-4f670a8a5634,vehicle_class_heavyfreight,d30be48e-3437-4db9-9d15-c392ec8cade3,1,60000,1,1,0,38fed17c-864c-4a0b-8782-66f8dee118b4,c4ceff45-d851-44b1-921b-bfef93a6cd6a,libs/foundry/records/entities/spaceships/misc_hull_c.xml
MISC_Prospector_Collector_Indust,vehicle_NameMISC_Prospector_Collector_Indust,vehicle_DescMISC_Prospector_Collector_Indust,b28a5c61-63a4-478b-8047-5fba545d5b8a,MISC,manufacturer_NameMISC,Spaceship,scripts/entities/vehicles/implementations/xml/misc_prospector.xml,,vehicle_focus_resources,0c06d7fa-963b-4fb3-b9a6-5e03a140bed3,vehicle_class_lightmining,4e2a4b20-967e-49a6-8a6c-6b065fdf2978,1,8198,1,1,0,8cbd78f7-ddb8-4906-8b83-a17493037671,4e6f4187-6b7e-4c67-93bf-a41658922ba6,libs/foundry/records/entities/spaceships/misc_prospector_collector_indust.xml
MISC_Prospector_PU_AI_CIV_DEF,vehicle_NameMISC_Prospector,vehicle_DescMISC_Prospector,b28a5c61-63a4-478b-8047-5fba545d5b8a,MISC,manufacturer_NameMISC,Spaceship,scripts/entities/vehicles/implementations/xml/misc_prospector.xml,,vehicle_focus_resources,0c06d7fa-963b-4fb3-b9a6-5e03a140bed3,vehicle_class_lightmining,4e2a4b20-967e-49a6-8a6c-6b065fdf2978,1,8198,1,1,0,8cbd78f7-ddb8-4906-8b83-a17493037671,7c5cebe2-11f0-4432-8678-615304a4c0ae,libs/foundry/records/entities/spaceships/misc_prospector_pu_ai_civ_def.xml
MISC_Prospector_PU_AI_CIV,vehicle_NameMISC_Prospector,vehicle_DescMISC_Prospector,b28a5c61-63a4-478b-8047-5fba545d5b8a,MISC,manufacturer_NameMISC,Spaceship,scripts/entities/vehicles/implementations/xml/misc_prospector.xml,,vehicle_focus_resources,0c06d7fa-963b-4fb3-b9a6-5e03a140bed3,vehicle_class_lightmining,4e2a4b20-967e-49a6-8a6c-6b065fdf2978,1,8198,1,1,0,8cbd78f7-ddb8-4906-8b83-a17493037671,81179527-d2ac-4438-b93f-29e1ee231f75,libs/foundry/records/entities/spaceships/misc_prospector_pu_ai_civ.xml
MISC_Prospector_PU_AI_CRIM,vehicle_NameMISC_Prospector,vehicle_DescMISC_Prospector,b28a5c61-63a4-478b-8047-5fba545d5b8a,MISC,manufacturer_NameMISC,Spaceship,scripts/entities/vehicles/implementations/xml/misc_prospector.xml,,vehicle_focus_resources,0c06d7fa-963b-4fb3-b9a6-5e03a140bed3,vehicle_class_lightmining,4e2a4b20-967e-49a6-8a6c-6b065fdf2978,1,8198,1,1,0,8cbd78f7-ddb8-4906-8b83-a17493037671,5b93d3d3-49d1-4344-858a-8a92e18ed002,libs/foundry/records/entities/spaceships/misc_prospector_pu_ai_crim.xml
MISC_Prospector_PU_AI_NineTails,vehicle_NameMISC_Prospector,vehicle_DescMISC_Prospector,b28a5c61-63a4-478b-8047-5fba545d5b8a,MISC,manufacturer_NameMISC,Spaceship,scripts/entities/vehicles/implementations/xml/misc_prospector.xml,,vehicle_focus_resources,0c06d7fa-963b-4fb3-b9a6-5e03a140bed3,vehicle_class_lightmining,4e2a4b20-967e-49a6-8a6c-6b065fdf2978,1,8198,1,1,0,8cbd78f7-ddb8-4906-8b83-a17493037671,1a872537-2b89-4594-b6de-53391320ced9,libs/foundry/records/entities/spaceships/misc_prospector_pu_ai_ninetails.xml
MISC_Prospector_PU_AI_NT_NonLethal,vehicle_NameMISC_Prospector,vehicle_DescMISC_Prospector,b28a5c61-63a4-478b-8047-5fba545d5b8a,MISC,manufacturer_NameMISC,Spaceship,scripts/entities/vehicles/implementations/xml/misc_prospector.xml,,vehicle_focus_resources,0c06d7fa-963b-4fb3-b9a6-5e03a140bed3,vehicle_class_lightmining,4e2a4b20-967e-49a6-8a6c-6b065fdf2978,1,8198,1,1,0,8cbd78f7-ddb8-4906-8b83-a17493037671,7cf4fd7c-4ca3-4971-b08c-3e5b884a75ca,libs/foundry/records/entities/spaceships/misc_prospector_pu_ai_nt_nonlethal.xml
MISC_Prospector_PU_AI_NT,vehicle_NameMISC_Prospector,vehicle_DescMISC_Prospector,b28a5c61-63a4-478b-8047-5fba545d5b8a,MISC,manufacturer_NameMISC,Spaceship,scripts/entities/vehicles/implementations/xml/misc_prospector.xml,,vehicle_focus_resources,0c06d7fa-963b-4fb3-b9a6-5e03a140bed3,vehicle_class_lightmining,4e2a4b20-967e-49a6-8a6c-6b065fdf2978,1,8198,1,1,0,8cbd78f7-ddb8-4906-8b83-a17493037671,0253558b-518a-42ae-9e75-68ba15f223da,libs/foundry/records/entities/spaceships/misc_prospector_pu_ai_nt.xml
MISC_Prospector_Unmanned_NineTails,vehicle_NameMISC_Prospector,vehicle_DescMISC_Prospector,b28a5c61-63a4-478b-8047-5fba545d5b8a,MISC,manufacturer_NameMISC,Spaceship,scripts/entities/vehicles/implementations/xml/misc_prospector.xml,,vehicle_focus_resources,0c06d7fa-963b-4fb3-b9a6-5e03a140bed3,vehicle_class_lightmining,4e2a4b20-967e-49a6-8a6c-6b065fdf2978,1,8198,1,1,0,8cbd78f7-ddb8-4906-8b83-a17493037671,e516141c-9b0a-44a6-81e1-9fbce42ef4bc,libs/foundry/records/entities/spaceships/misc_prospector_unmanned_ninetails.xml
MISC_Prospector_Unmanned_Salvage,vehicle_NameMISC_Prospector,vehicle_DescMISC_Prospector,b28a5c61-63a4-478b-8047-5fba545d5b8a,MISC,manufacturer_NameMISC,Spaceship,scripts/entities/vehicles/implementations/xml/misc_prospector.xml,,vehicle_focus_resources,0c06d7fa-963b-4fb3-b9a6-5e03a140bed3,vehicle_class_lightmining,4e2a4b20-967e-49a6-8a6c-6b065fdf2978,1,8198,1,1,0,8cbd78f7-ddb8-4906-8b83-a17493037671,52a93f3f-2dcc-40da-a48a-7b5a842eca6c,libs/foundry/records/entities/spaceships/misc_prospector_unmanned_salvage.xml
MISC_Prospector,vehicle_NameMISC_Prospector,vehicle_DescMISC_Prospector,b28a5c61-63a4-478b-8047-5fba545d5b8a,MISC,manufacturer_NameMISC,Spaceship,scripts/entities/vehicles/implementations/xml/misc_prospector.xml,,vehicle_focus_resources,0c06d7fa-963b-4fb3-b9a6-5e03a140bed3,vehicle_class_lightmining,4e2a4b20-967e-49a6-8a6c-6b065fdf2978,1,8198,1,1,0,8cbd78f7-ddb8-4906-8b83-a17493037671,f68ee841-88d1-46f3-a1e2-5dc71d9d5d97,libs/foundry/records/entities/spaceships/misc_prospector.xml
MISC_Razor_EX_PU_AI_CIV,vehicle_NameMISC_Razor_EX,vehicle_DescMISC_Razor_EX,cdf6ea1e-7de3-4b58-bf9d-13c5fbafc49a,MRAI,manufacturer_NameMRAI,Spaceship,scripts/entities/vehicles/implementations/xml/misc_razor.xml,EX,vehicle_focus_combat,2bf4345e-cf3c-4ecb-91ce-f9daa8ff47f8,vehicle_class_stealthfighter,3b6af9fe-ef2d-44b2-a0b5-79ecf996066e,1,800,1,1,0,59b6dc21-f904-4f73-b7be-6c9f7342d190,26548180-e67d-4545-aa2a-a2d63d1b5b18,libs/foundry/records/entities/spaceships/misc_razor_ex_pu_ai_civ.xml
MISC_Razor_EX_PU_AI_CRIM,vehicle_NameMISC_Razor_EX,vehicle_DescMISC_Razor_EX,cdf6ea1e-7de3-4b58-bf9d-13c5fbafc49a,MRAI,manufacturer_NameMRAI,Spaceship,scripts/entities/vehicles/implementations/xml/misc_razor.xml,EX,vehicle_focus_combat,2bf4345e-cf3c-4ecb-91ce-f9daa8ff47f8,vehicle_class_stealthfighter,3b6af9fe-ef2d-44b2-a0b5-79ecf996066e,1,800,1,1,0,59b6dc21-f904-4f73-b7be-6c9f7342d190,88a1c4c1-a9ea-4df9-9a00-04e4d73da225,libs/foundry/records/entities/spaceships/misc_razor_ex_pu_ai_crim.xml
MISC_Razor_EX,vehicle_NameMISC_Razor_EX,vehicle_DescMISC_Razor_EX,cdf6ea1e-7de3-4b58-bf9d-13c5fbafc49a,MRAI,manufacturer_NameMRAI,Spaceship,scripts/entities/vehicles/implementations/xml/misc_razor.xml,EX,vehicle_focus_combat,2bf4345e-cf3c-4ecb-91ce-f9daa8ff47f8,vehicle_class_stealthfighter,3b6af9fe-ef2d-44b2-a0b5-79ecf996066e,1,800,1,1,0,59b6dc21-f904-4f73-b7be-6c9f7342d190,b17ef3ab-9518-40fd-803f-c2468175ccf6,libs/foundry/records/entities/spaceships/misc_razor_ex.xml
MISC_Razor_LX_PU_AI_CIV,vehicle_NameMISC_Razor_LX,vehicle_DescMISC_Razor_LX,cdf6ea1e-7de3-4b58-bf9d-13c5fbafc49a,MRAI,manufacturer_NameMRAI,Spaceship,scripts/entities/vehicles/implementations/xml/misc_razor.xml,LX,vehicle_focus_competition,0f148cb8-74eb-45fa-bd77-82a756fa4b36,vehicle_class_racing,42c95b15-5e41-4c2d-a342-8df0aa82ae3b,1,800,1,1,0,84ab65b8-029c-432a-ad37-daa14136fede,025f88bc-eb6a-444d-8012-edde8ca125ec,libs/foundry/records/entities/spaceships/misc_razor_lx_pu_ai_civ.xml
MISC_Razor_LX_PU_AI_CRIM,vehicle_NameMISC_Razor_LX,vehicle_DescMISC_Razor_LX,cdf6ea1e-7de3-4b58-bf9d-13c5fbafc49a,MRAI,manufacturer_NameMRAI,Spaceship,scripts/entities/vehicles/implementations/xml/misc_razor.xml,LX,vehicle_focus_competition,0f148cb8-74eb-45fa-bd77-82a756fa4b36,vehicle_class_racing,42c95b15-5e41-4c2d-a342-8df0aa82ae3b,1,800,1,1,0,84ab65b8-029c-432a-ad37-daa14136fede,01a59881-6184-4ca5-ae29-2027cd04c25e,libs/foundry/records/entities/spaceships/misc_razor_lx_pu_ai_crim.xml
MISC_Razor_LX,vehicle_NameMISC_Razor_LX,vehicle_DescMISC_Razor_LX,cdf6ea1e-7de3-4b58-bf9d-13c5fbafc49a,MRAI,manufacturer_NameMRAI,Spaceship,scripts/entities/vehicles/implementations/xml/misc_razor.xml,LX,vehicle_focus_competition,0f148cb8-74eb-45fa-bd77-82a756fa4b36,vehicle_class_racing,42c95b15-5e41-4c2d-a342-8df0aa82ae3b,1,800,1,1,0,84ab65b8-029c-432a-ad37-daa14136fede,203cb135-4f12-4a23-bd53-30910134bac8,libs/foundry/records/entities/spaceships/misc_razor_lx.xml
MISC_Razor_PU_AI_CIV,vehicle_NameMISC_Razor,vehicle_DescMISC_Razor,cdf6ea1e-7de3-4b58-bf9d-13c5fbafc49a,MRAI,manufacturer_NameMRAI,Spaceship,scripts/entities/vehicles/implementations/xml/misc_razor.xml,,vehicle_focus_competition,0f148cb8-74eb-45fa-bd77-82a756fa4b36,vehicle_class_racing,42c95b15-5e41-4c2d-a342-8df0aa82ae3b,1,800,1,1,0,cc406b87-d7ff-44bd-96bb-70bcc9cf671c,e806ab04-b571-45ee-9d89-8857aa1ed07e,libs/foundry/records/entities/spaceships/misc_razor_pu_ai_civ.xml
MISC_Razor_PU_AI_CRIM,vehicle_NameMISC_Razor,vehicle_DescMISC_Razor,cdf6ea1e-7de3-4b58-bf9d-13c5fbafc49a,MRAI,manufacturer_NameMRAI,Spaceship,scripts/entities/vehicles/implementations/xml/misc_razor.xml,,vehicle_focus_competition,0f148cb8-74eb-45fa-bd77-82a756fa4b36,vehicle_class_racing,42c95b15-5e41-4c2d-a342-8df0aa82ae3b,1,800,1,1,0,cc406b87-d7ff-44bd-96bb-70bcc9cf671c,205d60ba-03cc-4b4e-a03d-e842579e4dbe,libs/foundry/records/entities/spaceships/misc_razor_pu_ai_crim.xml
MISC_Razor,vehicle_NameMISC_Razor,vehicle_DescMISC_Razor,cdf6ea1e-7de3-4b58-bf9d-13c5fbafc49a,MRAI,manufacturer_NameMRAI,Spaceship,scripts/entities/vehicles/implementations/xml/misc_razor.xml,,vehicle_focus_competition,0f148cb8-74eb-45fa-bd77-82a756fa4b36,vehicle_class_racing,42c95b15-5e41-4c2d-a342-8df0aa82ae3b,1,800,1,1,0,cc406b87-d7ff-44bd-96bb-70bcc9cf671c,cec2111b-4c71-4968-8035-634de6561cf3,libs/foundry/records/entities/spaceships/misc_razor.xml
MISC_Reliant_Mako_AI_Template,vehicle_NameMISC_Reliant_Mako,vehicle_DescMISC_Reliant_Mako,b28a5c61-63a4-478b-8047-5fba545d5b8a,MISC,manufacturer_NameMISC,Spaceship,scripts/entities/vehicles/implementations/xml/misc_reliant.xml,Mako,vehicle_focus_support,90be8892-b27f-49e6-a2e1-b13801bf4bd5,vehicle_class_reporting,bff8de18-2081-4090-b783-adf175aa8059,1,2500,1,1,0,404e04d2-6bab-47c6-8767-10b003d65a0a,5049033c-66b3-4bde-8f70-0b120915fd56,libs/foundry/records/entities/spaceships/misc_reliant_mako_ai_template.xml
MISC_Reliant_Mako_PU_AI_CIV,vehicle_NameMISC_Reliant_Mako,vehicle_DescMISC_Reliant_Mako,b28a5c61-63a4-478b-8047-5fba545d5b8a,MISC,manufacturer_NameMISC,Spaceship,scripts/entities/vehicles/implementations/xml/misc_reliant.xml,Mako,vehicle_focus_support,90be8892-b27f-49e6-a2e1-b13801bf4bd5,vehicle_class_reporting,bff8de18-2081-4090-b783-adf175aa8059,1,2500,1,1,0,404e04d2-6bab-47c6-8767-10b003d65a0a,73843f8e-a822-4585-91ea-3822e1aff670,libs/foundry/records/entities/spaceships/misc_reliant_mako_pu_ai_civ.xml
MISC_Reliant_Mako_PU_AI_CRIM,vehicle_NameMISC_Reliant_Mako,vehicle_DescMISC_Reliant_Mako,b28a5c61-63a4-478b-8047-5fba545d5b8a,MISC,manufacturer_NameMISC,Spaceship,scripts/entities/vehicles/implementations/xml/misc_reliant.xml,Mako,vehicle_focus_support,90be8892-b27f-49e6-a2e1-b13801bf4bd5,vehicle_class_reporting,bff8de18-2081-4090-b783-adf175aa8059,1,2500,1,1,0,404e04d2-6bab-47c6-8767-10b003d65a0a,ddb7df24-12e5-4f71-b7e5-9ed8f6df855d,libs/foundry/records/entities/spaceships/misc_reliant_mako_pu_ai_crim.xml
MISC_Reliant_Mako,vehicle_NameMISC_Reliant_Mako,vehicle_DescMISC_Reliant_Mako,b28a5c61-63a4-478b-8047-5fba545d5b8a,MISC,manufacturer_NameMISC,Spaceship,scripts/entities/vehicles/implementations/xml/misc_reliant.xml,Mako,vehicle_focus_support,90be8892-b27f-49e6-a2e1-b13801bf4bd5,vehicle_class_reporting,bff8de18-2081-4090-b783-adf175aa8059,1,2500,1,1,0,404e04d2-6bab-47c6-8767-10b003d65a0a,c6cfa4d9-e794-4bb6-8da9-54cb779ea109,libs/foundry/records/entities/spaceships/misc_reliant_mako.xml
MISC_Reliant_PU_AI_CIV,vehicle_NameMISC_Reliant,vehicle_DescMISC_Reliant,b28a5c61-63a4-478b-8047-5fba545d5b8a,MISC,manufacturer_NameMISC,Spaceship,scripts/entities/vehicles/implementations/xml/misc_reliant.xml,,vehicle_focus_transporter,d86d770d-1fc4-4525-b3b0-4f670a8a5634,vehicle_class_starterlightfreight,19438029-744c-4872-bbcf-4b9c2d4ab40a,1,2500,1,1,0,862f4211-e910-437c-995b-8bb1baaf1c15,60d99f5b-65f6-4065-8ffd-b587a877c183,libs/foundry/records/entities/spaceships/misc_reliant_pu_ai_civ.xml
MISC_Reliant_PU_AI_CRIM,vehicle_NameMISC_Reliant,vehicle_DescMISC_Reliant,b28a5c61-63a4-478b-8047-5fba545d5b8a,MISC,manufacturer_NameMISC,Spaceship,scripts/entities/vehicles/implementations/xml/misc_reliant.xml,,vehicle_focus_transporter,d86d770d-1fc4-4525-b3b0-4f670a8a5634,vehicle_class_starterlightfreight,19438029-744c-4872-bbcf-4b9c2d4ab40a,1,2500,1,1,0,862f4211-e910-437c-995b-8bb1baaf1c15,6d63e9d3-dfba-4c54-8bef-dc706a3971d3,libs/foundry/records/entities/spaceships/misc_reliant_pu_ai_crim.xml
MISC_Reliant_Sen_AI_Template,vehicle_NameMISC_Reliant_Sen,vehicle_DescMISC_Reliant_Sen,b28a5c61-63a4-478b-8047-5fba545d5b8a,MISC,manufacturer_NameMISC,Spaceship,scripts/entities/vehicles/implementations/xml/misc_reliant.xml,Sen,vehicle_focus_resources,0c06d7fa-963b-4fb3-b9a6-5e03a140bed3,vehicle_class_lightscience,19438029-744c-4872-bbcf-4b9c2d4ab40a,1,2500,1,1,0,718bdc00-e953-4af3-815f-3aebfd212b41,d4d164ac-bc0e-4e77-b3e9-4fa9e78ebd35,libs/foundry/records/entities/spaceships/misc_reliant_sen_ai_template.xml
MISC_Reliant_Sen_PU_AI_CIV,vehicle_NameMISC_Reliant_Sen,vehicle_DescMISC_Reliant_Sen,b28a5c61-63a4-478b-8047-5fba545d5b8a,MISC,manufacturer_NameMISC,Spaceship,scripts/entities/vehicles/implementations/xml/misc_reliant.xml,Sen,vehicle_focus_resources,0c06d7fa-963b-4fb3-b9a6-5e03a140bed3,vehicle_class_lightscience,19438029-744c-4872-bbcf-4b9c2d4ab40a,1,2500,1,1,0,718bdc00-e953-4af3-815f-3aebfd212b41,d29da01f-893e-4912-a957-ca1fb3ccde22,libs/foundry/records/entities/spaceships/misc_reliant_sen_pu_ai_civ.xml
MISC_Reliant_Sen_PU_AI_CRIM,vehicle_NameMISC_Reliant_Sen,vehicle_DescMISC_Reliant_Sen,b28a5c61-63a4-478b-8047-5fba545d5b8a,MISC,manufacturer_NameMISC,Spaceship,scripts/entities/vehicles/implementations/xml/misc_reliant.xml,Sen,vehicle_focus_resources,0c06d7fa-963b-4fb3-b9a6-5e03a140bed3,vehicle_class_lightscience,19438029-744c-4872-bbcf-4b9c2d4ab40a,1,2500,1,1,0,718bdc00-e953-4af3-815f-3aebfd212b41,b6d2b7f4-0c8d-4734-af9f-5d0cb0eb1830,libs/foundry/records/entities/spaceships/misc_reliant_sen_pu_ai_crim.xml
MISC_Reliant_Sen,vehicle_NameMISC_Reliant_Sen,vehicle_DescMISC_Reliant_Sen,b28a5c61-63a4-478b-8047-5fba545d5b8a,MISC,manufacturer_NameMISC,Spaceship,scripts/entities/vehicles/implementations/xml/misc_reliant.xml,Sen,vehicle_focus_resources,0c06d7fa-963b-4fb3-b9a6-5e03a140bed3,vehicle_class_lightscience,19438029-744c-4872-bbcf-4b9c2d4ab40a,1,2500,1,1,0,718bdc00-e953-4af3-815f-3aebfd212b41,e32d125f-a3f8-4bc7-b0e6-cb7edf22b7ac,libs/foundry/records/entities/spaceships/misc_reliant_sen.xml
MISC_Reliant_Tana_AI_Template,vehicle_NameMISC_Reliant_Tana,vehicle_DescMISC_Reliant_Tana,b28a5c61-63a4-478b-8047-5fba545d5b8a,MISC,manufacturer_NameMISC,Spaceship,scripts/entities/vehicles/implementations/xml/misc_reliant.xml,Tana,vehicle_focus_combat,2bf4345e-cf3c-4ecb-91ce-f9daa8ff47f8,vehicle_class_lightfighter,bf73e515-0e01-409e-84fb-acbef27e1686,1,2500,1,1,0,9bac0387-efe2-421e-a092-99ff3fa55cb0,0ec640f4-79d2-4faa-a082-a1bf83a82d2f,libs/foundry/records/entities/spaceships/misc_reliant_tana_ai_template.xml
MISC_Reliant_Tana_PU_AI_CIV,vehicle_NameMISC_Reliant_Tana,vehicle_DescMISC_Reliant_Tana,b28a5c61-63a4-478b-8047-5fba545d5b8a,MISC,manufacturer_NameMISC,Spaceship,scripts/entities/vehicles/implementations/xml/misc_reliant.xml,Tana,vehicle_focus_combat,2bf4345e-cf3c-4ecb-91ce-f9daa8ff47f8,vehicle_class_lightfighter,bf73e515-0e01-409e-84fb-acbef27e1686,1,2500,1,1,0,9bac0387-efe2-421e-a092-99ff3fa55cb0,8e5bca53-f760-4513-b148-cd85eeed210e,libs/foundry/records/entities/spaceships/misc_reliant_tana_pu_ai_civ.xml
MISC_Reliant_Tana_PU_AI_CRIM,vehicle_NameMISC_Reliant_Tana,vehicle_DescMISC_Reliant_Tana,b28a5c61-63a4-478b-8047-5fba545d5b8a,MISC,manufacturer_NameMISC,Spaceship,scripts/entities/vehicles/implementations/xml/misc_reliant.xml,Tana,vehicle_focus_combat,2bf4345e-cf3c-4ecb-91ce-f9daa8ff47f8,vehicle_class_lightfighter,bf73e515-0e01-409e-84fb-acbef27e1686,1,2500,1,1,0,9bac0387-efe2-421e-a092-99ff3fa55cb0,7c2551b3-2ef6-49b4-9f92-6ed5c6ff9c6e,libs/foundry/records/entities/spaceships/misc_reliant_tana_pu_ai_crim.xml
MISC_Reliant_Tana,vehicle_NameMISC_Reliant_Tana,vehicle_DescMISC_Reliant_Tana,b28a5c61-63a4-478b-8047-5fba545d5b8a,MISC,manufacturer_NameMISC,Spaceship,scripts/entities/vehicles/implementations/xml/misc_reliant.xml,Tana,vehicle_focus_combat,2bf4345e-cf3c-4ecb-91ce-f9daa8ff47f8,vehicle_class_lightfighter,bf73e515-0e01-409e-84fb-acbef27e1686,1,2500,1,1,0,9bac0387-efe2-421e-a092-99ff3fa55cb0,c2956880-b82a-42d0-962b-eb736dac1536,libs/foundry/records/entities/spaceships/misc_reliant_tana.xml
MISC_Reliant_Unmanned_Salvage,vehicle_NameMISC_Reliant,vehicle_DescMISC_Reliant,b28a5c61-63a4-478b-8047-5fba545d5b8a,MISC,manufacturer_NameMISC,Spaceship,scripts/entities/vehicles/implementations/xml/misc_reliant.xml,,vehicle_focus_transporter,d86d770d-1fc4-4525-b3b0-4f670a8a5634,vehicle_class_starterlightfreight,19438029-744c-4872-bbcf-4b9c2d4ab40a,1,2500,1,1,0,862f4211-e910-437c-995b-8bb1baaf1c15,ee243643-4d75-4f56-83a1-ba5155112595,libs/foundry/records/entities/spaceships/misc_reliant_unmanned_salvage.xml
MISC_Reliant,vehicle_NameMISC_Reliant,vehicle_DescMISC_Reliant,b28a5c61-63a4-478b-8047-5fba545d5b8a,MISC,manufacturer_NameMISC,Spaceship,scripts/entities/vehicles/implementations/xml/misc_reliant.xml,,vehicle_focus_transporter,d86d770d-1fc4-4525-b3b0-4f670a8a5634,vehicle_class_starterlightfreight,19438029-744c-4872-bbcf-4b9c2d4ab40a,1,2500,1,1,0,862f4211-e910-437c-995b-8bb1baaf1c15,3c9af040-d919-4afc-b768-45821a5b913c,libs/foundry/records/entities/spaceships/misc_reliant.xml
MISC_Starfarer_AI_CIV_ShipBoarded_NoCargoGridMarkup,vehicle_NameMISC_Starfarer,vehicle_DescMISC_Starfarer,b28a5c61-63a4-478b-8047-5fba545d5b8a,MISC,manufacturer_NameMISC,Spaceship,scripts/entities/vehicles/implementations/xml/misc_starfarer.xml,,vehicle_focus_support,90be8892-b27f-49e6-a2e1-b13801bf4bd5,vehicle_class_heavyrefuelling,4f3e03dc-c909-44ec-b7d6-d73b53f44feb,1,31500,1,1,0,c60deca0-2701-412c-b8fe-a153522d60cd,f548f89c-52e4-4f65-961f-f2813170e047,libs/foundry/records/entities/spaceships/misc_starfarer_ai_civ_shipboarded_nocargogridmarkup.xml
MISC_Starfarer_AI_CIV_ShipBoarded,vehicle_NameMISC_Starfarer,vehicle_DescMISC_Starfarer,b28a5c61-63a4-478b-8047-5fba545d5b8a,MISC,manufacturer_NameMISC,Spaceship,scripts/entities/vehicles/implementations/xml/misc_starfarer.xml,,vehicle_focus_support,90be8892-b27f-49e6-a2e1-b13801bf4bd5,vehicle_class_heavyrefuelling,4f3e03dc-c909-44ec-b7d6-d73b53f44feb,1,31500,1,1,0,c60deca0-2701-412c-b8fe-a153522d60cd,e82d2d52-4e9d-479c-82d3-3fc8af654637,libs/foundry/records/entities/spaceships/misc_starfarer_ai_civ_shipboarded.xml
MISC_Starfarer_AI_Template_ShipBoarded,vehicle_NameMISC_Starfarer,vehicle_DescMISC_Starfarer,b28a5c61-63a4-478b-8047-5fba545d5b8a,MISC,manufacturer_NameMISC,Spaceship,scripts/entities/vehicles/implementations/xml/misc_starfarer.xml,,vehicle_focus_support,90be8892-b27f-49e6-a2e1-b13801bf4bd5,vehicle_class_heavyrefuelling,4f3e03dc-c909-44ec-b7d6-d73b53f44feb,1,31500,1,1,0,c60deca0-2701-412c-b8fe-a153522d60cd,8cc63586-511a-48c0-85f2-6985279bdc65,libs/foundry/records/entities/spaceships/misc_starfarer_ai_template_shipboarded.xml
MISC_Starfarer_Gemini_Derelict_Body_A,hud_wreckage,procedural_text_null,b28a5c61-63a4-478b-8047-5fba545d5b8a,MISC,manufacturer_NameMISC,Spaceship,scripts/entities/vehicles/implementations/xml/misc_starfarer.xml,Gemini_Derelict_Body,procedural_text_null,90be8892-b27f-49e6-a2e1-b13801bf4bd5,procedural_text_null,4f3e03dc-c909-44ec-b7d6-d73b53f44feb,2,33059.25,0,1,0,b791799d-24ed-4df6-bd46-ad45509a3f1e,1557e7a4-8b24-4721-9093-97ab95ec0106,libs/foundry/records/entities/spaceships/misc_starfarer_gemini_derelict_body_a.xml
MISC_Starfarer_Gemini_Derelict_Body_B,hud_wreckage,procedural_text_null,b28a5c61-63a4-478b-8047-5fba545d5b8a,MISC,manufacturer_NameMISC,Spaceship,scripts/entities/vehicles/implementations/xml/misc_starfarer.xml,Gemini_Derelict_Body,procedural_text_null,90be8892-b27f-49e6-a2e1-b13801bf4bd5,procedural_text_null,4f3e03dc-c909-44ec-b7d6-d73b53f44feb,2,33059.25,0,1,0,b791799d-24ed-4df6-bd46-ad45509a3f1e,f50c17d2-1c7c-408d-9fc4-0d83cad061da,libs/foundry/records/entities/spaceships/misc_starfarer_gemini_derelict_body_b.xml
MISC_Starfarer_Gemini_Derelict_Body_C_Lootable,hud_wreckage,procedural_text_null,b28a5c61-63a4-478b-8047-5fba545d5b8a,MISC,manufacturer_NameMISC,Spaceship,scripts/entities/vehicles/implementations/xml/misc_starfarer.xml,Gemini_Derelict_Body,procedural_text_null,90be8892-b27f-49e6-a2e1-b13801bf4bd5,procedural_text_null,4f3e03dc-c909-44ec-b7d6-d73b53f44feb,2,33059.25,0,1,0,b791799d-24ed-4df6-bd46-ad45509a3f1e,47ca7541-8294-4ba6-871a-b4cb59501e3f,libs/foundry/records/entities/spaceships/misc_starfarer_gemini_derelict_body_c_lootable.xml
MISC_Starfarer_Gemini_Derelict_Body_C,hud_wreckage,procedural_text_null,b28a5c61-63a4-478b-8047-5fba545d5b8a,MISC,manufacturer_NameMISC,Spaceship,scripts/entities/vehicles/implementations/xml/misc_starfarer.xml,Gemini_Derelict_Body,procedural_text_null,90be8892-b27f-49e6-a2e1-b13801bf4bd5,procedural_text_null,4f3e03dc-c909-44ec-b7d6-d73b53f44feb,2,33059.25,0,1,0,b791799d-24ed-4df6-bd46-ad45509a3f1e,6df3a3dc-25e0-413c-ae39-f45ed140b239,libs/foundry/records/entities/spaceships/misc_starfarer_gemini_derelict_body_c.xml
MISC_Starfarer_Gemini_Derelict_Body_D,hud_wreckage,procedural_text_null,b28a5c61-63a4-478b-8047-5fba545d5b8a,MISC,manufacturer_NameMISC,Spaceship,scripts/entities/vehicles/implementations/xml/misc_starfarer.xml,Gemini_Derelict_Body,procedural_text_null,90be8892-b27f-49e6-a2e1-b13801bf4bd5,procedural_text_null,4f3e03dc-c909-44ec-b7d6-d73b53f44feb,2,33059.25,0,1,0,b791799d-24ed-4df6-bd46-ad45509a3f1e,32dae4cc-58e0-4ffa-9577-a202ec700d43,libs/foundry/records/entities/spaceships/misc_starfarer_gemini_derelict_body_d.xml
MISC_Starfarer_Gemini_Derelict_Body_E,hud_wreckage,procedural_text_null,b28a5c61-63a4-478b-8047-5fba545d5b8a,MISC,manufacturer_NameMISC,Spaceship,scripts/entities/vehicles/implementations/xml/misc_starfarer.xml,Gemini_Derelict_Body,procedural_text_null,90be8892-b27f-49e6-a2e1-b13801bf4bd5,procedural_text_null,4f3e03dc-c909-44ec-b7d6-d73b53f44feb,2,33059.25,0,1,0,b791799d-24ed-4df6-bd46-ad45509a3f1e,8c55a8bf-1fd2-4b7c-852a-560c370fb9b2,libs/foundry/records/entities/spaceships/misc_starfarer_gemini_derelict_body_e.xml
MISC_Starfarer_Gemini_Derelict_Nose,hud_wreckage,procedural_text_null,b28a5c61-63a4-478b-8047-5fba545d5b8a,MISC,manufacturer_NameMISC,Spaceship,scripts/entities/vehicles/implementations/xml/misc_starfarer.xml,Gemini_Derelict_Nose,procedural_text_null,90be8892-b27f-49e6-a2e1-b13801bf4bd5,procedural_text_null,4f3e03dc-c909-44ec-b7d6-d73b53f44feb,2,33059.25,0,1,0,b791799d-24ed-4df6-bd46-ad45509a3f1e,5f1568bc-1c26-4293-a5b9-a82a4037eb28,libs/foundry/records/entities/spaceships/misc_starfarer_gemini_derelict_nose.xml
MISC_Starfarer_Gemini_Derelict_Tail_Left,hud_wreckage,procedural_text_null,b28a5c61-63a4-478b-8047-5fba545d5b8a,MISC,manufacturer_NameMISC,Spaceship,scripts/entities/vehicles/implementations/xml/misc_starfarer.xml,Gemini_Derelict_Tail_L,procedural_text_null,90be8892-b27f-49e6-a2e1-b13801bf4bd5,procedural_text_null,4f3e03dc-c909-44ec-b7d6-d73b53f44feb,2,33059.25,0,1,0,b791799d-24ed-4df6-bd46-ad45509a3f1e,f214d321-494d-492d-ab06-612e456722ca,libs/foundry/records/entities/spaceships/misc_starfarer_gemini_derelict_tail_left.xml
MISC_Starfarer_Gemini_Derelict_Tail_Right,hud_wreckage,procedural_text_null,b28a5c61-63a4-478b-8047-5fba545d5b8a,MISC,manufacturer_NameMISC,Spaceship,scripts/entities/vehicles/implementations/xml/misc_starfarer.xml,Gemini_Derelict_Tail_R,procedural_text_null,90be8892-b27f-49e6-a2e1-b13801bf4bd5,procedural_text_null,4f3e03dc-c909-44ec-b7d6-d73b53f44feb,2,33059.25,0,1,0,b791799d-24ed-4df6-bd46-ad45509a3f1e,e859ee89-1eda-480b-b182-ca8d5a940998,libs/foundry/records/entities/spaceships/misc_starfarer_gemini_derelict_tail_right.xml
MISC_Starfarer_Gemini_PU_AI_CRIM,vehicle_NameMISC_Starfarer_Gemini,vehicle_DescMISC_Starfarer_Gemini,b28a5c61-63a4-478b-8047-5fba545d5b8a,MISC,manufacturer_NameMISC,Spaceship,scripts/entities/vehicles/implementations/xml/misc_starfarer.xml,Gemini,vehicle_focus_support,90be8892-b27f-49e6-a2e1-b13801bf4bd5,vehicle_class_heavyrefuelling,4f3e03dc-c909-44ec-b7d6-d73b53f44feb,2,33059.25,1,1,0,b791799d-24ed-4df6-bd46-ad45509a3f1e,f31ce7b8-c53e-4e5e-b380-f7196d711d59,libs/foundry/records/entities/spaceships/misc_starfarer_gemini_pu_ai_crim.xml
MISC_Starfarer_Gemini_PU_AI_UEE,vehicle_NameMISC_Starfarer_Gemini,vehicle_DescMISC_Starfarer_Gemini,b28a5c61-63a4-478b-8047-5fba545d5b8a,MISC,manufacturer_NameMISC,Spaceship,scripts/entities/vehicles/implementations/xml/misc_starfarer.xml,Gemini,vehicle_focus_support,90be8892-b27f-49e6-a2e1-b13801bf4bd5,vehicle_class_heavyrefuelling,4f3e03dc-c909-44ec-b7d6-d73b53f44feb,2,33059.25,0,1,0,b791799d-24ed-4df6-bd46-ad45509a3f1e,a34c4b52-7227-4475-b19d-cdc2a68ed50a,libs/foundry/records/entities/spaceships/misc_starfarer_gemini_pu_ai_uee.xml
MISC_Starfarer_Gemini,vehicle_NameMISC_Starfarer_Gemini,vehicle_DescMISC_Starfarer_Gemini,b28a5c61-63a4-478b-8047-5fba545d5b8a,MISC,manufacturer_NameMISC,Spaceship,scripts/entities/vehicles/implementations/xml/misc_starfarer.xml,Gemini,vehicle_focus_support,90be8892-b27f-49e6-a2e1-b13801bf4bd5,vehicle_class_heavyrefuelling,4f3e03dc-c909-44ec-b7d6-d73b53f44feb,2,33059.25,1,1,0,b791799d-24ed-4df6-bd46-ad45509a3f1e,c989caf2-84a5-4c01-b99e-5fc9f8d0ce8e,libs/foundry/records/entities/spaceships/misc_starfarer_gemini.xml
MISC_Starfarer_NoInterior,vehicle_NameMISC_Starfarer,vehicle_DescMISC_Starfarer,b28a5c61-63a4-478b-8047-5fba545d5b8a,MISC,manufacturer_NameMISC,Spaceship,scripts/entities/vehicles/implementations/xml/misc_starfarer.xml,NoInterior,vehicle_focus_support,90be8892-b27f-49e6-a2e1-b13801bf4bd5,vehicle_class_heavyrefuelling,4f3e03dc-c909-44ec-b7d6-d73b53f44feb,1,31500,1,1,0,c60deca0-2701-412c-b8fe-a153522d60cd,3d14d820-29ed-48ab-acec-f432050e42ae,libs/foundry/records/entities/spaceships/misc_starfarer_nointerior.xml
MISC_Starfarer_PU_AI_CIV_DEF,vehicle_NameMISC_Starfarer,vehicle_DescMISC_Starfarer,b28a5c61-63a4-478b-8047-5fba545d5b8a,MISC,manufacturer_NameMISC,Spaceship,scripts/entities/vehicles/implementations/xml/misc_starfarer.xml,,vehicle_focus_support,90be8892-b27f-49e6-a2e1-b13801bf4bd5,vehicle_class_heavyrefuelling,4f3e03dc-c909-44ec-b7d6-d73b53f44feb,1,31500,1,1,0,c60deca0-2701-412c-b8fe-a153522d60cd,2ee14f36-55f3-451f-8f2f-2afec970cd28,libs/foundry/records/entities/spaceships/misc_starfarer_pu_ai_civ_def.xml
MISC_Starfarer_PU_AI_CIV_FullFuel_Fast,vehicle_NameMISC_Starfarer,vehicle_DescMISC_Starfarer,b28a5c61-63a4-478b-8047-5fba545d5b8a,MISC,manufacturer_NameMISC,Spaceship,scripts/entities/vehicles/implementations/xml/misc_starfarer.xml,,vehicle_focus_support,90be8892-b27f-49e6-a2e1-b13801bf4bd5,vehicle_class_heavyrefuelling,4f3e03dc-c909-44ec-b7d6-d73b53f44feb,1,31500,1,1,0,c60deca0-2701-412c-b8fe-a153522d60cd,2a0bc792-4313-4e6e-a83e-86c34d090f4d,libs/foundry/records/entities/spaceships/misc_starfarer_pu_ai_civ_fullfuel_fast.xml
MISC_Starfarer_PU_AI_CIV_FullFuel,vehicle_NameMISC_Starfarer,vehicle_DescMISC_Starfarer,b28a5c61-63a4-478b-8047-5fba545d5b8a,MISC,manufacturer_NameMISC,Spaceship,scripts/entities/vehicles/implementations/xml/misc_starfarer.xml,,vehicle_focus_support,90be8892-b27f-49e6-a2e1-b13801bf4bd5,vehicle_class_heavyrefuelling,4f3e03dc-c909-44ec-b7d6-d73b53f44feb,1,31500,1,1,0,c60deca0-2701-412c-b8fe-a153522d60cd,d33b76ac-354b-45b4-a819-c2c6c58c3c3e,libs/foundry/records/entities/spaceships/misc_starfarer_pu_ai_civ_fullfuel.xml
MISC_Starfarer_PU_AI_CIV,vehicle_NameMISC_Starfarer,vehicle_DescMISC_Starfarer,b28a5c61-63a4-478b-8047-5fba545d5b8a,MISC,manufacturer_NameMISC,Spaceship,scripts/entities/vehicles/implementations/xml/misc_starfarer.xml,,vehicle_focus_support,90be8892-b27f-49e6-a2e1-b13801bf4bd5,vehicle_class_heavyrefuelling,4f3e03dc-c909-44ec-b7d6-d73b53f44feb,1,31500,1,1,0,c60deca0-2701-412c-b8fe-a153522d60cd,0d5a3193-190f-420a-a0db-eeae67e135b8,libs/foundry/records/entities/spaceships/misc_starfarer_pu_ai_civ.xml
MISC_Starfarer_PU_AI_CRIM,vehicle_NameMISC_Starfarer,vehicle_DescMISC_Starfarer,b28a5c61-63a4-478b-8047-5fba545d5b8a,MISC,manufacturer_NameMISC,Spaceship,scripts/entities/vehicles/implementations/xml/misc_starfarer.xml,,vehicle_focus_support,90be8892-b27f-49e6-a2e1-b13801bf4bd5,vehicle_class_heavyrefuelling,4f3e03dc-c909-44ec-b7d6-d73b53f44feb,1,31500,1,1,0,c60deca0-2701-412c-b8fe-a153522d60cd,7aa4a12c-9ec8-4987-ac5e-ff7d399534cd,libs/foundry/records/entities/spaceships/misc_starfarer_pu_ai_crim.xml
MISC_Starfarer_PU_AI_NT,vehicle_NameMISC_Starfarer,vehicle_DescMISC_Starfarer,b28a5c61-63a4-478b-8047-5fba545d5b8a,MISC,manufacturer_NameMISC,Spaceship,scripts/entities/vehicles/implementations/xml/misc_starfarer.xml,,vehicle_focus_support,90be8892-b27f-49e6-a2e1-b13801bf4bd5,vehicle_class_heavyrefuelling,4f3e03dc-c909-44ec-b7d6-d73b53f44feb,1,31500,1,1,0,c60deca0-2701-412c-b8fe-a153522d60cd,c16fb411-88e9-42ba-825a-6c68f802ccbc,libs/foundry/records/entities/spaceships/misc_starfarer_pu_ai_nt.xml
MISC_Starfarer_Teach,vehicle_NameMISC_Starfarer_Teach,vehicle_DescMISC_Starfarer_Teach,b28a5c61-63a4-478b-8047-5fba545d5b8a,MISC,manufacturer_NameMISC,Spaceship,scripts/entities/vehicles/implementations/xml/misc_starfarer.xml,,vehicle_focus_support,90be8892-b27f-49e6-a2e1-b13801bf4bd5,vehicle_class_heavyrefuelling,4f3e03dc-c909-44ec-b7d6-d73b53f44feb,1,31500,1,1,0,c60deca0-2701-412c-b8fe-a153522d60cd,7e6a96db-1720-4677-a29c-10cbb9a3a384,libs/foundry/records/entities/spaceships/misc_starfarer_teach.xml
MISC_Starfarer_Unmanned_NineTails,vehicle_NameMISC_Starfarer,vehicle_DescMISC_Starfarer,b28a5c61-63a4-478b-8047-5fba545d5b8a,MISC,manufacturer_NameMISC,Spaceship,scripts/entities/vehicles/implementations/xml/misc_starfarer.xml,,vehicle_focus_support,90be8892-b27f-49e6-a2e1-b13801bf4bd5,vehicle_class_heavyrefuelling,4f3e03dc-c909-44ec-b7d6-d73b53f44feb,1,31500,1,1,0,c60deca0-2701-412c-b8fe-a153522d60cd,63056478-12d3-4076-831b-02d3489955bf,libs/foundry/records/entities/spaceships/misc_starfarer_unmanned_ninetails.xml
MISC_Starfarer_Unmanned_Salvage,vehicle_NameMISC_Starfarer,vehicle_DescMISC_Starfarer,b28a5c61-63a4-478b-8047-5fba545d5b8a,MISC,manufacturer_NameMISC,Spaceship,scripts/entities/vehicles/implementations/xml/misc_starfarer.xml,,vehicle_focus_support,90be8892-b27f-49e6-a2e1-b13801bf4bd5,vehicle_class_heavyrefuelling,4f3e03dc-c909-44ec-b7d6-d73b53f44feb,1,31500,1,1,0,c60deca0-2701-412c-b8fe-a153522d60cd,5272dac6-e2fe-4249-90f7-0a58fb4327e7,libs/foundry/records/entities/spaceships/misc_starfarer_unmanned_salvage.xml
MISC_Starfarer_Wreck_NoDebris_A,vehicle_NameMISC_Starfarer,vehicle_DescMISC_Starfarer,b28a5c61-63a4-478b-8047-5fba545d5b8a,MISC,manufacturer_NameMISC,Spaceship,scripts/entities/vehicles/implementations/xml/misc_starfarer.xml,NoDebris_A,vehicle_focus_support,90be8892-b27f-49e6-a2e1-b13801bf4bd5,vehicle_class_heavyrefuelling,4f3e03dc-c909-44ec-b7d6-d73b53f44feb,1,31500,1,1,0,c60deca0-2701-412c-b8fe-a153522d60cd,f7dc7eb5-7bf2-42db-89d4-accc1e0fbed1,libs/foundry/records/entities/spaceships/misc_starfarer_wreck_nodebris_a.xml
MISC_Starfarer_Wreck_NoDebris_B,vehicle_NameMISC_Starfarer,vehicle_DescMISC_Starfarer,b28a5c61-63a4-478b-8047-5fba545d5b8a,MISC,manufacturer_NameMISC,Spaceship,scripts/entities/vehicles/implementations/xml/misc_starfarer.xml,NoDebris_B,vehicle_focus_support,90be8892-b27f-49e6-a2e1-b13801bf4bd5,vehicle_class_heavyrefuelling,4f3e03dc-c909-44ec-b7d6-d73b53f44feb,1,31500,1,1,0,c60deca0-2701-412c-b8fe-a153522d60cd,90e18f11-967b-4a21-a39f-b9cdb0df2fdc,libs/foundry/records/entities/spaceships/misc_starfarer_wreck_nodebris_b.xml
MISC_Starfarer_Wreck,vehicle_NameMISC_Starfarer,vehicle_DescMISC_Starfarer,b28a5c61-63a4-478b-8047-5fba545d5b8a,MISC,manufacturer_NameMISC,Spaceship,scripts/entities/vehicles/implementations/xml/misc_starfarer.xml,Dead,vehicle_focus_support,90be8892-b27f-49e6-a2e1-b13801bf4bd5,vehicle_class_heavyrefuelling,4f3e03dc-c909-44ec-b7d6-d73b53f44feb,1,31500,1,1,0,c60deca0-2701-412c-b8fe-a153522d60cd,1c35f9e0-fd5a-4255-be5e-c99f8f7d233b,libs/foundry/records/entities/spaceships/misc_starfarer_wreck.xml
MISC_Starfarer,vehicle_NameMISC_Starfarer,vehicle_DescMISC_Starfarer,b28a5c61-63a4-478b-8047-5fba545d5b8a,MISC,manufacturer_NameMISC,Spaceship,scripts/entities/vehicles/implementations/xml/misc_starfarer.xml,,vehicle_focus_support,90be8892-b27f-49e6-a2e1-b13801bf4bd5,vehicle_class_heavyrefuelling,4f3e03dc-c909-44ec-b7d6-d73b53f44feb,1,31500,1,1,0,c60deca0-2701-412c-b8fe-a153522d60cd,13a02a6d-7d67-4d22-8530-d4d2c8443f66,libs/foundry/records/entities/spaceships/misc_starfarer.xml
MISC_Starlancer_Max_Collector_Indust,vehicle_NameMISC_Starlancer_MAX_Collector_Indust,vehicle_DescMISC_Starlancer_MAX_Collector_Indust,b28a5c61-63a4-478b-8047-5fba545d5b8a,MISC,manufacturer_NameMISC,Spaceship,Scripts/Entities/Vehicles/Implementations/Xml/misc_starlancer.xml,,vehicle_focus_transporter,d86d770d-1fc4-4525-b3b0-4f670a8a5634,vehicle_class_mediumfreight,4c0633a2-887f-4231-a40a-d366224f01d5,1,2500,1,1,0,4b2dbad4-ca1c-4016-9d1c-7850f565a160,e20211a3-e615-4103-a099-c00fb4fd1552,libs/foundry/records/entities/spaceships/misc_starlancer_max_collector_indust.xml
MISC_Starlancer_Max,vehicle_nameMISC_Starlancer_MAX,vehicle_descMISC_Starlancer_MAX,b28a5c61-63a4-478b-8047-5fba545d5b8a,MISC,manufacturer_NameMISC,Spaceship,Scripts/Entities/Vehicles/Implementations/Xml/misc_starlancer.xml,,vehicle_focus_transporter,d86d770d-1fc4-4525-b3b0-4f670a8a5634,vehicle_class_mediumfreight,4c0633a2-887f-4231-a40a-d366224f01d5,1,2500,1,1,0,4b2dbad4-ca1c-4016-9d1c-7850f565a160,ff873dda-2b79-4fa3-b3ce-535b8adff5e2,libs/foundry/records/entities/spaceships/misc_starlancer_max.xml
MISC_Starlancer_TAC_Collector_Military,vehicle_NameMISC_Starlancer_TAC_Collector_Military,vehicle_DescMISC_Starlancer_TAC_Collector_Military,b28a5c61-63a4-478b-8047-5fba545d5b8a,MISC,manufacturer_NameMISC,Spaceship,Scripts/Entities/Vehicles/Implementations/Xml/misc_starlancer_tac.xml,,vehicle_focus_combat,2bf4345e-cf3c-4ecb-91ce-f9daa8ff47f8,vehicle_class_gunship,45eebee5-956e-45ba-bd75-4866bf47dff3,1,2500,1,1,0,4b2dbad4-ca1c-4016-9d1c-7850f565a160,4369e7f9-f2e5-4b62-969f-8b35e623ff29,libs/foundry/records/entities/spaceships/misc_starlancer_tac_collector_military.xml
MISC_Starlancer_TAC,vehicle_nameMISC_Starlancer_TAC,vehicle_descMISC_Starlancer_TAC,b28a5c61-63a4-478b-8047-5fba545d5b8a,MISC,manufacturer_NameMISC,Spaceship,Scripts/Entities/Vehicles/Implementations/Xml/misc_starlancer_tac.xml,,vehicle_focus_combat,2bf4345e-cf3c-4ecb-91ce-f9daa8ff47f8,vehicle_class_gunship,45eebee5-956e-45ba-bd75-4866bf47dff3,1,2500,1,1,0,4b2dbad4-ca1c-4016-9d1c-7850f565a160,14b8caeb-d5e1-4816-9537-86ef19afada8,libs/foundry/records/entities/spaceships/misc_starlancer_tac.xml
MISC_Starlite_Template,LOC_UNINITIALIZED,LOC_UNINITIALIZED,b28a5c61-63a4-478b-8047-5fba545d5b8a,MISC,manufacturer_NameMISC,Spaceship,,,item_ShipFocus_Starter,90be8892-b27f-49e6-a2e1-b13801bf4bd5,LOC_PLACEHOLDER,,1,2500,1,0,0,04555ac1-dfc1-4181-b847-dcd62f5147da,2de87677-189b-4804-bde0-8f7b0979b298,libs/foundry/records/entities/spaceships/misc_starlite_template.xml
MISC_Starlite,vehicle_NameMISC_Starlite,vehicle_DescMISC_Starlite,b28a5c61-63a4-478b-8047-5fba545d5b8a,MISC,manufacturer_NameMISC,Spaceship,Scripts/Entities/Vehicles/Implementations/Xml/misc_starlite.xml,,vehicle_focus_support,90be8892-b27f-49e6-a2e1-b13801bf4bd5,vehicle_class_lightrefueling,680b2148-ad57-4236-b7f6-2efb9bdfccd4,1,2500,1,1,0,8b90dcb9-41cf-41a0-af8f-4ee7c7130195,6c44bcd6-d4c4-41c7-8939-a576e3aa9482,libs/foundry/records/entities/spaceships/misc_starlite.xml
MRAI_Guardian_AI_Template,vehicle_NameMRAI_Guardian,vehicle_DescMRAI_Guardian,857a8335-65be-491a-b613-2f16cf165289,MRAI_2025,manufacturer_NameMRAI,Spaceship,Scripts/Entities/Vehicles/Implementations/Xml/mrai_guardian.xml,,vehicle_focus_combat,2bf4345e-cf3c-4ecb-91ce-f9daa8ff47f8,vehicle_class_heavyfighter,b9fdb132-72dd-48e4-8fd6-64a4b74595d7,1,2500,1,1,0,8b90dcb9-41cf-41a0-af8f-4ee7c7130195,60a2e80e-87ef-4ce4-8be1-110de7fa41a5,libs/foundry/records/entities/spaceships/mrai_guardian_ai_template.xml
MRAI_Guardian_Military,vehicle_NameMRAI_Guardian_Collector_Military,vehicle_DescMRAI_Guardian_Collector_Military,857a8335-65be-491a-b613-2f16cf165289,MRAI_2025,manufacturer_NameMRAI,Spaceship,Scripts/Entities/Vehicles/Implementations/Xml/mrai_guardian.xml,,vehicle_focus_combat,2bf4345e-cf3c-4ecb-91ce-f9daa8ff47f8,vehicle_class_heavyfighter,b9fdb132-72dd-48e4-8fd6-64a4b74595d7,1,2500,1,1,0,8b90dcb9-41cf-41a0-af8f-4ee7c7130195,e07d46e4-92cd-462d-8cda-e17b5051a9eb,libs/foundry/records/entities/spaceships/mrai_guardian_military.xml
MRAI_Guardian_MX_AI_CIV,vehicle_NameMRAI_Guardian_MX,vehicle_DescMRAI_Guardian_MX,857a8335-65be-491a-b613-2f16cf165289,MRAI_2025,manufacturer_NameMRAI,Spaceship,Scripts/Entities/Vehicles/Implementations/Xml/mrai_guardian_mx.xml,,vehicle_focus_combat,2bf4345e-cf3c-4ecb-91ce-f9daa8ff47f8,vehicle_class_heavyfighter,b9fdb132-72dd-48e4-8fd6-64a4b74595d7,1,2500,1,1,0,8b90dcb9-41cf-41a0-af8f-4ee7c7130195,1e290488-bcfc-41d2-98d9-1065d2d452ee,libs/foundry/records/entities/spaceships/mrai_guardian_mx_ai_civ.xml
MRAI_Guardian_MX_AI_CRIM,vehicle_NameMRAI_Guardian_MX,vehicle_DescMRAI_Guardian_MX,857a8335-65be-491a-b613-2f16cf165289,MRAI_2025,manufacturer_NameMRAI,Spaceship,Scripts/Entities/Vehicles/Implementations/Xml/mrai_guardian_mx.xml,,vehicle_focus_combat,2bf4345e-cf3c-4ecb-91ce-f9daa8ff47f8,vehicle_class_heavyfighter,b9fdb132-72dd-48e4-8fd6-64a4b74595d7,1,2500,1,1,0,8b90dcb9-41cf-41a0-af8f-4ee7c7130195,276b6b7a-3226-4260-a957-cae78cfe7c64,libs/foundry/records/entities/spaceships/mrai_guardian_mx_ai_crim.xml
MRAI_Guardian_MX_Collector_Military,vehicle_NameMRAI_Guardian_MX_Collector_Military,vehicle_DescMRAI_Guardian_MX_Collector_Military,857a8335-65be-491a-b613-2f16cf165289,MRAI_2025,manufacturer_NameMRAI,Spaceship,Scripts/Entities/Vehicles/Implementations/Xml/mrai_guardian_mx.xml,,vehicle_focus_combat,2bf4345e-cf3c-4ecb-91ce-f9daa8ff47f8,vehicle_class_heavyfighter,b9fdb132-72dd-48e4-8fd6-64a4b74595d7,1,2500,1,1,0,8b90dcb9-41cf-41a0-af8f-4ee7c7130195,57ea2eaa-c495-43ae-bc96-c6f53a8e46ef,libs/foundry/records/entities/spaceships/mrai_guardian_mx_collector_military.xml
MRAI_Guardian_MX,vehicle_NameMRAI_Guardian_MX,vehicle_DescMRAI_Guardian_MX,857a8335-65be-491a-b613-2f16cf165289,MRAI_2025,manufacturer_NameMRAI,Spaceship,Scripts/Entities/Vehicles/Implementations/Xml/mrai_guardian_mx.xml,,vehicle_focus_combat,2bf4345e-cf3c-4ecb-91ce-f9daa8ff47f8,vehicle_class_heavyfighter,b9fdb132-72dd-48e4-8fd6-64a4b74595d7,1,2500,1,1,0,8b90dcb9-41cf-41a0-af8f-4ee7c7130195,aaa0cdcd-907c-4533-b3fc-181ede06076d,libs/foundry/records/entities/spaceships/mrai_guardian_mx.xml
MRAI_Guardian_PU_AI_CIV,vehicle_NameMRAI_Guardian,vehicle_DescMRAI_Guardian,857a8335-65be-491a-b613-2f16cf165289,MRAI_2025,manufacturer_NameMRAI,Spaceship,Scripts/Entities/Vehicles/Implementations/Xml/mrai_guardian.xml,,vehicle_focus_combat,2bf4345e-cf3c-4ecb-91ce-f9daa8ff47f8,vehicle_class_heavyfighter,b9fdb132-72dd-48e4-8fd6-64a4b74595d7,1,2500,1,1,0,8b90dcb9-41cf-41a0-af8f-4ee7c7130195,5d264ab6-4c9d-4a72-a81a-cd0531bf24f6,libs/foundry/records/entities/spaceships/mrai_guardian_pu_ai_civ.xml
MRAI_Guardian_PU_AI_CRIM,vehicle_NameMRAI_Guardian,vehicle_DescMRAI_Guardian,857a8335-65be-491a-b613-2f16cf165289,MRAI_2025,manufacturer_NameMRAI,Spaceship,Scripts/Entities/Vehicles/Implementations/Xml/mrai_guardian.xml,,vehicle_focus_combat,2bf4345e-cf3c-4ecb-91ce-f9daa8ff47f8,vehicle_class_heavyfighter,b9fdb132-72dd-48e4-8fd6-64a4b74595d7,1,2500,1,1,0,8b90dcb9-41cf-41a0-af8f-4ee7c7130195,f6bdf652-3bb2-48dc-a545-f65d3857733d,libs/foundry/records/entities/spaceships/mrai_guardian_pu_ai_crim.xml
MRAI_Guardian_QI_AI_Template,vehicle_NameMRAI_Guardian_QI,vehicle_DescMRAI_Guardian,857a8335-65be-491a-b613-2f16cf165289,MRAI_2025,manufacturer_NameMRAI,Spaceship,Scripts/Entities/Vehicles/Implementations/Xml/mrai_guardian.xml,Guardian_QI,vehicle_focus_combat,2bf4345e-cf3c-4ecb-91ce-f9daa8ff47f8,vehicle_class_interdiction,d19a9502-6806-4b0d-bc73-ea4a915bfff3,1,2500,1,1,0,8b90dcb9-41cf-41a0-af8f-4ee7c7130195,987c2453-4320-4341-8c40-85886c3b1ec0,libs/foundry/records/entities/spaceships/mrai_guardian_qi_ai_template.xml
MRAI_Guardian_QI_Collector_Indust,TheCollector_ShipMod_MRAI_GuardianQI_VehicleName,TheCollector_ShipMod_MRAI_GuardianQI_VehicleDesc,857a8335-65be-491a-b613-2f16cf165289,MRAI_2025,manufacturer_NameMRAI,Spaceship,Scripts/Entities/Vehicles/Implementations/Xml/mrai_guardian.xml,Guardian_QI,vehicle_focus_combat,2bf4345e-cf3c-4ecb-91ce-f9daa8ff47f8,vehicle_class_interdiction,d19a9502-6806-4b0d-bc73-ea4a915bfff3,1,2500,1,1,0,8b90dcb9-41cf-41a0-af8f-4ee7c7130195,4eea10ca-d254-462b-8a44-7de6852dc1d4,libs/foundry/records/entities/spaceships/mrai_guardian_qi_collector_indust.xml
MRAI_Guardian_QI_PU_AI_CIV,vehicle_NameMRAI_Guardian_QI,vehicle_DescMRAI_Guardian,857a8335-65be-491a-b613-2f16cf165289,MRAI_2025,manufacturer_NameMRAI,Spaceship,Scripts/Entities/Vehicles/Implementations/Xml/mrai_guardian.xml,Guardian_QI,vehicle_focus_combat,2bf4345e-cf3c-4ecb-91ce-f9daa8ff47f8,vehicle_class_interdiction,d19a9502-6806-4b0d-bc73-ea4a915bfff3,1,2500,1,1,0,8b90dcb9-41cf-41a0-af8f-4ee7c7130195,4ecc47cc-ecef-4849-835f-2a43584f0e4c,libs/foundry/records/entities/spaceships/mrai_guardian_qi_pu_ai_civ.xml
MRAI_Guardian_QI_PU_AI_CRIM,vehicle_NameMRAI_Guardian_QI,vehicle_DescMRAI_Guardian,857a8335-65be-491a-b613-2f16cf165289,MRAI_2025,manufacturer_NameMRAI,Spaceship,Scripts/Entities/Vehicles/Implementations/Xml/mrai_guardian.xml,Guardian_QI,vehicle_focus_combat,2bf4345e-cf3c-4ecb-91ce-f9daa8ff47f8,vehicle_class_interdiction,d19a9502-6806-4b0d-bc73-ea4a915bfff3,1,2500,1,1,0,8b90dcb9-41cf-41a0-af8f-4ee7c7130195,d284419f-5bac-49b9-b483-1238963c41c3,libs/foundry/records/entities/spaceships/mrai_guardian_qi_pu_ai_crim.xml
MRAI_Guardian_QI,vehicle_NameMRAI_Guardian_QI,vehicle_DescMRAI_Guardian,857a8335-65be-491a-b613-2f16cf165289,MRAI_2025,manufacturer_NameMRAI,Spaceship,Scripts/Entities/Vehicles/Implementations/Xml/mrai_guardian.xml,Guardian_QI,vehicle_focus_combat,2bf4345e-cf3c-4ecb-91ce-f9daa8ff47f8,vehicle_class_interdiction,d19a9502-6806-4b0d-bc73-ea4a915bfff3,1,2500,1,1,0,8b90dcb9-41cf-41a0-af8f-4ee7c7130195,e98521b6-ea2f-4c10-9050-abc29d89d0e8,libs/foundry/records/entities/spaceships/mrai_guardian_qi.xml
MRAI_Guardian,vehicle_NameMRAI_Guardian,vehicle_DescMRAI_Guardian,857a8335-65be-491a-b613-2f16cf165289,MRAI_2025,manufacturer_NameMRAI,Spaceship,Scripts/Entities/Vehicles/Implementations/Xml/mrai_guardian.xml,,vehicle_focus_combat,2bf4345e-cf3c-4ecb-91ce-f9daa8ff47f8,vehicle_class_heavyfighter,b9fdb132-72dd-48e4-8fd6-64a4b74595d7,1,2500,1,1,0,8b90dcb9-41cf-41a0-af8f-4ee7c7130195,30e0f7ac-26fc-4d31-a231-af625511e37e,libs/foundry/records/entities/spaceships/mrai_guardian.xml
MRAI_Pulse_Collector_Civ,TheCollector_ShipMod_MRAI_Pulse_VehicleName,TheCollector_ShipMod_MRAI_Pulse_VehicleDesc,cdf6ea1e-7de3-4b58-bf9d-13c5fbafc49a,MRAI,manufacturer_NameMRAI,Spaceship,Scripts/Entities/Vehicles/Implementations/Xml/mrai_pulse.xml,,vehicle_focus_combat,2bf4345e-cf3c-4ecb-91ce-f9daa8ff47f8,vehicle_class_pathfinder,8f440187-1d52-41d8-a0f5-b1ce0d34e6bf,1,2500,1,1,1,07b72e0c-74a4-4f62-81b5-da31c2afcb86,881acfdf-9376-4ad0-a78f-bca6b4ff3c9d,libs/foundry/records/entities/spaceships/mrai_pulse_collector_civ.xml
MRAI_Pulse_LX,vehicle_NameMRAI_Pulse_LX,vehicle_DescMRAI_Pulse_LX,cdf6ea1e-7de3-4b58-bf9d-13c5fbafc49a,MRAI,manufacturer_NameMRAI,Spaceship,Scripts/Entities/Vehicles/Implementations/Xml/mrai_pulse.xml,MRAI_Pulse_LX,vehicle_focus_combat,0f148cb8-74eb-45fa-bd77-82a756fa4b36,vehicle_class_racing,42c95b15-5e41-4c2d-a342-8df0aa82ae3b,1,2500,1,1,1,07b72e0c-74a4-4f62-81b5-da31c2afcb86,d1f27f85-90db-4b5d-8ac2-09a9e9ee1315,libs/foundry/records/entities/spaceships/mrai_pulse_lx.xml
MRAI_Pulse,vehicle_NameMRAI_Pulse,vehicle_DescMRAI_Pulse,cdf6ea1e-7de3-4b58-bf9d-13c5fbafc49a,MRAI,manufacturer_NameMRAI,Spaceship,Scripts/Entities/Vehicles/Implementations/Xml/mrai_pulse.xml,,vehicle_focus_combat,2bf4345e-cf3c-4ecb-91ce-f9daa8ff47f8,vehicle_class_pathfinder,8f440187-1d52-41d8-a0f5-b1ce0d34e6bf,1,2500,1,1,1,07b72e0c-74a4-4f62-81b5-da31c2afcb86,48415834-ac12-4c28-ad01-7c210f30c2da,libs/foundry/records/entities/spaceships/mrai_pulse.xml
Orbital_Sentry_Prototype_a_PU_HOS,vehicles_NameOrbital_Sentry_Prototype_1,vehicles_DescOrbital_Sentry_Prototype_1,ad865899-f5ba-4818-ae8c-fe80a55108b7,BRRA,manufacturer_NameBRRA,Spaceship,scripts/entities/vehicles/implementations/xml/probe_turret_1_a.xml,Sentry_Prototype_1,vehicle_focus_combat,2bf4345e-cf3c-4ecb-91ce-f9daa8ff47f8,vehicle_class_turret,d7336a8a-2e5e-44c6-9789-5598c5ea71e9,1,2500,0,0,0,04555ac1-dfc1-4181-b847-dcd62f5147da,193ec263-7b58-4923-9849-ed8934cc6a7e,libs/foundry/records/entities/spaceships/orbital_sentry_prototype_a_pu_hos.xml
Orbital_Sentry_PU_Criminal_Size2,vehicles_NameOrbital_Sentry,vehicles_DescOrbital_Sentry,ad865899-f5ba-4818-ae8c-fe80a55108b7,BRRA,manufacturer_NameBRRA,Spaceship,scripts/entities/vehicles/implementations/xml/probe_turret_1_a.xml,Sentry,vehicle_focus_combat,2bf4345e-cf3c-4ecb-91ce-f9daa8ff47f8,vehicle_class_turret,d7336a8a-2e5e-44c6-9789-5598c5ea71e9,1,2500,0,0,0,04555ac1-dfc1-4181-b847-dcd62f5147da,942b0f67-7b07-489d-abe1-d75e59c12931,libs/foundry/records/entities/spaceships/orbital_sentry_pu_criminal_size2.xml
Orbital_Sentry_PU_Criminal,vehicles_NameOrbital_Sentry,vehicles_DescOrbital_Sentry,ad865899-f5ba-4818-ae8c-fe80a55108b7,BRRA,manufacturer_NameBRRA,Spaceship,scripts/entities/vehicles/implementations/xml/probe_turret_1_a.xml,Sentry,vehicle_focus_combat,2bf4345e-cf3c-4ecb-91ce-f9daa8ff47f8,vehicle_class_turret,d7336a8a-2e5e-44c6-9789-5598c5ea71e9,1,2500,0,0,0,04555ac1-dfc1-4181-b847-dcd62f5147da,4c436b3a-860d-4463-a0a7-c334264b4377,libs/foundry/records/entities/spaceships/orbital_sentry_pu_criminal.xml
Orbital_Sentry_PU_NineTails_Size2,vehicles_NameOrbital_Sentry,vehicles_DescOrbital_Sentry,ad865899-f5ba-4818-ae8c-fe80a55108b7,BRRA,manufacturer_NameBRRA,Spaceship,scripts/entities/vehicles/implementations/xml/probe_turret_1_a.xml,Sentry,vehicle_focus_combat,2bf4345e-cf3c-4ecb-91ce-f9daa8ff47f8,vehicle_class_turret,d7336a8a-2e5e-44c6-9789-5598c5ea71e9,1,2500,0,0,0,04555ac1-dfc1-4181-b847-dcd62f5147da,5037b275-9d7a-4e45-9f51-fb3860b9e473,libs/foundry/records/entities/spaceships/orbital_sentry_pu_ninetails_size2.xml
Orbital_Sentry_PU_NineTails,vehicles_NameOrbital_Sentry,vehicles_DescOrbital_Sentry,ad865899-f5ba-4818-ae8c-fe80a55108b7,BRRA,manufacturer_NameBRRA,Spaceship,scripts/entities/vehicles/implementations/xml/probe_turret_1_a.xml,Sentry,vehicle_focus_combat,2bf4345e-cf3c-4ecb-91ce-f9daa8ff47f8,vehicle_class_turret,d7336a8a-2e5e-44c6-9789-5598c5ea71e9,1,2500,0,0,0,04555ac1-dfc1-4181-b847-dcd62f5147da,6104d70a-1d86-4f3f-a41d-745cb1272a18,libs/foundry/records/entities/spaceships/orbital_sentry_pu_ninetails.xml
Orbital_Sentry_PU_UEE,vehicles_NameOrbital_Sentry,vehicles_DescOrbital_Sentry,ad865899-f5ba-4818-ae8c-fe80a55108b7,BRRA,manufacturer_NameBRRA,Spaceship,scripts/entities/vehicles/implementations/xml/probe_turret_1_a.xml,Sentry,vehicle_focus_combat,2bf4345e-cf3c-4ecb-91ce-f9daa8ff47f8,vehicle_class_turret,d7336a8a-2e5e-44c6-9789-5598c5ea71e9,1,2500,0,0,0,04555ac1-dfc1-4181-b847-dcd62f5147da,58835881-3d0e-41c8-8112-83617fe74c80,libs/foundry/records/entities/spaceships/orbital_sentry_pu_uee.xml
Orbital_Sentry_SecurityNetwork,vehicles_NameOrbital_Sentry,vehicles_DescOrbital_Sentry,ad865899-f5ba-4818-ae8c-fe80a55108b7,BRRA,manufacturer_NameBRRA,Spaceship,scripts/entities/vehicles/implementations/xml/probe_turret_1_a.xml,Sentry_PSec,vehicle_focus_combat,2bf4345e-cf3c-4ecb-91ce-f9daa8ff47f8,vehicle_class_turret,d7336a8a-2e5e-44c6-9789-5598c5ea71e9,1,2500,0,0,0,04555ac1-dfc1-4181-b847-dcd62f5147da,b87de28f-ad8a-44de-a243-c52125578bcc,libs/foundry/records/entities/spaceships/orbital_sentry_securitynetwork.xml
ORIG_100i_PU_AI_CIV,vehicle_NameORIG_100i,vehicle_DescORIG_100i,1e47a9ec-a3f0-431d-be0e-377712e1ed84,ORIG,manufacturer_NameOrigin,Spaceship,Scripts/Entities/Vehicles/Implementations/Xml/ORIG_100i.xml,,vehicle_focus_exploration,605f6ca1-9eae-4d78-9f7f-71288d44dada,vehicle_class_starterpathfinder,bc5f32d6-ed12-42d9-a71e-56b2d0dd19ba,1,1650,1,1,0,c533bc29-c20f-445c-8ab0-45338e2f0ba2,72c1e7f4-3a17-4657-880c-7bda97b7baf7,libs/foundry/records/entities/spaceships/orig_100i_pu_ai_civ.xml
ORIG_100i_PU_AI_CRIM,vehicle_NameORIG_100i,vehicle_DescORIG_100i,1e47a9ec-a3f0-431d-be0e-377712e1ed84,ORIG,manufacturer_NameOrigin,Spaceship,Scripts/Entities/Vehicles/Implementations/Xml/ORIG_100i.xml,,vehicle_focus_exploration,605f6ca1-9eae-4d78-9f7f-71288d44dada,vehicle_class_starterpathfinder,bc5f32d6-ed12-42d9-a71e-56b2d0dd19ba,1,1650,1,1,0,c533bc29-c20f-445c-8ab0-45338e2f0ba2,8dfe7fce-a959-4161-9074-ee2aa8c51fde,libs/foundry/records/entities/spaceships/orig_100i_pu_ai_crim.xml
ORIG_100i_Unmanned_Salvage,vehicle_NameORIG_100i,vehicle_DescORIG_100i,1e47a9ec-a3f0-431d-be0e-377712e1ed84,ORIG,manufacturer_NameOrigin,Spaceship,Scripts/Entities/Vehicles/Implementations/Xml/ORIG_100i.xml,,vehicle_focus_exploration,605f6ca1-9eae-4d78-9f7f-71288d44dada,vehicle_class_starterpathfinder,bc5f32d6-ed12-42d9-a71e-56b2d0dd19ba,1,1650,1,0,0,c533bc29-c20f-445c-8ab0-45338e2f0ba2,9de147f4-f19a-4aa5-b266-8f1ff378c237,libs/foundry/records/entities/spaceships/orig_100i_unmanned_salvage.xml
ORIG_100i,vehicle_NameORIG_100i,vehicle_DescORIG_100i,1e47a9ec-a3f0-431d-be0e-377712e1ed84,ORIG,manufacturer_NameOrigin,Spaceship,Scripts/Entities/Vehicles/Implementations/Xml/ORIG_100i.xml,,vehicle_focus_exploration,605f6ca1-9eae-4d78-9f7f-71288d44dada,vehicle_class_starterpathfinder,bc5f32d6-ed12-42d9-a71e-56b2d0dd19ba,1,1650,1,1,0,c533bc29-c20f-445c-8ab0-45338e2f0ba2,6135a874-4cb1-4f49-9f29-5781e5991f2b,libs/foundry/records/entities/spaceships/orig_100i.xml
ORIG_125a_PU_AI_CIV,vehicle_NameORIG_125a,vehicle_DescORIG_125a,1e47a9ec-a3f0-431d-be0e-377712e1ed84,ORIG,manufacturer_NameOrigin,Spaceship,Scripts/Entities/Vehicles/Implementations/Xml/ORIG_100i.xml,ORIG_125a,vehicle_focus_combat,2bf4345e-cf3c-4ecb-91ce-f9daa8ff47f8,vehicle_class_lightfighter,bf73e515-0e01-409e-84fb-acbef27e1686,1,1650,1,1,0,2333116f-681c-4b9c-aa72-3ed8be9abb42,a42ae455-6946-4f77-aec3-04ad21e8904b,libs/foundry/records/entities/spaceships/orig_125a_pu_ai_civ.xml
ORIG_125a_PU_AI_CRIM,vehicle_NameORIG_125a,vehicle_DescORIG_125a,1e47a9ec-a3f0-431d-be0e-377712e1ed84,ORIG,manufacturer_NameOrigin,Spaceship,Scripts/Entities/Vehicles/Implementations/Xml/ORIG_100i.xml,ORIG_125a,vehicle_focus_combat,2bf4345e-cf3c-4ecb-91ce-f9daa8ff47f8,vehicle_class_lightfighter,bf73e515-0e01-409e-84fb-acbef27e1686,1,1650,1,1,0,2333116f-681c-4b9c-aa72-3ed8be9abb42,773a78a1-6793-473c-bfb9-04baca146d7a,libs/foundry/records/entities/spaceships/orig_125a_pu_ai_crim.xml
ORIG_125a,vehicle_NameORIG_125a,vehicle_DescORIG_125a,1e47a9ec-a3f0-431d-be0e-377712e1ed84,ORIG,manufacturer_NameOrigin,Spaceship,Scripts/Entities/Vehicles/Implementations/Xml/ORIG_100i.xml,ORIG_125a,vehicle_focus_combat,2bf4345e-cf3c-4ecb-91ce-f9daa8ff47f8,vehicle_class_lightfighter,bf73e515-0e01-409e-84fb-acbef27e1686,1,1650,1,1,0,2333116f-681c-4b9c-aa72-3ed8be9abb42,e7eeba8d-b108-48a1-a332-d9edbab2b9c1,libs/foundry/records/entities/spaceships/orig_125a.xml
ORIG_135c_PU_AI_CIV,vehicle_NameORIG_135c,vehicle_DescORIG_135c,1e47a9ec-a3f0-431d-be0e-377712e1ed84,ORIG,manufacturer_NameOrigin,Spaceship,Scripts/Entities/Vehicles/Implementations/Xml/ORIG_100i.xml,ORIG_135c,vehicle_focus_transporter,d86d770d-1fc4-4525-b3b0-4f670a8a5634,vehicle_class_lightfreight,ff99d78e-3a6a-4e4d-8b1c-59e87a005c11,1,1650,1,1,0,e856487f-6a6c-46fc-9163-08ad59102a63,44d4f975-a564-4c92-a85f-a520f88562dc,libs/foundry/records/entities/spaceships/orig_135c_pu_ai_civ.xml
ORIG_135c_PU_AI_CRIM,vehicle_NameORIG_135c,vehicle_DescORIG_135c,1e47a9ec-a3f0-431d-be0e-377712e1ed84,ORIG,manufacturer_NameOrigin,Spaceship,Scripts/Entities/Vehicles/Implementations/Xml/ORIG_100i.xml,ORIG_135c,vehicle_focus_transporter,d86d770d-1fc4-4525-b3b0-4f670a8a5634,vehicle_class_lightfreight,ff99d78e-3a6a-4e4d-8b1c-59e87a005c11,1,1650,1,1,0,e856487f-6a6c-46fc-9163-08ad59102a63,30c19b3b-c41d-4ff2-81f4-b401b090d20a,libs/foundry/records/entities/spaceships/orig_135c_pu_ai_crim.xml
ORIG_135c,vehicle_NameORIG_135c,vehicle_DescORIG_135c,1e47a9ec-a3f0-431d-be0e-377712e1ed84,ORIG,manufacturer_NameOrigin,Spaceship,Scripts/Entities/Vehicles/Implementations/Xml/ORIG_100i.xml,ORIG_135c,vehicle_focus_transporter,d86d770d-1fc4-4525-b3b0-4f670a8a5634,vehicle_class_lightfreight,ff99d78e-3a6a-4e4d-8b1c-59e87a005c11,1,1650,1,1,0,e856487f-6a6c-46fc-9163-08ad59102a63,2f231daa-95e5-4cb2-a32e-4db8f29a30d6,libs/foundry/records/entities/spaceships/orig_135c.xml
ORIG_300i_AI_Override,vehicle_NameORIG_300i,vehicle_DescORIG_300i,1e47a9ec-a3f0-431d-be0e-377712e1ed84,ORIG,manufacturer_NameOrigin,Spaceship,scripts/entities/vehicles/implementations/xml/orig_300i.xml,,vehicle_focus_exploration,605f6ca1-9eae-4d78-9f7f-71288d44dada,item_ShipFocus_LuxuryTouring,7b573f8f-4e5d-4e97-bd9c-196faddb0a18,1,1650,1,1,0,785ad460-75c1-427b-8edb-43e0b0661075,78fc4a3a-0ab1-43df-9277-6114a1548911,libs/foundry/records/entities/spaceships/orig_300i_ai_override.xml
ORIG_300i_PU_AI_CIV,vehicle_NameORIG_300i,vehicle_DescORIG_300i,1e47a9ec-a3f0-431d-be0e-377712e1ed84,ORIG,manufacturer_NameOrigin,Spaceship,scripts/entities/vehicles/implementations/xml/orig_300i.xml,,vehicle_focus_exploration,605f6ca1-9eae-4d78-9f7f-71288d44dada,item_ShipFocus_LuxuryTouring,7b573f8f-4e5d-4e97-bd9c-196faddb0a18,1,1650,1,1,0,785ad460-75c1-427b-8edb-43e0b0661075,2023a212-99fb-4486-8ef5-2a230b5f981b,libs/foundry/records/entities/spaceships/orig_300i_pu_ai_civ.xml
ORIG_300i_PU_AI_CRIM,vehicle_NameORIG_300i,vehicle_DescORIG_300i,1e47a9ec-a3f0-431d-be0e-377712e1ed84,ORIG,manufacturer_NameOrigin,Spaceship,scripts/entities/vehicles/implementations/xml/orig_300i.xml,,vehicle_focus_exploration,605f6ca1-9eae-4d78-9f7f-71288d44dada,item_ShipFocus_LuxuryTouring,7b573f8f-4e5d-4e97-bd9c-196faddb0a18,1,1650,1,1,0,785ad460-75c1-427b-8edb-43e0b0661075,91040cc4-86fe-495d-8fdc-74e75f176f4b,libs/foundry/records/entities/spaceships/orig_300i_pu_ai_crim.xml
ORIG_300i_Unmanned_Restoration,vehicle_NameORIG_300i,vehicle_DescORIG_300i,1e47a9ec-a3f0-431d-be0e-377712e1ed84,ORIG,manufacturer_NameOrigin,Spaceship,scripts/entities/vehicles/implementations/xml/orig_300i.xml,,vehicle_focus_exploration,605f6ca1-9eae-4d78-9f7f-71288d44dada,item_ShipFocus_LuxuryTouring,7b573f8f-4e5d-4e97-bd9c-196faddb0a18,1,1650,1,0,0,785ad460-75c1-427b-8edb-43e0b0661075,d1923b77-9907-4f05-ad1c-46d205115467,libs/foundry/records/entities/spaceships/orig_300i_unmanned_restoration.xml
ORIG_300i_Unmanned_Salvage,vehicle_NameORIG_300i,vehicle_DescORIG_300i,1e47a9ec-a3f0-431d-be0e-377712e1ed84,ORIG,manufacturer_NameOrigin,Spaceship,scripts/entities/vehicles/implementations/xml/orig_300i.xml,,vehicle_focus_exploration,605f6ca1-9eae-4d78-9f7f-71288d44dada,item_ShipFocus_LuxuryTouring,7b573f8f-4e5d-4e97-bd9c-196faddb0a18,1,1650,1,0,0,785ad460-75c1-427b-8edb-43e0b0661075,2821e80d-5c38-425a-a142-7bb1069a94bb,libs/foundry/records/entities/spaceships/orig_300i_unmanned_salvage.xml
ORIG_300i,vehicle_NameORIG_300i,vehicle_DescORIG_300i,1e47a9ec-a3f0-431d-be0e-377712e1ed84,ORIG,manufacturer_NameOrigin,Spaceship,scripts/entities/vehicles/implementations/xml/orig_300i.xml,,vehicle_focus_exploration,605f6ca1-9eae-4d78-9f7f-71288d44dada,item_ShipFocus_LuxuryTouring,7b573f8f-4e5d-4e97-bd9c-196faddb0a18,1,1650,1,1,0,785ad460-75c1-427b-8edb-43e0b0661075,ce937681-caa2-4cfa-ab80-f5bf2a5b9a6c,libs/foundry/records/entities/spaceships/orig_300i.xml
ORIG_315p_PU_AI_CIV,vehicle_NameORIG_315p,vehicle_DescORIG_315p,1e47a9ec-a3f0-431d-be0e-377712e1ed84,ORIG,manufacturer_NameOrigin,Spaceship,scripts/entities/vehicles/implementations/xml/orig_300i.xml,315p,vehicle_focus_exploration,605f6ca1-9eae-4d78-9f7f-71288d44dada,vehicle_class_pathfinder,8f440187-1d52-41d8-a0f5-b1ce0d34e6bf,1,1650,1,1,0,ec2db709-bc32-4ae5-9ff0-70da56837839,9a30422f-cfa1-4d7b-8115-d38aeed931a2,libs/foundry/records/entities/spaceships/orig_315p_pu_ai_civ.xml
ORIG_315p_PU_AI_CRIM,vehicle_NameORIG_315p,vehicle_DescORIG_315p,1e47a9ec-a3f0-431d-be0e-377712e1ed84,ORIG,manufacturer_NameOrigin,Spaceship,scripts/entities/vehicles/implementations/xml/orig_300i.xml,315p,vehicle_focus_exploration,605f6ca1-9eae-4d78-9f7f-71288d44dada,vehicle_class_pathfinder,8f440187-1d52-41d8-a0f5-b1ce0d34e6bf,1,1650,1,1,0,ec2db709-bc32-4ae5-9ff0-70da56837839,0adb256d-4844-4998-a4d0-97432c1b19e9,libs/foundry/records/entities/spaceships/orig_315p_pu_ai_crim.xml
ORIG_315p_Unmanned_Salvage,vehicle_NameORIG_315p,vehicle_DescORIG_315p,1e47a9ec-a3f0-431d-be0e-377712e1ed84,ORIG,manufacturer_NameOrigin,Spaceship,scripts/entities/vehicles/implementations/xml/orig_300i.xml,315p,vehicle_focus_exploration,605f6ca1-9eae-4d78-9f7f-71288d44dada,vehicle_class_pathfinder,8f440187-1d52-41d8-a0f5-b1ce0d34e6bf,1,1650,1,0,0,ec2db709-bc32-4ae5-9ff0-70da56837839,8de93f92-f30b-4873-a333-8a10d8f0b56e,libs/foundry/records/entities/spaceships/orig_315p_unmanned_salvage.xml
ORIG_315p,vehicle_NameORIG_315p,vehicle_DescORIG_315p,1e47a9ec-a3f0-431d-be0e-377712e1ed84,ORIG,manufacturer_NameOrigin,Spaceship,scripts/entities/vehicles/implementations/xml/orig_300i.xml,315p,vehicle_focus_exploration,605f6ca1-9eae-4d78-9f7f-71288d44dada,vehicle_class_pathfinder,8f440187-1d52-41d8-a0f5-b1ce0d34e6bf,1,1650,1,1,0,ec2db709-bc32-4ae5-9ff0-70da56837839,dc537d66-2abb-43aa-9d37-4e963fc6e9e2,libs/foundry/records/entities/spaceships/orig_315p.xml
ORIG_325a_PU_AI_CIV,vehicle_NameORIG_325a,vehicle_DescORIG_325a,1e47a9ec-a3f0-431d-be0e-377712e1ed84,ORIG,manufacturer_NameOrigin,Spaceship,scripts/entities/vehicles/implementations/xml/orig_300i.xml,325a,vehicle_focus_combat,2bf4345e-cf3c-4ecb-91ce-f9daa8ff47f8,vehicle_class_interceptor,698628f1-f6c1-47cd-ae52-a0fa1234fca9,1,1650,1,1,0,5c4a56ae-3ba1-4f51-bbb9-c75577d6aa7e,150a93c1-34c2-4502-8462-ba877dae7113,libs/foundry/records/entities/spaceships/orig_325a_pu_ai_civ.xml
ORIG_325a_PU_AI_CRIM,vehicle_NameORIG_325a,vehicle_DescORIG_325a,1e47a9ec-a3f0-431d-be0e-377712e1ed84,ORIG,manufacturer_NameOrigin,Spaceship,scripts/entities/vehicles/implementations/xml/orig_300i.xml,325a,vehicle_focus_combat,2bf4345e-cf3c-4ecb-91ce-f9daa8ff47f8,vehicle_class_interceptor,698628f1-f6c1-47cd-ae52-a0fa1234fca9,1,1650,1,1,0,5c4a56ae-3ba1-4f51-bbb9-c75577d6aa7e,b9d8aab0-19eb-41f2-a152-72e9a7cc8f6c,libs/foundry/records/entities/spaceships/orig_325a_pu_ai_crim.xml
ORIG_325a_PU_AI_MTS,vehicle_NameORIG_325a,vehicle_DescORIG_325a,1e47a9ec-a3f0-431d-be0e-377712e1ed84,ORIG,manufacturer_NameOrigin,Spaceship,scripts/entities/vehicles/implementations/xml/orig_300i.xml,325a,vehicle_focus_combat,2bf4345e-cf3c-4ecb-91ce-f9daa8ff47f8,vehicle_class_interceptor,698628f1-f6c1-47cd-ae52-a0fa1234fca9,1,1650,1,1,0,5c4a56ae-3ba1-4f51-bbb9-c75577d6aa7e,d0a91b77-7a11-46fa-a829-9baae80c3443,libs/foundry/records/entities/spaceships/orig_325a_pu_ai_mts.xml
ORIG_325a_Unmanned_Salvage,vehicle_NameORIG_325a,vehicle_DescORIG_325a,1e47a9ec-a3f0-431d-be0e-377712e1ed84,ORIG,manufacturer_NameOrigin,Spaceship,scripts/entities/vehicles/implementations/xml/orig_300i.xml,325a,vehicle_focus_combat,2bf4345e-cf3c-4ecb-91ce-f9daa8ff47f8,vehicle_class_interceptor,698628f1-f6c1-47cd-ae52-a0fa1234fca9,1,1650,1,0,0,5c4a56ae-3ba1-4f51-bbb9-c75577d6aa7e,3a57d4cd-1779-46ae-8a21-889c620f02e2,libs/foundry/records/entities/spaceships/orig_325a_unmanned_salvage.xml
ORIG_325a,vehicle_NameORIG_325a,vehicle_DescORIG_325a,1e47a9ec-a3f0-431d-be0e-377712e1ed84,ORIG,manufacturer_NameOrigin,Spaceship,scripts/entities/vehicles/implementations/xml/orig_300i.xml,325a,vehicle_focus_combat,2bf4345e-cf3c-4ecb-91ce-f9daa8ff47f8,vehicle_class_interceptor,698628f1-f6c1-47cd-ae52-a0fa1234fca9,1,1650,1,1,0,5c4a56ae-3ba1-4f51-bbb9-c75577d6aa7e,039a2768-1aff-4969-b2a4-ed8aeb21dae1,libs/foundry/records/entities/spaceships/orig_325a.xml
ORIG_350r_PU_AI_CIV,vehicle_NameORIG_350r,vehicle_DescORIG_350r,1e47a9ec-a3f0-431d-be0e-377712e1ed84,ORIG,manufacturer_NameOrigin,Spaceship,scripts/entities/vehicles/implementations/xml/orig_300i.xml,350r,vehicle_focus_competition,0f148cb8-74eb-45fa-bd77-82a756fa4b36,vehicle_class_racing,42c95b15-5e41-4c2d-a342-8df0aa82ae3b,1,1650,1,1,0,1b9688f6-1eba-4ac8-810a-5ac543c79d72,372c2858-f996-45aa-bff6-43517bb743c4,libs/foundry/records/entities/spaceships/orig_350r_pu_ai_civ.xml
ORIG_350r_PU_AI_CRIM,vehicle_NameORIG_350r,vehicle_DescORIG_350r,1e47a9ec-a3f0-431d-be0e-377712e1ed84,ORIG,manufacturer_NameOrigin,Spaceship,scripts/entities/vehicles/implementations/xml/orig_300i.xml,350r,vehicle_focus_competition,0f148cb8-74eb-45fa-bd77-82a756fa4b36,vehicle_class_racing,42c95b15-5e41-4c2d-a342-8df0aa82ae3b,1,1650,1,1,0,1b9688f6-1eba-4ac8-810a-5ac543c79d72,4e385480-559b-49a4-b80d-929388b8890c,libs/foundry/records/entities/spaceships/orig_350r_pu_ai_crim.xml
ORIG_350r_Unmanned_Salvage,vehicle_NameORIG_350r,vehicle_DescORIG_350r,1e47a9ec-a3f0-431d-be0e-377712e1ed84,ORIG,manufacturer_NameOrigin,Spaceship,scripts/entities/vehicles/implementations/xml/orig_300i.xml,350r,vehicle_focus_competition,0f148cb8-74eb-45fa-bd77-82a756fa4b36,vehicle_class_racing,42c95b15-5e41-4c2d-a342-8df0aa82ae3b,1,1650,1,0,0,1b9688f6-1eba-4ac8-810a-5ac543c79d72,1d9c447d-6671-4954-9f54-b57f3fd46ed0,libs/foundry/records/entities/spaceships/orig_350r_unmanned_salvage.xml
ORIG_350r,vehicle_NameORIG_350r,vehicle_DescORIG_350r,1e47a9ec-a3f0-431d-be0e-377712e1ed84,ORIG,manufacturer_NameOrigin,Spaceship,scripts/entities/vehicles/implementations/xml/orig_300i.xml,350r,vehicle_focus_competition,0f148cb8-74eb-45fa-bd77-82a756fa4b36,vehicle_class_racing,42c95b15-5e41-4c2d-a342-8df0aa82ae3b,1,1650,1,1,0,1b9688f6-1eba-4ac8-810a-5ac543c79d72,316c6601-b405-4a3a-abac-394c655718f8,libs/foundry/records/entities/spaceships/orig_350r.xml
ORIG_400i_AI_Template_ShipBoarded,vehicle_NameORIG_400i,vehicle_DescORIG_400i,1e47a9ec-a3f0-431d-be0e-377712e1ed84,ORIG,manufacturer_NameOrigin,Spaceship,scripts/entities/vehicles/implementations/xml/orig_400i.xml,,vehicle_focus_exploration,605f6ca1-9eae-4d78-9f7f-71288d44dada,vehicle_class_expedition,bdf53a4c-0fce-442f-9222-e438792d7b75,3,20000,1,1,0,c53f1ea8-d862-4b55-822d-9ad26947920d,2b7724a7-6ab2-416f-ab3a-efded61e6ea2,libs/foundry/records/entities/spaceships/orig_400i_ai_template_shipboarded.xml
ORIG_400i_PU_AI_CIV_DEF,vehicle_NameORIG_400i,vehicle_DescORIG_400i,1e47a9ec-a3f0-431d-be0e-377712e1ed84,ORIG,manufacturer_NameOrigin,Spaceship,scripts/entities/vehicles/implementations/xml/orig_400i.xml,,vehicle_focus_exploration,605f6ca1-9eae-4d78-9f7f-71288d44dada,vehicle_class_expedition,bdf53a4c-0fce-442f-9222-e438792d7b75,3,20000,1,1,0,c53f1ea8-d862-4b55-822d-9ad26947920d,4fa71535-7dc6-4b9f-92d6-8a92bd74d2d9,libs/foundry/records/entities/spaceships/orig_400i_pu_ai_civ_def.xml
ORIG_400i_PU_AI_CIV,vehicle_NameORIG_400i,vehicle_DescORIG_400i,1e47a9ec-a3f0-431d-be0e-377712e1ed84,ORIG,manufacturer_NameOrigin,Spaceship,scripts/entities/vehicles/implementations/xml/orig_400i.xml,,vehicle_focus_exploration,605f6ca1-9eae-4d78-9f7f-71288d44dada,vehicle_class_expedition,bdf53a4c-0fce-442f-9222-e438792d7b75,3,20000,1,1,0,c53f1ea8-d862-4b55-822d-9ad26947920d,fe6676fd-10fb-4b93-ac0a-1f1fcabc4646,libs/foundry/records/entities/spaceships/orig_400i_pu_ai_civ.xml
ORIG_400i_PU_AI_CRIM,vehicle_NameORIG_400i,vehicle_DescORIG_400i,1e47a9ec-a3f0-431d-be0e-377712e1ed84,ORIG,manufacturer_NameOrigin,Spaceship,scripts/entities/vehicles/implementations/xml/orig_400i.xml,,vehicle_focus_exploration,605f6ca1-9eae-4d78-9f7f-71288d44dada,vehicle_class_expedition,bdf53a4c-0fce-442f-9222-e438792d7b75,3,20000,1,1,0,c53f1ea8-d862-4b55-822d-9ad26947920d,5aada141-ffde-4a36-98e5-933cfeb5870f,libs/foundry/records/entities/spaceships/orig_400i_pu_ai_crim.xml
ORIG_400i_Unmanned_Salvage,vehicle_NameORIG_400i,vehicle_DescORIG_400i,1e47a9ec-a3f0-431d-be0e-377712e1ed84,ORIG,manufacturer_NameOrigin,Spaceship,scripts/entities/vehicles/implementations/xml/orig_400i.xml,,vehicle_focus_exploration,605f6ca1-9eae-4d78-9f7f-71288d44dada,vehicle_class_expedition,bdf53a4c-0fce-442f-9222-e438792d7b75,3,20000,1,0,0,c53f1ea8-d862-4b55-822d-9ad26947920d,0bdc11a8-4d80-4c91-9303-84831b4c4fc0,libs/foundry/records/entities/spaceships/orig_400i_unmanned_salvage.xml
ORIG_400i,vehicle_NameORIG_400i,vehicle_DescORIG_400i,1e47a9ec-a3f0-431d-be0e-377712e1ed84,ORIG,manufacturer_NameOrigin,Spaceship,scripts/entities/vehicles/implementations/xml/orig_400i.xml,,vehicle_focus_exploration,605f6ca1-9eae-4d78-9f7f-71288d44dada,vehicle_class_expedition,bdf53a4c-0fce-442f-9222-e438792d7b75,3,20000,1,1,0,c53f1ea8-d862-4b55-822d-9ad26947920d,718f4435-628b-4436-bb80-bf9cfef9a945,libs/foundry/records/entities/spaceships/orig_400i.xml
ORIG_600i_AI_Template_ShipBoarded,vehicle_NameORIG_600i,vehicle_DescORIG_600i,1e47a9ec-a3f0-431d-be0e-377712e1ed84,ORIG,manufacturer_NameOrigin,Spaceship,scripts/entities/vehicles/implementations/xml/orig_600i.xml,,vehicle_focus_exploration,605f6ca1-9eae-4d78-9f7f-71288d44dada,vehicle_class_expedition,bdf53a4c-0fce-442f-9222-e438792d7b75,1,55000,1,1,0,417e05b1-d424-4b79-a8e6-c8898743a8c6,77c2d756-17a8-44a6-89a3-2ff641603ced,libs/foundry/records/entities/spaceships/orig_600i_ai_template_shipboarded.xml
ORIG_600i_BIS2951,vehicle_NameORIG_600i_2951_BIS,vehicle_DescORIG_600i_2951_BIS,1e47a9ec-a3f0-431d-be0e-377712e1ed84,ORIG,manufacturer_NameOrigin,Spaceship,scripts/entities/vehicles/implementations/xml/orig_600i.xml,,vehicle_focus_exploration,605f6ca1-9eae-4d78-9f7f-71288d44dada,vehicle_class_expedition,bdf53a4c-0fce-442f-9222-e438792d7b75,1,55000,1,1,0,417e05b1-d424-4b79-a8e6-c8898743a8c6,fdb1e6be-8de7-44a0-8359-ad1c5eb6a9fc,libs/foundry/records/entities/spaceships/orig_600i_bis2951.xml
ORIG_600i_Executive_Edition,vehicle_NameORIG_600i_Executive,vehicle_DescORIG_600i,1e47a9ec-a3f0-431d-be0e-377712e1ed84,ORIG,manufacturer_NameOrigin,Spaceship,scripts/entities/vehicles/implementations/xml/orig_600i.xml,Executive,vehicle_focus_exploration,605f6ca1-9eae-4d78-9f7f-71288d44dada,vehicle_class_expedition,bdf53a4c-0fce-442f-9222-e438792d7b75,1,55000,1,1,0,9db2766a-06da-4a5c-9d23-c9cdc9d5d854,38ae749f-d4fc-4dfd-907b-ed8db61f3d88,libs/foundry/records/entities/spaceships/orig_600i_executive_edition.xml
ORIG_600i_PU_AI_CIV_DEF,vehicle_NameORIG_600i,vehicle_DescORIG_600i,1e47a9ec-a3f0-431d-be0e-377712e1ed84,ORIG,manufacturer_NameOrigin,Spaceship,scripts/entities/vehicles/implementations/xml/orig_600i.xml,,vehicle_focus_exploration,605f6ca1-9eae-4d78-9f7f-71288d44dada,vehicle_class_expedition,bdf53a4c-0fce-442f-9222-e438792d7b75,1,55000,1,1,0,417e05b1-d424-4b79-a8e6-c8898743a8c6,22580fe0-e60a-40d6-b300-c0fe4ab2dbb1,libs/foundry/records/entities/spaceships/orig_600i_pu_ai_civ_def.xml
ORIG_600i_PU_AI_CIV,vehicle_NameORIG_600i,vehicle_DescORIG_600i,1e47a9ec-a3f0-431d-be0e-377712e1ed84,ORIG,manufacturer_NameOrigin,Spaceship,scripts/entities/vehicles/implementations/xml/orig_600i.xml,,vehicle_focus_exploration,605f6ca1-9eae-4d78-9f7f-71288d44dada,vehicle_class_expedition,bdf53a4c-0fce-442f-9222-e438792d7b75,1,55000,1,1,0,417e05b1-d424-4b79-a8e6-c8898743a8c6,c53b128c-bf2f-45f6-b6bf-e27548199b69,libs/foundry/records/entities/spaceships/orig_600i_pu_ai_civ.xml
ORIG_600i_PU_AI_CRIM,vehicle_NameORIG_600i,vehicle_DescORIG_600i,1e47a9ec-a3f0-431d-be0e-377712e1ed84,ORIG,manufacturer_NameOrigin,Spaceship,scripts/entities/vehicles/implementations/xml/orig_600i.xml,,vehicle_focus_exploration,605f6ca1-9eae-4d78-9f7f-71288d44dada,vehicle_class_expedition,bdf53a4c-0fce-442f-9222-e438792d7b75,1,55000,1,1,0,417e05b1-d424-4b79-a8e6-c8898743a8c6,3090d335-632b-4555-8a93-23cede10773d,libs/foundry/records/entities/spaceships/orig_600i_pu_ai_crim.xml
ORIG_600i_Touring,vehicle_NameORIG_600i_Touring,vehicle_DescORIG_600i_Touring,1e47a9ec-a3f0-431d-be0e-377712e1ed84,ORIG,manufacturer_NameOrigin,Spaceship,scripts/entities/vehicles/implementations/xml/orig_600i.xml,Touring,vehicle_focus_exploration,605f6ca1-9eae-4d78-9f7f-71288d44dada,item_ShipFocus_LuxuryTouring,7b573f8f-4e5d-4e97-bd9c-196faddb0a18,1,55000,1,1,0,1c1b7cb7-68de-4e7d-8690-c0fa2d6636ba,11b660a2-c77c-490b-9e85-ee70400c5cf8,libs/foundry/records/entities/spaceships/orig_600i_touring.xml
ORIG_600i_Unmanned_Salvage,vehicle_NameORIG_600i,vehicle_DescORIG_600i,1e47a9ec-a3f0-431d-be0e-377712e1ed84,ORIG,manufacturer_NameOrigin,Spaceship,scripts/entities/vehicles/implementations/xml/orig_600i.xml,,vehicle_focus_exploration,605f6ca1-9eae-4d78-9f7f-71288d44dada,vehicle_class_expedition,bdf53a4c-0fce-442f-9222-e438792d7b75,1,55000,1,1,0,417e05b1-d424-4b79-a8e6-c8898743a8c6,25ec2a44-7bb1-4ac5-ae0d-7af6f1c9757b,libs/foundry/records/entities/spaceships/orig_600i_unmanned_salvage.xml
ORIG_600i_Unmanned,vehicle_NameORIG_600i,vehicle_DescORIG_600i,1e47a9ec-a3f0-431d-be0e-377712e1ed84,ORIG,manufacturer_NameOrigin,Spaceship,scripts/entities/vehicles/implementations/xml/orig_600i.xml,,vehicle_focus_exploration,605f6ca1-9eae-4d78-9f7f-71288d44dada,vehicle_class_expedition,bdf53a4c-0fce-442f-9222-e438792d7b75,1,55000,1,1,0,417e05b1-d424-4b79-a8e6-c8898743a8c6,5df1c547-d86f-4bc4-9483-14d71a2914c8,libs/foundry/records/entities/spaceships/orig_600i_unmanned.xml
ORIG_600i,vehicle_NameORIG_600i,vehicle_DescORIG_600i,1e47a9ec-a3f0-431d-be0e-377712e1ed84,ORIG,manufacturer_NameOrigin,Spaceship,scripts/entities/vehicles/implementations/xml/orig_600i.xml,,vehicle_focus_exploration,605f6ca1-9eae-4d78-9f7f-71288d44dada,vehicle_class_expedition,bdf53a4c-0fce-442f-9222-e438792d7b75,1,55000,1,1,0,417e05b1-d424-4b79-a8e6-c8898743a8c6,f8ac4c26-8f4d-4cb3-9be2-7d867a95a877,libs/foundry/records/entities/spaceships/orig_600i.xml
ORIG_85X_PU_AI_CIV,vehicle_NameORIG_85X,vehicle_DescORIG_85X,1e47a9ec-a3f0-431d-be0e-377712e1ed84,ORIG,manufacturer_NameOrigin,Spaceship,scripts/entities/vehicles/implementations/xml/orig_85x.xml,,vehicle_focus_exploration,605f6ca1-9eae-4d78-9f7f-71288d44dada,item_ShipFocus_Touring,7c6165ca-71b8-46b0-b0fa-b4c7f68b447e,1,1450,1,1,0,bc61b3f7-20fa-4cbb-9765-d43954b4a823,eaeefdca-f80e-4687-ac8f-c4aeb6461496,libs/foundry/records/entities/spaceships/orig_85x_pu_ai_civ.xml
ORIG_85X_PU_AI_CRIM,vehicle_NameORIG_85X,vehicle_DescORIG_85X,1e47a9ec-a3f0-431d-be0e-377712e1ed84,ORIG,manufacturer_NameOrigin,Spaceship,scripts/entities/vehicles/implementations/xml/orig_85x.xml,,vehicle_focus_exploration,605f6ca1-9eae-4d78-9f7f-71288d44dada,item_ShipFocus_Touring,7c6165ca-71b8-46b0-b0fa-b4c7f68b447e,1,1450,1,1,0,bc61b3f7-20fa-4cbb-9765-d43954b4a823,6bde9886-4283-4bcd-a1d5-d6fe0a9238ef,libs/foundry/records/entities/spaceships/orig_85x_pu_ai_crim.xml
ORIG_85X,vehicle_NameORIG_85X,vehicle_DescORIG_85X,1e47a9ec-a3f0-431d-be0e-377712e1ed84,ORIG,manufacturer_NameOrigin,Spaceship,scripts/entities/vehicles/implementations/xml/orig_85x.xml,,vehicle_focus_exploration,605f6ca1-9eae-4d78-9f7f-71288d44dada,item_ShipFocus_Touring,7c6165ca-71b8-46b0-b0fa-b4c7f68b447e,1,1450,1,1,0,bc61b3f7-20fa-4cbb-9765-d43954b4a823,9dc9c257-c413-416a-ab9b-06fbadf18d1e,libs/foundry/records/entities/spaceships/orig_85x.xml
ORIG_890Jump_AI_CIV_ShipBoarded,vehicle_NameORIG_890Jump,vehicle_DescORIG_890Jump,1e47a9ec-a3f0-431d-be0e-377712e1ed84,ORIG,manufacturer_NameOrigin,Spaceship,scripts/entities/vehicles/implementations/xml/orig_890jump.xml,,vehicle_focus_exploration,605f6ca1-9eae-4d78-9f7f-71288d44dada,item_ShipFocus_LuxuryTouring,7b573f8f-4e5d-4e97-bd9c-196faddb0a18,1,100000,1,1,0,81489cc5-9985-4ac4-ac24-2c9f14cd49fa,f8534c3c-cb3b-4ccb-b552-a1b16d08e823,libs/foundry/records/entities/spaceships/orig_890jump_ai_civ_shipboarded.xml
ORIG_890Jump_AI_Template_ShipBoarded,vehicle_NameORIG_890Jump,vehicle_DescORIG_890Jump,1e47a9ec-a3f0-431d-be0e-377712e1ed84,ORIG,manufacturer_NameOrigin,Spaceship,scripts/entities/vehicles/implementations/xml/orig_890jump.xml,,vehicle_focus_exploration,605f6ca1-9eae-4d78-9f7f-71288d44dada,item_ShipFocus_LuxuryTouring,7b573f8f-4e5d-4e97-bd9c-196faddb0a18,1,100000,1,1,0,81489cc5-9985-4ac4-ac24-2c9f14cd49fa,daf7e470-e320-42f3-bf7c-a593b1a0ff98,libs/foundry/records/entities/spaceships/orig_890jump_ai_template_shipboarded.xml
ORIG_890Jump_Drug_01,vehicle_NameORIG_890Jump_Hijacked,vehicle_DescORIG_890Jump,1e47a9ec-a3f0-431d-be0e-377712e1ed84,ORIG,manufacturer_NameOrigin,Spaceship,scripts/entities/vehicles/implementations/xml/orig_890jump.xml,,vehicle_focus_exploration,605f6ca1-9eae-4d78-9f7f-71288d44dada,item_ShipFocus_LuxuryTouring,7b573f8f-4e5d-4e97-bd9c-196faddb0a18,1,100000,1,1,0,81489cc5-9985-4ac4-ac24-2c9f14cd49fa,ed6569dc-a7fd-429a-b957-3c782bc4f9e0,libs/foundry/records/entities/spaceships/orig_890jump_drug_01.xml
ORIG_890Jump_Hijacked_Pisces,vehicle_NameORIG_890Jump_Hijacked,vehicle_DescORIG_890Jump,1e47a9ec-a3f0-431d-be0e-377712e1ed84,ORIG,manufacturer_NameOrigin,Spaceship,scripts/entities/vehicles/implementations/xml/orig_890jump.xml,,vehicle_focus_exploration,605f6ca1-9eae-4d78-9f7f-71288d44dada,item_ShipFocus_LuxuryTouring,7b573f8f-4e5d-4e97-bd9c-196faddb0a18,1,100000,1,1,0,81489cc5-9985-4ac4-ac24-2c9f14cd49fa,b3164e1f-fb2b-462e-bcbb-a7b093498c47,libs/foundry/records/entities/spaceships/orig_890jump_hijacked_pisces.xml
ORIG_890Jump_Hijacked,vehicle_NameORIG_890Jump_Hijacked,vehicle_DescORIG_890Jump,1e47a9ec-a3f0-431d-be0e-377712e1ed84,ORIG,manufacturer_NameOrigin,Spaceship,scripts/entities/vehicles/implementations/xml/orig_890jump.xml,,vehicle_focus_exploration,605f6ca1-9eae-4d78-9f7f-71288d44dada,item_ShipFocus_LuxuryTouring,7b573f8f-4e5d-4e97-bd9c-196faddb0a18,1,100000,1,1,0,81489cc5-9985-4ac4-ac24-2c9f14cd49fa,ab453a70-e992-40b2-848f-0ab0a93ae87a,libs/foundry/records/entities/spaceships/orig_890jump_hijacked.xml
ORIG_890Jump_PU_AI_CIV_DEF,vehicle_NameORIG_890Jump,vehicle_DescORIG_890Jump,1e47a9ec-a3f0-431d-be0e-377712e1ed84,ORIG,manufacturer_NameOrigin,Spaceship,scripts/entities/vehicles/implementations/xml/orig_890jump.xml,,vehicle_focus_exploration,605f6ca1-9eae-4d78-9f7f-71288d44dada,item_ShipFocus_LuxuryTouring,7b573f8f-4e5d-4e97-bd9c-196faddb0a18,1,100000,1,1,0,81489cc5-9985-4ac4-ac24-2c9f14cd49fa,f80528b0-af30-41b6-b90f-1d3c7837b4f4,libs/foundry/records/entities/spaceships/orig_890jump_pu_ai_civ_def.xml
ORIG_890Jump_PU_AI_CIV,vehicle_NameORIG_890Jump,vehicle_DescORIG_890Jump,1e47a9ec-a3f0-431d-be0e-377712e1ed84,ORIG,manufacturer_NameOrigin,Spaceship,scripts/entities/vehicles/implementations/xml/orig_890jump.xml,,vehicle_focus_exploration,605f6ca1-9eae-4d78-9f7f-71288d44dada,item_ShipFocus_LuxuryTouring,7b573f8f-4e5d-4e97-bd9c-196faddb0a18,1,100000,1,1,0,81489cc5-9985-4ac4-ac24-2c9f14cd49fa,42b747a6-0eba-421e-ae22-a331108db512,libs/foundry/records/entities/spaceships/orig_890jump_pu_ai_civ.xml
ORIG_890Jump_PU_AI_CRIM,vehicle_NameORIG_890Jump,vehicle_DescORIG_890Jump,1e47a9ec-a3f0-431d-be0e-377712e1ed84,ORIG,manufacturer_NameOrigin,Spaceship,scripts/entities/vehicles/implementations/xml/orig_890jump.xml,,vehicle_focus_exploration,605f6ca1-9eae-4d78-9f7f-71288d44dada,item_ShipFocus_LuxuryTouring,7b573f8f-4e5d-4e97-bd9c-196faddb0a18,1,100000,1,1,0,81489cc5-9985-4ac4-ac24-2c9f14cd49fa,78a3bd92-1b56-4676-8143-12c019d861dc,libs/foundry/records/entities/spaceships/orig_890jump_pu_ai_crim.xml
ORIG_890Jump_Unmanned_Salvage,vehicle_NameORIG_890Jump,vehicle_DescORIG_890Jump,1e47a9ec-a3f0-431d-be0e-377712e1ed84,ORIG,manufacturer_NameOrigin,Spaceship,scripts/entities/vehicles/implementations/xml/orig_890jump.xml,,vehicle_focus_exploration,605f6ca1-9eae-4d78-9f7f-71288d44dada,item_ShipFocus_LuxuryTouring,7b573f8f-4e5d-4e97-bd9c-196faddb0a18,1,100000,1,1,0,81489cc5-9985-4ac4-ac24-2c9f14cd49fa,e1c95c9a-5b06-4c20-987c-a5c8bcb1cfbf,libs/foundry/records/entities/spaceships/orig_890jump_unmanned_salvage.xml
ORIG_890Jump_Unmanned,vehicle_NameORIG_890Jump,vehicle_DescORIG_890Jump,1e47a9ec-a3f0-431d-be0e-377712e1ed84,ORIG,manufacturer_NameOrigin,Spaceship,scripts/entities/vehicles/implementations/xml/orig_890jump.xml,,vehicle_focus_exploration,605f6ca1-9eae-4d78-9f7f-71288d44dada,item_ShipFocus_LuxuryTouring,7b573f8f-4e5d-4e97-bd9c-196faddb0a18,1,100000,1,1,0,81489cc5-9985-4ac4-ac24-2c9f14cd49fa,05189197-09f7-4869-8db2-5fe21886cda3,libs/foundry/records/entities/spaceships/orig_890jump_unmanned.xml
ORIG_890Jump,vehicle_NameORIG_890Jump,vehicle_DescORIG_890Jump,1e47a9ec-a3f0-431d-be0e-377712e1ed84,ORIG,manufacturer_NameOrigin,Spaceship,scripts/entities/vehicles/implementations/xml/orig_890jump.xml,,vehicle_focus_exploration,605f6ca1-9eae-4d78-9f7f-71288d44dada,item_ShipFocus_LuxuryTouring,7b573f8f-4e5d-4e97-bd9c-196faddb0a18,1,100000,1,1,0,81489cc5-9985-4ac4-ac24-2c9f14cd49fa,50ddaf5e-a8e3-42fe-a1d3-7267f39b39b0,libs/foundry/records/entities/spaceships/orig_890jump.xml
ORIG_m50_PU_AI_Advocacy,vehicle_NameORIG_m50,vehicle_DescORIG_m50,1e47a9ec-a3f0-431d-be0e-377712e1ed84,ORIG,manufacturer_NameOrigin,Spaceship,Scripts/Entities/Vehicles/Implementations/Xml/ORIG_m50.xml,,vehicle_focus_competition,0f148cb8-74eb-45fa-bd77-82a756fa4b36,vehicle_class_racing,42c95b15-5e41-4c2d-a342-8df0aa82ae3b,1,2500,1,1,0,,b86020fb-f0b9-4474-8ad2-5011b34572ed,libs/foundry/records/entities/spaceships/orig_m50_pu_ai_advocacy.xml
ORIG_m50_PU_AI_CIV,vehicle_NameORIG_m50,vehicle_DescORIG_m50,1e47a9ec-a3f0-431d-be0e-377712e1ed84,ORIG,manufacturer_NameOrigin,Spaceship,Scripts/Entities/Vehicles/Implementations/Xml/ORIG_m50.xml,,vehicle_focus_competition,0f148cb8-74eb-45fa-bd77-82a756fa4b36,vehicle_class_racing,42c95b15-5e41-4c2d-a342-8df0aa82ae3b,1,2500,1,1,0,,b1045102-2748-43b4-97ce-29c7dbdeb5de,libs/foundry/records/entities/spaceships/orig_m50_pu_ai_civ.xml
ORIG_m50_PU_AI_CRIM,vehicle_NameORIG_m50,vehicle_DescORIG_m50,1e47a9ec-a3f0-431d-be0e-377712e1ed84,ORIG,manufacturer_NameOrigin,Spaceship,Scripts/Entities/Vehicles/Implementations/Xml/ORIG_m50.xml,,vehicle_focus_competition,0f148cb8-74eb-45fa-bd77-82a756fa4b36,vehicle_class_racing,42c95b15-5e41-4c2d-a342-8df0aa82ae3b,1,2500,1,1,0,,b25fddf0-114c-4c70-997c-c28f5999ac91,libs/foundry/records/entities/spaceships/orig_m50_pu_ai_crim.xml
ORIG_m50_PU_AI_NineTails,vehicle_NameORIG_m50,vehicle_DescORIG_m50,1e47a9ec-a3f0-431d-be0e-377712e1ed84,ORIG,manufacturer_NameOrigin,Spaceship,Scripts/Entities/Vehicles/Implementations/Xml/ORIG_m50.xml,,vehicle_focus_competition,0f148cb8-74eb-45fa-bd77-82a756fa4b36,vehicle_class_racing,42c95b15-5e41-4c2d-a342-8df0aa82ae3b,1,2500,1,1,0,,1158cd1e-9e8d-46bf-ab69-0f67eb6655e3,libs/foundry/records/entities/spaceships/orig_m50_pu_ai_ninetails.xml
ORIG_m50_PU_AI_NT,vehicle_NameORIG_m50,vehicle_DescORIG_m50,1e47a9ec-a3f0-431d-be0e-377712e1ed84,ORIG,manufacturer_NameOrigin,Spaceship,Scripts/Entities/Vehicles/Implementations/Xml/ORIG_m50.xml,,vehicle_focus_competition,0f148cb8-74eb-45fa-bd77-82a756fa4b36,vehicle_class_racing,42c95b15-5e41-4c2d-a342-8df0aa82ae3b,1,2500,1,1,0,,3cd86221-f741-4c25-a76c-0085a914fc74,libs/foundry/records/entities/spaceships/orig_m50_pu_ai_nt.xml
ORIG_m50,vehicle_NameORIG_m50,vehicle_DescORIG_m50,1e47a9ec-a3f0-431d-be0e-377712e1ed84,ORIG,manufacturer_NameOrigin,Spaceship,Scripts/Entities/Vehicles/Implementations/Xml/ORIG_m50.xml,,vehicle_focus_competition,0f148cb8-74eb-45fa-bd77-82a756fa4b36,vehicle_class_racing,42c95b15-5e41-4c2d-a342-8df0aa82ae3b,1,2500,1,1,0,,1b57cdac-693b-410b-8343-68fa194c94ae,libs/foundry/records/entities/spaceships/orig_m50.xml
ORIG_m80,vehicle_NameORIG_M80,vehicle_DescORIG_M80,1e47a9ec-a3f0-431d-be0e-377712e1ed84,ORIG,manufacturer_NameOrigin,Spaceship,Scripts/Entities/Vehicles/Implementations/Xml/ORIG_m80.xml,,vehicle_focus_combat,2bf4345e-cf3c-4ecb-91ce-f9daa8ff47f8,vehicle_class_heavyfighter,b9fdb132-72dd-48e4-8fd6-64a4b74595d7,1,2500,1,1,0,c5efc6cb-bbed-4e9c-a42b-623b30417ab0,01c24704-ae47-4b31-931c-d35655edaa05,libs/foundry/records/entities/spaceships/orig_m80.xml
ORIG_X1_Force,vehicle_NameORIG_X1_Force,vehicle_DescORIG_X1_Force,1e47a9ec-a3f0-431d-be0e-377712e1ed84,ORIG,manufacturer_NameOrigin,Spaceship,Scripts/Entities/Vehicles/Implementations/Xml/ORIG_X1.xml,X1_Force,vehicle_focus_combat,2bf4345e-cf3c-4ecb-91ce-f9daa8ff47f8,vehicle_class_passenger,e23c9136-14ab-4814-8c99-50973444f9c4,1,2500,1,1,1,07b72e0c-74a4-4f62-81b5-da31c2afcb86,b416dbbf-53f2-489e-a9dc-456286aa6c70,libs/foundry/records/entities/spaceships/orig_x1_force.xml
ORIG_X1_Velocity,vehicle_NameORIG_X1_Velocity,vehicle_DescORIG_X1_Velocity,1e47a9ec-a3f0-431d-be0e-377712e1ed84,ORIG,manufacturer_NameOrigin,Spaceship,Scripts/Entities/Vehicles/Implementations/Xml/ORIG_X1.xml,X1_Velocity,vehicle_focus_competition,0f148cb8-74eb-45fa-bd77-82a756fa4b36,item_ShipFocus_Racing,42c95b15-5e41-4c2d-a342-8df0aa82ae3b,1,2500,1,1,1,07b72e0c-74a4-4f62-81b5-da31c2afcb86,58e25524-8bd3-450f-8442-7b58fdfc8a50,libs/foundry/records/entities/spaceships/orig_x1_velocity.xml
ORIG_X1,vehicle_NameORIG_X1,vehicle_DescORIG_X1,1e47a9ec-a3f0-431d-be0e-377712e1ed84,ORIG,manufacturer_NameOrigin,Spaceship,Scripts/Entities/Vehicles/Implementations/Xml/ORIG_X1.xml,,vehicle_focus_exploration,605f6ca1-9eae-4d78-9f7f-71288d44dada,vehicle_class_passenger,e23c9136-14ab-4814-8c99-50973444f9c4,1,2500,1,1,1,07b72e0c-74a4-4f62-81b5-da31c2afcb86,829d0525-e67e-4e57-9f52-b4e572a4f73d,libs/foundry/records/entities/spaceships/orig_x1.xml
probe_comms_1_a_PSec,vehicle_Nameprobe_comms_1_a,vehicle_Descprobe_comms_1_a,9e1f5a35-edcc-4d19-bede-08e2730043c5,ARGO,manufacturer_NameARGO,Spaceship,scripts/entities/vehicles/implementations/xml/probe_comms_1_a.xml,,vehicle_focus_transporter,d86d770d-1fc4-4525-b3b0-4f670a8a5634,vehicle_class_lightfreight,ff99d78e-3a6a-4e4d-8b1c-59e87a005c11,1,2500,0,0,0,04555ac1-dfc1-4181-b847-dcd62f5147da,349fd8af-0305-4f73-b087-8d1b4293cf81,libs/foundry/records/entities/spaceships/probe_comms_1_a_psec.xml
probe_comms_1_a,vehicle_Nameprobe_comms_1_a,vehicle_Descprobe_comms_1_a,9e1f5a35-edcc-4d19-bede-08e2730043c5,ARGO,manufacturer_NameARGO,Spaceship,scripts/entities/vehicles/implementations/xml/probe_comms_1_a.xml,,vehicle_focus_transporter,d86d770d-1fc4-4525-b3b0-4f670a8a5634,vehicle_class_lightfreight,ff99d78e-3a6a-4e4d-8b1c-59e87a005c11,1,2500,0,0,0,04555ac1-dfc1-4181-b847-dcd62f5147da,dd638b84-b8ea-4e95-9297-bdcfe4ae504a,libs/foundry/records/entities/spaceships/probe_comms_1_a.xml
probe_comms_1_b_Civ,vehicle_Nameprobe_comms_1_a,vehicle_Descprobe_comms_1_a,9e1f5a35-edcc-4d19-bede-08e2730043c5,ARGO,manufacturer_NameARGO,Spaceship,scripts/entities/vehicles/implementations/xml/probe_comms_1_a.xml,Disused,vehicle_focus_transporter,d86d770d-1fc4-4525-b3b0-4f670a8a5634,vehicle_class_lightfreight,ff99d78e-3a6a-4e4d-8b1c-59e87a005c11,1,2500,0,0,0,04555ac1-dfc1-4181-b847-dcd62f5147da,3915d4cb-f130-45d0-849a-e9e8d433720b,libs/foundry/records/entities/spaceships/probe_comms_1_b_civ.xml
probe_comms_1_Ninetails,vehicle_Nameprobe_comms_1_a,vehicle_Descprobe_comms_1_a,9e1f5a35-edcc-4d19-bede-08e2730043c5,ARGO,manufacturer_NameARGO,Spaceship,scripts/entities/vehicles/implementations/xml/probe_comms_1_a.xml,Disused,vehicle_focus_transporter,d86d770d-1fc4-4525-b3b0-4f670a8a5634,vehicle_class_lightfreight,ff99d78e-3a6a-4e4d-8b1c-59e87a005c11,1,2500,0,0,0,04555ac1-dfc1-4181-b847-dcd62f5147da,930b6156-c75a-4f6e-bc28-9b5478144572,libs/foundry/records/entities/spaceships/probe_comms_1_ninetails.xml
RSI_Apollo_Medivac_AI_CIV,vehicle_NameRSI_Apollo_Medivac,vehicle_DescRSI_Apollo_Medivac,23186ec6-28ed-4f2e-a3f9-0c5459202d63,RSI_2025,manufacturer_NameRSI,Spaceship,Scripts/Entities/Vehicles/Implementations/Xml/rsi_apollo.xml,,vehicle_focus_support,90be8892-b27f-49e6-a2e1-b13801bf4bd5,vehicle_class_medical,8f1c5179-1fe8-42f2-98af-3f5e5b8accb9,2,20000,1,1,0,4b2dbad4-ca1c-4016-9d1c-7850f565a160,0e14e827-799b-41b0-8e43-ac3fd155ce5e,libs/foundry/records/entities/spaceships/rsi_apollo_medivac_ai_civ.xml
RSI_Apollo_Medivac_AI_CRIM,vehicle_NameRSI_Apollo_Medivac,vehicle_DescRSI_Apollo_Medivac,23186ec6-28ed-4f2e-a3f9-0c5459202d63,RSI_2025,manufacturer_NameRSI,Spaceship,Scripts/Entities/Vehicles/Implementations/Xml/rsi_apollo.xml,,vehicle_focus_support,90be8892-b27f-49e6-a2e1-b13801bf4bd5,vehicle_class_medical,8f1c5179-1fe8-42f2-98af-3f5e5b8accb9,2,20000,1,1,0,4b2dbad4-ca1c-4016-9d1c-7850f565a160,ea261941-4d7e-4d53-8902-569edd553cf7,libs/foundry/records/entities/spaceships/rsi_apollo_medivac_ai_crim.xml
RSI_Apollo_Medivac_Tier_1,vehicle_NameRSI_Apollo_Medivac,vehicle_DescRSI_Apollo_Medivac,23186ec6-28ed-4f2e-a3f9-0c5459202d63,RSI_2025,manufacturer_NameRSI,Spaceship,Scripts/Entities/Vehicles/Implementations/Xml/rsi_apollo.xml,,vehicle_focus_support,90be8892-b27f-49e6-a2e1-b13801bf4bd5,vehicle_class_medical,8f1c5179-1fe8-42f2-98af-3f5e5b8accb9,2,20000,1,1,0,4b2dbad4-ca1c-4016-9d1c-7850f565a160,40462066-1bef-775b-7708-dea79dcaf2bd,libs/foundry/records/entities/spaceships/rsi_apollo_medivac_tier_1.xml
RSI_Apollo_Medivac_Tier_2,vehicle_NameRSI_Apollo_Medivac,vehicle_DescRSI_Apollo_Medivac,23186ec6-28ed-4f2e-a3f9-0c5459202d63,RSI_2025,manufacturer_NameRSI,Spaceship,Scripts/Entities/Vehicles/Implementations/Xml/rsi_apollo.xml,,vehicle_focus_support,90be8892-b27f-49e6-a2e1-b13801bf4bd5,vehicle_class_medical,8f1c5179-1fe8-42f2-98af-3f5e5b8accb9,2,20000,1,1,0,4b2dbad4-ca1c-4016-9d1c-7850f565a160,47ac6072-b195-d9a9-5ea2-4a46a91919b5,libs/foundry/records/entities/spaceships/rsi_apollo_medivac_tier_2.xml
RSI_Apollo_Medivac_Tier_3,vehicle_NameRSI_Apollo_Medivac,vehicle_DescRSI_Apollo_Medivac,23186ec6-28ed-4f2e-a3f9-0c5459202d63,RSI_2025,manufacturer_NameRSI,Spaceship,Scripts/Entities/Vehicles/Implementations/Xml/rsi_apollo.xml,,vehicle_focus_support,90be8892-b27f-49e6-a2e1-b13801bf4bd5,vehicle_class_medical,8f1c5179-1fe8-42f2-98af-3f5e5b8accb9,2,20000,1,1,0,4b2dbad4-ca1c-4016-9d1c-7850f565a160,414fb711-2320-30d5-d58f-c2aafd03e4b9,libs/foundry/records/entities/spaceships/rsi_apollo_medivac_tier_3.xml
RSI_Apollo_Medivac,vehicle_NameRSI_Apollo_Medivac,vehicle_DescRSI_Apollo_Medivac,23186ec6-28ed-4f2e-a3f9-0c5459202d63,RSI_2025,manufacturer_NameRSI,Spaceship,Scripts/Entities/Vehicles/Implementations/Xml/rsi_apollo.xml,,vehicle_focus_support,90be8892-b27f-49e6-a2e1-b13801bf4bd5,vehicle_class_medical,8f1c5179-1fe8-42f2-98af-3f5e5b8accb9,2,20000,1,1,0,4b2dbad4-ca1c-4016-9d1c-7850f565a160,4559fbe2-55ab-a5a8-4e77-75106cb96ab7,libs/foundry/records/entities/spaceships/rsi_apollo_medivac.xml
RSI_Apollo_Triage_AI_CIV,vehicle_NameRSI_Apollo_Triage,vehicle_DescRSI_Apollo_Triage,23186ec6-28ed-4f2e-a3f9-0c5459202d63,RSI_2025,manufacturer_NameRSI,Spaceship,Scripts/Entities/Vehicles/Implementations/Xml/rsi_apollo.xml,Triage,vehicle_focus_support,90be8892-b27f-49e6-a2e1-b13801bf4bd5,vehicle_class_medical,8f1c5179-1fe8-42f2-98af-3f5e5b8accb9,2,20000,1,1,0,4b2dbad4-ca1c-4016-9d1c-7850f565a160,66294e30-632e-4388-a119-043a5d2be3e5,libs/foundry/records/entities/spaceships/rsi_apollo_triage_ai_civ.xml
RSI_Apollo_Triage_AI_CRIM,vehicle_NameRSI_Apollo_Triage,vehicle_DescRSI_Apollo_Triage,23186ec6-28ed-4f2e-a3f9-0c5459202d63,RSI_2025,manufacturer_NameRSI,Spaceship,Scripts/Entities/Vehicles/Implementations/Xml/rsi_apollo.xml,Triage,vehicle_focus_support,90be8892-b27f-49e6-a2e1-b13801bf4bd5,vehicle_class_medical,8f1c5179-1fe8-42f2-98af-3f5e5b8accb9,2,20000,1,1,0,4b2dbad4-ca1c-4016-9d1c-7850f565a160,331cdff0-d972-4547-8798-3ab12f2afded,libs/foundry/records/entities/spaceships/rsi_apollo_triage_ai_crim.xml
RSI_Apollo_Triage_Collector_Stealth,vehicle_NameRSI_Apollo_Triage_Collector_Stealth,vehicle_DescRSI_Apollo_Triage_Collector_Stealth,23186ec6-28ed-4f2e-a3f9-0c5459202d63,RSI_2025,manufacturer_NameRSI,Spaceship,Scripts/Entities/Vehicles/Implementations/Xml/rsi_apollo.xml,Triage,vehicle_focus_support,90be8892-b27f-49e6-a2e1-b13801bf4bd5,vehicle_class_medical,8f1c5179-1fe8-42f2-98af-3f5e5b8accb9,2,20000,1,1,0,4b2dbad4-ca1c-4016-9d1c-7850f565a160,752f2ea8-159a-4a58-b4af-fd79054b3e2f,libs/foundry/records/entities/spaceships/rsi_apollo_triage_collector_stealth.xml
RSI_Apollo_Triage_Tier_1,vehicle_NameRSI_Apollo_Triage,vehicle_DescRSI_Apollo_Triage,23186ec6-28ed-4f2e-a3f9-0c5459202d63,RSI_2025,manufacturer_NameRSI,Spaceship,Scripts/Entities/Vehicles/Implementations/Xml/rsi_apollo.xml,Triage,vehicle_focus_support,90be8892-b27f-49e6-a2e1-b13801bf4bd5,vehicle_class_medical,8f1c5179-1fe8-42f2-98af-3f5e5b8accb9,2,20000,1,1,0,4b2dbad4-ca1c-4016-9d1c-7850f565a160,4f3daef1-19bf-4a44-5804-73a214db75b2,libs/foundry/records/entities/spaceships/rsi_apollo_triage_tier_1.xml
RSI_Apollo_Triage_Tier_2,vehicle_NameRSI_Apollo_Triage,vehicle_DescRSI_Apollo_Triage,23186ec6-28ed-4f2e-a3f9-0c5459202d63,RSI_2025,manufacturer_NameRSI,Spaceship,Scripts/Entities/Vehicles/Implementations/Xml/rsi_apollo.xml,Triage,vehicle_focus_support,90be8892-b27f-49e6-a2e1-b13801bf4bd5,vehicle_class_medical,8f1c5179-1fe8-42f2-98af-3f5e5b8accb9,2,20000,1,1,0,4b2dbad4-ca1c-4016-9d1c-7850f565a160,45a3917d-662c-3bfd-aafe-9947a644e3a0,libs/foundry/records/entities/spaceships/rsi_apollo_triage_tier_2.xml
RSI_Apollo_Triage_Tier_3,vehicle_NameRSI_Apollo_Triage,vehicle_DescRSI_Apollo_Triage,23186ec6-28ed-4f2e-a3f9-0c5459202d63,RSI_2025,manufacturer_NameRSI,Spaceship,Scripts/Entities/Vehicles/Implementations/Xml/rsi_apollo.xml,Triage,vehicle_focus_support,90be8892-b27f-49e6-a2e1-b13801bf4bd5,vehicle_class_medical,8f1c5179-1fe8-42f2-98af-3f5e5b8accb9,2,20000,1,1,0,4b2dbad4-ca1c-4016-9d1c-7850f565a160,4941d59e-b09c-cce6-7835-9469cda03fa4,libs/foundry/records/entities/spaceships/rsi_apollo_triage_tier_3.xml
RSI_Apollo_Triage,vehicle_NameRSI_Apollo_Triage,vehicle_DescRSI_Apollo_Triage,23186ec6-28ed-4f2e-a3f9-0c5459202d63,RSI_2025,manufacturer_NameRSI,Spaceship,Scripts/Entities/Vehicles/Implementations/Xml/rsi_apollo.xml,Triage,vehicle_focus_support,90be8892-b27f-49e6-a2e1-b13801bf4bd5,vehicle_class_medical,8f1c5179-1fe8-42f2-98af-3f5e5b8accb9,2,20000,1,1,0,4b2dbad4-ca1c-4016-9d1c-7850f565a160,478bfc10-9577-ac19-262a-d40a93c3fcb2,libs/foundry/records/entities/spaceships/rsi_apollo_triage.xml
RSI_Aurora_CL_PU_AI_CIV,vehicle_NameRSI_Aurora_CL,vehicle_DescRSI_Aurora_CL,093e6eba-93fa-4dad-b3dd-38966934e34e,RSI,manufacturer_NameRSI,Spaceship,scripts/entities/vehicles/implementations/xml/rsi_aurora.xml,CL,vehicle_focus_transporter,d86d770d-1fc4-4525-b3b0-4f670a8a5634,vehicle_class_lightfreight,ff99d78e-3a6a-4e4d-8b1c-59e87a005c11,1,2000,1,1,0,0215913a-956e-4800-9a60-8c16bc84480a,ad25c815-550f-47fb-bc1f-ba9af64a7ac1,libs/foundry/records/entities/spaceships/rsi_aurora_cl_pu_ai_civ.xml
RSI_Aurora_CL_PU_AI_CRIM,vehicle_NameRSI_Aurora_CL,vehicle_DescRSI_Aurora_CL,093e6eba-93fa-4dad-b3dd-38966934e34e,RSI,manufacturer_NameRSI,Spaceship,scripts/entities/vehicles/implementations/xml/rsi_aurora.xml,CL,vehicle_focus_transporter,d86d770d-1fc4-4525-b3b0-4f670a8a5634,vehicle_class_lightfreight,ff99d78e-3a6a-4e4d-8b1c-59e87a005c11,1,2000,1,1,0,0215913a-956e-4800-9a60-8c16bc84480a,38a793ce-c874-4ce7-aabc-0bed81776993,libs/foundry/records/entities/spaceships/rsi_aurora_cl_pu_ai_crim.xml
RSI_Aurora_ES_PU_AI_CIV,vehicle_NameRSI_Aurora_ES,vehicle_DescRSI_Aurora_ES,093e6eba-93fa-4dad-b3dd-38966934e34e,RSI,manufacturer_NameRSI,Spaceship,scripts/entities/vehicles/implementations/xml/rsi_aurora.xml,ES,vehicle_focus_exploration,605f6ca1-9eae-4d78-9f7f-71288d44dada,vehicle_class_starterpathfinder,bc5f32d6-ed12-42d9-a71e-56b2d0dd19ba,1,2000,1,1,0,d961541d-7667-402c-876f-760547e3dc6e,4718205c-5816-40bb-ba0f-d444c0e1aca4,libs/foundry/records/entities/spaceships/rsi_aurora_es_pu_ai_civ.xml
RSI_Aurora_ES_PU_AI_CRIM,vehicle_NameRSI_Aurora_ES,vehicle_DescRSI_Aurora_ES,093e6eba-93fa-4dad-b3dd-38966934e34e,RSI,manufacturer_NameRSI,Spaceship,scripts/entities/vehicles/implementations/xml/rsi_aurora.xml,ES,vehicle_focus_exploration,605f6ca1-9eae-4d78-9f7f-71288d44dada,vehicle_class_starterpathfinder,bc5f32d6-ed12-42d9-a71e-56b2d0dd19ba,1,2000,1,1,0,d961541d-7667-402c-876f-760547e3dc6e,4f00d62b-0412-4340-b0da-89eff79f0737,libs/foundry/records/entities/spaceships/rsi_aurora_es_pu_ai_crim.xml
RSI_Aurora_GS_CL_AI_CIV,vehicle_NameRSI_Aurora_CL,vehicle_DescRSI_Aurora_CL,093e6eba-93fa-4dad-b3dd-38966934e34e,RSI,manufacturer_NameRSI,Spaceship,scripts/entities/vehicles/implementations/xml/rsi_aurora_gs.xml,CL,vehicle_focus_transporter,d86d770d-1fc4-4525-b3b0-4f670a8a5634,vehicle_class_lightfreight,ff99d78e-3a6a-4e4d-8b1c-59e87a005c11,1,2000,1,1,0,0215913a-956e-4800-9a60-8c16bc84480a,4af77251-4e6d-4951-bfc5-186f68422f04,libs/foundry/records/entities/spaceships/rsi_aurora_gs_cl_ai_civ.xml
RSI_Aurora_GS_CL_AI_CRIM,vehicle_NameRSI_Aurora_CL,vehicle_DescRSI_Aurora_CL,093e6eba-93fa-4dad-b3dd-38966934e34e,RSI,manufacturer_NameRSI,Spaceship,scripts/entities/vehicles/implementations/xml/rsi_aurora_gs.xml,CL,vehicle_focus_transporter,d86d770d-1fc4-4525-b3b0-4f670a8a5634,vehicle_class_lightfreight,ff99d78e-3a6a-4e4d-8b1c-59e87a005c11,1,2000,1,1,0,0215913a-956e-4800-9a60-8c16bc84480a,f9efbc9a-0ec2-4737-86f7-c3efbf39e91f,libs/foundry/records/entities/spaceships/rsi_aurora_gs_cl_ai_crim.xml
RSI_Aurora_GS_CL,vehicle_NameRSI_Aurora_CL,vehicle_DescRSI_Aurora_CL,093e6eba-93fa-4dad-b3dd-38966934e34e,RSI,manufacturer_NameRSI,Spaceship,scripts/entities/vehicles/implementations/xml/rsi_aurora_gs.xml,CL,vehicle_focus_transporter,d86d770d-1fc4-4525-b3b0-4f670a8a5634,vehicle_class_lightfreight,ff99d78e-3a6a-4e4d-8b1c-59e87a005c11,1,2000,1,1,0,0215913a-956e-4800-9a60-8c16bc84480a,c984fac2-06c0-4776-8f93-07ebd2c26ad3,libs/foundry/records/entities/spaceships/rsi_aurora_gs_cl.xml
RSI_Aurora_GS_ES_AI_CIV,vehicle_NameRSI_Aurora_ES,vehicle_DescRSI_Aurora_ES,093e6eba-93fa-4dad-b3dd-38966934e34e,RSI,manufacturer_NameRSI,Spaceship,scripts/entities/vehicles/implementations/xml/rsi_aurora_gs.xml,ES,vehicle_focus_multirole,17924962-38db-4bd7-a6ae-7c54d925519f,vehicle_class_starterpathfinder,bc5f32d6-ed12-42d9-a71e-56b2d0dd19ba,1,2000,1,1,0,d961541d-7667-402c-876f-760547e3dc6e,8ca74cc5-1bdf-4e63-9fe0-f5bbedbc4c23,libs/foundry/records/entities/spaceships/rsi_aurora_gs_es_ai_civ.xml
RSI_Aurora_GS_ES_AI_CRIM,vehicle_NameRSI_Aurora_ES,vehicle_DescRSI_Aurora_ES,093e6eba-93fa-4dad-b3dd-38966934e34e,RSI,manufacturer_NameRSI,Spaceship,scripts/entities/vehicles/implementations/xml/rsi_aurora_gs.xml,ES,vehicle_focus_multirole,17924962-38db-4bd7-a6ae-7c54d925519f,vehicle_class_starterpathfinder,bc5f32d6-ed12-42d9-a71e-56b2d0dd19ba,1,2000,1,1,0,d961541d-7667-402c-876f-760547e3dc6e,e2044cab-3e0e-4604-960a-44ce0654aeb5,libs/foundry/records/entities/spaceships/rsi_aurora_gs_es_ai_crim.xml
RSI_Aurora_GS_ES,vehicle_NameRSI_Aurora_ES,vehicle_DescRSI_Aurora_ES,093e6eba-93fa-4dad-b3dd-38966934e34e,RSI,manufacturer_NameRSI,Spaceship,scripts/entities/vehicles/implementations/xml/rsi_aurora_gs.xml,ES,vehicle_focus_multirole,17924962-38db-4bd7-a6ae-7c54d925519f,vehicle_class_starterpathfinder,bc5f32d6-ed12-42d9-a71e-56b2d0dd19ba,1,2000,1,1,0,d961541d-7667-402c-876f-760547e3dc6e,d8987dc2-340d-4312-8d4f-aee7e7fac823,libs/foundry/records/entities/spaceships/rsi_aurora_gs_es.xml
RSI_Aurora_GS_LN_AI_CIV,vehicle_NameRSI_Aurora_LN,vehicle_DescRSI_Aurora_LN,093e6eba-93fa-4dad-b3dd-38966934e34e,RSI,manufacturer_NameRSI,Spaceship,scripts/entities/vehicles/implementations/xml/rsi_aurora_gs.xml,LN,vehicle_focus_combat,2bf4345e-cf3c-4ecb-91ce-f9daa8ff47f8,vehicle_class_lightfighter,bf73e515-0e01-409e-84fb-acbef27e1686,1,2000,1,1,0,aea07b6b-c1ed-44e2-addc-97cb5828bba2,9e1d8a67-da81-42ad-ace5-1b15997499c5,libs/foundry/records/entities/spaceships/rsi_aurora_gs_ln_ai_civ.xml
RSI_Aurora_GS_LN_AI_CRIM,vehicle_NameRSI_Aurora_LN,vehicle_DescRSI_Aurora_LN,093e6eba-93fa-4dad-b3dd-38966934e34e,RSI,manufacturer_NameRSI,Spaceship,scripts/entities/vehicles/implementations/xml/rsi_aurora_gs.xml,LN,vehicle_focus_combat,2bf4345e-cf3c-4ecb-91ce-f9daa8ff47f8,vehicle_class_lightfighter,bf73e515-0e01-409e-84fb-acbef27e1686,1,2000,1,1,0,aea07b6b-c1ed-44e2-addc-97cb5828bba2,71939236-980c-4d58-b235-b9f4675757d2,libs/foundry/records/entities/spaceships/rsi_aurora_gs_ln_ai_crim.xml
RSI_Aurora_GS_LN,vehicle_NameRSI_Aurora_LN,vehicle_DescRSI_Aurora_LN,093e6eba-93fa-4dad-b3dd-38966934e34e,RSI,manufacturer_NameRSI,Spaceship,scripts/entities/vehicles/implementations/xml/rsi_aurora_gs.xml,LN,vehicle_focus_combat,2bf4345e-cf3c-4ecb-91ce-f9daa8ff47f8,vehicle_class_lightfighter,bf73e515-0e01-409e-84fb-acbef27e1686,1,2000,1,1,0,aea07b6b-c1ed-44e2-addc-97cb5828bba2,d7828052-56fb-41a6-ae7d-bc29b0bdf68c,libs/foundry/records/entities/spaceships/rsi_aurora_gs_ln.xml
RSI_Aurora_GS_LX_AI_CIV,vehicle_NameRSI_Aurora_LX,vehicle_DescRSI_Aurora_LX,093e6eba-93fa-4dad-b3dd-38966934e34e,RSI,manufacturer_NameRSI,Spaceship,scripts/entities/vehicles/implementations/xml/rsi_aurora_gs.xml,LX,vehicle_focus_exploration,605f6ca1-9eae-4d78-9f7f-71288d44dada,vehicle_class_pathfinder,8f440187-1d52-41d8-a0f5-b1ce0d34e6bf,1,2000,1,1,0,bab8c647-63d7-49b7-8900-f652302500aa,3e479fc4-654a-42b3-bf9f-401f95efb11d,libs/foundry/records/entities/spaceships/rsi_aurora_gs_lx_ai_civ.xml
RSI_Aurora_GS_LX_AI_CRIM,vehicle_NameRSI_Aurora_LX,vehicle_DescRSI_Aurora_LX,093e6eba-93fa-4dad-b3dd-38966934e34e,RSI,manufacturer_NameRSI,Spaceship,scripts/entities/vehicles/implementations/xml/rsi_aurora_gs.xml,LX,vehicle_focus_exploration,605f6ca1-9eae-4d78-9f7f-71288d44dada,vehicle_class_pathfinder,8f440187-1d52-41d8-a0f5-b1ce0d34e6bf,1,2000,1,1,0,bab8c647-63d7-49b7-8900-f652302500aa,072b4474-5520-4657-a6b1-208f5b2839c8,libs/foundry/records/entities/spaceships/rsi_aurora_gs_lx_ai_crim.xml
RSI_Aurora_GS_LX,vehicle_NameRSI_Aurora_LX,vehicle_DescRSI_Aurora_LX,093e6eba-93fa-4dad-b3dd-38966934e34e,RSI,manufacturer_NameRSI,Spaceship,scripts/entities/vehicles/implementations/xml/rsi_aurora_gs.xml,LX,vehicle_focus_exploration,605f6ca1-9eae-4d78-9f7f-71288d44dada,vehicle_class_pathfinder,8f440187-1d52-41d8-a0f5-b1ce0d34e6bf,1,2000,1,1,0,bab8c647-63d7-49b7-8900-f652302500aa,6fa21dc8-c838-4134-a74a-0cd8313bcad8,libs/foundry/records/entities/spaceships/rsi_aurora_gs_lx.xml
RSI_Aurora_GS_MR_AI_CIV,vehicle_NameRSI_Aurora_MR,vehicle_DescRSI_Aurora_MR,093e6eba-93fa-4dad-b3dd-38966934e34e,RSI,manufacturer_NameRSI,Spaceship,scripts/entities/vehicles/implementations/xml/rsi_aurora_gs.xml,MR,vehicle_focus_combat,2bf4345e-cf3c-4ecb-91ce-f9daa8ff47f8,vehicle_class_lightfighter,bf73e515-0e01-409e-84fb-acbef27e1686,1,2000,1,1,0,e14685da-990f-48ef-b54e-c82ca83235f9,e4f6df93-999a-450f-83a9-d3fbec65bb97,libs/foundry/records/entities/spaceships/rsi_aurora_gs_mr_ai_civ.xml
RSI_Aurora_GS_MR_AI_CRIM,vehicle_NameRSI_Aurora_MR,vehicle_DescRSI_Aurora_MR,093e6eba-93fa-4dad-b3dd-38966934e34e,RSI,manufacturer_NameRSI,Spaceship,scripts/entities/vehicles/implementations/xml/rsi_aurora_gs.xml,MR,vehicle_focus_combat,2bf4345e-cf3c-4ecb-91ce-f9daa8ff47f8,vehicle_class_lightfighter,bf73e515-0e01-409e-84fb-acbef27e1686,1,2000,1,1,0,e14685da-990f-48ef-b54e-c82ca83235f9,c660d76e-a8ca-4e5d-be1b-78cd51b62bc0,libs/foundry/records/entities/spaceships/rsi_aurora_gs_mr_ai_crim.xml
RSI_Aurora_GS_MR,vehicle_NameRSI_Aurora_MR,vehicle_DescRSI_Aurora_MR,093e6eba-93fa-4dad-b3dd-38966934e34e,RSI,manufacturer_NameRSI,Spaceship,scripts/entities/vehicles/implementations/xml/rsi_aurora_gs.xml,MR,vehicle_focus_combat,2bf4345e-cf3c-4ecb-91ce-f9daa8ff47f8,vehicle_class_lightfighter,bf73e515-0e01-409e-84fb-acbef27e1686,1,2000,1,1,0,e14685da-990f-48ef-b54e-c82ca83235f9,a6e1bb18-8a11-4bbc-865e-45fd84e7b469,libs/foundry/records/entities/spaceships/rsi_aurora_gs_mr.xml
RSI_Aurora_GS_SE,vehicle_NameRSI_Aurora_SE,vehicle_DescRSI_Aurora_SE,093e6eba-93fa-4dad-b3dd-38966934e34e,RSI,manufacturer_NameRSI,Spaceship,scripts/entities/vehicles/implementations/xml/rsi_aurora_gs.xml,SE,vehicle_focus_combat,2bf4345e-cf3c-4ecb-91ce-f9daa8ff47f8,vehicle_class_lightfighter,bf73e515-0e01-409e-84fb-acbef27e1686,1,2000,1,1,0,aea07b6b-c1ed-44e2-addc-97cb5828bba2,8e27d568-f424-4dc9-a10f-ca4c34efab85,libs/foundry/records/entities/spaceships/rsi_aurora_gs_se.xml
RSI_Aurora_LN_EA_AI_PIR,vehicle_NameRSI_Aurora_LN,vehicle_DescRSI_Aurora_LN,093e6eba-93fa-4dad-b3dd-38966934e34e,RSI,manufacturer_NameRSI,Spaceship,scripts/entities/vehicles/implementations/xml/rsi_aurora.xml,LN,vehicle_focus_combat,2bf4345e-cf3c-4ecb-91ce-f9daa8ff47f8,vehicle_class_lightfighter,bf73e515-0e01-409e-84fb-acbef27e1686,1,2000,1,1,0,aea07b6b-c1ed-44e2-addc-97cb5828bba2,bcdafbd7-da76-4e49-9dcf-7f32cfd28250,libs/foundry/records/entities/spaceships/rsi_aurora_ln_ea_ai_pir.xml
RSI_Aurora_LN_PU_AI_CIV,vehicle_NameRSI_Aurora_LN,vehicle_DescRSI_Aurora_LN,093e6eba-93fa-4dad-b3dd-38966934e34e,RSI,manufacturer_NameRSI,Spaceship,scripts/entities/vehicles/implementations/xml/rsi_aurora.xml,LN,vehicle_focus_combat,2bf4345e-cf3c-4ecb-91ce-f9daa8ff47f8,vehicle_class_lightfighter,bf73e515-0e01-409e-84fb-acbef27e1686,1,2000,1,1,0,aea07b6b-c1ed-44e2-addc-97cb5828bba2,32d9669c-1ef3-4ea9-9b56-3538d8ed4c8a,libs/foundry/records/entities/spaceships/rsi_aurora_ln_pu_ai_civ.xml
RSI_Aurora_LN_PU_AI_CRIM,vehicle_NameRSI_Aurora_LN,vehicle_DescRSI_Aurora_LN,093e6eba-93fa-4dad-b3dd-38966934e34e,RSI,manufacturer_NameRSI,Spaceship,scripts/entities/vehicles/implementations/xml/rsi_aurora.xml,LN,vehicle_focus_combat,2bf4345e-cf3c-4ecb-91ce-f9daa8ff47f8,vehicle_class_lightfighter,bf73e515-0e01-409e-84fb-acbef27e1686,1,2000,1,1,0,aea07b6b-c1ed-44e2-addc-97cb5828bba2,7de9f735-14e9-4fa1-a44e-3898b00c1fe5,libs/foundry/records/entities/spaceships/rsi_aurora_ln_pu_ai_crim.xml
RSI_Aurora_LN_PU_AI_NT,vehicle_NameRSI_Aurora_LN,vehicle_DescRSI_Aurora_LN,093e6eba-93fa-4dad-b3dd-38966934e34e,RSI,manufacturer_NameRSI,Spaceship,scripts/entities/vehicles/implementations/xml/rsi_aurora.xml,LN,vehicle_focus_combat,2bf4345e-cf3c-4ecb-91ce-f9daa8ff47f8,vehicle_class_lightfighter,bf73e515-0e01-409e-84fb-acbef27e1686,1,2000,1,1,0,aea07b6b-c1ed-44e2-addc-97cb5828bba2,6214baf6-3823-4d0f-8048-81af15e38188,libs/foundry/records/entities/spaceships/rsi_aurora_ln_pu_ai_nt.xml
RSI_Aurora_LX_PU_AI_CIV,vehicle_NameRSI_Aurora_LX,vehicle_DescRSI_Aurora_LX,093e6eba-93fa-4dad-b3dd-38966934e34e,RSI,manufacturer_NameRSI,Spaceship,scripts/entities/vehicles/implementations/xml/rsi_aurora.xml,LX,vehicle_focus_exploration,605f6ca1-9eae-4d78-9f7f-71288d44dada,vehicle_class_pathfinder,8f440187-1d52-41d8-a0f5-b1ce0d34e6bf,1,2000,1,1,0,bab8c647-63d7-49b7-8900-f652302500aa,ed373cdd-35cf-4047-916b-e7440d009528,libs/foundry/records/entities/spaceships/rsi_aurora_lx_pu_ai_civ.xml
RSI_Aurora_LX_PU_AI_CRIM,vehicle_NameRSI_Aurora_LX,vehicle_DescRSI_Aurora_LX,093e6eba-93fa-4dad-b3dd-38966934e34e,RSI,manufacturer_NameRSI,Spaceship,scripts/entities/vehicles/implementations/xml/rsi_aurora.xml,LX,vehicle_focus_exploration,605f6ca1-9eae-4d78-9f7f-71288d44dada,vehicle_class_pathfinder,8f440187-1d52-41d8-a0f5-b1ce0d34e6bf,1,2000,1,1,0,bab8c647-63d7-49b7-8900-f652302500aa,4a81c02a-5907-4e5d-8745-625e22c5778a,libs/foundry/records/entities/spaceships/rsi_aurora_lx_pu_ai_crim.xml
RSI_Aurora_Mk2_MissileModule_TEMP,vehicle_NameRSI_Aurora_Mk2,vehicle_DescRSI_Aurora_Mk2,093e6eba-93fa-4dad-b3dd-38966934e34e,RSI,manufacturer_NameRSI,Spaceship,Scripts/Entities/Vehicles/Implementations/Xml/rsi_aurora_mk2.xml,,vehicle_focus_multirole,17924962-38db-4bd7-a6ae-7c54d925519f,vehicle_class_starterlightfighter,19438029-744c-4872-bbcf-4b9c2d4ab40a,1,2500,1,1,0,633130a5-a3cf-4e76-bfba-c42f795228ee,a7ad6ede-b01a-49e9-a789-8de83b945e29,libs/foundry/records/entities/spaceships/rsi_aurora_mk2_missilemodule_temp.xml
RSI_Aurora_Mk2,vehicle_NameRSI_Aurora_Mk2,vehicle_DescRSI_Aurora_Mk2,093e6eba-93fa-4dad-b3dd-38966934e34e,RSI,manufacturer_NameRSI,Spaceship,Scripts/Entities/Vehicles/Implementations/Xml/rsi_aurora_mk2.xml,,vehicle_focus_multirole,17924962-38db-4bd7-a6ae-7c54d925519f,vehicle_class_starterlightfighter,19438029-744c-4872-bbcf-4b9c2d4ab40a,1,2500,1,1,0,633130a5-a3cf-4e76-bfba-c42f795228ee,ec956be2-8e3a-460d-b3a8-97df4cb12b78,libs/foundry/records/entities/spaceships/rsi_aurora_mk2.xml
RSI_Aurora_MR_PU_AI_CIV,vehicle_NameRSI_Aurora_MR,vehicle_DescRSI_Aurora_MR,093e6eba-93fa-4dad-b3dd-38966934e34e,RSI,manufacturer_NameRSI,Spaceship,scripts/entities/vehicles/implementations/xml/rsi_aurora.xml,MR,vehicle_focus_combat,2bf4345e-cf3c-4ecb-91ce-f9daa8ff47f8,vehicle_class_starterlightfighter,55bdff1e-26cb-4daf-8684-3179426c760a,1,2000,1,1,0,e14685da-990f-48ef-b54e-c82ca83235f9,3afbc633-1f84-4e6d-ba95-4578469ac3c3,libs/foundry/records/entities/spaceships/rsi_aurora_mr_pu_ai_civ.xml
RSI_Aurora_MR_PU_AI_CRIM,vehicle_NameRSI_Aurora_MR,vehicle_DescRSI_Aurora_MR,093e6eba-93fa-4dad-b3dd-38966934e34e,RSI,manufacturer_NameRSI,Spaceship,scripts/entities/vehicles/implementations/xml/rsi_aurora.xml,MR,vehicle_focus_combat,2bf4345e-cf3c-4ecb-91ce-f9daa8ff47f8,vehicle_class_starterlightfighter,55bdff1e-26cb-4daf-8684-3179426c760a,1,2000,1,1,0,e14685da-990f-48ef-b54e-c82ca83235f9,ac553c8f-61e2-4b77-8554-8643ddbfcc5b,libs/foundry/records/entities/spaceships/rsi_aurora_mr_pu_ai_crim.xml
RSI_Bengal_PU_AI_UEE_FleetWeek_2021,vehicle_NameRSI_Bengal,vehicle_DescRSI_Bengal,093e6eba-93fa-4dad-b3dd-38966934e34e,RSI,manufacturer_NameRSI,Spaceship,scripts/entities/vehicles/implementations/xml/rsi_bengal.xml,,item_ShipFocus_CapitalShip,2bf4345e-cf3c-4ecb-91ce-f9daa8ff47f8,vehicle_focus_combat,bff8de18-2081-4090-b783-adf175aa8059,1,5000000,1,0,0,8f4f7045-703a-4932-98c1-e2d56b0f89b1,2ea78680-6ede-40ab-9410-9ac7de8d97c6,libs/foundry/records/entities/spaceships/rsi_bengal_pu_ai_uee_fleetweek_2021.xml
RSI_Constellation_Andromeda_EA_AI_PIR_Elite,vehicle_NameRSI_Constellation_Andromeda,vehicle_DescRSI_Constellation_Andromeda,093e6eba-93fa-4dad-b3dd-38966934e34e,RSI,manufacturer_NameRSI,Spaceship,scripts/entities/vehicles/implementations/xml/rsi_constellation.xml,Pirate_Andromeda,vehicle_focus_multirole,17924962-38db-4bd7-a6ae-7c54d925519f,vehicle_class_mediumfreightgunshio,d790619f-7e3a-4208-a710-ffe335e8bd92,1,20000,1,1,0,98c0bd9b-5b33-44e7-bde3-ca35cb02126c,6cd61b0f-b368-4d7c-afbb-f9ba2b42c1f6,libs/foundry/records/entities/spaceships/rsi_constellation_andromeda_ea_ai_pir_elite.xml
RSI_Constellation_Andromeda_EA_AI_PIR,vehicle_NameRSI_Constellation_Andromeda,vehicle_DescRSI_Constellation_Andromeda,093e6eba-93fa-4dad-b3dd-38966934e34e,RSI,manufacturer_NameRSI,Spaceship,scripts/entities/vehicles/implementations/xml/rsi_constellation.xml,Pirate_Andromeda,vehicle_focus_multirole,17924962-38db-4bd7-a6ae-7c54d925519f,vehicle_class_mediumfreightgunshio,d790619f-7e3a-4208-a710-ffe335e8bd92,1,20000,1,1,0,98c0bd9b-5b33-44e7-bde3-ca35cb02126c,159ed81b-4700-40fa-9f4c-45b1bc25939d,libs/foundry/records/entities/spaceships/rsi_constellation_andromeda_ea_ai_pir.xml
RSI_Constellation_Andromeda_PU_AI_CIV,vehicle_NameRSI_Constellation_Andromeda,vehicle_DescRSI_Constellation_Andromeda,093e6eba-93fa-4dad-b3dd-38966934e34e,RSI,manufacturer_NameRSI,Spaceship,scripts/entities/vehicles/implementations/xml/rsi_constellation.xml,,vehicle_focus_multirole,17924962-38db-4bd7-a6ae-7c54d925519f,vehicle_class_mediumfreightgunshio,d790619f-7e3a-4208-a710-ffe335e8bd92,1,20000,1,1,0,98c0bd9b-5b33-44e7-bde3-ca35cb02126c,3bdaf3f1-6b53-49c4-95b0-377333c51dff,libs/foundry/records/entities/spaceships/rsi_constellation_andromeda_pu_ai_civ.xml
RSI_Constellation_Andromeda_PU_AI_CRIM,vehicle_NameRSI_Constellation_Andromeda,vehicle_DescRSI_Constellation_Andromeda,093e6eba-93fa-4dad-b3dd-38966934e34e,RSI,manufacturer_NameRSI,Spaceship,scripts/entities/vehicles/implementations/xml/rsi_constellation.xml,,vehicle_focus_multirole,17924962-38db-4bd7-a6ae-7c54d925519f,vehicle_class_mediumfreightgunshio,d790619f-7e3a-4208-a710-ffe335e8bd92,1,20000,1,1,0,98c0bd9b-5b33-44e7-bde3-ca35cb02126c,031d4a3c-0f1c-435f-be46-44a120051b9c,libs/foundry/records/entities/spaceships/rsi_constellation_andromeda_pu_ai_crim.xml
RSI_Constellation_Andromeda_PU_AI_NT_QIG,vehicle_NameRSI_Constellation_Andromeda,vehicle_DescRSI_Constellation_Andromeda,093e6eba-93fa-4dad-b3dd-38966934e34e,RSI,manufacturer_NameRSI,Spaceship,scripts/entities/vehicles/implementations/xml/rsi_constellation.xml,,vehicle_focus_multirole,17924962-38db-4bd7-a6ae-7c54d925519f,vehicle_class_mediumfreightgunshio,d790619f-7e3a-4208-a710-ffe335e8bd92,1,20000,1,1,0,98c0bd9b-5b33-44e7-bde3-ca35cb02126c,7bb76108-4bcd-4216-90e4-9c6ba5d7a4d0,libs/foundry/records/entities/spaceships/rsi_constellation_andromeda_pu_ai_nt_qig.xml
RSI_Constellation_Andromeda_PU_AI_NT,vehicle_NameRSI_Constellation_Andromeda,vehicle_DescRSI_Constellation_Andromeda,093e6eba-93fa-4dad-b3dd-38966934e34e,RSI,manufacturer_NameRSI,Spaceship,scripts/entities/vehicles/implementations/xml/rsi_constellation.xml,,vehicle_focus_multirole,17924962-38db-4bd7-a6ae-7c54d925519f,vehicle_class_mediumfreightgunshio,d790619f-7e3a-4208-a710-ffe335e8bd92,1,20000,1,1,0,98c0bd9b-5b33-44e7-bde3-ca35cb02126c,ff11d709-166c-4341-aca5-af15d4acde24,libs/foundry/records/entities/spaceships/rsi_constellation_andromeda_pu_ai_nt.xml
RSI_Constellation_Andromeda_PU_AI_SEC_BlacJac_QIG,vehicle_NameRSI_Constellation_Andromeda,vehicle_DescRSI_Constellation_Andromeda,093e6eba-93fa-4dad-b3dd-38966934e34e,RSI,manufacturer_NameRSI,Spaceship,scripts/entities/vehicles/implementations/xml/rsi_constellation.xml,,vehicle_focus_multirole,17924962-38db-4bd7-a6ae-7c54d925519f,vehicle_class_mediumfreightgunshio,d790619f-7e3a-4208-a710-ffe335e8bd92,1,20000,1,1,0,98c0bd9b-5b33-44e7-bde3-ca35cb02126c,76b03539-12cd-4902-b16d-dc1a168e5ec8,libs/foundry/records/entities/spaceships/rsi_constellation_andromeda_pu_ai_sec_blacjac_qig.xml
RSI_Constellation_Andromeda_PU_AI_SEC_BlacJac,vehicle_NameRSI_Constellation_Andromeda,vehicle_DescRSI_Constellation_Andromeda,093e6eba-93fa-4dad-b3dd-38966934e34e,RSI,manufacturer_NameRSI,Spaceship,scripts/entities/vehicles/implementations/xml/rsi_constellation.xml,,vehicle_focus_multirole,17924962-38db-4bd7-a6ae-7c54d925519f,vehicle_class_mediumfreightgunshio,d790619f-7e3a-4208-a710-ffe335e8bd92,1,20000,1,1,0,98c0bd9b-5b33-44e7-bde3-ca35cb02126c,f96116b8-312e-4e57-9528-b72ebb5dd491,libs/foundry/records/entities/spaceships/rsi_constellation_andromeda_pu_ai_sec_blacjac.xml
RSI_Constellation_Andromeda_PU_AI_SEC_Crusader_QIG,vehicle_NameRSI_Constellation_Andromeda,vehicle_DescRSI_Constellation_Andromeda,093e6eba-93fa-4dad-b3dd-38966934e34e,RSI,manufacturer_NameRSI,Spaceship,scripts/entities/vehicles/implementations/xml/rsi_constellation.xml,,vehicle_focus_multirole,17924962-38db-4bd7-a6ae-7c54d925519f,vehicle_class_mediumfreightgunshio,d790619f-7e3a-4208-a710-ffe335e8bd92,1,20000,1,1,0,98c0bd9b-5b33-44e7-bde3-ca35cb02126c,5096dac1-4564-4acb-9c17-85d770050238,libs/foundry/records/entities/spaceships/rsi_constellation_andromeda_pu_ai_sec_crusader_qig.xml
RSI_Constellation_Andromeda_PU_AI_SEC_Crusader,vehicle_NameRSI_Constellation_Andromeda,vehicle_DescRSI_Constellation_Andromeda,093e6eba-93fa-4dad-b3dd-38966934e34e,RSI,manufacturer_NameRSI,Spaceship,scripts/entities/vehicles/implementations/xml/rsi_constellation.xml,,vehicle_focus_multirole,17924962-38db-4bd7-a6ae-7c54d925519f,vehicle_class_mediumfreightgunshio,d790619f-7e3a-4208-a710-ffe335e8bd92,1,20000,1,1,0,98c0bd9b-5b33-44e7-bde3-ca35cb02126c,15b18fe5-7178-4446-ad67-920b292e57ff,libs/foundry/records/entities/spaceships/rsi_constellation_andromeda_pu_ai_sec_crusader.xml
RSI_Constellation_Andromeda_Unmanned_NineTails,vehicle_NameRSI_Constellation_Andromeda,vehicle_DescRSI_Constellation_Andromeda,093e6eba-93fa-4dad-b3dd-38966934e34e,RSI,manufacturer_NameRSI,Spaceship,scripts/entities/vehicles/implementations/xml/rsi_constellation.xml,,vehicle_focus_multirole,17924962-38db-4bd7-a6ae-7c54d925519f,vehicle_class_mediumfreightgunshio,d790619f-7e3a-4208-a710-ffe335e8bd92,1,20000,1,1,0,98c0bd9b-5b33-44e7-bde3-ca35cb02126c,3a865f32-309f-4b26-9177-f4e11d40662d,libs/foundry/records/entities/spaceships/rsi_constellation_andromeda_unmanned_ninetails.xml
RSI_Constellation_Andromeda_Unmanned_Salvage,vehicle_NameRSI_Constellation_Andromeda,vehicle_DescRSI_Constellation_Andromeda,093e6eba-93fa-4dad-b3dd-38966934e34e,RSI,manufacturer_NameRSI,Spaceship,scripts/entities/vehicles/implementations/xml/rsi_constellation.xml,,vehicle_focus_multirole,17924962-38db-4bd7-a6ae-7c54d925519f,vehicle_class_mediumfreightgunshio,d790619f-7e3a-4208-a710-ffe335e8bd92,1,20000,1,1,0,98c0bd9b-5b33-44e7-bde3-ca35cb02126c,5328e6fa-695e-4082-a1c2-b038b9c539da,libs/foundry/records/entities/spaceships/rsi_constellation_andromeda_unmanned_salvage.xml
RSI_Constellation_Andromeda,vehicle_NameRSI_Constellation_Andromeda,vehicle_DescRSI_Constellation_Andromeda,093e6eba-93fa-4dad-b3dd-38966934e34e,RSI,manufacturer_NameRSI,Spaceship,scripts/entities/vehicles/implementations/xml/rsi_constellation.xml,,vehicle_focus_multirole,17924962-38db-4bd7-a6ae-7c54d925519f,vehicle_class_mediumfreightgunshio,d790619f-7e3a-4208-a710-ffe335e8bd92,1,20000,1,1,0,98c0bd9b-5b33-44e7-bde3-ca35cb02126c,d95fb013-60d5-43ac-ab2d-daa082f45411,libs/foundry/records/entities/spaceships/rsi_constellation_andromeda.xml
RSI_Constellation_Aquila_PU_AI_CIV,vehicle_NameRSI_Constellation_Aquila,vehicle_DescRSI_Constellation_Aquila,093e6eba-93fa-4dad-b3dd-38966934e34e,RSI,manufacturer_NameRSI,Spaceship,scripts/entities/vehicles/implementations/xml/rsi_constellation.xml,Aquila,vehicle_focus_exploration,605f6ca1-9eae-4d78-9f7f-71288d44dada,vehicle_class_expedition,bdf53a4c-0fce-442f-9222-e438792d7b75,1,20000,1,1,0,f18d5c98-2353-4ea8-b1ec-20b1d410f851,21f0153c-fb1c-464a-9c64-52fafda27831,libs/foundry/records/entities/spaceships/rsi_constellation_aquila_pu_ai_civ.xml
RSI_Constellation_Aquila_PU_AI_CRIM,vehicle_NameRSI_Constellation_Aquila,vehicle_DescRSI_Constellation_Aquila,093e6eba-93fa-4dad-b3dd-38966934e34e,RSI,manufacturer_NameRSI,Spaceship,scripts/entities/vehicles/implementations/xml/rsi_constellation.xml,Aquila,vehicle_focus_exploration,605f6ca1-9eae-4d78-9f7f-71288d44dada,vehicle_class_expedition,bdf53a4c-0fce-442f-9222-e438792d7b75,1,20000,1,1,0,f18d5c98-2353-4ea8-b1ec-20b1d410f851,58b9d2bd-2f87-4b04-9493-cd3348b737e9,libs/foundry/records/entities/spaceships/rsi_constellation_aquila_pu_ai_crim.xml
RSI_Constellation_Aquila_Unmanned_Salvage,vehicle_NameRSI_Constellation_Aquila,vehicle_DescRSI_Constellation_Aquila,093e6eba-93fa-4dad-b3dd-38966934e34e,RSI,manufacturer_NameRSI,Spaceship,scripts/entities/vehicles/implementations/xml/rsi_constellation.xml,Aquila,vehicle_focus_exploration,605f6ca1-9eae-4d78-9f7f-71288d44dada,vehicle_class_expedition,bdf53a4c-0fce-442f-9222-e438792d7b75,1,20000,1,1,0,f18d5c98-2353-4ea8-b1ec-20b1d410f851,2d2804fb-075f-4e50-94de-25aa0740d4d6,libs/foundry/records/entities/spaceships/rsi_constellation_aquila_unmanned_salvage.xml
RSI_Constellation_Aquila,vehicle_NameRSI_Constellation_Aquila,vehicle_DescRSI_Constellation_Aquila,093e6eba-93fa-4dad-b3dd-38966934e34e,RSI,manufacturer_NameRSI,Spaceship,scripts/entities/vehicles/implementations/xml/rsi_constellation.xml,Aquila,vehicle_focus_exploration,605f6ca1-9eae-4d78-9f7f-71288d44dada,vehicle_class_expedition,bdf53a4c-0fce-442f-9222-e438792d7b75,1,20000,1,1,0,f18d5c98-2353-4ea8-b1ec-20b1d410f851,e7b40f5c-4099-4aa6-b226-b5b08bd68413,libs/foundry/records/entities/spaceships/rsi_constellation_aquila.xml
RSI_Constellation_Phoenix_Emerald,vehicle_NameRSI_Constellation_Phoenix_Emerald,vehicle_DescRSI_Constellation_Phoenix_Emerald,093e6eba-93fa-4dad-b3dd-38966934e34e,RSI,manufacturer_NameRSI,Spaceship,scripts/entities/vehicles/implementations/xml/rsi_constellation.xml,Phoenix_Emerald,vehicle_focus_exploration,605f6ca1-9eae-4d78-9f7f-71288d44dada,item_ShipFocus_LuxuryTouring,7b573f8f-4e5d-4e97-bd9c-196faddb0a18,1,20000,1,1,0,c2915c14-d1cd-4005-afb0-2c7e7fc0a109,daf936a1-689f-4edb-980a-96947e2727c4,libs/foundry/records/entities/spaceships/rsi_constellation_phoenix_emerald.xml
RSI_Constellation_Phoenix_Piano,vehicle_NameRSI_Constellation_Phoenix,vehicle_DescRSI_Constellation_Phoenix,093e6eba-93fa-4dad-b3dd-38966934e34e,RSI,manufacturer_NameRSI,Spaceship,scripts/entities/vehicles/implementations/xml/rsi_constellation.xml,Phoenix,vehicle_focus_exploration,605f6ca1-9eae-4d78-9f7f-71288d44dada,item_ShipFocus_LuxuryTouring,7b573f8f-4e5d-4e97-bd9c-196faddb0a18,1,20000,1,0,0,c2915c14-d1cd-4005-afb0-2c7e7fc0a109,e3dc4b19-4ace-4617-bc48-14856bb48bfa,libs/foundry/records/entities/spaceships/rsi_constellation_phoenix_piano.xml
RSI_Constellation_Phoenix_PU_AI_CIV_DEF,vehicle_NameRSI_Constellation_Phoenix,vehicle_DescRSI_Constellation_Phoenix,093e6eba-93fa-4dad-b3dd-38966934e34e,RSI,manufacturer_NameRSI,Spaceship,scripts/entities/vehicles/implementations/xml/rsi_constellation.xml,Phoenix,vehicle_focus_exploration,605f6ca1-9eae-4d78-9f7f-71288d44dada,item_ShipFocus_LuxuryTouring,7b573f8f-4e5d-4e97-bd9c-196faddb0a18,1,20000,1,1,0,c2915c14-d1cd-4005-afb0-2c7e7fc0a109,d5585c49-3211-48de-95db-2041c42062a6,libs/foundry/records/entities/spaceships/rsi_constellation_phoenix_pu_ai_civ_def.xml
RSI_Constellation_Phoenix_PU_AI_CIV,vehicle_NameRSI_Constellation_Phoenix,vehicle_DescRSI_Constellation_Phoenix,093e6eba-93fa-4dad-b3dd-38966934e34e,RSI,manufacturer_NameRSI,Spaceship,scripts/entities/vehicles/implementations/xml/rsi_constellation.xml,Phoenix,vehicle_focus_exploration,605f6ca1-9eae-4d78-9f7f-71288d44dada,item_ShipFocus_LuxuryTouring,7b573f8f-4e5d-4e97-bd9c-196faddb0a18,1,20000,1,1,0,c2915c14-d1cd-4005-afb0-2c7e7fc0a109,5ef8bb8d-40c4-40ad-912e-e9b6b0e1875d,libs/foundry/records/entities/spaceships/rsi_constellation_phoenix_pu_ai_civ.xml
RSI_Constellation_Phoenix_PU_AI_CRIM,vehicle_NameRSI_Constellation_Phoenix,vehicle_DescRSI_Constellation_Phoenix,093e6eba-93fa-4dad-b3dd-38966934e34e,RSI,manufacturer_NameRSI,Spaceship,scripts/entities/vehicles/implementations/xml/rsi_constellation.xml,Phoenix,vehicle_focus_exploration,605f6ca1-9eae-4d78-9f7f-71288d44dada,item_ShipFocus_LuxuryTouring,7b573f8f-4e5d-4e97-bd9c-196faddb0a18,1,20000,1,1,0,c2915c14-d1cd-4005-afb0-2c7e7fc0a109,1ce9a46e-5d6c-4d82-ab44-9710df0d1296,libs/foundry/records/entities/spaceships/rsi_constellation_phoenix_pu_ai_crim.xml
RSI_Constellation_Phoenix,vehicle_NameRSI_Constellation_Phoenix,vehicle_DescRSI_Constellation_Phoenix,093e6eba-93fa-4dad-b3dd-38966934e34e,RSI,manufacturer_NameRSI,Spaceship,scripts/entities/vehicles/implementations/xml/rsi_constellation.xml,Phoenix,vehicle_focus_exploration,605f6ca1-9eae-4d78-9f7f-71288d44dada,item_ShipFocus_LuxuryTouring,7b573f8f-4e5d-4e97-bd9c-196faddb0a18,1,20000,1,1,0,c2915c14-d1cd-4005-afb0-2c7e7fc0a109,ecadf2b2-a404-4776-9289-04af91538d76,libs/foundry/records/entities/spaceships/rsi_constellation_phoenix.xml
RSI_Constellation_Taurus_Military,vehicle_NameRSI_Constellation_Taurus_Collector_Military,vehicle_DescRSI_Constellation_Taurus_Collector_Military,093e6eba-93fa-4dad-b3dd-38966934e34e,RSI,manufacturer_NameRSI,Spaceship,Scripts/Entities/Vehicles/Implementations/Xml/RSI_Constellation.xml,Taurus,vehicle_focus_transporter,d86d770d-1fc4-4525-b3b0-4f670a8a5634,vehicle_class_mediumfreight,4c0633a2-887f-4231-a40a-d366224f01d5,1,20000,1,1,0,96edc1b2-c7cd-49cc-bbb9-aedcf1d2adce,80c96371-9c46-44f2-bee8-627a66b37dca,libs/foundry/records/entities/spaceships/rsi_constellation_taurus_military.xml
RSI_Constellation_Taurus_PU_AI_CIV_DEF,vehicle_NameRSI_Constellation_Taurus,vehicle_DescRSI_Constellation_Taurus,093e6eba-93fa-4dad-b3dd-38966934e34e,RSI,manufacturer_NameRSI,Spaceship,Scripts/Entities/Vehicles/Implementations/Xml/RSI_Constellation.xml,Taurus,vehicle_focus_transporter,d86d770d-1fc4-4525-b3b0-4f670a8a5634,vehicle_class_mediumfreight,4c0633a2-887f-4231-a40a-d366224f01d5,1,20000,1,1,0,96edc1b2-c7cd-49cc-bbb9-aedcf1d2adce,cd298d82-acf0-4ff4-9db0-085913d56136,libs/foundry/records/entities/spaceships/rsi_constellation_taurus_pu_ai_civ_def.xml
RSI_Constellation_Taurus_PU_AI_CIV,vehicle_NameRSI_Constellation_Taurus,vehicle_DescRSI_Constellation_Taurus,093e6eba-93fa-4dad-b3dd-38966934e34e,RSI,manufacturer_NameRSI,Spaceship,Scripts/Entities/Vehicles/Implementations/Xml/RSI_Constellation.xml,Taurus,vehicle_focus_transporter,d86d770d-1fc4-4525-b3b0-4f670a8a5634,vehicle_class_mediumfreight,4c0633a2-887f-4231-a40a-d366224f01d5,1,20000,1,1,0,96edc1b2-c7cd-49cc-bbb9-aedcf1d2adce,a78db791-6915-4a14-a709-192135e1925b,libs/foundry/records/entities/spaceships/rsi_constellation_taurus_pu_ai_civ.xml
RSI_Constellation_Taurus_PU_AI_CRIM,vehicle_NameRSI_Constellation_Taurus,vehicle_DescRSI_Constellation_Taurus,093e6eba-93fa-4dad-b3dd-38966934e34e,RSI,manufacturer_NameRSI,Spaceship,Scripts/Entities/Vehicles/Implementations/Xml/RSI_Constellation.xml,Taurus,vehicle_focus_transporter,d86d770d-1fc4-4525-b3b0-4f670a8a5634,vehicle_class_mediumfreight,4c0633a2-887f-4231-a40a-d366224f01d5,1,20000,1,1,0,96edc1b2-c7cd-49cc-bbb9-aedcf1d2adce,e3f5f9a4-d47b-4f21-9fdb-9b59165c2db3,libs/foundry/records/entities/spaceships/rsi_constellation_taurus_pu_ai_crim.xml
RSI_Constellation_Taurus_Unmanned_Salvage,vehicle_NameRSI_Constellation_Taurus,vehicle_DescRSI_Constellation_Taurus,093e6eba-93fa-4dad-b3dd-38966934e34e,RSI,manufacturer_NameRSI,Spaceship,Scripts/Entities/Vehicles/Implementations/Xml/RSI_Constellation.xml,Taurus,vehicle_focus_transporter,d86d770d-1fc4-4525-b3b0-4f670a8a5634,vehicle_class_mediumfreight,4c0633a2-887f-4231-a40a-d366224f01d5,1,20000,1,1,0,96edc1b2-c7cd-49cc-bbb9-aedcf1d2adce,d9a6a8af-a2a4-4317-a122-fa49073ca761,libs/foundry/records/entities/spaceships/rsi_constellation_taurus_unmanned_salvage.xml
RSI_Constellation_Taurus_Unmanned_Template,vehicle_NameRSI_Constellation_Taurus,vehicle_DescRSI_Constellation_Taurus,093e6eba-93fa-4dad-b3dd-38966934e34e,RSI,manufacturer_NameRSI,Spaceship,Scripts/Entities/Vehicles/Implementations/Xml/RSI_Constellation.xml,Taurus,vehicle_focus_transporter,d86d770d-1fc4-4525-b3b0-4f670a8a5634,vehicle_class_mediumfreight,4c0633a2-887f-4231-a40a-d366224f01d5,1,20000,1,1,0,96edc1b2-c7cd-49cc-bbb9-aedcf1d2adce,8d4b9432-4ace-4a72-9727-cdaed9e68bbb,libs/foundry/records/entities/spaceships/rsi_constellation_taurus_unmanned_template.xml
RSI_Constellation_Taurus,vehicle_NameRSI_Constellation_Taurus,vehicle_DescRSI_Constellation_Taurus,093e6eba-93fa-4dad-b3dd-38966934e34e,RSI,manufacturer_NameRSI,Spaceship,Scripts/Entities/Vehicles/Implementations/Xml/RSI_Constellation.xml,Taurus,vehicle_focus_transporter,d86d770d-1fc4-4525-b3b0-4f670a8a5634,vehicle_class_mediumfreight,4c0633a2-887f-4231-a40a-d366224f01d5,1,20000,1,1,0,96edc1b2-c7cd-49cc-bbb9-aedcf1d2adce,d1c3fa10-b2d9-421e-8301-97dbf4d0c115,libs/foundry/records/entities/spaceships/rsi_constellation_taurus.xml
RSI_Hermes_AI_CIV,vehicle_NameRSI_Hermes,vehicle_DescRSI_Hermes,23186ec6-28ed-4f2e-a3f9-0c5459202d63,RSI_2025,manufacturer_NameRSI,Spaceship,Scripts/Entities/Vehicles/Implementations/Xml/rsi_apollo.xml,Hermes,vehicle_focus_transporter,d86d770d-1fc4-4525-b3b0-4f670a8a5634,vehicle_class_mediumfreight,4c0633a2-887f-4231-a40a-d366224f01d5,2,20000,1,1,0,4b2dbad4-ca1c-4016-9d1c-7850f565a160,b99dbddf-426c-4073-b195-0f787790a08a,libs/foundry/records/entities/spaceships/rsi_hermes_ai_civ.xml
RSI_Hermes_AI_CRIM,vehicle_NameRSI_Hermes,vehicle_DescRSI_Hermes,23186ec6-28ed-4f2e-a3f9-0c5459202d63,RSI_2025,manufacturer_NameRSI,Spaceship,Scripts/Entities/Vehicles/Implementations/Xml/rsi_apollo.xml,Hermes,vehicle_focus_transporter,d86d770d-1fc4-4525-b3b0-4f670a8a5634,vehicle_class_mediumfreight,4c0633a2-887f-4231-a40a-d366224f01d5,2,20000,1,1,0,4b2dbad4-ca1c-4016-9d1c-7850f565a160,73a3f4e9-dc5a-477f-80ef-28a5930cb716,libs/foundry/records/entities/spaceships/rsi_hermes_ai_crim.xml
RSI_Hermes,vehicle_NameRSI_Hermes,vehicle_DescRSI_Hermes,23186ec6-28ed-4f2e-a3f9-0c5459202d63,RSI_2025,manufacturer_NameRSI,Spaceship,Scripts/Entities/Vehicles/Implementations/Xml/rsi_apollo.xml,Hermes,vehicle_focus_transporter,d86d770d-1fc4-4525-b3b0-4f670a8a5634,vehicle_class_mediumfreight,4c0633a2-887f-4231-a40a-d366224f01d5,2,20000,1,1,0,4b2dbad4-ca1c-4016-9d1c-7850f565a160,4ed10b1c-df4f-4ab0-430e-b5b9f33b0f94,libs/foundry/records/entities/spaceships/rsi_hermes.xml
RSI_Mantis_PU_AI_Advocacy,vehicle_NameRSI_Mantis,vehicle_DescRSI_Mantis,093e6eba-93fa-4dad-b3dd-38966934e34e,RSI,manufacturer_NameRSI,Spaceship,scripts/entities/vehicles/implementations/xml/rsi_mantis.xml,,vehicle_focus_combat,2bf4345e-cf3c-4ecb-91ce-f9daa8ff47f8,vehicle_class_interdiction,d19a9502-6806-4b0d-bc73-ea4a915bfff3,1,2500,1,1,0,6a561e58-6c87-408b-8ac7-e1b797b5071b,b761e6c5-880d-471f-b1b2-a373c98534ad,libs/foundry/records/entities/spaceships/rsi_mantis_pu_ai_advocacy.xml
RSI_Mantis_PU_AI_BH,vehicle_NameRSI_Mantis,vehicle_DescRSI_Mantis,093e6eba-93fa-4dad-b3dd-38966934e34e,RSI,manufacturer_NameRSI,Spaceship,scripts/entities/vehicles/implementations/xml/rsi_mantis.xml,,vehicle_focus_combat,2bf4345e-cf3c-4ecb-91ce-f9daa8ff47f8,vehicle_class_interdiction,d19a9502-6806-4b0d-bc73-ea4a915bfff3,1,2500,1,1,0,6a561e58-6c87-408b-8ac7-e1b797b5071b,7b4dede8-5606-4825-8c4b-b64d19b87c3d,libs/foundry/records/entities/spaceships/rsi_mantis_pu_ai_bh.xml
RSI_Mantis_PU_AI_BJS,vehicle_NameRSI_Mantis,vehicle_DescRSI_Mantis,093e6eba-93fa-4dad-b3dd-38966934e34e,RSI,manufacturer_NameRSI,Spaceship,scripts/entities/vehicles/implementations/xml/rsi_mantis.xml,,vehicle_focus_combat,2bf4345e-cf3c-4ecb-91ce-f9daa8ff47f8,vehicle_class_interdiction,d19a9502-6806-4b0d-bc73-ea4a915bfff3,1,2500,1,1,0,6a561e58-6c87-408b-8ac7-e1b797b5071b,fd1a5819-c603-4a5f-9965-0ceeb94f50ef,libs/foundry/records/entities/spaceships/rsi_mantis_pu_ai_bjs.xml
RSI_Mantis_PU_AI_CIV,vehicle_NameRSI_Mantis,vehicle_DescRSI_Mantis,093e6eba-93fa-4dad-b3dd-38966934e34e,RSI,manufacturer_NameRSI,Spaceship,scripts/entities/vehicles/implementations/xml/rsi_mantis.xml,,vehicle_focus_combat,2bf4345e-cf3c-4ecb-91ce-f9daa8ff47f8,vehicle_class_interdiction,d19a9502-6806-4b0d-bc73-ea4a915bfff3,1,2500,1,1,0,6a561e58-6c87-408b-8ac7-e1b797b5071b,18b42dab-5de9-4e30-a09c-8639e85c63fc,libs/foundry/records/entities/spaceships/rsi_mantis_pu_ai_civ.xml
RSI_Mantis_PU_AI_CRIM,vehicle_NameRSI_Mantis,vehicle_DescRSI_Mantis,093e6eba-93fa-4dad-b3dd-38966934e34e,RSI,manufacturer_NameRSI,Spaceship,scripts/entities/vehicles/implementations/xml/rsi_mantis.xml,,vehicle_focus_combat,2bf4345e-cf3c-4ecb-91ce-f9daa8ff47f8,vehicle_class_interdiction,d19a9502-6806-4b0d-bc73-ea4a915bfff3,1,2500,1,1,0,6a561e58-6c87-408b-8ac7-e1b797b5071b,7a8bca7b-e389-48c6-8ecd-5f629a2213d9,libs/foundry/records/entities/spaceships/rsi_mantis_pu_ai_crim.xml
RSI_Mantis_PU_AI_MTS,vehicle_NameRSI_Mantis,vehicle_DescRSI_Mantis,093e6eba-93fa-4dad-b3dd-38966934e34e,RSI,manufacturer_NameRSI,Spaceship,scripts/entities/vehicles/implementations/xml/rsi_mantis.xml,,vehicle_focus_combat,2bf4345e-cf3c-4ecb-91ce-f9daa8ff47f8,vehicle_class_interdiction,d19a9502-6806-4b0d-bc73-ea4a915bfff3,1,2500,1,1,0,6a561e58-6c87-408b-8ac7-e1b797b5071b,c93ca3b8-3df6-4768-ad63-9d210e836178,libs/foundry/records/entities/spaceships/rsi_mantis_pu_ai_mts.xml
RSI_Mantis_PU_AI_NineTails,vehicle_NameRSI_Mantis,vehicle_DescRSI_Mantis,093e6eba-93fa-4dad-b3dd-38966934e34e,RSI,manufacturer_NameRSI,Spaceship,scripts/entities/vehicles/implementations/xml/rsi_mantis.xml,,vehicle_focus_combat,2bf4345e-cf3c-4ecb-91ce-f9daa8ff47f8,vehicle_class_interdiction,d19a9502-6806-4b0d-bc73-ea4a915bfff3,1,2500,1,1,0,6a561e58-6c87-408b-8ac7-e1b797b5071b,cf15dddb-8e8c-4b67-9339-45f19244557a,libs/foundry/records/entities/spaceships/rsi_mantis_pu_ai_ninetails.xml
RSI_Mantis_PU_AI_SEC_Crusader,vehicle_NameRSI_Mantis,vehicle_DescRSI_Mantis,093e6eba-93fa-4dad-b3dd-38966934e34e,RSI,manufacturer_NameRSI,Spaceship,scripts/entities/vehicles/implementations/xml/rsi_mantis.xml,,vehicle_focus_combat,2bf4345e-cf3c-4ecb-91ce-f9daa8ff47f8,vehicle_class_interdiction,d19a9502-6806-4b0d-bc73-ea4a915bfff3,1,2500,1,1,0,6a561e58-6c87-408b-8ac7-e1b797b5071b,6aaf7835-0422-4ccc-a58b-aebcf08bbfbe,libs/foundry/records/entities/spaceships/rsi_mantis_pu_ai_sec_crusader.xml
RSI_Mantis_PU_AI_SEC_Hurston,vehicle_NameRSI_Mantis,vehicle_DescRSI_Mantis,093e6eba-93fa-4dad-b3dd-38966934e34e,RSI,manufacturer_NameRSI,Spaceship,scripts/entities/vehicles/implementations/xml/rsi_mantis.xml,,vehicle_focus_combat,2bf4345e-cf3c-4ecb-91ce-f9daa8ff47f8,vehicle_class_interdiction,d19a9502-6806-4b0d-bc73-ea4a915bfff3,1,2500,1,1,0,6a561e58-6c87-408b-8ac7-e1b797b5071b,7d57c173-60b5-4e85-9d16-a617e2e4b816,libs/foundry/records/entities/spaceships/rsi_mantis_pu_ai_sec_hurston.xml
RSI_Mantis_PU_AI_UEE,vehicle_NameRSI_Mantis,vehicle_DescRSI_Mantis,093e6eba-93fa-4dad-b3dd-38966934e34e,RSI,manufacturer_NameRSI,Spaceship,scripts/entities/vehicles/implementations/xml/rsi_mantis.xml,,vehicle_focus_combat,2bf4345e-cf3c-4ecb-91ce-f9daa8ff47f8,vehicle_class_interdiction,d19a9502-6806-4b0d-bc73-ea4a915bfff3,1,2500,1,1,0,6a561e58-6c87-408b-8ac7-e1b797b5071b,cb5e1426-75e3-469e-a993-1a2caf4178f9,libs/foundry/records/entities/spaceships/rsi_mantis_pu_ai_uee.xml
RSI_Mantis_PU_AI_Xenothreat,vehicle_NameRSI_Mantis,vehicle_DescRSI_Mantis,093e6eba-93fa-4dad-b3dd-38966934e34e,RSI,manufacturer_NameRSI,Spaceship,scripts/entities/vehicles/implementations/xml/rsi_mantis.xml,,vehicle_focus_combat,2bf4345e-cf3c-4ecb-91ce-f9daa8ff47f8,vehicle_class_interdiction,d19a9502-6806-4b0d-bc73-ea4a915bfff3,1,2500,1,1,0,6a561e58-6c87-408b-8ac7-e1b797b5071b,024a5150-71d6-4b1c-9803-31a52a909325,libs/foundry/records/entities/spaceships/rsi_mantis_pu_ai_xenothreat.xml
RSI_Mantis_Unmanned_Salvage,LOC_UNINITIALIZED,LOC_UNINITIALIZED,093e6eba-93fa-4dad-b3dd-38966934e34e,RSI,manufacturer_NameRSI,Spaceship,scripts/entities/vehicles/implementations/xml/rsi_mantis.xml,,vehicle_focus_combat,2bf4345e-cf3c-4ecb-91ce-f9daa8ff47f8,vehicle_class_interdiction,d19a9502-6806-4b0d-bc73-ea4a915bfff3,1,2500,1,1,0,8b90dcb9-41cf-41a0-af8f-4ee7c7130195,f42fbd83-e14e-4573-9a6f-2267e026dbf6,libs/foundry/records/entities/spaceships/rsi_mantis_unmanned_salvage.xml
RSI_Mantis_Unmanned,LOC_UNINITIALIZED,LOC_UNINITIALIZED,093e6eba-93fa-4dad-b3dd-38966934e34e,RSI,manufacturer_NameRSI,Spaceship,scripts/entities/vehicles/implementations/xml/rsi_mantis.xml,,vehicle_focus_combat,2bf4345e-cf3c-4ecb-91ce-f9daa8ff47f8,vehicle_class_interdiction,d19a9502-6806-4b0d-bc73-ea4a915bfff3,1,2500,1,1,0,8b90dcb9-41cf-41a0-af8f-4ee7c7130195,aba1c1fd-f6d7-4f9c-96de-560094ed8ee8,libs/foundry/records/entities/spaceships/rsi_mantis_unmanned.xml
RSI_Mantis,vehicle_NameRSI_Mantis,vehicle_DescRSI_Mantis,093e6eba-93fa-4dad-b3dd-38966934e34e,RSI,manufacturer_NameRSI,Spaceship,scripts/entities/vehicles/implementations/xml/rsi_mantis.xml,,vehicle_focus_combat,2bf4345e-cf3c-4ecb-91ce-f9daa8ff47f8,vehicle_class_interdiction,d19a9502-6806-4b0d-bc73-ea4a915bfff3,1,2500,1,1,0,6a561e58-6c87-408b-8ac7-e1b797b5071b,43f4f9c3-70ad-4549-8a10-0045afbbda10,libs/foundry/records/entities/spaceships/rsi_mantis.xml
RSI_Meteor_Collector_Military,vehicle_NameRSI_Meteor_Collector_Military,vehicle_DescRSI_Meteor_Collector_Military,23186ec6-28ed-4f2e-a3f9-0c5459202d63,RSI_2025,manufacturer_NameRSI,Spaceship,Scripts/Entities/Vehicles/Implementations/Xml/rsi_meteor.xml,,vehicle_focus_combat,2bf4345e-cf3c-4ecb-91ce-f9daa8ff47f8,vehicle_class_mediumfighter,43eaf464-2452-491b-8cc0-443f6ac39613,1,2500,1,1,0,c25fb549-ef58-4223-b0dc-e1302d611f50,2e14be84-643f-404c-9df8-e38351fa1f99,libs/foundry/records/entities/spaceships/rsi_meteor_collector_military.xml
RSI_Meteor_Collector_Stealth,vehicle_NameRSI_Meteor_Collector_Stealth,vehicle_DescRSI_Meteor_Collector_Stealth,23186ec6-28ed-4f2e-a3f9-0c5459202d63,RSI_2025,manufacturer_NameRSI,Spaceship,Scripts/Entities/Vehicles/Implementations/Xml/rsi_meteor.xml,,vehicle_focus_combat,2bf4345e-cf3c-4ecb-91ce-f9daa8ff47f8,vehicle_class_mediumfighter,43eaf464-2452-491b-8cc0-443f6ac39613,1,2500,1,1,0,c25fb549-ef58-4223-b0dc-e1302d611f50,656d529f-ea3c-4bb4-8ca0-883071734e87,libs/foundry/records/entities/spaceships/rsi_meteor_collector_stealth.xml
RSI_Meteor_TEMP_LaserRepeater,vehicle_NameRSI_Meteor,vehicle_DescRSI_Meteor,23186ec6-28ed-4f2e-a3f9-0c5459202d63,RSI_2025,manufacturer_NameRSI,Spaceship,Scripts/Entities/Vehicles/Implementations/Xml/rsi_meteor.xml,,vehicle_focus_combat,2bf4345e-cf3c-4ecb-91ce-f9daa8ff47f8,vehicle_class_mediumfighter,43eaf464-2452-491b-8cc0-443f6ac39613,1,2500,1,1,0,c25fb549-ef58-4223-b0dc-e1302d611f50,0f520022-da33-4645-a379-5f0863417cac,libs/foundry/records/entities/spaceships/rsi_meteor_temp_laserrepeater.xml
RSI_Meteor,vehicle_NameRSI_Meteor,vehicle_DescRSI_Meteor,23186ec6-28ed-4f2e-a3f9-0c5459202d63,RSI_2025,manufacturer_NameRSI,Spaceship,Scripts/Entities/Vehicles/Implementations/Xml/rsi_meteor.xml,,vehicle_focus_combat,2bf4345e-cf3c-4ecb-91ce-f9daa8ff47f8,vehicle_class_mediumfighter,43eaf464-2452-491b-8cc0-443f6ac39613,1,2500,1,1,0,c25fb549-ef58-4223-b0dc-e1302d611f50,3155e6fd-e1c8-4c15-9bd1-f8e3c2c7174f,libs/foundry/records/entities/spaceships/rsi_meteor.xml
RSI_Perseus_PU_AI_CRIM,vehicle_NameRSI_Perseus,vehicle_DescRSI_Perseus,23186ec6-28ed-4f2e-a3f9-0c5459202d63,RSI_2025,manufacturer_NameRSI,Spaceship,Scripts/Entities/Vehicles/Implementations/Xml/rsi_perseus.xml,,vehicle_focus_combat,2bf4345e-cf3c-4ecb-91ce-f9daa8ff47f8,item_ShipFocus_HeavyGunship,2eacf280-e5d7-4412-bac5-9237304095f7,6,2500,1,1,0,4b2dbad4-ca1c-4016-9d1c-7850f565a160,cf00653a-1bd0-4414-b997-a3773f0edc57,libs/foundry/records/entities/spaceships/rsi_perseus_pu_ai_crim.xml
RSI_Perseus,vehicle_NameRSI_Perseus,vehicle_DescRSI_Perseus,23186ec6-28ed-4f2e-a3f9-0c5459202d63,RSI_2025,manufacturer_NameRSI,Spaceship,Scripts/Entities/Vehicles/Implementations/Xml/rsi_perseus.xml,,vehicle_focus_combat,2bf4345e-cf3c-4ecb-91ce-f9daa8ff47f8,item_ShipFocus_HeavyGunship,2eacf280-e5d7-4412-bac5-9237304095f7,6,2500,1,1,0,4b2dbad4-ca1c-4016-9d1c-7850f565a160,40a1f83b-3623-49e6-8168-ab8223998aa2,libs/foundry/records/entities/spaceships/rsi_perseus.xml
RSI_Polaris_AI_Template,vehicle_NameRSI_Polaris,vehicle_DescRSI_Polaris,093e6eba-93fa-4dad-b3dd-38966934e34e,RSI,manufacturer_NameRSI,Spaceship,Scripts/Entities/Vehicles/Implementations/Xml/RSI_Polaris.xml,,vehicle_focus_combat,2bf4345e-cf3c-4ecb-91ce-f9daa8ff47f8,vehicle_class_corvette,5764b127-2b48-4a81-be3a-7fc0af523d6d,12,800000,1,1,0,2d983aaf-8a73-446b-9c40-6ecde2d865c8,191ed389-3be5-4545-9b6b-3310835eadba,libs/foundry/records/entities/spaceships/rsi_polaris_ai_template.xml
RSI_Polaris_Collector_Military,vehicle_NameRSI_Polaris,vehicle_DescRSI_Polaris,093e6eba-93fa-4dad-b3dd-38966934e34e,RSI,manufacturer_NameRSI,Spaceship,Scripts/Entities/Vehicles/Implementations/Xml/RSI_Polaris.xml,,vehicle_focus_combat,2bf4345e-cf3c-4ecb-91ce-f9daa8ff47f8,vehicle_class_corvette,5764b127-2b48-4a81-be3a-7fc0af523d6d,12,800000,1,1,0,2d983aaf-8a73-446b-9c40-6ecde2d865c8,bc4aa5c5-2e9b-40d6-aa95-0757a763efff,libs/foundry/records/entities/spaceships/rsi_polaris_collector_military.xml
RSI_Polaris_PU_AI_CIV,vehicle_NameRSI_Polaris,vehicle_DescRSI_Polaris,093e6eba-93fa-4dad-b3dd-38966934e34e,RSI,manufacturer_NameRSI,Spaceship,Scripts/Entities/Vehicles/Implementations/Xml/RSI_Polaris.xml,,vehicle_focus_combat,2bf4345e-cf3c-4ecb-91ce-f9daa8ff47f8,vehicle_class_corvette,5764b127-2b48-4a81-be3a-7fc0af523d6d,12,800000,1,1,0,2d983aaf-8a73-446b-9c40-6ecde2d865c8,2b9d72a8-0e1a-4f3b-92b6-eb4e91bac6bd,libs/foundry/records/entities/spaceships/rsi_polaris_pu_ai_civ.xml
RSI_Polaris_PU_AI_CRIM,vehicle_NameRSI_Polaris,vehicle_DescRSI_Polaris,093e6eba-93fa-4dad-b3dd-38966934e34e,RSI,manufacturer_NameRSI,Spaceship,Scripts/Entities/Vehicles/Implementations/Xml/RSI_Polaris.xml,,vehicle_focus_combat,2bf4345e-cf3c-4ecb-91ce-f9daa8ff47f8,vehicle_class_corvette,5764b127-2b48-4a81-be3a-7fc0af523d6d,12,800000,1,1,0,2d983aaf-8a73-446b-9c40-6ecde2d865c8,1633147f-d6ad-4621-8ebd-6a297ad4988f,libs/foundry/records/entities/spaceships/rsi_polaris_pu_ai_crim.xml
RSI_Polaris_PU_AI_FF_Boyd,vehicle_NameRSI_Polaris,vehicle_DescRSI_Polaris,093e6eba-93fa-4dad-b3dd-38966934e34e,RSI,manufacturer_NameRSI,Spaceship,Scripts/Entities/Vehicles/Implementations/Xml/RSI_Polaris.xml,,vehicle_focus_combat,2bf4345e-cf3c-4ecb-91ce-f9daa8ff47f8,vehicle_class_corvette,5764b127-2b48-4a81-be3a-7fc0af523d6d,12,800000,1,1,0,2d983aaf-8a73-446b-9c40-6ecde2d865c8,6048c854-b9b0-4a01-ad65-b1cba9139fe9,libs/foundry/records/entities/spaceships/rsi_polaris_pu_ai_ff_boyd.xml
RSI_Polaris_PU_AI_FF,vehicle_NameRSI_Polaris,vehicle_DescRSI_Polaris,093e6eba-93fa-4dad-b3dd-38966934e34e,RSI,manufacturer_NameRSI,Spaceship,Scripts/Entities/Vehicles/Implementations/Xml/RSI_Polaris.xml,,vehicle_focus_combat,2bf4345e-cf3c-4ecb-91ce-f9daa8ff47f8,vehicle_class_corvette,5764b127-2b48-4a81-be3a-7fc0af523d6d,12,800000,1,1,0,2d983aaf-8a73-446b-9c40-6ecde2d865c8,0db32942-c4c5-4c4b-a01e-3a08c7073097,libs/foundry/records/entities/spaceships/rsi_polaris_pu_ai_ff.xml
RSI_Polaris,vehicle_NameRSI_Polaris,vehicle_DescRSI_Polaris,093e6eba-93fa-4dad-b3dd-38966934e34e,RSI,manufacturer_NameRSI,Spaceship,Scripts/Entities/Vehicles/Implementations/Xml/RSI_Polaris.xml,,vehicle_focus_combat,2bf4345e-cf3c-4ecb-91ce-f9daa8ff47f8,vehicle_class_corvette,5764b127-2b48-4a81-be3a-7fc0af523d6d,12,800000,1,1,0,2d983aaf-8a73-446b-9c40-6ecde2d865c8,a5a5b055-c5d7-4384-9951-f15d47b88789,libs/foundry/records/entities/spaceships/rsi_polaris.xml
RSI_Salvation_Template,vehicle_NameRSI_Salvation,vehicle_DescRSI_Salvation,093e6eba-93fa-4dad-b3dd-38966934e34e,RSI,manufacturer_NameRSI,Spaceship,Scripts/Entities/Vehicles/Implementations/Xml/rsi_salvation.xml,,item_ShipFocus_Starter,0c06d7fa-963b-4fb3-b9a6-5e03a140bed3,vehicle_class_lightsalvage,8540f25d-59b4-4403-a341-4d42484876d3,1,2500,1,0,0,07b72e0c-74a4-4f62-81b5-da31c2afcb86,4039d37c-db26-4553-aa32-ddf578c0ac90,libs/foundry/records/entities/spaceships/rsi_salvation_template.xml
RSI_Salvation,vehicle_NameRSI_Salvation,vehicle_DescRSI_Salvation,23186ec6-28ed-4f2e-a3f9-0c5459202d63,RSI_2025,manufacturer_NameRSI,Spaceship,Scripts/Entities/Vehicles/Implementations/Xml/rsi_salvation.xml,,vehicle_focus_resources,0c06d7fa-963b-4fb3-b9a6-5e03a140bed3,vehicle_class_startersalvage,4fb7962e-fb88-4e72-ae9e-27d413342817,1,2500,1,1,0,07b72e0c-74a4-4f62-81b5-da31c2afcb86,83318d44-b6c1-42d8-bcd1-284318718b42,libs/foundry/records/entities/spaceships/rsi_salvation.xml
RSI_Scorpius_Antares_PU_AI_CIV,vehicle_NameRSI_Scorpius_Antares,vehicle_DescRSI_Scorpius_Antares,093e6eba-93fa-4dad-b3dd-38966934e34e,RSI,manufacturer_NameRSI,Spaceship,Scripts/Entities/Vehicles/Implementations/Xml/RSI_Scorpius.xml,Interdiction,vehicle_focus_combat,2bf4345e-cf3c-4ecb-91ce-f9daa8ff47f8,vehicle_class_heavyfighter,b9fdb132-72dd-48e4-8fd6-64a4b74595d7,2,10000,1,1,0,18a0e29f-59b9-4043-9faf-c605f7ec2844,a071d455-004b-4cfa-9319-877be96be2ba,libs/foundry/records/entities/spaceships/rsi_scorpius_antares_pu_ai_civ.xml
RSI_Scorpius_Antares_PU_AI_CRIM,vehicle_NameRSI_Scorpius_Antares,vehicle_DescRSI_Scorpius_Antares,093e6eba-93fa-4dad-b3dd-38966934e34e,RSI,manufacturer_NameRSI,Spaceship,Scripts/Entities/Vehicles/Implementations/Xml/RSI_Scorpius.xml,Interdiction,vehicle_focus_combat,2bf4345e-cf3c-4ecb-91ce-f9daa8ff47f8,vehicle_class_heavyfighter,b9fdb132-72dd-48e4-8fd6-64a4b74595d7,2,10000,1,1,0,18a0e29f-59b9-4043-9faf-c605f7ec2844,4b955e0f-8c05-4f92-bfdf-743312410d2a,libs/foundry/records/entities/spaceships/rsi_scorpius_antares_pu_ai_crim.xml
RSI_Scorpius_Antares_Unmanned_Salvage,vehicle_NameRSI_Scorpius_Antares,vehicle_DescRSI_Scorpius_Antares,093e6eba-93fa-4dad-b3dd-38966934e34e,RSI,manufacturer_NameRSI,Spaceship,Scripts/Entities/Vehicles/Implementations/Xml/RSI_Scorpius.xml,Interdiction,vehicle_focus_combat,2bf4345e-cf3c-4ecb-91ce-f9daa8ff47f8,vehicle_class_heavyfighter,b9fdb132-72dd-48e4-8fd6-64a4b74595d7,2,10000,1,0,0,18a0e29f-59b9-4043-9faf-c605f7ec2844,ef90e873-9f46-4fd8-b8a1-01a020185079,libs/foundry/records/entities/spaceships/rsi_scorpius_antares_unmanned_salvage.xml
RSI_Scorpius_Antares,vehicle_NameRSI_Scorpius_Antares,vehicle_DescRSI_Scorpius_Antares,093e6eba-93fa-4dad-b3dd-38966934e34e,RSI,manufacturer_NameRSI,Spaceship,Scripts/Entities/Vehicles/Implementations/Xml/RSI_Scorpius.xml,Interdiction,vehicle_focus_combat,2bf4345e-cf3c-4ecb-91ce-f9daa8ff47f8,vehicle_class_heavyfighter,b9fdb132-72dd-48e4-8fd6-64a4b74595d7,2,10000,1,1,0,18a0e29f-59b9-4043-9faf-c605f7ec2844,2f88be37-7825-4fe1-afae-2ca9d2b01114,libs/foundry/records/entities/spaceships/rsi_scorpius_antares.xml
RSI_Scorpius_PU_AI_CIV,vehicle_NameRSI_Scorpius,vehicle_DescRSI_Scorpius,093e6eba-93fa-4dad-b3dd-38966934e34e,RSI,manufacturer_NameRSI,Spaceship,Scripts/Entities/Vehicles/Implementations/Xml/RSI_Scorpius.xml,,vehicle_focus_combat,2bf4345e-cf3c-4ecb-91ce-f9daa8ff47f8,vehicle_class_heavyfighter,b9fdb132-72dd-48e4-8fd6-64a4b74595d7,2,10000,1,1,0,4b5653c9-fe4a-4021-8056-63559f451dce,80cea95b-ea34-46d0-9f03-389f3c79b040,libs/foundry/records/entities/spaceships/rsi_scorpius_pu_ai_civ.xml
RSI_Scorpius_PU_AI_CRIM_Distortion,vehicle_NameRSI_Scorpius,vehicle_DescRSI_Scorpius,093e6eba-93fa-4dad-b3dd-38966934e34e,RSI,manufacturer_NameRSI,Spaceship,Scripts/Entities/Vehicles/Implementations/Xml/RSI_Scorpius.xml,,vehicle_focus_combat,2bf4345e-cf3c-4ecb-91ce-f9daa8ff47f8,vehicle_class_heavyfighter,b9fdb132-72dd-48e4-8fd6-64a4b74595d7,2,10000,1,1,0,4b5653c9-fe4a-4021-8056-63559f451dce,dc3d2669-d3f7-4d46-aebe-241789a79abf,libs/foundry/records/entities/spaceships/rsi_scorpius_pu_ai_crim_distortion.xml
RSI_Scorpius_PU_AI_CRIM,vehicle_NameRSI_Scorpius,vehicle_DescRSI_Scorpius,093e6eba-93fa-4dad-b3dd-38966934e34e,RSI,manufacturer_NameRSI,Spaceship,Scripts/Entities/Vehicles/Implementations/Xml/RSI_Scorpius.xml,,vehicle_focus_combat,2bf4345e-cf3c-4ecb-91ce-f9daa8ff47f8,vehicle_class_heavyfighter,b9fdb132-72dd-48e4-8fd6-64a4b74595d7,2,10000,1,1,0,4b5653c9-fe4a-4021-8056-63559f451dce,09e7bdc6-1527-4c44-85df-598dec7107d8,libs/foundry/records/entities/spaceships/rsi_scorpius_pu_ai_crim.xml
RSI_Scorpius_PU_AI_UEE,vehicle_NameRSI_Scorpius,vehicle_DescRSI_Scorpius,093e6eba-93fa-4dad-b3dd-38966934e34e,RSI,manufacturer_NameRSI,Spaceship,Scripts/Entities/Vehicles/Implementations/Xml/RSI_Scorpius.xml,,vehicle_focus_combat,2bf4345e-cf3c-4ecb-91ce-f9daa8ff47f8,vehicle_class_heavyfighter,b9fdb132-72dd-48e4-8fd6-64a4b74595d7,2,10000,1,1,0,4b5653c9-fe4a-4021-8056-63559f451dce,79375823-4fc1-4b99-87d0-e22e6f4f22fe,libs/foundry/records/entities/spaceships/rsi_scorpius_pu_ai_uee.xml
RSI_Scorpius_Stealth,vehicle_NameRSI_Scorpius_Collector_Stealth,vehicle_DescRSI_Scorpius_Collector_Stealth,093e6eba-93fa-4dad-b3dd-38966934e34e,RSI,manufacturer_NameRSI,Spaceship,Scripts/Entities/Vehicles/Implementations/Xml/RSI_Scorpius.xml,,vehicle_focus_combat,2bf4345e-cf3c-4ecb-91ce-f9daa8ff47f8,vehicle_class_heavyfighter,b9fdb132-72dd-48e4-8fd6-64a4b74595d7,2,10000,1,1,0,4b5653c9-fe4a-4021-8056-63559f451dce,81586add-ea18-4a95-bf0e-d102ab78d46b,libs/foundry/records/entities/spaceships/rsi_scorpius_stealth.xml
RSI_Scorpius_Unmanned_Salvage,vehicle_NameRSI_Scorpius,vehicle_DescRSI_Scorpius,093e6eba-93fa-4dad-b3dd-38966934e34e,RSI,manufacturer_NameRSI,Spaceship,Scripts/Entities/Vehicles/Implementations/Xml/RSI_Scorpius.xml,,vehicle_focus_combat,2bf4345e-cf3c-4ecb-91ce-f9daa8ff47f8,vehicle_class_heavyfighter,b9fdb132-72dd-48e4-8fd6-64a4b74595d7,2,10000,1,0,0,4b5653c9-fe4a-4021-8056-63559f451dce,af00cfad-88e3-499e-a913-8a2637900c6e,libs/foundry/records/entities/spaceships/rsi_scorpius_unmanned_salvage.xml
RSI_Scorpius,vehicle_NameRSI_Scorpius,vehicle_DescRSI_Scorpius,093e6eba-93fa-4dad-b3dd-38966934e34e,RSI,manufacturer_NameRSI,Spaceship,Scripts/Entities/Vehicles/Implementations/Xml/RSI_Scorpius.xml,,vehicle_focus_combat,2bf4345e-cf3c-4ecb-91ce-f9daa8ff47f8,vehicle_class_heavyfighter,b9fdb132-72dd-48e4-8fd6-64a4b74595d7,2,10000,1,1,0,4b5653c9-fe4a-4021-8056-63559f451dce,edc1421b-59ee-4233-b292-abc2c3ea0a1a,libs/foundry/records/entities/spaceships/rsi_scorpius.xml
RSI_Zeus_CL_AI_Template,vehicle_NameRSI_Zeus_CL,vehicle_DescRSI_Zeus_CL,093e6eba-93fa-4dad-b3dd-38966934e34e,RSI,manufacturer_NameRSI,Spaceship,Scripts/Entities/Vehicles/Implementations/Xml/RSI_Zeus.xml,Zeus_CL,vehicle_focus_transporter,d86d770d-1fc4-4525-b3b0-4f670a8a5634,vehicle_class_mediumfreight,4c0633a2-887f-4231-a40a-d366224f01d5,3,2500,1,1,0,e2a1e155-7f3e-4a5c-9bdc-7ceb1950e74f,bc1498e0-3cf3-41a4-bd0a-e523c08ed509,libs/foundry/records/entities/spaceships/rsi_zeus_cl_ai_template.xml
RSI_Zeus_CL_Collector_Indust,vehicle_NameRSI_Zeus_CL,vehicle_DescRSI_Zeus_CL,093e6eba-93fa-4dad-b3dd-38966934e34e,RSI,manufacturer_NameRSI,Spaceship,Scripts/Entities/Vehicles/Implementations/Xml/RSI_Zeus.xml,Zeus_CL,vehicle_focus_transporter,d86d770d-1fc4-4525-b3b0-4f670a8a5634,vehicle_class_mediumfreight,4c0633a2-887f-4231-a40a-d366224f01d5,3,2500,1,1,0,e2a1e155-7f3e-4a5c-9bdc-7ceb1950e74f,f8ee95ed-cc18-4d65-a9d2-2d14d26d106d,libs/foundry/records/entities/spaceships/rsi_zeus_cl_collector_indust.xml
RSI_Zeus_CL_PU_AI_CIV_DEF,vehicle_NameRSI_Zeus_CL,vehicle_DescRSI_Zeus_CL,093e6eba-93fa-4dad-b3dd-38966934e34e,RSI,manufacturer_NameRSI,Spaceship,Scripts/Entities/Vehicles/Implementations/Xml/RSI_Zeus.xml,Zeus_CL,vehicle_focus_transporter,d86d770d-1fc4-4525-b3b0-4f670a8a5634,vehicle_class_mediumfreight,4c0633a2-887f-4231-a40a-d366224f01d5,3,2500,1,1,0,e2a1e155-7f3e-4a5c-9bdc-7ceb1950e74f,b9d32682-66da-4fa6-95a2-368f93c12741,libs/foundry/records/entities/spaceships/rsi_zeus_cl_pu_ai_civ_def.xml
RSI_Zeus_CL_PU_AI_CIV,vehicle_NameRSI_Zeus_CL,vehicle_DescRSI_Zeus_CL,093e6eba-93fa-4dad-b3dd-38966934e34e,RSI,manufacturer_NameRSI,Spaceship,Scripts/Entities/Vehicles/Implementations/Xml/RSI_Zeus.xml,Zeus_CL,vehicle_focus_transporter,d86d770d-1fc4-4525-b3b0-4f670a8a5634,vehicle_class_mediumfreight,4c0633a2-887f-4231-a40a-d366224f01d5,3,2500,1,1,0,e2a1e155-7f3e-4a5c-9bdc-7ceb1950e74f,c5dd3f30-f1d5-4cc0-a7d4-cb8e07b72236,libs/foundry/records/entities/spaceships/rsi_zeus_cl_pu_ai_civ.xml
RSI_Zeus_CL_PU_AI_CRIM,vehicle_NameRSI_Zeus_CL,vehicle_DescRSI_Zeus_CL,093e6eba-93fa-4dad-b3dd-38966934e34e,RSI,manufacturer_NameRSI,Spaceship,Scripts/Entities/Vehicles/Implementations/Xml/RSI_Zeus.xml,Zeus_CL,vehicle_focus_transporter,d86d770d-1fc4-4525-b3b0-4f670a8a5634,vehicle_class_mediumfreight,4c0633a2-887f-4231-a40a-d366224f01d5,3,2500,1,1,0,e2a1e155-7f3e-4a5c-9bdc-7ceb1950e74f,0fe4902e-8be4-416e-9975-6e646163db8e,libs/foundry/records/entities/spaceships/rsi_zeus_cl_pu_ai_crim.xml
RSI_Zeus_CL,vehicle_NameRSI_Zeus_CL,vehicle_DescRSI_Zeus_CL,093e6eba-93fa-4dad-b3dd-38966934e34e,RSI,manufacturer_NameRSI,Spaceship,Scripts/Entities/Vehicles/Implementations/Xml/RSI_Zeus.xml,Zeus_CL,vehicle_focus_transporter,d86d770d-1fc4-4525-b3b0-4f670a8a5634,vehicle_class_mediumfreight,4c0633a2-887f-4231-a40a-d366224f01d5,3,2500,1,1,0,e2a1e155-7f3e-4a5c-9bdc-7ceb1950e74f,02fe3279-3598-4ce6-96dc-0bc5cb90dfdc,libs/foundry/records/entities/spaceships/rsi_zeus_cl.xml
RSI_Zeus_ES_AI_Template,vehicle_NameRSI_Zeus_ES,vehicle_DescRSI_Zeus_ES,093e6eba-93fa-4dad-b3dd-38966934e34e,RSI,manufacturer_NameRSI,Spaceship,Scripts/Entities/Vehicles/Implementations/Xml/RSI_Zeus.xml,,vehicle_focus_exploration,605f6ca1-9eae-4d78-9f7f-71288d44dada,vehicle_class_expedition,bdf53a4c-0fce-442f-9222-e438792d7b75,3,2500,1,1,0,b1d596cd-e55b-4173-8487-e7664b4bd823,03bc07bb-2746-4cd7-93b3-94d04f8af14e,libs/foundry/records/entities/spaceships/rsi_zeus_es_ai_template.xml
RSI_Zeus_ES_Collector_Indust,vehicle_NameRSI_Zeus_ES_Collector_Indust,vehicle_DescRSI_Zeus_ES_Collector_Indust,093e6eba-93fa-4dad-b3dd-38966934e34e,RSI,manufacturer_NameRSI,Spaceship,Scripts/Entities/Vehicles/Implementations/Xml/RSI_Zeus.xml,,vehicle_focus_exploration,605f6ca1-9eae-4d78-9f7f-71288d44dada,vehicle_class_expedition,bdf53a4c-0fce-442f-9222-e438792d7b75,3,2500,1,1,0,b1d596cd-e55b-4173-8487-e7664b4bd823,4b0436fc-32cb-4ce8-804b-11ed8677aa48,libs/foundry/records/entities/spaceships/rsi_zeus_es_collector_indust.xml
RSI_Zeus_ES_PU_AI_CIV,vehicle_NameRSI_Zeus_ES,vehicle_DescRSI_Zeus_ES,093e6eba-93fa-4dad-b3dd-38966934e34e,RSI,manufacturer_NameRSI,Spaceship,Scripts/Entities/Vehicles/Implementations/Xml/RSI_Zeus.xml,,vehicle_focus_exploration,605f6ca1-9eae-4d78-9f7f-71288d44dada,vehicle_class_expedition,bdf53a4c-0fce-442f-9222-e438792d7b75,3,2500,1,1,0,b1d596cd-e55b-4173-8487-e7664b4bd823,2781f337-f573-4e48-8446-db97254e2c3f,libs/foundry/records/entities/spaceships/rsi_zeus_es_pu_ai_civ.xml
RSI_Zeus_ES_PU_AI_CRIM,vehicle_NameRSI_Zeus_ES,vehicle_DescRSI_Zeus_ES,093e6eba-93fa-4dad-b3dd-38966934e34e,RSI,manufacturer_NameRSI,Spaceship,Scripts/Entities/Vehicles/Implementations/Xml/RSI_Zeus.xml,,vehicle_focus_exploration,605f6ca1-9eae-4d78-9f7f-71288d44dada,vehicle_class_expedition,bdf53a4c-0fce-442f-9222-e438792d7b75,3,2500,1,1,0,b1d596cd-e55b-4173-8487-e7664b4bd823,4ac59ce0-f94c-4046-8576-f23dd0e5c95e,libs/foundry/records/entities/spaceships/rsi_zeus_es_pu_ai_crim.xml
RSI_Zeus_ES_Unmanned_Salvage,vehicle_NameRSI_Zeus_ES,vehicle_DescRSI_Zeus_ES,093e6eba-93fa-4dad-b3dd-38966934e34e,RSI,manufacturer_NameRSI,Spaceship,Scripts/Entities/Vehicles/Implementations/Xml/RSI_Zeus.xml,,vehicle_focus_exploration,605f6ca1-9eae-4d78-9f7f-71288d44dada,vehicle_class_expedition,bdf53a4c-0fce-442f-9222-e438792d7b75,3,2500,1,1,0,b1d596cd-e55b-4173-8487-e7664b4bd823,45d2dae0-1ce6-43e9-a1b6-d2834f0a1f0f,libs/foundry/records/entities/spaceships/rsi_zeus_es_unmanned_salvage.xml
RSI_Zeus_ES_Unmanned,vehicle_NameRSI_Zeus_ES,vehicle_DescRSI_Zeus_ES,093e6eba-93fa-4dad-b3dd-38966934e34e,RSI,manufacturer_NameRSI,Spaceship,Scripts/Entities/Vehicles/Implementations/Xml/RSI_Zeus.xml,,vehicle_focus_exploration,605f6ca1-9eae-4d78-9f7f-71288d44dada,vehicle_class_expedition,bdf53a4c-0fce-442f-9222-e438792d7b75,3,2500,1,1,0,b1d596cd-e55b-4173-8487-e7664b4bd823,b6a7285d-7b51-4ace-88c3-f0ce1e2eca69,libs/foundry/records/entities/spaceships/rsi_zeus_es_unmanned.xml
RSI_Zeus_ES,vehicle_NameRSI_Zeus_ES,vehicle_DescRSI_Zeus_ES,093e6eba-93fa-4dad-b3dd-38966934e34e,RSI,manufacturer_NameRSI,Spaceship,Scripts/Entities/Vehicles/Implementations/Xml/RSI_Zeus.xml,,vehicle_focus_exploration,605f6ca1-9eae-4d78-9f7f-71288d44dada,vehicle_class_expedition,bdf53a4c-0fce-442f-9222-e438792d7b75,3,2500,1,1,0,b1d596cd-e55b-4173-8487-e7664b4bd823,e4770804-b43a-4c2d-a4e4-fedd410e50fb,libs/foundry/records/entities/spaceships/rsi_zeus_es.xml
Spaceship_Template,LOC_UNINITIALIZED,LOC_UNINITIALIZED,,,,Spaceship,,,LOC_PLACEHOLDER,,LOC_PLACEHOLDER,,1,2500,1,0,0,04555ac1-dfc1-4181-b847-dcd62f5147da,0c114c89-76d7-47f6-9ac6-549fececdb95,libs/foundry/records/entities/spaceships/spaceship_template.xml
VNCL_Blade_AI_DefendShip,vehicle_NameESPR_Blade,vehicle_DescESPR_Blade,4ecc1a24-d228-4dd5-8857-21ba6145a1d3,ESPR,manufacturer_NameESPR,Spaceship,Scripts/Entities/Vehicles/Implementations/Xml/VNCL_Blade.xml,,vehicle_focus_combat,2bf4345e-cf3c-4ecb-91ce-f9daa8ff47f8,vehicle_class_lightfighter,bf73e515-0e01-409e-84fb-acbef27e1686,1,2000,1,1,0,f8ba94b9-473b-4170-8942-6b39dff83c1c,43cf2d6c-a302-4a10-93c7-162a0fe1c184,libs/foundry/records/entities/spaceships/vncl_blade_ai_defendship.xml
VNCL_Blade_PU_AI_VAN,vehicle_NameVNCL_Blade,vehicle_DescESPR_Blade,4ecc1a24-d228-4dd5-8857-21ba6145a1d3,ESPR,manufacturer_NameESPR,Spaceship,Scripts/Entities/Vehicles/Implementations/Xml/VNCL_Blade.xml,,vehicle_focus_combat,2bf4345e-cf3c-4ecb-91ce-f9daa8ff47f8,vehicle_class_lightfighter,bf73e515-0e01-409e-84fb-acbef27e1686,1,2000,1,1,0,f8ba94b9-473b-4170-8942-6b39dff83c1c,058026f6-81f8-4d94-bb30-bc7cbc55890a,libs/foundry/records/entities/spaceships/vncl_blade_pu_ai_van.xml
VNCL_Blade_Swarm,vehicle_NameESPR_Blade,vehicle_DescESPR_Blade,4ecc1a24-d228-4dd5-8857-21ba6145a1d3,ESPR,manufacturer_NameESPR,Spaceship,Scripts/Entities/Vehicles/Implementations/Xml/VNCL_Blade.xml,Blade_Scavenger,vehicle_focus_combat,2bf4345e-cf3c-4ecb-91ce-f9daa8ff47f8,vehicle_class_lightfighter,bf73e515-0e01-409e-84fb-acbef27e1686,1,2000,1,0,0,f8ba94b9-473b-4170-8942-6b39dff83c1c,a46a7aaf-d9be-4f7f-94a1-acb34ab9ae85,libs/foundry/records/entities/spaceships/vncl_blade_swarm.xml
VNCL_Blade,vehicle_NameESPR_Blade,vehicle_DescESPR_Blade,4ecc1a24-d228-4dd5-8857-21ba6145a1d3,ESPR,manufacturer_NameESPR,Spaceship,Scripts/Entities/Vehicles/Implementations/Xml/VNCL_Blade.xml,,vehicle_focus_combat,2bf4345e-cf3c-4ecb-91ce-f9daa8ff47f8,vehicle_class_lightfighter,bf73e515-0e01-409e-84fb-acbef27e1686,1,2000,1,1,0,f8ba94b9-473b-4170-8942-6b39dff83c1c,0d4c5000-ffdb-41f5-9de1-d64252dfef21,libs/foundry/records/entities/spaceships/vncl_blade.xml
VNCL_Glaive_AI_DefendShip,vehicle_NameESPR_Glaive,vehicle_DescESPR_Glaive,4ecc1a24-d228-4dd5-8857-21ba6145a1d3,ESPR,manufacturer_NameESPR,Spaceship,scripts/entities/vehicles/implementations/xml/vncl_scythe.xml,Glaive,vehicle_focus_combat,2bf4345e-cf3c-4ecb-91ce-f9daa8ff47f8,vehicle_class_mediumfighter,43eaf464-2452-491b-8cc0-443f6ac39613,1,3500,1,1,0,62fc4e01-9499-4d81-bd27-2e67905aa856,8fe8c365-b266-4b88-91d3-8fc86f5f66cb,libs/foundry/records/entities/spaceships/vncl_glaive_ai_defendship.xml
VNCL_Glaive_EA_AI_VAN_Prime,vehicle_NameESPR_Glaive,vehicle_DescESPR_Glaive,4ecc1a24-d228-4dd5-8857-21ba6145a1d3,ESPR,manufacturer_NameESPR,Spaceship,scripts/entities/vehicles/implementations/xml/vncl_scythe.xml,Glaive_Swarm,vehicle_focus_combat,2bf4345e-cf3c-4ecb-91ce-f9daa8ff47f8,vehicle_class_mediumfighter,43eaf464-2452-491b-8cc0-443f6ac39613,1,3500,1,1,0,62fc4e01-9499-4d81-bd27-2e67905aa856,db599a7a-7d25-4045-b770-c0c0ab3538e6,libs/foundry/records/entities/spaceships/vncl_glaive_ea_ai_van_prime.xml
VNCL_Glaive_PU_AI_VAN,vehicle_NameVNCL_Glaive,vehicle_DescVNCL_Glaive_Glaive_Swarm,4ecc1a24-d228-4dd5-8857-21ba6145a1d3,ESPR,manufacturer_NameESPR,Spaceship,scripts/entities/vehicles/implementations/xml/vncl_scythe.xml,Glaive,vehicle_focus_combat,2bf4345e-cf3c-4ecb-91ce-f9daa8ff47f8,vehicle_class_mediumfighter,43eaf464-2452-491b-8cc0-443f6ac39613,1,3500,1,1,0,62fc4e01-9499-4d81-bd27-2e67905aa856,98b3e634-3f65-4581-a069-46c71bd84b56,libs/foundry/records/entities/spaceships/vncl_glaive_pu_ai_van.xml
VNCL_Glaive,vehicle_NameESPR_Glaive,vehicle_DescESPR_Glaive,4ecc1a24-d228-4dd5-8857-21ba6145a1d3,ESPR,manufacturer_NameESPR,Spaceship,scripts/entities/vehicles/implementations/xml/vncl_scythe.xml,Glaive,vehicle_focus_combat,2bf4345e-cf3c-4ecb-91ce-f9daa8ff47f8,vehicle_class_mediumfighter,43eaf464-2452-491b-8cc0-443f6ac39613,1,3500,1,1,0,62fc4e01-9499-4d81-bd27-2e67905aa856,e379e38c-459a-4705-be7d-49a5f5d7a928,libs/foundry/records/entities/spaceships/vncl_glaive.xml
VNCL_Mauler_AI,vehicle_NameVNCL_Mauler,vehicle_DescVNCL_Mauler,4668760a-d8a1-48d0-be4d-42304b702de0,VNCL,manufacturer_NameVNCL,Spaceship,Scripts/Entities/Vehicles/Implementations/Xml/VNCL_Mauler.xml,,vehicle_focus_combat,2bf4345e-cf3c-4ecb-91ce-f9daa8ff47f8,vehicle_class_destroyer,30093844-6356-4df9-8473-dad8fc8ee1d4,19,2500,1,1,0,,df3cdf29-1698-4896-a3b9-b93bee9e381f,libs/foundry/records/entities/spaceships/vncl_mauler_ai.xml
VNCL_Mauler_PU_AI_VAN,vehicle_NameVNCL_Mauler,vehicle_DescVNCL_Mauler,4668760a-d8a1-48d0-be4d-42304b702de0,VNCL,manufacturer_NameVNCL,Spaceship,Scripts/Entities/Vehicles/Implementations/Xml/VNCL_Mauler.xml,,vehicle_focus_combat,2bf4345e-cf3c-4ecb-91ce-f9daa8ff47f8,vehicle_class_destroyer,30093844-6356-4df9-8473-dad8fc8ee1d4,19,2500,1,1,0,,f9e725f6-396a-46e6-b43a-6ed842a9af67,libs/foundry/records/entities/spaceships/vncl_mauler_pu_ai_van.xml
VNCL_Mauler,vehicle_NameVNCL_Mauler,vehicle_DescVNCL_Mauler,4668760a-d8a1-48d0-be4d-42304b702de0,VNCL,manufacturer_NameVNCL,Spaceship,Scripts/Entities/Vehicles/Implementations/Xml/VNCL_Mauler.xml,,vehicle_focus_combat,2bf4345e-cf3c-4ecb-91ce-f9daa8ff47f8,vehicle_class_destroyer,30093844-6356-4df9-8473-dad8fc8ee1d4,19,2500,1,1,0,,5d2bf0b6-d9be-4738-8717-0f455c461d8a,libs/foundry/records/entities/spaceships/vncl_mauler.xml
VNCL_Scythe_EA_AI_VAN_Alpha,vehicle_NameVNCL_Scythe,vehicle_DescVNCL_Scythe,4ecc1a24-d228-4dd5-8857-21ba6145a1d3,ESPR,manufacturer_NameESPR,Spaceship,scripts/entities/vehicles/implementations/xml/vncl_scythe.xml,Scythe_Alpha,vehicle_focus_combat,2bf4345e-cf3c-4ecb-91ce-f9daa8ff47f8,vehicle_class_mediumfighter,43eaf464-2452-491b-8cc0-443f6ac39613,1,3500,1,1,0,,ab3fe90e-7880-487a-930e-3fffd6e3c5e9,libs/foundry/records/entities/spaceships/vncl_scythe_ea_ai_van_alpha.xml
VNCL_Scythe_EA_AI_VAN_Hunter,vehicle_NameVNCL_Scythe,vehicle_DescVNCL_Scythe,4ecc1a24-d228-4dd5-8857-21ba6145a1d3,ESPR,manufacturer_NameESPR,Spaceship,scripts/entities/vehicles/implementations/xml/vncl_scythe.xml,Scythe_Hunter,vehicle_focus_combat,2bf4345e-cf3c-4ecb-91ce-f9daa8ff47f8,vehicle_class_mediumfighter,43eaf464-2452-491b-8cc0-443f6ac39613,1,3500,1,1,0,,7414b037-b2ac-43ca-978c-ec5cdab2eb1b,libs/foundry/records/entities/spaceships/vncl_scythe_ea_ai_van_hunter.xml
VNCL_Scythe_PU_AI_DefendShip,vehicle_NameVNCL_Scythe,vehicle_DescVNCL_Scythe,4ecc1a24-d228-4dd5-8857-21ba6145a1d3,ESPR,manufacturer_NameESPR,Spaceship,scripts/entities/vehicles/implementations/xml/vncl_scythe.xml,,vehicle_focus_combat,2bf4345e-cf3c-4ecb-91ce-f9daa8ff47f8,vehicle_class_mediumfighter,43eaf464-2452-491b-8cc0-443f6ac39613,1,3500,1,1,0,,0f33d15f-5122-4eb0-bf4b-5579f92a0e7f,libs/foundry/records/entities/spaceships/vncl_scythe_pu_ai_defendship.xml
VNCL_Scythe_PU_AI_VAN,vehicle_NameVNCL_Scythe,vehicle_DescVNCL_Scythe,4ecc1a24-d228-4dd5-8857-21ba6145a1d3,ESPR,manufacturer_NameESPR,Spaceship,scripts/entities/vehicles/implementations/xml/vncl_scythe.xml,,vehicle_focus_combat,2bf4345e-cf3c-4ecb-91ce-f9daa8ff47f8,vehicle_class_mediumfighter,43eaf464-2452-491b-8cc0-443f6ac39613,1,3500,1,1,0,,b573357f-f5c4-4099-9a65-bb1ac9afb49e,libs/foundry/records/entities/spaceships/vncl_scythe_pu_ai_van.xml
VNCL_Scythe,vehicle_NameVNCL_Scythe,vehicle_DescVNCL_Scythe,4ecc1a24-d228-4dd5-8857-21ba6145a1d3,ESPR,manufacturer_NameESPR,Spaceship,scripts/entities/vehicles/implementations/xml/vncl_scythe.xml,,vehicle_focus_combat,2bf4345e-cf3c-4ecb-91ce-f9daa8ff47f8,vehicle_class_mediumfighter,43eaf464-2452-491b-8cc0-443f6ac39613,1,3500,1,1,0,,28f22bb8-9f1c-4a46-9a39-20bcb1e5000e,libs/foundry/records/entities/spaceships/vncl_scythe.xml
VNCL_Stinger_PU_AI_DefendShip,vehicle_NameVNCL_Stinger,vehicle_DescESPR_Blade,4668760a-d8a1-48d0-be4d-42304b702de0,VNCL,manufacturer_NameVNCL,Spaceship,Scripts/Entities/Vehicles/Implementations/Xml/vncl_stinger.xml,,vehicle_focus_combat,2bf4345e-cf3c-4ecb-91ce-f9daa8ff47f8,vehicle_class_heavyfighter,b9fdb132-72dd-48e4-8fd6-64a4b74595d7,1,2500,1,1,0,41b19211-b6a2-4967-a7b7-541806e61127,3fa6e90d-d6ed-4b7f-bee0-49e7020c4430,libs/foundry/records/entities/spaceships/vncl_stinger_pu_ai_defendship.xml
VNCL_Stinger_PU_AI_VAN,vehicle_NameVNCL_Stinger,vehicle_DescESPR_Blade,4668760a-d8a1-48d0-be4d-42304b702de0,VNCL,manufacturer_NameVNCL,Spaceship,Scripts/Entities/Vehicles/Implementations/Xml/vncl_stinger.xml,,vehicle_focus_combat,2bf4345e-cf3c-4ecb-91ce-f9daa8ff47f8,vehicle_class_heavyfighter,b9fdb132-72dd-48e4-8fd6-64a4b74595d7,1,2500,1,1,0,41b19211-b6a2-4967-a7b7-541806e61127,57ed2a9b-adbf-4042-a0fd-de26ca6c8ea3,libs/foundry/records/entities/spaceships/vncl_stinger_pu_ai_van.xml
VNCL_Stinger,vehicle_NameESPR_Stinger,vehicle_DescESPR_Stinger,4668760a-d8a1-48d0-be4d-42304b702de0,VNCL,manufacturer_NameVNCL,Spaceship,Scripts/Entities/Vehicles/Implementations/Xml/vncl_stinger.xml,,vehicle_focus_combat,2bf4345e-cf3c-4ecb-91ce-f9daa8ff47f8,vehicle_class_heavyfighter,b9fdb132-72dd-48e4-8fd6-64a4b74595d7,1,2500,1,1,0,41b19211-b6a2-4967-a7b7-541806e61127,f7b8addd-9253-495c-a278-bdaa236e6cbc,libs/foundry/records/entities/spaceships/vncl_stinger.xml
XIAN_Nox_Collector_Mod,TheCollector_ShipMod_XIAN_Nox_VehicleName,vehicle_DescXIAN_Nox,06370f79-4741-4781-be08-d5acc9e28047,XNAA,manufacturer_NameXNAA,Spaceship,scripts/entities/vehicles/implementations/xml/xian_nox.xml,,vehicle_focus_competition,0f148cb8-74eb-45fa-bd77-82a756fa4b36,vehicle_class_racing,42c95b15-5e41-4c2d-a342-8df0aa82ae3b,1,2500,0,1,1,b5a41c0e-4038-44e6-b8c8-04dd949bc03b,8f262a17-633f-43d8-8689-ff345d723b24,libs/foundry/records/entities/spaceships/xian_nox_collector_mod.xml
XIAN_Nox_Kue,vehicle_NameXIAN_Nox_Kue,vehicle_DescXIAN_Nox_Kue,06370f79-4741-4781-be08-d5acc9e28047,XNAA,manufacturer_NameXNAA,Spaceship,scripts/entities/vehicles/implementations/xml/xian_nox.xml,Kue,vehicle_focus_competition,0f148cb8-74eb-45fa-bd77-82a756fa4b36,vehicle_class_racing,42c95b15-5e41-4c2d-a342-8df0aa82ae3b,1,2500,0,1,1,b5a41c0e-4038-44e6-b8c8-04dd949bc03b,204a6ce4-1634-4f87-9955-04c70e44c8af,libs/foundry/records/entities/spaceships/xian_nox_kue.xml
XIAN_Nox,vehicle_NameXIAN_Nox,vehicle_DescXIAN_Nox,06370f79-4741-4781-be08-d5acc9e28047,XNAA,manufacturer_NameXNAA,Spaceship,scripts/entities/vehicles/implementations/xml/xian_nox.xml,,vehicle_focus_competition,0f148cb8-74eb-45fa-bd77-82a756fa4b36,vehicle_class_racing,42c95b15-5e41-4c2d-a342-8df0aa82ae3b,1,2500,0,1,1,b5a41c0e-4038-44e6-b8c8-04dd949bc03b,daddeefa-fef0-4146-b630-a33d6e8904d3,libs/foundry/records/entities/spaceships/xian_nox.xml
XIAN_Scout_PU_AI_CIV,vehicle_NameXIAN_Scout,vehicle_DescXIAN_Scout,06370f79-4741-4781-be08-d5acc9e28047,XNAA,manufacturer_NameXNAA,Spaceship,scripts/entities/vehicles/implementations/xml/xian_scout.xml,,vehicle_focus_combat,2bf4345e-cf3c-4ecb-91ce-f9daa8ff47f8,vehicle_class_lightfighter,bf73e515-0e01-409e-84fb-acbef27e1686,1,2100.5,1,1,0,e1627fd7-3523-4d9a-a25f-a87fd4e65d25,627dadf5-d275-48ae-8b04-bfd36ef3a9c7,libs/foundry/records/entities/spaceships/xian_scout_pu_ai_civ.xml
XIAN_Scout_PU_AI_CRIM,vehicle_NameXIAN_Scout,vehicle_DescXIAN_Scout,06370f79-4741-4781-be08-d5acc9e28047,XNAA,manufacturer_NameXNAA,Spaceship,scripts/entities/vehicles/implementations/xml/xian_scout.xml,,vehicle_focus_combat,2bf4345e-cf3c-4ecb-91ce-f9daa8ff47f8,vehicle_class_lightfighter,bf73e515-0e01-409e-84fb-acbef27e1686,1,2100.5,1,1,0,e1627fd7-3523-4d9a-a25f-a87fd4e65d25,53665a1f-0ef7-4252-9718-84e205e508bd,libs/foundry/records/entities/spaceships/xian_scout_pu_ai_crim.xml
XIAN_Scout,vehicle_NameXIAN_Scout,vehicle_DescXIAN_Scout,06370f79-4741-4781-be08-d5acc9e28047,XNAA,manufacturer_NameXNAA,Spaceship,scripts/entities/vehicles/implementations/xml/xian_scout.xml,,vehicle_focus_combat,2bf4345e-cf3c-4ecb-91ce-f9daa8ff47f8,vehicle_class_lightfighter,bf73e515-0e01-409e-84fb-acbef27e1686,1,2100.5,1,1,0,e1627fd7-3523-4d9a-a25f-a87fd4e65d25,8f61dc58-74ca-4dc6-aa95-c3105f10bba4,libs/foundry/records/entities/spaceships/xian_scout.xml
XNAA_SanTokYai_AI_DefendShip,vehicle_NameXNAA_SantokYai,vehicle_DescXNAA_SantokYai,06370f79-4741-4781-be08-d5acc9e28047,XNAA,manufacturer_NameXNAA,Spaceship,Scripts/Entities/Vehicles/Implementations/Xml/XNAA_SanTokYai.xml,,vehicle_focus_combat,2bf4345e-cf3c-4ecb-91ce-f9daa8ff47f8,vehicle_class_mediumfighter,43eaf464-2452-491b-8cc0-443f6ac39613,1,3675.88,1,1,0,,2bc97253-135b-4744-a91e-283435582547,libs/foundry/records/entities/spaceships/xnaa_santokyai_ai_defendship.xml
XNAA_SanTokYai_Unmanned_Salvage,vehicle_NameXNAA_SantokYai,vehicle_DescXNAA_SantokYai,06370f79-4741-4781-be08-d5acc9e28047,XNAA,manufacturer_NameXNAA,Spaceship,Scripts/Entities/Vehicles/Implementations/Xml/XNAA_SanTokYai.xml,,vehicle_focus_combat,2bf4345e-cf3c-4ecb-91ce-f9daa8ff47f8,vehicle_class_mediumfighter,43eaf464-2452-491b-8cc0-443f6ac39613,1,3675.88,1,1,0,,9d7f577a-b959-4953-aca4-bee177a3c683,libs/foundry/records/entities/spaceships/xnaa_santokyai_unmanned_salvage.xml
XNAA_SanTokYai,vehicle_NameXNAA_SantokYai,vehicle_DescXNAA_SantokYai,06370f79-4741-4781-be08-d5acc9e28047,XNAA,manufacturer_NameXNAA,Spaceship,Scripts/Entities/Vehicles/Implementations/Xml/XNAA_SanTokYai.xml,,vehicle_focus_combat,2bf4345e-cf3c-4ecb-91ce-f9daa8ff47f8,vehicle_class_mediumfighter,43eaf464-2452-491b-8cc0-443f6ac39613,1,3675.88,1,1,0,,9634b4d6-9f5a-4ad2-8574-431c15e3bc5d,libs/foundry/records/entities/spaceships/xnaa_santokyai.xml
