Composition Class,Deposit Name Key,Minimum Distinct Elements,Part Index,Mineable Element GUID,Mineable Element Class,Mineable Element Name,Min Percentage,Max Percentage,Probability,Curve Exponent,Quality Scale,Record GUID,Record Path
Asteroid_CType_Aluminium,hud_mining_asteroid_name_5,2,0,3776294d-5689-41f2-b03d-e8fcd17ede6a,Aluminium_Ore,Aluminum (Ore),30,70,1,1,1,3a6e7bb4-0f23-4c46-b822-333afe9d63ab,libs/foundry/records/mining/rockcompositionpresets/asteroid_ctype_aluminium.xml
Asteroid_CType_Aluminium,hud_mining_asteroid_name_5,2,1,220c2e18-9324-4528-b399-2f908488b204,Hephaestanite_Raw,Hephaestanite (Raw),30,60,0.5,1,1,3a6e7bb4-0f23-4c46-b822-333afe9d63ab,libs/foundry/records/mining/rockcompositionpresets/asteroid_ctype_aluminium.xml
Asteroid_CType_Aluminium,hud_mining_asteroid_name_5,2,2,f2f5bf2e-87f9-4f3d-bb59-b4e11eceeaad,Gold_Ore,Gold (Ore),20,50,0.1,1,1,3a6e7bb4-0f23-4c46-b822-333afe9d63ab,libs/foundry/records/mining/rockcompositionpresets/asteroid_ctype_aluminium.xml
Asteroid_CType_Aluminium,hud_mining_asteroid_name_5,2,3,8893c670-f9f7-48df-a05b-e85764994256,Taranite_Raw,Taranite (Raw),20,50,0.5,1,1,3a6e7bb4-0f23-4c46-b822-333afe9d63ab,libs/foundry/records/mining/rockcompositionpresets/asteroid_ctype_aluminium.xml
Asteroid_CType_Aluminium,hud_mining_asteroid_name_5,2,4,f48b147f-713e-481f-adf2-ff9869ac61bd,Bexalite_Raw,Bexalite (Raw),20,50,0.3,1,1,3a6e7bb4-0f23-4c46-b822-333afe9d63ab,libs/foundry/records/mining/rockcompositionpresets/asteroid_ctype_aluminium.xml
Asteroid_CType_Aluminium,hud_mining_asteroid_name_5,2,5,fc62043c-3f29-4fff-b754-2301762723f7,Quantainium_Raw,Quantainium (Raw),20,50,0.12,1,1,3a6e7bb4-0f23-4c46-b822-333afe9d63ab,libs/foundry/records/mining/rockcompositionpresets/asteroid_ctype_aluminium.xml
Asteroid_CType_Aluminium,hud_mining_asteroid_name_5,2,0,3776294d-5689-41f2-b03d-e8fcd17ede6a,Aluminium_Ore,Aluminum (Ore),30,70,1,1,1,3a6e7bb4-0f23-4c46-b822-333afe9d63ab,libs/foundry/records/mining/rockcompositionpresets/asteroid_ctype_aluminium.xml
Asteroid_CType_Aluminium,hud_mining_asteroid_name_5,2,1,220c2e18-9324-4528-b399-2f908488b204,Hephaestanite_Raw,Hephaestanite (Raw),30,60,0.5,1,1,3a6e7bb4-0f23-4c46-b822-333afe9d63ab,libs/foundry/records/mining/rockcompositionpresets/asteroid_ctype_aluminium.xml
Asteroid_CType_Aluminium,hud_mining_asteroid_name_5,2,2,f2f5bf2e-87f9-4f3d-bb59-b4e11eceeaad,Gold_Ore,Gold (Ore),20,50,0.1,1,1,3a6e7bb4-0f23-4c46-b822-333afe9d63ab,libs/foundry/records/mining/rockcompositionpresets/asteroid_ctype_aluminium.xml
Asteroid_CType_Aluminium,hud_mining_asteroid_name_5,2,3,8893c670-f9f7-48df-a05b-e85764994256,Taranite_Raw,Taranite (Raw),20,50,0.5,1,1,3a6e7bb4-0f23-4c46-b822-333afe9d63ab,libs/foundry/records/mining/rockcompositionpresets/asteroid_ctype_aluminium.xml
Asteroid_CType_Aluminium,hud_mining_asteroid_name_5,2,4,f48b147f-713e-481f-adf2-ff9869ac61bd,Bexalite_Raw,Bexalite (Raw),20,50,0.3,1,1,3a6e7bb4-0f23-4c46-b822-333afe9d63ab,libs/foundry/records/mining/rockcompositionpresets/asteroid_ctype_aluminium.xml
Asteroid_CType_Aluminium,hud_mining_asteroid_name_5,2,5,fc62043c-3f29-4fff-b754-2301762723f7,Quantainium_Raw,Quantainium (Raw),20,50,0.12,1,1,3a6e7bb4-0f23-4c46-b822-333afe9d63ab,libs/foundry/records/mining/rockcompositionpresets/asteroid_ctype_aluminium.xml
Asteroid_CType_Copper,hud_mining_asteroid_name_5,2,0,ee12edc1-a2c3-4202-909d-9b729a050a3f,Copper_Ore,Copper (Ore),30,70,1,1,1,bd7712f1-df33-42d5-a1de-571b04405f23,libs/foundry/records/mining/rockcompositionpresets/asteroid_ctype_copper.xml
Asteroid_CType_Copper,hud_mining_asteroid_name_5,2,1,220c2e18-9324-4528-b399-2f908488b204,Hephaestanite_Raw,Hephaestanite (Raw),30,60,0.5,1,1,bd7712f1-df33-42d5-a1de-571b04405f23,libs/foundry/records/mining/rockcompositionpresets/asteroid_ctype_copper.xml
Asteroid_CType_Copper,hud_mining_asteroid_name_5,2,2,f2f5bf2e-87f9-4f3d-bb59-b4e11eceeaad,Gold_Ore,Gold (Ore),20,50,0.2,1,1,bd7712f1-df33-42d5-a1de-571b04405f23,libs/foundry/records/mining/rockcompositionpresets/asteroid_ctype_copper.xml
Asteroid_CType_Copper,hud_mining_asteroid_name_5,2,3,8893c670-f9f7-48df-a05b-e85764994256,Taranite_Raw,Taranite (Raw),20,50,0.3,1,1,bd7712f1-df33-42d5-a1de-571b04405f23,libs/foundry/records/mining/rockcompositionpresets/asteroid_ctype_copper.xml
Asteroid_CType_Copper,hud_mining_asteroid_name_5,2,4,f48b147f-713e-481f-adf2-ff9869ac61bd,Bexalite_Raw,Bexalite (Raw),20,50,0.5,1,1,bd7712f1-df33-42d5-a1de-571b04405f23,libs/foundry/records/mining/rockcompositionpresets/asteroid_ctype_copper.xml
Asteroid_CType_Copper,hud_mining_asteroid_name_5,2,5,fc62043c-3f29-4fff-b754-2301762723f7,Quantainium_Raw,Quantainium (Raw),20,50,0.07,1,1,bd7712f1-df33-42d5-a1de-571b04405f23,libs/foundry/records/mining/rockcompositionpresets/asteroid_ctype_copper.xml
Asteroid_CType_Copper,hud_mining_asteroid_name_5,2,0,ee12edc1-a2c3-4202-909d-9b729a050a3f,Copper_Ore,Copper (Ore),30,70,1,1,1,bd7712f1-df33-42d5-a1de-571b04405f23,libs/foundry/records/mining/rockcompositionpresets/asteroid_ctype_copper.xml
Asteroid_CType_Copper,hud_mining_asteroid_name_5,2,1,220c2e18-9324-4528-b399-2f908488b204,Hephaestanite_Raw,Hephaestanite (Raw),30,60,0.5,1,1,bd7712f1-df33-42d5-a1de-571b04405f23,libs/foundry/records/mining/rockcompositionpresets/asteroid_ctype_copper.xml
Asteroid_CType_Copper,hud_mining_asteroid_name_5,2,2,f2f5bf2e-87f9-4f3d-bb59-b4e11eceeaad,Gold_Ore,Gold (Ore),20,50,0.2,1,1,bd7712f1-df33-42d5-a1de-571b04405f23,libs/foundry/records/mining/rockcompositionpresets/asteroid_ctype_copper.xml
Asteroid_CType_Copper,hud_mining_asteroid_name_5,2,3,8893c670-f9f7-48df-a05b-e85764994256,Taranite_Raw,Taranite (Raw),20,50,0.3,1,1,bd7712f1-df33-42d5-a1de-571b04405f23,libs/foundry/records/mining/rockcompositionpresets/asteroid_ctype_copper.xml
Asteroid_CType_Copper,hud_mining_asteroid_name_5,2,4,f48b147f-713e-481f-adf2-ff9869ac61bd,Bexalite_Raw,Bexalite (Raw),20,50,0.5,1,1,bd7712f1-df33-42d5-a1de-571b04405f23,libs/foundry/records/mining/rockcompositionpresets/asteroid_ctype_copper.xml
Asteroid_CType_Copper,hud_mining_asteroid_name_5,2,5,fc62043c-3f29-4fff-b754-2301762723f7,Quantainium_Raw,Quantainium (Raw),20,50,0.07,1,1,bd7712f1-df33-42d5-a1de-571b04405f23,libs/foundry/records/mining/rockcompositionpresets/asteroid_ctype_copper.xml
Asteroid_CType_Corundum,hud_mining_asteroid_name_5,2,0,b471b96c-efbb-4342-90de-cfa087604d8e,Corundum_Raw,Corundum (Raw),30,70,1,1,1,0d0cd0d0-d756-4b8e-b23a-f8c105f45bf5,libs/foundry/records/mining/rockcompositionpresets/asteroid_ctype_corundum.xml
Asteroid_CType_Corundum,hud_mining_asteroid_name_5,2,1,220c2e18-9324-4528-b399-2f908488b204,Hephaestanite_Raw,Hephaestanite (Raw),30,60,0.8,1,1,0d0cd0d0-d756-4b8e-b23a-f8c105f45bf5,libs/foundry/records/mining/rockcompositionpresets/asteroid_ctype_corundum.xml
Asteroid_CType_Corundum,hud_mining_asteroid_name_5,2,2,f2f5bf2e-87f9-4f3d-bb59-b4e11eceeaad,Gold_Ore,Gold (Ore),20,50,0.1,1,1,0d0cd0d0-d756-4b8e-b23a-f8c105f45bf5,libs/foundry/records/mining/rockcompositionpresets/asteroid_ctype_corundum.xml
Asteroid_CType_Corundum,hud_mining_asteroid_name_5,2,3,8893c670-f9f7-48df-a05b-e85764994256,Taranite_Raw,Taranite (Raw),20,50,0.5,1,1,0d0cd0d0-d756-4b8e-b23a-f8c105f45bf5,libs/foundry/records/mining/rockcompositionpresets/asteroid_ctype_corundum.xml
Asteroid_CType_Corundum,hud_mining_asteroid_name_5,2,4,f48b147f-713e-481f-adf2-ff9869ac61bd,Bexalite_Raw,Bexalite (Raw),20,50,0.3,1,1,0d0cd0d0-d756-4b8e-b23a-f8c105f45bf5,libs/foundry/records/mining/rockcompositionpresets/asteroid_ctype_corundum.xml
Asteroid_CType_Corundum,hud_mining_asteroid_name_5,2,5,fc62043c-3f29-4fff-b754-2301762723f7,Quantainium_Raw,Quantainium (Raw),20,50,0.07,1,1,0d0cd0d0-d756-4b8e-b23a-f8c105f45bf5,libs/foundry/records/mining/rockcompositionpresets/asteroid_ctype_corundum.xml
Asteroid_CType_Corundum,hud_mining_asteroid_name_5,2,0,b471b96c-efbb-4342-90de-cfa087604d8e,Corundum_Raw,Corundum (Raw),30,70,1,1,1,0d0cd0d0-d756-4b8e-b23a-f8c105f45bf5,libs/foundry/records/mining/rockcompositionpresets/asteroid_ctype_corundum.xml
Asteroid_CType_Corundum,hud_mining_asteroid_name_5,2,1,220c2e18-9324-4528-b399-2f908488b204,Hephaestanite_Raw,Hephaestanite (Raw),30,60,0.8,1,1,0d0cd0d0-d756-4b8e-b23a-f8c105f45bf5,libs/foundry/records/mining/rockcompositionpresets/asteroid_ctype_corundum.xml
Asteroid_CType_Corundum,hud_mining_asteroid_name_5,2,2,f2f5bf2e-87f9-4f3d-bb59-b4e11eceeaad,Gold_Ore,Gold (Ore),20,50,0.1,1,1,0d0cd0d0-d756-4b8e-b23a-f8c105f45bf5,libs/foundry/records/mining/rockcompositionpresets/asteroid_ctype_corundum.xml
Asteroid_CType_Corundum,hud_mining_asteroid_name_5,2,3,8893c670-f9f7-48df-a05b-e85764994256,Taranite_Raw,Taranite (Raw),20,50,0.5,1,1,0d0cd0d0-d756-4b8e-b23a-f8c105f45bf5,libs/foundry/records/mining/rockcompositionpresets/asteroid_ctype_corundum.xml
Asteroid_CType_Corundum,hud_mining_asteroid_name_5,2,4,f48b147f-713e-481f-adf2-ff9869ac61bd,Bexalite_Raw,Bexalite (Raw),20,50,0.3,1,1,0d0cd0d0-d756-4b8e-b23a-f8c105f45bf5,libs/foundry/records/mining/rockcompositionpresets/asteroid_ctype_corundum.xml
Asteroid_CType_Corundum,hud_mining_asteroid_name_5,2,5,fc62043c-3f29-4fff-b754-2301762723f7,Quantainium_Raw,Quantainium (Raw),20,50,0.07,1,1,0d0cd0d0-d756-4b8e-b23a-f8c105f45bf5,libs/foundry/records/mining/rockcompositionpresets/asteroid_ctype_corundum.xml
Asteroid_CType_Iron,hud_mining_asteroid_name_5,2,0,05708bae-1cb1-4e63-bb95-ec7f4a3ef430,Iron_Ore,Iron (Ore),30,70,1,1,1,4c8975b2-e98a-4c95-bcec-5b9c2dea5091,libs/foundry/records/mining/rockcompositionpresets/asteroid_ctype_iron.xml
Asteroid_CType_Iron,hud_mining_asteroid_name_5,2,1,220c2e18-9324-4528-b399-2f908488b204,Hephaestanite_Raw,Hephaestanite (Raw),30,60,0.8,1,1,4c8975b2-e98a-4c95-bcec-5b9c2dea5091,libs/foundry/records/mining/rockcompositionpresets/asteroid_ctype_iron.xml
Asteroid_CType_Iron,hud_mining_asteroid_name_5,2,2,f2f5bf2e-87f9-4f3d-bb59-b4e11eceeaad,Gold_Ore,Gold (Ore),20,50,0.1,1,1,4c8975b2-e98a-4c95-bcec-5b9c2dea5091,libs/foundry/records/mining/rockcompositionpresets/asteroid_ctype_iron.xml
Asteroid_CType_Iron,hud_mining_asteroid_name_5,2,3,8893c670-f9f7-48df-a05b-e85764994256,Taranite_Raw,Taranite (Raw),20,50,0.3,1,1,4c8975b2-e98a-4c95-bcec-5b9c2dea5091,libs/foundry/records/mining/rockcompositionpresets/asteroid_ctype_iron.xml
Asteroid_CType_Iron,hud_mining_asteroid_name_5,2,4,f48b147f-713e-481f-adf2-ff9869ac61bd,Bexalite_Raw,Bexalite (Raw),20,50,0.5,1,1,4c8975b2-e98a-4c95-bcec-5b9c2dea5091,libs/foundry/records/mining/rockcompositionpresets/asteroid_ctype_iron.xml
Asteroid_CType_Iron,hud_mining_asteroid_name_5,2,5,fc62043c-3f29-4fff-b754-2301762723f7,Quantainium_Raw,Quantainium (Raw),20,50,0.12,1,1,4c8975b2-e98a-4c95-bcec-5b9c2dea5091,libs/foundry/records/mining/rockcompositionpresets/asteroid_ctype_iron.xml
Asteroid_CType_Iron,hud_mining_asteroid_name_5,2,0,05708bae-1cb1-4e63-bb95-ec7f4a3ef430,Iron_Ore,Iron (Ore),30,70,1,1,1,4c8975b2-e98a-4c95-bcec-5b9c2dea5091,libs/foundry/records/mining/rockcompositionpresets/asteroid_ctype_iron.xml
Asteroid_CType_Iron,hud_mining_asteroid_name_5,2,1,220c2e18-9324-4528-b399-2f908488b204,Hephaestanite_Raw,Hephaestanite (Raw),30,60,0.8,1,1,4c8975b2-e98a-4c95-bcec-5b9c2dea5091,libs/foundry/records/mining/rockcompositionpresets/asteroid_ctype_iron.xml
Asteroid_CType_Iron,hud_mining_asteroid_name_5,2,2,f2f5bf2e-87f9-4f3d-bb59-b4e11eceeaad,Gold_Ore,Gold (Ore),20,50,0.1,1,1,4c8975b2-e98a-4c95-bcec-5b9c2dea5091,libs/foundry/records/mining/rockcompositionpresets/asteroid_ctype_iron.xml
Asteroid_CType_Iron,hud_mining_asteroid_name_5,2,3,8893c670-f9f7-48df-a05b-e85764994256,Taranite_Raw,Taranite (Raw),20,50,0.3,1,1,4c8975b2-e98a-4c95-bcec-5b9c2dea5091,libs/foundry/records/mining/rockcompositionpresets/asteroid_ctype_iron.xml
Asteroid_CType_Iron,hud_mining_asteroid_name_5,2,4,f48b147f-713e-481f-adf2-ff9869ac61bd,Bexalite_Raw,Bexalite (Raw),20,50,0.5,1,1,4c8975b2-e98a-4c95-bcec-5b9c2dea5091,libs/foundry/records/mining/rockcompositionpresets/asteroid_ctype_iron.xml
Asteroid_CType_Iron,hud_mining_asteroid_name_5,2,5,fc62043c-3f29-4fff-b754-2301762723f7,Quantainium_Raw,Quantainium (Raw),20,50,0.12,1,1,4c8975b2-e98a-4c95-bcec-5b9c2dea5091,libs/foundry/records/mining/rockcompositionpresets/asteroid_ctype_iron.xml
Asteroid_CType_Quartz,hud_mining_asteroid_name_5,2,0,1d35c0bc-9142-42ff-8a83-0ec68d69a128,Quartz_Raw,Quartz (Raw),30,70,1,1,1,550fb8c6-1f76-4ff1-87f5-68233e0e1bad,libs/foundry/records/mining/rockcompositionpresets/asteroid_ctype_quartz.xml
Asteroid_CType_Quartz,hud_mining_asteroid_name_5,2,1,220c2e18-9324-4528-b399-2f908488b204,Hephaestanite_Raw,Hephaestanite (Raw),30,60,0.5,1,1,550fb8c6-1f76-4ff1-87f5-68233e0e1bad,libs/foundry/records/mining/rockcompositionpresets/asteroid_ctype_quartz.xml
Asteroid_CType_Quartz,hud_mining_asteroid_name_5,2,2,f2f5bf2e-87f9-4f3d-bb59-b4e11eceeaad,Gold_Ore,Gold (Ore),20,50,0.2,1,1,550fb8c6-1f76-4ff1-87f5-68233e0e1bad,libs/foundry/records/mining/rockcompositionpresets/asteroid_ctype_quartz.xml
Asteroid_CType_Quartz,hud_mining_asteroid_name_5,2,3,8893c670-f9f7-48df-a05b-e85764994256,Taranite_Raw,Taranite (Raw),20,50,0.3,1,1,550fb8c6-1f76-4ff1-87f5-68233e0e1bad,libs/foundry/records/mining/rockcompositionpresets/asteroid_ctype_quartz.xml
Asteroid_CType_Quartz,hud_mining_asteroid_name_5,2,4,f48b147f-713e-481f-adf2-ff9869ac61bd,Bexalite_Raw,Bexalite (Raw),20,50,0.3,1,1,550fb8c6-1f76-4ff1-87f5-68233e0e1bad,libs/foundry/records/mining/rockcompositionpresets/asteroid_ctype_quartz.xml
Asteroid_CType_Quartz,hud_mining_asteroid_name_5,2,5,fc62043c-3f29-4fff-b754-2301762723f7,Quantainium_Raw,Quantainium (Raw),20,50,0.07,1,1,550fb8c6-1f76-4ff1-87f5-68233e0e1bad,libs/foundry/records/mining/rockcompositionpresets/asteroid_ctype_quartz.xml
Asteroid_CType_Quartz,hud_mining_asteroid_name_5,2,0,1d35c0bc-9142-42ff-8a83-0ec68d69a128,Quartz_Raw,Quartz (Raw),30,70,1,1,1,550fb8c6-1f76-4ff1-87f5-68233e0e1bad,libs/foundry/records/mining/rockcompositionpresets/asteroid_ctype_quartz.xml
Asteroid_CType_Quartz,hud_mining_asteroid_name_5,2,1,220c2e18-9324-4528-b399-2f908488b204,Hephaestanite_Raw,Hephaestanite (Raw),30,60,0.5,1,1,550fb8c6-1f76-4ff1-87f5-68233e0e1bad,libs/foundry/records/mining/rockcompositionpresets/asteroid_ctype_quartz.xml
Asteroid_CType_Quartz,hud_mining_asteroid_name_5,2,2,f2f5bf2e-87f9-4f3d-bb59-b4e11eceeaad,Gold_Ore,Gold (Ore),20,50,0.2,1,1,550fb8c6-1f76-4ff1-87f5-68233e0e1bad,libs/foundry/records/mining/rockcompositionpresets/asteroid_ctype_quartz.xml
Asteroid_CType_Quartz,hud_mining_asteroid_name_5,2,3,8893c670-f9f7-48df-a05b-e85764994256,Taranite_Raw,Taranite (Raw),20,50,0.3,1,1,550fb8c6-1f76-4ff1-87f5-68233e0e1bad,libs/foundry/records/mining/rockcompositionpresets/asteroid_ctype_quartz.xml
Asteroid_CType_Quartz,hud_mining_asteroid_name_5,2,4,f48b147f-713e-481f-adf2-ff9869ac61bd,Bexalite_Raw,Bexalite (Raw),20,50,0.3,1,1,550fb8c6-1f76-4ff1-87f5-68233e0e1bad,libs/foundry/records/mining/rockcompositionpresets/asteroid_ctype_quartz.xml
Asteroid_CType_Quartz,hud_mining_asteroid_name_5,2,5,fc62043c-3f29-4fff-b754-2301762723f7,Quantainium_Raw,Quantainium (Raw),20,50,0.07,1,1,550fb8c6-1f76-4ff1-87f5-68233e0e1bad,libs/foundry/records/mining/rockcompositionpresets/asteroid_ctype_quartz.xml
Asteroid_CType_Silicon,hud_mining_asteroid_name_5,2,0,219e8523-b953-4517-812a-0fb2eb023209,Silicon_Raw,Silicon (Raw),30,70,1,1,1,54394560-d76b-4c1b-b9a8-be5d70e0f7ce,libs/foundry/records/mining/rockcompositionpresets/asteroid_ctype_silicon.xml
Asteroid_CType_Silicon,hud_mining_asteroid_name_5,2,1,220c2e18-9324-4528-b399-2f908488b204,Hephaestanite_Raw,Hephaestanite (Raw),30,60,0.5,1,1,54394560-d76b-4c1b-b9a8-be5d70e0f7ce,libs/foundry/records/mining/rockcompositionpresets/asteroid_ctype_silicon.xml
Asteroid_CType_Silicon,hud_mining_asteroid_name_5,2,2,f2f5bf2e-87f9-4f3d-bb59-b4e11eceeaad,Gold_Ore,Gold (Ore),20,50,0.2,1,1,54394560-d76b-4c1b-b9a8-be5d70e0f7ce,libs/foundry/records/mining/rockcompositionpresets/asteroid_ctype_silicon.xml
Asteroid_CType_Silicon,hud_mining_asteroid_name_5,2,3,8893c670-f9f7-48df-a05b-e85764994256,Taranite_Raw,Taranite (Raw),20,50,0.5,1,1,54394560-d76b-4c1b-b9a8-be5d70e0f7ce,libs/foundry/records/mining/rockcompositionpresets/asteroid_ctype_silicon.xml
Asteroid_CType_Silicon,hud_mining_asteroid_name_5,2,4,f48b147f-713e-481f-adf2-ff9869ac61bd,Bexalite_Raw,Bexalite (Raw),20,50,0.3,1,1,54394560-d76b-4c1b-b9a8-be5d70e0f7ce,libs/foundry/records/mining/rockcompositionpresets/asteroid_ctype_silicon.xml
Asteroid_CType_Silicon,hud_mining_asteroid_name_5,2,5,9498a080-84c0-41f4-b88f-71942c60c43f,Sileron_Ore,Sileron (Ore),20,50,0.07,1,1,54394560-d76b-4c1b-b9a8-be5d70e0f7ce,libs/foundry/records/mining/rockcompositionpresets/asteroid_ctype_silicon.xml
Asteroid_CType_Silicon,hud_mining_asteroid_name_5,2,6,905e9623-5e74-4a92-9cb1-72203ed8baad,Riccite_Ore,Riccite (Ore),20,50,0.12,1,1,54394560-d76b-4c1b-b9a8-be5d70e0f7ce,libs/foundry/records/mining/rockcompositionpresets/asteroid_ctype_silicon.xml
Asteroid_CType_Silicon,hud_mining_asteroid_name_5,2,0,219e8523-b953-4517-812a-0fb2eb023209,Silicon_Raw,Silicon (Raw),30,70,1,1,1,54394560-d76b-4c1b-b9a8-be5d70e0f7ce,libs/foundry/records/mining/rockcompositionpresets/asteroid_ctype_silicon.xml
Asteroid_CType_Silicon,hud_mining_asteroid_name_5,2,1,220c2e18-9324-4528-b399-2f908488b204,Hephaestanite_Raw,Hephaestanite (Raw),30,60,0.5,1,1,54394560-d76b-4c1b-b9a8-be5d70e0f7ce,libs/foundry/records/mining/rockcompositionpresets/asteroid_ctype_silicon.xml
Asteroid_CType_Silicon,hud_mining_asteroid_name_5,2,2,f2f5bf2e-87f9-4f3d-bb59-b4e11eceeaad,Gold_Ore,Gold (Ore),20,50,0.2,1,1,54394560-d76b-4c1b-b9a8-be5d70e0f7ce,libs/foundry/records/mining/rockcompositionpresets/asteroid_ctype_silicon.xml
Asteroid_CType_Silicon,hud_mining_asteroid_name_5,2,3,8893c670-f9f7-48df-a05b-e85764994256,Taranite_Raw,Taranite (Raw),20,50,0.5,1,1,54394560-d76b-4c1b-b9a8-be5d70e0f7ce,libs/foundry/records/mining/rockcompositionpresets/asteroid_ctype_silicon.xml
Asteroid_CType_Silicon,hud_mining_asteroid_name_5,2,4,f48b147f-713e-481f-adf2-ff9869ac61bd,Bexalite_Raw,Bexalite (Raw),20,50,0.3,1,1,54394560-d76b-4c1b-b9a8-be5d70e0f7ce,libs/foundry/records/mining/rockcompositionpresets/asteroid_ctype_silicon.xml
Asteroid_CType_Silicon,hud_mining_asteroid_name_5,2,5,9498a080-84c0-41f4-b88f-71942c60c43f,Sileron_Ore,Sileron (Ore),20,50,0.07,1,1,54394560-d76b-4c1b-b9a8-be5d70e0f7ce,libs/foundry/records/mining/rockcompositionpresets/asteroid_ctype_silicon.xml
Asteroid_CType_Silicon,hud_mining_asteroid_name_5,2,6,905e9623-5e74-4a92-9cb1-72203ed8baad,Riccite_Ore,Riccite (Ore),20,50,0.12,1,1,54394560-d76b-4c1b-b9a8-be5d70e0f7ce,libs/foundry/records/mining/rockcompositionpresets/asteroid_ctype_silicon.xml
Asteroid_CType_test,hud_mining_asteroid_name_5,2,0,3abbac13-812b-4389-88f3-7a5e995cb7af,TestElement_Balance,Testelement Balance,30,70,1,1,1,f37de72c-776e-43bd-a389-cbaa71da9b9e,libs/foundry/records/mining/rockcompositionpresets/asteroid_ctype_test.xml
Asteroid_CType_test,hud_mining_asteroid_name_5,2,0,3abbac13-812b-4389-88f3-7a5e995cb7af,TestElement_Balance,Testelement Balance,30,70,1,1,1,f37de72c-776e-43bd-a389-cbaa71da9b9e,libs/foundry/records/mining/rockcompositionpresets/asteroid_ctype_test.xml
Asteroid_CType_Tin,hud_mining_asteroid_name_5,2,0,16b426e2-7ce1-4fb4-8b34-4d8617dd6a97,Tin_Ore,Tin (Ore),30,70,1,1,1,50f176de-e3ef-46e4-8612-731a9fb18854,libs/foundry/records/mining/rockcompositionpresets/asteroid_ctype_tin.xml
Asteroid_CType_Tin,hud_mining_asteroid_name_5,2,1,220c2e18-9324-4528-b399-2f908488b204,Hephaestanite_Raw,Hephaestanite (Raw),30,60,0.5,1,1,50f176de-e3ef-46e4-8612-731a9fb18854,libs/foundry/records/mining/rockcompositionpresets/asteroid_ctype_tin.xml
Asteroid_CType_Tin,hud_mining_asteroid_name_5,2,2,f2f5bf2e-87f9-4f3d-bb59-b4e11eceeaad,Gold_Ore,Gold (Ore),20,50,0.2,1,1,50f176de-e3ef-46e4-8612-731a9fb18854,libs/foundry/records/mining/rockcompositionpresets/asteroid_ctype_tin.xml
Asteroid_CType_Tin,hud_mining_asteroid_name_5,2,3,8893c670-f9f7-48df-a05b-e85764994256,Taranite_Raw,Taranite (Raw),20,50,0.3,1,1,50f176de-e3ef-46e4-8612-731a9fb18854,libs/foundry/records/mining/rockcompositionpresets/asteroid_ctype_tin.xml
Asteroid_CType_Tin,hud_mining_asteroid_name_5,2,4,f48b147f-713e-481f-adf2-ff9869ac61bd,Bexalite_Raw,Bexalite (Raw),20,50,0.5,1,1,50f176de-e3ef-46e4-8612-731a9fb18854,libs/foundry/records/mining/rockcompositionpresets/asteroid_ctype_tin.xml
Asteroid_CType_Tin,hud_mining_asteroid_name_5,2,5,9498a080-84c0-41f4-b88f-71942c60c43f,Sileron_Ore,Sileron (Ore),20,50,0.12,1,1,50f176de-e3ef-46e4-8612-731a9fb18854,libs/foundry/records/mining/rockcompositionpresets/asteroid_ctype_tin.xml
Asteroid_CType_Tin,hud_mining_asteroid_name_5,2,6,905e9623-5e74-4a92-9cb1-72203ed8baad,Riccite_Ore,Riccite (Ore),20,50,0.07,1,1,50f176de-e3ef-46e4-8612-731a9fb18854,libs/foundry/records/mining/rockcompositionpresets/asteroid_ctype_tin.xml
Asteroid_CType_Tin,hud_mining_asteroid_name_5,2,0,16b426e2-7ce1-4fb4-8b34-4d8617dd6a97,Tin_Ore,Tin (Ore),30,70,1,1,1,50f176de-e3ef-46e4-8612-731a9fb18854,libs/foundry/records/mining/rockcompositionpresets/asteroid_ctype_tin.xml
Asteroid_CType_Tin,hud_mining_asteroid_name_5,2,1,220c2e18-9324-4528-b399-2f908488b204,Hephaestanite_Raw,Hephaestanite (Raw),30,60,0.5,1,1,50f176de-e3ef-46e4-8612-731a9fb18854,libs/foundry/records/mining/rockcompositionpresets/asteroid_ctype_tin.xml
Asteroid_CType_Tin,hud_mining_asteroid_name_5,2,2,f2f5bf2e-87f9-4f3d-bb59-b4e11eceeaad,Gold_Ore,Gold (Ore),20,50,0.2,1,1,50f176de-e3ef-46e4-8612-731a9fb18854,libs/foundry/records/mining/rockcompositionpresets/asteroid_ctype_tin.xml
Asteroid_CType_Tin,hud_mining_asteroid_name_5,2,3,8893c670-f9f7-48df-a05b-e85764994256,Taranite_Raw,Taranite (Raw),20,50,0.3,1,1,50f176de-e3ef-46e4-8612-731a9fb18854,libs/foundry/records/mining/rockcompositionpresets/asteroid_ctype_tin.xml
Asteroid_CType_Tin,hud_mining_asteroid_name_5,2,4,f48b147f-713e-481f-adf2-ff9869ac61bd,Bexalite_Raw,Bexalite (Raw),20,50,0.5,1,1,50f176de-e3ef-46e4-8612-731a9fb18854,libs/foundry/records/mining/rockcompositionpresets/asteroid_ctype_tin.xml
Asteroid_CType_Tin,hud_mining_asteroid_name_5,2,5,9498a080-84c0-41f4-b88f-71942c60c43f,Sileron_Ore,Sileron (Ore),20,50,0.12,1,1,50f176de-e3ef-46e4-8612-731a9fb18854,libs/foundry/records/mining/rockcompositionpresets/asteroid_ctype_tin.xml
Asteroid_CType_Tin,hud_mining_asteroid_name_5,2,6,905e9623-5e74-4a92-9cb1-72203ed8baad,Riccite_Ore,Riccite (Ore),20,50,0.07,1,1,50f176de-e3ef-46e4-8612-731a9fb18854,libs/foundry/records/mining/rockcompositionpresets/asteroid_ctype_tin.xml
Asteroid_CType_Titanium,hud_mining_asteroid_name_5,2,0,7b9055e5-6d62-44dd-a725-a31d838301eb,Titanium_Ore,Titanium (Ore),30,70,1,1,1,d38a3a72-0801-44ef-ab74-cd853d10f486,libs/foundry/records/mining/rockcompositionpresets/asteroid_ctype_titanium.xml
Asteroid_CType_Titanium,hud_mining_asteroid_name_5,2,1,220c2e18-9324-4528-b399-2f908488b204,Hephaestanite_Raw,Hephaestanite (Raw),30,60,0.5,1,1,d38a3a72-0801-44ef-ab74-cd853d10f486,libs/foundry/records/mining/rockcompositionpresets/asteroid_ctype_titanium.xml
Asteroid_CType_Titanium,hud_mining_asteroid_name_5,2,2,f2f5bf2e-87f9-4f3d-bb59-b4e11eceeaad,Gold_Ore,Gold (Ore),20,50,0.1,1,1,d38a3a72-0801-44ef-ab74-cd853d10f486,libs/foundry/records/mining/rockcompositionpresets/asteroid_ctype_titanium.xml
Asteroid_CType_Titanium,hud_mining_asteroid_name_5,2,3,8893c670-f9f7-48df-a05b-e85764994256,Taranite_Raw,Taranite (Raw),20,50,0.3,1,1,d38a3a72-0801-44ef-ab74-cd853d10f486,libs/foundry/records/mining/rockcompositionpresets/asteroid_ctype_titanium.xml
Asteroid_CType_Titanium,hud_mining_asteroid_name_5,2,4,f48b147f-713e-481f-adf2-ff9869ac61bd,Bexalite_Raw,Bexalite (Raw),20,50,0.5,1,1,d38a3a72-0801-44ef-ab74-cd853d10f486,libs/foundry/records/mining/rockcompositionpresets/asteroid_ctype_titanium.xml
Asteroid_CType_Titanium,hud_mining_asteroid_name_5,2,5,fc62043c-3f29-4fff-b754-2301762723f7,Quantainium_Raw,Quantainium (Raw),20,50,0.07,1,1,d38a3a72-0801-44ef-ab74-cd853d10f486,libs/foundry/records/mining/rockcompositionpresets/asteroid_ctype_titanium.xml
Asteroid_CType_Titanium,hud_mining_asteroid_name_5,2,0,7b9055e5-6d62-44dd-a725-a31d838301eb,Titanium_Ore,Titanium (Ore),30,70,1,1,1,d38a3a72-0801-44ef-ab74-cd853d10f486,libs/foundry/records/mining/rockcompositionpresets/asteroid_ctype_titanium.xml
Asteroid_CType_Titanium,hud_mining_asteroid_name_5,2,1,220c2e18-9324-4528-b399-2f908488b204,Hephaestanite_Raw,Hephaestanite (Raw),30,60,0.5,1,1,d38a3a72-0801-44ef-ab74-cd853d10f486,libs/foundry/records/mining/rockcompositionpresets/asteroid_ctype_titanium.xml
Asteroid_CType_Titanium,hud_mining_asteroid_name_5,2,2,f2f5bf2e-87f9-4f3d-bb59-b4e11eceeaad,Gold_Ore,Gold (Ore),20,50,0.1,1,1,d38a3a72-0801-44ef-ab74-cd853d10f486,libs/foundry/records/mining/rockcompositionpresets/asteroid_ctype_titanium.xml
Asteroid_CType_Titanium,hud_mining_asteroid_name_5,2,3,8893c670-f9f7-48df-a05b-e85764994256,Taranite_Raw,Taranite (Raw),20,50,0.3,1,1,d38a3a72-0801-44ef-ab74-cd853d10f486,libs/foundry/records/mining/rockcompositionpresets/asteroid_ctype_titanium.xml
Asteroid_CType_Titanium,hud_mining_asteroid_name_5,2,4,f48b147f-713e-481f-adf2-ff9869ac61bd,Bexalite_Raw,Bexalite (Raw),20,50,0.5,1,1,d38a3a72-0801-44ef-ab74-cd853d10f486,libs/foundry/records/mining/rockcompositionpresets/asteroid_ctype_titanium.xml
Asteroid_CType_Titanium,hud_mining_asteroid_name_5,2,5,fc62043c-3f29-4fff-b754-2301762723f7,Quantainium_Raw,Quantainium (Raw),20,50,0.07,1,1,d38a3a72-0801-44ef-ab74-cd853d10f486,libs/foundry/records/mining/rockcompositionpresets/asteroid_ctype_titanium.xml
Asteroid_CType_Tungsten,hud_mining_asteroid_name_5,2,0,8f6a7e06-934d-4339-a0a2-75420b81369a,Tungsten_Ore,Tungsten (Ore),30,70,1,1,1,01459f9e-aa10-4156-aa48-72dba75b21ff,libs/foundry/records/mining/rockcompositionpresets/asteroid_ctype_tungsten.xml
Asteroid_CType_Tungsten,hud_mining_asteroid_name_5,2,1,220c2e18-9324-4528-b399-2f908488b204,Hephaestanite_Raw,Hephaestanite (Raw),30,60,0.8,1,1,01459f9e-aa10-4156-aa48-72dba75b21ff,libs/foundry/records/mining/rockcompositionpresets/asteroid_ctype_tungsten.xml
Asteroid_CType_Tungsten,hud_mining_asteroid_name_5,2,2,f2f5bf2e-87f9-4f3d-bb59-b4e11eceeaad,Gold_Ore,Gold (Ore),20,50,0.1,1,1,01459f9e-aa10-4156-aa48-72dba75b21ff,libs/foundry/records/mining/rockcompositionpresets/asteroid_ctype_tungsten.xml
Asteroid_CType_Tungsten,hud_mining_asteroid_name_5,2,3,8893c670-f9f7-48df-a05b-e85764994256,Taranite_Raw,Taranite (Raw),20,50,0.3,1,1,01459f9e-aa10-4156-aa48-72dba75b21ff,libs/foundry/records/mining/rockcompositionpresets/asteroid_ctype_tungsten.xml
Asteroid_CType_Tungsten,hud_mining_asteroid_name_5,2,4,f48b147f-713e-481f-adf2-ff9869ac61bd,Bexalite_Raw,Bexalite (Raw),20,50,0.5,1,1,01459f9e-aa10-4156-aa48-72dba75b21ff,libs/foundry/records/mining/rockcompositionpresets/asteroid_ctype_tungsten.xml
Asteroid_CType_Tungsten,hud_mining_asteroid_name_5,2,5,fc62043c-3f29-4fff-b754-2301762723f7,Quantainium_Raw,Quantainium (Raw),20,50,0.07,1,1,01459f9e-aa10-4156-aa48-72dba75b21ff,libs/foundry/records/mining/rockcompositionpresets/asteroid_ctype_tungsten.xml
Asteroid_CType_Tungsten,hud_mining_asteroid_name_5,2,0,8f6a7e06-934d-4339-a0a2-75420b81369a,Tungsten_Ore,Tungsten (Ore),30,70,1,1,1,01459f9e-aa10-4156-aa48-72dba75b21ff,libs/foundry/records/mining/rockcompositionpresets/asteroid_ctype_tungsten.xml
Asteroid_CType_Tungsten,hud_mining_asteroid_name_5,2,1,220c2e18-9324-4528-b399-2f908488b204,Hephaestanite_Raw,Hephaestanite (Raw),30,60,0.8,1,1,01459f9e-aa10-4156-aa48-72dba75b21ff,libs/foundry/records/mining/rockcompositionpresets/asteroid_ctype_tungsten.xml
Asteroid_CType_Tungsten,hud_mining_asteroid_name_5,2,2,f2f5bf2e-87f9-4f3d-bb59-b4e11eceeaad,Gold_Ore,Gold (Ore),20,50,0.1,1,1,01459f9e-aa10-4156-aa48-72dba75b21ff,libs/foundry/records/mining/rockcompositionpresets/asteroid_ctype_tungsten.xml
Asteroid_CType_Tungsten,hud_mining_asteroid_name_5,2,3,8893c670-f9f7-48df-a05b-e85764994256,Taranite_Raw,Taranite (Raw),20,50,0.3,1,1,01459f9e-aa10-4156-aa48-72dba75b21ff,libs/foundry/records/mining/rockcompositionpresets/asteroid_ctype_tungsten.xml
Asteroid_CType_Tungsten,hud_mining_asteroid_name_5,2,4,f48b147f-713e-481f-adf2-ff9869ac61bd,Bexalite_Raw,Bexalite (Raw),20,50,0.5,1,1,01459f9e-aa10-4156-aa48-72dba75b21ff,libs/foundry/records/mining/rockcompositionpresets/asteroid_ctype_tungsten.xml
Asteroid_CType_Tungsten,hud_mining_asteroid_name_5,2,5,fc62043c-3f29-4fff-b754-2301762723f7,Quantainium_Raw,Quantainium (Raw),20,50,0.07,1,1,01459f9e-aa10-4156-aa48-72dba75b21ff,libs/foundry/records/mining/rockcompositionpresets/asteroid_ctype_tungsten.xml
Asteroid_CType,hud_mining_asteroid_name_5,2,0,3776294d-5689-41f2-b03d-e8fcd17ede6a,Aluminium_Ore,Aluminum (Ore),30,70,0.85,1,1,9632ae0e-3dbc-4f84-8c30-7fa581b6f07b,libs/foundry/records/mining/rockcompositionpresets/asteroid_ctype.xml
Asteroid_CType,hud_mining_asteroid_name_5,2,1,220c2e18-9324-4528-b399-2f908488b204,Hephaestanite_Raw,Hephaestanite (Raw),30,60,0.6,1,1,9632ae0e-3dbc-4f84-8c30-7fa581b6f07b,libs/foundry/records/mining/rockcompositionpresets/asteroid_ctype.xml
Asteroid_CType,hud_mining_asteroid_name_5,2,2,f2f5bf2e-87f9-4f3d-bb59-b4e11eceeaad,Gold_Ore,Gold (Ore),20,50,0.07,1,1,9632ae0e-3dbc-4f84-8c30-7fa581b6f07b,libs/foundry/records/mining/rockcompositionpresets/asteroid_ctype.xml
Asteroid_CType,hud_mining_asteroid_name_5,2,3,8893c670-f9f7-48df-a05b-e85764994256,Taranite_Raw,Taranite (Raw),20,50,0.3,1,1,9632ae0e-3dbc-4f84-8c30-7fa581b6f07b,libs/foundry/records/mining/rockcompositionpresets/asteroid_ctype.xml
Asteroid_CType,hud_mining_asteroid_name_5,2,4,f48b147f-713e-481f-adf2-ff9869ac61bd,Bexalite_Raw,Bexalite (Raw),20,50,0.3,1,1,9632ae0e-3dbc-4f84-8c30-7fa581b6f07b,libs/foundry/records/mining/rockcompositionpresets/asteroid_ctype.xml
Asteroid_CType,hud_mining_asteroid_name_5,2,5,fc62043c-3f29-4fff-b754-2301762723f7,Quantainium_Raw,Quantainium (Raw),20,50,0.05,1,1,9632ae0e-3dbc-4f84-8c30-7fa581b6f07b,libs/foundry/records/mining/rockcompositionpresets/asteroid_ctype.xml
Asteroid_CType,hud_mining_asteroid_name_5,2,0,3776294d-5689-41f2-b03d-e8fcd17ede6a,Aluminium_Ore,Aluminum (Ore),30,70,0.85,1,1,9632ae0e-3dbc-4f84-8c30-7fa581b6f07b,libs/foundry/records/mining/rockcompositionpresets/asteroid_ctype.xml
Asteroid_CType,hud_mining_asteroid_name_5,2,1,220c2e18-9324-4528-b399-2f908488b204,Hephaestanite_Raw,Hephaestanite (Raw),30,60,0.6,1,1,9632ae0e-3dbc-4f84-8c30-7fa581b6f07b,libs/foundry/records/mining/rockcompositionpresets/asteroid_ctype.xml
Asteroid_CType,hud_mining_asteroid_name_5,2,2,f2f5bf2e-87f9-4f3d-bb59-b4e11eceeaad,Gold_Ore,Gold (Ore),20,50,0.07,1,1,9632ae0e-3dbc-4f84-8c30-7fa581b6f07b,libs/foundry/records/mining/rockcompositionpresets/asteroid_ctype.xml
Asteroid_CType,hud_mining_asteroid_name_5,2,3,8893c670-f9f7-48df-a05b-e85764994256,Taranite_Raw,Taranite (Raw),20,50,0.3,1,1,9632ae0e-3dbc-4f84-8c30-7fa581b6f07b,libs/foundry/records/mining/rockcompositionpresets/asteroid_ctype.xml
Asteroid_CType,hud_mining_asteroid_name_5,2,4,f48b147f-713e-481f-adf2-ff9869ac61bd,Bexalite_Raw,Bexalite (Raw),20,50,0.3,1,1,9632ae0e-3dbc-4f84-8c30-7fa581b6f07b,libs/foundry/records/mining/rockcompositionpresets/asteroid_ctype.xml
Asteroid_CType,hud_mining_asteroid_name_5,2,5,fc62043c-3f29-4fff-b754-2301762723f7,Quantainium_Raw,Quantainium (Raw),20,50,0.05,1,1,9632ae0e-3dbc-4f84-8c30-7fa581b6f07b,libs/foundry/records/mining/rockcompositionpresets/asteroid_ctype.xml
Asteroid_EType_Aluminium,hud_mining_asteroid_name_1,3,0,3776294d-5689-41f2-b03d-e8fcd17ede6a,Aluminium_Ore,Aluminum (Ore),30,70,1,1,1,a434a2a1-b7ec-431c-8c2e-1d51f4d42844,libs/foundry/records/mining/rockcompositionpresets/asteroid_etype_aluminium.xml
Asteroid_EType_Aluminium,hud_mining_asteroid_name_1,3,1,cad02f99-292c-4ee4-93cc-a73868f11ddb,Beryl_Raw,Beryl (Raw),30,60,0.6,1,1,a434a2a1-b7ec-431c-8c2e-1d51f4d42844,libs/foundry/records/mining/rockcompositionpresets/asteroid_etype_aluminium.xml
Asteroid_EType_Aluminium,hud_mining_asteroid_name_1,3,2,f2f5bf2e-87f9-4f3d-bb59-b4e11eceeaad,Gold_Ore,Gold (Ore),20,50,0.3,1,1,a434a2a1-b7ec-431c-8c2e-1d51f4d42844,libs/foundry/records/mining/rockcompositionpresets/asteroid_etype_aluminium.xml
Asteroid_EType_Aluminium,hud_mining_asteroid_name_1,3,3,8893c670-f9f7-48df-a05b-e85764994256,Taranite_Raw,Taranite (Raw),20,50,0.2,1,1,a434a2a1-b7ec-431c-8c2e-1d51f4d42844,libs/foundry/records/mining/rockcompositionpresets/asteroid_etype_aluminium.xml
Asteroid_EType_Aluminium,hud_mining_asteroid_name_1,3,4,f48b147f-713e-481f-adf2-ff9869ac61bd,Bexalite_Raw,Bexalite (Raw),20,50,0.1,1,1,a434a2a1-b7ec-431c-8c2e-1d51f4d42844,libs/foundry/records/mining/rockcompositionpresets/asteroid_etype_aluminium.xml
Asteroid_EType_Aluminium,hud_mining_asteroid_name_1,3,5,fc62043c-3f29-4fff-b754-2301762723f7,Quantainium_Raw,Quantainium (Raw),20,50,0.05,1,1,a434a2a1-b7ec-431c-8c2e-1d51f4d42844,libs/foundry/records/mining/rockcompositionpresets/asteroid_etype_aluminium.xml
Asteroid_EType_Aluminium,hud_mining_asteroid_name_1,3,0,3776294d-5689-41f2-b03d-e8fcd17ede6a,Aluminium_Ore,Aluminum (Ore),30,70,1,1,1,a434a2a1-b7ec-431c-8c2e-1d51f4d42844,libs/foundry/records/mining/rockcompositionpresets/asteroid_etype_aluminium.xml
Asteroid_EType_Aluminium,hud_mining_asteroid_name_1,3,1,cad02f99-292c-4ee4-93cc-a73868f11ddb,Beryl_Raw,Beryl (Raw),30,60,0.6,1,1,a434a2a1-b7ec-431c-8c2e-1d51f4d42844,libs/foundry/records/mining/rockcompositionpresets/asteroid_etype_aluminium.xml
Asteroid_EType_Aluminium,hud_mining_asteroid_name_1,3,2,f2f5bf2e-87f9-4f3d-bb59-b4e11eceeaad,Gold_Ore,Gold (Ore),20,50,0.3,1,1,a434a2a1-b7ec-431c-8c2e-1d51f4d42844,libs/foundry/records/mining/rockcompositionpresets/asteroid_etype_aluminium.xml
Asteroid_EType_Aluminium,hud_mining_asteroid_name_1,3,3,8893c670-f9f7-48df-a05b-e85764994256,Taranite_Raw,Taranite (Raw),20,50,0.2,1,1,a434a2a1-b7ec-431c-8c2e-1d51f4d42844,libs/foundry/records/mining/rockcompositionpresets/asteroid_etype_aluminium.xml
Asteroid_EType_Aluminium,hud_mining_asteroid_name_1,3,4,f48b147f-713e-481f-adf2-ff9869ac61bd,Bexalite_Raw,Bexalite (Raw),20,50,0.1,1,1,a434a2a1-b7ec-431c-8c2e-1d51f4d42844,libs/foundry/records/mining/rockcompositionpresets/asteroid_etype_aluminium.xml
Asteroid_EType_Aluminium,hud_mining_asteroid_name_1,3,5,fc62043c-3f29-4fff-b754-2301762723f7,Quantainium_Raw,Quantainium (Raw),20,50,0.05,1,1,a434a2a1-b7ec-431c-8c2e-1d51f4d42844,libs/foundry/records/mining/rockcompositionpresets/asteroid_etype_aluminium.xml
Asteroid_EType_Copper,hud_mining_asteroid_name_1,3,0,ee12edc1-a2c3-4202-909d-9b729a050a3f,Copper_Ore,Copper (Ore),30,70,1,1,1,098b9e06-14fb-46a6-a878-455bad2be67f,libs/foundry/records/mining/rockcompositionpresets/asteroid_etype_copper.xml
Asteroid_EType_Copper,hud_mining_asteroid_name_1,3,1,cad02f99-292c-4ee4-93cc-a73868f11ddb,Beryl_Raw,Beryl (Raw),30,60,0.4,1,1,098b9e06-14fb-46a6-a878-455bad2be67f,libs/foundry/records/mining/rockcompositionpresets/asteroid_etype_copper.xml
Asteroid_EType_Copper,hud_mining_asteroid_name_1,3,2,f2f5bf2e-87f9-4f3d-bb59-b4e11eceeaad,Gold_Ore,Gold (Ore),20,50,0.3,1,1,098b9e06-14fb-46a6-a878-455bad2be67f,libs/foundry/records/mining/rockcompositionpresets/asteroid_etype_copper.xml
Asteroid_EType_Copper,hud_mining_asteroid_name_1,3,3,8893c670-f9f7-48df-a05b-e85764994256,Taranite_Raw,Taranite (Raw),20,50,0.1,1,1,098b9e06-14fb-46a6-a878-455bad2be67f,libs/foundry/records/mining/rockcompositionpresets/asteroid_etype_copper.xml
Asteroid_EType_Copper,hud_mining_asteroid_name_1,3,4,f48b147f-713e-481f-adf2-ff9869ac61bd,Bexalite_Raw,Bexalite (Raw),20,50,0.2,1,1,098b9e06-14fb-46a6-a878-455bad2be67f,libs/foundry/records/mining/rockcompositionpresets/asteroid_etype_copper.xml
Asteroid_EType_Copper,hud_mining_asteroid_name_1,3,5,fc62043c-3f29-4fff-b754-2301762723f7,Quantainium_Raw,Quantainium (Raw),20,50,0.05,1,1,098b9e06-14fb-46a6-a878-455bad2be67f,libs/foundry/records/mining/rockcompositionpresets/asteroid_etype_copper.xml
Asteroid_EType_Copper,hud_mining_asteroid_name_1,3,0,ee12edc1-a2c3-4202-909d-9b729a050a3f,Copper_Ore,Copper (Ore),30,70,1,1,1,098b9e06-14fb-46a6-a878-455bad2be67f,libs/foundry/records/mining/rockcompositionpresets/asteroid_etype_copper.xml
Asteroid_EType_Copper,hud_mining_asteroid_name_1,3,1,cad02f99-292c-4ee4-93cc-a73868f11ddb,Beryl_Raw,Beryl (Raw),30,60,0.4,1,1,098b9e06-14fb-46a6-a878-455bad2be67f,libs/foundry/records/mining/rockcompositionpresets/asteroid_etype_copper.xml
Asteroid_EType_Copper,hud_mining_asteroid_name_1,3,2,f2f5bf2e-87f9-4f3d-bb59-b4e11eceeaad,Gold_Ore,Gold (Ore),20,50,0.3,1,1,098b9e06-14fb-46a6-a878-455bad2be67f,libs/foundry/records/mining/rockcompositionpresets/asteroid_etype_copper.xml
Asteroid_EType_Copper,hud_mining_asteroid_name_1,3,3,8893c670-f9f7-48df-a05b-e85764994256,Taranite_Raw,Taranite (Raw),20,50,0.1,1,1,098b9e06-14fb-46a6-a878-455bad2be67f,libs/foundry/records/mining/rockcompositionpresets/asteroid_etype_copper.xml
Asteroid_EType_Copper,hud_mining_asteroid_name_1,3,4,f48b147f-713e-481f-adf2-ff9869ac61bd,Bexalite_Raw,Bexalite (Raw),20,50,0.2,1,1,098b9e06-14fb-46a6-a878-455bad2be67f,libs/foundry/records/mining/rockcompositionpresets/asteroid_etype_copper.xml
Asteroid_EType_Copper,hud_mining_asteroid_name_1,3,5,fc62043c-3f29-4fff-b754-2301762723f7,Quantainium_Raw,Quantainium (Raw),20,50,0.05,1,1,098b9e06-14fb-46a6-a878-455bad2be67f,libs/foundry/records/mining/rockcompositionpresets/asteroid_etype_copper.xml
Asteroid_EType_Corundum,hud_mining_asteroid_name_1,3,0,b471b96c-efbb-4342-90de-cfa087604d8e,Corundum_Raw,Corundum (Raw),30,70,1,1,1,d5af598e-efbf-4252-8a2a-c2971f5970ed,libs/foundry/records/mining/rockcompositionpresets/asteroid_etype_corundum.xml
Asteroid_EType_Corundum,hud_mining_asteroid_name_1,3,1,cad02f99-292c-4ee4-93cc-a73868f11ddb,Beryl_Raw,Beryl (Raw),30,60,0.4,1,1,d5af598e-efbf-4252-8a2a-c2971f5970ed,libs/foundry/records/mining/rockcompositionpresets/asteroid_etype_corundum.xml
Asteroid_EType_Corundum,hud_mining_asteroid_name_1,3,2,f2f5bf2e-87f9-4f3d-bb59-b4e11eceeaad,Gold_Ore,Gold (Ore),20,50,0.3,1,1,d5af598e-efbf-4252-8a2a-c2971f5970ed,libs/foundry/records/mining/rockcompositionpresets/asteroid_etype_corundum.xml
Asteroid_EType_Corundum,hud_mining_asteroid_name_1,3,3,8893c670-f9f7-48df-a05b-e85764994256,Taranite_Raw,Taranite (Raw),20,50,0.2,1,1,d5af598e-efbf-4252-8a2a-c2971f5970ed,libs/foundry/records/mining/rockcompositionpresets/asteroid_etype_corundum.xml
Asteroid_EType_Corundum,hud_mining_asteroid_name_1,3,4,f48b147f-713e-481f-adf2-ff9869ac61bd,Bexalite_Raw,Bexalite (Raw),20,50,0.1,1,1,d5af598e-efbf-4252-8a2a-c2971f5970ed,libs/foundry/records/mining/rockcompositionpresets/asteroid_etype_corundum.xml
Asteroid_EType_Corundum,hud_mining_asteroid_name_1,3,5,fc62043c-3f29-4fff-b754-2301762723f7,Quantainium_Raw,Quantainium (Raw),20,50,0.12,1,1,d5af598e-efbf-4252-8a2a-c2971f5970ed,libs/foundry/records/mining/rockcompositionpresets/asteroid_etype_corundum.xml
Asteroid_EType_Corundum,hud_mining_asteroid_name_1,3,0,b471b96c-efbb-4342-90de-cfa087604d8e,Corundum_Raw,Corundum (Raw),30,70,1,1,1,d5af598e-efbf-4252-8a2a-c2971f5970ed,libs/foundry/records/mining/rockcompositionpresets/asteroid_etype_corundum.xml
Asteroid_EType_Corundum,hud_mining_asteroid_name_1,3,1,cad02f99-292c-4ee4-93cc-a73868f11ddb,Beryl_Raw,Beryl (Raw),30,60,0.4,1,1,d5af598e-efbf-4252-8a2a-c2971f5970ed,libs/foundry/records/mining/rockcompositionpresets/asteroid_etype_corundum.xml
Asteroid_EType_Corundum,hud_mining_asteroid_name_1,3,2,f2f5bf2e-87f9-4f3d-bb59-b4e11eceeaad,Gold_Ore,Gold (Ore),20,50,0.3,1,1,d5af598e-efbf-4252-8a2a-c2971f5970ed,libs/foundry/records/mining/rockcompositionpresets/asteroid_etype_corundum.xml
Asteroid_EType_Corundum,hud_mining_asteroid_name_1,3,3,8893c670-f9f7-48df-a05b-e85764994256,Taranite_Raw,Taranite (Raw),20,50,0.2,1,1,d5af598e-efbf-4252-8a2a-c2971f5970ed,libs/foundry/records/mining/rockcompositionpresets/asteroid_etype_corundum.xml
Asteroid_EType_Corundum,hud_mining_asteroid_name_1,3,4,f48b147f-713e-481f-adf2-ff9869ac61bd,Bexalite_Raw,Bexalite (Raw),20,50,0.1,1,1,d5af598e-efbf-4252-8a2a-c2971f5970ed,libs/foundry/records/mining/rockcompositionpresets/asteroid_etype_corundum.xml
Asteroid_EType_Corundum,hud_mining_asteroid_name_1,3,5,fc62043c-3f29-4fff-b754-2301762723f7,Quantainium_Raw,Quantainium (Raw),20,50,0.12,1,1,d5af598e-efbf-4252-8a2a-c2971f5970ed,libs/foundry/records/mining/rockcompositionpresets/asteroid_etype_corundum.xml
Asteroid_EType_Iron,hud_mining_asteroid_name_1,3,0,05708bae-1cb1-4e63-bb95-ec7f4a3ef430,Iron_Ore,Iron (Ore),30,70,1,1,1,965611d1-7fbd-4dc6-9d7a-9676229293ff,libs/foundry/records/mining/rockcompositionpresets/asteroid_etype_iron.xml
Asteroid_EType_Iron,hud_mining_asteroid_name_1,3,1,cad02f99-292c-4ee4-93cc-a73868f11ddb,Beryl_Raw,Beryl (Raw),30,60,0.6,1,1,965611d1-7fbd-4dc6-9d7a-9676229293ff,libs/foundry/records/mining/rockcompositionpresets/asteroid_etype_iron.xml
Asteroid_EType_Iron,hud_mining_asteroid_name_1,3,2,f2f5bf2e-87f9-4f3d-bb59-b4e11eceeaad,Gold_Ore,Gold (Ore),20,50,0.3,1,1,965611d1-7fbd-4dc6-9d7a-9676229293ff,libs/foundry/records/mining/rockcompositionpresets/asteroid_etype_iron.xml
Asteroid_EType_Iron,hud_mining_asteroid_name_1,3,3,8893c670-f9f7-48df-a05b-e85764994256,Taranite_Raw,Taranite (Raw),20,50,0.1,1,1,965611d1-7fbd-4dc6-9d7a-9676229293ff,libs/foundry/records/mining/rockcompositionpresets/asteroid_etype_iron.xml
Asteroid_EType_Iron,hud_mining_asteroid_name_1,3,4,f48b147f-713e-481f-adf2-ff9869ac61bd,Bexalite_Raw,Bexalite (Raw),20,50,0.2,1,1,965611d1-7fbd-4dc6-9d7a-9676229293ff,libs/foundry/records/mining/rockcompositionpresets/asteroid_etype_iron.xml
Asteroid_EType_Iron,hud_mining_asteroid_name_1,3,5,fc62043c-3f29-4fff-b754-2301762723f7,Quantainium_Raw,Quantainium (Raw),20,50,0.05,1,1,965611d1-7fbd-4dc6-9d7a-9676229293ff,libs/foundry/records/mining/rockcompositionpresets/asteroid_etype_iron.xml
Asteroid_EType_Iron,hud_mining_asteroid_name_1,3,0,05708bae-1cb1-4e63-bb95-ec7f4a3ef430,Iron_Ore,Iron (Ore),30,70,1,1,1,965611d1-7fbd-4dc6-9d7a-9676229293ff,libs/foundry/records/mining/rockcompositionpresets/asteroid_etype_iron.xml
Asteroid_EType_Iron,hud_mining_asteroid_name_1,3,1,cad02f99-292c-4ee4-93cc-a73868f11ddb,Beryl_Raw,Beryl (Raw),30,60,0.6,1,1,965611d1-7fbd-4dc6-9d7a-9676229293ff,libs/foundry/records/mining/rockcompositionpresets/asteroid_etype_iron.xml
Asteroid_EType_Iron,hud_mining_asteroid_name_1,3,2,f2f5bf2e-87f9-4f3d-bb59-b4e11eceeaad,Gold_Ore,Gold (Ore),20,50,0.3,1,1,965611d1-7fbd-4dc6-9d7a-9676229293ff,libs/foundry/records/mining/rockcompositionpresets/asteroid_etype_iron.xml
Asteroid_EType_Iron,hud_mining_asteroid_name_1,3,3,8893c670-f9f7-48df-a05b-e85764994256,Taranite_Raw,Taranite (Raw),20,50,0.1,1,1,965611d1-7fbd-4dc6-9d7a-9676229293ff,libs/foundry/records/mining/rockcompositionpresets/asteroid_etype_iron.xml
Asteroid_EType_Iron,hud_mining_asteroid_name_1,3,4,f48b147f-713e-481f-adf2-ff9869ac61bd,Bexalite_Raw,Bexalite (Raw),20,50,0.2,1,1,965611d1-7fbd-4dc6-9d7a-9676229293ff,libs/foundry/records/mining/rockcompositionpresets/asteroid_etype_iron.xml
Asteroid_EType_Iron,hud_mining_asteroid_name_1,3,5,fc62043c-3f29-4fff-b754-2301762723f7,Quantainium_Raw,Quantainium (Raw),20,50,0.05,1,1,965611d1-7fbd-4dc6-9d7a-9676229293ff,libs/foundry/records/mining/rockcompositionpresets/asteroid_etype_iron.xml
Asteroid_EType_Quartz,hud_mining_asteroid_name_1,3,0,1d35c0bc-9142-42ff-8a83-0ec68d69a128,Quartz_Raw,Quartz (Raw),30,70,1,1,1,bab95330-d064-451f-81d1-23c559772371,libs/foundry/records/mining/rockcompositionpresets/asteroid_etype_quartz.xml
Asteroid_EType_Quartz,hud_mining_asteroid_name_1,3,1,cad02f99-292c-4ee4-93cc-a73868f11ddb,Beryl_Raw,Beryl (Raw),30,60,0.6,1,1,bab95330-d064-451f-81d1-23c559772371,libs/foundry/records/mining/rockcompositionpresets/asteroid_etype_quartz.xml
Asteroid_EType_Quartz,hud_mining_asteroid_name_1,3,2,f2f5bf2e-87f9-4f3d-bb59-b4e11eceeaad,Gold_Ore,Gold (Ore),20,50,0.5,1,1,bab95330-d064-451f-81d1-23c559772371,libs/foundry/records/mining/rockcompositionpresets/asteroid_etype_quartz.xml
Asteroid_EType_Quartz,hud_mining_asteroid_name_1,3,3,8893c670-f9f7-48df-a05b-e85764994256,Taranite_Raw,Taranite (Raw),20,50,0.1,1,1,bab95330-d064-451f-81d1-23c559772371,libs/foundry/records/mining/rockcompositionpresets/asteroid_etype_quartz.xml
Asteroid_EType_Quartz,hud_mining_asteroid_name_1,3,4,f48b147f-713e-481f-adf2-ff9869ac61bd,Bexalite_Raw,Bexalite (Raw),20,50,0.1,1,1,bab95330-d064-451f-81d1-23c559772371,libs/foundry/records/mining/rockcompositionpresets/asteroid_etype_quartz.xml
Asteroid_EType_Quartz,hud_mining_asteroid_name_1,3,5,fc62043c-3f29-4fff-b754-2301762723f7,Quantainium_Raw,Quantainium (Raw),20,50,0.05,1,1,bab95330-d064-451f-81d1-23c559772371,libs/foundry/records/mining/rockcompositionpresets/asteroid_etype_quartz.xml
Asteroid_EType_Quartz,hud_mining_asteroid_name_1,3,0,1d35c0bc-9142-42ff-8a83-0ec68d69a128,Quartz_Raw,Quartz (Raw),30,70,1,1,1,bab95330-d064-451f-81d1-23c559772371,libs/foundry/records/mining/rockcompositionpresets/asteroid_etype_quartz.xml
Asteroid_EType_Quartz,hud_mining_asteroid_name_1,3,1,cad02f99-292c-4ee4-93cc-a73868f11ddb,Beryl_Raw,Beryl (Raw),30,60,0.6,1,1,bab95330-d064-451f-81d1-23c559772371,libs/foundry/records/mining/rockcompositionpresets/asteroid_etype_quartz.xml
Asteroid_EType_Quartz,hud_mining_asteroid_name_1,3,2,f2f5bf2e-87f9-4f3d-bb59-b4e11eceeaad,Gold_Ore,Gold (Ore),20,50,0.5,1,1,bab95330-d064-451f-81d1-23c559772371,libs/foundry/records/mining/rockcompositionpresets/asteroid_etype_quartz.xml
Asteroid_EType_Quartz,hud_mining_asteroid_name_1,3,3,8893c670-f9f7-48df-a05b-e85764994256,Taranite_Raw,Taranite (Raw),20,50,0.1,1,1,bab95330-d064-451f-81d1-23c559772371,libs/foundry/records/mining/rockcompositionpresets/asteroid_etype_quartz.xml
Asteroid_EType_Quartz,hud_mining_asteroid_name_1,3,4,f48b147f-713e-481f-adf2-ff9869ac61bd,Bexalite_Raw,Bexalite (Raw),20,50,0.1,1,1,bab95330-d064-451f-81d1-23c559772371,libs/foundry/records/mining/rockcompositionpresets/asteroid_etype_quartz.xml
Asteroid_EType_Quartz,hud_mining_asteroid_name_1,3,5,fc62043c-3f29-4fff-b754-2301762723f7,Quantainium_Raw,Quantainium (Raw),20,50,0.05,1,1,bab95330-d064-451f-81d1-23c559772371,libs/foundry/records/mining/rockcompositionpresets/asteroid_etype_quartz.xml
Asteroid_EType_Silicon,hud_mining_asteroid_name_1,3,0,219e8523-b953-4517-812a-0fb2eb023209,Silicon_Raw,Silicon (Raw),30,70,1,1,1,e8f5208d-bcab-4fbc-8284-d19c843cfd2f,libs/foundry/records/mining/rockcompositionpresets/asteroid_etype_silicon.xml
Asteroid_EType_Silicon,hud_mining_asteroid_name_1,3,1,cad02f99-292c-4ee4-93cc-a73868f11ddb,Beryl_Raw,Beryl (Raw),30,60,0.4,1,1,e8f5208d-bcab-4fbc-8284-d19c843cfd2f,libs/foundry/records/mining/rockcompositionpresets/asteroid_etype_silicon.xml
Asteroid_EType_Silicon,hud_mining_asteroid_name_1,3,2,f2f5bf2e-87f9-4f3d-bb59-b4e11eceeaad,Gold_Ore,Gold (Ore),20,50,0.5,1,1,e8f5208d-bcab-4fbc-8284-d19c843cfd2f,libs/foundry/records/mining/rockcompositionpresets/asteroid_etype_silicon.xml
Asteroid_EType_Silicon,hud_mining_asteroid_name_1,3,3,8893c670-f9f7-48df-a05b-e85764994256,Taranite_Raw,Taranite (Raw),20,50,0.1,1,1,e8f5208d-bcab-4fbc-8284-d19c843cfd2f,libs/foundry/records/mining/rockcompositionpresets/asteroid_etype_silicon.xml
Asteroid_EType_Silicon,hud_mining_asteroid_name_1,3,4,f48b147f-713e-481f-adf2-ff9869ac61bd,Bexalite_Raw,Bexalite (Raw),20,50,0.2,1,1,e8f5208d-bcab-4fbc-8284-d19c843cfd2f,libs/foundry/records/mining/rockcompositionpresets/asteroid_etype_silicon.xml
Asteroid_EType_Silicon,hud_mining_asteroid_name_1,3,5,9498a080-84c0-41f4-b88f-71942c60c43f,Sileron_Ore,Sileron (Ore),20,50,0.05,1,1,e8f5208d-bcab-4fbc-8284-d19c843cfd2f,libs/foundry/records/mining/rockcompositionpresets/asteroid_etype_silicon.xml
Asteroid_EType_Silicon,hud_mining_asteroid_name_1,3,6,905e9623-5e74-4a92-9cb1-72203ed8baad,Riccite_Ore,Riccite (Ore),20,50,0.12,1,1,e8f5208d-bcab-4fbc-8284-d19c843cfd2f,libs/foundry/records/mining/rockcompositionpresets/asteroid_etype_silicon.xml
Asteroid_EType_Silicon,hud_mining_asteroid_name_1,3,0,219e8523-b953-4517-812a-0fb2eb023209,Silicon_Raw,Silicon (Raw),30,70,1,1,1,e8f5208d-bcab-4fbc-8284-d19c843cfd2f,libs/foundry/records/mining/rockcompositionpresets/asteroid_etype_silicon.xml
Asteroid_EType_Silicon,hud_mining_asteroid_name_1,3,1,cad02f99-292c-4ee4-93cc-a73868f11ddb,Beryl_Raw,Beryl (Raw),30,60,0.4,1,1,e8f5208d-bcab-4fbc-8284-d19c843cfd2f,libs/foundry/records/mining/rockcompositionpresets/asteroid_etype_silicon.xml
Asteroid_EType_Silicon,hud_mining_asteroid_name_1,3,2,f2f5bf2e-87f9-4f3d-bb59-b4e11eceeaad,Gold_Ore,Gold (Ore),20,50,0.5,1,1,e8f5208d-bcab-4fbc-8284-d19c843cfd2f,libs/foundry/records/mining/rockcompositionpresets/asteroid_etype_silicon.xml
Asteroid_EType_Silicon,hud_mining_asteroid_name_1,3,3,8893c670-f9f7-48df-a05b-e85764994256,Taranite_Raw,Taranite (Raw),20,50,0.1,1,1,e8f5208d-bcab-4fbc-8284-d19c843cfd2f,libs/foundry/records/mining/rockcompositionpresets/asteroid_etype_silicon.xml
Asteroid_EType_Silicon,hud_mining_asteroid_name_1,3,4,f48b147f-713e-481f-adf2-ff9869ac61bd,Bexalite_Raw,Bexalite (Raw),20,50,0.2,1,1,e8f5208d-bcab-4fbc-8284-d19c843cfd2f,libs/foundry/records/mining/rockcompositionpresets/asteroid_etype_silicon.xml
Asteroid_EType_Silicon,hud_mining_asteroid_name_1,3,5,9498a080-84c0-41f4-b88f-71942c60c43f,Sileron_Ore,Sileron (Ore),20,50,0.05,1,1,e8f5208d-bcab-4fbc-8284-d19c843cfd2f,libs/foundry/records/mining/rockcompositionpresets/asteroid_etype_silicon.xml
Asteroid_EType_Silicon,hud_mining_asteroid_name_1,3,6,905e9623-5e74-4a92-9cb1-72203ed8baad,Riccite_Ore,Riccite (Ore),20,50,0.12,1,1,e8f5208d-bcab-4fbc-8284-d19c843cfd2f,libs/foundry/records/mining/rockcompositionpresets/asteroid_etype_silicon.xml
Asteroid_EType_test,hud_mining_asteroid_name_1,3,0,3abbac13-812b-4389-88f3-7a5e995cb7af,TestElement_Balance,Testelement Balance,30,70,1,1,1,32f3b107-4f69-4e5d-a276-ac99d8f25e9e,libs/foundry/records/mining/rockcompositionpresets/asteroid_etype_test.xml
Asteroid_EType_test,hud_mining_asteroid_name_1,3,0,3abbac13-812b-4389-88f3-7a5e995cb7af,TestElement_Balance,Testelement Balance,30,70,1,1,1,32f3b107-4f69-4e5d-a276-ac99d8f25e9e,libs/foundry/records/mining/rockcompositionpresets/asteroid_etype_test.xml
Asteroid_EType_Tin,hud_mining_asteroid_name_1,3,0,16b426e2-7ce1-4fb4-8b34-4d8617dd6a97,Tin_Ore,Tin (Ore),30,70,1,1,1,1f77444a-4c67-4c77-bdf6-af759b7ab057,libs/foundry/records/mining/rockcompositionpresets/asteroid_etype_tin.xml
Asteroid_EType_Tin,hud_mining_asteroid_name_1,3,1,cad02f99-292c-4ee4-93cc-a73868f11ddb,Beryl_Raw,Beryl (Raw),30,60,0.6,1,1,1f77444a-4c67-4c77-bdf6-af759b7ab057,libs/foundry/records/mining/rockcompositionpresets/asteroid_etype_tin.xml
Asteroid_EType_Tin,hud_mining_asteroid_name_1,3,2,f2f5bf2e-87f9-4f3d-bb59-b4e11eceeaad,Gold_Ore,Gold (Ore),20,50,0.3,1,1,1f77444a-4c67-4c77-bdf6-af759b7ab057,libs/foundry/records/mining/rockcompositionpresets/asteroid_etype_tin.xml
Asteroid_EType_Tin,hud_mining_asteroid_name_1,3,3,8893c670-f9f7-48df-a05b-e85764994256,Taranite_Raw,Taranite (Raw),20,50,0.2,1,1,1f77444a-4c67-4c77-bdf6-af759b7ab057,libs/foundry/records/mining/rockcompositionpresets/asteroid_etype_tin.xml
Asteroid_EType_Tin,hud_mining_asteroid_name_1,3,4,f48b147f-713e-481f-adf2-ff9869ac61bd,Bexalite_Raw,Bexalite (Raw),20,50,0.1,1,1,1f77444a-4c67-4c77-bdf6-af759b7ab057,libs/foundry/records/mining/rockcompositionpresets/asteroid_etype_tin.xml
Asteroid_EType_Tin,hud_mining_asteroid_name_1,3,5,9498a080-84c0-41f4-b88f-71942c60c43f,Sileron_Ore,Sileron (Ore),20,50,0.12,1,1,1f77444a-4c67-4c77-bdf6-af759b7ab057,libs/foundry/records/mining/rockcompositionpresets/asteroid_etype_tin.xml
Asteroid_EType_Tin,hud_mining_asteroid_name_1,3,6,905e9623-5e74-4a92-9cb1-72203ed8baad,Riccite_Ore,Riccite (Ore),20,50,0.05,1,1,1f77444a-4c67-4c77-bdf6-af759b7ab057,libs/foundry/records/mining/rockcompositionpresets/asteroid_etype_tin.xml
Asteroid_EType_Tin,hud_mining_asteroid_name_1,3,0,16b426e2-7ce1-4fb4-8b34-4d8617dd6a97,Tin_Ore,Tin (Ore),30,70,1,1,1,1f77444a-4c67-4c77-bdf6-af759b7ab057,libs/foundry/records/mining/rockcompositionpresets/asteroid_etype_tin.xml
Asteroid_EType_Tin,hud_mining_asteroid_name_1,3,1,cad02f99-292c-4ee4-93cc-a73868f11ddb,Beryl_Raw,Beryl (Raw),30,60,0.6,1,1,1f77444a-4c67-4c77-bdf6-af759b7ab057,libs/foundry/records/mining/rockcompositionpresets/asteroid_etype_tin.xml
Asteroid_EType_Tin,hud_mining_asteroid_name_1,3,2,f2f5bf2e-87f9-4f3d-bb59-b4e11eceeaad,Gold_Ore,Gold (Ore),20,50,0.3,1,1,1f77444a-4c67-4c77-bdf6-af759b7ab057,libs/foundry/records/mining/rockcompositionpresets/asteroid_etype_tin.xml
Asteroid_EType_Tin,hud_mining_asteroid_name_1,3,3,8893c670-f9f7-48df-a05b-e85764994256,Taranite_Raw,Taranite (Raw),20,50,0.2,1,1,1f77444a-4c67-4c77-bdf6-af759b7ab057,libs/foundry/records/mining/rockcompositionpresets/asteroid_etype_tin.xml
Asteroid_EType_Tin,hud_mining_asteroid_name_1,3,4,f48b147f-713e-481f-adf2-ff9869ac61bd,Bexalite_Raw,Bexalite (Raw),20,50,0.1,1,1,1f77444a-4c67-4c77-bdf6-af759b7ab057,libs/foundry/records/mining/rockcompositionpresets/asteroid_etype_tin.xml
Asteroid_EType_Tin,hud_mining_asteroid_name_1,3,5,9498a080-84c0-41f4-b88f-71942c60c43f,Sileron_Ore,Sileron (Ore),20,50,0.12,1,1,1f77444a-4c67-4c77-bdf6-af759b7ab057,libs/foundry/records/mining/rockcompositionpresets/asteroid_etype_tin.xml
Asteroid_EType_Tin,hud_mining_asteroid_name_1,3,6,905e9623-5e74-4a92-9cb1-72203ed8baad,Riccite_Ore,Riccite (Ore),20,50,0.05,1,1,1f77444a-4c67-4c77-bdf6-af759b7ab057,libs/foundry/records/mining/rockcompositionpresets/asteroid_etype_tin.xml
Asteroid_EType_Titanium,hud_mining_asteroid_name_1,3,0,7b9055e5-6d62-44dd-a725-a31d838301eb,Titanium_Ore,Titanium (Ore),30,70,1,1,1,d14151b5-d63b-4461-948f-2909ca14136f,libs/foundry/records/mining/rockcompositionpresets/asteroid_etype_titanium.xml
Asteroid_EType_Titanium,hud_mining_asteroid_name_1,3,1,cad02f99-292c-4ee4-93cc-a73868f11ddb,Beryl_Raw,Beryl (Raw),30,60,0.4,1,1,d14151b5-d63b-4461-948f-2909ca14136f,libs/foundry/records/mining/rockcompositionpresets/asteroid_etype_titanium.xml
Asteroid_EType_Titanium,hud_mining_asteroid_name_1,3,2,f2f5bf2e-87f9-4f3d-bb59-b4e11eceeaad,Gold_Ore,Gold (Ore),20,50,0.3,1,1,d14151b5-d63b-4461-948f-2909ca14136f,libs/foundry/records/mining/rockcompositionpresets/asteroid_etype_titanium.xml
Asteroid_EType_Titanium,hud_mining_asteroid_name_1,3,3,8893c670-f9f7-48df-a05b-e85764994256,Taranite_Raw,Taranite (Raw),20,50,0.2,1,1,d14151b5-d63b-4461-948f-2909ca14136f,libs/foundry/records/mining/rockcompositionpresets/asteroid_etype_titanium.xml
Asteroid_EType_Titanium,hud_mining_asteroid_name_1,3,4,f48b147f-713e-481f-adf2-ff9869ac61bd,Bexalite_Raw,Bexalite (Raw),20,50,0.1,1,1,d14151b5-d63b-4461-948f-2909ca14136f,libs/foundry/records/mining/rockcompositionpresets/asteroid_etype_titanium.xml
Asteroid_EType_Titanium,hud_mining_asteroid_name_1,3,5,fc62043c-3f29-4fff-b754-2301762723f7,Quantainium_Raw,Quantainium (Raw),20,50,0.12,1,1,d14151b5-d63b-4461-948f-2909ca14136f,libs/foundry/records/mining/rockcompositionpresets/asteroid_etype_titanium.xml
Asteroid_EType_Titanium,hud_mining_asteroid_name_1,3,0,7b9055e5-6d62-44dd-a725-a31d838301eb,Titanium_Ore,Titanium (Ore),30,70,1,1,1,d14151b5-d63b-4461-948f-2909ca14136f,libs/foundry/records/mining/rockcompositionpresets/asteroid_etype_titanium.xml
Asteroid_EType_Titanium,hud_mining_asteroid_name_1,3,1,cad02f99-292c-4ee4-93cc-a73868f11ddb,Beryl_Raw,Beryl (Raw),30,60,0.4,1,1,d14151b5-d63b-4461-948f-2909ca14136f,libs/foundry/records/mining/rockcompositionpresets/asteroid_etype_titanium.xml
Asteroid_EType_Titanium,hud_mining_asteroid_name_1,3,2,f2f5bf2e-87f9-4f3d-bb59-b4e11eceeaad,Gold_Ore,Gold (Ore),20,50,0.3,1,1,d14151b5-d63b-4461-948f-2909ca14136f,libs/foundry/records/mining/rockcompositionpresets/asteroid_etype_titanium.xml
Asteroid_EType_Titanium,hud_mining_asteroid_name_1,3,3,8893c670-f9f7-48df-a05b-e85764994256,Taranite_Raw,Taranite (Raw),20,50,0.2,1,1,d14151b5-d63b-4461-948f-2909ca14136f,libs/foundry/records/mining/rockcompositionpresets/asteroid_etype_titanium.xml
Asteroid_EType_Titanium,hud_mining_asteroid_name_1,3,4,f48b147f-713e-481f-adf2-ff9869ac61bd,Bexalite_Raw,Bexalite (Raw),20,50,0.1,1,1,d14151b5-d63b-4461-948f-2909ca14136f,libs/foundry/records/mining/rockcompositionpresets/asteroid_etype_titanium.xml
Asteroid_EType_Titanium,hud_mining_asteroid_name_1,3,5,fc62043c-3f29-4fff-b754-2301762723f7,Quantainium_Raw,Quantainium (Raw),20,50,0.12,1,1,d14151b5-d63b-4461-948f-2909ca14136f,libs/foundry/records/mining/rockcompositionpresets/asteroid_etype_titanium.xml
Asteroid_EType_Tungsten,hud_mining_asteroid_name_1,3,0,8f6a7e06-934d-4339-a0a2-75420b81369a,Tungsten_Ore,Tungsten (Ore),30,70,1,1,1,a8f07aa1-6317-497a-9171-f230237c112f,libs/foundry/records/mining/rockcompositionpresets/asteroid_etype_tungsten.xml
Asteroid_EType_Tungsten,hud_mining_asteroid_name_1,3,1,cad02f99-292c-4ee4-93cc-a73868f11ddb,Beryl_Raw,Beryl (Raw),30,60,0.4,1,1,a8f07aa1-6317-497a-9171-f230237c112f,libs/foundry/records/mining/rockcompositionpresets/asteroid_etype_tungsten.xml
Asteroid_EType_Tungsten,hud_mining_asteroid_name_1,3,2,f2f5bf2e-87f9-4f3d-bb59-b4e11eceeaad,Gold_Ore,Gold (Ore),20,50,0.5,1,1,a8f07aa1-6317-497a-9171-f230237c112f,libs/foundry/records/mining/rockcompositionpresets/asteroid_etype_tungsten.xml
Asteroid_EType_Tungsten,hud_mining_asteroid_name_1,3,3,8893c670-f9f7-48df-a05b-e85764994256,Taranite_Raw,Taranite (Raw),20,50,0.1,1,1,a8f07aa1-6317-497a-9171-f230237c112f,libs/foundry/records/mining/rockcompositionpresets/asteroid_etype_tungsten.xml
Asteroid_EType_Tungsten,hud_mining_asteroid_name_1,3,4,f48b147f-713e-481f-adf2-ff9869ac61bd,Bexalite_Raw,Bexalite (Raw),20,50,0.2,1,1,a8f07aa1-6317-497a-9171-f230237c112f,libs/foundry/records/mining/rockcompositionpresets/asteroid_etype_tungsten.xml
Asteroid_EType_Tungsten,hud_mining_asteroid_name_1,3,5,fc62043c-3f29-4fff-b754-2301762723f7,Quantainium_Raw,Quantainium (Raw),20,50,0.05,1,1,a8f07aa1-6317-497a-9171-f230237c112f,libs/foundry/records/mining/rockcompositionpresets/asteroid_etype_tungsten.xml
Asteroid_EType_Tungsten,hud_mining_asteroid_name_1,3,0,8f6a7e06-934d-4339-a0a2-75420b81369a,Tungsten_Ore,Tungsten (Ore),30,70,1,1,1,a8f07aa1-6317-497a-9171-f230237c112f,libs/foundry/records/mining/rockcompositionpresets/asteroid_etype_tungsten.xml
Asteroid_EType_Tungsten,hud_mining_asteroid_name_1,3,1,cad02f99-292c-4ee4-93cc-a73868f11ddb,Beryl_Raw,Beryl (Raw),30,60,0.4,1,1,a8f07aa1-6317-497a-9171-f230237c112f,libs/foundry/records/mining/rockcompositionpresets/asteroid_etype_tungsten.xml
Asteroid_EType_Tungsten,hud_mining_asteroid_name_1,3,2,f2f5bf2e-87f9-4f3d-bb59-b4e11eceeaad,Gold_Ore,Gold (Ore),20,50,0.5,1,1,a8f07aa1-6317-497a-9171-f230237c112f,libs/foundry/records/mining/rockcompositionpresets/asteroid_etype_tungsten.xml
Asteroid_EType_Tungsten,hud_mining_asteroid_name_1,3,3,8893c670-f9f7-48df-a05b-e85764994256,Taranite_Raw,Taranite (Raw),20,50,0.1,1,1,a8f07aa1-6317-497a-9171-f230237c112f,libs/foundry/records/mining/rockcompositionpresets/asteroid_etype_tungsten.xml
Asteroid_EType_Tungsten,hud_mining_asteroid_name_1,3,4,f48b147f-713e-481f-adf2-ff9869ac61bd,Bexalite_Raw,Bexalite (Raw),20,50,0.2,1,1,a8f07aa1-6317-497a-9171-f230237c112f,libs/foundry/records/mining/rockcompositionpresets/asteroid_etype_tungsten.xml
Asteroid_EType_Tungsten,hud_mining_asteroid_name_1,3,5,fc62043c-3f29-4fff-b754-2301762723f7,Quantainium_Raw,Quantainium (Raw),20,50,0.05,1,1,a8f07aa1-6317-497a-9171-f230237c112f,libs/foundry/records/mining/rockcompositionpresets/asteroid_etype_tungsten.xml
Asteroid_EType,hud_mining_asteroid_name_1,3,0,3776294d-5689-41f2-b03d-e8fcd17ede6a,Aluminium_Ore,Aluminum (Ore),30,70,0.85,1,1,4fcc4163-1508-4174-9b34-f3925a423c44,libs/foundry/records/mining/rockcompositionpresets/asteroid_etype.xml
Asteroid_EType,hud_mining_asteroid_name_1,3,1,cad02f99-292c-4ee4-93cc-a73868f11ddb,Beryl_Raw,Beryl (Raw),30,60,0.4,1,1,4fcc4163-1508-4174-9b34-f3925a423c44,libs/foundry/records/mining/rockcompositionpresets/asteroid_etype.xml
Asteroid_EType,hud_mining_asteroid_name_1,3,2,f2f5bf2e-87f9-4f3d-bb59-b4e11eceeaad,Gold_Ore,Gold (Ore),20,50,0.3,1,1,4fcc4163-1508-4174-9b34-f3925a423c44,libs/foundry/records/mining/rockcompositionpresets/asteroid_etype.xml
Asteroid_EType,hud_mining_asteroid_name_1,3,3,8893c670-f9f7-48df-a05b-e85764994256,Taranite_Raw,Taranite (Raw),20,50,0.07,1,1,4fcc4163-1508-4174-9b34-f3925a423c44,libs/foundry/records/mining/rockcompositionpresets/asteroid_etype.xml
Asteroid_EType,hud_mining_asteroid_name_1,3,4,f48b147f-713e-481f-adf2-ff9869ac61bd,Bexalite_Raw,Bexalite (Raw),20,50,0.07,1,1,4fcc4163-1508-4174-9b34-f3925a423c44,libs/foundry/records/mining/rockcompositionpresets/asteroid_etype.xml
Asteroid_EType,hud_mining_asteroid_name_1,3,5,fc62043c-3f29-4fff-b754-2301762723f7,Quantainium_Raw,Quantainium (Raw),20,50,0.02,1,1,4fcc4163-1508-4174-9b34-f3925a423c44,libs/foundry/records/mining/rockcompositionpresets/asteroid_etype.xml
Asteroid_EType,hud_mining_asteroid_name_1,3,0,3776294d-5689-41f2-b03d-e8fcd17ede6a,Aluminium_Ore,Aluminum (Ore),30,70,0.85,1,1,4fcc4163-1508-4174-9b34-f3925a423c44,libs/foundry/records/mining/rockcompositionpresets/asteroid_etype.xml
Asteroid_EType,hud_mining_asteroid_name_1,3,1,cad02f99-292c-4ee4-93cc-a73868f11ddb,Beryl_Raw,Beryl (Raw),30,60,0.4,1,1,4fcc4163-1508-4174-9b34-f3925a423c44,libs/foundry/records/mining/rockcompositionpresets/asteroid_etype.xml
Asteroid_EType,hud_mining_asteroid_name_1,3,2,f2f5bf2e-87f9-4f3d-bb59-b4e11eceeaad,Gold_Ore,Gold (Ore),20,50,0.3,1,1,4fcc4163-1508-4174-9b34-f3925a423c44,libs/foundry/records/mining/rockcompositionpresets/asteroid_etype.xml
Asteroid_EType,hud_mining_asteroid_name_1,3,3,8893c670-f9f7-48df-a05b-e85764994256,Taranite_Raw,Taranite (Raw),20,50,0.07,1,1,4fcc4163-1508-4174-9b34-f3925a423c44,libs/foundry/records/mining/rockcompositionpresets/asteroid_etype.xml
Asteroid_EType,hud_mining_asteroid_name_1,3,4,f48b147f-713e-481f-adf2-ff9869ac61bd,Bexalite_Raw,Bexalite (Raw),20,50,0.07,1,1,4fcc4163-1508-4174-9b34-f3925a423c44,libs/foundry/records/mining/rockcompositionpresets/asteroid_etype.xml
Asteroid_EType,hud_mining_asteroid_name_1,3,5,fc62043c-3f29-4fff-b754-2301762723f7,Quantainium_Raw,Quantainium (Raw),20,50,0.02,1,1,4fcc4163-1508-4174-9b34-f3925a423c44,libs/foundry/records/mining/rockcompositionpresets/asteroid_etype.xml
Asteroid_GoldOnly,items_commodities_gold_ore,1,0,f2f5bf2e-87f9-4f3d-bb59-b4e11eceeaad,Gold_Ore,Gold (Ore),10,60,1,1.5,1,106f0b66-33fc-4e98-b519-81b9b1006a2c,libs/foundry/records/mining/rockcompositionpresets/asteroid_goldonly.xml
Asteroid_GoldOnly,items_commodities_gold_ore,1,0,f2f5bf2e-87f9-4f3d-bb59-b4e11eceeaad,Gold_Ore,Gold (Ore),10,60,1,1.5,1,106f0b66-33fc-4e98-b519-81b9b1006a2c,libs/foundry/records/mining/rockcompositionpresets/asteroid_goldonly.xml
Asteroid_IType_Ice,hud_mining_asteroid_name_7,3,0,51745536-ff2b-4840-a6f8-b1ed498a77ff,Ice_Raw,Ice (Raw),30,70,1,1,1,7fd787c2-8955-4995-9946-27098f3680bf,libs/foundry/records/mining/rockcompositionpresets/asteroid_itype_ice.xml
Asteroid_IType_Ice,hud_mining_asteroid_name_7,3,1,220c2e18-9324-4528-b399-2f908488b204,Hephaestanite_Raw,Hephaestanite (Raw),30,60,0.5,1,1,7fd787c2-8955-4995-9946-27098f3680bf,libs/foundry/records/mining/rockcompositionpresets/asteroid_itype_ice.xml
Asteroid_IType_Ice,hud_mining_asteroid_name_7,3,2,d61d6c33-e428-4014-9326-0b06034de16a,Agricium_Ore,Agricium (Ore),30,60,0.8,1,1,7fd787c2-8955-4995-9946-27098f3680bf,libs/foundry/records/mining/rockcompositionpresets/asteroid_itype_ice.xml
Asteroid_IType_Ice,hud_mining_asteroid_name_7,3,3,07f6158a-6494-4b7c-9dd0-bbaab7362137,Borase_Ore,Borase (Ore),30,60,0.4,1,1,7fd787c2-8955-4995-9946-27098f3680bf,libs/foundry/records/mining/rockcompositionpresets/asteroid_itype_ice.xml
Asteroid_IType_Ice,hud_mining_asteroid_name_7,3,4,f2f5bf2e-87f9-4f3d-bb59-b4e11eceeaad,Gold_Ore,Gold (Ore),20,50,0.1,1,1,7fd787c2-8955-4995-9946-27098f3680bf,libs/foundry/records/mining/rockcompositionpresets/asteroid_itype_ice.xml
Asteroid_IType_Ice,hud_mining_asteroid_name_7,3,5,8893c670-f9f7-48df-a05b-e85764994256,Taranite_Raw,Taranite (Raw),20,50,0.3,1,1,7fd787c2-8955-4995-9946-27098f3680bf,libs/foundry/records/mining/rockcompositionpresets/asteroid_itype_ice.xml
Asteroid_IType_Ice,hud_mining_asteroid_name_7,3,6,f48b147f-713e-481f-adf2-ff9869ac61bd,Bexalite_Raw,Bexalite (Raw),20,50,0.3,1,1,7fd787c2-8955-4995-9946-27098f3680bf,libs/foundry/records/mining/rockcompositionpresets/asteroid_itype_ice.xml
Asteroid_IType_Ice,hud_mining_asteroid_name_7,3,7,9498a080-84c0-41f4-b88f-71942c60c43f,Sileron_Ore,Sileron (Ore),20,50,0.06,1,1,7fd787c2-8955-4995-9946-27098f3680bf,libs/foundry/records/mining/rockcompositionpresets/asteroid_itype_ice.xml
Asteroid_IType_Ice,hud_mining_asteroid_name_7,3,8,905e9623-5e74-4a92-9cb1-72203ed8baad,Riccite_Ore,Riccite (Ore),20,50,0.12,1,1,7fd787c2-8955-4995-9946-27098f3680bf,libs/foundry/records/mining/rockcompositionpresets/asteroid_itype_ice.xml
Asteroid_IType_Ice,hud_mining_asteroid_name_7,3,0,51745536-ff2b-4840-a6f8-b1ed498a77ff,Ice_Raw,Ice (Raw),30,70,1,1,1,7fd787c2-8955-4995-9946-27098f3680bf,libs/foundry/records/mining/rockcompositionpresets/asteroid_itype_ice.xml
Asteroid_IType_Ice,hud_mining_asteroid_name_7,3,1,220c2e18-9324-4528-b399-2f908488b204,Hephaestanite_Raw,Hephaestanite (Raw),30,60,0.5,1,1,7fd787c2-8955-4995-9946-27098f3680bf,libs/foundry/records/mining/rockcompositionpresets/asteroid_itype_ice.xml
Asteroid_IType_Ice,hud_mining_asteroid_name_7,3,2,d61d6c33-e428-4014-9326-0b06034de16a,Agricium_Ore,Agricium (Ore),30,60,0.8,1,1,7fd787c2-8955-4995-9946-27098f3680bf,libs/foundry/records/mining/rockcompositionpresets/asteroid_itype_ice.xml
Asteroid_IType_Ice,hud_mining_asteroid_name_7,3,3,07f6158a-6494-4b7c-9dd0-bbaab7362137,Borase_Ore,Borase (Ore),30,60,0.4,1,1,7fd787c2-8955-4995-9946-27098f3680bf,libs/foundry/records/mining/rockcompositionpresets/asteroid_itype_ice.xml
Asteroid_IType_Ice,hud_mining_asteroid_name_7,3,4,f2f5bf2e-87f9-4f3d-bb59-b4e11eceeaad,Gold_Ore,Gold (Ore),20,50,0.1,1,1,7fd787c2-8955-4995-9946-27098f3680bf,libs/foundry/records/mining/rockcompositionpresets/asteroid_itype_ice.xml
Asteroid_IType_Ice,hud_mining_asteroid_name_7,3,5,8893c670-f9f7-48df-a05b-e85764994256,Taranite_Raw,Taranite (Raw),20,50,0.3,1,1,7fd787c2-8955-4995-9946-27098f3680bf,libs/foundry/records/mining/rockcompositionpresets/asteroid_itype_ice.xml
Asteroid_IType_Ice,hud_mining_asteroid_name_7,3,6,f48b147f-713e-481f-adf2-ff9869ac61bd,Bexalite_Raw,Bexalite (Raw),20,50,0.3,1,1,7fd787c2-8955-4995-9946-27098f3680bf,libs/foundry/records/mining/rockcompositionpresets/asteroid_itype_ice.xml
Asteroid_IType_Ice,hud_mining_asteroid_name_7,3,7,9498a080-84c0-41f4-b88f-71942c60c43f,Sileron_Ore,Sileron (Ore),20,50,0.06,1,1,7fd787c2-8955-4995-9946-27098f3680bf,libs/foundry/records/mining/rockcompositionpresets/asteroid_itype_ice.xml
Asteroid_IType_Ice,hud_mining_asteroid_name_7,3,8,905e9623-5e74-4a92-9cb1-72203ed8baad,Riccite_Ore,Riccite (Ore),20,50,0.12,1,1,7fd787c2-8955-4995-9946-27098f3680bf,libs/foundry/records/mining/rockcompositionpresets/asteroid_itype_ice.xml
Asteroid_IType,hud_mining_rock_name_Ice,1,0,51745536-ff2b-4840-a6f8-b1ed498a77ff,Ice_Raw,Ice (Raw),30,70,1,1,1,f6d2e179-498b-43a1-855a-20d9e780c81c,libs/foundry/records/mining/rockcompositionpresets/asteroid_itype.xml
Asteroid_IType,hud_mining_rock_name_Ice,1,1,220c2e18-9324-4528-b399-2f908488b204,Hephaestanite_Raw,Hephaestanite (Raw),30,60,0.5,1,1,f6d2e179-498b-43a1-855a-20d9e780c81c,libs/foundry/records/mining/rockcompositionpresets/asteroid_itype.xml
Asteroid_IType,hud_mining_rock_name_Ice,1,2,d61d6c33-e428-4014-9326-0b06034de16a,Agricium_Ore,Agricium (Ore),30,60,0.8,1,1,f6d2e179-498b-43a1-855a-20d9e780c81c,libs/foundry/records/mining/rockcompositionpresets/asteroid_itype.xml
Asteroid_IType,hud_mining_rock_name_Ice,1,3,07f6158a-6494-4b7c-9dd0-bbaab7362137,Borase_Ore,Borase (Ore),30,60,0.4,1,1,f6d2e179-498b-43a1-855a-20d9e780c81c,libs/foundry/records/mining/rockcompositionpresets/asteroid_itype.xml
Asteroid_IType,hud_mining_rock_name_Ice,1,4,f2f5bf2e-87f9-4f3d-bb59-b4e11eceeaad,Gold_Ore,Gold (Ore),20,50,0.1,1,1,f6d2e179-498b-43a1-855a-20d9e780c81c,libs/foundry/records/mining/rockcompositionpresets/asteroid_itype.xml
Asteroid_IType,hud_mining_rock_name_Ice,1,5,8893c670-f9f7-48df-a05b-e85764994256,Taranite_Raw,Taranite (Raw),20,50,0.3,1,1,f6d2e179-498b-43a1-855a-20d9e780c81c,libs/foundry/records/mining/rockcompositionpresets/asteroid_itype.xml
Asteroid_IType,hud_mining_rock_name_Ice,1,6,f48b147f-713e-481f-adf2-ff9869ac61bd,Bexalite_Raw,Bexalite (Raw),20,50,0.3,1,1,f6d2e179-498b-43a1-855a-20d9e780c81c,libs/foundry/records/mining/rockcompositionpresets/asteroid_itype.xml
Asteroid_IType,hud_mining_rock_name_Ice,1,7,9498a080-84c0-41f4-b88f-71942c60c43f,Sileron_Ore,Sileron (Ore),20,50,0.06,1,1,f6d2e179-498b-43a1-855a-20d9e780c81c,libs/foundry/records/mining/rockcompositionpresets/asteroid_itype.xml
Asteroid_IType,hud_mining_rock_name_Ice,1,8,905e9623-5e74-4a92-9cb1-72203ed8baad,Riccite_Ore,Riccite (Ore),20,50,0.07,1,1,f6d2e179-498b-43a1-855a-20d9e780c81c,libs/foundry/records/mining/rockcompositionpresets/asteroid_itype.xml
Asteroid_IType,hud_mining_rock_name_Ice,1,0,51745536-ff2b-4840-a6f8-b1ed498a77ff,Ice_Raw,Ice (Raw),30,70,1,1,1,f6d2e179-498b-43a1-855a-20d9e780c81c,libs/foundry/records/mining/rockcompositionpresets/asteroid_itype.xml
Asteroid_IType,hud_mining_rock_name_Ice,1,1,220c2e18-9324-4528-b399-2f908488b204,Hephaestanite_Raw,Hephaestanite (Raw),30,60,0.5,1,1,f6d2e179-498b-43a1-855a-20d9e780c81c,libs/foundry/records/mining/rockcompositionpresets/asteroid_itype.xml
Asteroid_IType,hud_mining_rock_name_Ice,1,2,d61d6c33-e428-4014-9326-0b06034de16a,Agricium_Ore,Agricium (Ore),30,60,0.8,1,1,f6d2e179-498b-43a1-855a-20d9e780c81c,libs/foundry/records/mining/rockcompositionpresets/asteroid_itype.xml
Asteroid_IType,hud_mining_rock_name_Ice,1,3,07f6158a-6494-4b7c-9dd0-bbaab7362137,Borase_Ore,Borase (Ore),30,60,0.4,1,1,f6d2e179-498b-43a1-855a-20d9e780c81c,libs/foundry/records/mining/rockcompositionpresets/asteroid_itype.xml
Asteroid_IType,hud_mining_rock_name_Ice,1,4,f2f5bf2e-87f9-4f3d-bb59-b4e11eceeaad,Gold_Ore,Gold (Ore),20,50,0.1,1,1,f6d2e179-498b-43a1-855a-20d9e780c81c,libs/foundry/records/mining/rockcompositionpresets/asteroid_itype.xml
Asteroid_IType,hud_mining_rock_name_Ice,1,5,8893c670-f9f7-48df-a05b-e85764994256,Taranite_Raw,Taranite (Raw),20,50,0.3,1,1,f6d2e179-498b-43a1-855a-20d9e780c81c,libs/foundry/records/mining/rockcompositionpresets/asteroid_itype.xml
Asteroid_IType,hud_mining_rock_name_Ice,1,6,f48b147f-713e-481f-adf2-ff9869ac61bd,Bexalite_Raw,Bexalite (Raw),20,50,0.3,1,1,f6d2e179-498b-43a1-855a-20d9e780c81c,libs/foundry/records/mining/rockcompositionpresets/asteroid_itype.xml
Asteroid_IType,hud_mining_rock_name_Ice,1,7,9498a080-84c0-41f4-b88f-71942c60c43f,Sileron_Ore,Sileron (Ore),20,50,0.06,1,1,f6d2e179-498b-43a1-855a-20d9e780c81c,libs/foundry/records/mining/rockcompositionpresets/asteroid_itype.xml
Asteroid_IType,hud_mining_rock_name_Ice,1,8,905e9623-5e74-4a92-9cb1-72203ed8baad,Riccite_Ore,Riccite (Ore),20,50,0.07,1,1,f6d2e179-498b-43a1-855a-20d9e780c81c,libs/foundry/records/mining/rockcompositionpresets/asteroid_itype.xml
Asteroid_MType_Aluminium,hud_mining_asteroid_name_2,2,0,3776294d-5689-41f2-b03d-e8fcd17ede6a,Aluminium_Ore,Aluminum (Ore),30,70,1,1,1,6b0907bb-aa5f-40c2-8409-e0002ff3dab4,libs/foundry/records/mining/rockcompositionpresets/asteroid_mtype_aluminium.xml
Asteroid_MType_Aluminium,hud_mining_asteroid_name_2,2,1,d61d6c33-e428-4014-9326-0b06034de16a,Agricium_Ore,Agricium (Ore),30,60,0.8,1,1,6b0907bb-aa5f-40c2-8409-e0002ff3dab4,libs/foundry/records/mining/rockcompositionpresets/asteroid_mtype_aluminium.xml
Asteroid_MType_Aluminium,hud_mining_asteroid_name_2,2,2,f2f5bf2e-87f9-4f3d-bb59-b4e11eceeaad,Gold_Ore,Gold (Ore),20,50,0.5,1,1,6b0907bb-aa5f-40c2-8409-e0002ff3dab4,libs/foundry/records/mining/rockcompositionpresets/asteroid_mtype_aluminium.xml
Asteroid_MType_Aluminium,hud_mining_asteroid_name_2,2,3,8893c670-f9f7-48df-a05b-e85764994256,Taranite_Raw,Taranite (Raw),20,50,0.1,1,1,6b0907bb-aa5f-40c2-8409-e0002ff3dab4,libs/foundry/records/mining/rockcompositionpresets/asteroid_mtype_aluminium.xml
Asteroid_MType_Aluminium,hud_mining_asteroid_name_2,2,4,f48b147f-713e-481f-adf2-ff9869ac61bd,Bexalite_Raw,Bexalite (Raw),20,50,0.1,1,1,6b0907bb-aa5f-40c2-8409-e0002ff3dab4,libs/foundry/records/mining/rockcompositionpresets/asteroid_mtype_aluminium.xml
Asteroid_MType_Aluminium,hud_mining_asteroid_name_2,2,5,fc62043c-3f29-4fff-b754-2301762723f7,Quantainium_Raw,Quantainium (Raw),20,50,0.05,1,1,6b0907bb-aa5f-40c2-8409-e0002ff3dab4,libs/foundry/records/mining/rockcompositionpresets/asteroid_mtype_aluminium.xml
Asteroid_MType_Aluminium,hud_mining_asteroid_name_2,2,0,3776294d-5689-41f2-b03d-e8fcd17ede6a,Aluminium_Ore,Aluminum (Ore),30,70,1,1,1,6b0907bb-aa5f-40c2-8409-e0002ff3dab4,libs/foundry/records/mining/rockcompositionpresets/asteroid_mtype_aluminium.xml
Asteroid_MType_Aluminium,hud_mining_asteroid_name_2,2,1,d61d6c33-e428-4014-9326-0b06034de16a,Agricium_Ore,Agricium (Ore),30,60,0.8,1,1,6b0907bb-aa5f-40c2-8409-e0002ff3dab4,libs/foundry/records/mining/rockcompositionpresets/asteroid_mtype_aluminium.xml
Asteroid_MType_Aluminium,hud_mining_asteroid_name_2,2,2,f2f5bf2e-87f9-4f3d-bb59-b4e11eceeaad,Gold_Ore,Gold (Ore),20,50,0.5,1,1,6b0907bb-aa5f-40c2-8409-e0002ff3dab4,libs/foundry/records/mining/rockcompositionpresets/asteroid_mtype_aluminium.xml
Asteroid_MType_Aluminium,hud_mining_asteroid_name_2,2,3,8893c670-f9f7-48df-a05b-e85764994256,Taranite_Raw,Taranite (Raw),20,50,0.1,1,1,6b0907bb-aa5f-40c2-8409-e0002ff3dab4,libs/foundry/records/mining/rockcompositionpresets/asteroid_mtype_aluminium.xml
Asteroid_MType_Aluminium,hud_mining_asteroid_name_2,2,4,f48b147f-713e-481f-adf2-ff9869ac61bd,Bexalite_Raw,Bexalite (Raw),20,50,0.1,1,1,6b0907bb-aa5f-40c2-8409-e0002ff3dab4,libs/foundry/records/mining/rockcompositionpresets/asteroid_mtype_aluminium.xml
Asteroid_MType_Aluminium,hud_mining_asteroid_name_2,2,5,fc62043c-3f29-4fff-b754-2301762723f7,Quantainium_Raw,Quantainium (Raw),20,50,0.05,1,1,6b0907bb-aa5f-40c2-8409-e0002ff3dab4,libs/foundry/records/mining/rockcompositionpresets/asteroid_mtype_aluminium.xml
Asteroid_MType_Copper,hud_mining_asteroid_name_2,2,0,ee12edc1-a2c3-4202-909d-9b729a050a3f,Copper_Ore,Copper (Ore),30,70,1,1,1,b062ba5e-aa30-4117-ac55-373c8a1feb37,libs/foundry/records/mining/rockcompositionpresets/asteroid_mtype_copper.xml
Asteroid_MType_Copper,hud_mining_asteroid_name_2,2,1,d61d6c33-e428-4014-9326-0b06034de16a,Agricium_Ore,Agricium (Ore),30,60,0.6,1,1,b062ba5e-aa30-4117-ac55-373c8a1feb37,libs/foundry/records/mining/rockcompositionpresets/asteroid_mtype_copper.xml
Asteroid_MType_Copper,hud_mining_asteroid_name_2,2,2,f2f5bf2e-87f9-4f3d-bb59-b4e11eceeaad,Gold_Ore,Gold (Ore),20,50,0.3,1,1,b062ba5e-aa30-4117-ac55-373c8a1feb37,libs/foundry/records/mining/rockcompositionpresets/asteroid_mtype_copper.xml
Asteroid_MType_Copper,hud_mining_asteroid_name_2,2,3,8893c670-f9f7-48df-a05b-e85764994256,Taranite_Raw,Taranite (Raw),20,50,0.03,1,1,b062ba5e-aa30-4117-ac55-373c8a1feb37,libs/foundry/records/mining/rockcompositionpresets/asteroid_mtype_copper.xml
Asteroid_MType_Copper,hud_mining_asteroid_name_2,2,4,f48b147f-713e-481f-adf2-ff9869ac61bd,Bexalite_Raw,Bexalite (Raw),20,50,0.03,1,1,b062ba5e-aa30-4117-ac55-373c8a1feb37,libs/foundry/records/mining/rockcompositionpresets/asteroid_mtype_copper.xml
Asteroid_MType_Copper,hud_mining_asteroid_name_2,2,5,fc62043c-3f29-4fff-b754-2301762723f7,Quantainium_Raw,Quantainium (Raw),20,50,0.02,1,1,b062ba5e-aa30-4117-ac55-373c8a1feb37,libs/foundry/records/mining/rockcompositionpresets/asteroid_mtype_copper.xml
Asteroid_MType_Copper,hud_mining_asteroid_name_2,2,0,ee12edc1-a2c3-4202-909d-9b729a050a3f,Copper_Ore,Copper (Ore),30,70,1,1,1,b062ba5e-aa30-4117-ac55-373c8a1feb37,libs/foundry/records/mining/rockcompositionpresets/asteroid_mtype_copper.xml
Asteroid_MType_Copper,hud_mining_asteroid_name_2,2,1,d61d6c33-e428-4014-9326-0b06034de16a,Agricium_Ore,Agricium (Ore),30,60,0.6,1,1,b062ba5e-aa30-4117-ac55-373c8a1feb37,libs/foundry/records/mining/rockcompositionpresets/asteroid_mtype_copper.xml
Asteroid_MType_Copper,hud_mining_asteroid_name_2,2,2,f2f5bf2e-87f9-4f3d-bb59-b4e11eceeaad,Gold_Ore,Gold (Ore),20,50,0.3,1,1,b062ba5e-aa30-4117-ac55-373c8a1feb37,libs/foundry/records/mining/rockcompositionpresets/asteroid_mtype_copper.xml
Asteroid_MType_Copper,hud_mining_asteroid_name_2,2,3,8893c670-f9f7-48df-a05b-e85764994256,Taranite_Raw,Taranite (Raw),20,50,0.03,1,1,b062ba5e-aa30-4117-ac55-373c8a1feb37,libs/foundry/records/mining/rockcompositionpresets/asteroid_mtype_copper.xml
Asteroid_MType_Copper,hud_mining_asteroid_name_2,2,4,f48b147f-713e-481f-adf2-ff9869ac61bd,Bexalite_Raw,Bexalite (Raw),20,50,0.03,1,1,b062ba5e-aa30-4117-ac55-373c8a1feb37,libs/foundry/records/mining/rockcompositionpresets/asteroid_mtype_copper.xml
Asteroid_MType_Copper,hud_mining_asteroid_name_2,2,5,fc62043c-3f29-4fff-b754-2301762723f7,Quantainium_Raw,Quantainium (Raw),20,50,0.02,1,1,b062ba5e-aa30-4117-ac55-373c8a1feb37,libs/foundry/records/mining/rockcompositionpresets/asteroid_mtype_copper.xml
Asteroid_MType_Corundum,hud_mining_asteroid_name_2,2,0,b471b96c-efbb-4342-90de-cfa087604d8e,Corundum_Raw,Corundum (Raw),30,70,1,1,1,b32e53a8-2c50-48b6-92b7-0b3c6624d1ab,libs/foundry/records/mining/rockcompositionpresets/asteroid_mtype_corundum.xml
Asteroid_MType_Corundum,hud_mining_asteroid_name_2,2,1,d61d6c33-e428-4014-9326-0b06034de16a,Agricium_Ore,Agricium (Ore),30,60,0.8,1,1,b32e53a8-2c50-48b6-92b7-0b3c6624d1ab,libs/foundry/records/mining/rockcompositionpresets/asteroid_mtype_corundum.xml
Asteroid_MType_Corundum,hud_mining_asteroid_name_2,2,2,f2f5bf2e-87f9-4f3d-bb59-b4e11eceeaad,Gold_Ore,Gold (Ore),20,50,0.5,1,1,b32e53a8-2c50-48b6-92b7-0b3c6624d1ab,libs/foundry/records/mining/rockcompositionpresets/asteroid_mtype_corundum.xml
Asteroid_MType_Corundum,hud_mining_asteroid_name_2,2,3,8893c670-f9f7-48df-a05b-e85764994256,Taranite_Raw,Taranite (Raw),20,50,0.1,1,1,b32e53a8-2c50-48b6-92b7-0b3c6624d1ab,libs/foundry/records/mining/rockcompositionpresets/asteroid_mtype_corundum.xml
Asteroid_MType_Corundum,hud_mining_asteroid_name_2,2,4,f48b147f-713e-481f-adf2-ff9869ac61bd,Bexalite_Raw,Bexalite (Raw),20,50,0.1,1,1,b32e53a8-2c50-48b6-92b7-0b3c6624d1ab,libs/foundry/records/mining/rockcompositionpresets/asteroid_mtype_corundum.xml
Asteroid_MType_Corundum,hud_mining_asteroid_name_2,2,5,fc62043c-3f29-4fff-b754-2301762723f7,Quantainium_Raw,Quantainium (Raw),20,50,0.07,1,1,b32e53a8-2c50-48b6-92b7-0b3c6624d1ab,libs/foundry/records/mining/rockcompositionpresets/asteroid_mtype_corundum.xml
Asteroid_MType_Corundum,hud_mining_asteroid_name_2,2,0,b471b96c-efbb-4342-90de-cfa087604d8e,Corundum_Raw,Corundum (Raw),30,70,1,1,1,b32e53a8-2c50-48b6-92b7-0b3c6624d1ab,libs/foundry/records/mining/rockcompositionpresets/asteroid_mtype_corundum.xml
Asteroid_MType_Corundum,hud_mining_asteroid_name_2,2,1,d61d6c33-e428-4014-9326-0b06034de16a,Agricium_Ore,Agricium (Ore),30,60,0.8,1,1,b32e53a8-2c50-48b6-92b7-0b3c6624d1ab,libs/foundry/records/mining/rockcompositionpresets/asteroid_mtype_corundum.xml
Asteroid_MType_Corundum,hud_mining_asteroid_name_2,2,2,f2f5bf2e-87f9-4f3d-bb59-b4e11eceeaad,Gold_Ore,Gold (Ore),20,50,0.5,1,1,b32e53a8-2c50-48b6-92b7-0b3c6624d1ab,libs/foundry/records/mining/rockcompositionpresets/asteroid_mtype_corundum.xml
Asteroid_MType_Corundum,hud_mining_asteroid_name_2,2,3,8893c670-f9f7-48df-a05b-e85764994256,Taranite_Raw,Taranite (Raw),20,50,0.1,1,1,b32e53a8-2c50-48b6-92b7-0b3c6624d1ab,libs/foundry/records/mining/rockcompositionpresets/asteroid_mtype_corundum.xml
Asteroid_MType_Corundum,hud_mining_asteroid_name_2,2,4,f48b147f-713e-481f-adf2-ff9869ac61bd,Bexalite_Raw,Bexalite (Raw),20,50,0.1,1,1,b32e53a8-2c50-48b6-92b7-0b3c6624d1ab,libs/foundry/records/mining/rockcompositionpresets/asteroid_mtype_corundum.xml
Asteroid_MType_Corundum,hud_mining_asteroid_name_2,2,5,fc62043c-3f29-4fff-b754-2301762723f7,Quantainium_Raw,Quantainium (Raw),20,50,0.07,1,1,b32e53a8-2c50-48b6-92b7-0b3c6624d1ab,libs/foundry/records/mining/rockcompositionpresets/asteroid_mtype_corundum.xml
Asteroid_MType_Iron,hud_mining_asteroid_name_2,2,0,05708bae-1cb1-4e63-bb95-ec7f4a3ef430,Iron_Ore,Iron (Ore),30,70,1,1,1,340e205e-fa34-4c3b-bfbe-a688fce05fa5,libs/foundry/records/mining/rockcompositionpresets/asteroid_mtype_iron.xml
Asteroid_MType_Iron,hud_mining_asteroid_name_2,2,1,d61d6c33-e428-4014-9326-0b06034de16a,Agricium_Ore,Agricium (Ore),30,60,0.8,1,1,340e205e-fa34-4c3b-bfbe-a688fce05fa5,libs/foundry/records/mining/rockcompositionpresets/asteroid_mtype_iron.xml
Asteroid_MType_Iron,hud_mining_asteroid_name_2,2,2,f2f5bf2e-87f9-4f3d-bb59-b4e11eceeaad,Gold_Ore,Gold (Ore),20,50,0.5,1,1,340e205e-fa34-4c3b-bfbe-a688fce05fa5,libs/foundry/records/mining/rockcompositionpresets/asteroid_mtype_iron.xml
Asteroid_MType_Iron,hud_mining_asteroid_name_2,2,3,8893c670-f9f7-48df-a05b-e85764994256,Taranite_Raw,Taranite (Raw),20,50,0.1,1,1,340e205e-fa34-4c3b-bfbe-a688fce05fa5,libs/foundry/records/mining/rockcompositionpresets/asteroid_mtype_iron.xml
Asteroid_MType_Iron,hud_mining_asteroid_name_2,2,4,f48b147f-713e-481f-adf2-ff9869ac61bd,Bexalite_Raw,Bexalite (Raw),20,50,0.1,1,1,340e205e-fa34-4c3b-bfbe-a688fce05fa5,libs/foundry/records/mining/rockcompositionpresets/asteroid_mtype_iron.xml
Asteroid_MType_Iron,hud_mining_asteroid_name_2,2,5,fc62043c-3f29-4fff-b754-2301762723f7,Quantainium_Raw,Quantainium (Raw),20,50,0.05,1,1,340e205e-fa34-4c3b-bfbe-a688fce05fa5,libs/foundry/records/mining/rockcompositionpresets/asteroid_mtype_iron.xml
Asteroid_MType_Iron,hud_mining_asteroid_name_2,2,0,05708bae-1cb1-4e63-bb95-ec7f4a3ef430,Iron_Ore,Iron (Ore),30,70,1,1,1,340e205e-fa34-4c3b-bfbe-a688fce05fa5,libs/foundry/records/mining/rockcompositionpresets/asteroid_mtype_iron.xml
Asteroid_MType_Iron,hud_mining_asteroid_name_2,2,1,d61d6c33-e428-4014-9326-0b06034de16a,Agricium_Ore,Agricium (Ore),30,60,0.8,1,1,340e205e-fa34-4c3b-bfbe-a688fce05fa5,libs/foundry/records/mining/rockcompositionpresets/asteroid_mtype_iron.xml
Asteroid_MType_Iron,hud_mining_asteroid_name_2,2,2,f2f5bf2e-87f9-4f3d-bb59-b4e11eceeaad,Gold_Ore,Gold (Ore),20,50,0.5,1,1,340e205e-fa34-4c3b-bfbe-a688fce05fa5,libs/foundry/records/mining/rockcompositionpresets/asteroid_mtype_iron.xml
Asteroid_MType_Iron,hud_mining_asteroid_name_2,2,3,8893c670-f9f7-48df-a05b-e85764994256,Taranite_Raw,Taranite (Raw),20,50,0.1,1,1,340e205e-fa34-4c3b-bfbe-a688fce05fa5,libs/foundry/records/mining/rockcompositionpresets/asteroid_mtype_iron.xml
Asteroid_MType_Iron,hud_mining_asteroid_name_2,2,4,f48b147f-713e-481f-adf2-ff9869ac61bd,Bexalite_Raw,Bexalite (Raw),20,50,0.1,1,1,340e205e-fa34-4c3b-bfbe-a688fce05fa5,libs/foundry/records/mining/rockcompositionpresets/asteroid_mtype_iron.xml
Asteroid_MType_Iron,hud_mining_asteroid_name_2,2,5,fc62043c-3f29-4fff-b754-2301762723f7,Quantainium_Raw,Quantainium (Raw),20,50,0.05,1,1,340e205e-fa34-4c3b-bfbe-a688fce05fa5,libs/foundry/records/mining/rockcompositionpresets/asteroid_mtype_iron.xml
Asteroid_MType_Quartz,hud_mining_asteroid_name_2,2,0,1d35c0bc-9142-42ff-8a83-0ec68d69a128,Quartz_Raw,Quartz (Raw),30,70,1,1,1,01e567b4-4fb1-42ab-a795-5a57381a7449,libs/foundry/records/mining/rockcompositionpresets/asteroid_mtype_quartz.xml
Asteroid_MType_Quartz,hud_mining_asteroid_name_2,2,1,d61d6c33-e428-4014-9326-0b06034de16a,Agricium_Ore,Agricium (Ore),30,60,0.8,1,1,01e567b4-4fb1-42ab-a795-5a57381a7449,libs/foundry/records/mining/rockcompositionpresets/asteroid_mtype_quartz.xml
Asteroid_MType_Quartz,hud_mining_asteroid_name_2,2,2,f2f5bf2e-87f9-4f3d-bb59-b4e11eceeaad,Gold_Ore,Gold (Ore),20,50,0.3,1,1,01e567b4-4fb1-42ab-a795-5a57381a7449,libs/foundry/records/mining/rockcompositionpresets/asteroid_mtype_quartz.xml
Asteroid_MType_Quartz,hud_mining_asteroid_name_2,2,3,8893c670-f9f7-48df-a05b-e85764994256,Taranite_Raw,Taranite (Raw),20,50,0.1,1,1,01e567b4-4fb1-42ab-a795-5a57381a7449,libs/foundry/records/mining/rockcompositionpresets/asteroid_mtype_quartz.xml
Asteroid_MType_Quartz,hud_mining_asteroid_name_2,2,4,f48b147f-713e-481f-adf2-ff9869ac61bd,Bexalite_Raw,Bexalite (Raw),20,50,0.1,1,1,01e567b4-4fb1-42ab-a795-5a57381a7449,libs/foundry/records/mining/rockcompositionpresets/asteroid_mtype_quartz.xml
Asteroid_MType_Quartz,hud_mining_asteroid_name_2,2,5,fc62043c-3f29-4fff-b754-2301762723f7,Quantainium_Raw,Quantainium (Raw),20,50,0.05,1,1,01e567b4-4fb1-42ab-a795-5a57381a7449,libs/foundry/records/mining/rockcompositionpresets/asteroid_mtype_quartz.xml
Asteroid_MType_Quartz,hud_mining_asteroid_name_2,2,0,1d35c0bc-9142-42ff-8a83-0ec68d69a128,Quartz_Raw,Quartz (Raw),30,70,1,1,1,01e567b4-4fb1-42ab-a795-5a57381a7449,libs/foundry/records/mining/rockcompositionpresets/asteroid_mtype_quartz.xml
Asteroid_MType_Quartz,hud_mining_asteroid_name_2,2,1,d61d6c33-e428-4014-9326-0b06034de16a,Agricium_Ore,Agricium (Ore),30,60,0.8,1,1,01e567b4-4fb1-42ab-a795-5a57381a7449,libs/foundry/records/mining/rockcompositionpresets/asteroid_mtype_quartz.xml
Asteroid_MType_Quartz,hud_mining_asteroid_name_2,2,2,f2f5bf2e-87f9-4f3d-bb59-b4e11eceeaad,Gold_Ore,Gold (Ore),20,50,0.3,1,1,01e567b4-4fb1-42ab-a795-5a57381a7449,libs/foundry/records/mining/rockcompositionpresets/asteroid_mtype_quartz.xml
Asteroid_MType_Quartz,hud_mining_asteroid_name_2,2,3,8893c670-f9f7-48df-a05b-e85764994256,Taranite_Raw,Taranite (Raw),20,50,0.1,1,1,01e567b4-4fb1-42ab-a795-5a57381a7449,libs/foundry/records/mining/rockcompositionpresets/asteroid_mtype_quartz.xml
Asteroid_MType_Quartz,hud_mining_asteroid_name_2,2,4,f48b147f-713e-481f-adf2-ff9869ac61bd,Bexalite_Raw,Bexalite (Raw),20,50,0.1,1,1,01e567b4-4fb1-42ab-a795-5a57381a7449,libs/foundry/records/mining/rockcompositionpresets/asteroid_mtype_quartz.xml
Asteroid_MType_Quartz,hud_mining_asteroid_name_2,2,5,fc62043c-3f29-4fff-b754-2301762723f7,Quantainium_Raw,Quantainium (Raw),20,50,0.05,1,1,01e567b4-4fb1-42ab-a795-5a57381a7449,libs/foundry/records/mining/rockcompositionpresets/asteroid_mtype_quartz.xml
Asteroid_MType_Savrilium,hud_mining_asteroid_name_2,2,0,d0b10af3-e0f3-4bc3-b2d9-737dbb7846cf,Torite_Ore,Torite (Ore),30,70,1,1,1,a5c46512-b028-4a6e-8c34-1af944c1d45d,libs/foundry/records/mining/rockcompositionpresets/asteroid_mtype_savrilium.xml
Asteroid_MType_Savrilium,hud_mining_asteroid_name_2,2,1,d61d6c33-e428-4014-9326-0b06034de16a,Agricium_Ore,Agricium (Ore),30,60,0.6,1,1,a5c46512-b028-4a6e-8c34-1af944c1d45d,libs/foundry/records/mining/rockcompositionpresets/asteroid_mtype_savrilium.xml
Asteroid_MType_Savrilium,hud_mining_asteroid_name_2,2,2,1ec31863-26a8-446e-9805-448bb50253ed,Lindinium_Ore,Lindinium (Ore),20,50,0.3,1,1,a5c46512-b028-4a6e-8c34-1af944c1d45d,libs/foundry/records/mining/rockcompositionpresets/asteroid_mtype_savrilium.xml
Asteroid_MType_Savrilium,hud_mining_asteroid_name_2,2,3,8893c670-f9f7-48df-a05b-e85764994256,Taranite_Raw,Taranite (Raw),20,50,0.07,1,1,a5c46512-b028-4a6e-8c34-1af944c1d45d,libs/foundry/records/mining/rockcompositionpresets/asteroid_mtype_savrilium.xml
Asteroid_MType_Savrilium,hud_mining_asteroid_name_2,2,4,f48b147f-713e-481f-adf2-ff9869ac61bd,Bexalite_Raw,Bexalite (Raw),20,50,0.07,1,1,a5c46512-b028-4a6e-8c34-1af944c1d45d,libs/foundry/records/mining/rockcompositionpresets/asteroid_mtype_savrilium.xml
Asteroid_MType_Savrilium,hud_mining_asteroid_name_2,2,5,6426f04e-2f7d-4c8e-a615-64aa582eaa31,Savrilium_Ore,Savrilium (Ore),20,50,0.02,1,1,a5c46512-b028-4a6e-8c34-1af944c1d45d,libs/foundry/records/mining/rockcompositionpresets/asteroid_mtype_savrilium.xml
Asteroid_MType_Savrilium,hud_mining_asteroid_name_2,2,0,d0b10af3-e0f3-4bc3-b2d9-737dbb7846cf,Torite_Ore,Torite (Ore),30,70,1,1,1,a5c46512-b028-4a6e-8c34-1af944c1d45d,libs/foundry/records/mining/rockcompositionpresets/asteroid_mtype_savrilium.xml
Asteroid_MType_Savrilium,hud_mining_asteroid_name_2,2,1,d61d6c33-e428-4014-9326-0b06034de16a,Agricium_Ore,Agricium (Ore),30,60,0.6,1,1,a5c46512-b028-4a6e-8c34-1af944c1d45d,libs/foundry/records/mining/rockcompositionpresets/asteroid_mtype_savrilium.xml
Asteroid_MType_Savrilium,hud_mining_asteroid_name_2,2,2,1ec31863-26a8-446e-9805-448bb50253ed,Lindinium_Ore,Lindinium (Ore),20,50,0.3,1,1,a5c46512-b028-4a6e-8c34-1af944c1d45d,libs/foundry/records/mining/rockcompositionpresets/asteroid_mtype_savrilium.xml
Asteroid_MType_Savrilium,hud_mining_asteroid_name_2,2,3,8893c670-f9f7-48df-a05b-e85764994256,Taranite_Raw,Taranite (Raw),20,50,0.07,1,1,a5c46512-b028-4a6e-8c34-1af944c1d45d,libs/foundry/records/mining/rockcompositionpresets/asteroid_mtype_savrilium.xml
Asteroid_MType_Savrilium,hud_mining_asteroid_name_2,2,4,f48b147f-713e-481f-adf2-ff9869ac61bd,Bexalite_Raw,Bexalite (Raw),20,50,0.07,1,1,a5c46512-b028-4a6e-8c34-1af944c1d45d,libs/foundry/records/mining/rockcompositionpresets/asteroid_mtype_savrilium.xml
Asteroid_MType_Savrilium,hud_mining_asteroid_name_2,2,5,6426f04e-2f7d-4c8e-a615-64aa582eaa31,Savrilium_Ore,Savrilium (Ore),20,50,0.02,1,1,a5c46512-b028-4a6e-8c34-1af944c1d45d,libs/foundry/records/mining/rockcompositionpresets/asteroid_mtype_savrilium.xml
Asteroid_MType_Silicon,hud_mining_asteroid_name_2,2,0,219e8523-b953-4517-812a-0fb2eb023209,Silicon_Raw,Silicon (Raw),30,70,1,1,1,88c76eec-ab66-433e-9fea-b6710baa2b92,libs/foundry/records/mining/rockcompositionpresets/asteroid_mtype_silicon.xml
Asteroid_MType_Silicon,hud_mining_asteroid_name_2,2,1,d61d6c33-e428-4014-9326-0b06034de16a,Agricium_Ore,Agricium (Ore),30,60,0.8,1,1,88c76eec-ab66-433e-9fea-b6710baa2b92,libs/foundry/records/mining/rockcompositionpresets/asteroid_mtype_silicon.xml
Asteroid_MType_Silicon,hud_mining_asteroid_name_2,2,2,f2f5bf2e-87f9-4f3d-bb59-b4e11eceeaad,Gold_Ore,Gold (Ore),20,50,0.3,1,1,88c76eec-ab66-433e-9fea-b6710baa2b92,libs/foundry/records/mining/rockcompositionpresets/asteroid_mtype_silicon.xml
Asteroid_MType_Silicon,hud_mining_asteroid_name_2,2,3,8893c670-f9f7-48df-a05b-e85764994256,Taranite_Raw,Taranite (Raw),20,50,0.2,1,1,88c76eec-ab66-433e-9fea-b6710baa2b92,libs/foundry/records/mining/rockcompositionpresets/asteroid_mtype_silicon.xml
Asteroid_MType_Silicon,hud_mining_asteroid_name_2,2,4,f48b147f-713e-481f-adf2-ff9869ac61bd,Bexalite_Raw,Bexalite (Raw),20,50,0.1,1,1,88c76eec-ab66-433e-9fea-b6710baa2b92,libs/foundry/records/mining/rockcompositionpresets/asteroid_mtype_silicon.xml
Asteroid_MType_Silicon,hud_mining_asteroid_name_2,2,5,9498a080-84c0-41f4-b88f-71942c60c43f,Sileron_Ore,Sileron (Ore),20,50,0.07,1,1,88c76eec-ab66-433e-9fea-b6710baa2b92,libs/foundry/records/mining/rockcompositionpresets/asteroid_mtype_silicon.xml
Asteroid_MType_Silicon,hud_mining_asteroid_name_2,2,6,905e9623-5e74-4a92-9cb1-72203ed8baad,Riccite_Ore,Riccite (Ore),20,50,0.1,1,1,88c76eec-ab66-433e-9fea-b6710baa2b92,libs/foundry/records/mining/rockcompositionpresets/asteroid_mtype_silicon.xml
Asteroid_MType_Silicon,hud_mining_asteroid_name_2,2,0,219e8523-b953-4517-812a-0fb2eb023209,Silicon_Raw,Silicon (Raw),30,70,1,1,1,88c76eec-ab66-433e-9fea-b6710baa2b92,libs/foundry/records/mining/rockcompositionpresets/asteroid_mtype_silicon.xml
Asteroid_MType_Silicon,hud_mining_asteroid_name_2,2,1,d61d6c33-e428-4014-9326-0b06034de16a,Agricium_Ore,Agricium (Ore),30,60,0.8,1,1,88c76eec-ab66-433e-9fea-b6710baa2b92,libs/foundry/records/mining/rockcompositionpresets/asteroid_mtype_silicon.xml
Asteroid_MType_Silicon,hud_mining_asteroid_name_2,2,2,f2f5bf2e-87f9-4f3d-bb59-b4e11eceeaad,Gold_Ore,Gold (Ore),20,50,0.3,1,1,88c76eec-ab66-433e-9fea-b6710baa2b92,libs/foundry/records/mining/rockcompositionpresets/asteroid_mtype_silicon.xml
Asteroid_MType_Silicon,hud_mining_asteroid_name_2,2,3,8893c670-f9f7-48df-a05b-e85764994256,Taranite_Raw,Taranite (Raw),20,50,0.2,1,1,88c76eec-ab66-433e-9fea-b6710baa2b92,libs/foundry/records/mining/rockcompositionpresets/asteroid_mtype_silicon.xml
Asteroid_MType_Silicon,hud_mining_asteroid_name_2,2,4,f48b147f-713e-481f-adf2-ff9869ac61bd,Bexalite_Raw,Bexalite (Raw),20,50,0.1,1,1,88c76eec-ab66-433e-9fea-b6710baa2b92,libs/foundry/records/mining/rockcompositionpresets/asteroid_mtype_silicon.xml
Asteroid_MType_Silicon,hud_mining_asteroid_name_2,2,5,9498a080-84c0-41f4-b88f-71942c60c43f,Sileron_Ore,Sileron (Ore),20,50,0.07,1,1,88c76eec-ab66-433e-9fea-b6710baa2b92,libs/foundry/records/mining/rockcompositionpresets/asteroid_mtype_silicon.xml
Asteroid_MType_Silicon,hud_mining_asteroid_name_2,2,6,905e9623-5e74-4a92-9cb1-72203ed8baad,Riccite_Ore,Riccite (Ore),20,50,0.1,1,1,88c76eec-ab66-433e-9fea-b6710baa2b92,libs/foundry/records/mining/rockcompositionpresets/asteroid_mtype_silicon.xml
Asteroid_MType_test,hud_mining_asteroid_name_2,2,0,3abbac13-812b-4389-88f3-7a5e995cb7af,TestElement_Balance,Testelement Balance,30,70,1,1,1,82752c95-e474-479a-a12b-83878dc39705,libs/foundry/records/mining/rockcompositionpresets/asteroid_mtype_test.xml
Asteroid_MType_test,hud_mining_asteroid_name_2,2,0,3abbac13-812b-4389-88f3-7a5e995cb7af,TestElement_Balance,Testelement Balance,30,70,1,1,1,82752c95-e474-479a-a12b-83878dc39705,libs/foundry/records/mining/rockcompositionpresets/asteroid_mtype_test.xml
Asteroid_MType_Tin,hud_mining_asteroid_name_2,2,0,16b426e2-7ce1-4fb4-8b34-4d8617dd6a97,Tin_Ore,Tin (Ore),30,70,1,1,1,d4bd22c4-4e25-4bf2-9a34-dbee8faef4ae,libs/foundry/records/mining/rockcompositionpresets/asteroid_mtype_tin.xml
Asteroid_MType_Tin,hud_mining_asteroid_name_2,2,1,d61d6c33-e428-4014-9326-0b06034de16a,Agricium_Ore,Agricium (Ore),30,60,0.8,1,1,d4bd22c4-4e25-4bf2-9a34-dbee8faef4ae,libs/foundry/records/mining/rockcompositionpresets/asteroid_mtype_tin.xml
Asteroid_MType_Tin,hud_mining_asteroid_name_2,2,2,f2f5bf2e-87f9-4f3d-bb59-b4e11eceeaad,Gold_Ore,Gold (Ore),20,50,0.3,1,1,d4bd22c4-4e25-4bf2-9a34-dbee8faef4ae,libs/foundry/records/mining/rockcompositionpresets/asteroid_mtype_tin.xml
Asteroid_MType_Tin,hud_mining_asteroid_name_2,2,3,8893c670-f9f7-48df-a05b-e85764994256,Taranite_Raw,Taranite (Raw),20,50,0.2,1,1,d4bd22c4-4e25-4bf2-9a34-dbee8faef4ae,libs/foundry/records/mining/rockcompositionpresets/asteroid_mtype_tin.xml
Asteroid_MType_Tin,hud_mining_asteroid_name_2,2,4,f48b147f-713e-481f-adf2-ff9869ac61bd,Bexalite_Raw,Bexalite (Raw),20,50,0.1,1,1,d4bd22c4-4e25-4bf2-9a34-dbee8faef4ae,libs/foundry/records/mining/rockcompositionpresets/asteroid_mtype_tin.xml
Asteroid_MType_Tin,hud_mining_asteroid_name_2,2,5,9498a080-84c0-41f4-b88f-71942c60c43f,Sileron_Ore,Sileron (Ore),20,50,0.07,1,1,d4bd22c4-4e25-4bf2-9a34-dbee8faef4ae,libs/foundry/records/mining/rockcompositionpresets/asteroid_mtype_tin.xml
Asteroid_MType_Tin,hud_mining_asteroid_name_2,2,6,905e9623-5e74-4a92-9cb1-72203ed8baad,Riccite_Ore,Riccite (Ore),20,50,0.1,1,1,d4bd22c4-4e25-4bf2-9a34-dbee8faef4ae,libs/foundry/records/mining/rockcompositionpresets/asteroid_mtype_tin.xml
Asteroid_MType_Tin,hud_mining_asteroid_name_2,2,0,16b426e2-7ce1-4fb4-8b34-4d8617dd6a97,Tin_Ore,Tin (Ore),30,70,1,1,1,d4bd22c4-4e25-4bf2-9a34-dbee8faef4ae,libs/foundry/records/mining/rockcompositionpresets/asteroid_mtype_tin.xml
Asteroid_MType_Tin,hud_mining_asteroid_name_2,2,1,d61d6c33-e428-4014-9326-0b06034de16a,Agricium_Ore,Agricium (Ore),30,60,0.8,1,1,d4bd22c4-4e25-4bf2-9a34-dbee8faef4ae,libs/foundry/records/mining/rockcompositionpresets/asteroid_mtype_tin.xml
Asteroid_MType_Tin,hud_mining_asteroid_name_2,2,2,f2f5bf2e-87f9-4f3d-bb59-b4e11eceeaad,Gold_Ore,Gold (Ore),20,50,0.3,1,1,d4bd22c4-4e25-4bf2-9a34-dbee8faef4ae,libs/foundry/records/mining/rockcompositionpresets/asteroid_mtype_tin.xml
Asteroid_MType_Tin,hud_mining_asteroid_name_2,2,3,8893c670-f9f7-48df-a05b-e85764994256,Taranite_Raw,Taranite (Raw),20,50,0.2,1,1,d4bd22c4-4e25-4bf2-9a34-dbee8faef4ae,libs/foundry/records/mining/rockcompositionpresets/asteroid_mtype_tin.xml
Asteroid_MType_Tin,hud_mining_asteroid_name_2,2,4,f48b147f-713e-481f-adf2-ff9869ac61bd,Bexalite_Raw,Bexalite (Raw),20,50,0.1,1,1,d4bd22c4-4e25-4bf2-9a34-dbee8faef4ae,libs/foundry/records/mining/rockcompositionpresets/asteroid_mtype_tin.xml
Asteroid_MType_Tin,hud_mining_asteroid_name_2,2,5,9498a080-84c0-41f4-b88f-71942c60c43f,Sileron_Ore,Sileron (Ore),20,50,0.07,1,1,d4bd22c4-4e25-4bf2-9a34-dbee8faef4ae,libs/foundry/records/mining/rockcompositionpresets/asteroid_mtype_tin.xml
Asteroid_MType_Tin,hud_mining_asteroid_name_2,2,6,905e9623-5e74-4a92-9cb1-72203ed8baad,Riccite_Ore,Riccite (Ore),20,50,0.1,1,1,d4bd22c4-4e25-4bf2-9a34-dbee8faef4ae,libs/foundry/records/mining/rockcompositionpresets/asteroid_mtype_tin.xml
Asteroid_MType_Titanium,hud_mining_asteroid_name_2,2,0,7b9055e5-6d62-44dd-a725-a31d838301eb,Titanium_Ore,Titanium (Ore),30,70,1,1,1,2a22233c-5230-4c5d-8878-a07ca08e454a,libs/foundry/records/mining/rockcompositionpresets/asteroid_mtype_titanium.xml
Asteroid_MType_Titanium,hud_mining_asteroid_name_2,2,1,d61d6c33-e428-4014-9326-0b06034de16a,Agricium_Ore,Agricium (Ore),30,60,0.8,1,1,2a22233c-5230-4c5d-8878-a07ca08e454a,libs/foundry/records/mining/rockcompositionpresets/asteroid_mtype_titanium.xml
Asteroid_MType_Titanium,hud_mining_asteroid_name_2,2,2,f2f5bf2e-87f9-4f3d-bb59-b4e11eceeaad,Gold_Ore,Gold (Ore),20,50,0.5,1,1,2a22233c-5230-4c5d-8878-a07ca08e454a,libs/foundry/records/mining/rockcompositionpresets/asteroid_mtype_titanium.xml
Asteroid_MType_Titanium,hud_mining_asteroid_name_2,2,3,8893c670-f9f7-48df-a05b-e85764994256,Taranite_Raw,Taranite (Raw),20,50,0.2,1,1,2a22233c-5230-4c5d-8878-a07ca08e454a,libs/foundry/records/mining/rockcompositionpresets/asteroid_mtype_titanium.xml
Asteroid_MType_Titanium,hud_mining_asteroid_name_2,2,4,f48b147f-713e-481f-adf2-ff9869ac61bd,Bexalite_Raw,Bexalite (Raw),20,50,0.1,1,1,2a22233c-5230-4c5d-8878-a07ca08e454a,libs/foundry/records/mining/rockcompositionpresets/asteroid_mtype_titanium.xml
Asteroid_MType_Titanium,hud_mining_asteroid_name_2,2,5,fc62043c-3f29-4fff-b754-2301762723f7,Quantainium_Raw,Quantainium (Raw),20,50,0.05,1,1,2a22233c-5230-4c5d-8878-a07ca08e454a,libs/foundry/records/mining/rockcompositionpresets/asteroid_mtype_titanium.xml
Asteroid_MType_Titanium,hud_mining_asteroid_name_2,2,0,7b9055e5-6d62-44dd-a725-a31d838301eb,Titanium_Ore,Titanium (Ore),30,70,1,1,1,2a22233c-5230-4c5d-8878-a07ca08e454a,libs/foundry/records/mining/rockcompositionpresets/asteroid_mtype_titanium.xml
Asteroid_MType_Titanium,hud_mining_asteroid_name_2,2,1,d61d6c33-e428-4014-9326-0b06034de16a,Agricium_Ore,Agricium (Ore),30,60,0.8,1,1,2a22233c-5230-4c5d-8878-a07ca08e454a,libs/foundry/records/mining/rockcompositionpresets/asteroid_mtype_titanium.xml
Asteroid_MType_Titanium,hud_mining_asteroid_name_2,2,2,f2f5bf2e-87f9-4f3d-bb59-b4e11eceeaad,Gold_Ore,Gold (Ore),20,50,0.5,1,1,2a22233c-5230-4c5d-8878-a07ca08e454a,libs/foundry/records/mining/rockcompositionpresets/asteroid_mtype_titanium.xml
Asteroid_MType_Titanium,hud_mining_asteroid_name_2,2,3,8893c670-f9f7-48df-a05b-e85764994256,Taranite_Raw,Taranite (Raw),20,50,0.2,1,1,2a22233c-5230-4c5d-8878-a07ca08e454a,libs/foundry/records/mining/rockcompositionpresets/asteroid_mtype_titanium.xml
Asteroid_MType_Titanium,hud_mining_asteroid_name_2,2,4,f48b147f-713e-481f-adf2-ff9869ac61bd,Bexalite_Raw,Bexalite (Raw),20,50,0.1,1,1,2a22233c-5230-4c5d-8878-a07ca08e454a,libs/foundry/records/mining/rockcompositionpresets/asteroid_mtype_titanium.xml
Asteroid_MType_Titanium,hud_mining_asteroid_name_2,2,5,fc62043c-3f29-4fff-b754-2301762723f7,Quantainium_Raw,Quantainium (Raw),20,50,0.05,1,1,2a22233c-5230-4c5d-8878-a07ca08e454a,libs/foundry/records/mining/rockcompositionpresets/asteroid_mtype_titanium.xml
Asteroid_MType_Tungsten,hud_mining_asteroid_name_2,2,0,8f6a7e06-934d-4339-a0a2-75420b81369a,Tungsten_Ore,Tungsten (Ore),30,70,1,1,1,dae831ea-ef8d-41c4-9755-bff860d3848f,libs/foundry/records/mining/rockcompositionpresets/asteroid_mtype_tungsten.xml
Asteroid_MType_Tungsten,hud_mining_asteroid_name_2,2,1,d61d6c33-e428-4014-9326-0b06034de16a,Agricium_Ore,Agricium (Ore),30,60,0.8,1,1,dae831ea-ef8d-41c4-9755-bff860d3848f,libs/foundry/records/mining/rockcompositionpresets/asteroid_mtype_tungsten.xml
Asteroid_MType_Tungsten,hud_mining_asteroid_name_2,2,2,f2f5bf2e-87f9-4f3d-bb59-b4e11eceeaad,Gold_Ore,Gold (Ore),20,50,0.5,1,1,dae831ea-ef8d-41c4-9755-bff860d3848f,libs/foundry/records/mining/rockcompositionpresets/asteroid_mtype_tungsten.xml
Asteroid_MType_Tungsten,hud_mining_asteroid_name_2,2,3,8893c670-f9f7-48df-a05b-e85764994256,Taranite_Raw,Taranite (Raw),20,50,0.1,1,1,dae831ea-ef8d-41c4-9755-bff860d3848f,libs/foundry/records/mining/rockcompositionpresets/asteroid_mtype_tungsten.xml
Asteroid_MType_Tungsten,hud_mining_asteroid_name_2,2,4,f48b147f-713e-481f-adf2-ff9869ac61bd,Bexalite_Raw,Bexalite (Raw),20,50,0.1,1,1,dae831ea-ef8d-41c4-9755-bff860d3848f,libs/foundry/records/mining/rockcompositionpresets/asteroid_mtype_tungsten.xml
Asteroid_MType_Tungsten,hud_mining_asteroid_name_2,2,5,fc62043c-3f29-4fff-b754-2301762723f7,Quantainium_Raw,Quantainium (Raw),20,50,0.1,1,1,dae831ea-ef8d-41c4-9755-bff860d3848f,libs/foundry/records/mining/rockcompositionpresets/asteroid_mtype_tungsten.xml
Asteroid_MType_Tungsten,hud_mining_asteroid_name_2,2,0,8f6a7e06-934d-4339-a0a2-75420b81369a,Tungsten_Ore,Tungsten (Ore),30,70,1,1,1,dae831ea-ef8d-41c4-9755-bff860d3848f,libs/foundry/records/mining/rockcompositionpresets/asteroid_mtype_tungsten.xml
Asteroid_MType_Tungsten,hud_mining_asteroid_name_2,2,1,d61d6c33-e428-4014-9326-0b06034de16a,Agricium_Ore,Agricium (Ore),30,60,0.8,1,1,dae831ea-ef8d-41c4-9755-bff860d3848f,libs/foundry/records/mining/rockcompositionpresets/asteroid_mtype_tungsten.xml
Asteroid_MType_Tungsten,hud_mining_asteroid_name_2,2,2,f2f5bf2e-87f9-4f3d-bb59-b4e11eceeaad,Gold_Ore,Gold (Ore),20,50,0.5,1,1,dae831ea-ef8d-41c4-9755-bff860d3848f,libs/foundry/records/mining/rockcompositionpresets/asteroid_mtype_tungsten.xml
Asteroid_MType_Tungsten,hud_mining_asteroid_name_2,2,3,8893c670-f9f7-48df-a05b-e85764994256,Taranite_Raw,Taranite (Raw),20,50,0.1,1,1,dae831ea-ef8d-41c4-9755-bff860d3848f,libs/foundry/records/mining/rockcompositionpresets/asteroid_mtype_tungsten.xml
Asteroid_MType_Tungsten,hud_mining_asteroid_name_2,2,4,f48b147f-713e-481f-adf2-ff9869ac61bd,Bexalite_Raw,Bexalite (Raw),20,50,0.1,1,1,dae831ea-ef8d-41c4-9755-bff860d3848f,libs/foundry/records/mining/rockcompositionpresets/asteroid_mtype_tungsten.xml
Asteroid_MType_Tungsten,hud_mining_asteroid_name_2,2,5,fc62043c-3f29-4fff-b754-2301762723f7,Quantainium_Raw,Quantainium (Raw),20,50,0.1,1,1,dae831ea-ef8d-41c4-9755-bff860d3848f,libs/foundry/records/mining/rockcompositionpresets/asteroid_mtype_tungsten.xml
Asteroid_MType,hud_mining_asteroid_name_2,2,0,3776294d-5689-41f2-b03d-e8fcd17ede6a,Aluminium_Ore,Aluminum (Ore),30,70,1,1,1,ff5a5135-05f4-4982-8dc6-8977af1a8a6d,libs/foundry/records/mining/rockcompositionpresets/asteroid_mtype.xml
Asteroid_MType,hud_mining_asteroid_name_2,2,1,d61d6c33-e428-4014-9326-0b06034de16a,Agricium_Ore,Agricium (Ore),30,60,0.6,1,1,ff5a5135-05f4-4982-8dc6-8977af1a8a6d,libs/foundry/records/mining/rockcompositionpresets/asteroid_mtype.xml
Asteroid_MType,hud_mining_asteroid_name_2,2,2,f2f5bf2e-87f9-4f3d-bb59-b4e11eceeaad,Gold_Ore,Gold (Ore),20,50,0.3,1,1,ff5a5135-05f4-4982-8dc6-8977af1a8a6d,libs/foundry/records/mining/rockcompositionpresets/asteroid_mtype.xml
Asteroid_MType,hud_mining_asteroid_name_2,2,3,8893c670-f9f7-48df-a05b-e85764994256,Taranite_Raw,Taranite (Raw),20,50,0.07,1,1,ff5a5135-05f4-4982-8dc6-8977af1a8a6d,libs/foundry/records/mining/rockcompositionpresets/asteroid_mtype.xml
Asteroid_MType,hud_mining_asteroid_name_2,2,4,f48b147f-713e-481f-adf2-ff9869ac61bd,Bexalite_Raw,Bexalite (Raw),20,50,0.07,1,1,ff5a5135-05f4-4982-8dc6-8977af1a8a6d,libs/foundry/records/mining/rockcompositionpresets/asteroid_mtype.xml
Asteroid_MType,hud_mining_asteroid_name_2,2,5,fc62043c-3f29-4fff-b754-2301762723f7,Quantainium_Raw,Quantainium (Raw),20,50,0.02,1,1,ff5a5135-05f4-4982-8dc6-8977af1a8a6d,libs/foundry/records/mining/rockcompositionpresets/asteroid_mtype.xml
Asteroid_MType,hud_mining_asteroid_name_2,2,0,3776294d-5689-41f2-b03d-e8fcd17ede6a,Aluminium_Ore,Aluminum (Ore),30,70,1,1,1,ff5a5135-05f4-4982-8dc6-8977af1a8a6d,libs/foundry/records/mining/rockcompositionpresets/asteroid_mtype.xml
Asteroid_MType,hud_mining_asteroid_name_2,2,1,d61d6c33-e428-4014-9326-0b06034de16a,Agricium_Ore,Agricium (Ore),30,60,0.6,1,1,ff5a5135-05f4-4982-8dc6-8977af1a8a6d,libs/foundry/records/mining/rockcompositionpresets/asteroid_mtype.xml
Asteroid_MType,hud_mining_asteroid_name_2,2,2,f2f5bf2e-87f9-4f3d-bb59-b4e11eceeaad,Gold_Ore,Gold (Ore),20,50,0.3,1,1,ff5a5135-05f4-4982-8dc6-8977af1a8a6d,libs/foundry/records/mining/rockcompositionpresets/asteroid_mtype.xml
Asteroid_MType,hud_mining_asteroid_name_2,2,3,8893c670-f9f7-48df-a05b-e85764994256,Taranite_Raw,Taranite (Raw),20,50,0.07,1,1,ff5a5135-05f4-4982-8dc6-8977af1a8a6d,libs/foundry/records/mining/rockcompositionpresets/asteroid_mtype.xml
Asteroid_MType,hud_mining_asteroid_name_2,2,4,f48b147f-713e-481f-adf2-ff9869ac61bd,Bexalite_Raw,Bexalite (Raw),20,50,0.07,1,1,ff5a5135-05f4-4982-8dc6-8977af1a8a6d,libs/foundry/records/mining/rockcompositionpresets/asteroid_mtype.xml
Asteroid_MType,hud_mining_asteroid_name_2,2,5,fc62043c-3f29-4fff-b754-2301762723f7,Quantainium_Raw,Quantainium (Raw),20,50,0.02,1,1,ff5a5135-05f4-4982-8dc6-8977af1a8a6d,libs/foundry/records/mining/rockcompositionpresets/asteroid_mtype.xml
Asteroid_PType_Aluminium,hud_mining_asteroid_name_3,3,0,3776294d-5689-41f2-b03d-e8fcd17ede6a,Aluminium_Ore,Aluminum (Ore),30,70,1,1,1,69749cdd-126a-4776-9546-7963ab3bbcdd,libs/foundry/records/mining/rockcompositionpresets/asteroid_ptype_aluminium.xml
Asteroid_PType_Aluminium,hud_mining_asteroid_name_3,3,1,8375a8d8-1627-4d35-ae91-6f39b373c3ad,Laranite_Raw,Laranite (Raw),30,60,0.8,1,1,69749cdd-126a-4776-9546-7963ab3bbcdd,libs/foundry/records/mining/rockcompositionpresets/asteroid_ptype_aluminium.xml
Asteroid_PType_Aluminium,hud_mining_asteroid_name_3,3,2,f2f5bf2e-87f9-4f3d-bb59-b4e11eceeaad,Gold_Ore,Gold (Ore),20,50,0.1,1,1,69749cdd-126a-4776-9546-7963ab3bbcdd,libs/foundry/records/mining/rockcompositionpresets/asteroid_ptype_aluminium.xml
Asteroid_PType_Aluminium,hud_mining_asteroid_name_3,3,3,8893c670-f9f7-48df-a05b-e85764994256,Taranite_Raw,Taranite (Raw),20,50,0.5,1,1,69749cdd-126a-4776-9546-7963ab3bbcdd,libs/foundry/records/mining/rockcompositionpresets/asteroid_ptype_aluminium.xml
Asteroid_PType_Aluminium,hud_mining_asteroid_name_3,3,4,f48b147f-713e-481f-adf2-ff9869ac61bd,Bexalite_Raw,Bexalite (Raw),20,50,0.3,1,1,69749cdd-126a-4776-9546-7963ab3bbcdd,libs/foundry/records/mining/rockcompositionpresets/asteroid_ptype_aluminium.xml
Asteroid_PType_Aluminium,hud_mining_asteroid_name_3,3,5,fc62043c-3f29-4fff-b754-2301762723f7,Quantainium_Raw,Quantainium (Raw),20,50,0.06,1,1,69749cdd-126a-4776-9546-7963ab3bbcdd,libs/foundry/records/mining/rockcompositionpresets/asteroid_ptype_aluminium.xml
Asteroid_PType_Aluminium,hud_mining_asteroid_name_3,3,0,3776294d-5689-41f2-b03d-e8fcd17ede6a,Aluminium_Ore,Aluminum (Ore),30,70,1,1,1,69749cdd-126a-4776-9546-7963ab3bbcdd,libs/foundry/records/mining/rockcompositionpresets/asteroid_ptype_aluminium.xml
Asteroid_PType_Aluminium,hud_mining_asteroid_name_3,3,1,8375a8d8-1627-4d35-ae91-6f39b373c3ad,Laranite_Raw,Laranite (Raw),30,60,0.8,1,1,69749cdd-126a-4776-9546-7963ab3bbcdd,libs/foundry/records/mining/rockcompositionpresets/asteroid_ptype_aluminium.xml
Asteroid_PType_Aluminium,hud_mining_asteroid_name_3,3,2,f2f5bf2e-87f9-4f3d-bb59-b4e11eceeaad,Gold_Ore,Gold (Ore),20,50,0.1,1,1,69749cdd-126a-4776-9546-7963ab3bbcdd,libs/foundry/records/mining/rockcompositionpresets/asteroid_ptype_aluminium.xml
Asteroid_PType_Aluminium,hud_mining_asteroid_name_3,3,3,8893c670-f9f7-48df-a05b-e85764994256,Taranite_Raw,Taranite (Raw),20,50,0.5,1,1,69749cdd-126a-4776-9546-7963ab3bbcdd,libs/foundry/records/mining/rockcompositionpresets/asteroid_ptype_aluminium.xml
Asteroid_PType_Aluminium,hud_mining_asteroid_name_3,3,4,f48b147f-713e-481f-adf2-ff9869ac61bd,Bexalite_Raw,Bexalite (Raw),20,50,0.3,1,1,69749cdd-126a-4776-9546-7963ab3bbcdd,libs/foundry/records/mining/rockcompositionpresets/asteroid_ptype_aluminium.xml
Asteroid_PType_Aluminium,hud_mining_asteroid_name_3,3,5,fc62043c-3f29-4fff-b754-2301762723f7,Quantainium_Raw,Quantainium (Raw),20,50,0.06,1,1,69749cdd-126a-4776-9546-7963ab3bbcdd,libs/foundry/records/mining/rockcompositionpresets/asteroid_ptype_aluminium.xml
Asteroid_PType_Copper,hud_mining_asteroid_name_3,3,0,ee12edc1-a2c3-4202-909d-9b729a050a3f,Copper_Ore,Copper (Ore),30,70,1,1,1,55475020-d023-4f2b-b074-f78f1b809fae,libs/foundry/records/mining/rockcompositionpresets/asteroid_ptype_copper.xml
Asteroid_PType_Copper,hud_mining_asteroid_name_3,3,1,8375a8d8-1627-4d35-ae91-6f39b373c3ad,Laranite_Raw,Laranite (Raw),30,60,0.8,1,1,55475020-d023-4f2b-b074-f78f1b809fae,libs/foundry/records/mining/rockcompositionpresets/asteroid_ptype_copper.xml
Asteroid_PType_Copper,hud_mining_asteroid_name_3,3,2,f2f5bf2e-87f9-4f3d-bb59-b4e11eceeaad,Gold_Ore,Gold (Ore),20,50,0.1,1,1,55475020-d023-4f2b-b074-f78f1b809fae,libs/foundry/records/mining/rockcompositionpresets/asteroid_ptype_copper.xml
Asteroid_PType_Copper,hud_mining_asteroid_name_3,3,3,8893c670-f9f7-48df-a05b-e85764994256,Taranite_Raw,Taranite (Raw),20,50,0.5,1,1,55475020-d023-4f2b-b074-f78f1b809fae,libs/foundry/records/mining/rockcompositionpresets/asteroid_ptype_copper.xml
Asteroid_PType_Copper,hud_mining_asteroid_name_3,3,4,f48b147f-713e-481f-adf2-ff9869ac61bd,Bexalite_Raw,Bexalite (Raw),20,50,0.3,1,1,55475020-d023-4f2b-b074-f78f1b809fae,libs/foundry/records/mining/rockcompositionpresets/asteroid_ptype_copper.xml
Asteroid_PType_Copper,hud_mining_asteroid_name_3,3,5,fc62043c-3f29-4fff-b754-2301762723f7,Quantainium_Raw,Quantainium (Raw),20,50,0.06,1,1,55475020-d023-4f2b-b074-f78f1b809fae,libs/foundry/records/mining/rockcompositionpresets/asteroid_ptype_copper.xml
Asteroid_PType_Copper,hud_mining_asteroid_name_3,3,0,ee12edc1-a2c3-4202-909d-9b729a050a3f,Copper_Ore,Copper (Ore),30,70,1,1,1,55475020-d023-4f2b-b074-f78f1b809fae,libs/foundry/records/mining/rockcompositionpresets/asteroid_ptype_copper.xml
Asteroid_PType_Copper,hud_mining_asteroid_name_3,3,1,8375a8d8-1627-4d35-ae91-6f39b373c3ad,Laranite_Raw,Laranite (Raw),30,60,0.8,1,1,55475020-d023-4f2b-b074-f78f1b809fae,libs/foundry/records/mining/rockcompositionpresets/asteroid_ptype_copper.xml
Asteroid_PType_Copper,hud_mining_asteroid_name_3,3,2,f2f5bf2e-87f9-4f3d-bb59-b4e11eceeaad,Gold_Ore,Gold (Ore),20,50,0.1,1,1,55475020-d023-4f2b-b074-f78f1b809fae,libs/foundry/records/mining/rockcompositionpresets/asteroid_ptype_copper.xml
Asteroid_PType_Copper,hud_mining_asteroid_name_3,3,3,8893c670-f9f7-48df-a05b-e85764994256,Taranite_Raw,Taranite (Raw),20,50,0.5,1,1,55475020-d023-4f2b-b074-f78f1b809fae,libs/foundry/records/mining/rockcompositionpresets/asteroid_ptype_copper.xml
Asteroid_PType_Copper,hud_mining_asteroid_name_3,3,4,f48b147f-713e-481f-adf2-ff9869ac61bd,Bexalite_Raw,Bexalite (Raw),20,50,0.3,1,1,55475020-d023-4f2b-b074-f78f1b809fae,libs/foundry/records/mining/rockcompositionpresets/asteroid_ptype_copper.xml
Asteroid_PType_Copper,hud_mining_asteroid_name_3,3,5,fc62043c-3f29-4fff-b754-2301762723f7,Quantainium_Raw,Quantainium (Raw),20,50,0.06,1,1,55475020-d023-4f2b-b074-f78f1b809fae,libs/foundry/records/mining/rockcompositionpresets/asteroid_ptype_copper.xml
Asteroid_PType_Corundum,hud_mining_asteroid_name_3,3,0,b471b96c-efbb-4342-90de-cfa087604d8e,Corundum_Raw,Corundum (Raw),30,70,1,1,1,00fefa0c-ee88-4884-8a4d-85dd166d10c9,libs/foundry/records/mining/rockcompositionpresets/asteroid_ptype_corundum.xml
Asteroid_PType_Corundum,hud_mining_asteroid_name_3,3,1,8375a8d8-1627-4d35-ae91-6f39b373c3ad,Laranite_Raw,Laranite (Raw),30,60,0.8,1,1,00fefa0c-ee88-4884-8a4d-85dd166d10c9,libs/foundry/records/mining/rockcompositionpresets/asteroid_ptype_corundum.xml
Asteroid_PType_Corundum,hud_mining_asteroid_name_3,3,2,f2f5bf2e-87f9-4f3d-bb59-b4e11eceeaad,Gold_Ore,Gold (Ore),20,50,0.1,1,1,00fefa0c-ee88-4884-8a4d-85dd166d10c9,libs/foundry/records/mining/rockcompositionpresets/asteroid_ptype_corundum.xml
Asteroid_PType_Corundum,hud_mining_asteroid_name_3,3,3,8893c670-f9f7-48df-a05b-e85764994256,Taranite_Raw,Taranite (Raw),20,50,0.5,1,1,00fefa0c-ee88-4884-8a4d-85dd166d10c9,libs/foundry/records/mining/rockcompositionpresets/asteroid_ptype_corundum.xml
Asteroid_PType_Corundum,hud_mining_asteroid_name_3,3,4,f48b147f-713e-481f-adf2-ff9869ac61bd,Bexalite_Raw,Bexalite (Raw),20,50,0.3,1,1,00fefa0c-ee88-4884-8a4d-85dd166d10c9,libs/foundry/records/mining/rockcompositionpresets/asteroid_ptype_corundum.xml
Asteroid_PType_Corundum,hud_mining_asteroid_name_3,3,5,fc62043c-3f29-4fff-b754-2301762723f7,Quantainium_Raw,Quantainium (Raw),20,50,0.06,1,1,00fefa0c-ee88-4884-8a4d-85dd166d10c9,libs/foundry/records/mining/rockcompositionpresets/asteroid_ptype_corundum.xml
Asteroid_PType_Corundum,hud_mining_asteroid_name_3,3,0,b471b96c-efbb-4342-90de-cfa087604d8e,Corundum_Raw,Corundum (Raw),30,70,1,1,1,00fefa0c-ee88-4884-8a4d-85dd166d10c9,libs/foundry/records/mining/rockcompositionpresets/asteroid_ptype_corundum.xml
Asteroid_PType_Corundum,hud_mining_asteroid_name_3,3,1,8375a8d8-1627-4d35-ae91-6f39b373c3ad,Laranite_Raw,Laranite (Raw),30,60,0.8,1,1,00fefa0c-ee88-4884-8a4d-85dd166d10c9,libs/foundry/records/mining/rockcompositionpresets/asteroid_ptype_corundum.xml
Asteroid_PType_Corundum,hud_mining_asteroid_name_3,3,2,f2f5bf2e-87f9-4f3d-bb59-b4e11eceeaad,Gold_Ore,Gold (Ore),20,50,0.1,1,1,00fefa0c-ee88-4884-8a4d-85dd166d10c9,libs/foundry/records/mining/rockcompositionpresets/asteroid_ptype_corundum.xml
Asteroid_PType_Corundum,hud_mining_asteroid_name_3,3,3,8893c670-f9f7-48df-a05b-e85764994256,Taranite_Raw,Taranite (Raw),20,50,0.5,1,1,00fefa0c-ee88-4884-8a4d-85dd166d10c9,libs/foundry/records/mining/rockcompositionpresets/asteroid_ptype_corundum.xml
Asteroid_PType_Corundum,hud_mining_asteroid_name_3,3,4,f48b147f-713e-481f-adf2-ff9869ac61bd,Bexalite_Raw,Bexalite (Raw),20,50,0.3,1,1,00fefa0c-ee88-4884-8a4d-85dd166d10c9,libs/foundry/records/mining/rockcompositionpresets/asteroid_ptype_corundum.xml
Asteroid_PType_Corundum,hud_mining_asteroid_name_3,3,5,fc62043c-3f29-4fff-b754-2301762723f7,Quantainium_Raw,Quantainium (Raw),20,50,0.06,1,1,00fefa0c-ee88-4884-8a4d-85dd166d10c9,libs/foundry/records/mining/rockcompositionpresets/asteroid_ptype_corundum.xml
Asteroid_PType_Iron,hud_mining_asteroid_name_3,3,0,05708bae-1cb1-4e63-bb95-ec7f4a3ef430,Iron_Ore,Iron (Ore),30,70,1,1,1,22f7f954-10d5-4fd8-b27f-083e665ac278,libs/foundry/records/mining/rockcompositionpresets/asteroid_ptype_iron.xml
Asteroid_PType_Iron,hud_mining_asteroid_name_3,3,1,8375a8d8-1627-4d35-ae91-6f39b373c3ad,Laranite_Raw,Laranite (Raw),30,60,0.5,1,1,22f7f954-10d5-4fd8-b27f-083e665ac278,libs/foundry/records/mining/rockcompositionpresets/asteroid_ptype_iron.xml
Asteroid_PType_Iron,hud_mining_asteroid_name_3,3,2,f2f5bf2e-87f9-4f3d-bb59-b4e11eceeaad,Gold_Ore,Gold (Ore),20,50,0.1,1,1,22f7f954-10d5-4fd8-b27f-083e665ac278,libs/foundry/records/mining/rockcompositionpresets/asteroid_ptype_iron.xml
Asteroid_PType_Iron,hud_mining_asteroid_name_3,3,3,8893c670-f9f7-48df-a05b-e85764994256,Taranite_Raw,Taranite (Raw),20,50,0.3,1,1,22f7f954-10d5-4fd8-b27f-083e665ac278,libs/foundry/records/mining/rockcompositionpresets/asteroid_ptype_iron.xml
Asteroid_PType_Iron,hud_mining_asteroid_name_3,3,4,f48b147f-713e-481f-adf2-ff9869ac61bd,Bexalite_Raw,Bexalite (Raw),20,50,0.5,1,1,22f7f954-10d5-4fd8-b27f-083e665ac278,libs/foundry/records/mining/rockcompositionpresets/asteroid_ptype_iron.xml
Asteroid_PType_Iron,hud_mining_asteroid_name_3,3,5,fc62043c-3f29-4fff-b754-2301762723f7,Quantainium_Raw,Quantainium (Raw),20,50,0.06,1,1,22f7f954-10d5-4fd8-b27f-083e665ac278,libs/foundry/records/mining/rockcompositionpresets/asteroid_ptype_iron.xml
Asteroid_PType_Iron,hud_mining_asteroid_name_3,3,0,05708bae-1cb1-4e63-bb95-ec7f4a3ef430,Iron_Ore,Iron (Ore),30,70,1,1,1,22f7f954-10d5-4fd8-b27f-083e665ac278,libs/foundry/records/mining/rockcompositionpresets/asteroid_ptype_iron.xml
Asteroid_PType_Iron,hud_mining_asteroid_name_3,3,1,8375a8d8-1627-4d35-ae91-6f39b373c3ad,Laranite_Raw,Laranite (Raw),30,60,0.5,1,1,22f7f954-10d5-4fd8-b27f-083e665ac278,libs/foundry/records/mining/rockcompositionpresets/asteroid_ptype_iron.xml
Asteroid_PType_Iron,hud_mining_asteroid_name_3,3,2,f2f5bf2e-87f9-4f3d-bb59-b4e11eceeaad,Gold_Ore,Gold (Ore),20,50,0.1,1,1,22f7f954-10d5-4fd8-b27f-083e665ac278,libs/foundry/records/mining/rockcompositionpresets/asteroid_ptype_iron.xml
Asteroid_PType_Iron,hud_mining_asteroid_name_3,3,3,8893c670-f9f7-48df-a05b-e85764994256,Taranite_Raw,Taranite (Raw),20,50,0.3,1,1,22f7f954-10d5-4fd8-b27f-083e665ac278,libs/foundry/records/mining/rockcompositionpresets/asteroid_ptype_iron.xml
Asteroid_PType_Iron,hud_mining_asteroid_name_3,3,4,f48b147f-713e-481f-adf2-ff9869ac61bd,Bexalite_Raw,Bexalite (Raw),20,50,0.5,1,1,22f7f954-10d5-4fd8-b27f-083e665ac278,libs/foundry/records/mining/rockcompositionpresets/asteroid_ptype_iron.xml
Asteroid_PType_Iron,hud_mining_asteroid_name_3,3,5,fc62043c-3f29-4fff-b754-2301762723f7,Quantainium_Raw,Quantainium (Raw),20,50,0.06,1,1,22f7f954-10d5-4fd8-b27f-083e665ac278,libs/foundry/records/mining/rockcompositionpresets/asteroid_ptype_iron.xml
Asteroid_PType_Quartz,hud_mining_asteroid_name_3,3,0,1d35c0bc-9142-42ff-8a83-0ec68d69a128,Quartz_Raw,Quartz (Raw),30,70,1,1,1,935b0bd3-c925-4d47-bbd0-a1a5a25ff6cf,libs/foundry/records/mining/rockcompositionpresets/asteroid_ptype_quartz.xml
Asteroid_PType_Quartz,hud_mining_asteroid_name_3,3,1,8375a8d8-1627-4d35-ae91-6f39b373c3ad,Laranite_Raw,Laranite (Raw),30,60,0.5,1,1,935b0bd3-c925-4d47-bbd0-a1a5a25ff6cf,libs/foundry/records/mining/rockcompositionpresets/asteroid_ptype_quartz.xml
Asteroid_PType_Quartz,hud_mining_asteroid_name_3,3,2,f2f5bf2e-87f9-4f3d-bb59-b4e11eceeaad,Gold_Ore,Gold (Ore),20,50,0.1,1,1,935b0bd3-c925-4d47-bbd0-a1a5a25ff6cf,libs/foundry/records/mining/rockcompositionpresets/asteroid_ptype_quartz.xml
Asteroid_PType_Quartz,hud_mining_asteroid_name_3,3,3,8893c670-f9f7-48df-a05b-e85764994256,Taranite_Raw,Taranite (Raw),20,50,0.3,1,1,935b0bd3-c925-4d47-bbd0-a1a5a25ff6cf,libs/foundry/records/mining/rockcompositionpresets/asteroid_ptype_quartz.xml
Asteroid_PType_Quartz,hud_mining_asteroid_name_3,3,4,f48b147f-713e-481f-adf2-ff9869ac61bd,Bexalite_Raw,Bexalite (Raw),20,50,0.3,1,1,935b0bd3-c925-4d47-bbd0-a1a5a25ff6cf,libs/foundry/records/mining/rockcompositionpresets/asteroid_ptype_quartz.xml
Asteroid_PType_Quartz,hud_mining_asteroid_name_3,3,5,fc62043c-3f29-4fff-b754-2301762723f7,Quantainium_Raw,Quantainium (Raw),20,50,0.12,1,1,935b0bd3-c925-4d47-bbd0-a1a5a25ff6cf,libs/foundry/records/mining/rockcompositionpresets/asteroid_ptype_quartz.xml
Asteroid_PType_Quartz,hud_mining_asteroid_name_3,3,0,1d35c0bc-9142-42ff-8a83-0ec68d69a128,Quartz_Raw,Quartz (Raw),30,70,1,1,1,935b0bd3-c925-4d47-bbd0-a1a5a25ff6cf,libs/foundry/records/mining/rockcompositionpresets/asteroid_ptype_quartz.xml
Asteroid_PType_Quartz,hud_mining_asteroid_name_3,3,1,8375a8d8-1627-4d35-ae91-6f39b373c3ad,Laranite_Raw,Laranite (Raw),30,60,0.5,1,1,935b0bd3-c925-4d47-bbd0-a1a5a25ff6cf,libs/foundry/records/mining/rockcompositionpresets/asteroid_ptype_quartz.xml
Asteroid_PType_Quartz,hud_mining_asteroid_name_3,3,2,f2f5bf2e-87f9-4f3d-bb59-b4e11eceeaad,Gold_Ore,Gold (Ore),20,50,0.1,1,1,935b0bd3-c925-4d47-bbd0-a1a5a25ff6cf,libs/foundry/records/mining/rockcompositionpresets/asteroid_ptype_quartz.xml
Asteroid_PType_Quartz,hud_mining_asteroid_name_3,3,3,8893c670-f9f7-48df-a05b-e85764994256,Taranite_Raw,Taranite (Raw),20,50,0.3,1,1,935b0bd3-c925-4d47-bbd0-a1a5a25ff6cf,libs/foundry/records/mining/rockcompositionpresets/asteroid_ptype_quartz.xml
Asteroid_PType_Quartz,hud_mining_asteroid_name_3,3,4,f48b147f-713e-481f-adf2-ff9869ac61bd,Bexalite_Raw,Bexalite (Raw),20,50,0.3,1,1,935b0bd3-c925-4d47-bbd0-a1a5a25ff6cf,libs/foundry/records/mining/rockcompositionpresets/asteroid_ptype_quartz.xml
Asteroid_PType_Quartz,hud_mining_asteroid_name_3,3,5,fc62043c-3f29-4fff-b754-2301762723f7,Quantainium_Raw,Quantainium (Raw),20,50,0.12,1,1,935b0bd3-c925-4d47-bbd0-a1a5a25ff6cf,libs/foundry/records/mining/rockcompositionpresets/asteroid_ptype_quartz.xml
Asteroid_PType_Silicon,hud_mining_asteroid_name_3,3,0,219e8523-b953-4517-812a-0fb2eb023209,Silicon_Raw,Silicon (Raw),30,70,1,1,1,24390db9-7be1-4a82-a2e5-54fa67c6126d,libs/foundry/records/mining/rockcompositionpresets/asteroid_ptype_silicon.xml
Asteroid_PType_Silicon,hud_mining_asteroid_name_3,3,1,8375a8d8-1627-4d35-ae91-6f39b373c3ad,Laranite_Raw,Laranite (Raw),30,60,0.5,1,1,24390db9-7be1-4a82-a2e5-54fa67c6126d,libs/foundry/records/mining/rockcompositionpresets/asteroid_ptype_silicon.xml
Asteroid_PType_Silicon,hud_mining_asteroid_name_3,3,2,f2f5bf2e-87f9-4f3d-bb59-b4e11eceeaad,Gold_Ore,Gold (Ore),20,50,0.1,1,1,24390db9-7be1-4a82-a2e5-54fa67c6126d,libs/foundry/records/mining/rockcompositionpresets/asteroid_ptype_silicon.xml
Asteroid_PType_Silicon,hud_mining_asteroid_name_3,3,3,8893c670-f9f7-48df-a05b-e85764994256,Taranite_Raw,Taranite (Raw),20,50,0.5,1,1,24390db9-7be1-4a82-a2e5-54fa67c6126d,libs/foundry/records/mining/rockcompositionpresets/asteroid_ptype_silicon.xml
Asteroid_PType_Silicon,hud_mining_asteroid_name_3,3,4,f48b147f-713e-481f-adf2-ff9869ac61bd,Bexalite_Raw,Bexalite (Raw),20,50,0.5,1,1,24390db9-7be1-4a82-a2e5-54fa67c6126d,libs/foundry/records/mining/rockcompositionpresets/asteroid_ptype_silicon.xml
Asteroid_PType_Silicon,hud_mining_asteroid_name_3,3,5,9498a080-84c0-41f4-b88f-71942c60c43f,Sileron_Ore,Sileron (Ore),20,50,0.06,1,1,24390db9-7be1-4a82-a2e5-54fa67c6126d,libs/foundry/records/mining/rockcompositionpresets/asteroid_ptype_silicon.xml
Asteroid_PType_Silicon,hud_mining_asteroid_name_3,3,6,905e9623-5e74-4a92-9cb1-72203ed8baad,Riccite_Ore,Riccite (Ore),20,50,0.06,1,1,24390db9-7be1-4a82-a2e5-54fa67c6126d,libs/foundry/records/mining/rockcompositionpresets/asteroid_ptype_silicon.xml
Asteroid_PType_Silicon,hud_mining_asteroid_name_3,3,0,219e8523-b953-4517-812a-0fb2eb023209,Silicon_Raw,Silicon (Raw),30,70,1,1,1,24390db9-7be1-4a82-a2e5-54fa67c6126d,libs/foundry/records/mining/rockcompositionpresets/asteroid_ptype_silicon.xml
Asteroid_PType_Silicon,hud_mining_asteroid_name_3,3,1,8375a8d8-1627-4d35-ae91-6f39b373c3ad,Laranite_Raw,Laranite (Raw),30,60,0.5,1,1,24390db9-7be1-4a82-a2e5-54fa67c6126d,libs/foundry/records/mining/rockcompositionpresets/asteroid_ptype_silicon.xml
Asteroid_PType_Silicon,hud_mining_asteroid_name_3,3,2,f2f5bf2e-87f9-4f3d-bb59-b4e11eceeaad,Gold_Ore,Gold (Ore),20,50,0.1,1,1,24390db9-7be1-4a82-a2e5-54fa67c6126d,libs/foundry/records/mining/rockcompositionpresets/asteroid_ptype_silicon.xml
Asteroid_PType_Silicon,hud_mining_asteroid_name_3,3,3,8893c670-f9f7-48df-a05b-e85764994256,Taranite_Raw,Taranite (Raw),20,50,0.5,1,1,24390db9-7be1-4a82-a2e5-54fa67c6126d,libs/foundry/records/mining/rockcompositionpresets/asteroid_ptype_silicon.xml
Asteroid_PType_Silicon,hud_mining_asteroid_name_3,3,4,f48b147f-713e-481f-adf2-ff9869ac61bd,Bexalite_Raw,Bexalite (Raw),20,50,0.5,1,1,24390db9-7be1-4a82-a2e5-54fa67c6126d,libs/foundry/records/mining/rockcompositionpresets/asteroid_ptype_silicon.xml
Asteroid_PType_Silicon,hud_mining_asteroid_name_3,3,5,9498a080-84c0-41f4-b88f-71942c60c43f,Sileron_Ore,Sileron (Ore),20,50,0.06,1,1,24390db9-7be1-4a82-a2e5-54fa67c6126d,libs/foundry/records/mining/rockcompositionpresets/asteroid_ptype_silicon.xml
Asteroid_PType_Silicon,hud_mining_asteroid_name_3,3,6,905e9623-5e74-4a92-9cb1-72203ed8baad,Riccite_Ore,Riccite (Ore),20,50,0.06,1,1,24390db9-7be1-4a82-a2e5-54fa67c6126d,libs/foundry/records/mining/rockcompositionpresets/asteroid_ptype_silicon.xml
Asteroid_PType_test,hud_mining_asteroid_name_3,3,0,3abbac13-812b-4389-88f3-7a5e995cb7af,TestElement_Balance,Testelement Balance,30,70,1,1,1,9ff7739f-ab4e-44c2-9ca2-5fa43d6bb0dd,libs/foundry/records/mining/rockcompositionpresets/asteroid_ptype_test.xml
Asteroid_PType_test,hud_mining_asteroid_name_3,3,0,3abbac13-812b-4389-88f3-7a5e995cb7af,TestElement_Balance,Testelement Balance,30,70,1,1,1,9ff7739f-ab4e-44c2-9ca2-5fa43d6bb0dd,libs/foundry/records/mining/rockcompositionpresets/asteroid_ptype_test.xml
Asteroid_PType_Tin,hud_mining_asteroid_name_3,3,0,16b426e2-7ce1-4fb4-8b34-4d8617dd6a97,Tin_Ore,Tin (Ore),30,70,1,1,1,a46a5fc3-a073-4d6e-9916-15be3271ee5f,libs/foundry/records/mining/rockcompositionpresets/asteroid_ptype_tin.xml
Asteroid_PType_Tin,hud_mining_asteroid_name_3,3,1,8375a8d8-1627-4d35-ae91-6f39b373c3ad,Laranite_Raw,Laranite (Raw),30,60,0.5,1,1,a46a5fc3-a073-4d6e-9916-15be3271ee5f,libs/foundry/records/mining/rockcompositionpresets/asteroid_ptype_tin.xml
Asteroid_PType_Tin,hud_mining_asteroid_name_3,3,2,f2f5bf2e-87f9-4f3d-bb59-b4e11eceeaad,Gold_Ore,Gold (Ore),20,50,0.1,1,1,a46a5fc3-a073-4d6e-9916-15be3271ee5f,libs/foundry/records/mining/rockcompositionpresets/asteroid_ptype_tin.xml
Asteroid_PType_Tin,hud_mining_asteroid_name_3,3,3,8893c670-f9f7-48df-a05b-e85764994256,Taranite_Raw,Taranite (Raw),20,50,0.5,1,1,a46a5fc3-a073-4d6e-9916-15be3271ee5f,libs/foundry/records/mining/rockcompositionpresets/asteroid_ptype_tin.xml
Asteroid_PType_Tin,hud_mining_asteroid_name_3,3,4,f48b147f-713e-481f-adf2-ff9869ac61bd,Bexalite_Raw,Bexalite (Raw),20,50,0.3,1,1,a46a5fc3-a073-4d6e-9916-15be3271ee5f,libs/foundry/records/mining/rockcompositionpresets/asteroid_ptype_tin.xml
Asteroid_PType_Tin,hud_mining_asteroid_name_3,3,5,9498a080-84c0-41f4-b88f-71942c60c43f,Sileron_Ore,Sileron (Ore),20,50,0.12,1,1,a46a5fc3-a073-4d6e-9916-15be3271ee5f,libs/foundry/records/mining/rockcompositionpresets/asteroid_ptype_tin.xml
Asteroid_PType_Tin,hud_mining_asteroid_name_3,3,6,905e9623-5e74-4a92-9cb1-72203ed8baad,Riccite_Ore,Riccite (Ore),20,50,0.12,1,1,a46a5fc3-a073-4d6e-9916-15be3271ee5f,libs/foundry/records/mining/rockcompositionpresets/asteroid_ptype_tin.xml
Asteroid_PType_Tin,hud_mining_asteroid_name_3,3,0,16b426e2-7ce1-4fb4-8b34-4d8617dd6a97,Tin_Ore,Tin (Ore),30,70,1,1,1,a46a5fc3-a073-4d6e-9916-15be3271ee5f,libs/foundry/records/mining/rockcompositionpresets/asteroid_ptype_tin.xml
Asteroid_PType_Tin,hud_mining_asteroid_name_3,3,1,8375a8d8-1627-4d35-ae91-6f39b373c3ad,Laranite_Raw,Laranite (Raw),30,60,0.5,1,1,a46a5fc3-a073-4d6e-9916-15be3271ee5f,libs/foundry/records/mining/rockcompositionpresets/asteroid_ptype_tin.xml
Asteroid_PType_Tin,hud_mining_asteroid_name_3,3,2,f2f5bf2e-87f9-4f3d-bb59-b4e11eceeaad,Gold_Ore,Gold (Ore),20,50,0.1,1,1,a46a5fc3-a073-4d6e-9916-15be3271ee5f,libs/foundry/records/mining/rockcompositionpresets/asteroid_ptype_tin.xml
Asteroid_PType_Tin,hud_mining_asteroid_name_3,3,3,8893c670-f9f7-48df-a05b-e85764994256,Taranite_Raw,Taranite (Raw),20,50,0.5,1,1,a46a5fc3-a073-4d6e-9916-15be3271ee5f,libs/foundry/records/mining/rockcompositionpresets/asteroid_ptype_tin.xml
Asteroid_PType_Tin,hud_mining_asteroid_name_3,3,4,f48b147f-713e-481f-adf2-ff9869ac61bd,Bexalite_Raw,Bexalite (Raw),20,50,0.3,1,1,a46a5fc3-a073-4d6e-9916-15be3271ee5f,libs/foundry/records/mining/rockcompositionpresets/asteroid_ptype_tin.xml
Asteroid_PType_Tin,hud_mining_asteroid_name_3,3,5,9498a080-84c0-41f4-b88f-71942c60c43f,Sileron_Ore,Sileron (Ore),20,50,0.12,1,1,a46a5fc3-a073-4d6e-9916-15be3271ee5f,libs/foundry/records/mining/rockcompositionpresets/asteroid_ptype_tin.xml
Asteroid_PType_Tin,hud_mining_asteroid_name_3,3,6,905e9623-5e74-4a92-9cb1-72203ed8baad,Riccite_Ore,Riccite (Ore),20,50,0.12,1,1,a46a5fc3-a073-4d6e-9916-15be3271ee5f,libs/foundry/records/mining/rockcompositionpresets/asteroid_ptype_tin.xml
Asteroid_PType_Titanium,hud_mining_asteroid_name_3,3,0,7b9055e5-6d62-44dd-a725-a31d838301eb,Titanium_Ore,Titanium (Ore),30,70,1,1,1,66499ada-8589-4ca5-9faa-ccfd29ae8fe3,libs/foundry/records/mining/rockcompositionpresets/asteroid_ptype_titanium.xml
Asteroid_PType_Titanium,hud_mining_asteroid_name_3,3,1,8375a8d8-1627-4d35-ae91-6f39b373c3ad,Laranite_Raw,Laranite (Raw),30,60,0.8,1,1,66499ada-8589-4ca5-9faa-ccfd29ae8fe3,libs/foundry/records/mining/rockcompositionpresets/asteroid_ptype_titanium.xml
Asteroid_PType_Titanium,hud_mining_asteroid_name_3,3,2,f2f5bf2e-87f9-4f3d-bb59-b4e11eceeaad,Gold_Ore,Gold (Ore),20,50,0.1,1,1,66499ada-8589-4ca5-9faa-ccfd29ae8fe3,libs/foundry/records/mining/rockcompositionpresets/asteroid_ptype_titanium.xml
Asteroid_PType_Titanium,hud_mining_asteroid_name_3,3,3,8893c670-f9f7-48df-a05b-e85764994256,Taranite_Raw,Taranite (Raw),20,50,0.1,1,1,66499ada-8589-4ca5-9faa-ccfd29ae8fe3,libs/foundry/records/mining/rockcompositionpresets/asteroid_ptype_titanium.xml
Asteroid_PType_Titanium,hud_mining_asteroid_name_3,3,4,f48b147f-713e-481f-adf2-ff9869ac61bd,Bexalite_Raw,Bexalite (Raw),20,50,0.5,1,1,66499ada-8589-4ca5-9faa-ccfd29ae8fe3,libs/foundry/records/mining/rockcompositionpresets/asteroid_ptype_titanium.xml
Asteroid_PType_Titanium,hud_mining_asteroid_name_3,3,5,fc62043c-3f29-4fff-b754-2301762723f7,Quantainium_Raw,Quantainium (Raw),20,50,0.06,1,1,66499ada-8589-4ca5-9faa-ccfd29ae8fe3,libs/foundry/records/mining/rockcompositionpresets/asteroid_ptype_titanium.xml
Asteroid_PType_Titanium,hud_mining_asteroid_name_3,3,0,7b9055e5-6d62-44dd-a725-a31d838301eb,Titanium_Ore,Titanium (Ore),30,70,1,1,1,66499ada-8589-4ca5-9faa-ccfd29ae8fe3,libs/foundry/records/mining/rockcompositionpresets/asteroid_ptype_titanium.xml
Asteroid_PType_Titanium,hud_mining_asteroid_name_3,3,1,8375a8d8-1627-4d35-ae91-6f39b373c3ad,Laranite_Raw,Laranite (Raw),30,60,0.8,1,1,66499ada-8589-4ca5-9faa-ccfd29ae8fe3,libs/foundry/records/mining/rockcompositionpresets/asteroid_ptype_titanium.xml
Asteroid_PType_Titanium,hud_mining_asteroid_name_3,3,2,f2f5bf2e-87f9-4f3d-bb59-b4e11eceeaad,Gold_Ore,Gold (Ore),20,50,0.1,1,1,66499ada-8589-4ca5-9faa-ccfd29ae8fe3,libs/foundry/records/mining/rockcompositionpresets/asteroid_ptype_titanium.xml
Asteroid_PType_Titanium,hud_mining_asteroid_name_3,3,3,8893c670-f9f7-48df-a05b-e85764994256,Taranite_Raw,Taranite (Raw),20,50,0.1,1,1,66499ada-8589-4ca5-9faa-ccfd29ae8fe3,libs/foundry/records/mining/rockcompositionpresets/asteroid_ptype_titanium.xml
Asteroid_PType_Titanium,hud_mining_asteroid_name_3,3,4,f48b147f-713e-481f-adf2-ff9869ac61bd,Bexalite_Raw,Bexalite (Raw),20,50,0.5,1,1,66499ada-8589-4ca5-9faa-ccfd29ae8fe3,libs/foundry/records/mining/rockcompositionpresets/asteroid_ptype_titanium.xml
Asteroid_PType_Titanium,hud_mining_asteroid_name_3,3,5,fc62043c-3f29-4fff-b754-2301762723f7,Quantainium_Raw,Quantainium (Raw),20,50,0.06,1,1,66499ada-8589-4ca5-9faa-ccfd29ae8fe3,libs/foundry/records/mining/rockcompositionpresets/asteroid_ptype_titanium.xml
Asteroid_PType_Tungsten,hud_mining_asteroid_name_3,3,0,8f6a7e06-934d-4339-a0a2-75420b81369a,Tungsten_Ore,Tungsten (Ore),30,70,1,1,1,ca5e1293-2a47-4cf4-93fd-0af1492731b9,libs/foundry/records/mining/rockcompositionpresets/asteroid_ptype_tungsten.xml
Asteroid_PType_Tungsten,hud_mining_asteroid_name_3,3,1,8375a8d8-1627-4d35-ae91-6f39b373c3ad,Laranite_Raw,Laranite (Raw),30,60,0.5,1,1,ca5e1293-2a47-4cf4-93fd-0af1492731b9,libs/foundry/records/mining/rockcompositionpresets/asteroid_ptype_tungsten.xml
Asteroid_PType_Tungsten,hud_mining_asteroid_name_3,3,2,f2f5bf2e-87f9-4f3d-bb59-b4e11eceeaad,Gold_Ore,Gold (Ore),20,50,0.1,1,1,ca5e1293-2a47-4cf4-93fd-0af1492731b9,libs/foundry/records/mining/rockcompositionpresets/asteroid_ptype_tungsten.xml
Asteroid_PType_Tungsten,hud_mining_asteroid_name_3,3,3,8893c670-f9f7-48df-a05b-e85764994256,Taranite_Raw,Taranite (Raw),20,50,0.5,1,1,ca5e1293-2a47-4cf4-93fd-0af1492731b9,libs/foundry/records/mining/rockcompositionpresets/asteroid_ptype_tungsten.xml
Asteroid_PType_Tungsten,hud_mining_asteroid_name_3,3,4,f48b147f-713e-481f-adf2-ff9869ac61bd,Bexalite_Raw,Bexalite (Raw),20,50,0.3,1,1,ca5e1293-2a47-4cf4-93fd-0af1492731b9,libs/foundry/records/mining/rockcompositionpresets/asteroid_ptype_tungsten.xml
Asteroid_PType_Tungsten,hud_mining_asteroid_name_3,3,5,fc62043c-3f29-4fff-b754-2301762723f7,Quantainium_Raw,Quantainium (Raw),20,50,0.12,1,1,ca5e1293-2a47-4cf4-93fd-0af1492731b9,libs/foundry/records/mining/rockcompositionpresets/asteroid_ptype_tungsten.xml
Asteroid_PType_Tungsten,hud_mining_asteroid_name_3,3,0,8f6a7e06-934d-4339-a0a2-75420b81369a,Tungsten_Ore,Tungsten (Ore),30,70,1,1,1,ca5e1293-2a47-4cf4-93fd-0af1492731b9,libs/foundry/records/mining/rockcompositionpresets/asteroid_ptype_tungsten.xml
Asteroid_PType_Tungsten,hud_mining_asteroid_name_3,3,1,8375a8d8-1627-4d35-ae91-6f39b373c3ad,Laranite_Raw,Laranite (Raw),30,60,0.5,1,1,ca5e1293-2a47-4cf4-93fd-0af1492731b9,libs/foundry/records/mining/rockcompositionpresets/asteroid_ptype_tungsten.xml
Asteroid_PType_Tungsten,hud_mining_asteroid_name_3,3,2,f2f5bf2e-87f9-4f3d-bb59-b4e11eceeaad,Gold_Ore,Gold (Ore),20,50,0.1,1,1,ca5e1293-2a47-4cf4-93fd-0af1492731b9,libs/foundry/records/mining/rockcompositionpresets/asteroid_ptype_tungsten.xml
Asteroid_PType_Tungsten,hud_mining_asteroid_name_3,3,3,8893c670-f9f7-48df-a05b-e85764994256,Taranite_Raw,Taranite (Raw),20,50,0.5,1,1,ca5e1293-2a47-4cf4-93fd-0af1492731b9,libs/foundry/records/mining/rockcompositionpresets/asteroid_ptype_tungsten.xml
Asteroid_PType_Tungsten,hud_mining_asteroid_name_3,3,4,f48b147f-713e-481f-adf2-ff9869ac61bd,Bexalite_Raw,Bexalite (Raw),20,50,0.3,1,1,ca5e1293-2a47-4cf4-93fd-0af1492731b9,libs/foundry/records/mining/rockcompositionpresets/asteroid_ptype_tungsten.xml
Asteroid_PType_Tungsten,hud_mining_asteroid_name_3,3,5,fc62043c-3f29-4fff-b754-2301762723f7,Quantainium_Raw,Quantainium (Raw),20,50,0.12,1,1,ca5e1293-2a47-4cf4-93fd-0af1492731b9,libs/foundry/records/mining/rockcompositionpresets/asteroid_ptype_tungsten.xml
Asteroid_PType,hud_mining_asteroid_name_3,3,0,3776294d-5689-41f2-b03d-e8fcd17ede6a,Aluminium_Ore,Aluminum (Ore),30,70,1,1,1,c2cbd838-85a6-4601-a3b1-2f37e6f0fb2f,libs/foundry/records/mining/rockcompositionpresets/asteroid_ptype.xml
Asteroid_PType,hud_mining_asteroid_name_3,3,1,8375a8d8-1627-4d35-ae91-6f39b373c3ad,Laranite_Raw,Laranite (Raw),30,60,0.6,1,1,c2cbd838-85a6-4601-a3b1-2f37e6f0fb2f,libs/foundry/records/mining/rockcompositionpresets/asteroid_ptype.xml
Asteroid_PType,hud_mining_asteroid_name_3,3,2,f2f5bf2e-87f9-4f3d-bb59-b4e11eceeaad,Gold_Ore,Gold (Ore),20,50,0.07,1,1,c2cbd838-85a6-4601-a3b1-2f37e6f0fb2f,libs/foundry/records/mining/rockcompositionpresets/asteroid_ptype.xml
Asteroid_PType,hud_mining_asteroid_name_3,3,3,8893c670-f9f7-48df-a05b-e85764994256,Taranite_Raw,Taranite (Raw),20,50,0.3,1,1,c2cbd838-85a6-4601-a3b1-2f37e6f0fb2f,libs/foundry/records/mining/rockcompositionpresets/asteroid_ptype.xml
Asteroid_PType,hud_mining_asteroid_name_3,3,4,f48b147f-713e-481f-adf2-ff9869ac61bd,Bexalite_Raw,Bexalite (Raw),20,50,0.3,1,1,c2cbd838-85a6-4601-a3b1-2f37e6f0fb2f,libs/foundry/records/mining/rockcompositionpresets/asteroid_ptype.xml
Asteroid_PType,hud_mining_asteroid_name_3,3,5,fc62043c-3f29-4fff-b754-2301762723f7,Quantainium_Raw,Quantainium (Raw),20,50,0.05,1,1,c2cbd838-85a6-4601-a3b1-2f37e6f0fb2f,libs/foundry/records/mining/rockcompositionpresets/asteroid_ptype.xml
Asteroid_PType,hud_mining_asteroid_name_3,3,0,3776294d-5689-41f2-b03d-e8fcd17ede6a,Aluminium_Ore,Aluminum (Ore),30,70,1,1,1,c2cbd838-85a6-4601-a3b1-2f37e6f0fb2f,libs/foundry/records/mining/rockcompositionpresets/asteroid_ptype.xml
Asteroid_PType,hud_mining_asteroid_name_3,3,1,8375a8d8-1627-4d35-ae91-6f39b373c3ad,Laranite_Raw,Laranite (Raw),30,60,0.6,1,1,c2cbd838-85a6-4601-a3b1-2f37e6f0fb2f,libs/foundry/records/mining/rockcompositionpresets/asteroid_ptype.xml
Asteroid_PType,hud_mining_asteroid_name_3,3,2,f2f5bf2e-87f9-4f3d-bb59-b4e11eceeaad,Gold_Ore,Gold (Ore),20,50,0.07,1,1,c2cbd838-85a6-4601-a3b1-2f37e6f0fb2f,libs/foundry/records/mining/rockcompositionpresets/asteroid_ptype.xml
Asteroid_PType,hud_mining_asteroid_name_3,3,3,8893c670-f9f7-48df-a05b-e85764994256,Taranite_Raw,Taranite (Raw),20,50,0.3,1,1,c2cbd838-85a6-4601-a3b1-2f37e6f0fb2f,libs/foundry/records/mining/rockcompositionpresets/asteroid_ptype.xml
Asteroid_PType,hud_mining_asteroid_name_3,3,4,f48b147f-713e-481f-adf2-ff9869ac61bd,Bexalite_Raw,Bexalite (Raw),20,50,0.3,1,1,c2cbd838-85a6-4601-a3b1-2f37e6f0fb2f,libs/foundry/records/mining/rockcompositionpresets/asteroid_ptype.xml
Asteroid_PType,hud_mining_asteroid_name_3,3,5,fc62043c-3f29-4fff-b754-2301762723f7,Quantainium_Raw,Quantainium (Raw),20,50,0.05,1,1,c2cbd838-85a6-4601-a3b1-2f37e6f0fb2f,libs/foundry/records/mining/rockcompositionpresets/asteroid_ptype.xml
Asteroid_QType_Aluminium,hud_mining_asteroid_name_4,3,0,3776294d-5689-41f2-b03d-e8fcd17ede6a,Aluminium_Ore,Aluminum (Ore),30,70,1,1,1,13bf70c3-062b-4a03-9148-26d03978db74,libs/foundry/records/mining/rockcompositionpresets/asteroid_qtype_aluminium.xml
Asteroid_QType_Aluminium,hud_mining_asteroid_name_4,3,1,8375a8d8-1627-4d35-ae91-6f39b373c3ad,Laranite_Raw,Laranite (Raw),30,60,0.4,1,1,13bf70c3-062b-4a03-9148-26d03978db74,libs/foundry/records/mining/rockcompositionpresets/asteroid_qtype_aluminium.xml
Asteroid_QType_Aluminium,hud_mining_asteroid_name_4,3,2,07f6158a-6494-4b7c-9dd0-bbaab7362137,Borase_Ore,Borase (Ore),30,60,0.6,1,1,13bf70c3-062b-4a03-9148-26d03978db74,libs/foundry/records/mining/rockcompositionpresets/asteroid_qtype_aluminium.xml
Asteroid_QType_Aluminium,hud_mining_asteroid_name_4,3,3,f2f5bf2e-87f9-4f3d-bb59-b4e11eceeaad,Gold_Ore,Gold (Ore),20,50,0.2,1,1,13bf70c3-062b-4a03-9148-26d03978db74,libs/foundry/records/mining/rockcompositionpresets/asteroid_qtype_aluminium.xml
Asteroid_QType_Aluminium,hud_mining_asteroid_name_4,3,4,8893c670-f9f7-48df-a05b-e85764994256,Taranite_Raw,Taranite (Raw),20,50,0.2,1,1,13bf70c3-062b-4a03-9148-26d03978db74,libs/foundry/records/mining/rockcompositionpresets/asteroid_qtype_aluminium.xml
Asteroid_QType_Aluminium,hud_mining_asteroid_name_4,3,5,f48b147f-713e-481f-adf2-ff9869ac61bd,Bexalite_Raw,Bexalite (Raw),20,50,0.2,1,1,13bf70c3-062b-4a03-9148-26d03978db74,libs/foundry/records/mining/rockcompositionpresets/asteroid_qtype_aluminium.xml
Asteroid_QType_Aluminium,hud_mining_asteroid_name_4,3,6,fc62043c-3f29-4fff-b754-2301762723f7,Quantainium_Raw,Quantainium (Raw),20,50,0.12,1,1,13bf70c3-062b-4a03-9148-26d03978db74,libs/foundry/records/mining/rockcompositionpresets/asteroid_qtype_aluminium.xml
Asteroid_QType_Aluminium,hud_mining_asteroid_name_4,3,0,3776294d-5689-41f2-b03d-e8fcd17ede6a,Aluminium_Ore,Aluminum (Ore),30,70,1,1,1,13bf70c3-062b-4a03-9148-26d03978db74,libs/foundry/records/mining/rockcompositionpresets/asteroid_qtype_aluminium.xml
Asteroid_QType_Aluminium,hud_mining_asteroid_name_4,3,1,8375a8d8-1627-4d35-ae91-6f39b373c3ad,Laranite_Raw,Laranite (Raw),30,60,0.4,1,1,13bf70c3-062b-4a03-9148-26d03978db74,libs/foundry/records/mining/rockcompositionpresets/asteroid_qtype_aluminium.xml
Asteroid_QType_Aluminium,hud_mining_asteroid_name_4,3,2,07f6158a-6494-4b7c-9dd0-bbaab7362137,Borase_Ore,Borase (Ore),30,60,0.6,1,1,13bf70c3-062b-4a03-9148-26d03978db74,libs/foundry/records/mining/rockcompositionpresets/asteroid_qtype_aluminium.xml
Asteroid_QType_Aluminium,hud_mining_asteroid_name_4,3,3,f2f5bf2e-87f9-4f3d-bb59-b4e11eceeaad,Gold_Ore,Gold (Ore),20,50,0.2,1,1,13bf70c3-062b-4a03-9148-26d03978db74,libs/foundry/records/mining/rockcompositionpresets/asteroid_qtype_aluminium.xml
Asteroid_QType_Aluminium,hud_mining_asteroid_name_4,3,4,8893c670-f9f7-48df-a05b-e85764994256,Taranite_Raw,Taranite (Raw),20,50,0.2,1,1,13bf70c3-062b-4a03-9148-26d03978db74,libs/foundry/records/mining/rockcompositionpresets/asteroid_qtype_aluminium.xml
Asteroid_QType_Aluminium,hud_mining_asteroid_name_4,3,5,f48b147f-713e-481f-adf2-ff9869ac61bd,Bexalite_Raw,Bexalite (Raw),20,50,0.2,1,1,13bf70c3-062b-4a03-9148-26d03978db74,libs/foundry/records/mining/rockcompositionpresets/asteroid_qtype_aluminium.xml
Asteroid_QType_Aluminium,hud_mining_asteroid_name_4,3,6,fc62043c-3f29-4fff-b754-2301762723f7,Quantainium_Raw,Quantainium (Raw),20,50,0.12,1,1,13bf70c3-062b-4a03-9148-26d03978db74,libs/foundry/records/mining/rockcompositionpresets/asteroid_qtype_aluminium.xml
Asteroid_QType_Copper,hud_mining_asteroid_name_4,3,0,ee12edc1-a2c3-4202-909d-9b729a050a3f,Copper_Ore,Copper (Ore),30,70,1,1,1,b0e82569-2255-4b4a-be6c-7c50b45c9416,libs/foundry/records/mining/rockcompositionpresets/asteroid_qtype_copper.xml
Asteroid_QType_Copper,hud_mining_asteroid_name_4,3,1,8375a8d8-1627-4d35-ae91-6f39b373c3ad,Laranite_Raw,Laranite (Raw),30,60,0.4,1,1,b0e82569-2255-4b4a-be6c-7c50b45c9416,libs/foundry/records/mining/rockcompositionpresets/asteroid_qtype_copper.xml
Asteroid_QType_Copper,hud_mining_asteroid_name_4,3,2,07f6158a-6494-4b7c-9dd0-bbaab7362137,Borase_Ore,Borase (Ore),30,60,0.6,1,1,b0e82569-2255-4b4a-be6c-7c50b45c9416,libs/foundry/records/mining/rockcompositionpresets/asteroid_qtype_copper.xml
Asteroid_QType_Copper,hud_mining_asteroid_name_4,3,3,f2f5bf2e-87f9-4f3d-bb59-b4e11eceeaad,Gold_Ore,Gold (Ore),20,50,0.2,1,1,b0e82569-2255-4b4a-be6c-7c50b45c9416,libs/foundry/records/mining/rockcompositionpresets/asteroid_qtype_copper.xml
Asteroid_QType_Copper,hud_mining_asteroid_name_4,3,4,8893c670-f9f7-48df-a05b-e85764994256,Taranite_Raw,Taranite (Raw),20,50,0.2,1,1,b0e82569-2255-4b4a-be6c-7c50b45c9416,libs/foundry/records/mining/rockcompositionpresets/asteroid_qtype_copper.xml
Asteroid_QType_Copper,hud_mining_asteroid_name_4,3,5,f48b147f-713e-481f-adf2-ff9869ac61bd,Bexalite_Raw,Bexalite (Raw),20,50,0.3,1,1,b0e82569-2255-4b4a-be6c-7c50b45c9416,libs/foundry/records/mining/rockcompositionpresets/asteroid_qtype_copper.xml
Asteroid_QType_Copper,hud_mining_asteroid_name_4,3,6,fc62043c-3f29-4fff-b754-2301762723f7,Quantainium_Raw,Quantainium (Raw),20,50,0.09,1,1,b0e82569-2255-4b4a-be6c-7c50b45c9416,libs/foundry/records/mining/rockcompositionpresets/asteroid_qtype_copper.xml
Asteroid_QType_Copper,hud_mining_asteroid_name_4,3,0,ee12edc1-a2c3-4202-909d-9b729a050a3f,Copper_Ore,Copper (Ore),30,70,1,1,1,b0e82569-2255-4b4a-be6c-7c50b45c9416,libs/foundry/records/mining/rockcompositionpresets/asteroid_qtype_copper.xml
Asteroid_QType_Copper,hud_mining_asteroid_name_4,3,1,8375a8d8-1627-4d35-ae91-6f39b373c3ad,Laranite_Raw,Laranite (Raw),30,60,0.4,1,1,b0e82569-2255-4b4a-be6c-7c50b45c9416,libs/foundry/records/mining/rockcompositionpresets/asteroid_qtype_copper.xml
Asteroid_QType_Copper,hud_mining_asteroid_name_4,3,2,07f6158a-6494-4b7c-9dd0-bbaab7362137,Borase_Ore,Borase (Ore),30,60,0.6,1,1,b0e82569-2255-4b4a-be6c-7c50b45c9416,libs/foundry/records/mining/rockcompositionpresets/asteroid_qtype_copper.xml
Asteroid_QType_Copper,hud_mining_asteroid_name_4,3,3,f2f5bf2e-87f9-4f3d-bb59-b4e11eceeaad,Gold_Ore,Gold (Ore),20,50,0.2,1,1,b0e82569-2255-4b4a-be6c-7c50b45c9416,libs/foundry/records/mining/rockcompositionpresets/asteroid_qtype_copper.xml
Asteroid_QType_Copper,hud_mining_asteroid_name_4,3,4,8893c670-f9f7-48df-a05b-e85764994256,Taranite_Raw,Taranite (Raw),20,50,0.2,1,1,b0e82569-2255-4b4a-be6c-7c50b45c9416,libs/foundry/records/mining/rockcompositionpresets/asteroid_qtype_copper.xml
Asteroid_QType_Copper,hud_mining_asteroid_name_4,3,5,f48b147f-713e-481f-adf2-ff9869ac61bd,Bexalite_Raw,Bexalite (Raw),20,50,0.3,1,1,b0e82569-2255-4b4a-be6c-7c50b45c9416,libs/foundry/records/mining/rockcompositionpresets/asteroid_qtype_copper.xml
Asteroid_QType_Copper,hud_mining_asteroid_name_4,3,6,fc62043c-3f29-4fff-b754-2301762723f7,Quantainium_Raw,Quantainium (Raw),20,50,0.09,1,1,b0e82569-2255-4b4a-be6c-7c50b45c9416,libs/foundry/records/mining/rockcompositionpresets/asteroid_qtype_copper.xml
Asteroid_QType_Corundum,hud_mining_asteroid_name_4,3,0,b471b96c-efbb-4342-90de-cfa087604d8e,Corundum_Raw,Corundum (Raw),30,70,1,1,1,16df88a3-38b9-41df-8c62-e50f1d712f7f,libs/foundry/records/mining/rockcompositionpresets/asteroid_qtype_corundum.xml
Asteroid_QType_Corundum,hud_mining_asteroid_name_4,3,1,8375a8d8-1627-4d35-ae91-6f39b373c3ad,Laranite_Raw,Laranite (Raw),30,60,0.4,1,1,16df88a3-38b9-41df-8c62-e50f1d712f7f,libs/foundry/records/mining/rockcompositionpresets/asteroid_qtype_corundum.xml
Asteroid_QType_Corundum,hud_mining_asteroid_name_4,3,2,07f6158a-6494-4b7c-9dd0-bbaab7362137,Borase_Ore,Borase (Ore),30,60,0.6,1,1,16df88a3-38b9-41df-8c62-e50f1d712f7f,libs/foundry/records/mining/rockcompositionpresets/asteroid_qtype_corundum.xml
Asteroid_QType_Corundum,hud_mining_asteroid_name_4,3,3,f2f5bf2e-87f9-4f3d-bb59-b4e11eceeaad,Gold_Ore,Gold (Ore),20,50,0.2,1,1,16df88a3-38b9-41df-8c62-e50f1d712f7f,libs/foundry/records/mining/rockcompositionpresets/asteroid_qtype_corundum.xml
Asteroid_QType_Corundum,hud_mining_asteroid_name_4,3,4,8893c670-f9f7-48df-a05b-e85764994256,Taranite_Raw,Taranite (Raw),20,50,0.2,1,1,16df88a3-38b9-41df-8c62-e50f1d712f7f,libs/foundry/records/mining/rockcompositionpresets/asteroid_qtype_corundum.xml
Asteroid_QType_Corundum,hud_mining_asteroid_name_4,3,5,f48b147f-713e-481f-adf2-ff9869ac61bd,Bexalite_Raw,Bexalite (Raw),20,50,0.3,1,1,16df88a3-38b9-41df-8c62-e50f1d712f7f,libs/foundry/records/mining/rockcompositionpresets/asteroid_qtype_corundum.xml
Asteroid_QType_Corundum,hud_mining_asteroid_name_4,3,6,fc62043c-3f29-4fff-b754-2301762723f7,Quantainium_Raw,Quantainium (Raw),20,50,0.09,1,1,16df88a3-38b9-41df-8c62-e50f1d712f7f,libs/foundry/records/mining/rockcompositionpresets/asteroid_qtype_corundum.xml
Asteroid_QType_Corundum,hud_mining_asteroid_name_4,3,0,b471b96c-efbb-4342-90de-cfa087604d8e,Corundum_Raw,Corundum (Raw),30,70,1,1,1,16df88a3-38b9-41df-8c62-e50f1d712f7f,libs/foundry/records/mining/rockcompositionpresets/asteroid_qtype_corundum.xml
Asteroid_QType_Corundum,hud_mining_asteroid_name_4,3,1,8375a8d8-1627-4d35-ae91-6f39b373c3ad,Laranite_Raw,Laranite (Raw),30,60,0.4,1,1,16df88a3-38b9-41df-8c62-e50f1d712f7f,libs/foundry/records/mining/rockcompositionpresets/asteroid_qtype_corundum.xml
Asteroid_QType_Corundum,hud_mining_asteroid_name_4,3,2,07f6158a-6494-4b7c-9dd0-bbaab7362137,Borase_Ore,Borase (Ore),30,60,0.6,1,1,16df88a3-38b9-41df-8c62-e50f1d712f7f,libs/foundry/records/mining/rockcompositionpresets/asteroid_qtype_corundum.xml
Asteroid_QType_Corundum,hud_mining_asteroid_name_4,3,3,f2f5bf2e-87f9-4f3d-bb59-b4e11eceeaad,Gold_Ore,Gold (Ore),20,50,0.2,1,1,16df88a3-38b9-41df-8c62-e50f1d712f7f,libs/foundry/records/mining/rockcompositionpresets/asteroid_qtype_corundum.xml
Asteroid_QType_Corundum,hud_mining_asteroid_name_4,3,4,8893c670-f9f7-48df-a05b-e85764994256,Taranite_Raw,Taranite (Raw),20,50,0.2,1,1,16df88a3-38b9-41df-8c62-e50f1d712f7f,libs/foundry/records/mining/rockcompositionpresets/asteroid_qtype_corundum.xml
Asteroid_QType_Corundum,hud_mining_asteroid_name_4,3,5,f48b147f-713e-481f-adf2-ff9869ac61bd,Bexalite_Raw,Bexalite (Raw),20,50,0.3,1,1,16df88a3-38b9-41df-8c62-e50f1d712f7f,libs/foundry/records/mining/rockcompositionpresets/asteroid_qtype_corundum.xml
Asteroid_QType_Corundum,hud_mining_asteroid_name_4,3,6,fc62043c-3f29-4fff-b754-2301762723f7,Quantainium_Raw,Quantainium (Raw),20,50,0.09,1,1,16df88a3-38b9-41df-8c62-e50f1d712f7f,libs/foundry/records/mining/rockcompositionpresets/asteroid_qtype_corundum.xml
Asteroid_QType_Iron,hud_mining_asteroid_name_4,3,0,05708bae-1cb1-4e63-bb95-ec7f4a3ef430,Iron_Ore,Iron (Ore),30,70,1,1,1,deb46765-9070-4122-a272-082bbcab84d4,libs/foundry/records/mining/rockcompositionpresets/asteroid_qtype_iron.xml
Asteroid_QType_Iron,hud_mining_asteroid_name_4,3,1,8375a8d8-1627-4d35-ae91-6f39b373c3ad,Laranite_Raw,Laranite (Raw),30,60,0.4,1,1,deb46765-9070-4122-a272-082bbcab84d4,libs/foundry/records/mining/rockcompositionpresets/asteroid_qtype_iron.xml
Asteroid_QType_Iron,hud_mining_asteroid_name_4,3,2,07f6158a-6494-4b7c-9dd0-bbaab7362137,Borase_Ore,Borase (Ore),30,60,0.4,1,1,deb46765-9070-4122-a272-082bbcab84d4,libs/foundry/records/mining/rockcompositionpresets/asteroid_qtype_iron.xml
Asteroid_QType_Iron,hud_mining_asteroid_name_4,3,3,f2f5bf2e-87f9-4f3d-bb59-b4e11eceeaad,Gold_Ore,Gold (Ore),20,50,0.3,1,1,deb46765-9070-4122-a272-082bbcab84d4,libs/foundry/records/mining/rockcompositionpresets/asteroid_qtype_iron.xml
Asteroid_QType_Iron,hud_mining_asteroid_name_4,3,4,8893c670-f9f7-48df-a05b-e85764994256,Taranite_Raw,Taranite (Raw),20,50,0.2,1,1,deb46765-9070-4122-a272-082bbcab84d4,libs/foundry/records/mining/rockcompositionpresets/asteroid_qtype_iron.xml
Asteroid_QType_Iron,hud_mining_asteroid_name_4,3,5,f48b147f-713e-481f-adf2-ff9869ac61bd,Bexalite_Raw,Bexalite (Raw),20,50,0.2,1,1,deb46765-9070-4122-a272-082bbcab84d4,libs/foundry/records/mining/rockcompositionpresets/asteroid_qtype_iron.xml
Asteroid_QType_Iron,hud_mining_asteroid_name_4,3,6,fc62043c-3f29-4fff-b754-2301762723f7,Quantainium_Raw,Quantainium (Raw),20,50,0.12,1,1,deb46765-9070-4122-a272-082bbcab84d4,libs/foundry/records/mining/rockcompositionpresets/asteroid_qtype_iron.xml
Asteroid_QType_Iron,hud_mining_asteroid_name_4,3,0,05708bae-1cb1-4e63-bb95-ec7f4a3ef430,Iron_Ore,Iron (Ore),30,70,1,1,1,deb46765-9070-4122-a272-082bbcab84d4,libs/foundry/records/mining/rockcompositionpresets/asteroid_qtype_iron.xml
Asteroid_QType_Iron,hud_mining_asteroid_name_4,3,1,8375a8d8-1627-4d35-ae91-6f39b373c3ad,Laranite_Raw,Laranite (Raw),30,60,0.4,1,1,deb46765-9070-4122-a272-082bbcab84d4,libs/foundry/records/mining/rockcompositionpresets/asteroid_qtype_iron.xml
Asteroid_QType_Iron,hud_mining_asteroid_name_4,3,2,07f6158a-6494-4b7c-9dd0-bbaab7362137,Borase_Ore,Borase (Ore),30,60,0.4,1,1,deb46765-9070-4122-a272-082bbcab84d4,libs/foundry/records/mining/rockcompositionpresets/asteroid_qtype_iron.xml
Asteroid_QType_Iron,hud_mining_asteroid_name_4,3,3,f2f5bf2e-87f9-4f3d-bb59-b4e11eceeaad,Gold_Ore,Gold (Ore),20,50,0.3,1,1,deb46765-9070-4122-a272-082bbcab84d4,libs/foundry/records/mining/rockcompositionpresets/asteroid_qtype_iron.xml
Asteroid_QType_Iron,hud_mining_asteroid_name_4,3,4,8893c670-f9f7-48df-a05b-e85764994256,Taranite_Raw,Taranite (Raw),20,50,0.2,1,1,deb46765-9070-4122-a272-082bbcab84d4,libs/foundry/records/mining/rockcompositionpresets/asteroid_qtype_iron.xml
Asteroid_QType_Iron,hud_mining_asteroid_name_4,3,5,f48b147f-713e-481f-adf2-ff9869ac61bd,Bexalite_Raw,Bexalite (Raw),20,50,0.2,1,1,deb46765-9070-4122-a272-082bbcab84d4,libs/foundry/records/mining/rockcompositionpresets/asteroid_qtype_iron.xml
Asteroid_QType_Iron,hud_mining_asteroid_name_4,3,6,fc62043c-3f29-4fff-b754-2301762723f7,Quantainium_Raw,Quantainium (Raw),20,50,0.12,1,1,deb46765-9070-4122-a272-082bbcab84d4,libs/foundry/records/mining/rockcompositionpresets/asteroid_qtype_iron.xml
Asteroid_QType_Quartz,hud_mining_asteroid_name_4,3,0,1d35c0bc-9142-42ff-8a83-0ec68d69a128,Quartz_Raw,Quartz (Raw),30,70,1,1,1,5d5c5ca2-a702-43fd-af61-30b9079a4574,libs/foundry/records/mining/rockcompositionpresets/asteroid_qtype_quartz.xml
Asteroid_QType_Quartz,hud_mining_asteroid_name_4,3,1,8375a8d8-1627-4d35-ae91-6f39b373c3ad,Laranite_Raw,Laranite (Raw),30,60,0.4,1,1,5d5c5ca2-a702-43fd-af61-30b9079a4574,libs/foundry/records/mining/rockcompositionpresets/asteroid_qtype_quartz.xml
Asteroid_QType_Quartz,hud_mining_asteroid_name_4,3,2,07f6158a-6494-4b7c-9dd0-bbaab7362137,Borase_Ore,Borase (Ore),30,60,0.6,1,1,5d5c5ca2-a702-43fd-af61-30b9079a4574,libs/foundry/records/mining/rockcompositionpresets/asteroid_qtype_quartz.xml
Asteroid_QType_Quartz,hud_mining_asteroid_name_4,3,3,f2f5bf2e-87f9-4f3d-bb59-b4e11eceeaad,Gold_Ore,Gold (Ore),20,50,0.2,1,1,5d5c5ca2-a702-43fd-af61-30b9079a4574,libs/foundry/records/mining/rockcompositionpresets/asteroid_qtype_quartz.xml
Asteroid_QType_Quartz,hud_mining_asteroid_name_4,3,4,8893c670-f9f7-48df-a05b-e85764994256,Taranite_Raw,Taranite (Raw),20,50,0.3,1,1,5d5c5ca2-a702-43fd-af61-30b9079a4574,libs/foundry/records/mining/rockcompositionpresets/asteroid_qtype_quartz.xml
Asteroid_QType_Quartz,hud_mining_asteroid_name_4,3,5,f48b147f-713e-481f-adf2-ff9869ac61bd,Bexalite_Raw,Bexalite (Raw),20,50,0.2,1,1,5d5c5ca2-a702-43fd-af61-30b9079a4574,libs/foundry/records/mining/rockcompositionpresets/asteroid_qtype_quartz.xml
Asteroid_QType_Quartz,hud_mining_asteroid_name_4,3,6,fc62043c-3f29-4fff-b754-2301762723f7,Quantainium_Raw,Quantainium (Raw),20,50,0.09,1,1,5d5c5ca2-a702-43fd-af61-30b9079a4574,libs/foundry/records/mining/rockcompositionpresets/asteroid_qtype_quartz.xml
Asteroid_QType_Quartz,hud_mining_asteroid_name_4,3,0,1d35c0bc-9142-42ff-8a83-0ec68d69a128,Quartz_Raw,Quartz (Raw),30,70,1,1,1,5d5c5ca2-a702-43fd-af61-30b9079a4574,libs/foundry/records/mining/rockcompositionpresets/asteroid_qtype_quartz.xml
Asteroid_QType_Quartz,hud_mining_asteroid_name_4,3,1,8375a8d8-1627-4d35-ae91-6f39b373c3ad,Laranite_Raw,Laranite (Raw),30,60,0.4,1,1,5d5c5ca2-a702-43fd-af61-30b9079a4574,libs/foundry/records/mining/rockcompositionpresets/asteroid_qtype_quartz.xml
Asteroid_QType_Quartz,hud_mining_asteroid_name_4,3,2,07f6158a-6494-4b7c-9dd0-bbaab7362137,Borase_Ore,Borase (Ore),30,60,0.6,1,1,5d5c5ca2-a702-43fd-af61-30b9079a4574,libs/foundry/records/mining/rockcompositionpresets/asteroid_qtype_quartz.xml
Asteroid_QType_Quartz,hud_mining_asteroid_name_4,3,3,f2f5bf2e-87f9-4f3d-bb59-b4e11eceeaad,Gold_Ore,Gold (Ore),20,50,0.2,1,1,5d5c5ca2-a702-43fd-af61-30b9079a4574,libs/foundry/records/mining/rockcompositionpresets/asteroid_qtype_quartz.xml
Asteroid_QType_Quartz,hud_mining_asteroid_name_4,3,4,8893c670-f9f7-48df-a05b-e85764994256,Taranite_Raw,Taranite (Raw),20,50,0.3,1,1,5d5c5ca2-a702-43fd-af61-30b9079a4574,libs/foundry/records/mining/rockcompositionpresets/asteroid_qtype_quartz.xml
Asteroid_QType_Quartz,hud_mining_asteroid_name_4,3,5,f48b147f-713e-481f-adf2-ff9869ac61bd,Bexalite_Raw,Bexalite (Raw),20,50,0.2,1,1,5d5c5ca2-a702-43fd-af61-30b9079a4574,libs/foundry/records/mining/rockcompositionpresets/asteroid_qtype_quartz.xml
Asteroid_QType_Quartz,hud_mining_asteroid_name_4,3,6,fc62043c-3f29-4fff-b754-2301762723f7,Quantainium_Raw,Quantainium (Raw),20,50,0.09,1,1,5d5c5ca2-a702-43fd-af61-30b9079a4574,libs/foundry/records/mining/rockcompositionpresets/asteroid_qtype_quartz.xml
Asteroid_QType_Silicon,hud_mining_asteroid_name_4,3,0,219e8523-b953-4517-812a-0fb2eb023209,Silicon_Raw,Silicon (Raw),30,70,1,1,1,957e399e-ca6c-48fd-882d-90bb431828f9,libs/foundry/records/mining/rockcompositionpresets/asteroid_qtype_silicon.xml
Asteroid_QType_Silicon,hud_mining_asteroid_name_4,3,1,8375a8d8-1627-4d35-ae91-6f39b373c3ad,Laranite_Raw,Laranite (Raw),30,60,0.4,1,1,957e399e-ca6c-48fd-882d-90bb431828f9,libs/foundry/records/mining/rockcompositionpresets/asteroid_qtype_silicon.xml
Asteroid_QType_Silicon,hud_mining_asteroid_name_4,3,2,07f6158a-6494-4b7c-9dd0-bbaab7362137,Borase_Ore,Borase (Ore),30,60,0.6,1,1,957e399e-ca6c-48fd-882d-90bb431828f9,libs/foundry/records/mining/rockcompositionpresets/asteroid_qtype_silicon.xml
Asteroid_QType_Silicon,hud_mining_asteroid_name_4,3,3,f2f5bf2e-87f9-4f3d-bb59-b4e11eceeaad,Gold_Ore,Gold (Ore),20,50,0.2,1,1,957e399e-ca6c-48fd-882d-90bb431828f9,libs/foundry/records/mining/rockcompositionpresets/asteroid_qtype_silicon.xml
Asteroid_QType_Silicon,hud_mining_asteroid_name_4,3,4,8893c670-f9f7-48df-a05b-e85764994256,Taranite_Raw,Taranite (Raw),20,50,0.2,1,1,957e399e-ca6c-48fd-882d-90bb431828f9,libs/foundry/records/mining/rockcompositionpresets/asteroid_qtype_silicon.xml
Asteroid_QType_Silicon,hud_mining_asteroid_name_4,3,5,f48b147f-713e-481f-adf2-ff9869ac61bd,Bexalite_Raw,Bexalite (Raw),20,50,0.3,1,1,957e399e-ca6c-48fd-882d-90bb431828f9,libs/foundry/records/mining/rockcompositionpresets/asteroid_qtype_silicon.xml
Asteroid_QType_Silicon,hud_mining_asteroid_name_4,3,6,9498a080-84c0-41f4-b88f-71942c60c43f,Sileron_Ore,Sileron (Ore),20,50,0.12,1,1,957e399e-ca6c-48fd-882d-90bb431828f9,libs/foundry/records/mining/rockcompositionpresets/asteroid_qtype_silicon.xml
Asteroid_QType_Silicon,hud_mining_asteroid_name_4,3,7,905e9623-5e74-4a92-9cb1-72203ed8baad,Riccite_Ore,Riccite (Ore),20,50,0.12,1,1,957e399e-ca6c-48fd-882d-90bb431828f9,libs/foundry/records/mining/rockcompositionpresets/asteroid_qtype_silicon.xml
Asteroid_QType_Silicon,hud_mining_asteroid_name_4,3,0,219e8523-b953-4517-812a-0fb2eb023209,Silicon_Raw,Silicon (Raw),30,70,1,1,1,957e399e-ca6c-48fd-882d-90bb431828f9,libs/foundry/records/mining/rockcompositionpresets/asteroid_qtype_silicon.xml
Asteroid_QType_Silicon,hud_mining_asteroid_name_4,3,1,8375a8d8-1627-4d35-ae91-6f39b373c3ad,Laranite_Raw,Laranite (Raw),30,60,0.4,1,1,957e399e-ca6c-48fd-882d-90bb431828f9,libs/foundry/records/mining/rockcompositionpresets/asteroid_qtype_silicon.xml
Asteroid_QType_Silicon,hud_mining_asteroid_name_4,3,2,07f6158a-6494-4b7c-9dd0-bbaab7362137,Borase_Ore,Borase (Ore),30,60,0.6,1,1,957e399e-ca6c-48fd-882d-90bb431828f9,libs/foundry/records/mining/rockcompositionpresets/asteroid_qtype_silicon.xml
Asteroid_QType_Silicon,hud_mining_asteroid_name_4,3,3,f2f5bf2e-87f9-4f3d-bb59-b4e11eceeaad,Gold_Ore,Gold (Ore),20,50,0.2,1,1,957e399e-ca6c-48fd-882d-90bb431828f9,libs/foundry/records/mining/rockcompositionpresets/asteroid_qtype_silicon.xml
Asteroid_QType_Silicon,hud_mining_asteroid_name_4,3,4,8893c670-f9f7-48df-a05b-e85764994256,Taranite_Raw,Taranite (Raw),20,50,0.2,1,1,957e399e-ca6c-48fd-882d-90bb431828f9,libs/foundry/records/mining/rockcompositionpresets/asteroid_qtype_silicon.xml
Asteroid_QType_Silicon,hud_mining_asteroid_name_4,3,5,f48b147f-713e-481f-adf2-ff9869ac61bd,Bexalite_Raw,Bexalite (Raw),20,50,0.3,1,1,957e399e-ca6c-48fd-882d-90bb431828f9,libs/foundry/records/mining/rockcompositionpresets/asteroid_qtype_silicon.xml
Asteroid_QType_Silicon,hud_mining_asteroid_name_4,3,6,9498a080-84c0-41f4-b88f-71942c60c43f,Sileron_Ore,Sileron (Ore),20,50,0.12,1,1,957e399e-ca6c-48fd-882d-90bb431828f9,libs/foundry/records/mining/rockcompositionpresets/asteroid_qtype_silicon.xml
Asteroid_QType_Silicon,hud_mining_asteroid_name_4,3,7,905e9623-5e74-4a92-9cb1-72203ed8baad,Riccite_Ore,Riccite (Ore),20,50,0.12,1,1,957e399e-ca6c-48fd-882d-90bb431828f9,libs/foundry/records/mining/rockcompositionpresets/asteroid_qtype_silicon.xml
Asteroid_QType_test,hud_mining_asteroid_name_4,3,0,3abbac13-812b-4389-88f3-7a5e995cb7af,TestElement_Balance,Testelement Balance,30,70,1,1,1,f7ed674a-2d3b-4029-bee7-aa3944f3ca1c,libs/foundry/records/mining/rockcompositionpresets/asteroid_qtype_test.xml
Asteroid_QType_test,hud_mining_asteroid_name_4,3,0,3abbac13-812b-4389-88f3-7a5e995cb7af,TestElement_Balance,Testelement Balance,30,70,1,1,1,f7ed674a-2d3b-4029-bee7-aa3944f3ca1c,libs/foundry/records/mining/rockcompositionpresets/asteroid_qtype_test.xml
Asteroid_QType_Tin,hud_mining_asteroid_name_4,3,0,16b426e2-7ce1-4fb4-8b34-4d8617dd6a97,Tin_Ore,Tin (Ore),30,70,1,1,1,50793a5d-6ab2-46ff-bbf1-323fbb6fbf9d,libs/foundry/records/mining/rockcompositionpresets/asteroid_qtype_tin.xml
Asteroid_QType_Tin,hud_mining_asteroid_name_4,3,1,8375a8d8-1627-4d35-ae91-6f39b373c3ad,Laranite_Raw,Laranite (Raw),30,60,0.4,1,1,50793a5d-6ab2-46ff-bbf1-323fbb6fbf9d,libs/foundry/records/mining/rockcompositionpresets/asteroid_qtype_tin.xml
Asteroid_QType_Tin,hud_mining_asteroid_name_4,3,2,07f6158a-6494-4b7c-9dd0-bbaab7362137,Borase_Ore,Borase (Ore),30,60,0.4,1,1,50793a5d-6ab2-46ff-bbf1-323fbb6fbf9d,libs/foundry/records/mining/rockcompositionpresets/asteroid_qtype_tin.xml
Asteroid_QType_Tin,hud_mining_asteroid_name_4,3,3,f2f5bf2e-87f9-4f3d-bb59-b4e11eceeaad,Gold_Ore,Gold (Ore),20,50,0.3,1,1,50793a5d-6ab2-46ff-bbf1-323fbb6fbf9d,libs/foundry/records/mining/rockcompositionpresets/asteroid_qtype_tin.xml
Asteroid_QType_Tin,hud_mining_asteroid_name_4,3,4,8893c670-f9f7-48df-a05b-e85764994256,Taranite_Raw,Taranite (Raw),20,50,0.3,1,1,50793a5d-6ab2-46ff-bbf1-323fbb6fbf9d,libs/foundry/records/mining/rockcompositionpresets/asteroid_qtype_tin.xml
Asteroid_QType_Tin,hud_mining_asteroid_name_4,3,5,f48b147f-713e-481f-adf2-ff9869ac61bd,Bexalite_Raw,Bexalite (Raw),20,50,0.3,1,1,50793a5d-6ab2-46ff-bbf1-323fbb6fbf9d,libs/foundry/records/mining/rockcompositionpresets/asteroid_qtype_tin.xml
Asteroid_QType_Tin,hud_mining_asteroid_name_4,3,6,9498a080-84c0-41f4-b88f-71942c60c43f,Sileron_Ore,Sileron (Ore),20,50,0.09,1,1,50793a5d-6ab2-46ff-bbf1-323fbb6fbf9d,libs/foundry/records/mining/rockcompositionpresets/asteroid_qtype_tin.xml
Asteroid_QType_Tin,hud_mining_asteroid_name_4,3,7,905e9623-5e74-4a92-9cb1-72203ed8baad,Riccite_Ore,Riccite (Ore),20,50,0.09,1,1,50793a5d-6ab2-46ff-bbf1-323fbb6fbf9d,libs/foundry/records/mining/rockcompositionpresets/asteroid_qtype_tin.xml
Asteroid_QType_Tin,hud_mining_asteroid_name_4,3,0,16b426e2-7ce1-4fb4-8b34-4d8617dd6a97,Tin_Ore,Tin (Ore),30,70,1,1,1,50793a5d-6ab2-46ff-bbf1-323fbb6fbf9d,libs/foundry/records/mining/rockcompositionpresets/asteroid_qtype_tin.xml
Asteroid_QType_Tin,hud_mining_asteroid_name_4,3,1,8375a8d8-1627-4d35-ae91-6f39b373c3ad,Laranite_Raw,Laranite (Raw),30,60,0.4,1,1,50793a5d-6ab2-46ff-bbf1-323fbb6fbf9d,libs/foundry/records/mining/rockcompositionpresets/asteroid_qtype_tin.xml
Asteroid_QType_Tin,hud_mining_asteroid_name_4,3,2,07f6158a-6494-4b7c-9dd0-bbaab7362137,Borase_Ore,Borase (Ore),30,60,0.4,1,1,50793a5d-6ab2-46ff-bbf1-323fbb6fbf9d,libs/foundry/records/mining/rockcompositionpresets/asteroid_qtype_tin.xml
Asteroid_QType_Tin,hud_mining_asteroid_name_4,3,3,f2f5bf2e-87f9-4f3d-bb59-b4e11eceeaad,Gold_Ore,Gold (Ore),20,50,0.3,1,1,50793a5d-6ab2-46ff-bbf1-323fbb6fbf9d,libs/foundry/records/mining/rockcompositionpresets/asteroid_qtype_tin.xml
Asteroid_QType_Tin,hud_mining_asteroid_name_4,3,4,8893c670-f9f7-48df-a05b-e85764994256,Taranite_Raw,Taranite (Raw),20,50,0.3,1,1,50793a5d-6ab2-46ff-bbf1-323fbb6fbf9d,libs/foundry/records/mining/rockcompositionpresets/asteroid_qtype_tin.xml
Asteroid_QType_Tin,hud_mining_asteroid_name_4,3,5,f48b147f-713e-481f-adf2-ff9869ac61bd,Bexalite_Raw,Bexalite (Raw),20,50,0.3,1,1,50793a5d-6ab2-46ff-bbf1-323fbb6fbf9d,libs/foundry/records/mining/rockcompositionpresets/asteroid_qtype_tin.xml
Asteroid_QType_Tin,hud_mining_asteroid_name_4,3,6,9498a080-84c0-41f4-b88f-71942c60c43f,Sileron_Ore,Sileron (Ore),20,50,0.09,1,1,50793a5d-6ab2-46ff-bbf1-323fbb6fbf9d,libs/foundry/records/mining/rockcompositionpresets/asteroid_qtype_tin.xml
Asteroid_QType_Tin,hud_mining_asteroid_name_4,3,7,905e9623-5e74-4a92-9cb1-72203ed8baad,Riccite_Ore,Riccite (Ore),20,50,0.09,1,1,50793a5d-6ab2-46ff-bbf1-323fbb6fbf9d,libs/foundry/records/mining/rockcompositionpresets/asteroid_qtype_tin.xml
Asteroid_QType_Titanium,hud_mining_asteroid_name_4,3,0,7b9055e5-6d62-44dd-a725-a31d838301eb,Titanium_Ore,Titanium (Ore),30,70,1,1,1,c1aae900-36cc-4534-a099-e467c6c8de1b,libs/foundry/records/mining/rockcompositionpresets/asteroid_qtype_titanium.xml
Asteroid_QType_Titanium,hud_mining_asteroid_name_4,3,1,8375a8d8-1627-4d35-ae91-6f39b373c3ad,Laranite_Raw,Laranite (Raw),30,60,0.4,1,1,c1aae900-36cc-4534-a099-e467c6c8de1b,libs/foundry/records/mining/rockcompositionpresets/asteroid_qtype_titanium.xml
Asteroid_QType_Titanium,hud_mining_asteroid_name_4,3,2,07f6158a-6494-4b7c-9dd0-bbaab7362137,Borase_Ore,Borase (Ore),30,60,0.4,1,1,c1aae900-36cc-4534-a099-e467c6c8de1b,libs/foundry/records/mining/rockcompositionpresets/asteroid_qtype_titanium.xml
Asteroid_QType_Titanium,hud_mining_asteroid_name_4,3,3,f2f5bf2e-87f9-4f3d-bb59-b4e11eceeaad,Gold_Ore,Gold (Ore),20,50,0.2,1,1,c1aae900-36cc-4534-a099-e467c6c8de1b,libs/foundry/records/mining/rockcompositionpresets/asteroid_qtype_titanium.xml
Asteroid_QType_Titanium,hud_mining_asteroid_name_4,3,4,8893c670-f9f7-48df-a05b-e85764994256,Taranite_Raw,Taranite (Raw),20,50,0.2,1,1,c1aae900-36cc-4534-a099-e467c6c8de1b,libs/foundry/records/mining/rockcompositionpresets/asteroid_qtype_titanium.xml
Asteroid_QType_Titanium,hud_mining_asteroid_name_4,3,5,f48b147f-713e-481f-adf2-ff9869ac61bd,Bexalite_Raw,Bexalite (Raw),20,50,0.3,1,1,c1aae900-36cc-4534-a099-e467c6c8de1b,libs/foundry/records/mining/rockcompositionpresets/asteroid_qtype_titanium.xml
Asteroid_QType_Titanium,hud_mining_asteroid_name_4,3,6,fc62043c-3f29-4fff-b754-2301762723f7,Quantainium_Raw,Quantainium (Raw),20,50,0.12,1,1,c1aae900-36cc-4534-a099-e467c6c8de1b,libs/foundry/records/mining/rockcompositionpresets/asteroid_qtype_titanium.xml
Asteroid_QType_Titanium,hud_mining_asteroid_name_4,3,0,7b9055e5-6d62-44dd-a725-a31d838301eb,Titanium_Ore,Titanium (Ore),30,70,1,1,1,c1aae900-36cc-4534-a099-e467c6c8de1b,libs/foundry/records/mining/rockcompositionpresets/asteroid_qtype_titanium.xml
Asteroid_QType_Titanium,hud_mining_asteroid_name_4,3,1,8375a8d8-1627-4d35-ae91-6f39b373c3ad,Laranite_Raw,Laranite (Raw),30,60,0.4,1,1,c1aae900-36cc-4534-a099-e467c6c8de1b,libs/foundry/records/mining/rockcompositionpresets/asteroid_qtype_titanium.xml
Asteroid_QType_Titanium,hud_mining_asteroid_name_4,3,2,07f6158a-6494-4b7c-9dd0-bbaab7362137,Borase_Ore,Borase (Ore),30,60,0.4,1,1,c1aae900-36cc-4534-a099-e467c6c8de1b,libs/foundry/records/mining/rockcompositionpresets/asteroid_qtype_titanium.xml
Asteroid_QType_Titanium,hud_mining_asteroid_name_4,3,3,f2f5bf2e-87f9-4f3d-bb59-b4e11eceeaad,Gold_Ore,Gold (Ore),20,50,0.2,1,1,c1aae900-36cc-4534-a099-e467c6c8de1b,libs/foundry/records/mining/rockcompositionpresets/asteroid_qtype_titanium.xml
Asteroid_QType_Titanium,hud_mining_asteroid_name_4,3,4,8893c670-f9f7-48df-a05b-e85764994256,Taranite_Raw,Taranite (Raw),20,50,0.2,1,1,c1aae900-36cc-4534-a099-e467c6c8de1b,libs/foundry/records/mining/rockcompositionpresets/asteroid_qtype_titanium.xml
Asteroid_QType_Titanium,hud_mining_asteroid_name_4,3,5,f48b147f-713e-481f-adf2-ff9869ac61bd,Bexalite_Raw,Bexalite (Raw),20,50,0.3,1,1,c1aae900-36cc-4534-a099-e467c6c8de1b,libs/foundry/records/mining/rockcompositionpresets/asteroid_qtype_titanium.xml
Asteroid_QType_Titanium,hud_mining_asteroid_name_4,3,6,fc62043c-3f29-4fff-b754-2301762723f7,Quantainium_Raw,Quantainium (Raw),20,50,0.12,1,1,c1aae900-36cc-4534-a099-e467c6c8de1b,libs/foundry/records/mining/rockcompositionpresets/asteroid_qtype_titanium.xml
Asteroid_QType_Tungsten,hud_mining_asteroid_name_4,3,0,8f6a7e06-934d-4339-a0a2-75420b81369a,Tungsten_Ore,Tungsten (Ore),30,70,1,1,1,306609ca-a0c5-4c58-9577-4f1939134355,libs/foundry/records/mining/rockcompositionpresets/asteroid_qtype_tungsten.xml
Asteroid_QType_Tungsten,hud_mining_asteroid_name_4,3,1,8375a8d8-1627-4d35-ae91-6f39b373c3ad,Laranite_Raw,Laranite (Raw),30,60,0.4,1,1,306609ca-a0c5-4c58-9577-4f1939134355,libs/foundry/records/mining/rockcompositionpresets/asteroid_qtype_tungsten.xml
Asteroid_QType_Tungsten,hud_mining_asteroid_name_4,3,2,07f6158a-6494-4b7c-9dd0-bbaab7362137,Borase_Ore,Borase (Ore),30,60,0.6,1,1,306609ca-a0c5-4c58-9577-4f1939134355,libs/foundry/records/mining/rockcompositionpresets/asteroid_qtype_tungsten.xml
Asteroid_QType_Tungsten,hud_mining_asteroid_name_4,3,3,f2f5bf2e-87f9-4f3d-bb59-b4e11eceeaad,Gold_Ore,Gold (Ore),20,50,0.2,1,1,306609ca-a0c5-4c58-9577-4f1939134355,libs/foundry/records/mining/rockcompositionpresets/asteroid_qtype_tungsten.xml
Asteroid_QType_Tungsten,hud_mining_asteroid_name_4,3,4,8893c670-f9f7-48df-a05b-e85764994256,Taranite_Raw,Taranite (Raw),20,50,0.2,1,1,306609ca-a0c5-4c58-9577-4f1939134355,libs/foundry/records/mining/rockcompositionpresets/asteroid_qtype_tungsten.xml
Asteroid_QType_Tungsten,hud_mining_asteroid_name_4,3,5,f48b147f-713e-481f-adf2-ff9869ac61bd,Bexalite_Raw,Bexalite (Raw),20,50,0.3,1,1,306609ca-a0c5-4c58-9577-4f1939134355,libs/foundry/records/mining/rockcompositionpresets/asteroid_qtype_tungsten.xml
Asteroid_QType_Tungsten,hud_mining_asteroid_name_4,3,6,fc62043c-3f29-4fff-b754-2301762723f7,Quantainium_Raw,Quantainium (Raw),20,50,0.09,1,1,306609ca-a0c5-4c58-9577-4f1939134355,libs/foundry/records/mining/rockcompositionpresets/asteroid_qtype_tungsten.xml
Asteroid_QType_Tungsten,hud_mining_asteroid_name_4,3,0,8f6a7e06-934d-4339-a0a2-75420b81369a,Tungsten_Ore,Tungsten (Ore),30,70,1,1,1,306609ca-a0c5-4c58-9577-4f1939134355,libs/foundry/records/mining/rockcompositionpresets/asteroid_qtype_tungsten.xml
Asteroid_QType_Tungsten,hud_mining_asteroid_name_4,3,1,8375a8d8-1627-4d35-ae91-6f39b373c3ad,Laranite_Raw,Laranite (Raw),30,60,0.4,1,1,306609ca-a0c5-4c58-9577-4f1939134355,libs/foundry/records/mining/rockcompositionpresets/asteroid_qtype_tungsten.xml
Asteroid_QType_Tungsten,hud_mining_asteroid_name_4,3,2,07f6158a-6494-4b7c-9dd0-bbaab7362137,Borase_Ore,Borase (Ore),30,60,0.6,1,1,306609ca-a0c5-4c58-9577-4f1939134355,libs/foundry/records/mining/rockcompositionpresets/asteroid_qtype_tungsten.xml
Asteroid_QType_Tungsten,hud_mining_asteroid_name_4,3,3,f2f5bf2e-87f9-4f3d-bb59-b4e11eceeaad,Gold_Ore,Gold (Ore),20,50,0.2,1,1,306609ca-a0c5-4c58-9577-4f1939134355,libs/foundry/records/mining/rockcompositionpresets/asteroid_qtype_tungsten.xml
Asteroid_QType_Tungsten,hud_mining_asteroid_name_4,3,4,8893c670-f9f7-48df-a05b-e85764994256,Taranite_Raw,Taranite (Raw),20,50,0.2,1,1,306609ca-a0c5-4c58-9577-4f1939134355,libs/foundry/records/mining/rockcompositionpresets/asteroid_qtype_tungsten.xml
Asteroid_QType_Tungsten,hud_mining_asteroid_name_4,3,5,f48b147f-713e-481f-adf2-ff9869ac61bd,Bexalite_Raw,Bexalite (Raw),20,50,0.3,1,1,306609ca-a0c5-4c58-9577-4f1939134355,libs/foundry/records/mining/rockcompositionpresets/asteroid_qtype_tungsten.xml
Asteroid_QType_Tungsten,hud_mining_asteroid_name_4,3,6,fc62043c-3f29-4fff-b754-2301762723f7,Quantainium_Raw,Quantainium (Raw),20,50,0.09,1,1,306609ca-a0c5-4c58-9577-4f1939134355,libs/foundry/records/mining/rockcompositionpresets/asteroid_qtype_tungsten.xml
Asteroid_QType,hud_mining_asteroid_name_4,3,0,3776294d-5689-41f2-b03d-e8fcd17ede6a,Aluminium_Ore,Aluminum (Ore),30,70,1,1,1,dc97b4c2-6c35-4676-910a-3139f76721a3,libs/foundry/records/mining/rockcompositionpresets/asteroid_qtype.xml
Asteroid_QType,hud_mining_asteroid_name_4,3,1,8375a8d8-1627-4d35-ae91-6f39b373c3ad,Laranite_Raw,Laranite (Raw),30,60,0.4,1,1,dc97b4c2-6c35-4676-910a-3139f76721a3,libs/foundry/records/mining/rockcompositionpresets/asteroid_qtype.xml
Asteroid_QType,hud_mining_asteroid_name_4,3,2,07f6158a-6494-4b7c-9dd0-bbaab7362137,Borase_Ore,Borase (Ore),30,60,0.4,1,1,dc97b4c2-6c35-4676-910a-3139f76721a3,libs/foundry/records/mining/rockcompositionpresets/asteroid_qtype.xml
Asteroid_QType,hud_mining_asteroid_name_4,3,3,f2f5bf2e-87f9-4f3d-bb59-b4e11eceeaad,Gold_Ore,Gold (Ore),20,50,0.15,1,1,dc97b4c2-6c35-4676-910a-3139f76721a3,libs/foundry/records/mining/rockcompositionpresets/asteroid_qtype.xml
Asteroid_QType,hud_mining_asteroid_name_4,3,4,8893c670-f9f7-48df-a05b-e85764994256,Taranite_Raw,Taranite (Raw),20,50,0.15,1,1,dc97b4c2-6c35-4676-910a-3139f76721a3,libs/foundry/records/mining/rockcompositionpresets/asteroid_qtype.xml
Asteroid_QType,hud_mining_asteroid_name_4,3,5,f48b147f-713e-481f-adf2-ff9869ac61bd,Bexalite_Raw,Bexalite (Raw),20,50,0.15,1,1,dc97b4c2-6c35-4676-910a-3139f76721a3,libs/foundry/records/mining/rockcompositionpresets/asteroid_qtype.xml
Asteroid_QType,hud_mining_asteroid_name_4,3,6,fc62043c-3f29-4fff-b754-2301762723f7,Quantainium_Raw,Quantainium (Raw),20,50,0.02,1,1,dc97b4c2-6c35-4676-910a-3139f76721a3,libs/foundry/records/mining/rockcompositionpresets/asteroid_qtype.xml
Asteroid_QType,hud_mining_asteroid_name_4,3,0,3776294d-5689-41f2-b03d-e8fcd17ede6a,Aluminium_Ore,Aluminum (Ore),30,70,1,1,1,dc97b4c2-6c35-4676-910a-3139f76721a3,libs/foundry/records/mining/rockcompositionpresets/asteroid_qtype.xml
Asteroid_QType,hud_mining_asteroid_name_4,3,1,8375a8d8-1627-4d35-ae91-6f39b373c3ad,Laranite_Raw,Laranite (Raw),30,60,0.4,1,1,dc97b4c2-6c35-4676-910a-3139f76721a3,libs/foundry/records/mining/rockcompositionpresets/asteroid_qtype.xml
Asteroid_QType,hud_mining_asteroid_name_4,3,2,07f6158a-6494-4b7c-9dd0-bbaab7362137,Borase_Ore,Borase (Ore),30,60,0.4,1,1,dc97b4c2-6c35-4676-910a-3139f76721a3,libs/foundry/records/mining/rockcompositionpresets/asteroid_qtype.xml
Asteroid_QType,hud_mining_asteroid_name_4,3,3,f2f5bf2e-87f9-4f3d-bb59-b4e11eceeaad,Gold_Ore,Gold (Ore),20,50,0.15,1,1,dc97b4c2-6c35-4676-910a-3139f76721a3,libs/foundry/records/mining/rockcompositionpresets/asteroid_qtype.xml
Asteroid_QType,hud_mining_asteroid_name_4,3,4,8893c670-f9f7-48df-a05b-e85764994256,Taranite_Raw,Taranite (Raw),20,50,0.15,1,1,dc97b4c2-6c35-4676-910a-3139f76721a3,libs/foundry/records/mining/rockcompositionpresets/asteroid_qtype.xml
Asteroid_QType,hud_mining_asteroid_name_4,3,5,f48b147f-713e-481f-adf2-ff9869ac61bd,Bexalite_Raw,Bexalite (Raw),20,50,0.15,1,1,dc97b4c2-6c35-4676-910a-3139f76721a3,libs/foundry/records/mining/rockcompositionpresets/asteroid_qtype.xml
Asteroid_QType,hud_mining_asteroid_name_4,3,6,fc62043c-3f29-4fff-b754-2301762723f7,Quantainium_Raw,Quantainium (Raw),20,50,0.02,1,1,dc97b4c2-6c35-4676-910a-3139f76721a3,libs/foundry/records/mining/rockcompositionpresets/asteroid_qtype.xml
Asteroid_SType_Aluminium,hud_mining_asteroid_name_6,2,0,3776294d-5689-41f2-b03d-e8fcd17ede6a,Aluminium_Ore,Aluminum (Ore),30,70,1,1,1,6915a161-0f2a-4372-b963-8195ad60dd89,libs/foundry/records/mining/rockcompositionpresets/asteroid_stype_aluminium.xml
Asteroid_SType_Aluminium,hud_mining_asteroid_name_6,2,1,cad02f99-292c-4ee4-93cc-a73868f11ddb,Beryl_Raw,Beryl (Raw),30,60,0.8,1,1,6915a161-0f2a-4372-b963-8195ad60dd89,libs/foundry/records/mining/rockcompositionpresets/asteroid_stype_aluminium.xml
Asteroid_SType_Aluminium,hud_mining_asteroid_name_6,2,2,8375a8d8-1627-4d35-ae91-6f39b373c3ad,Laranite_Raw,Laranite (Raw),30,60,0.5,1,1,6915a161-0f2a-4372-b963-8195ad60dd89,libs/foundry/records/mining/rockcompositionpresets/asteroid_stype_aluminium.xml
Asteroid_SType_Aluminium,hud_mining_asteroid_name_6,2,3,f2f5bf2e-87f9-4f3d-bb59-b4e11eceeaad,Gold_Ore,Gold (Ore),20,50,0.1,1,1,6915a161-0f2a-4372-b963-8195ad60dd89,libs/foundry/records/mining/rockcompositionpresets/asteroid_stype_aluminium.xml
Asteroid_SType_Aluminium,hud_mining_asteroid_name_6,2,4,8893c670-f9f7-48df-a05b-e85764994256,Taranite_Raw,Taranite (Raw),20,50,0.5,1,1,6915a161-0f2a-4372-b963-8195ad60dd89,libs/foundry/records/mining/rockcompositionpresets/asteroid_stype_aluminium.xml
Asteroid_SType_Aluminium,hud_mining_asteroid_name_6,2,5,f48b147f-713e-481f-adf2-ff9869ac61bd,Bexalite_Raw,Bexalite (Raw),20,50,0.5,1,1,6915a161-0f2a-4372-b963-8195ad60dd89,libs/foundry/records/mining/rockcompositionpresets/asteroid_stype_aluminium.xml
Asteroid_SType_Aluminium,hud_mining_asteroid_name_6,2,6,fc62043c-3f29-4fff-b754-2301762723f7,Quantainium_Raw,Quantainium (Raw),20,50,0.06,1,1,6915a161-0f2a-4372-b963-8195ad60dd89,libs/foundry/records/mining/rockcompositionpresets/asteroid_stype_aluminium.xml
Asteroid_SType_Aluminium,hud_mining_asteroid_name_6,2,0,3776294d-5689-41f2-b03d-e8fcd17ede6a,Aluminium_Ore,Aluminum (Ore),30,70,1,1,1,6915a161-0f2a-4372-b963-8195ad60dd89,libs/foundry/records/mining/rockcompositionpresets/asteroid_stype_aluminium.xml
Asteroid_SType_Aluminium,hud_mining_asteroid_name_6,2,1,cad02f99-292c-4ee4-93cc-a73868f11ddb,Beryl_Raw,Beryl (Raw),30,60,0.8,1,1,6915a161-0f2a-4372-b963-8195ad60dd89,libs/foundry/records/mining/rockcompositionpresets/asteroid_stype_aluminium.xml
Asteroid_SType_Aluminium,hud_mining_asteroid_name_6,2,2,8375a8d8-1627-4d35-ae91-6f39b373c3ad,Laranite_Raw,Laranite (Raw),30,60,0.5,1,1,6915a161-0f2a-4372-b963-8195ad60dd89,libs/foundry/records/mining/rockcompositionpresets/asteroid_stype_aluminium.xml
Asteroid_SType_Aluminium,hud_mining_asteroid_name_6,2,3,f2f5bf2e-87f9-4f3d-bb59-b4e11eceeaad,Gold_Ore,Gold (Ore),20,50,0.1,1,1,6915a161-0f2a-4372-b963-8195ad60dd89,libs/foundry/records/mining/rockcompositionpresets/asteroid_stype_aluminium.xml
Asteroid_SType_Aluminium,hud_mining_asteroid_name_6,2,4,8893c670-f9f7-48df-a05b-e85764994256,Taranite_Raw,Taranite (Raw),20,50,0.5,1,1,6915a161-0f2a-4372-b963-8195ad60dd89,libs/foundry/records/mining/rockcompositionpresets/asteroid_stype_aluminium.xml
Asteroid_SType_Aluminium,hud_mining_asteroid_name_6,2,5,f48b147f-713e-481f-adf2-ff9869ac61bd,Bexalite_Raw,Bexalite (Raw),20,50,0.5,1,1,6915a161-0f2a-4372-b963-8195ad60dd89,libs/foundry/records/mining/rockcompositionpresets/asteroid_stype_aluminium.xml
Asteroid_SType_Aluminium,hud_mining_asteroid_name_6,2,6,fc62043c-3f29-4fff-b754-2301762723f7,Quantainium_Raw,Quantainium (Raw),20,50,0.06,1,1,6915a161-0f2a-4372-b963-8195ad60dd89,libs/foundry/records/mining/rockcompositionpresets/asteroid_stype_aluminium.xml
Asteroid_SType_Copper,hud_mining_asteroid_name_6,2,0,ee12edc1-a2c3-4202-909d-9b729a050a3f,Copper_Ore,Copper (Ore),30,70,1,1,1,0687cc9d-a2b2-4e4e-bdaa-343cc584144a,libs/foundry/records/mining/rockcompositionpresets/asteroid_stype_copper.xml
Asteroid_SType_Copper,hud_mining_asteroid_name_6,2,1,cad02f99-292c-4ee4-93cc-a73868f11ddb,Beryl_Raw,Beryl (Raw),30,60,0.5,1,1,0687cc9d-a2b2-4e4e-bdaa-343cc584144a,libs/foundry/records/mining/rockcompositionpresets/asteroid_stype_copper.xml
Asteroid_SType_Copper,hud_mining_asteroid_name_6,2,2,8375a8d8-1627-4d35-ae91-6f39b373c3ad,Laranite_Raw,Laranite (Raw),30,60,0.8,1,1,0687cc9d-a2b2-4e4e-bdaa-343cc584144a,libs/foundry/records/mining/rockcompositionpresets/asteroid_stype_copper.xml
Asteroid_SType_Copper,hud_mining_asteroid_name_6,2,3,f2f5bf2e-87f9-4f3d-bb59-b4e11eceeaad,Gold_Ore,Gold (Ore),20,50,0.1,1,1,0687cc9d-a2b2-4e4e-bdaa-343cc584144a,libs/foundry/records/mining/rockcompositionpresets/asteroid_stype_copper.xml
Asteroid_SType_Copper,hud_mining_asteroid_name_6,2,4,8893c670-f9f7-48df-a05b-e85764994256,Taranite_Raw,Taranite (Raw),20,50,0.3,1,1,0687cc9d-a2b2-4e4e-bdaa-343cc584144a,libs/foundry/records/mining/rockcompositionpresets/asteroid_stype_copper.xml
Asteroid_SType_Copper,hud_mining_asteroid_name_6,2,5,f48b147f-713e-481f-adf2-ff9869ac61bd,Bexalite_Raw,Bexalite (Raw),20,50,0.5,1,1,0687cc9d-a2b2-4e4e-bdaa-343cc584144a,libs/foundry/records/mining/rockcompositionpresets/asteroid_stype_copper.xml
Asteroid_SType_Copper,hud_mining_asteroid_name_6,2,6,fc62043c-3f29-4fff-b754-2301762723f7,Quantainium_Raw,Quantainium (Raw),20,50,0.12,1,1,0687cc9d-a2b2-4e4e-bdaa-343cc584144a,libs/foundry/records/mining/rockcompositionpresets/asteroid_stype_copper.xml
Asteroid_SType_Copper,hud_mining_asteroid_name_6,2,0,ee12edc1-a2c3-4202-909d-9b729a050a3f,Copper_Ore,Copper (Ore),30,70,1,1,1,0687cc9d-a2b2-4e4e-bdaa-343cc584144a,libs/foundry/records/mining/rockcompositionpresets/asteroid_stype_copper.xml
Asteroid_SType_Copper,hud_mining_asteroid_name_6,2,1,cad02f99-292c-4ee4-93cc-a73868f11ddb,Beryl_Raw,Beryl (Raw),30,60,0.5,1,1,0687cc9d-a2b2-4e4e-bdaa-343cc584144a,libs/foundry/records/mining/rockcompositionpresets/asteroid_stype_copper.xml
Asteroid_SType_Copper,hud_mining_asteroid_name_6,2,2,8375a8d8-1627-4d35-ae91-6f39b373c3ad,Laranite_Raw,Laranite (Raw),30,60,0.8,1,1,0687cc9d-a2b2-4e4e-bdaa-343cc584144a,libs/foundry/records/mining/rockcompositionpresets/asteroid_stype_copper.xml
Asteroid_SType_Copper,hud_mining_asteroid_name_6,2,3,f2f5bf2e-87f9-4f3d-bb59-b4e11eceeaad,Gold_Ore,Gold (Ore),20,50,0.1,1,1,0687cc9d-a2b2-4e4e-bdaa-343cc584144a,libs/foundry/records/mining/rockcompositionpresets/asteroid_stype_copper.xml
Asteroid_SType_Copper,hud_mining_asteroid_name_6,2,4,8893c670-f9f7-48df-a05b-e85764994256,Taranite_Raw,Taranite (Raw),20,50,0.3,1,1,0687cc9d-a2b2-4e4e-bdaa-343cc584144a,libs/foundry/records/mining/rockcompositionpresets/asteroid_stype_copper.xml
Asteroid_SType_Copper,hud_mining_asteroid_name_6,2,5,f48b147f-713e-481f-adf2-ff9869ac61bd,Bexalite_Raw,Bexalite (Raw),20,50,0.5,1,1,0687cc9d-a2b2-4e4e-bdaa-343cc584144a,libs/foundry/records/mining/rockcompositionpresets/asteroid_stype_copper.xml
Asteroid_SType_Copper,hud_mining_asteroid_name_6,2,6,fc62043c-3f29-4fff-b754-2301762723f7,Quantainium_Raw,Quantainium (Raw),20,50,0.12,1,1,0687cc9d-a2b2-4e4e-bdaa-343cc584144a,libs/foundry/records/mining/rockcompositionpresets/asteroid_stype_copper.xml
Asteroid_SType_Corundum,hud_mining_asteroid_name_6,2,0,b471b96c-efbb-4342-90de-cfa087604d8e,Corundum_Raw,Corundum (Raw),30,70,1,1,1,70a6c5b2-2253-4ff2-b786-744855ae8628,libs/foundry/records/mining/rockcompositionpresets/asteroid_stype_corundum.xml
Asteroid_SType_Corundum,hud_mining_asteroid_name_6,2,1,cad02f99-292c-4ee4-93cc-a73868f11ddb,Beryl_Raw,Beryl (Raw),30,60,0.8,1,1,70a6c5b2-2253-4ff2-b786-744855ae8628,libs/foundry/records/mining/rockcompositionpresets/asteroid_stype_corundum.xml
Asteroid_SType_Corundum,hud_mining_asteroid_name_6,2,2,8375a8d8-1627-4d35-ae91-6f39b373c3ad,Laranite_Raw,Laranite (Raw),30,60,0.5,1,1,70a6c5b2-2253-4ff2-b786-744855ae8628,libs/foundry/records/mining/rockcompositionpresets/asteroid_stype_corundum.xml
Asteroid_SType_Corundum,hud_mining_asteroid_name_6,2,3,f2f5bf2e-87f9-4f3d-bb59-b4e11eceeaad,Gold_Ore,Gold (Ore),20,50,0.1,1,1,70a6c5b2-2253-4ff2-b786-744855ae8628,libs/foundry/records/mining/rockcompositionpresets/asteroid_stype_corundum.xml
Asteroid_SType_Corundum,hud_mining_asteroid_name_6,2,4,8893c670-f9f7-48df-a05b-e85764994256,Taranite_Raw,Taranite (Raw),20,50,0.5,1,1,70a6c5b2-2253-4ff2-b786-744855ae8628,libs/foundry/records/mining/rockcompositionpresets/asteroid_stype_corundum.xml
Asteroid_SType_Corundum,hud_mining_asteroid_name_6,2,5,f48b147f-713e-481f-adf2-ff9869ac61bd,Bexalite_Raw,Bexalite (Raw),20,50,0.3,1,1,70a6c5b2-2253-4ff2-b786-744855ae8628,libs/foundry/records/mining/rockcompositionpresets/asteroid_stype_corundum.xml
Asteroid_SType_Corundum,hud_mining_asteroid_name_6,2,6,fc62043c-3f29-4fff-b754-2301762723f7,Quantainium_Raw,Quantainium (Raw),20,50,0.12,1,1,70a6c5b2-2253-4ff2-b786-744855ae8628,libs/foundry/records/mining/rockcompositionpresets/asteroid_stype_corundum.xml
Asteroid_SType_Corundum,hud_mining_asteroid_name_6,2,0,b471b96c-efbb-4342-90de-cfa087604d8e,Corundum_Raw,Corundum (Raw),30,70,1,1,1,70a6c5b2-2253-4ff2-b786-744855ae8628,libs/foundry/records/mining/rockcompositionpresets/asteroid_stype_corundum.xml
Asteroid_SType_Corundum,hud_mining_asteroid_name_6,2,1,cad02f99-292c-4ee4-93cc-a73868f11ddb,Beryl_Raw,Beryl (Raw),30,60,0.8,1,1,70a6c5b2-2253-4ff2-b786-744855ae8628,libs/foundry/records/mining/rockcompositionpresets/asteroid_stype_corundum.xml
Asteroid_SType_Corundum,hud_mining_asteroid_name_6,2,2,8375a8d8-1627-4d35-ae91-6f39b373c3ad,Laranite_Raw,Laranite (Raw),30,60,0.5,1,1,70a6c5b2-2253-4ff2-b786-744855ae8628,libs/foundry/records/mining/rockcompositionpresets/asteroid_stype_corundum.xml
Asteroid_SType_Corundum,hud_mining_asteroid_name_6,2,3,f2f5bf2e-87f9-4f3d-bb59-b4e11eceeaad,Gold_Ore,Gold (Ore),20,50,0.1,1,1,70a6c5b2-2253-4ff2-b786-744855ae8628,libs/foundry/records/mining/rockcompositionpresets/asteroid_stype_corundum.xml
Asteroid_SType_Corundum,hud_mining_asteroid_name_6,2,4,8893c670-f9f7-48df-a05b-e85764994256,Taranite_Raw,Taranite (Raw),20,50,0.5,1,1,70a6c5b2-2253-4ff2-b786-744855ae8628,libs/foundry/records/mining/rockcompositionpresets/asteroid_stype_corundum.xml
Asteroid_SType_Corundum,hud_mining_asteroid_name_6,2,5,f48b147f-713e-481f-adf2-ff9869ac61bd,Bexalite_Raw,Bexalite (Raw),20,50,0.3,1,1,70a6c5b2-2253-4ff2-b786-744855ae8628,libs/foundry/records/mining/rockcompositionpresets/asteroid_stype_corundum.xml
Asteroid_SType_Corundum,hud_mining_asteroid_name_6,2,6,fc62043c-3f29-4fff-b754-2301762723f7,Quantainium_Raw,Quantainium (Raw),20,50,0.12,1,1,70a6c5b2-2253-4ff2-b786-744855ae8628,libs/foundry/records/mining/rockcompositionpresets/asteroid_stype_corundum.xml
Asteroid_SType_Iron,hud_mining_asteroid_name_6,2,0,05708bae-1cb1-4e63-bb95-ec7f4a3ef430,Iron_Ore,Iron (Ore),30,70,1,1,1,06832426-8bf5-42c0-b7ed-b32b24c097f1,libs/foundry/records/mining/rockcompositionpresets/asteroid_stype_iron.xml
Asteroid_SType_Iron,hud_mining_asteroid_name_6,2,1,cad02f99-292c-4ee4-93cc-a73868f11ddb,Beryl_Raw,Beryl (Raw),30,60,0.5,1,1,06832426-8bf5-42c0-b7ed-b32b24c097f1,libs/foundry/records/mining/rockcompositionpresets/asteroid_stype_iron.xml
Asteroid_SType_Iron,hud_mining_asteroid_name_6,2,2,8375a8d8-1627-4d35-ae91-6f39b373c3ad,Laranite_Raw,Laranite (Raw),30,60,0.5,1,1,06832426-8bf5-42c0-b7ed-b32b24c097f1,libs/foundry/records/mining/rockcompositionpresets/asteroid_stype_iron.xml
Asteroid_SType_Iron,hud_mining_asteroid_name_6,2,3,f2f5bf2e-87f9-4f3d-bb59-b4e11eceeaad,Gold_Ore,Gold (Ore),20,50,0.1,1,1,06832426-8bf5-42c0-b7ed-b32b24c097f1,libs/foundry/records/mining/rockcompositionpresets/asteroid_stype_iron.xml
Asteroid_SType_Iron,hud_mining_asteroid_name_6,2,4,8893c670-f9f7-48df-a05b-e85764994256,Taranite_Raw,Taranite (Raw),20,50,0.3,1,1,06832426-8bf5-42c0-b7ed-b32b24c097f1,libs/foundry/records/mining/rockcompositionpresets/asteroid_stype_iron.xml
Asteroid_SType_Iron,hud_mining_asteroid_name_6,2,5,f48b147f-713e-481f-adf2-ff9869ac61bd,Bexalite_Raw,Bexalite (Raw),20,50,0.5,1,1,06832426-8bf5-42c0-b7ed-b32b24c097f1,libs/foundry/records/mining/rockcompositionpresets/asteroid_stype_iron.xml
Asteroid_SType_Iron,hud_mining_asteroid_name_6,2,6,fc62043c-3f29-4fff-b754-2301762723f7,Quantainium_Raw,Quantainium (Raw),20,50,0.06,1,1,06832426-8bf5-42c0-b7ed-b32b24c097f1,libs/foundry/records/mining/rockcompositionpresets/asteroid_stype_iron.xml
Asteroid_SType_Iron,hud_mining_asteroid_name_6,2,0,05708bae-1cb1-4e63-bb95-ec7f4a3ef430,Iron_Ore,Iron (Ore),30,70,1,1,1,06832426-8bf5-42c0-b7ed-b32b24c097f1,libs/foundry/records/mining/rockcompositionpresets/asteroid_stype_iron.xml
Asteroid_SType_Iron,hud_mining_asteroid_name_6,2,1,cad02f99-292c-4ee4-93cc-a73868f11ddb,Beryl_Raw,Beryl (Raw),30,60,0.5,1,1,06832426-8bf5-42c0-b7ed-b32b24c097f1,libs/foundry/records/mining/rockcompositionpresets/asteroid_stype_iron.xml
Asteroid_SType_Iron,hud_mining_asteroid_name_6,2,2,8375a8d8-1627-4d35-ae91-6f39b373c3ad,Laranite_Raw,Laranite (Raw),30,60,0.5,1,1,06832426-8bf5-42c0-b7ed-b32b24c097f1,libs/foundry/records/mining/rockcompositionpresets/asteroid_stype_iron.xml
Asteroid_SType_Iron,hud_mining_asteroid_name_6,2,3,f2f5bf2e-87f9-4f3d-bb59-b4e11eceeaad,Gold_Ore,Gold (Ore),20,50,0.1,1,1,06832426-8bf5-42c0-b7ed-b32b24c097f1,libs/foundry/records/mining/rockcompositionpresets/asteroid_stype_iron.xml
Asteroid_SType_Iron,hud_mining_asteroid_name_6,2,4,8893c670-f9f7-48df-a05b-e85764994256,Taranite_Raw,Taranite (Raw),20,50,0.3,1,1,06832426-8bf5-42c0-b7ed-b32b24c097f1,libs/foundry/records/mining/rockcompositionpresets/asteroid_stype_iron.xml
Asteroid_SType_Iron,hud_mining_asteroid_name_6,2,5,f48b147f-713e-481f-adf2-ff9869ac61bd,Bexalite_Raw,Bexalite (Raw),20,50,0.5,1,1,06832426-8bf5-42c0-b7ed-b32b24c097f1,libs/foundry/records/mining/rockcompositionpresets/asteroid_stype_iron.xml
Asteroid_SType_Iron,hud_mining_asteroid_name_6,2,6,fc62043c-3f29-4fff-b754-2301762723f7,Quantainium_Raw,Quantainium (Raw),20,50,0.06,1,1,06832426-8bf5-42c0-b7ed-b32b24c097f1,libs/foundry/records/mining/rockcompositionpresets/asteroid_stype_iron.xml
Asteroid_SType_Quartz,hud_mining_asteroid_name_6,2,0,1d35c0bc-9142-42ff-8a83-0ec68d69a128,Quartz_Raw,Quartz (Raw),30,70,1,1,1,5753e2bb-64e4-4e4c-b0f8-f90b0e3ceffd,libs/foundry/records/mining/rockcompositionpresets/asteroid_stype_quartz.xml
Asteroid_SType_Quartz,hud_mining_asteroid_name_6,2,1,cad02f99-292c-4ee4-93cc-a73868f11ddb,Beryl_Raw,Beryl (Raw),30,60,0.5,1,1,5753e2bb-64e4-4e4c-b0f8-f90b0e3ceffd,libs/foundry/records/mining/rockcompositionpresets/asteroid_stype_quartz.xml
Asteroid_SType_Quartz,hud_mining_asteroid_name_6,2,2,8375a8d8-1627-4d35-ae91-6f39b373c3ad,Laranite_Raw,Laranite (Raw),30,60,0.5,1,1,5753e2bb-64e4-4e4c-b0f8-f90b0e3ceffd,libs/foundry/records/mining/rockcompositionpresets/asteroid_stype_quartz.xml
Asteroid_SType_Quartz,hud_mining_asteroid_name_6,2,3,f2f5bf2e-87f9-4f3d-bb59-b4e11eceeaad,Gold_Ore,Gold (Ore),20,50,0.2,1,1,5753e2bb-64e4-4e4c-b0f8-f90b0e3ceffd,libs/foundry/records/mining/rockcompositionpresets/asteroid_stype_quartz.xml
Asteroid_SType_Quartz,hud_mining_asteroid_name_6,2,4,8893c670-f9f7-48df-a05b-e85764994256,Taranite_Raw,Taranite (Raw),20,50,0.3,1,1,5753e2bb-64e4-4e4c-b0f8-f90b0e3ceffd,libs/foundry/records/mining/rockcompositionpresets/asteroid_stype_quartz.xml
Asteroid_SType_Quartz,hud_mining_asteroid_name_6,2,5,f48b147f-713e-481f-adf2-ff9869ac61bd,Bexalite_Raw,Bexalite (Raw),20,50,0.3,1,1,5753e2bb-64e4-4e4c-b0f8-f90b0e3ceffd,libs/foundry/records/mining/rockcompositionpresets/asteroid_stype_quartz.xml
Asteroid_SType_Quartz,hud_mining_asteroid_name_6,2,6,fc62043c-3f29-4fff-b754-2301762723f7,Quantainium_Raw,Quantainium (Raw),20,50,0.12,1,1,5753e2bb-64e4-4e4c-b0f8-f90b0e3ceffd,libs/foundry/records/mining/rockcompositionpresets/asteroid_stype_quartz.xml
Asteroid_SType_Quartz,hud_mining_asteroid_name_6,2,0,1d35c0bc-9142-42ff-8a83-0ec68d69a128,Quartz_Raw,Quartz (Raw),30,70,1,1,1,5753e2bb-64e4-4e4c-b0f8-f90b0e3ceffd,libs/foundry/records/mining/rockcompositionpresets/asteroid_stype_quartz.xml
Asteroid_SType_Quartz,hud_mining_asteroid_name_6,2,1,cad02f99-292c-4ee4-93cc-a73868f11ddb,Beryl_Raw,Beryl (Raw),30,60,0.5,1,1,5753e2bb-64e4-4e4c-b0f8-f90b0e3ceffd,libs/foundry/records/mining/rockcompositionpresets/asteroid_stype_quartz.xml
Asteroid_SType_Quartz,hud_mining_asteroid_name_6,2,2,8375a8d8-1627-4d35-ae91-6f39b373c3ad,Laranite_Raw,Laranite (Raw),30,60,0.5,1,1,5753e2bb-64e4-4e4c-b0f8-f90b0e3ceffd,libs/foundry/records/mining/rockcompositionpresets/asteroid_stype_quartz.xml
Asteroid_SType_Quartz,hud_mining_asteroid_name_6,2,3,f2f5bf2e-87f9-4f3d-bb59-b4e11eceeaad,Gold_Ore,Gold (Ore),20,50,0.2,1,1,5753e2bb-64e4-4e4c-b0f8-f90b0e3ceffd,libs/foundry/records/mining/rockcompositionpresets/asteroid_stype_quartz.xml
Asteroid_SType_Quartz,hud_mining_asteroid_name_6,2,4,8893c670-f9f7-48df-a05b-e85764994256,Taranite_Raw,Taranite (Raw),20,50,0.3,1,1,5753e2bb-64e4-4e4c-b0f8-f90b0e3ceffd,libs/foundry/records/mining/rockcompositionpresets/asteroid_stype_quartz.xml
Asteroid_SType_Quartz,hud_mining_asteroid_name_6,2,5,f48b147f-713e-481f-adf2-ff9869ac61bd,Bexalite_Raw,Bexalite (Raw),20,50,0.3,1,1,5753e2bb-64e4-4e4c-b0f8-f90b0e3ceffd,libs/foundry/records/mining/rockcompositionpresets/asteroid_stype_quartz.xml
Asteroid_SType_Quartz,hud_mining_asteroid_name_6,2,6,fc62043c-3f29-4fff-b754-2301762723f7,Quantainium_Raw,Quantainium (Raw),20,50,0.12,1,1,5753e2bb-64e4-4e4c-b0f8-f90b0e3ceffd,libs/foundry/records/mining/rockcompositionpresets/asteroid_stype_quartz.xml
Asteroid_SType_Silicon,hud_mining_asteroid_name_6,2,0,219e8523-b953-4517-812a-0fb2eb023209,Silicon_Raw,Silicon (Raw),30,70,1,1,1,837a5e17-30a2-4cd0-8ef3-1645a956a6a9,libs/foundry/records/mining/rockcompositionpresets/asteroid_stype_silicon.xml
Asteroid_SType_Silicon,hud_mining_asteroid_name_6,2,1,cad02f99-292c-4ee4-93cc-a73868f11ddb,Beryl_Raw,Beryl (Raw),30,60,0.8,1,1,837a5e17-30a2-4cd0-8ef3-1645a956a6a9,libs/foundry/records/mining/rockcompositionpresets/asteroid_stype_silicon.xml
Asteroid_SType_Silicon,hud_mining_asteroid_name_6,2,2,8375a8d8-1627-4d35-ae91-6f39b373c3ad,Laranite_Raw,Laranite (Raw),30,60,0.5,1,1,837a5e17-30a2-4cd0-8ef3-1645a956a6a9,libs/foundry/records/mining/rockcompositionpresets/asteroid_stype_silicon.xml
Asteroid_SType_Silicon,hud_mining_asteroid_name_6,2,3,f2f5bf2e-87f9-4f3d-bb59-b4e11eceeaad,Gold_Ore,Gold (Ore),20,50,0.2,1,1,837a5e17-30a2-4cd0-8ef3-1645a956a6a9,libs/foundry/records/mining/rockcompositionpresets/asteroid_stype_silicon.xml
Asteroid_SType_Silicon,hud_mining_asteroid_name_6,2,4,8893c670-f9f7-48df-a05b-e85764994256,Taranite_Raw,Taranite (Raw),20,50,0.5,1,1,837a5e17-30a2-4cd0-8ef3-1645a956a6a9,libs/foundry/records/mining/rockcompositionpresets/asteroid_stype_silicon.xml
Asteroid_SType_Silicon,hud_mining_asteroid_name_6,2,5,f48b147f-713e-481f-adf2-ff9869ac61bd,Bexalite_Raw,Bexalite (Raw),20,50,0.3,1,1,837a5e17-30a2-4cd0-8ef3-1645a956a6a9,libs/foundry/records/mining/rockcompositionpresets/asteroid_stype_silicon.xml
Asteroid_SType_Silicon,hud_mining_asteroid_name_6,2,6,9498a080-84c0-41f4-b88f-71942c60c43f,Sileron_Ore,Sileron (Ore),20,50,0.12,1,1,837a5e17-30a2-4cd0-8ef3-1645a956a6a9,libs/foundry/records/mining/rockcompositionpresets/asteroid_stype_silicon.xml
Asteroid_SType_Silicon,hud_mining_asteroid_name_6,2,7,905e9623-5e74-4a92-9cb1-72203ed8baad,Riccite_Ore,Riccite (Ore),20,50,0.06,1,1,837a5e17-30a2-4cd0-8ef3-1645a956a6a9,libs/foundry/records/mining/rockcompositionpresets/asteroid_stype_silicon.xml
Asteroid_SType_Silicon,hud_mining_asteroid_name_6,2,0,219e8523-b953-4517-812a-0fb2eb023209,Silicon_Raw,Silicon (Raw),30,70,1,1,1,837a5e17-30a2-4cd0-8ef3-1645a956a6a9,libs/foundry/records/mining/rockcompositionpresets/asteroid_stype_silicon.xml
Asteroid_SType_Silicon,hud_mining_asteroid_name_6,2,1,cad02f99-292c-4ee4-93cc-a73868f11ddb,Beryl_Raw,Beryl (Raw),30,60,0.8,1,1,837a5e17-30a2-4cd0-8ef3-1645a956a6a9,libs/foundry/records/mining/rockcompositionpresets/asteroid_stype_silicon.xml
Asteroid_SType_Silicon,hud_mining_asteroid_name_6,2,2,8375a8d8-1627-4d35-ae91-6f39b373c3ad,Laranite_Raw,Laranite (Raw),30,60,0.5,1,1,837a5e17-30a2-4cd0-8ef3-1645a956a6a9,libs/foundry/records/mining/rockcompositionpresets/asteroid_stype_silicon.xml
Asteroid_SType_Silicon,hud_mining_asteroid_name_6,2,3,f2f5bf2e-87f9-4f3d-bb59-b4e11eceeaad,Gold_Ore,Gold (Ore),20,50,0.2,1,1,837a5e17-30a2-4cd0-8ef3-1645a956a6a9,libs/foundry/records/mining/rockcompositionpresets/asteroid_stype_silicon.xml
Asteroid_SType_Silicon,hud_mining_asteroid_name_6,2,4,8893c670-f9f7-48df-a05b-e85764994256,Taranite_Raw,Taranite (Raw),20,50,0.5,1,1,837a5e17-30a2-4cd0-8ef3-1645a956a6a9,libs/foundry/records/mining/rockcompositionpresets/asteroid_stype_silicon.xml
Asteroid_SType_Silicon,hud_mining_asteroid_name_6,2,5,f48b147f-713e-481f-adf2-ff9869ac61bd,Bexalite_Raw,Bexalite (Raw),20,50,0.3,1,1,837a5e17-30a2-4cd0-8ef3-1645a956a6a9,libs/foundry/records/mining/rockcompositionpresets/asteroid_stype_silicon.xml
Asteroid_SType_Silicon,hud_mining_asteroid_name_6,2,6,9498a080-84c0-41f4-b88f-71942c60c43f,Sileron_Ore,Sileron (Ore),20,50,0.12,1,1,837a5e17-30a2-4cd0-8ef3-1645a956a6a9,libs/foundry/records/mining/rockcompositionpresets/asteroid_stype_silicon.xml
Asteroid_SType_Silicon,hud_mining_asteroid_name_6,2,7,905e9623-5e74-4a92-9cb1-72203ed8baad,Riccite_Ore,Riccite (Ore),20,50,0.06,1,1,837a5e17-30a2-4cd0-8ef3-1645a956a6a9,libs/foundry/records/mining/rockcompositionpresets/asteroid_stype_silicon.xml
Asteroid_SType_test,hud_mining_asteroid_name_6,2,0,3abbac13-812b-4389-88f3-7a5e995cb7af,TestElement_Balance,Testelement Balance,30,70,1,1,1,5f232532-5457-4292-b0da-2995f48c6bff,libs/foundry/records/mining/rockcompositionpresets/asteroid_stype_test.xml
Asteroid_SType_test,hud_mining_asteroid_name_6,2,0,3abbac13-812b-4389-88f3-7a5e995cb7af,TestElement_Balance,Testelement Balance,30,70,1,1,1,5f232532-5457-4292-b0da-2995f48c6bff,libs/foundry/records/mining/rockcompositionpresets/asteroid_stype_test.xml
Asteroid_SType_Tin,hud_mining_asteroid_name_6,2,0,16b426e2-7ce1-4fb4-8b34-4d8617dd6a97,Tin_Ore,Tin (Ore),30,70,1,1,1,9c53b8a1-d1c7-4d5d-a734-1ac6d0269e59,libs/foundry/records/mining/rockcompositionpresets/asteroid_stype_tin.xml
Asteroid_SType_Tin,hud_mining_asteroid_name_6,2,1,cad02f99-292c-4ee4-93cc-a73868f11ddb,Beryl_Raw,Beryl (Raw),30,60,0.5,1,1,9c53b8a1-d1c7-4d5d-a734-1ac6d0269e59,libs/foundry/records/mining/rockcompositionpresets/asteroid_stype_tin.xml
Asteroid_SType_Tin,hud_mining_asteroid_name_6,2,2,8375a8d8-1627-4d35-ae91-6f39b373c3ad,Laranite_Raw,Laranite (Raw),30,60,0.8,1,1,9c53b8a1-d1c7-4d5d-a734-1ac6d0269e59,libs/foundry/records/mining/rockcompositionpresets/asteroid_stype_tin.xml
Asteroid_SType_Tin,hud_mining_asteroid_name_6,2,3,f2f5bf2e-87f9-4f3d-bb59-b4e11eceeaad,Gold_Ore,Gold (Ore),20,50,0.1,1,1,9c53b8a1-d1c7-4d5d-a734-1ac6d0269e59,libs/foundry/records/mining/rockcompositionpresets/asteroid_stype_tin.xml
Asteroid_SType_Tin,hud_mining_asteroid_name_6,2,4,8893c670-f9f7-48df-a05b-e85764994256,Taranite_Raw,Taranite (Raw),20,50,0.3,1,1,9c53b8a1-d1c7-4d5d-a734-1ac6d0269e59,libs/foundry/records/mining/rockcompositionpresets/asteroid_stype_tin.xml
Asteroid_SType_Tin,hud_mining_asteroid_name_6,2,5,f48b147f-713e-481f-adf2-ff9869ac61bd,Bexalite_Raw,Bexalite (Raw),20,50,0.5,1,1,9c53b8a1-d1c7-4d5d-a734-1ac6d0269e59,libs/foundry/records/mining/rockcompositionpresets/asteroid_stype_tin.xml
Asteroid_SType_Tin,hud_mining_asteroid_name_6,2,6,9498a080-84c0-41f4-b88f-71942c60c43f,Sileron_Ore,Sileron (Ore),20,50,0.06,1,1,9c53b8a1-d1c7-4d5d-a734-1ac6d0269e59,libs/foundry/records/mining/rockcompositionpresets/asteroid_stype_tin.xml
Asteroid_SType_Tin,hud_mining_asteroid_name_6,2,7,905e9623-5e74-4a92-9cb1-72203ed8baad,Riccite_Ore,Riccite (Ore),20,50,0.12,1,1,9c53b8a1-d1c7-4d5d-a734-1ac6d0269e59,libs/foundry/records/mining/rockcompositionpresets/asteroid_stype_tin.xml
Asteroid_SType_Tin,hud_mining_asteroid_name_6,2,0,16b426e2-7ce1-4fb4-8b34-4d8617dd6a97,Tin_Ore,Tin (Ore),30,70,1,1,1,9c53b8a1-d1c7-4d5d-a734-1ac6d0269e59,libs/foundry/records/mining/rockcompositionpresets/asteroid_stype_tin.xml
Asteroid_SType_Tin,hud_mining_asteroid_name_6,2,1,cad02f99-292c-4ee4-93cc-a73868f11ddb,Beryl_Raw,Beryl (Raw),30,60,0.5,1,1,9c53b8a1-d1c7-4d5d-a734-1ac6d0269e59,libs/foundry/records/mining/rockcompositionpresets/asteroid_stype_tin.xml
Asteroid_SType_Tin,hud_mining_asteroid_name_6,2,2,8375a8d8-1627-4d35-ae91-6f39b373c3ad,Laranite_Raw,Laranite (Raw),30,60,0.8,1,1,9c53b8a1-d1c7-4d5d-a734-1ac6d0269e59,libs/foundry/records/mining/rockcompositionpresets/asteroid_stype_tin.xml
Asteroid_SType_Tin,hud_mining_asteroid_name_6,2,3,f2f5bf2e-87f9-4f3d-bb59-b4e11eceeaad,Gold_Ore,Gold (Ore),20,50,0.1,1,1,9c53b8a1-d1c7-4d5d-a734-1ac6d0269e59,libs/foundry/records/mining/rockcompositionpresets/asteroid_stype_tin.xml
Asteroid_SType_Tin,hud_mining_asteroid_name_6,2,4,8893c670-f9f7-48df-a05b-e85764994256,Taranite_Raw,Taranite (Raw),20,50,0.3,1,1,9c53b8a1-d1c7-4d5d-a734-1ac6d0269e59,libs/foundry/records/mining/rockcompositionpresets/asteroid_stype_tin.xml
Asteroid_SType_Tin,hud_mining_asteroid_name_6,2,5,f48b147f-713e-481f-adf2-ff9869ac61bd,Bexalite_Raw,Bexalite (Raw),20,50,0.5,1,1,9c53b8a1-d1c7-4d5d-a734-1ac6d0269e59,libs/foundry/records/mining/rockcompositionpresets/asteroid_stype_tin.xml
Asteroid_SType_Tin,hud_mining_asteroid_name_6,2,6,9498a080-84c0-41f4-b88f-71942c60c43f,Sileron_Ore,Sileron (Ore),20,50,0.06,1,1,9c53b8a1-d1c7-4d5d-a734-1ac6d0269e59,libs/foundry/records/mining/rockcompositionpresets/asteroid_stype_tin.xml
Asteroid_SType_Tin,hud_mining_asteroid_name_6,2,7,905e9623-5e74-4a92-9cb1-72203ed8baad,Riccite_Ore,Riccite (Ore),20,50,0.12,1,1,9c53b8a1-d1c7-4d5d-a734-1ac6d0269e59,libs/foundry/records/mining/rockcompositionpresets/asteroid_stype_tin.xml
Asteroid_SType_Titanium,hud_mining_asteroid_name_6,2,0,7b9055e5-6d62-44dd-a725-a31d838301eb,Titanium_Ore,Titanium (Ore),30,70,1,1,1,f91eac38-894b-42c3-b8c2-3f5947512f88,libs/foundry/records/mining/rockcompositionpresets/asteroid_stype_titanium.xml
Asteroid_SType_Titanium,hud_mining_asteroid_name_6,2,1,cad02f99-292c-4ee4-93cc-a73868f11ddb,Beryl_Raw,Beryl (Raw),30,60,0.5,1,1,f91eac38-894b-42c3-b8c2-3f5947512f88,libs/foundry/records/mining/rockcompositionpresets/asteroid_stype_titanium.xml
Asteroid_SType_Titanium,hud_mining_asteroid_name_6,2,2,8375a8d8-1627-4d35-ae91-6f39b373c3ad,Laranite_Raw,Laranite (Raw),30,60,0.5,1,1,f91eac38-894b-42c3-b8c2-3f5947512f88,libs/foundry/records/mining/rockcompositionpresets/asteroid_stype_titanium.xml
Asteroid_SType_Titanium,hud_mining_asteroid_name_6,2,3,f2f5bf2e-87f9-4f3d-bb59-b4e11eceeaad,Gold_Ore,Gold (Ore),20,50,0.2,1,1,f91eac38-894b-42c3-b8c2-3f5947512f88,libs/foundry/records/mining/rockcompositionpresets/asteroid_stype_titanium.xml
Asteroid_SType_Titanium,hud_mining_asteroid_name_6,2,4,8893c670-f9f7-48df-a05b-e85764994256,Taranite_Raw,Taranite (Raw),20,50,0.5,1,1,f91eac38-894b-42c3-b8c2-3f5947512f88,libs/foundry/records/mining/rockcompositionpresets/asteroid_stype_titanium.xml
Asteroid_SType_Titanium,hud_mining_asteroid_name_6,2,5,f48b147f-713e-481f-adf2-ff9869ac61bd,Bexalite_Raw,Bexalite (Raw),20,50,0.3,1,1,f91eac38-894b-42c3-b8c2-3f5947512f88,libs/foundry/records/mining/rockcompositionpresets/asteroid_stype_titanium.xml
Asteroid_SType_Titanium,hud_mining_asteroid_name_6,2,6,fc62043c-3f29-4fff-b754-2301762723f7,Quantainium_Raw,Quantainium (Raw),20,50,0.06,1,1,f91eac38-894b-42c3-b8c2-3f5947512f88,libs/foundry/records/mining/rockcompositionpresets/asteroid_stype_titanium.xml
Asteroid_SType_Titanium,hud_mining_asteroid_name_6,2,0,7b9055e5-6d62-44dd-a725-a31d838301eb,Titanium_Ore,Titanium (Ore),30,70,1,1,1,f91eac38-894b-42c3-b8c2-3f5947512f88,libs/foundry/records/mining/rockcompositionpresets/asteroid_stype_titanium.xml
Asteroid_SType_Titanium,hud_mining_asteroid_name_6,2,1,cad02f99-292c-4ee4-93cc-a73868f11ddb,Beryl_Raw,Beryl (Raw),30,60,0.5,1,1,f91eac38-894b-42c3-b8c2-3f5947512f88,libs/foundry/records/mining/rockcompositionpresets/asteroid_stype_titanium.xml
Asteroid_SType_Titanium,hud_mining_asteroid_name_6,2,2,8375a8d8-1627-4d35-ae91-6f39b373c3ad,Laranite_Raw,Laranite (Raw),30,60,0.5,1,1,f91eac38-894b-42c3-b8c2-3f5947512f88,libs/foundry/records/mining/rockcompositionpresets/asteroid_stype_titanium.xml
Asteroid_SType_Titanium,hud_mining_asteroid_name_6,2,3,f2f5bf2e-87f9-4f3d-bb59-b4e11eceeaad,Gold_Ore,Gold (Ore),20,50,0.2,1,1,f91eac38-894b-42c3-b8c2-3f5947512f88,libs/foundry/records/mining/rockcompositionpresets/asteroid_stype_titanium.xml
Asteroid_SType_Titanium,hud_mining_asteroid_name_6,2,4,8893c670-f9f7-48df-a05b-e85764994256,Taranite_Raw,Taranite (Raw),20,50,0.5,1,1,f91eac38-894b-42c3-b8c2-3f5947512f88,libs/foundry/records/mining/rockcompositionpresets/asteroid_stype_titanium.xml
Asteroid_SType_Titanium,hud_mining_asteroid_name_6,2,5,f48b147f-713e-481f-adf2-ff9869ac61bd,Bexalite_Raw,Bexalite (Raw),20,50,0.3,1,1,f91eac38-894b-42c3-b8c2-3f5947512f88,libs/foundry/records/mining/rockcompositionpresets/asteroid_stype_titanium.xml
Asteroid_SType_Titanium,hud_mining_asteroid_name_6,2,6,fc62043c-3f29-4fff-b754-2301762723f7,Quantainium_Raw,Quantainium (Raw),20,50,0.06,1,1,f91eac38-894b-42c3-b8c2-3f5947512f88,libs/foundry/records/mining/rockcompositionpresets/asteroid_stype_titanium.xml
Asteroid_SType_Tungsten,hud_mining_asteroid_name_6,2,0,8f6a7e06-934d-4339-a0a2-75420b81369a,Tungsten_Ore,Tungsten (Ore),30,70,1,1,1,e0e111ee-4cea-4fcd-8432-705dfaeb1b04,libs/foundry/records/mining/rockcompositionpresets/asteroid_stype_tungsten.xml
Asteroid_SType_Tungsten,hud_mining_asteroid_name_6,2,1,cad02f99-292c-4ee4-93cc-a73868f11ddb,Beryl_Raw,Beryl (Raw),30,60,0.5,1,1,e0e111ee-4cea-4fcd-8432-705dfaeb1b04,libs/foundry/records/mining/rockcompositionpresets/asteroid_stype_tungsten.xml
Asteroid_SType_Tungsten,hud_mining_asteroid_name_6,2,2,8375a8d8-1627-4d35-ae91-6f39b373c3ad,Laranite_Raw,Laranite (Raw),30,60,0.8,1,1,e0e111ee-4cea-4fcd-8432-705dfaeb1b04,libs/foundry/records/mining/rockcompositionpresets/asteroid_stype_tungsten.xml
Asteroid_SType_Tungsten,hud_mining_asteroid_name_6,2,3,f2f5bf2e-87f9-4f3d-bb59-b4e11eceeaad,Gold_Ore,Gold (Ore),20,50,0.1,1,1,e0e111ee-4cea-4fcd-8432-705dfaeb1b04,libs/foundry/records/mining/rockcompositionpresets/asteroid_stype_tungsten.xml
Asteroid_SType_Tungsten,hud_mining_asteroid_name_6,2,4,8893c670-f9f7-48df-a05b-e85764994256,Taranite_Raw,Taranite (Raw),20,50,0.3,1,1,e0e111ee-4cea-4fcd-8432-705dfaeb1b04,libs/foundry/records/mining/rockcompositionpresets/asteroid_stype_tungsten.xml
Asteroid_SType_Tungsten,hud_mining_asteroid_name_6,2,5,f48b147f-713e-481f-adf2-ff9869ac61bd,Bexalite_Raw,Bexalite (Raw),20,50,0.5,1,1,e0e111ee-4cea-4fcd-8432-705dfaeb1b04,libs/foundry/records/mining/rockcompositionpresets/asteroid_stype_tungsten.xml
Asteroid_SType_Tungsten,hud_mining_asteroid_name_6,2,6,fc62043c-3f29-4fff-b754-2301762723f7,Quantainium_Raw,Quantainium (Raw),20,50,0.06,1,1,e0e111ee-4cea-4fcd-8432-705dfaeb1b04,libs/foundry/records/mining/rockcompositionpresets/asteroid_stype_tungsten.xml
Asteroid_SType_Tungsten,hud_mining_asteroid_name_6,2,0,8f6a7e06-934d-4339-a0a2-75420b81369a,Tungsten_Ore,Tungsten (Ore),30,70,1,1,1,e0e111ee-4cea-4fcd-8432-705dfaeb1b04,libs/foundry/records/mining/rockcompositionpresets/asteroid_stype_tungsten.xml
Asteroid_SType_Tungsten,hud_mining_asteroid_name_6,2,1,cad02f99-292c-4ee4-93cc-a73868f11ddb,Beryl_Raw,Beryl (Raw),30,60,0.5,1,1,e0e111ee-4cea-4fcd-8432-705dfaeb1b04,libs/foundry/records/mining/rockcompositionpresets/asteroid_stype_tungsten.xml
Asteroid_SType_Tungsten,hud_mining_asteroid_name_6,2,2,8375a8d8-1627-4d35-ae91-6f39b373c3ad,Laranite_Raw,Laranite (Raw),30,60,0.8,1,1,e0e111ee-4cea-4fcd-8432-705dfaeb1b04,libs/foundry/records/mining/rockcompositionpresets/asteroid_stype_tungsten.xml
Asteroid_SType_Tungsten,hud_mining_asteroid_name_6,2,3,f2f5bf2e-87f9-4f3d-bb59-b4e11eceeaad,Gold_Ore,Gold (Ore),20,50,0.1,1,1,e0e111ee-4cea-4fcd-8432-705dfaeb1b04,libs/foundry/records/mining/rockcompositionpresets/asteroid_stype_tungsten.xml
Asteroid_SType_Tungsten,hud_mining_asteroid_name_6,2,4,8893c670-f9f7-48df-a05b-e85764994256,Taranite_Raw,Taranite (Raw),20,50,0.3,1,1,e0e111ee-4cea-4fcd-8432-705dfaeb1b04,libs/foundry/records/mining/rockcompositionpresets/asteroid_stype_tungsten.xml
Asteroid_SType_Tungsten,hud_mining_asteroid_name_6,2,5,f48b147f-713e-481f-adf2-ff9869ac61bd,Bexalite_Raw,Bexalite (Raw),20,50,0.5,1,1,e0e111ee-4cea-4fcd-8432-705dfaeb1b04,libs/foundry/records/mining/rockcompositionpresets/asteroid_stype_tungsten.xml
Asteroid_SType_Tungsten,hud_mining_asteroid_name_6,2,6,fc62043c-3f29-4fff-b754-2301762723f7,Quantainium_Raw,Quantainium (Raw),20,50,0.06,1,1,e0e111ee-4cea-4fcd-8432-705dfaeb1b04,libs/foundry/records/mining/rockcompositionpresets/asteroid_stype_tungsten.xml
Asteroid_SType,hud_mining_asteroid_name_6,2,0,3776294d-5689-41f2-b03d-e8fcd17ede6a,Aluminium_Ore,Aluminum (Ore),30,70,1,1,1,8a2efce2-5d30-4bb0-b5e4-fd0bdf64649d,libs/foundry/records/mining/rockcompositionpresets/asteroid_stype.xml
Asteroid_SType,hud_mining_asteroid_name_6,2,1,cad02f99-292c-4ee4-93cc-a73868f11ddb,Beryl_Raw,Beryl (Raw),30,60,0.6,1,1,8a2efce2-5d30-4bb0-b5e4-fd0bdf64649d,libs/foundry/records/mining/rockcompositionpresets/asteroid_stype.xml
Asteroid_SType,hud_mining_asteroid_name_6,2,2,8375a8d8-1627-4d35-ae91-6f39b373c3ad,Laranite_Raw,Laranite (Raw),30,60,0.6,1,1,8a2efce2-5d30-4bb0-b5e4-fd0bdf64649d,libs/foundry/records/mining/rockcompositionpresets/asteroid_stype.xml
Asteroid_SType,hud_mining_asteroid_name_6,2,3,f2f5bf2e-87f9-4f3d-bb59-b4e11eceeaad,Gold_Ore,Gold (Ore),20,50,0.07,1,1,8a2efce2-5d30-4bb0-b5e4-fd0bdf64649d,libs/foundry/records/mining/rockcompositionpresets/asteroid_stype.xml
Asteroid_SType,hud_mining_asteroid_name_6,2,4,8893c670-f9f7-48df-a05b-e85764994256,Taranite_Raw,Taranite (Raw),20,50,0.3,1,1,8a2efce2-5d30-4bb0-b5e4-fd0bdf64649d,libs/foundry/records/mining/rockcompositionpresets/asteroid_stype.xml
Asteroid_SType,hud_mining_asteroid_name_6,2,5,f48b147f-713e-481f-adf2-ff9869ac61bd,Bexalite_Raw,Bexalite (Raw),20,50,0.3,1,1,8a2efce2-5d30-4bb0-b5e4-fd0bdf64649d,libs/foundry/records/mining/rockcompositionpresets/asteroid_stype.xml
Asteroid_SType,hud_mining_asteroid_name_6,2,6,fc62043c-3f29-4fff-b754-2301762723f7,Quantainium_Raw,Quantainium (Raw),20,50,0.05,1,1,8a2efce2-5d30-4bb0-b5e4-fd0bdf64649d,libs/foundry/records/mining/rockcompositionpresets/asteroid_stype.xml
Asteroid_SType,hud_mining_asteroid_name_6,2,0,3776294d-5689-41f2-b03d-e8fcd17ede6a,Aluminium_Ore,Aluminum (Ore),30,70,1,1,1,8a2efce2-5d30-4bb0-b5e4-fd0bdf64649d,libs/foundry/records/mining/rockcompositionpresets/asteroid_stype.xml
Asteroid_SType,hud_mining_asteroid_name_6,2,1,cad02f99-292c-4ee4-93cc-a73868f11ddb,Beryl_Raw,Beryl (Raw),30,60,0.6,1,1,8a2efce2-5d30-4bb0-b5e4-fd0bdf64649d,libs/foundry/records/mining/rockcompositionpresets/asteroid_stype.xml
Asteroid_SType,hud_mining_asteroid_name_6,2,2,8375a8d8-1627-4d35-ae91-6f39b373c3ad,Laranite_Raw,Laranite (Raw),30,60,0.6,1,1,8a2efce2-5d30-4bb0-b5e4-fd0bdf64649d,libs/foundry/records/mining/rockcompositionpresets/asteroid_stype.xml
Asteroid_SType,hud_mining_asteroid_name_6,2,3,f2f5bf2e-87f9-4f3d-bb59-b4e11eceeaad,Gold_Ore,Gold (Ore),20,50,0.07,1,1,8a2efce2-5d30-4bb0-b5e4-fd0bdf64649d,libs/foundry/records/mining/rockcompositionpresets/asteroid_stype.xml
Asteroid_SType,hud_mining_asteroid_name_6,2,4,8893c670-f9f7-48df-a05b-e85764994256,Taranite_Raw,Taranite (Raw),20,50,0.3,1,1,8a2efce2-5d30-4bb0-b5e4-fd0bdf64649d,libs/foundry/records/mining/rockcompositionpresets/asteroid_stype.xml
Asteroid_SType,hud_mining_asteroid_name_6,2,5,f48b147f-713e-481f-adf2-ff9869ac61bd,Bexalite_Raw,Bexalite (Raw),20,50,0.3,1,1,8a2efce2-5d30-4bb0-b5e4-fd0bdf64649d,libs/foundry/records/mining/rockcompositionpresets/asteroid_stype.xml
Asteroid_SType,hud_mining_asteroid_name_6,2,6,fc62043c-3f29-4fff-b754-2301762723f7,Quantainium_Raw,Quantainium (Raw),20,50,0.05,1,1,8a2efce2-5d30-4bb0-b5e4-fd0bdf64649d,libs/foundry/records/mining/rockcompositionpresets/asteroid_stype.xml
CommonShipMineablesAsteroid_Aluminum,items_commodities_aluminum_ore,3,0,3776294d-5689-41f2-b03d-e8fcd17ede6a,Aluminium_Ore,Aluminum (Ore),2.82,6.82,1,1,1,d8e3343e-b79a-4734-8c96-dfe5b0272e94,libs/foundry/records/mining/rockcompositionpresets/asteroidshipmining/commonshipmineablesasteroid_aluminum.xml
CommonShipMineablesAsteroid_Aluminum,items_commodities_aluminum_ore,3,1,3776294d-5689-41f2-b03d-e8fcd17ede6a,Aluminium_Ore,Aluminum (Ore),39.18,83.18,1,1,0.49,d8e3343e-b79a-4734-8c96-dfe5b0272e94,libs/foundry/records/mining/rockcompositionpresets/asteroidshipmining/commonshipmineablesasteroid_aluminum.xml
CommonShipMineablesAsteroid_Aluminum,items_commodities_aluminum_ore,3,2,b471b96c-efbb-4342-90de-cfa087604d8e,Corundum_Raw,Corundum (Raw),5,10,1,1,0.789,d8e3343e-b79a-4734-8c96-dfe5b0272e94,libs/foundry/records/mining/rockcompositionpresets/asteroidshipmining/commonshipmineablesasteroid_aluminum.xml
CommonShipMineablesAsteroid_Aluminum,items_commodities_aluminum_ore,3,0,3776294d-5689-41f2-b03d-e8fcd17ede6a,Aluminium_Ore,Aluminum (Ore),2.82,6.82,1,1,1,d8e3343e-b79a-4734-8c96-dfe5b0272e94,libs/foundry/records/mining/rockcompositionpresets/asteroidshipmining/commonshipmineablesasteroid_aluminum.xml
CommonShipMineablesAsteroid_Aluminum,items_commodities_aluminum_ore,3,1,3776294d-5689-41f2-b03d-e8fcd17ede6a,Aluminium_Ore,Aluminum (Ore),39.18,83.18,1,1,0.49,d8e3343e-b79a-4734-8c96-dfe5b0272e94,libs/foundry/records/mining/rockcompositionpresets/asteroidshipmining/commonshipmineablesasteroid_aluminum.xml
CommonShipMineablesAsteroid_Aluminum,items_commodities_aluminum_ore,3,2,b471b96c-efbb-4342-90de-cfa087604d8e,Corundum_Raw,Corundum (Raw),5,10,1,1,0.789,d8e3343e-b79a-4734-8c96-dfe5b0272e94,libs/foundry/records/mining/rockcompositionpresets/asteroidshipmining/commonshipmineablesasteroid_aluminum.xml
CommonShipMineablesAsteroid_Copper,items_commodities_copper_ore,3,0,ee12edc1-a2c3-4202-909d-9b729a050a3f,Copper_Ore,Copper (Ore),5.7,11.7,1,1,1,f5bcbf37-d613-4b51-897f-a11572d5f575,libs/foundry/records/mining/rockcompositionpresets/asteroidshipmining/commonshipmineablesasteroid_copper.xml
CommonShipMineablesAsteroid_Copper,items_commodities_copper_ore,3,1,ee12edc1-a2c3-4202-909d-9b729a050a3f,Copper_Ore,Copper (Ore),28.3,78.3,1,1,0.49,f5bcbf37-d613-4b51-897f-a11572d5f575,libs/foundry/records/mining/rockcompositionpresets/asteroidshipmining/commonshipmineablesasteroid_copper.xml
CommonShipMineablesAsteroid_Copper,items_commodities_copper_ore,3,2,16b426e2-7ce1-4fb4-8b34-4d8617dd6a97,Tin_Ore,Tin (Ore),5,10,1,1,0.789,f5bcbf37-d613-4b51-897f-a11572d5f575,libs/foundry/records/mining/rockcompositionpresets/asteroidshipmining/commonshipmineablesasteroid_copper.xml
CommonShipMineablesAsteroid_Copper,items_commodities_copper_ore,3,0,ee12edc1-a2c3-4202-909d-9b729a050a3f,Copper_Ore,Copper (Ore),5.7,11.7,1,1,1,f5bcbf37-d613-4b51-897f-a11572d5f575,libs/foundry/records/mining/rockcompositionpresets/asteroidshipmining/commonshipmineablesasteroid_copper.xml
CommonShipMineablesAsteroid_Copper,items_commodities_copper_ore,3,1,ee12edc1-a2c3-4202-909d-9b729a050a3f,Copper_Ore,Copper (Ore),28.3,78.3,1,1,0.49,f5bcbf37-d613-4b51-897f-a11572d5f575,libs/foundry/records/mining/rockcompositionpresets/asteroidshipmining/commonshipmineablesasteroid_copper.xml
CommonShipMineablesAsteroid_Copper,items_commodities_copper_ore,3,2,16b426e2-7ce1-4fb4-8b34-4d8617dd6a97,Tin_Ore,Tin (Ore),5,10,1,1,0.789,f5bcbf37-d613-4b51-897f-a11572d5f575,libs/foundry/records/mining/rockcompositionpresets/asteroidshipmining/commonshipmineablesasteroid_copper.xml
CommonShipMineablesAsteroid_Corundum,items_commodities_corundum_raw,3,0,b471b96c-efbb-4342-90de-cfa087604d8e,Corundum_Raw,Corundum (Raw),5.7,11.7,1,1,1,f7959de5-2bd2-43ab-aae3-4d057d624852,libs/foundry/records/mining/rockcompositionpresets/asteroidshipmining/commonshipmineablesasteroid_corundum.xml
CommonShipMineablesAsteroid_Corundum,items_commodities_corundum_raw,3,1,b471b96c-efbb-4342-90de-cfa087604d8e,Corundum_Raw,Corundum (Raw),28.3,78.3,1,1,1,f7959de5-2bd2-43ab-aae3-4d057d624852,libs/foundry/records/mining/rockcompositionpresets/asteroidshipmining/commonshipmineablesasteroid_corundum.xml
CommonShipMineablesAsteroid_Corundum,items_commodities_corundum_raw,3,2,3776294d-5689-41f2-b03d-e8fcd17ede6a,Aluminium_Ore,Aluminum (Ore),5,10,1,1,0.789,f7959de5-2bd2-43ab-aae3-4d057d624852,libs/foundry/records/mining/rockcompositionpresets/asteroidshipmining/commonshipmineablesasteroid_corundum.xml
CommonShipMineablesAsteroid_Corundum,items_commodities_corundum_raw,3,0,b471b96c-efbb-4342-90de-cfa087604d8e,Corundum_Raw,Corundum (Raw),5.7,11.7,1,1,1,f7959de5-2bd2-43ab-aae3-4d057d624852,libs/foundry/records/mining/rockcompositionpresets/asteroidshipmining/commonshipmineablesasteroid_corundum.xml
CommonShipMineablesAsteroid_Corundum,items_commodities_corundum_raw,3,1,b471b96c-efbb-4342-90de-cfa087604d8e,Corundum_Raw,Corundum (Raw),28.3,78.3,1,1,1,f7959de5-2bd2-43ab-aae3-4d057d624852,libs/foundry/records/mining/rockcompositionpresets/asteroidshipmining/commonshipmineablesasteroid_corundum.xml
CommonShipMineablesAsteroid_Corundum,items_commodities_corundum_raw,3,2,3776294d-5689-41f2-b03d-e8fcd17ede6a,Aluminium_Ore,Aluminum (Ore),5,10,1,1,0.789,f7959de5-2bd2-43ab-aae3-4d057d624852,libs/foundry/records/mining/rockcompositionpresets/asteroidshipmining/commonshipmineablesasteroid_corundum.xml
CommonShipMineablesAsteroid_Hephaestanite,items_commodities_hephaestanite_raw,4,0,220c2e18-9324-4528-b399-2f908488b204,Hephaestanite_Raw,Hephaestanite (Raw),2.82,6.82,1,1,1,44035494-974e-47f5-98a2-79a1616b62a6,libs/foundry/records/mining/rockcompositionpresets/asteroidshipmining/commonshipmineablesasteroid_hephaestanite.xml
CommonShipMineablesAsteroid_Hephaestanite,items_commodities_hephaestanite_raw,4,1,220c2e18-9324-4528-b399-2f908488b204,Hephaestanite_Raw,Hephaestanite (Raw),39.18,83.18,1,1,0.49,44035494-974e-47f5-98a2-79a1616b62a6,libs/foundry/records/mining/rockcompositionpresets/asteroidshipmining/commonshipmineablesasteroid_hephaestanite.xml
CommonShipMineablesAsteroid_Hephaestanite,items_commodities_hephaestanite_raw,4,2,1d35c0bc-9142-42ff-8a83-0ec68d69a128,Quartz_Raw,Quartz (Raw),2,5,1,1,0.789,44035494-974e-47f5-98a2-79a1616b62a6,libs/foundry/records/mining/rockcompositionpresets/asteroidshipmining/commonshipmineablesasteroid_hephaestanite.xml
CommonShipMineablesAsteroid_Hephaestanite,items_commodities_hephaestanite_raw,4,3,219e8523-b953-4517-812a-0fb2eb023209,Silicon_Raw,Silicon (Raw),2,5,1,1,0.789,44035494-974e-47f5-98a2-79a1616b62a6,libs/foundry/records/mining/rockcompositionpresets/asteroidshipmining/commonshipmineablesasteroid_hephaestanite.xml
CommonShipMineablesAsteroid_Hephaestanite,items_commodities_hephaestanite_raw,4,0,220c2e18-9324-4528-b399-2f908488b204,Hephaestanite_Raw,Hephaestanite (Raw),2.82,6.82,1,1,1,44035494-974e-47f5-98a2-79a1616b62a6,libs/foundry/records/mining/rockcompositionpresets/asteroidshipmining/commonshipmineablesasteroid_hephaestanite.xml
CommonShipMineablesAsteroid_Hephaestanite,items_commodities_hephaestanite_raw,4,1,220c2e18-9324-4528-b399-2f908488b204,Hephaestanite_Raw,Hephaestanite (Raw),39.18,83.18,1,1,0.49,44035494-974e-47f5-98a2-79a1616b62a6,libs/foundry/records/mining/rockcompositionpresets/asteroidshipmining/commonshipmineablesasteroid_hephaestanite.xml
CommonShipMineablesAsteroid_Hephaestanite,items_commodities_hephaestanite_raw,4,2,1d35c0bc-9142-42ff-8a83-0ec68d69a128,Quartz_Raw,Quartz (Raw),2,5,1,1,0.789,44035494-974e-47f5-98a2-79a1616b62a6,libs/foundry/records/mining/rockcompositionpresets/asteroidshipmining/commonshipmineablesasteroid_hephaestanite.xml
CommonShipMineablesAsteroid_Hephaestanite,items_commodities_hephaestanite_raw,4,3,219e8523-b953-4517-812a-0fb2eb023209,Silicon_Raw,Silicon (Raw),2,5,1,1,0.789,44035494-974e-47f5-98a2-79a1616b62a6,libs/foundry/records/mining/rockcompositionpresets/asteroidshipmining/commonshipmineablesasteroid_hephaestanite.xml
CommonShipMineablesAsteroid_Ice,items_commodities_raw_ice,2,0,51745536-ff2b-4840-a6f8-b1ed498a77ff,Ice_Raw,Ice (Raw),9.7,15.7,1,1,1,3fc54018-acc4-4b34-aac1-bb97aa2bbece,libs/foundry/records/mining/rockcompositionpresets/asteroidshipmining/commonshipmineablesasteroid_ice.xml
CommonShipMineablesAsteroid_Ice,items_commodities_raw_ice,2,1,51745536-ff2b-4840-a6f8-b1ed498a77ff,Ice_Raw,Ice (Raw),34.3,84.3,1,1,0.49,3fc54018-acc4-4b34-aac1-bb97aa2bbece,libs/foundry/records/mining/rockcompositionpresets/asteroidshipmining/commonshipmineablesasteroid_ice.xml
CommonShipMineablesAsteroid_Ice,items_commodities_raw_ice,2,0,51745536-ff2b-4840-a6f8-b1ed498a77ff,Ice_Raw,Ice (Raw),9.7,15.7,1,1,1,3fc54018-acc4-4b34-aac1-bb97aa2bbece,libs/foundry/records/mining/rockcompositionpresets/asteroidshipmining/commonshipmineablesasteroid_ice.xml
CommonShipMineablesAsteroid_Ice,items_commodities_raw_ice,2,1,51745536-ff2b-4840-a6f8-b1ed498a77ff,Ice_Raw,Ice (Raw),34.3,84.3,1,1,0.49,3fc54018-acc4-4b34-aac1-bb97aa2bbece,libs/foundry/records/mining/rockcompositionpresets/asteroidshipmining/commonshipmineablesasteroid_ice.xml
CommonShipMineablesAsteroid_Iron,items_commodities_iron_ore,2,0,05708bae-1cb1-4e63-bb95-ec7f4a3ef430,Iron_Ore,Iron (Ore),9.7,15.7,1,1,1,ece23c39-ebb8-4a72-871b-5413e70619bf,libs/foundry/records/mining/rockcompositionpresets/asteroidshipmining/commonshipmineablesasteroid_iron.xml
CommonShipMineablesAsteroid_Iron,items_commodities_iron_ore,2,1,05708bae-1cb1-4e63-bb95-ec7f4a3ef430,Iron_Ore,Iron (Ore),34.3,84.3,1,1,0.49,ece23c39-ebb8-4a72-871b-5413e70619bf,libs/foundry/records/mining/rockcompositionpresets/asteroidshipmining/commonshipmineablesasteroid_iron.xml
CommonShipMineablesAsteroid_Iron,items_commodities_iron_ore,2,0,05708bae-1cb1-4e63-bb95-ec7f4a3ef430,Iron_Ore,Iron (Ore),9.7,15.7,1,1,1,ece23c39-ebb8-4a72-871b-5413e70619bf,libs/foundry/records/mining/rockcompositionpresets/asteroidshipmining/commonshipmineablesasteroid_iron.xml
CommonShipMineablesAsteroid_Iron,items_commodities_iron_ore,2,1,05708bae-1cb1-4e63-bb95-ec7f4a3ef430,Iron_Ore,Iron (Ore),34.3,84.3,1,1,0.49,ece23c39-ebb8-4a72-871b-5413e70619bf,libs/foundry/records/mining/rockcompositionpresets/asteroidshipmining/commonshipmineablesasteroid_iron.xml
CommonShipMineablesAsteroid_Quartz,items_commodities_quartz_raw,4,0,1d35c0bc-9142-42ff-8a83-0ec68d69a128,Quartz_Raw,Quartz (Raw),5.7,11.7,1,1,1,984fcc10-90b2-433f-ba95-79ce692d855b,libs/foundry/records/mining/rockcompositionpresets/asteroidshipmining/commonshipmineablesasteroid_quartz.xml
CommonShipMineablesAsteroid_Quartz,items_commodities_quartz_raw,4,1,1d35c0bc-9142-42ff-8a83-0ec68d69a128,Quartz_Raw,Quartz (Raw),28.3,78.3,1,1,0.49,984fcc10-90b2-433f-ba95-79ce692d855b,libs/foundry/records/mining/rockcompositionpresets/asteroidshipmining/commonshipmineablesasteroid_quartz.xml
CommonShipMineablesAsteroid_Quartz,items_commodities_quartz_raw,4,2,220c2e18-9324-4528-b399-2f908488b204,Hephaestanite_Raw,Hephaestanite (Raw),2,5,1,1,0.789,984fcc10-90b2-433f-ba95-79ce692d855b,libs/foundry/records/mining/rockcompositionpresets/asteroidshipmining/commonshipmineablesasteroid_quartz.xml
CommonShipMineablesAsteroid_Quartz,items_commodities_quartz_raw,4,3,219e8523-b953-4517-812a-0fb2eb023209,Silicon_Raw,Silicon (Raw),2,5,1,1,0.789,984fcc10-90b2-433f-ba95-79ce692d855b,libs/foundry/records/mining/rockcompositionpresets/asteroidshipmining/commonshipmineablesasteroid_quartz.xml
CommonShipMineablesAsteroid_Quartz,items_commodities_quartz_raw,4,0,1d35c0bc-9142-42ff-8a83-0ec68d69a128,Quartz_Raw,Quartz (Raw),5.7,11.7,1,1,1,984fcc10-90b2-433f-ba95-79ce692d855b,libs/foundry/records/mining/rockcompositionpresets/asteroidshipmining/commonshipmineablesasteroid_quartz.xml
CommonShipMineablesAsteroid_Quartz,items_commodities_quartz_raw,4,1,1d35c0bc-9142-42ff-8a83-0ec68d69a128,Quartz_Raw,Quartz (Raw),28.3,78.3,1,1,0.49,984fcc10-90b2-433f-ba95-79ce692d855b,libs/foundry/records/mining/rockcompositionpresets/asteroidshipmining/commonshipmineablesasteroid_quartz.xml
CommonShipMineablesAsteroid_Quartz,items_commodities_quartz_raw,4,2,220c2e18-9324-4528-b399-2f908488b204,Hephaestanite_Raw,Hephaestanite (Raw),2,5,1,1,0.789,984fcc10-90b2-433f-ba95-79ce692d855b,libs/foundry/records/mining/rockcompositionpresets/asteroidshipmining/commonshipmineablesasteroid_quartz.xml
CommonShipMineablesAsteroid_Quartz,items_commodities_quartz_raw,4,3,219e8523-b953-4517-812a-0fb2eb023209,Silicon_Raw,Silicon (Raw),2,5,1,1,0.789,984fcc10-90b2-433f-ba95-79ce692d855b,libs/foundry/records/mining/rockcompositionpresets/asteroidshipmining/commonshipmineablesasteroid_quartz.xml
CommonShipMineablesAsteroid_Silicon,items_commodities_raw_silicon,4,0,219e8523-b953-4517-812a-0fb2eb023209,Silicon_Raw,Silicon (Raw),5.7,11.7,1,1,1,836eb20c-3a2e-422d-a797-27c2f0ed755d,libs/foundry/records/mining/rockcompositionpresets/asteroidshipmining/commonshipmineablesasteroid_silicon.xml
CommonShipMineablesAsteroid_Silicon,items_commodities_raw_silicon,4,1,219e8523-b953-4517-812a-0fb2eb023209,Silicon_Raw,Silicon (Raw),28.3,78.3,1,1,0.49,836eb20c-3a2e-422d-a797-27c2f0ed755d,libs/foundry/records/mining/rockcompositionpresets/asteroidshipmining/commonshipmineablesasteroid_silicon.xml
CommonShipMineablesAsteroid_Silicon,items_commodities_raw_silicon,4,2,220c2e18-9324-4528-b399-2f908488b204,Hephaestanite_Raw,Hephaestanite (Raw),2,5,1,1,0.789,836eb20c-3a2e-422d-a797-27c2f0ed755d,libs/foundry/records/mining/rockcompositionpresets/asteroidshipmining/commonshipmineablesasteroid_silicon.xml
CommonShipMineablesAsteroid_Silicon,items_commodities_raw_silicon,4,3,220c2e18-9324-4528-b399-2f908488b204,Hephaestanite_Raw,Hephaestanite (Raw),2,5,1,1,0.789,836eb20c-3a2e-422d-a797-27c2f0ed755d,libs/foundry/records/mining/rockcompositionpresets/asteroidshipmining/commonshipmineablesasteroid_silicon.xml
CommonShipMineablesAsteroid_Silicon,items_commodities_raw_silicon,4,0,219e8523-b953-4517-812a-0fb2eb023209,Silicon_Raw,Silicon (Raw),5.7,11.7,1,1,1,836eb20c-3a2e-422d-a797-27c2f0ed755d,libs/foundry/records/mining/rockcompositionpresets/asteroidshipmining/commonshipmineablesasteroid_silicon.xml
CommonShipMineablesAsteroid_Silicon,items_commodities_raw_silicon,4,1,219e8523-b953-4517-812a-0fb2eb023209,Silicon_Raw,Silicon (Raw),28.3,78.3,1,1,0.49,836eb20c-3a2e-422d-a797-27c2f0ed755d,libs/foundry/records/mining/rockcompositionpresets/asteroidshipmining/commonshipmineablesasteroid_silicon.xml
CommonShipMineablesAsteroid_Silicon,items_commodities_raw_silicon,4,2,220c2e18-9324-4528-b399-2f908488b204,Hephaestanite_Raw,Hephaestanite (Raw),2,5,1,1,0.789,836eb20c-3a2e-422d-a797-27c2f0ed755d,libs/foundry/records/mining/rockcompositionpresets/asteroidshipmining/commonshipmineablesasteroid_silicon.xml
CommonShipMineablesAsteroid_Silicon,items_commodities_raw_silicon,4,3,220c2e18-9324-4528-b399-2f908488b204,Hephaestanite_Raw,Hephaestanite (Raw),2,5,1,1,0.789,836eb20c-3a2e-422d-a797-27c2f0ed755d,libs/foundry/records/mining/rockcompositionpresets/asteroidshipmining/commonshipmineablesasteroid_silicon.xml
CommonShipMineablesAsteroid_TEMPLATE,LOC_EMPTY,1,0,3abbac13-812b-4389-88f3-7a5e995cb7af,TestElement_Balance,Testelement Balance,50,100,1,1,1,776ca041-3870-452e-be6a-d0a3e88c72d2,libs/foundry/records/mining/rockcompositionpresets/asteroidshipmining/commonshipmineablesasteroid_template.xml
CommonShipMineablesAsteroid_TEMPLATE,LOC_EMPTY,1,0,3abbac13-812b-4389-88f3-7a5e995cb7af,TestElement_Balance,Testelement Balance,50,100,1,1,1,776ca041-3870-452e-be6a-d0a3e88c72d2,libs/foundry/records/mining/rockcompositionpresets/asteroidshipmining/commonshipmineablesasteroid_template.xml
CommonShipMineablesAsteroid_Tin,items_commodities_tin_ore,3,0,16b426e2-7ce1-4fb4-8b34-4d8617dd6a97,Tin_Ore,Tin (Ore),9.7,15.7,1,1,1,0739cc49-707f-4b00-91fa-f16f6eaadf90,libs/foundry/records/mining/rockcompositionpresets/asteroidshipmining/commonshipmineablesasteroid_tin.xml
CommonShipMineablesAsteroid_Tin,items_commodities_tin_ore,3,1,16b426e2-7ce1-4fb4-8b34-4d8617dd6a97,Tin_Ore,Tin (Ore),24.3,74.3,1,1,0.49,0739cc49-707f-4b00-91fa-f16f6eaadf90,libs/foundry/records/mining/rockcompositionpresets/asteroidshipmining/commonshipmineablesasteroid_tin.xml
CommonShipMineablesAsteroid_Tin,items_commodities_tin_ore,3,2,ee12edc1-a2c3-4202-909d-9b729a050a3f,Copper_Ore,Copper (Ore),5,10,1,1,0.789,0739cc49-707f-4b00-91fa-f16f6eaadf90,libs/foundry/records/mining/rockcompositionpresets/asteroidshipmining/commonshipmineablesasteroid_tin.xml
CommonShipMineablesAsteroid_Tin,items_commodities_tin_ore,3,0,16b426e2-7ce1-4fb4-8b34-4d8617dd6a97,Tin_Ore,Tin (Ore),9.7,15.7,1,1,1,0739cc49-707f-4b00-91fa-f16f6eaadf90,libs/foundry/records/mining/rockcompositionpresets/asteroidshipmining/commonshipmineablesasteroid_tin.xml
CommonShipMineablesAsteroid_Tin,items_commodities_tin_ore,3,1,16b426e2-7ce1-4fb4-8b34-4d8617dd6a97,Tin_Ore,Tin (Ore),24.3,74.3,1,1,0.49,0739cc49-707f-4b00-91fa-f16f6eaadf90,libs/foundry/records/mining/rockcompositionpresets/asteroidshipmining/commonshipmineablesasteroid_tin.xml
CommonShipMineablesAsteroid_Tin,items_commodities_tin_ore,3,2,ee12edc1-a2c3-4202-909d-9b729a050a3f,Copper_Ore,Copper (Ore),5,10,1,1,0.789,0739cc49-707f-4b00-91fa-f16f6eaadf90,libs/foundry/records/mining/rockcompositionpresets/asteroidshipmining/commonshipmineablesasteroid_tin.xml
EpicShipMineablesAsteroid_Lindinium,items_commodities_lindinium_ore,3,0,1ec31863-26a8-446e-9805-448bb50253ed,Lindinium_Ore,Lindinium (Ore),9.7,15.7,1,1,1,fd7dc10a-19a4-4f82-aae2-52ac35bda567,libs/foundry/records/mining/rockcompositionpresets/asteroidshipmining/epicshipmineablesasteroid_lindinium.xml
EpicShipMineablesAsteroid_Lindinium,items_commodities_lindinium_ore,3,1,1ec31863-26a8-446e-9805-448bb50253ed,Lindinium_Ore,Lindinium (Ore),24.3,74.3,1,1,0.49,fd7dc10a-19a4-4f82-aae2-52ac35bda567,libs/foundry/records/mining/rockcompositionpresets/asteroidshipmining/epicshipmineablesasteroid_lindinium.xml
EpicShipMineablesAsteroid_Lindinium,items_commodities_lindinium_ore,3,2,8f6a7e06-934d-4339-a0a2-75420b81369a,Tungsten_Ore,Tungsten (Ore),5,10,1,1,0.789,fd7dc10a-19a4-4f82-aae2-52ac35bda567,libs/foundry/records/mining/rockcompositionpresets/asteroidshipmining/epicshipmineablesasteroid_lindinium.xml
EpicShipMineablesAsteroid_Lindinium,items_commodities_lindinium_ore,3,0,1ec31863-26a8-446e-9805-448bb50253ed,Lindinium_Ore,Lindinium (Ore),9.7,15.7,1,1,1,fd7dc10a-19a4-4f82-aae2-52ac35bda567,libs/foundry/records/mining/rockcompositionpresets/asteroidshipmining/epicshipmineablesasteroid_lindinium.xml
EpicShipMineablesAsteroid_Lindinium,items_commodities_lindinium_ore,3,1,1ec31863-26a8-446e-9805-448bb50253ed,Lindinium_Ore,Lindinium (Ore),24.3,74.3,1,1,0.49,fd7dc10a-19a4-4f82-aae2-52ac35bda567,libs/foundry/records/mining/rockcompositionpresets/asteroidshipmining/epicshipmineablesasteroid_lindinium.xml
EpicShipMineablesAsteroid_Lindinium,items_commodities_lindinium_ore,3,2,8f6a7e06-934d-4339-a0a2-75420b81369a,Tungsten_Ore,Tungsten (Ore),5,10,1,1,0.789,fd7dc10a-19a4-4f82-aae2-52ac35bda567,libs/foundry/records/mining/rockcompositionpresets/asteroidshipmining/epicshipmineablesasteroid_lindinium.xml
EpicShipMineablesAsteroid_Ouratite,items_commodities_ouratite,3,0,8723956e-e947-4b84-9dcb-b2c6137895ab,Ouratite_Raw,Ouratite (Raw),2.82,6.82,1,1,1,0880d6d0-bee5-41b1-9aef-cc040a539ecf,libs/foundry/records/mining/rockcompositionpresets/asteroidshipmining/epicshipmineablesasteroid_ouratite.xml
EpicShipMineablesAsteroid_Ouratite,items_commodities_ouratite,3,1,8723956e-e947-4b84-9dcb-b2c6137895ab,Ouratite_Raw,Ouratite (Raw),39.18,83.18,1,1,0.49,0880d6d0-bee5-41b1-9aef-cc040a539ecf,libs/foundry/records/mining/rockcompositionpresets/asteroidshipmining/epicshipmineablesasteroid_ouratite.xml
EpicShipMineablesAsteroid_Ouratite,items_commodities_ouratite,3,2,d61d6c33-e428-4014-9326-0b06034de16a,Agricium_Ore,Agricium (Ore),5,10,1,1,0.789,0880d6d0-bee5-41b1-9aef-cc040a539ecf,libs/foundry/records/mining/rockcompositionpresets/asteroidshipmining/epicshipmineablesasteroid_ouratite.xml
EpicShipMineablesAsteroid_Ouratite,items_commodities_ouratite,3,0,8723956e-e947-4b84-9dcb-b2c6137895ab,Ouratite_Raw,Ouratite (Raw),2.82,6.82,1,1,1,0880d6d0-bee5-41b1-9aef-cc040a539ecf,libs/foundry/records/mining/rockcompositionpresets/asteroidshipmining/epicshipmineablesasteroid_ouratite.xml
EpicShipMineablesAsteroid_Ouratite,items_commodities_ouratite,3,1,8723956e-e947-4b84-9dcb-b2c6137895ab,Ouratite_Raw,Ouratite (Raw),39.18,83.18,1,1,0.49,0880d6d0-bee5-41b1-9aef-cc040a539ecf,libs/foundry/records/mining/rockcompositionpresets/asteroidshipmining/epicshipmineablesasteroid_ouratite.xml
EpicShipMineablesAsteroid_Ouratite,items_commodities_ouratite,3,2,d61d6c33-e428-4014-9326-0b06034de16a,Agricium_Ore,Agricium (Ore),5,10,1,1,0.789,0880d6d0-bee5-41b1-9aef-cc040a539ecf,libs/foundry/records/mining/rockcompositionpresets/asteroidshipmining/epicshipmineablesasteroid_ouratite.xml
EpicShipMineablesAsteroid_Riccite,items_commodities_riccite_ore,3,0,905e9623-5e74-4a92-9cb1-72203ed8baad,Riccite_Ore,Riccite (Ore),9.7,15.7,1,1,1,cd1dfb3a-d5cb-4017-8135-3707b863ddf9,libs/foundry/records/mining/rockcompositionpresets/asteroidshipmining/epicshipmineablesasteroid_riccite.xml
EpicShipMineablesAsteroid_Riccite,items_commodities_riccite_ore,3,1,905e9623-5e74-4a92-9cb1-72203ed8baad,Riccite_Ore,Riccite (Ore),24.3,74.3,1,1,0.49,cd1dfb3a-d5cb-4017-8135-3707b863ddf9,libs/foundry/records/mining/rockcompositionpresets/asteroidshipmining/epicshipmineablesasteroid_riccite.xml
EpicShipMineablesAsteroid_Riccite,items_commodities_riccite_ore,3,2,8375a8d8-1627-4d35-ae91-6f39b373c3ad,Laranite_Raw,Laranite (Raw),5,10,1,1,0.789,cd1dfb3a-d5cb-4017-8135-3707b863ddf9,libs/foundry/records/mining/rockcompositionpresets/asteroidshipmining/epicshipmineablesasteroid_riccite.xml
EpicShipMineablesAsteroid_Riccite,items_commodities_riccite_ore,3,0,905e9623-5e74-4a92-9cb1-72203ed8baad,Riccite_Ore,Riccite (Ore),9.7,15.7,1,1,1,cd1dfb3a-d5cb-4017-8135-3707b863ddf9,libs/foundry/records/mining/rockcompositionpresets/asteroidshipmining/epicshipmineablesasteroid_riccite.xml
EpicShipMineablesAsteroid_Riccite,items_commodities_riccite_ore,3,1,905e9623-5e74-4a92-9cb1-72203ed8baad,Riccite_Ore,Riccite (Ore),24.3,74.3,1,1,0.49,cd1dfb3a-d5cb-4017-8135-3707b863ddf9,libs/foundry/records/mining/rockcompositionpresets/asteroidshipmining/epicshipmineablesasteroid_riccite.xml
EpicShipMineablesAsteroid_Riccite,items_commodities_riccite_ore,3,2,8375a8d8-1627-4d35-ae91-6f39b373c3ad,Laranite_Raw,Laranite (Raw),5,10,1,1,0.789,cd1dfb3a-d5cb-4017-8135-3707b863ddf9,libs/foundry/records/mining/rockcompositionpresets/asteroidshipmining/epicshipmineablesasteroid_riccite.xml
EpicShipMineablesAsteroid_TEMPLATE,LOC_EMPTY,3,0,1ec31863-26a8-446e-9805-448bb50253ed,Lindinium_Ore,Lindinium (Ore),2.82,6.82,1,1,1,eff2877c-09a0-4e70-85ac-ce82c0a768cf,libs/foundry/records/mining/rockcompositionpresets/asteroidshipmining/epicshipmineablesasteroid_template.xml
EpicShipMineablesAsteroid_TEMPLATE,LOC_EMPTY,3,1,1ec31863-26a8-446e-9805-448bb50253ed,Lindinium_Ore,Lindinium (Ore),39.18,83.18,1,1,0.49,eff2877c-09a0-4e70-85ac-ce82c0a768cf,libs/foundry/records/mining/rockcompositionpresets/asteroidshipmining/epicshipmineablesasteroid_template.xml
EpicShipMineablesAsteroid_TEMPLATE,LOC_EMPTY,3,2,8f6a7e06-934d-4339-a0a2-75420b81369a,Tungsten_Ore,Tungsten (Ore),5,10,1,1,0.789,eff2877c-09a0-4e70-85ac-ce82c0a768cf,libs/foundry/records/mining/rockcompositionpresets/asteroidshipmining/epicshipmineablesasteroid_template.xml
EpicShipMineablesAsteroid_TEMPLATE,LOC_EMPTY,3,0,1ec31863-26a8-446e-9805-448bb50253ed,Lindinium_Ore,Lindinium (Ore),2.82,6.82,1,1,1,eff2877c-09a0-4e70-85ac-ce82c0a768cf,libs/foundry/records/mining/rockcompositionpresets/asteroidshipmining/epicshipmineablesasteroid_template.xml
EpicShipMineablesAsteroid_TEMPLATE,LOC_EMPTY,3,1,1ec31863-26a8-446e-9805-448bb50253ed,Lindinium_Ore,Lindinium (Ore),39.18,83.18,1,1,0.49,eff2877c-09a0-4e70-85ac-ce82c0a768cf,libs/foundry/records/mining/rockcompositionpresets/asteroidshipmining/epicshipmineablesasteroid_template.xml
EpicShipMineablesAsteroid_TEMPLATE,LOC_EMPTY,3,2,8f6a7e06-934d-4339-a0a2-75420b81369a,Tungsten_Ore,Tungsten (Ore),5,10,1,1,0.789,eff2877c-09a0-4e70-85ac-ce82c0a768cf,libs/foundry/records/mining/rockcompositionpresets/asteroidshipmining/epicshipmineablesasteroid_template.xml
LegendaryShipMineablesAsteroid_Quantainium,items_commodities_quantainium_raw,3,0,fc62043c-3f29-4fff-b754-2301762723f7,Quantainium_Raw,Quantainium (Raw),5.7,11.7,1,1,1,46c05568-b83a-4e7b-862c-cc31be4bae50,libs/foundry/records/mining/rockcompositionpresets/asteroidshipmining/legendaryshipmineablesasteroid_quantainium.xml
LegendaryShipMineablesAsteroid_Quantainium,items_commodities_quantainium_raw,3,1,fc62043c-3f29-4fff-b754-2301762723f7,Quantainium_Raw,Quantainium (Raw),28.3,78.3,1,1,0.49,46c05568-b83a-4e7b-862c-cc31be4bae50,libs/foundry/records/mining/rockcompositionpresets/asteroidshipmining/legendaryshipmineablesasteroid_quantainium.xml
LegendaryShipMineablesAsteroid_Quantainium,items_commodities_quantainium_raw,3,2,cad02f99-292c-4ee4-93cc-a73868f11ddb,Beryl_Raw,Beryl (Raw),5,10,1,1,0.789,46c05568-b83a-4e7b-862c-cc31be4bae50,libs/foundry/records/mining/rockcompositionpresets/asteroidshipmining/legendaryshipmineablesasteroid_quantainium.xml
LegendaryShipMineablesAsteroid_Quantainium,items_commodities_quantainium_raw,3,0,fc62043c-3f29-4fff-b754-2301762723f7,Quantainium_Raw,Quantainium (Raw),5.7,11.7,1,1,1,46c05568-b83a-4e7b-862c-cc31be4bae50,libs/foundry/records/mining/rockcompositionpresets/asteroidshipmining/legendaryshipmineablesasteroid_quantainium.xml
LegendaryShipMineablesAsteroid_Quantainium,items_commodities_quantainium_raw,3,1,fc62043c-3f29-4fff-b754-2301762723f7,Quantainium_Raw,Quantainium (Raw),28.3,78.3,1,1,0.49,46c05568-b83a-4e7b-862c-cc31be4bae50,libs/foundry/records/mining/rockcompositionpresets/asteroidshipmining/legendaryshipmineablesasteroid_quantainium.xml
LegendaryShipMineablesAsteroid_Quantainium,items_commodities_quantainium_raw,3,2,cad02f99-292c-4ee4-93cc-a73868f11ddb,Beryl_Raw,Beryl (Raw),5,10,1,1,0.789,46c05568-b83a-4e7b-862c-cc31be4bae50,libs/foundry/records/mining/rockcompositionpresets/asteroidshipmining/legendaryshipmineablesasteroid_quantainium.xml
LegendaryShipMineablesAsteroid_Savrilium_RCD,items_commodities_savrilium_ore,3,0,6426f04e-2f7d-4c8e-a615-64aa582eaa31,Savrilium_Ore,Savrilium (Ore),2.82,6.82,1,1,1,3932307e-996c-4809-8eac-39a568c736cc,libs/foundry/records/mining/rockcompositionpresets/asteroidshipmining/legendaryshipmineablesasteroid_savrilium_rcd.xml
LegendaryShipMineablesAsteroid_Savrilium_RCD,items_commodities_savrilium_ore,3,1,6426f04e-2f7d-4c8e-a615-64aa582eaa31,Savrilium_Ore,Savrilium (Ore),39.18,83.18,1,1,0.49,3932307e-996c-4809-8eac-39a568c736cc,libs/foundry/records/mining/rockcompositionpresets/asteroidshipmining/legendaryshipmineablesasteroid_savrilium_rcd.xml
LegendaryShipMineablesAsteroid_Savrilium_RCD,items_commodities_savrilium_ore,3,2,d0b10af3-e0f3-4bc3-b2d9-737dbb7846cf,Torite_Ore,Torite (Ore),5,10,1,1,0.789,3932307e-996c-4809-8eac-39a568c736cc,libs/foundry/records/mining/rockcompositionpresets/asteroidshipmining/legendaryshipmineablesasteroid_savrilium_rcd.xml
LegendaryShipMineablesAsteroid_Savrilium_RCD,items_commodities_savrilium_ore,3,0,6426f04e-2f7d-4c8e-a615-64aa582eaa31,Savrilium_Ore,Savrilium (Ore),2.82,6.82,1,1,1,3932307e-996c-4809-8eac-39a568c736cc,libs/foundry/records/mining/rockcompositionpresets/asteroidshipmining/legendaryshipmineablesasteroid_savrilium_rcd.xml
LegendaryShipMineablesAsteroid_Savrilium_RCD,items_commodities_savrilium_ore,3,1,6426f04e-2f7d-4c8e-a615-64aa582eaa31,Savrilium_Ore,Savrilium (Ore),39.18,83.18,1,1,0.49,3932307e-996c-4809-8eac-39a568c736cc,libs/foundry/records/mining/rockcompositionpresets/asteroidshipmining/legendaryshipmineablesasteroid_savrilium_rcd.xml
LegendaryShipMineablesAsteroid_Savrilium_RCD,items_commodities_savrilium_ore,3,2,d0b10af3-e0f3-4bc3-b2d9-737dbb7846cf,Torite_Ore,Torite (Ore),5,10,1,1,0.789,3932307e-996c-4809-8eac-39a568c736cc,libs/foundry/records/mining/rockcompositionpresets/asteroidshipmining/legendaryshipmineablesasteroid_savrilium_rcd.xml
LegendaryShipMineablesAsteroid_Savrilium,items_commodities_savrilium_ore,3,0,6426f04e-2f7d-4c8e-a615-64aa582eaa31,Savrilium_Ore,Savrilium (Ore),9.7,15.7,1,1,1,3375ee93-f695-40d2-b86c-1ad23802e59b,libs/foundry/records/mining/rockcompositionpresets/asteroidshipmining/legendaryshipmineablesasteroid_savrilium.xml
LegendaryShipMineablesAsteroid_Savrilium,items_commodities_savrilium_ore,3,1,6426f04e-2f7d-4c8e-a615-64aa582eaa31,Savrilium_Ore,Savrilium (Ore),24.3,74.3,1,1,0.49,3375ee93-f695-40d2-b86c-1ad23802e59b,libs/foundry/records/mining/rockcompositionpresets/asteroidshipmining/legendaryshipmineablesasteroid_savrilium.xml
LegendaryShipMineablesAsteroid_Savrilium,items_commodities_savrilium_ore,3,2,f2f5bf2e-87f9-4f3d-bb59-b4e11eceeaad,Gold_Ore,Gold (Ore),5,10,1,1,0.789,3375ee93-f695-40d2-b86c-1ad23802e59b,libs/foundry/records/mining/rockcompositionpresets/asteroidshipmining/legendaryshipmineablesasteroid_savrilium.xml
LegendaryShipMineablesAsteroid_Savrilium,items_commodities_savrilium_ore,3,0,6426f04e-2f7d-4c8e-a615-64aa582eaa31,Savrilium_Ore,Savrilium (Ore),9.7,15.7,1,1,1,3375ee93-f695-40d2-b86c-1ad23802e59b,libs/foundry/records/mining/rockcompositionpresets/asteroidshipmining/legendaryshipmineablesasteroid_savrilium.xml
LegendaryShipMineablesAsteroid_Savrilium,items_commodities_savrilium_ore,3,1,6426f04e-2f7d-4c8e-a615-64aa582eaa31,Savrilium_Ore,Savrilium (Ore),24.3,74.3,1,1,0.49,3375ee93-f695-40d2-b86c-1ad23802e59b,libs/foundry/records/mining/rockcompositionpresets/asteroidshipmining/legendaryshipmineablesasteroid_savrilium.xml
LegendaryShipMineablesAsteroid_Savrilium,items_commodities_savrilium_ore,3,2,f2f5bf2e-87f9-4f3d-bb59-b4e11eceeaad,Gold_Ore,Gold (Ore),5,10,1,1,0.789,3375ee93-f695-40d2-b86c-1ad23802e59b,libs/foundry/records/mining/rockcompositionpresets/asteroidshipmining/legendaryshipmineablesasteroid_savrilium.xml
LegendaryShipMineablesAsteroid_Stileron,items_commodities_stileron,3,0,9498a080-84c0-41f4-b88f-71942c60c43f,Sileron_Ore,Sileron (Ore),9.7,15.7,1,1,1,5ec37175-69bd-4d19-a40a-69e7b3eec354,libs/foundry/records/mining/rockcompositionpresets/asteroidshipmining/legendaryshipmineablesasteroid_stileron.xml
LegendaryShipMineablesAsteroid_Stileron,items_commodities_stileron,3,1,9498a080-84c0-41f4-b88f-71942c60c43f,Sileron_Ore,Sileron (Ore),24.3,74.3,1,1,0.49,5ec37175-69bd-4d19-a40a-69e7b3eec354,libs/foundry/records/mining/rockcompositionpresets/asteroidshipmining/legendaryshipmineablesasteroid_stileron.xml
LegendaryShipMineablesAsteroid_Stileron,items_commodities_stileron,3,2,8893c670-f9f7-48df-a05b-e85764994256,Taranite_Raw,Taranite (Raw),5,10,1,1,0.789,5ec37175-69bd-4d19-a40a-69e7b3eec354,libs/foundry/records/mining/rockcompositionpresets/asteroidshipmining/legendaryshipmineablesasteroid_stileron.xml
LegendaryShipMineablesAsteroid_Stileron,items_commodities_stileron,3,0,9498a080-84c0-41f4-b88f-71942c60c43f,Sileron_Ore,Sileron (Ore),9.7,15.7,1,1,1,5ec37175-69bd-4d19-a40a-69e7b3eec354,libs/foundry/records/mining/rockcompositionpresets/asteroidshipmining/legendaryshipmineablesasteroid_stileron.xml
LegendaryShipMineablesAsteroid_Stileron,items_commodities_stileron,3,1,9498a080-84c0-41f4-b88f-71942c60c43f,Sileron_Ore,Sileron (Ore),24.3,74.3,1,1,0.49,5ec37175-69bd-4d19-a40a-69e7b3eec354,libs/foundry/records/mining/rockcompositionpresets/asteroidshipmining/legendaryshipmineablesasteroid_stileron.xml
LegendaryShipMineablesAsteroid_Stileron,items_commodities_stileron,3,2,8893c670-f9f7-48df-a05b-e85764994256,Taranite_Raw,Taranite (Raw),5,10,1,1,0.789,5ec37175-69bd-4d19-a40a-69e7b3eec354,libs/foundry/records/mining/rockcompositionpresets/asteroidshipmining/legendaryshipmineablesasteroid_stileron.xml
LegendaryShipMineablesAsteroid_TEMPLATE,LOC_EMPTY,3,0,fc62043c-3f29-4fff-b754-2301762723f7,Quantainium_Raw,Quantainium (Raw),2.82,6.82,1,1,1,c150f36f-553f-40e5-ac56-22a52fab53c8,libs/foundry/records/mining/rockcompositionpresets/asteroidshipmining/legendaryshipmineablesasteroid_template.xml
LegendaryShipMineablesAsteroid_TEMPLATE,LOC_EMPTY,3,1,fc62043c-3f29-4fff-b754-2301762723f7,Quantainium_Raw,Quantainium (Raw),39.18,83.18,1,1,0.49,c150f36f-553f-40e5-ac56-22a52fab53c8,libs/foundry/records/mining/rockcompositionpresets/asteroidshipmining/legendaryshipmineablesasteroid_template.xml
LegendaryShipMineablesAsteroid_TEMPLATE,LOC_EMPTY,3,2,cad02f99-292c-4ee4-93cc-a73868f11ddb,Beryl_Raw,Beryl (Raw),5,10,1,1,0.789,c150f36f-553f-40e5-ac56-22a52fab53c8,libs/foundry/records/mining/rockcompositionpresets/asteroidshipmining/legendaryshipmineablesasteroid_template.xml
LegendaryShipMineablesAsteroid_TEMPLATE,LOC_EMPTY,3,0,fc62043c-3f29-4fff-b754-2301762723f7,Quantainium_Raw,Quantainium (Raw),2.82,6.82,1,1,1,c150f36f-553f-40e5-ac56-22a52fab53c8,libs/foundry/records/mining/rockcompositionpresets/asteroidshipmining/legendaryshipmineablesasteroid_template.xml
LegendaryShipMineablesAsteroid_TEMPLATE,LOC_EMPTY,3,1,fc62043c-3f29-4fff-b754-2301762723f7,Quantainium_Raw,Quantainium (Raw),39.18,83.18,1,1,0.49,c150f36f-553f-40e5-ac56-22a52fab53c8,libs/foundry/records/mining/rockcompositionpresets/asteroidshipmining/legendaryshipmineablesasteroid_template.xml
LegendaryShipMineablesAsteroid_TEMPLATE,LOC_EMPTY,3,2,cad02f99-292c-4ee4-93cc-a73868f11ddb,Beryl_Raw,Beryl (Raw),5,10,1,1,0.789,c150f36f-553f-40e5-ac56-22a52fab53c8,libs/foundry/records/mining/rockcompositionpresets/asteroidshipmining/legendaryshipmineablesasteroid_template.xml
RareShipMineablesAsteroid_Beryl,items_commodities_beryl_raw,2,0,cad02f99-292c-4ee4-93cc-a73868f11ddb,Beryl_Raw,Beryl (Raw),5.7,11.7,1,1,1,918f0b57-632b-4f0c-b8b5-869333ba5613,libs/foundry/records/mining/rockcompositionpresets/asteroidshipmining/rareshipmineablesasteroid_beryl.xml
RareShipMineablesAsteroid_Beryl,items_commodities_beryl_raw,2,1,cad02f99-292c-4ee4-93cc-a73868f11ddb,Beryl_Raw,Beryl (Raw),38.3,88.3,1,1,0.49,918f0b57-632b-4f0c-b8b5-869333ba5613,libs/foundry/records/mining/rockcompositionpresets/asteroidshipmining/rareshipmineablesasteroid_beryl.xml
RareShipMineablesAsteroid_Beryl,items_commodities_beryl_raw,2,0,cad02f99-292c-4ee4-93cc-a73868f11ddb,Beryl_Raw,Beryl (Raw),5.7,11.7,1,1,1,918f0b57-632b-4f0c-b8b5-869333ba5613,libs/foundry/records/mining/rockcompositionpresets/asteroidshipmining/rareshipmineablesasteroid_beryl.xml
RareShipMineablesAsteroid_Beryl,items_commodities_beryl_raw,2,1,cad02f99-292c-4ee4-93cc-a73868f11ddb,Beryl_Raw,Beryl (Raw),38.3,88.3,1,1,0.49,918f0b57-632b-4f0c-b8b5-869333ba5613,libs/foundry/records/mining/rockcompositionpresets/asteroidshipmining/rareshipmineablesasteroid_beryl.xml
RareShipMineablesAsteroid_Bexalite,items_commodities_bexalite_raw,4,0,f48b147f-713e-481f-adf2-ff9869ac61bd,Bexalite_Raw,Bexalite (Raw),5.7,11.7,1,1,1,004c1ddd-ee4e-4c77-92bd-50739bb0e23e,libs/foundry/records/mining/rockcompositionpresets/asteroidshipmining/rareshipmineablesasteroid_bexalite.xml
RareShipMineablesAsteroid_Bexalite,items_commodities_bexalite_raw,4,1,f48b147f-713e-481f-adf2-ff9869ac61bd,Bexalite_Raw,Bexalite (Raw),28.3,78.3,1,1,0.49,004c1ddd-ee4e-4c77-92bd-50739bb0e23e,libs/foundry/records/mining/rockcompositionpresets/asteroidshipmining/rareshipmineablesasteroid_bexalite.xml
RareShipMineablesAsteroid_Bexalite,items_commodities_bexalite_raw,4,2,07f6158a-6494-4b7c-9dd0-bbaab7362137,Borase_Ore,Borase (Ore),2,5,1,1,0.789,004c1ddd-ee4e-4c77-92bd-50739bb0e23e,libs/foundry/records/mining/rockcompositionpresets/asteroidshipmining/rareshipmineablesasteroid_bexalite.xml
RareShipMineablesAsteroid_Bexalite,items_commodities_bexalite_raw,4,3,f2f5bf2e-87f9-4f3d-bb59-b4e11eceeaad,Gold_Ore,Gold (Ore),2,5,1,1,0.789,004c1ddd-ee4e-4c77-92bd-50739bb0e23e,libs/foundry/records/mining/rockcompositionpresets/asteroidshipmining/rareshipmineablesasteroid_bexalite.xml
RareShipMineablesAsteroid_Bexalite,items_commodities_bexalite_raw,4,0,f48b147f-713e-481f-adf2-ff9869ac61bd,Bexalite_Raw,Bexalite (Raw),5.7,11.7,1,1,1,004c1ddd-ee4e-4c77-92bd-50739bb0e23e,libs/foundry/records/mining/rockcompositionpresets/asteroidshipmining/rareshipmineablesasteroid_bexalite.xml
RareShipMineablesAsteroid_Bexalite,items_commodities_bexalite_raw,4,1,f48b147f-713e-481f-adf2-ff9869ac61bd,Bexalite_Raw,Bexalite (Raw),28.3,78.3,1,1,0.49,004c1ddd-ee4e-4c77-92bd-50739bb0e23e,libs/foundry/records/mining/rockcompositionpresets/asteroidshipmining/rareshipmineablesasteroid_bexalite.xml
RareShipMineablesAsteroid_Bexalite,items_commodities_bexalite_raw,4,2,07f6158a-6494-4b7c-9dd0-bbaab7362137,Borase_Ore,Borase (Ore),2,5,1,1,0.789,004c1ddd-ee4e-4c77-92bd-50739bb0e23e,libs/foundry/records/mining/rockcompositionpresets/asteroidshipmining/rareshipmineablesasteroid_bexalite.xml
RareShipMineablesAsteroid_Bexalite,items_commodities_bexalite_raw,4,3,f2f5bf2e-87f9-4f3d-bb59-b4e11eceeaad,Gold_Ore,Gold (Ore),2,5,1,1,0.789,004c1ddd-ee4e-4c77-92bd-50739bb0e23e,libs/foundry/records/mining/rockcompositionpresets/asteroidshipmining/rareshipmineablesasteroid_bexalite.xml
RareShipMineablesAsteroid_Borase,items_commodities_borase_ore,4,0,07f6158a-6494-4b7c-9dd0-bbaab7362137,Borase_Ore,Borase (Ore),9.7,15.7,1,1,1,b42b8e22-a4cb-4847-aaa4-f93e11fa97cb,libs/foundry/records/mining/rockcompositionpresets/asteroidshipmining/rareshipmineablesasteroid_borase.xml
RareShipMineablesAsteroid_Borase,items_commodities_borase_ore,4,1,07f6158a-6494-4b7c-9dd0-bbaab7362137,Borase_Ore,Borase (Ore),24.3,74.3,1,1,0.49,b42b8e22-a4cb-4847-aaa4-f93e11fa97cb,libs/foundry/records/mining/rockcompositionpresets/asteroidshipmining/rareshipmineablesasteroid_borase.xml
RareShipMineablesAsteroid_Borase,items_commodities_borase_ore,4,2,f48b147f-713e-481f-adf2-ff9869ac61bd,Bexalite_Raw,Bexalite (Raw),2,5,1,1,0.789,b42b8e22-a4cb-4847-aaa4-f93e11fa97cb,libs/foundry/records/mining/rockcompositionpresets/asteroidshipmining/rareshipmineablesasteroid_borase.xml
RareShipMineablesAsteroid_Borase,items_commodities_borase_ore,4,3,f2f5bf2e-87f9-4f3d-bb59-b4e11eceeaad,Gold_Ore,Gold (Ore),2,5,1,1,0.789,b42b8e22-a4cb-4847-aaa4-f93e11fa97cb,libs/foundry/records/mining/rockcompositionpresets/asteroidshipmining/rareshipmineablesasteroid_borase.xml
RareShipMineablesAsteroid_Borase,items_commodities_borase_ore,4,0,07f6158a-6494-4b7c-9dd0-bbaab7362137,Borase_Ore,Borase (Ore),9.7,15.7,1,1,1,b42b8e22-a4cb-4847-aaa4-f93e11fa97cb,libs/foundry/records/mining/rockcompositionpresets/asteroidshipmining/rareshipmineablesasteroid_borase.xml
RareShipMineablesAsteroid_Borase,items_commodities_borase_ore,4,1,07f6158a-6494-4b7c-9dd0-bbaab7362137,Borase_Ore,Borase (Ore),24.3,74.3,1,1,0.49,b42b8e22-a4cb-4847-aaa4-f93e11fa97cb,libs/foundry/records/mining/rockcompositionpresets/asteroidshipmining/rareshipmineablesasteroid_borase.xml
RareShipMineablesAsteroid_Borase,items_commodities_borase_ore,4,2,f48b147f-713e-481f-adf2-ff9869ac61bd,Bexalite_Raw,Bexalite (Raw),2,5,1,1,0.789,b42b8e22-a4cb-4847-aaa4-f93e11fa97cb,libs/foundry/records/mining/rockcompositionpresets/asteroidshipmining/rareshipmineablesasteroid_borase.xml
RareShipMineablesAsteroid_Borase,items_commodities_borase_ore,4,3,f2f5bf2e-87f9-4f3d-bb59-b4e11eceeaad,Gold_Ore,Gold (Ore),2,5,1,1,0.789,b42b8e22-a4cb-4847-aaa4-f93e11fa97cb,libs/foundry/records/mining/rockcompositionpresets/asteroidshipmining/rareshipmineablesasteroid_borase.xml
RareShipMineablesAsteroid_Gold,items_commodities_gold_ore,4,0,f2f5bf2e-87f9-4f3d-bb59-b4e11eceeaad,Gold_Ore,Gold (Ore),5.7,11.7,1,1,1,5a862c96-f156-4dba-94fb-a159166100f3,libs/foundry/records/mining/rockcompositionpresets/asteroidshipmining/rareshipmineablesasteroid_gold.xml
RareShipMineablesAsteroid_Gold,items_commodities_gold_ore,4,1,f2f5bf2e-87f9-4f3d-bb59-b4e11eceeaad,Gold_Ore,Gold (Ore),28.3,78.3,1,1,0.49,5a862c96-f156-4dba-94fb-a159166100f3,libs/foundry/records/mining/rockcompositionpresets/asteroidshipmining/rareshipmineablesasteroid_gold.xml
RareShipMineablesAsteroid_Gold,items_commodities_gold_ore,4,2,07f6158a-6494-4b7c-9dd0-bbaab7362137,Borase_Ore,Borase (Ore),2,5,1,1,0.789,5a862c96-f156-4dba-94fb-a159166100f3,libs/foundry/records/mining/rockcompositionpresets/asteroidshipmining/rareshipmineablesasteroid_gold.xml
RareShipMineablesAsteroid_Gold,items_commodities_gold_ore,4,3,f48b147f-713e-481f-adf2-ff9869ac61bd,Bexalite_Raw,Bexalite (Raw),2,5,1,1,0.789,5a862c96-f156-4dba-94fb-a159166100f3,libs/foundry/records/mining/rockcompositionpresets/asteroidshipmining/rareshipmineablesasteroid_gold.xml
RareShipMineablesAsteroid_Gold,items_commodities_gold_ore,4,0,f2f5bf2e-87f9-4f3d-bb59-b4e11eceeaad,Gold_Ore,Gold (Ore),5.7,11.7,1,1,1,5a862c96-f156-4dba-94fb-a159166100f3,libs/foundry/records/mining/rockcompositionpresets/asteroidshipmining/rareshipmineablesasteroid_gold.xml
RareShipMineablesAsteroid_Gold,items_commodities_gold_ore,4,1,f2f5bf2e-87f9-4f3d-bb59-b4e11eceeaad,Gold_Ore,Gold (Ore),28.3,78.3,1,1,0.49,5a862c96-f156-4dba-94fb-a159166100f3,libs/foundry/records/mining/rockcompositionpresets/asteroidshipmining/rareshipmineablesasteroid_gold.xml
RareShipMineablesAsteroid_Gold,items_commodities_gold_ore,4,2,07f6158a-6494-4b7c-9dd0-bbaab7362137,Borase_Ore,Borase (Ore),2,5,1,1,0.789,5a862c96-f156-4dba-94fb-a159166100f3,libs/foundry/records/mining/rockcompositionpresets/asteroidshipmining/rareshipmineablesasteroid_gold.xml
RareShipMineablesAsteroid_Gold,items_commodities_gold_ore,4,3,f48b147f-713e-481f-adf2-ff9869ac61bd,Bexalite_Raw,Bexalite (Raw),2,5,1,1,0.789,5a862c96-f156-4dba-94fb-a159166100f3,libs/foundry/records/mining/rockcompositionpresets/asteroidshipmining/rareshipmineablesasteroid_gold.xml
RareShipMineablesAsteroid_Taranite,items_commodities_taranite_raw,2,0,8893c670-f9f7-48df-a05b-e85764994256,Taranite_Raw,Taranite (Raw),5.7,11.7,1,1,1,9c41665b-1eb6-4f4e-ad1a-d01a0a41843e,libs/foundry/records/mining/rockcompositionpresets/asteroidshipmining/rareshipmineablesasteroid_taranite.xml
RareShipMineablesAsteroid_Taranite,items_commodities_taranite_raw,2,1,8893c670-f9f7-48df-a05b-e85764994256,Taranite_Raw,Taranite (Raw),38.3,88.3,1,1,0.49,9c41665b-1eb6-4f4e-ad1a-d01a0a41843e,libs/foundry/records/mining/rockcompositionpresets/asteroidshipmining/rareshipmineablesasteroid_taranite.xml
RareShipMineablesAsteroid_Taranite,items_commodities_taranite_raw,2,0,8893c670-f9f7-48df-a05b-e85764994256,Taranite_Raw,Taranite (Raw),5.7,11.7,1,1,1,9c41665b-1eb6-4f4e-ad1a-d01a0a41843e,libs/foundry/records/mining/rockcompositionpresets/asteroidshipmining/rareshipmineablesasteroid_taranite.xml
RareShipMineablesAsteroid_Taranite,items_commodities_taranite_raw,2,1,8893c670-f9f7-48df-a05b-e85764994256,Taranite_Raw,Taranite (Raw),38.3,88.3,1,1,0.49,9c41665b-1eb6-4f4e-ad1a-d01a0a41843e,libs/foundry/records/mining/rockcompositionpresets/asteroidshipmining/rareshipmineablesasteroid_taranite.xml
RareShipMineablesAsteroid_TEMPLATE,LOC_EMPTY,1,0,3abbac13-812b-4389-88f3-7a5e995cb7af,TestElement_Balance,Testelement Balance,50,100,1,1,1,21300c0b-2851-4db5-a1bb-50d2855d7c8b,libs/foundry/records/mining/rockcompositionpresets/asteroidshipmining/rareshipmineablesasteroid_template.xml
RareShipMineablesAsteroid_TEMPLATE,LOC_EMPTY,1,0,3abbac13-812b-4389-88f3-7a5e995cb7af,TestElement_Balance,Testelement Balance,50,100,1,1,1,21300c0b-2851-4db5-a1bb-50d2855d7c8b,libs/foundry/records/mining/rockcompositionpresets/asteroidshipmining/rareshipmineablesasteroid_template.xml
UncommonShipMineablesAsteroid_Agricium,items_commodities_agricium_ore,4,0,d61d6c33-e428-4014-9326-0b06034de16a,Agricium_Ore,Agricium (Ore),9.7,15.7,1,1,1,71c571c4-6af9-4327-83a6-e8fb0f11a6d3,libs/foundry/records/mining/rockcompositionpresets/asteroidshipmining/uncommonshipmineablesasteroid_agricium.xml
UncommonShipMineablesAsteroid_Agricium,items_commodities_agricium_ore,4,1,d61d6c33-e428-4014-9326-0b06034de16a,Agricium_Ore,Agricium (Ore),24.3,74.3,1,1,0.49,71c571c4-6af9-4327-83a6-e8fb0f11a6d3,libs/foundry/records/mining/rockcompositionpresets/asteroidshipmining/uncommonshipmineablesasteroid_agricium.xml
UncommonShipMineablesAsteroid_Agricium,items_commodities_agricium_ore,4,2,9bd0e34c-2b34-42a3-b41d-381088ff6fed,Aslarite_Raw,Aslarite (Raw),2,5,1,1,0.789,71c571c4-6af9-4327-83a6-e8fb0f11a6d3,libs/foundry/records/mining/rockcompositionpresets/asteroidshipmining/uncommonshipmineablesasteroid_agricium.xml
UncommonShipMineablesAsteroid_Agricium,items_commodities_agricium_ore,4,3,7b9055e5-6d62-44dd-a725-a31d838301eb,Titanium_Ore,Titanium (Ore),2,5,1,1,0.789,71c571c4-6af9-4327-83a6-e8fb0f11a6d3,libs/foundry/records/mining/rockcompositionpresets/asteroidshipmining/uncommonshipmineablesasteroid_agricium.xml
UncommonShipMineablesAsteroid_Agricium,items_commodities_agricium_ore,4,0,d61d6c33-e428-4014-9326-0b06034de16a,Agricium_Ore,Agricium (Ore),9.7,15.7,1,1,1,71c571c4-6af9-4327-83a6-e8fb0f11a6d3,libs/foundry/records/mining/rockcompositionpresets/asteroidshipmining/uncommonshipmineablesasteroid_agricium.xml
UncommonShipMineablesAsteroid_Agricium,items_commodities_agricium_ore,4,1,d61d6c33-e428-4014-9326-0b06034de16a,Agricium_Ore,Agricium (Ore),24.3,74.3,1,1,0.49,71c571c4-6af9-4327-83a6-e8fb0f11a6d3,libs/foundry/records/mining/rockcompositionpresets/asteroidshipmining/uncommonshipmineablesasteroid_agricium.xml
UncommonShipMineablesAsteroid_Agricium,items_commodities_agricium_ore,4,2,9bd0e34c-2b34-42a3-b41d-381088ff6fed,Aslarite_Raw,Aslarite (Raw),2,5,1,1,0.789,71c571c4-6af9-4327-83a6-e8fb0f11a6d3,libs/foundry/records/mining/rockcompositionpresets/asteroidshipmining/uncommonshipmineablesasteroid_agricium.xml
UncommonShipMineablesAsteroid_Agricium,items_commodities_agricium_ore,4,3,7b9055e5-6d62-44dd-a725-a31d838301eb,Titanium_Ore,Titanium (Ore),2,5,1,1,0.789,71c571c4-6af9-4327-83a6-e8fb0f11a6d3,libs/foundry/records/mining/rockcompositionpresets/asteroidshipmining/uncommonshipmineablesasteroid_agricium.xml
UncommonShipMineablesAsteroid_Aslarite,items_commodities_aslarite_raw,4,0,9bd0e34c-2b34-42a3-b41d-381088ff6fed,Aslarite_Raw,Aslarite (Raw),2.82,6.82,1,1,1,2b934c4b-f47c-46b4-bad0-be8a24d6b94a,libs/foundry/records/mining/rockcompositionpresets/asteroidshipmining/uncommonshipmineablesasteroid_aslarite.xml
UncommonShipMineablesAsteroid_Aslarite,items_commodities_aslarite_raw,4,1,9bd0e34c-2b34-42a3-b41d-381088ff6fed,Aslarite_Raw,Aslarite (Raw),39.18,83.18,1,1,0.49,2b934c4b-f47c-46b4-bad0-be8a24d6b94a,libs/foundry/records/mining/rockcompositionpresets/asteroidshipmining/uncommonshipmineablesasteroid_aslarite.xml
UncommonShipMineablesAsteroid_Aslarite,items_commodities_aslarite_raw,4,2,d61d6c33-e428-4014-9326-0b06034de16a,Agricium_Ore,Agricium (Ore),2,5,1,1,0.789,2b934c4b-f47c-46b4-bad0-be8a24d6b94a,libs/foundry/records/mining/rockcompositionpresets/asteroidshipmining/uncommonshipmineablesasteroid_aslarite.xml
UncommonShipMineablesAsteroid_Aslarite,items_commodities_aslarite_raw,4,3,7b9055e5-6d62-44dd-a725-a31d838301eb,Titanium_Ore,Titanium (Ore),2,5,1,1,0.789,2b934c4b-f47c-46b4-bad0-be8a24d6b94a,libs/foundry/records/mining/rockcompositionpresets/asteroidshipmining/uncommonshipmineablesasteroid_aslarite.xml
UncommonShipMineablesAsteroid_Aslarite,items_commodities_aslarite_raw,4,0,9bd0e34c-2b34-42a3-b41d-381088ff6fed,Aslarite_Raw,Aslarite (Raw),2.82,6.82,1,1,1,2b934c4b-f47c-46b4-bad0-be8a24d6b94a,libs/foundry/records/mining/rockcompositionpresets/asteroidshipmining/uncommonshipmineablesasteroid_aslarite.xml
UncommonShipMineablesAsteroid_Aslarite,items_commodities_aslarite_raw,4,1,9bd0e34c-2b34-42a3-b41d-381088ff6fed,Aslarite_Raw,Aslarite (Raw),39.18,83.18,1,1,0.49,2b934c4b-f47c-46b4-bad0-be8a24d6b94a,libs/foundry/records/mining/rockcompositionpresets/asteroidshipmining/uncommonshipmineablesasteroid_aslarite.xml
UncommonShipMineablesAsteroid_Aslarite,items_commodities_aslarite_raw,4,2,d61d6c33-e428-4014-9326-0b06034de16a,Agricium_Ore,Agricium (Ore),2,5,1,1,0.789,2b934c4b-f47c-46b4-bad0-be8a24d6b94a,libs/foundry/records/mining/rockcompositionpresets/asteroidshipmining/uncommonshipmineablesasteroid_aslarite.xml
UncommonShipMineablesAsteroid_Aslarite,items_commodities_aslarite_raw,4,3,7b9055e5-6d62-44dd-a725-a31d838301eb,Titanium_Ore,Titanium (Ore),2,5,1,1,0.789,2b934c4b-f47c-46b4-bad0-be8a24d6b94a,libs/foundry/records/mining/rockcompositionpresets/asteroidshipmining/uncommonshipmineablesasteroid_aslarite.xml
UncommonShipMineablesAsteroid_Laranite,items_commodities_laranite_raw,3,0,8375a8d8-1627-4d35-ae91-6f39b373c3ad,Laranite_Raw,Laranite (Raw),5.7,11.7,1,1,1,1c258df0-10f5-4550-acc7-9b9b9ecb2d20,libs/foundry/records/mining/rockcompositionpresets/asteroidshipmining/uncommonshipmineablesasteroid_laranite.xml
UncommonShipMineablesAsteroid_Laranite,items_commodities_laranite_raw,3,1,8375a8d8-1627-4d35-ae91-6f39b373c3ad,Laranite_Raw,Laranite (Raw),28.3,78.3,1,1,0.49,1c258df0-10f5-4550-acc7-9b9b9ecb2d20,libs/foundry/records/mining/rockcompositionpresets/asteroidshipmining/uncommonshipmineablesasteroid_laranite.xml
UncommonShipMineablesAsteroid_Laranite,items_commodities_laranite_raw,3,2,8f6a7e06-934d-4339-a0a2-75420b81369a,Tungsten_Ore,Tungsten (Ore),5,10,1,1,0.789,1c258df0-10f5-4550-acc7-9b9b9ecb2d20,libs/foundry/records/mining/rockcompositionpresets/asteroidshipmining/uncommonshipmineablesasteroid_laranite.xml
UncommonShipMineablesAsteroid_Laranite,items_commodities_laranite_raw,3,0,8375a8d8-1627-4d35-ae91-6f39b373c3ad,Laranite_Raw,Laranite (Raw),5.7,11.7,1,1,1,1c258df0-10f5-4550-acc7-9b9b9ecb2d20,libs/foundry/records/mining/rockcompositionpresets/asteroidshipmining/uncommonshipmineablesasteroid_laranite.xml
UncommonShipMineablesAsteroid_Laranite,items_commodities_laranite_raw,3,1,8375a8d8-1627-4d35-ae91-6f39b373c3ad,Laranite_Raw,Laranite (Raw),28.3,78.3,1,1,0.49,1c258df0-10f5-4550-acc7-9b9b9ecb2d20,libs/foundry/records/mining/rockcompositionpresets/asteroidshipmining/uncommonshipmineablesasteroid_laranite.xml
UncommonShipMineablesAsteroid_Laranite,items_commodities_laranite_raw,3,2,8f6a7e06-934d-4339-a0a2-75420b81369a,Tungsten_Ore,Tungsten (Ore),5,10,1,1,0.789,1c258df0-10f5-4550-acc7-9b9b9ecb2d20,libs/foundry/records/mining/rockcompositionpresets/asteroidshipmining/uncommonshipmineablesasteroid_laranite.xml
UncommonShipMineablesAsteroid_TEMPLATE,LOC_EMPTY,1,0,3abbac13-812b-4389-88f3-7a5e995cb7af,TestElement_Balance,Testelement Balance,50,100,1,1,1,2b63ca5e-170c-4caa-b230-b18313717b63,libs/foundry/records/mining/rockcompositionpresets/asteroidshipmining/uncommonshipmineablesasteroid_template.xml
UncommonShipMineablesAsteroid_TEMPLATE,LOC_EMPTY,1,0,3abbac13-812b-4389-88f3-7a5e995cb7af,TestElement_Balance,Testelement Balance,50,100,1,1,1,2b63ca5e-170c-4caa-b230-b18313717b63,libs/foundry/records/mining/rockcompositionpresets/asteroidshipmining/uncommonshipmineablesasteroid_template.xml
UncommonShipMineablesAsteroid_Titanium,items_commodities_titanium_ore,4,0,7b9055e5-6d62-44dd-a725-a31d838301eb,Titanium_Ore,Titanium (Ore),9.7,15.7,1,1,1,d33a13d8-3b81-429d-bb3e-b3f7de912983,libs/foundry/records/mining/rockcompositionpresets/asteroidshipmining/uncommonshipmineablesasteroid_titanium.xml
UncommonShipMineablesAsteroid_Titanium,items_commodities_titanium_ore,4,1,7b9055e5-6d62-44dd-a725-a31d838301eb,Titanium_Ore,Titanium (Ore),24.3,74.3,1,1,0.49,d33a13d8-3b81-429d-bb3e-b3f7de912983,libs/foundry/records/mining/rockcompositionpresets/asteroidshipmining/uncommonshipmineablesasteroid_titanium.xml
UncommonShipMineablesAsteroid_Titanium,items_commodities_titanium_ore,4,2,d61d6c33-e428-4014-9326-0b06034de16a,Agricium_Ore,Agricium (Ore),2,5,1,1,0.789,d33a13d8-3b81-429d-bb3e-b3f7de912983,libs/foundry/records/mining/rockcompositionpresets/asteroidshipmining/uncommonshipmineablesasteroid_titanium.xml
UncommonShipMineablesAsteroid_Titanium,items_commodities_titanium_ore,4,3,9bd0e34c-2b34-42a3-b41d-381088ff6fed,Aslarite_Raw,Aslarite (Raw),2,5,1,1,0.789,d33a13d8-3b81-429d-bb3e-b3f7de912983,libs/foundry/records/mining/rockcompositionpresets/asteroidshipmining/uncommonshipmineablesasteroid_titanium.xml
UncommonShipMineablesAsteroid_Titanium,items_commodities_titanium_ore,4,0,7b9055e5-6d62-44dd-a725-a31d838301eb,Titanium_Ore,Titanium (Ore),9.7,15.7,1,1,1,d33a13d8-3b81-429d-bb3e-b3f7de912983,libs/foundry/records/mining/rockcompositionpresets/asteroidshipmining/uncommonshipmineablesasteroid_titanium.xml
UncommonShipMineablesAsteroid_Titanium,items_commodities_titanium_ore,4,1,7b9055e5-6d62-44dd-a725-a31d838301eb,Titanium_Ore,Titanium (Ore),24.3,74.3,1,1,0.49,d33a13d8-3b81-429d-bb3e-b3f7de912983,libs/foundry/records/mining/rockcompositionpresets/asteroidshipmining/uncommonshipmineablesasteroid_titanium.xml
UncommonShipMineablesAsteroid_Titanium,items_commodities_titanium_ore,4,2,d61d6c33-e428-4014-9326-0b06034de16a,Agricium_Ore,Agricium (Ore),2,5,1,1,0.789,d33a13d8-3b81-429d-bb3e-b3f7de912983,libs/foundry/records/mining/rockcompositionpresets/asteroidshipmining/uncommonshipmineablesasteroid_titanium.xml
UncommonShipMineablesAsteroid_Titanium,items_commodities_titanium_ore,4,3,9bd0e34c-2b34-42a3-b41d-381088ff6fed,Aslarite_Raw,Aslarite (Raw),2,5,1,1,0.789,d33a13d8-3b81-429d-bb3e-b3f7de912983,libs/foundry/records/mining/rockcompositionpresets/asteroidshipmining/uncommonshipmineablesasteroid_titanium.xml
UncommonShipMineablesAsteroid_Torite,items_commodities_torite_ore,2,0,d0b10af3-e0f3-4bc3-b2d9-737dbb7846cf,Torite_Ore,Torite (Ore),9.7,15.7,1,1,1,ed5af002-dbbc-41aa-b5b3-44e686a83b36,libs/foundry/records/mining/rockcompositionpresets/asteroidshipmining/uncommonshipmineablesasteroid_torite.xml
UncommonShipMineablesAsteroid_Torite,items_commodities_torite_ore,2,1,d0b10af3-e0f3-4bc3-b2d9-737dbb7846cf,Torite_Ore,Torite (Ore),34.3,84.3,1,1,0.49,ed5af002-dbbc-41aa-b5b3-44e686a83b36,libs/foundry/records/mining/rockcompositionpresets/asteroidshipmining/uncommonshipmineablesasteroid_torite.xml
UncommonShipMineablesAsteroid_Torite,items_commodities_torite_ore,2,0,d0b10af3-e0f3-4bc3-b2d9-737dbb7846cf,Torite_Ore,Torite (Ore),9.7,15.7,1,1,1,ed5af002-dbbc-41aa-b5b3-44e686a83b36,libs/foundry/records/mining/rockcompositionpresets/asteroidshipmining/uncommonshipmineablesasteroid_torite.xml
UncommonShipMineablesAsteroid_Torite,items_commodities_torite_ore,2,1,d0b10af3-e0f3-4bc3-b2d9-737dbb7846cf,Torite_Ore,Torite (Ore),34.3,84.3,1,1,0.49,ed5af002-dbbc-41aa-b5b3-44e686a83b36,libs/foundry/records/mining/rockcompositionpresets/asteroidshipmining/uncommonshipmineablesasteroid_torite.xml
UncommonShipMineablesAsteroid_Tungsten,items_commodities_tungsten_ore,3,0,8f6a7e06-934d-4339-a0a2-75420b81369a,Tungsten_Ore,Tungsten (Ore),9.7,15.7,1,1,1,4b7cb296-c7be-4d8b-9c3b-b4c3c3488193,libs/foundry/records/mining/rockcompositionpresets/asteroidshipmining/uncommonshipmineablesasteroid_tungsten.xml
UncommonShipMineablesAsteroid_Tungsten,items_commodities_tungsten_ore,3,1,8f6a7e06-934d-4339-a0a2-75420b81369a,Tungsten_Ore,Tungsten (Ore),24.3,74.3,1,1,0.49,4b7cb296-c7be-4d8b-9c3b-b4c3c3488193,libs/foundry/records/mining/rockcompositionpresets/asteroidshipmining/uncommonshipmineablesasteroid_tungsten.xml
UncommonShipMineablesAsteroid_Tungsten,items_commodities_tungsten_ore,3,2,8375a8d8-1627-4d35-ae91-6f39b373c3ad,Laranite_Raw,Laranite (Raw),5,10,1,1,0.789,4b7cb296-c7be-4d8b-9c3b-b4c3c3488193,libs/foundry/records/mining/rockcompositionpresets/asteroidshipmining/uncommonshipmineablesasteroid_tungsten.xml
UncommonShipMineablesAsteroid_Tungsten,items_commodities_tungsten_ore,3,0,8f6a7e06-934d-4339-a0a2-75420b81369a,Tungsten_Ore,Tungsten (Ore),9.7,15.7,1,1,1,4b7cb296-c7be-4d8b-9c3b-b4c3c3488193,libs/foundry/records/mining/rockcompositionpresets/asteroidshipmining/uncommonshipmineablesasteroid_tungsten.xml
UncommonShipMineablesAsteroid_Tungsten,items_commodities_tungsten_ore,3,1,8f6a7e06-934d-4339-a0a2-75420b81369a,Tungsten_Ore,Tungsten (Ore),24.3,74.3,1,1,0.49,4b7cb296-c7be-4d8b-9c3b-b4c3c3488193,libs/foundry/records/mining/rockcompositionpresets/asteroidshipmining/uncommonshipmineablesasteroid_tungsten.xml
UncommonShipMineablesAsteroid_Tungsten,items_commodities_tungsten_ore,3,2,8375a8d8-1627-4d35-ae91-6f39b373c3ad,Laranite_Raw,Laranite (Raw),5,10,1,1,0.789,4b7cb296-c7be-4d8b-9c3b-b4c3c3488193,libs/foundry/records/mining/rockcompositionpresets/asteroidshipmining/uncommonshipmineablesasteroid_tungsten.xml
AtacamiteDeposit_Aluminium,hud_mining_rock_name_8,2,0,3776294d-5689-41f2-b03d-e8fcd17ede6a,Aluminium_Ore,Aluminum (Ore),30,70,1,1,1,1e7fde56-0f51-4c4c-b907-c5631143cdb0,libs/foundry/records/mining/rockcompositionpresets/atacamitedeposit_aluminium.xml
AtacamiteDeposit_Aluminium,hud_mining_rock_name_8,2,1,220c2e18-9324-4528-b399-2f908488b204,Hephaestanite_Raw,Hephaestanite (Raw),30,60,0.5,1,1,1e7fde56-0f51-4c4c-b907-c5631143cdb0,libs/foundry/records/mining/rockcompositionpresets/atacamitedeposit_aluminium.xml
AtacamiteDeposit_Aluminium,hud_mining_rock_name_8,2,2,d61d6c33-e428-4014-9326-0b06034de16a,Agricium_Ore,Agricium (Ore),30,60,0.45,1,1,1e7fde56-0f51-4c4c-b907-c5631143cdb0,libs/foundry/records/mining/rockcompositionpresets/atacamitedeposit_aluminium.xml
AtacamiteDeposit_Aluminium,hud_mining_rock_name_8,2,3,f2f5bf2e-87f9-4f3d-bb59-b4e11eceeaad,Gold_Ore,Gold (Ore),20,50,0.4,1,1,1e7fde56-0f51-4c4c-b907-c5631143cdb0,libs/foundry/records/mining/rockcompositionpresets/atacamitedeposit_aluminium.xml
AtacamiteDeposit_Aluminium,hud_mining_rock_name_8,2,4,8893c670-f9f7-48df-a05b-e85764994256,Taranite_Raw,Taranite (Raw),20,50,0.1,1,1,1e7fde56-0f51-4c4c-b907-c5631143cdb0,libs/foundry/records/mining/rockcompositionpresets/atacamitedeposit_aluminium.xml
AtacamiteDeposit_Aluminium,hud_mining_rock_name_8,2,5,f48b147f-713e-481f-adf2-ff9869ac61bd,Bexalite_Raw,Bexalite (Raw),20,50,0.1,1,1,1e7fde56-0f51-4c4c-b907-c5631143cdb0,libs/foundry/records/mining/rockcompositionpresets/atacamitedeposit_aluminium.xml
AtacamiteDeposit_Aluminium,hud_mining_rock_name_8,2,6,fc62043c-3f29-4fff-b754-2301762723f7,Quantainium_Raw,Quantainium (Raw),20,50,0.05,1,1,1e7fde56-0f51-4c4c-b907-c5631143cdb0,libs/foundry/records/mining/rockcompositionpresets/atacamitedeposit_aluminium.xml
AtacamiteDeposit_Aluminium,hud_mining_rock_name_8,2,0,3776294d-5689-41f2-b03d-e8fcd17ede6a,Aluminium_Ore,Aluminum (Ore),30,70,1,1,1,1e7fde56-0f51-4c4c-b907-c5631143cdb0,libs/foundry/records/mining/rockcompositionpresets/atacamitedeposit_aluminium.xml
AtacamiteDeposit_Aluminium,hud_mining_rock_name_8,2,1,220c2e18-9324-4528-b399-2f908488b204,Hephaestanite_Raw,Hephaestanite (Raw),30,60,0.5,1,1,1e7fde56-0f51-4c4c-b907-c5631143cdb0,libs/foundry/records/mining/rockcompositionpresets/atacamitedeposit_aluminium.xml
AtacamiteDeposit_Aluminium,hud_mining_rock_name_8,2,2,d61d6c33-e428-4014-9326-0b06034de16a,Agricium_Ore,Agricium (Ore),30,60,0.45,1,1,1e7fde56-0f51-4c4c-b907-c5631143cdb0,libs/foundry/records/mining/rockcompositionpresets/atacamitedeposit_aluminium.xml
AtacamiteDeposit_Aluminium,hud_mining_rock_name_8,2,3,f2f5bf2e-87f9-4f3d-bb59-b4e11eceeaad,Gold_Ore,Gold (Ore),20,50,0.4,1,1,1e7fde56-0f51-4c4c-b907-c5631143cdb0,libs/foundry/records/mining/rockcompositionpresets/atacamitedeposit_aluminium.xml
AtacamiteDeposit_Aluminium,hud_mining_rock_name_8,2,4,8893c670-f9f7-48df-a05b-e85764994256,Taranite_Raw,Taranite (Raw),20,50,0.1,1,1,1e7fde56-0f51-4c4c-b907-c5631143cdb0,libs/foundry/records/mining/rockcompositionpresets/atacamitedeposit_aluminium.xml
AtacamiteDeposit_Aluminium,hud_mining_rock_name_8,2,5,f48b147f-713e-481f-adf2-ff9869ac61bd,Bexalite_Raw,Bexalite (Raw),20,50,0.1,1,1,1e7fde56-0f51-4c4c-b907-c5631143cdb0,libs/foundry/records/mining/rockcompositionpresets/atacamitedeposit_aluminium.xml
AtacamiteDeposit_Aluminium,hud_mining_rock_name_8,2,6,fc62043c-3f29-4fff-b754-2301762723f7,Quantainium_Raw,Quantainium (Raw),20,50,0.05,1,1,1e7fde56-0f51-4c4c-b907-c5631143cdb0,libs/foundry/records/mining/rockcompositionpresets/atacamitedeposit_aluminium.xml
AtacamiteDeposit_Copper,hud_mining_rock_name_8,2,0,ee12edc1-a2c3-4202-909d-9b729a050a3f,Copper_Ore,Copper (Ore),30,70,1,1,1,b2260f98-7265-4768-88f1-d1f3dfd3a277,libs/foundry/records/mining/rockcompositionpresets/atacamitedeposit_copper.xml
AtacamiteDeposit_Copper,hud_mining_rock_name_8,2,1,220c2e18-9324-4528-b399-2f908488b204,Hephaestanite_Raw,Hephaestanite (Raw),30,60,0.35,1,1,b2260f98-7265-4768-88f1-d1f3dfd3a277,libs/foundry/records/mining/rockcompositionpresets/atacamitedeposit_copper.xml
AtacamiteDeposit_Copper,hud_mining_rock_name_8,2,2,d61d6c33-e428-4014-9326-0b06034de16a,Agricium_Ore,Agricium (Ore),30,60,0.7,1,1,b2260f98-7265-4768-88f1-d1f3dfd3a277,libs/foundry/records/mining/rockcompositionpresets/atacamitedeposit_copper.xml
AtacamiteDeposit_Copper,hud_mining_rock_name_8,2,3,f2f5bf2e-87f9-4f3d-bb59-b4e11eceeaad,Gold_Ore,Gold (Ore),20,50,0.3,1,1,b2260f98-7265-4768-88f1-d1f3dfd3a277,libs/foundry/records/mining/rockcompositionpresets/atacamitedeposit_copper.xml
AtacamiteDeposit_Copper,hud_mining_rock_name_8,2,4,8893c670-f9f7-48df-a05b-e85764994256,Taranite_Raw,Taranite (Raw),20,50,0.1,1,1,b2260f98-7265-4768-88f1-d1f3dfd3a277,libs/foundry/records/mining/rockcompositionpresets/atacamitedeposit_copper.xml
AtacamiteDeposit_Copper,hud_mining_rock_name_8,2,5,f48b147f-713e-481f-adf2-ff9869ac61bd,Bexalite_Raw,Bexalite (Raw),20,50,0.1,1,1,b2260f98-7265-4768-88f1-d1f3dfd3a277,libs/foundry/records/mining/rockcompositionpresets/atacamitedeposit_copper.xml
AtacamiteDeposit_Copper,hud_mining_rock_name_8,2,6,fc62043c-3f29-4fff-b754-2301762723f7,Quantainium_Raw,Quantainium (Raw),20,50,0.14,1,1,b2260f98-7265-4768-88f1-d1f3dfd3a277,libs/foundry/records/mining/rockcompositionpresets/atacamitedeposit_copper.xml
AtacamiteDeposit_Copper,hud_mining_rock_name_8,2,0,ee12edc1-a2c3-4202-909d-9b729a050a3f,Copper_Ore,Copper (Ore),30,70,1,1,1,b2260f98-7265-4768-88f1-d1f3dfd3a277,libs/foundry/records/mining/rockcompositionpresets/atacamitedeposit_copper.xml
AtacamiteDeposit_Copper,hud_mining_rock_name_8,2,1,220c2e18-9324-4528-b399-2f908488b204,Hephaestanite_Raw,Hephaestanite (Raw),30,60,0.35,1,1,b2260f98-7265-4768-88f1-d1f3dfd3a277,libs/foundry/records/mining/rockcompositionpresets/atacamitedeposit_copper.xml
AtacamiteDeposit_Copper,hud_mining_rock_name_8,2,2,d61d6c33-e428-4014-9326-0b06034de16a,Agricium_Ore,Agricium (Ore),30,60,0.7,1,1,b2260f98-7265-4768-88f1-d1f3dfd3a277,libs/foundry/records/mining/rockcompositionpresets/atacamitedeposit_copper.xml
AtacamiteDeposit_Copper,hud_mining_rock_name_8,2,3,f2f5bf2e-87f9-4f3d-bb59-b4e11eceeaad,Gold_Ore,Gold (Ore),20,50,0.3,1,1,b2260f98-7265-4768-88f1-d1f3dfd3a277,libs/foundry/records/mining/rockcompositionpresets/atacamitedeposit_copper.xml
AtacamiteDeposit_Copper,hud_mining_rock_name_8,2,4,8893c670-f9f7-48df-a05b-e85764994256,Taranite_Raw,Taranite (Raw),20,50,0.1,1,1,b2260f98-7265-4768-88f1-d1f3dfd3a277,libs/foundry/records/mining/rockcompositionpresets/atacamitedeposit_copper.xml
AtacamiteDeposit_Copper,hud_mining_rock_name_8,2,5,f48b147f-713e-481f-adf2-ff9869ac61bd,Bexalite_Raw,Bexalite (Raw),20,50,0.1,1,1,b2260f98-7265-4768-88f1-d1f3dfd3a277,libs/foundry/records/mining/rockcompositionpresets/atacamitedeposit_copper.xml
AtacamiteDeposit_Copper,hud_mining_rock_name_8,2,6,fc62043c-3f29-4fff-b754-2301762723f7,Quantainium_Raw,Quantainium (Raw),20,50,0.14,1,1,b2260f98-7265-4768-88f1-d1f3dfd3a277,libs/foundry/records/mining/rockcompositionpresets/atacamitedeposit_copper.xml
AtacamiteDeposit_Corundum,hud_mining_rock_name_8,2,0,b471b96c-efbb-4342-90de-cfa087604d8e,Corundum_Raw,Corundum (Raw),30,70,1,1,1,3ea2762b-ff3f-42cf-b392-e6afc96faaff,libs/foundry/records/mining/rockcompositionpresets/atacamitedeposit_corundum.xml
AtacamiteDeposit_Corundum,hud_mining_rock_name_8,2,1,220c2e18-9324-4528-b399-2f908488b204,Hephaestanite_Raw,Hephaestanite (Raw),30,60,0.5,1,1,3ea2762b-ff3f-42cf-b392-e6afc96faaff,libs/foundry/records/mining/rockcompositionpresets/atacamitedeposit_corundum.xml
AtacamiteDeposit_Corundum,hud_mining_rock_name_8,2,2,d61d6c33-e428-4014-9326-0b06034de16a,Agricium_Ore,Agricium (Ore),30,60,0.45,1,1,3ea2762b-ff3f-42cf-b392-e6afc96faaff,libs/foundry/records/mining/rockcompositionpresets/atacamitedeposit_corundum.xml
AtacamiteDeposit_Corundum,hud_mining_rock_name_8,2,3,f2f5bf2e-87f9-4f3d-bb59-b4e11eceeaad,Gold_Ore,Gold (Ore),20,50,0.4,1,1,3ea2762b-ff3f-42cf-b392-e6afc96faaff,libs/foundry/records/mining/rockcompositionpresets/atacamitedeposit_corundum.xml
AtacamiteDeposit_Corundum,hud_mining_rock_name_8,2,4,8893c670-f9f7-48df-a05b-e85764994256,Taranite_Raw,Taranite (Raw),20,50,0.1,1,1,3ea2762b-ff3f-42cf-b392-e6afc96faaff,libs/foundry/records/mining/rockcompositionpresets/atacamitedeposit_corundum.xml
AtacamiteDeposit_Corundum,hud_mining_rock_name_8,2,5,f48b147f-713e-481f-adf2-ff9869ac61bd,Bexalite_Raw,Bexalite (Raw),20,50,0.1,1,1,3ea2762b-ff3f-42cf-b392-e6afc96faaff,libs/foundry/records/mining/rockcompositionpresets/atacamitedeposit_corundum.xml
AtacamiteDeposit_Corundum,hud_mining_rock_name_8,2,6,fc62043c-3f29-4fff-b754-2301762723f7,Quantainium_Raw,Quantainium (Raw),20,50,0.14,1,1,3ea2762b-ff3f-42cf-b392-e6afc96faaff,libs/foundry/records/mining/rockcompositionpresets/atacamitedeposit_corundum.xml
AtacamiteDeposit_Corundum,hud_mining_rock_name_8,2,0,b471b96c-efbb-4342-90de-cfa087604d8e,Corundum_Raw,Corundum (Raw),30,70,1,1,1,3ea2762b-ff3f-42cf-b392-e6afc96faaff,libs/foundry/records/mining/rockcompositionpresets/atacamitedeposit_corundum.xml
AtacamiteDeposit_Corundum,hud_mining_rock_name_8,2,1,220c2e18-9324-4528-b399-2f908488b204,Hephaestanite_Raw,Hephaestanite (Raw),30,60,0.5,1,1,3ea2762b-ff3f-42cf-b392-e6afc96faaff,libs/foundry/records/mining/rockcompositionpresets/atacamitedeposit_corundum.xml
AtacamiteDeposit_Corundum,hud_mining_rock_name_8,2,2,d61d6c33-e428-4014-9326-0b06034de16a,Agricium_Ore,Agricium (Ore),30,60,0.45,1,1,3ea2762b-ff3f-42cf-b392-e6afc96faaff,libs/foundry/records/mining/rockcompositionpresets/atacamitedeposit_corundum.xml
AtacamiteDeposit_Corundum,hud_mining_rock_name_8,2,3,f2f5bf2e-87f9-4f3d-bb59-b4e11eceeaad,Gold_Ore,Gold (Ore),20,50,0.4,1,1,3ea2762b-ff3f-42cf-b392-e6afc96faaff,libs/foundry/records/mining/rockcompositionpresets/atacamitedeposit_corundum.xml
AtacamiteDeposit_Corundum,hud_mining_rock_name_8,2,4,8893c670-f9f7-48df-a05b-e85764994256,Taranite_Raw,Taranite (Raw),20,50,0.1,1,1,3ea2762b-ff3f-42cf-b392-e6afc96faaff,libs/foundry/records/mining/rockcompositionpresets/atacamitedeposit_corundum.xml
AtacamiteDeposit_Corundum,hud_mining_rock_name_8,2,5,f48b147f-713e-481f-adf2-ff9869ac61bd,Bexalite_Raw,Bexalite (Raw),20,50,0.1,1,1,3ea2762b-ff3f-42cf-b392-e6afc96faaff,libs/foundry/records/mining/rockcompositionpresets/atacamitedeposit_corundum.xml
AtacamiteDeposit_Corundum,hud_mining_rock_name_8,2,6,fc62043c-3f29-4fff-b754-2301762723f7,Quantainium_Raw,Quantainium (Raw),20,50,0.14,1,1,3ea2762b-ff3f-42cf-b392-e6afc96faaff,libs/foundry/records/mining/rockcompositionpresets/atacamitedeposit_corundum.xml
AtacamiteDeposit_Iron,hud_mining_rock_name_8,2,0,05708bae-1cb1-4e63-bb95-ec7f4a3ef430,Iron_Ore,Iron (Ore),30,70,1,1,1,7e5463dc-538f-4fda-adc4-9dc3640e207e,libs/foundry/records/mining/rockcompositionpresets/atacamitedeposit_iron.xml
AtacamiteDeposit_Iron,hud_mining_rock_name_8,2,1,220c2e18-9324-4528-b399-2f908488b204,Hephaestanite_Raw,Hephaestanite (Raw),30,60,0.35,1,1,7e5463dc-538f-4fda-adc4-9dc3640e207e,libs/foundry/records/mining/rockcompositionpresets/atacamitedeposit_iron.xml
AtacamiteDeposit_Iron,hud_mining_rock_name_8,2,2,d61d6c33-e428-4014-9326-0b06034de16a,Agricium_Ore,Agricium (Ore),30,60,0.7,1,1,7e5463dc-538f-4fda-adc4-9dc3640e207e,libs/foundry/records/mining/rockcompositionpresets/atacamitedeposit_iron.xml
AtacamiteDeposit_Iron,hud_mining_rock_name_8,2,3,f2f5bf2e-87f9-4f3d-bb59-b4e11eceeaad,Gold_Ore,Gold (Ore),20,50,0.3,1,1,7e5463dc-538f-4fda-adc4-9dc3640e207e,libs/foundry/records/mining/rockcompositionpresets/atacamitedeposit_iron.xml
AtacamiteDeposit_Iron,hud_mining_rock_name_8,2,4,9bd0e34c-2b34-42a3-b41d-381088ff6fed,Aslarite_Raw,Aslarite (Raw),20,50,0.7,1,1,7e5463dc-538f-4fda-adc4-9dc3640e207e,libs/foundry/records/mining/rockcompositionpresets/atacamitedeposit_iron.xml
AtacamiteDeposit_Iron,hud_mining_rock_name_8,2,5,8723956e-e947-4b84-9dcb-b2c6137895ab,Ouratite_Raw,Ouratite (Raw),20,50,0.7,1,1,7e5463dc-538f-4fda-adc4-9dc3640e207e,libs/foundry/records/mining/rockcompositionpresets/atacamitedeposit_iron.xml
AtacamiteDeposit_Iron,hud_mining_rock_name_8,2,6,fc62043c-3f29-4fff-b754-2301762723f7,Quantainium_Raw,Quantainium (Raw),20,50,0.05,1,1,7e5463dc-538f-4fda-adc4-9dc3640e207e,libs/foundry/records/mining/rockcompositionpresets/atacamitedeposit_iron.xml
AtacamiteDeposit_Iron,hud_mining_rock_name_8,2,0,05708bae-1cb1-4e63-bb95-ec7f4a3ef430,Iron_Ore,Iron (Ore),30,70,1,1,1,7e5463dc-538f-4fda-adc4-9dc3640e207e,libs/foundry/records/mining/rockcompositionpresets/atacamitedeposit_iron.xml
AtacamiteDeposit_Iron,hud_mining_rock_name_8,2,1,220c2e18-9324-4528-b399-2f908488b204,Hephaestanite_Raw,Hephaestanite (Raw),30,60,0.35,1,1,7e5463dc-538f-4fda-adc4-9dc3640e207e,libs/foundry/records/mining/rockcompositionpresets/atacamitedeposit_iron.xml
AtacamiteDeposit_Iron,hud_mining_rock_name_8,2,2,d61d6c33-e428-4014-9326-0b06034de16a,Agricium_Ore,Agricium (Ore),30,60,0.7,1,1,7e5463dc-538f-4fda-adc4-9dc3640e207e,libs/foundry/records/mining/rockcompositionpresets/atacamitedeposit_iron.xml
AtacamiteDeposit_Iron,hud_mining_rock_name_8,2,3,f2f5bf2e-87f9-4f3d-bb59-b4e11eceeaad,Gold_Ore,Gold (Ore),20,50,0.3,1,1,7e5463dc-538f-4fda-adc4-9dc3640e207e,libs/foundry/records/mining/rockcompositionpresets/atacamitedeposit_iron.xml
AtacamiteDeposit_Iron,hud_mining_rock_name_8,2,4,9bd0e34c-2b34-42a3-b41d-381088ff6fed,Aslarite_Raw,Aslarite (Raw),20,50,0.7,1,1,7e5463dc-538f-4fda-adc4-9dc3640e207e,libs/foundry/records/mining/rockcompositionpresets/atacamitedeposit_iron.xml
AtacamiteDeposit_Iron,hud_mining_rock_name_8,2,5,8723956e-e947-4b84-9dcb-b2c6137895ab,Ouratite_Raw,Ouratite (Raw),20,50,0.7,1,1,7e5463dc-538f-4fda-adc4-9dc3640e207e,libs/foundry/records/mining/rockcompositionpresets/atacamitedeposit_iron.xml
AtacamiteDeposit_Iron,hud_mining_rock_name_8,2,6,fc62043c-3f29-4fff-b754-2301762723f7,Quantainium_Raw,Quantainium (Raw),20,50,0.05,1,1,7e5463dc-538f-4fda-adc4-9dc3640e207e,libs/foundry/records/mining/rockcompositionpresets/atacamitedeposit_iron.xml
AtacamiteDeposit_Quartz,hud_mining_rock_name_8,2,0,1d35c0bc-9142-42ff-8a83-0ec68d69a128,Quartz_Raw,Quartz (Raw),30,70,1,1,1,e0282e1f-73f7-4e7f-a83e-a28e44a456a6,libs/foundry/records/mining/rockcompositionpresets/atacamitedeposit_quartz.xml
AtacamiteDeposit_Quartz,hud_mining_rock_name_8,2,1,220c2e18-9324-4528-b399-2f908488b204,Hephaestanite_Raw,Hephaestanite (Raw),30,60,0.35,1,1,e0282e1f-73f7-4e7f-a83e-a28e44a456a6,libs/foundry/records/mining/rockcompositionpresets/atacamitedeposit_quartz.xml
AtacamiteDeposit_Quartz,hud_mining_rock_name_8,2,2,d61d6c33-e428-4014-9326-0b06034de16a,Agricium_Ore,Agricium (Ore),30,60,0.45,1,1,e0282e1f-73f7-4e7f-a83e-a28e44a456a6,libs/foundry/records/mining/rockcompositionpresets/atacamitedeposit_quartz.xml
AtacamiteDeposit_Quartz,hud_mining_rock_name_8,2,3,f2f5bf2e-87f9-4f3d-bb59-b4e11eceeaad,Gold_Ore,Gold (Ore),20,50,0.3,1,1,e0282e1f-73f7-4e7f-a83e-a28e44a456a6,libs/foundry/records/mining/rockcompositionpresets/atacamitedeposit_quartz.xml
AtacamiteDeposit_Quartz,hud_mining_rock_name_8,2,4,8893c670-f9f7-48df-a05b-e85764994256,Taranite_Raw,Taranite (Raw),20,50,0.1,1,1,e0282e1f-73f7-4e7f-a83e-a28e44a456a6,libs/foundry/records/mining/rockcompositionpresets/atacamitedeposit_quartz.xml
AtacamiteDeposit_Quartz,hud_mining_rock_name_8,2,5,f48b147f-713e-481f-adf2-ff9869ac61bd,Bexalite_Raw,Bexalite (Raw),20,50,0.3,1,1,e0282e1f-73f7-4e7f-a83e-a28e44a456a6,libs/foundry/records/mining/rockcompositionpresets/atacamitedeposit_quartz.xml
AtacamiteDeposit_Quartz,hud_mining_rock_name_8,2,6,fc62043c-3f29-4fff-b754-2301762723f7,Quantainium_Raw,Quantainium (Raw),20,50,0.05,1,1,e0282e1f-73f7-4e7f-a83e-a28e44a456a6,libs/foundry/records/mining/rockcompositionpresets/atacamitedeposit_quartz.xml
AtacamiteDeposit_Quartz,hud_mining_rock_name_8,2,0,1d35c0bc-9142-42ff-8a83-0ec68d69a128,Quartz_Raw,Quartz (Raw),30,70,1,1,1,e0282e1f-73f7-4e7f-a83e-a28e44a456a6,libs/foundry/records/mining/rockcompositionpresets/atacamitedeposit_quartz.xml
AtacamiteDeposit_Quartz,hud_mining_rock_name_8,2,1,220c2e18-9324-4528-b399-2f908488b204,Hephaestanite_Raw,Hephaestanite (Raw),30,60,0.35,1,1,e0282e1f-73f7-4e7f-a83e-a28e44a456a6,libs/foundry/records/mining/rockcompositionpresets/atacamitedeposit_quartz.xml
AtacamiteDeposit_Quartz,hud_mining_rock_name_8,2,2,d61d6c33-e428-4014-9326-0b06034de16a,Agricium_Ore,Agricium (Ore),30,60,0.45,1,1,e0282e1f-73f7-4e7f-a83e-a28e44a456a6,libs/foundry/records/mining/rockcompositionpresets/atacamitedeposit_quartz.xml
AtacamiteDeposit_Quartz,hud_mining_rock_name_8,2,3,f2f5bf2e-87f9-4f3d-bb59-b4e11eceeaad,Gold_Ore,Gold (Ore),20,50,0.3,1,1,e0282e1f-73f7-4e7f-a83e-a28e44a456a6,libs/foundry/records/mining/rockcompositionpresets/atacamitedeposit_quartz.xml
AtacamiteDeposit_Quartz,hud_mining_rock_name_8,2,4,8893c670-f9f7-48df-a05b-e85764994256,Taranite_Raw,Taranite (Raw),20,50,0.1,1,1,e0282e1f-73f7-4e7f-a83e-a28e44a456a6,libs/foundry/records/mining/rockcompositionpresets/atacamitedeposit_quartz.xml
AtacamiteDeposit_Quartz,hud_mining_rock_name_8,2,5,f48b147f-713e-481f-adf2-ff9869ac61bd,Bexalite_Raw,Bexalite (Raw),20,50,0.3,1,1,e0282e1f-73f7-4e7f-a83e-a28e44a456a6,libs/foundry/records/mining/rockcompositionpresets/atacamitedeposit_quartz.xml
AtacamiteDeposit_Quartz,hud_mining_rock_name_8,2,6,fc62043c-3f29-4fff-b754-2301762723f7,Quantainium_Raw,Quantainium (Raw),20,50,0.05,1,1,e0282e1f-73f7-4e7f-a83e-a28e44a456a6,libs/foundry/records/mining/rockcompositionpresets/atacamitedeposit_quartz.xml
AtacamiteDeposit_Silicon,hud_mining_rock_name_8,2,0,219e8523-b953-4517-812a-0fb2eb023209,Silicon_Raw,Silicon (Raw),30,70,1,1,1,19099114-f146-4c17-b7df-f05f01cf2aef,libs/foundry/records/mining/rockcompositionpresets/atacamitedeposit_silicon.xml
AtacamiteDeposit_Silicon,hud_mining_rock_name_8,2,1,220c2e18-9324-4528-b399-2f908488b204,Hephaestanite_Raw,Hephaestanite (Raw),30,60,0.5,1,1,19099114-f146-4c17-b7df-f05f01cf2aef,libs/foundry/records/mining/rockcompositionpresets/atacamitedeposit_silicon.xml
AtacamiteDeposit_Silicon,hud_mining_rock_name_8,2,2,d61d6c33-e428-4014-9326-0b06034de16a,Agricium_Ore,Agricium (Ore),30,60,0.45,1,1,19099114-f146-4c17-b7df-f05f01cf2aef,libs/foundry/records/mining/rockcompositionpresets/atacamitedeposit_silicon.xml
AtacamiteDeposit_Silicon,hud_mining_rock_name_8,2,3,f2f5bf2e-87f9-4f3d-bb59-b4e11eceeaad,Gold_Ore,Gold (Ore),20,50,0.3,1,1,19099114-f146-4c17-b7df-f05f01cf2aef,libs/foundry/records/mining/rockcompositionpresets/atacamitedeposit_silicon.xml
AtacamiteDeposit_Silicon,hud_mining_rock_name_8,2,4,8893c670-f9f7-48df-a05b-e85764994256,Taranite_Raw,Taranite (Raw),20,50,0.3,1,1,19099114-f146-4c17-b7df-f05f01cf2aef,libs/foundry/records/mining/rockcompositionpresets/atacamitedeposit_silicon.xml
AtacamiteDeposit_Silicon,hud_mining_rock_name_8,2,5,f48b147f-713e-481f-adf2-ff9869ac61bd,Bexalite_Raw,Bexalite (Raw),20,50,0.3,1,1,19099114-f146-4c17-b7df-f05f01cf2aef,libs/foundry/records/mining/rockcompositionpresets/atacamitedeposit_silicon.xml
AtacamiteDeposit_Silicon,hud_mining_rock_name_8,2,6,9498a080-84c0-41f4-b88f-71942c60c43f,Sileron_Ore,Sileron (Ore),20,50,0.05,1,1,19099114-f146-4c17-b7df-f05f01cf2aef,libs/foundry/records/mining/rockcompositionpresets/atacamitedeposit_silicon.xml
AtacamiteDeposit_Silicon,hud_mining_rock_name_8,2,7,905e9623-5e74-4a92-9cb1-72203ed8baad,Riccite_Ore,Riccite (Ore),20,50,0.14,1,1,19099114-f146-4c17-b7df-f05f01cf2aef,libs/foundry/records/mining/rockcompositionpresets/atacamitedeposit_silicon.xml
AtacamiteDeposit_Silicon,hud_mining_rock_name_8,2,0,219e8523-b953-4517-812a-0fb2eb023209,Silicon_Raw,Silicon (Raw),30,70,1,1,1,19099114-f146-4c17-b7df-f05f01cf2aef,libs/foundry/records/mining/rockcompositionpresets/atacamitedeposit_silicon.xml
AtacamiteDeposit_Silicon,hud_mining_rock_name_8,2,1,220c2e18-9324-4528-b399-2f908488b204,Hephaestanite_Raw,Hephaestanite (Raw),30,60,0.5,1,1,19099114-f146-4c17-b7df-f05f01cf2aef,libs/foundry/records/mining/rockcompositionpresets/atacamitedeposit_silicon.xml
AtacamiteDeposit_Silicon,hud_mining_rock_name_8,2,2,d61d6c33-e428-4014-9326-0b06034de16a,Agricium_Ore,Agricium (Ore),30,60,0.45,1,1,19099114-f146-4c17-b7df-f05f01cf2aef,libs/foundry/records/mining/rockcompositionpresets/atacamitedeposit_silicon.xml
AtacamiteDeposit_Silicon,hud_mining_rock_name_8,2,3,f2f5bf2e-87f9-4f3d-bb59-b4e11eceeaad,Gold_Ore,Gold (Ore),20,50,0.3,1,1,19099114-f146-4c17-b7df-f05f01cf2aef,libs/foundry/records/mining/rockcompositionpresets/atacamitedeposit_silicon.xml
AtacamiteDeposit_Silicon,hud_mining_rock_name_8,2,4,8893c670-f9f7-48df-a05b-e85764994256,Taranite_Raw,Taranite (Raw),20,50,0.3,1,1,19099114-f146-4c17-b7df-f05f01cf2aef,libs/foundry/records/mining/rockcompositionpresets/atacamitedeposit_silicon.xml
AtacamiteDeposit_Silicon,hud_mining_rock_name_8,2,5,f48b147f-713e-481f-adf2-ff9869ac61bd,Bexalite_Raw,Bexalite (Raw),20,50,0.3,1,1,19099114-f146-4c17-b7df-f05f01cf2aef,libs/foundry/records/mining/rockcompositionpresets/atacamitedeposit_silicon.xml
AtacamiteDeposit_Silicon,hud_mining_rock_name_8,2,6,9498a080-84c0-41f4-b88f-71942c60c43f,Sileron_Ore,Sileron (Ore),20,50,0.05,1,1,19099114-f146-4c17-b7df-f05f01cf2aef,libs/foundry/records/mining/rockcompositionpresets/atacamitedeposit_silicon.xml
AtacamiteDeposit_Silicon,hud_mining_rock_name_8,2,7,905e9623-5e74-4a92-9cb1-72203ed8baad,Riccite_Ore,Riccite (Ore),20,50,0.14,1,1,19099114-f146-4c17-b7df-f05f01cf2aef,libs/foundry/records/mining/rockcompositionpresets/atacamitedeposit_silicon.xml
AtacamiteDeposit_Tin,hud_mining_rock_name_8,2,0,16b426e2-7ce1-4fb4-8b34-4d8617dd6a97,Tin_Ore,Tin (Ore),30,70,1,1,1,e25e39e5-f0ba-417b-8f48-5e7f874ebaf7,libs/foundry/records/mining/rockcompositionpresets/atacamitedeposit_tin.xml
AtacamiteDeposit_Tin,hud_mining_rock_name_8,2,1,220c2e18-9324-4528-b399-2f908488b204,Hephaestanite_Raw,Hephaestanite (Raw),30,60,0.35,1,1,e25e39e5-f0ba-417b-8f48-5e7f874ebaf7,libs/foundry/records/mining/rockcompositionpresets/atacamitedeposit_tin.xml
AtacamiteDeposit_Tin,hud_mining_rock_name_8,2,2,d61d6c33-e428-4014-9326-0b06034de16a,Agricium_Ore,Agricium (Ore),30,60,0.7,1,1,e25e39e5-f0ba-417b-8f48-5e7f874ebaf7,libs/foundry/records/mining/rockcompositionpresets/atacamitedeposit_tin.xml
AtacamiteDeposit_Tin,hud_mining_rock_name_8,2,3,f2f5bf2e-87f9-4f3d-bb59-b4e11eceeaad,Gold_Ore,Gold (Ore),20,50,0.4,1,1,e25e39e5-f0ba-417b-8f48-5e7f874ebaf7,libs/foundry/records/mining/rockcompositionpresets/atacamitedeposit_tin.xml
AtacamiteDeposit_Tin,hud_mining_rock_name_8,2,4,8893c670-f9f7-48df-a05b-e85764994256,Taranite_Raw,Taranite (Raw),20,50,0.1,1,1,e25e39e5-f0ba-417b-8f48-5e7f874ebaf7,libs/foundry/records/mining/rockcompositionpresets/atacamitedeposit_tin.xml
AtacamiteDeposit_Tin,hud_mining_rock_name_8,2,5,f48b147f-713e-481f-adf2-ff9869ac61bd,Bexalite_Raw,Bexalite (Raw),20,50,0.3,1,1,e25e39e5-f0ba-417b-8f48-5e7f874ebaf7,libs/foundry/records/mining/rockcompositionpresets/atacamitedeposit_tin.xml
AtacamiteDeposit_Tin,hud_mining_rock_name_8,2,6,9498a080-84c0-41f4-b88f-71942c60c43f,Sileron_Ore,Sileron (Ore),20,50,0.14,1,1,e25e39e5-f0ba-417b-8f48-5e7f874ebaf7,libs/foundry/records/mining/rockcompositionpresets/atacamitedeposit_tin.xml
AtacamiteDeposit_Tin,hud_mining_rock_name_8,2,7,905e9623-5e74-4a92-9cb1-72203ed8baad,Riccite_Ore,Riccite (Ore),20,50,0.05,1,1,e25e39e5-f0ba-417b-8f48-5e7f874ebaf7,libs/foundry/records/mining/rockcompositionpresets/atacamitedeposit_tin.xml
AtacamiteDeposit_Tin,hud_mining_rock_name_8,2,0,16b426e2-7ce1-4fb4-8b34-4d8617dd6a97,Tin_Ore,Tin (Ore),30,70,1,1,1,e25e39e5-f0ba-417b-8f48-5e7f874ebaf7,libs/foundry/records/mining/rockcompositionpresets/atacamitedeposit_tin.xml
AtacamiteDeposit_Tin,hud_mining_rock_name_8,2,1,220c2e18-9324-4528-b399-2f908488b204,Hephaestanite_Raw,Hephaestanite (Raw),30,60,0.35,1,1,e25e39e5-f0ba-417b-8f48-5e7f874ebaf7,libs/foundry/records/mining/rockcompositionpresets/atacamitedeposit_tin.xml
AtacamiteDeposit_Tin,hud_mining_rock_name_8,2,2,d61d6c33-e428-4014-9326-0b06034de16a,Agricium_Ore,Agricium (Ore),30,60,0.7,1,1,e25e39e5-f0ba-417b-8f48-5e7f874ebaf7,libs/foundry/records/mining/rockcompositionpresets/atacamitedeposit_tin.xml
AtacamiteDeposit_Tin,hud_mining_rock_name_8,2,3,f2f5bf2e-87f9-4f3d-bb59-b4e11eceeaad,Gold_Ore,Gold (Ore),20,50,0.4,1,1,e25e39e5-f0ba-417b-8f48-5e7f874ebaf7,libs/foundry/records/mining/rockcompositionpresets/atacamitedeposit_tin.xml
AtacamiteDeposit_Tin,hud_mining_rock_name_8,2,4,8893c670-f9f7-48df-a05b-e85764994256,Taranite_Raw,Taranite (Raw),20,50,0.1,1,1,e25e39e5-f0ba-417b-8f48-5e7f874ebaf7,libs/foundry/records/mining/rockcompositionpresets/atacamitedeposit_tin.xml
AtacamiteDeposit_Tin,hud_mining_rock_name_8,2,5,f48b147f-713e-481f-adf2-ff9869ac61bd,Bexalite_Raw,Bexalite (Raw),20,50,0.3,1,1,e25e39e5-f0ba-417b-8f48-5e7f874ebaf7,libs/foundry/records/mining/rockcompositionpresets/atacamitedeposit_tin.xml
AtacamiteDeposit_Tin,hud_mining_rock_name_8,2,6,9498a080-84c0-41f4-b88f-71942c60c43f,Sileron_Ore,Sileron (Ore),20,50,0.14,1,1,e25e39e5-f0ba-417b-8f48-5e7f874ebaf7,libs/foundry/records/mining/rockcompositionpresets/atacamitedeposit_tin.xml
AtacamiteDeposit_Tin,hud_mining_rock_name_8,2,7,905e9623-5e74-4a92-9cb1-72203ed8baad,Riccite_Ore,Riccite (Ore),20,50,0.05,1,1,e25e39e5-f0ba-417b-8f48-5e7f874ebaf7,libs/foundry/records/mining/rockcompositionpresets/atacamitedeposit_tin.xml
AtacamiteDeposit_Titanium,hud_mining_rock_name_8,2,0,7b9055e5-6d62-44dd-a725-a31d838301eb,Titanium_Ore,Titanium (Ore),30,70,1,1,1,87fcd2e9-0b7f-4e56-8a6b-032c72e119e9,libs/foundry/records/mining/rockcompositionpresets/atacamitedeposit_titanium.xml
AtacamiteDeposit_Titanium,hud_mining_rock_name_8,2,1,220c2e18-9324-4528-b399-2f908488b204,Hephaestanite_Raw,Hephaestanite (Raw),30,60,0.35,1,1,87fcd2e9-0b7f-4e56-8a6b-032c72e119e9,libs/foundry/records/mining/rockcompositionpresets/atacamitedeposit_titanium.xml
AtacamiteDeposit_Titanium,hud_mining_rock_name_8,2,2,d61d6c33-e428-4014-9326-0b06034de16a,Agricium_Ore,Agricium (Ore),30,60,0.45,1,1,87fcd2e9-0b7f-4e56-8a6b-032c72e119e9,libs/foundry/records/mining/rockcompositionpresets/atacamitedeposit_titanium.xml
AtacamiteDeposit_Titanium,hud_mining_rock_name_8,2,3,f2f5bf2e-87f9-4f3d-bb59-b4e11eceeaad,Gold_Ore,Gold (Ore),20,50,0.4,1,1,87fcd2e9-0b7f-4e56-8a6b-032c72e119e9,libs/foundry/records/mining/rockcompositionpresets/atacamitedeposit_titanium.xml
AtacamiteDeposit_Titanium,hud_mining_rock_name_8,2,4,8893c670-f9f7-48df-a05b-e85764994256,Taranite_Raw,Taranite (Raw),20,50,0.3,1,1,87fcd2e9-0b7f-4e56-8a6b-032c72e119e9,libs/foundry/records/mining/rockcompositionpresets/atacamitedeposit_titanium.xml
AtacamiteDeposit_Titanium,hud_mining_rock_name_8,2,5,f48b147f-713e-481f-adf2-ff9869ac61bd,Bexalite_Raw,Bexalite (Raw),20,50,0.3,1,1,87fcd2e9-0b7f-4e56-8a6b-032c72e119e9,libs/foundry/records/mining/rockcompositionpresets/atacamitedeposit_titanium.xml
AtacamiteDeposit_Titanium,hud_mining_rock_name_8,2,6,fc62043c-3f29-4fff-b754-2301762723f7,Quantainium_Raw,Quantainium (Raw),20,50,0.05,1,1,87fcd2e9-0b7f-4e56-8a6b-032c72e119e9,libs/foundry/records/mining/rockcompositionpresets/atacamitedeposit_titanium.xml
AtacamiteDeposit_Titanium,hud_mining_rock_name_8,2,0,7b9055e5-6d62-44dd-a725-a31d838301eb,Titanium_Ore,Titanium (Ore),30,70,1,1,1,87fcd2e9-0b7f-4e56-8a6b-032c72e119e9,libs/foundry/records/mining/rockcompositionpresets/atacamitedeposit_titanium.xml
AtacamiteDeposit_Titanium,hud_mining_rock_name_8,2,1,220c2e18-9324-4528-b399-2f908488b204,Hephaestanite_Raw,Hephaestanite (Raw),30,60,0.35,1,1,87fcd2e9-0b7f-4e56-8a6b-032c72e119e9,libs/foundry/records/mining/rockcompositionpresets/atacamitedeposit_titanium.xml
AtacamiteDeposit_Titanium,hud_mining_rock_name_8,2,2,d61d6c33-e428-4014-9326-0b06034de16a,Agricium_Ore,Agricium (Ore),30,60,0.45,1,1,87fcd2e9-0b7f-4e56-8a6b-032c72e119e9,libs/foundry/records/mining/rockcompositionpresets/atacamitedeposit_titanium.xml
AtacamiteDeposit_Titanium,hud_mining_rock_name_8,2,3,f2f5bf2e-87f9-4f3d-bb59-b4e11eceeaad,Gold_Ore,Gold (Ore),20,50,0.4,1,1,87fcd2e9-0b7f-4e56-8a6b-032c72e119e9,libs/foundry/records/mining/rockcompositionpresets/atacamitedeposit_titanium.xml
AtacamiteDeposit_Titanium,hud_mining_rock_name_8,2,4,8893c670-f9f7-48df-a05b-e85764994256,Taranite_Raw,Taranite (Raw),20,50,0.3,1,1,87fcd2e9-0b7f-4e56-8a6b-032c72e119e9,libs/foundry/records/mining/rockcompositionpresets/atacamitedeposit_titanium.xml
AtacamiteDeposit_Titanium,hud_mining_rock_name_8,2,5,f48b147f-713e-481f-adf2-ff9869ac61bd,Bexalite_Raw,Bexalite (Raw),20,50,0.3,1,1,87fcd2e9-0b7f-4e56-8a6b-032c72e119e9,libs/foundry/records/mining/rockcompositionpresets/atacamitedeposit_titanium.xml
AtacamiteDeposit_Titanium,hud_mining_rock_name_8,2,6,fc62043c-3f29-4fff-b754-2301762723f7,Quantainium_Raw,Quantainium (Raw),20,50,0.05,1,1,87fcd2e9-0b7f-4e56-8a6b-032c72e119e9,libs/foundry/records/mining/rockcompositionpresets/atacamitedeposit_titanium.xml
AtacamiteDeposit_Tungsten,hud_mining_rock_name_8,2,0,8f6a7e06-934d-4339-a0a2-75420b81369a,Tungsten_Ore,Tungsten (Ore),30,70,1,1,1,b6bb1702-f844-4614-9121-0c6f1391678a,libs/foundry/records/mining/rockcompositionpresets/atacamitedeposit_tungsten.xml
AtacamiteDeposit_Tungsten,hud_mining_rock_name_8,2,1,220c2e18-9324-4528-b399-2f908488b204,Hephaestanite_Raw,Hephaestanite (Raw),30,60,0.35,1,1,b6bb1702-f844-4614-9121-0c6f1391678a,libs/foundry/records/mining/rockcompositionpresets/atacamitedeposit_tungsten.xml
AtacamiteDeposit_Tungsten,hud_mining_rock_name_8,2,2,d61d6c33-e428-4014-9326-0b06034de16a,Agricium_Ore,Agricium (Ore),30,60,0.45,1,1,b6bb1702-f844-4614-9121-0c6f1391678a,libs/foundry/records/mining/rockcompositionpresets/atacamitedeposit_tungsten.xml
AtacamiteDeposit_Tungsten,hud_mining_rock_name_8,2,3,f2f5bf2e-87f9-4f3d-bb59-b4e11eceeaad,Gold_Ore,Gold (Ore),20,50,0.3,1,1,b6bb1702-f844-4614-9121-0c6f1391678a,libs/foundry/records/mining/rockcompositionpresets/atacamitedeposit_tungsten.xml
AtacamiteDeposit_Tungsten,hud_mining_rock_name_8,2,4,8893c670-f9f7-48df-a05b-e85764994256,Taranite_Raw,Taranite (Raw),20,50,0.1,1,1,b6bb1702-f844-4614-9121-0c6f1391678a,libs/foundry/records/mining/rockcompositionpresets/atacamitedeposit_tungsten.xml
AtacamiteDeposit_Tungsten,hud_mining_rock_name_8,2,5,f48b147f-713e-481f-adf2-ff9869ac61bd,Bexalite_Raw,Bexalite (Raw),20,50,0.3,1,1,b6bb1702-f844-4614-9121-0c6f1391678a,libs/foundry/records/mining/rockcompositionpresets/atacamitedeposit_tungsten.xml
AtacamiteDeposit_Tungsten,hud_mining_rock_name_8,2,6,fc62043c-3f29-4fff-b754-2301762723f7,Quantainium_Raw,Quantainium (Raw),20,50,0.05,1,1,b6bb1702-f844-4614-9121-0c6f1391678a,libs/foundry/records/mining/rockcompositionpresets/atacamitedeposit_tungsten.xml
AtacamiteDeposit_Tungsten,hud_mining_rock_name_8,2,0,8f6a7e06-934d-4339-a0a2-75420b81369a,Tungsten_Ore,Tungsten (Ore),30,70,1,1,1,b6bb1702-f844-4614-9121-0c6f1391678a,libs/foundry/records/mining/rockcompositionpresets/atacamitedeposit_tungsten.xml
AtacamiteDeposit_Tungsten,hud_mining_rock_name_8,2,1,220c2e18-9324-4528-b399-2f908488b204,Hephaestanite_Raw,Hephaestanite (Raw),30,60,0.35,1,1,b6bb1702-f844-4614-9121-0c6f1391678a,libs/foundry/records/mining/rockcompositionpresets/atacamitedeposit_tungsten.xml
AtacamiteDeposit_Tungsten,hud_mining_rock_name_8,2,2,d61d6c33-e428-4014-9326-0b06034de16a,Agricium_Ore,Agricium (Ore),30,60,0.45,1,1,b6bb1702-f844-4614-9121-0c6f1391678a,libs/foundry/records/mining/rockcompositionpresets/atacamitedeposit_tungsten.xml
AtacamiteDeposit_Tungsten,hud_mining_rock_name_8,2,3,f2f5bf2e-87f9-4f3d-bb59-b4e11eceeaad,Gold_Ore,Gold (Ore),20,50,0.3,1,1,b6bb1702-f844-4614-9121-0c6f1391678a,libs/foundry/records/mining/rockcompositionpresets/atacamitedeposit_tungsten.xml
AtacamiteDeposit_Tungsten,hud_mining_rock_name_8,2,4,8893c670-f9f7-48df-a05b-e85764994256,Taranite_Raw,Taranite (Raw),20,50,0.1,1,1,b6bb1702-f844-4614-9121-0c6f1391678a,libs/foundry/records/mining/rockcompositionpresets/atacamitedeposit_tungsten.xml
AtacamiteDeposit_Tungsten,hud_mining_rock_name_8,2,5,f48b147f-713e-481f-adf2-ff9869ac61bd,Bexalite_Raw,Bexalite (Raw),20,50,0.3,1,1,b6bb1702-f844-4614-9121-0c6f1391678a,libs/foundry/records/mining/rockcompositionpresets/atacamitedeposit_tungsten.xml
AtacamiteDeposit_Tungsten,hud_mining_rock_name_8,2,6,fc62043c-3f29-4fff-b754-2301762723f7,Quantainium_Raw,Quantainium (Raw),20,50,0.05,1,1,b6bb1702-f844-4614-9121-0c6f1391678a,libs/foundry/records/mining/rockcompositionpresets/atacamitedeposit_tungsten.xml
AtacamiteDeposit,hud_mining_rock_name_8,2,0,3776294d-5689-41f2-b03d-e8fcd17ede6a,Aluminium_Ore,Aluminum (Ore),30,70,1,1,1,6845d3ef-5199-42d9-9257-48d3b8f7ee18,libs/foundry/records/mining/rockcompositionpresets/atacamitedeposit.xml
AtacamiteDeposit,hud_mining_rock_name_8,2,1,220c2e18-9324-4528-b399-2f908488b204,Hephaestanite_Raw,Hephaestanite (Raw),30,60,0.3,1,1,6845d3ef-5199-42d9-9257-48d3b8f7ee18,libs/foundry/records/mining/rockcompositionpresets/atacamitedeposit.xml
AtacamiteDeposit,hud_mining_rock_name_8,2,2,d61d6c33-e428-4014-9326-0b06034de16a,Agricium_Ore,Agricium (Ore),30,60,0.5,1,1,6845d3ef-5199-42d9-9257-48d3b8f7ee18,libs/foundry/records/mining/rockcompositionpresets/atacamitedeposit.xml
AtacamiteDeposit,hud_mining_rock_name_8,2,3,f2f5bf2e-87f9-4f3d-bb59-b4e11eceeaad,Gold_Ore,Gold (Ore),20,50,0.2,1,1,6845d3ef-5199-42d9-9257-48d3b8f7ee18,libs/foundry/records/mining/rockcompositionpresets/atacamitedeposit.xml
AtacamiteDeposit,hud_mining_rock_name_8,2,4,8893c670-f9f7-48df-a05b-e85764994256,Taranite_Raw,Taranite (Raw),20,50,0.1,1,1,6845d3ef-5199-42d9-9257-48d3b8f7ee18,libs/foundry/records/mining/rockcompositionpresets/atacamitedeposit.xml
AtacamiteDeposit,hud_mining_rock_name_8,2,5,f48b147f-713e-481f-adf2-ff9869ac61bd,Bexalite_Raw,Bexalite (Raw),20,50,0.1,1,1,6845d3ef-5199-42d9-9257-48d3b8f7ee18,libs/foundry/records/mining/rockcompositionpresets/atacamitedeposit.xml
AtacamiteDeposit,hud_mining_rock_name_8,2,6,fc62043c-3f29-4fff-b754-2301762723f7,Quantainium_Raw,Quantainium (Raw),20,50,0.03,1,1,6845d3ef-5199-42d9-9257-48d3b8f7ee18,libs/foundry/records/mining/rockcompositionpresets/atacamitedeposit.xml
AtacamiteDeposit,hud_mining_rock_name_8,2,0,3776294d-5689-41f2-b03d-e8fcd17ede6a,Aluminium_Ore,Aluminum (Ore),30,70,1,1,1,6845d3ef-5199-42d9-9257-48d3b8f7ee18,libs/foundry/records/mining/rockcompositionpresets/atacamitedeposit.xml
AtacamiteDeposit,hud_mining_rock_name_8,2,1,220c2e18-9324-4528-b399-2f908488b204,Hephaestanite_Raw,Hephaestanite (Raw),30,60,0.3,1,1,6845d3ef-5199-42d9-9257-48d3b8f7ee18,libs/foundry/records/mining/rockcompositionpresets/atacamitedeposit.xml
AtacamiteDeposit,hud_mining_rock_name_8,2,2,d61d6c33-e428-4014-9326-0b06034de16a,Agricium_Ore,Agricium (Ore),30,60,0.5,1,1,6845d3ef-5199-42d9-9257-48d3b8f7ee18,libs/foundry/records/mining/rockcompositionpresets/atacamitedeposit.xml
AtacamiteDeposit,hud_mining_rock_name_8,2,3,f2f5bf2e-87f9-4f3d-bb59-b4e11eceeaad,Gold_Ore,Gold (Ore),20,50,0.2,1,1,6845d3ef-5199-42d9-9257-48d3b8f7ee18,libs/foundry/records/mining/rockcompositionpresets/atacamitedeposit.xml
AtacamiteDeposit,hud_mining_rock_name_8,2,4,8893c670-f9f7-48df-a05b-e85764994256,Taranite_Raw,Taranite (Raw),20,50,0.1,1,1,6845d3ef-5199-42d9-9257-48d3b8f7ee18,libs/foundry/records/mining/rockcompositionpresets/atacamitedeposit.xml
AtacamiteDeposit,hud_mining_rock_name_8,2,5,f48b147f-713e-481f-adf2-ff9869ac61bd,Bexalite_Raw,Bexalite (Raw),20,50,0.1,1,1,6845d3ef-5199-42d9-9257-48d3b8f7ee18,libs/foundry/records/mining/rockcompositionpresets/atacamitedeposit.xml
AtacamiteDeposit,hud_mining_rock_name_8,2,6,fc62043c-3f29-4fff-b754-2301762723f7,Quantainium_Raw,Quantainium (Raw),20,50,0.03,1,1,6845d3ef-5199-42d9-9257-48d3b8f7ee18,libs/foundry/records/mining/rockcompositionpresets/atacamitedeposit.xml
FelsicDeposit_Aluminium,hud_mining_rock_name_7,2,0,3776294d-5689-41f2-b03d-e8fcd17ede6a,Aluminium_Ore,Aluminum (Ore),30,70,1,1,1,99712b33-385c-4f5b-a541-34ec21efa762,libs/foundry/records/mining/rockcompositionpresets/felsicdeposit_aluminium.xml
FelsicDeposit_Aluminium,hud_mining_rock_name_7,2,1,cad02f99-292c-4ee4-93cc-a73868f11ddb,Beryl_Raw,Beryl (Raw),30,60,0.55,1,1,99712b33-385c-4f5b-a541-34ec21efa762,libs/foundry/records/mining/rockcompositionpresets/felsicdeposit_aluminium.xml
FelsicDeposit_Aluminium,hud_mining_rock_name_7,2,2,f2f5bf2e-87f9-4f3d-bb59-b4e11eceeaad,Gold_Ore,Gold (Ore),20,50,0.1,1,1,99712b33-385c-4f5b-a541-34ec21efa762,libs/foundry/records/mining/rockcompositionpresets/felsicdeposit_aluminium.xml
FelsicDeposit_Aluminium,hud_mining_rock_name_7,2,3,8893c670-f9f7-48df-a05b-e85764994256,Taranite_Raw,Taranite (Raw),20,50,0.3,1,1,99712b33-385c-4f5b-a541-34ec21efa762,libs/foundry/records/mining/rockcompositionpresets/felsicdeposit_aluminium.xml
FelsicDeposit_Aluminium,hud_mining_rock_name_7,2,4,f48b147f-713e-481f-adf2-ff9869ac61bd,Bexalite_Raw,Bexalite (Raw),20,50,0.3,1,1,99712b33-385c-4f5b-a541-34ec21efa762,libs/foundry/records/mining/rockcompositionpresets/felsicdeposit_aluminium.xml
FelsicDeposit_Aluminium,hud_mining_rock_name_7,2,5,fc62043c-3f29-4fff-b754-2301762723f7,Quantainium_Raw,Quantainium (Raw),20,50,0.16,1,1,99712b33-385c-4f5b-a541-34ec21efa762,libs/foundry/records/mining/rockcompositionpresets/felsicdeposit_aluminium.xml
FelsicDeposit_Aluminium,hud_mining_rock_name_7,2,0,3776294d-5689-41f2-b03d-e8fcd17ede6a,Aluminium_Ore,Aluminum (Ore),30,70,1,1,1,99712b33-385c-4f5b-a541-34ec21efa762,libs/foundry/records/mining/rockcompositionpresets/felsicdeposit_aluminium.xml
FelsicDeposit_Aluminium,hud_mining_rock_name_7,2,1,cad02f99-292c-4ee4-93cc-a73868f11ddb,Beryl_Raw,Beryl (Raw),30,60,0.55,1,1,99712b33-385c-4f5b-a541-34ec21efa762,libs/foundry/records/mining/rockcompositionpresets/felsicdeposit_aluminium.xml
FelsicDeposit_Aluminium,hud_mining_rock_name_7,2,2,f2f5bf2e-87f9-4f3d-bb59-b4e11eceeaad,Gold_Ore,Gold (Ore),20,50,0.1,1,1,99712b33-385c-4f5b-a541-34ec21efa762,libs/foundry/records/mining/rockcompositionpresets/felsicdeposit_aluminium.xml
FelsicDeposit_Aluminium,hud_mining_rock_name_7,2,3,8893c670-f9f7-48df-a05b-e85764994256,Taranite_Raw,Taranite (Raw),20,50,0.3,1,1,99712b33-385c-4f5b-a541-34ec21efa762,libs/foundry/records/mining/rockcompositionpresets/felsicdeposit_aluminium.xml
FelsicDeposit_Aluminium,hud_mining_rock_name_7,2,4,f48b147f-713e-481f-adf2-ff9869ac61bd,Bexalite_Raw,Bexalite (Raw),20,50,0.3,1,1,99712b33-385c-4f5b-a541-34ec21efa762,libs/foundry/records/mining/rockcompositionpresets/felsicdeposit_aluminium.xml
FelsicDeposit_Aluminium,hud_mining_rock_name_7,2,5,fc62043c-3f29-4fff-b754-2301762723f7,Quantainium_Raw,Quantainium (Raw),20,50,0.16,1,1,99712b33-385c-4f5b-a541-34ec21efa762,libs/foundry/records/mining/rockcompositionpresets/felsicdeposit_aluminium.xml
FelsicDeposit_Copper,hud_mining_rock_name_7,2,0,ee12edc1-a2c3-4202-909d-9b729a050a3f,Copper_Ore,Copper (Ore),30,70,1,1,1,48c2a9ce-ae41-4bd6-a13a-faa31ae3927e,libs/foundry/records/mining/rockcompositionpresets/felsicdeposit_copper.xml
FelsicDeposit_Copper,hud_mining_rock_name_7,2,1,cad02f99-292c-4ee4-93cc-a73868f11ddb,Beryl_Raw,Beryl (Raw),30,60,0.55,1,1,48c2a9ce-ae41-4bd6-a13a-faa31ae3927e,libs/foundry/records/mining/rockcompositionpresets/felsicdeposit_copper.xml
FelsicDeposit_Copper,hud_mining_rock_name_7,2,2,f2f5bf2e-87f9-4f3d-bb59-b4e11eceeaad,Gold_Ore,Gold (Ore),20,50,0.2,1,1,48c2a9ce-ae41-4bd6-a13a-faa31ae3927e,libs/foundry/records/mining/rockcompositionpresets/felsicdeposit_copper.xml
FelsicDeposit_Copper,hud_mining_rock_name_7,2,3,8893c670-f9f7-48df-a05b-e85764994256,Taranite_Raw,Taranite (Raw),20,50,0.3,1,1,48c2a9ce-ae41-4bd6-a13a-faa31ae3927e,libs/foundry/records/mining/rockcompositionpresets/felsicdeposit_copper.xml
FelsicDeposit_Copper,hud_mining_rock_name_7,2,4,f48b147f-713e-481f-adf2-ff9869ac61bd,Bexalite_Raw,Bexalite (Raw),20,50,0.5,1,1,48c2a9ce-ae41-4bd6-a13a-faa31ae3927e,libs/foundry/records/mining/rockcompositionpresets/felsicdeposit_copper.xml
FelsicDeposit_Copper,hud_mining_rock_name_7,2,5,fc62043c-3f29-4fff-b754-2301762723f7,Quantainium_Raw,Quantainium (Raw),20,50,0.08,1,1,48c2a9ce-ae41-4bd6-a13a-faa31ae3927e,libs/foundry/records/mining/rockcompositionpresets/felsicdeposit_copper.xml
FelsicDeposit_Copper,hud_mining_rock_name_7,2,0,ee12edc1-a2c3-4202-909d-9b729a050a3f,Copper_Ore,Copper (Ore),30,70,1,1,1,48c2a9ce-ae41-4bd6-a13a-faa31ae3927e,libs/foundry/records/mining/rockcompositionpresets/felsicdeposit_copper.xml
FelsicDeposit_Copper,hud_mining_rock_name_7,2,1,cad02f99-292c-4ee4-93cc-a73868f11ddb,Beryl_Raw,Beryl (Raw),30,60,0.55,1,1,48c2a9ce-ae41-4bd6-a13a-faa31ae3927e,libs/foundry/records/mining/rockcompositionpresets/felsicdeposit_copper.xml
FelsicDeposit_Copper,hud_mining_rock_name_7,2,2,f2f5bf2e-87f9-4f3d-bb59-b4e11eceeaad,Gold_Ore,Gold (Ore),20,50,0.2,1,1,48c2a9ce-ae41-4bd6-a13a-faa31ae3927e,libs/foundry/records/mining/rockcompositionpresets/felsicdeposit_copper.xml
FelsicDeposit_Copper,hud_mining_rock_name_7,2,3,8893c670-f9f7-48df-a05b-e85764994256,Taranite_Raw,Taranite (Raw),20,50,0.3,1,1,48c2a9ce-ae41-4bd6-a13a-faa31ae3927e,libs/foundry/records/mining/rockcompositionpresets/felsicdeposit_copper.xml
FelsicDeposit_Copper,hud_mining_rock_name_7,2,4,f48b147f-713e-481f-adf2-ff9869ac61bd,Bexalite_Raw,Bexalite (Raw),20,50,0.5,1,1,48c2a9ce-ae41-4bd6-a13a-faa31ae3927e,libs/foundry/records/mining/rockcompositionpresets/felsicdeposit_copper.xml
FelsicDeposit_Copper,hud_mining_rock_name_7,2,5,fc62043c-3f29-4fff-b754-2301762723f7,Quantainium_Raw,Quantainium (Raw),20,50,0.08,1,1,48c2a9ce-ae41-4bd6-a13a-faa31ae3927e,libs/foundry/records/mining/rockcompositionpresets/felsicdeposit_copper.xml
FelsicDeposit_Corundum,hud_mining_rock_name_7,2,0,b471b96c-efbb-4342-90de-cfa087604d8e,Corundum_Raw,Corundum (Raw),30,70,1,1,1,e4be8899-7753-4022-9453-d8fe44adc7f2,libs/foundry/records/mining/rockcompositionpresets/felsicdeposit_corundum.xml
FelsicDeposit_Corundum,hud_mining_rock_name_7,2,1,cad02f99-292c-4ee4-93cc-a73868f11ddb,Beryl_Raw,Beryl (Raw),30,60,0.9,1,1,e4be8899-7753-4022-9453-d8fe44adc7f2,libs/foundry/records/mining/rockcompositionpresets/felsicdeposit_corundum.xml
FelsicDeposit_Corundum,hud_mining_rock_name_7,2,2,f2f5bf2e-87f9-4f3d-bb59-b4e11eceeaad,Gold_Ore,Gold (Ore),20,50,0.1,1,1,e4be8899-7753-4022-9453-d8fe44adc7f2,libs/foundry/records/mining/rockcompositionpresets/felsicdeposit_corundum.xml
FelsicDeposit_Corundum,hud_mining_rock_name_7,2,3,8893c670-f9f7-48df-a05b-e85764994256,Taranite_Raw,Taranite (Raw),20,50,0.3,1,1,e4be8899-7753-4022-9453-d8fe44adc7f2,libs/foundry/records/mining/rockcompositionpresets/felsicdeposit_corundum.xml
FelsicDeposit_Corundum,hud_mining_rock_name_7,2,4,f48b147f-713e-481f-adf2-ff9869ac61bd,Bexalite_Raw,Bexalite (Raw),20,50,0.3,1,1,e4be8899-7753-4022-9453-d8fe44adc7f2,libs/foundry/records/mining/rockcompositionpresets/felsicdeposit_corundum.xml
FelsicDeposit_Corundum,hud_mining_rock_name_7,2,5,fc62043c-3f29-4fff-b754-2301762723f7,Quantainium_Raw,Quantainium (Raw),20,50,0.08,1,1,e4be8899-7753-4022-9453-d8fe44adc7f2,libs/foundry/records/mining/rockcompositionpresets/felsicdeposit_corundum.xml
FelsicDeposit_Corundum,hud_mining_rock_name_7,2,0,b471b96c-efbb-4342-90de-cfa087604d8e,Corundum_Raw,Corundum (Raw),30,70,1,1,1,e4be8899-7753-4022-9453-d8fe44adc7f2,libs/foundry/records/mining/rockcompositionpresets/felsicdeposit_corundum.xml
FelsicDeposit_Corundum,hud_mining_rock_name_7,2,1,cad02f99-292c-4ee4-93cc-a73868f11ddb,Beryl_Raw,Beryl (Raw),30,60,0.9,1,1,e4be8899-7753-4022-9453-d8fe44adc7f2,libs/foundry/records/mining/rockcompositionpresets/felsicdeposit_corundum.xml
FelsicDeposit_Corundum,hud_mining_rock_name_7,2,2,f2f5bf2e-87f9-4f3d-bb59-b4e11eceeaad,Gold_Ore,Gold (Ore),20,50,0.1,1,1,e4be8899-7753-4022-9453-d8fe44adc7f2,libs/foundry/records/mining/rockcompositionpresets/felsicdeposit_corundum.xml
FelsicDeposit_Corundum,hud_mining_rock_name_7,2,3,8893c670-f9f7-48df-a05b-e85764994256,Taranite_Raw,Taranite (Raw),20,50,0.3,1,1,e4be8899-7753-4022-9453-d8fe44adc7f2,libs/foundry/records/mining/rockcompositionpresets/felsicdeposit_corundum.xml
FelsicDeposit_Corundum,hud_mining_rock_name_7,2,4,f48b147f-713e-481f-adf2-ff9869ac61bd,Bexalite_Raw,Bexalite (Raw),20,50,0.3,1,1,e4be8899-7753-4022-9453-d8fe44adc7f2,libs/foundry/records/mining/rockcompositionpresets/felsicdeposit_corundum.xml
FelsicDeposit_Corundum,hud_mining_rock_name_7,2,5,fc62043c-3f29-4fff-b754-2301762723f7,Quantainium_Raw,Quantainium (Raw),20,50,0.08,1,1,e4be8899-7753-4022-9453-d8fe44adc7f2,libs/foundry/records/mining/rockcompositionpresets/felsicdeposit_corundum.xml
FelsicDeposit_Iron,hud_mining_rock_name_7,2,0,05708bae-1cb1-4e63-bb95-ec7f4a3ef430,Iron_Ore,Iron (Ore),30,70,1,1,1,b3369adb-070b-464f-93ef-92c40d926b9e,libs/foundry/records/mining/rockcompositionpresets/felsicdeposit_iron.xml
FelsicDeposit_Iron,hud_mining_rock_name_7,2,1,cad02f99-292c-4ee4-93cc-a73868f11ddb,Beryl_Raw,Beryl (Raw),30,60,0.55,1,1,b3369adb-070b-464f-93ef-92c40d926b9e,libs/foundry/records/mining/rockcompositionpresets/felsicdeposit_iron.xml
FelsicDeposit_Iron,hud_mining_rock_name_7,2,2,f2f5bf2e-87f9-4f3d-bb59-b4e11eceeaad,Gold_Ore,Gold (Ore),20,50,0.1,1,1,b3369adb-070b-464f-93ef-92c40d926b9e,libs/foundry/records/mining/rockcompositionpresets/felsicdeposit_iron.xml
FelsicDeposit_Iron,hud_mining_rock_name_7,2,3,8893c670-f9f7-48df-a05b-e85764994256,Taranite_Raw,Taranite (Raw),20,50,0.3,1,1,b3369adb-070b-464f-93ef-92c40d926b9e,libs/foundry/records/mining/rockcompositionpresets/felsicdeposit_iron.xml
FelsicDeposit_Iron,hud_mining_rock_name_7,2,4,f48b147f-713e-481f-adf2-ff9869ac61bd,Bexalite_Raw,Bexalite (Raw),20,50,0.3,1,1,b3369adb-070b-464f-93ef-92c40d926b9e,libs/foundry/records/mining/rockcompositionpresets/felsicdeposit_iron.xml
FelsicDeposit_Iron,hud_mining_rock_name_7,2,5,fc62043c-3f29-4fff-b754-2301762723f7,Quantainium_Raw,Quantainium (Raw),20,50,0.16,1,1,b3369adb-070b-464f-93ef-92c40d926b9e,libs/foundry/records/mining/rockcompositionpresets/felsicdeposit_iron.xml
FelsicDeposit_Iron,hud_mining_rock_name_7,2,0,05708bae-1cb1-4e63-bb95-ec7f4a3ef430,Iron_Ore,Iron (Ore),30,70,1,1,1,b3369adb-070b-464f-93ef-92c40d926b9e,libs/foundry/records/mining/rockcompositionpresets/felsicdeposit_iron.xml
FelsicDeposit_Iron,hud_mining_rock_name_7,2,1,cad02f99-292c-4ee4-93cc-a73868f11ddb,Beryl_Raw,Beryl (Raw),30,60,0.55,1,1,b3369adb-070b-464f-93ef-92c40d926b9e,libs/foundry/records/mining/rockcompositionpresets/felsicdeposit_iron.xml
FelsicDeposit_Iron,hud_mining_rock_name_7,2,2,f2f5bf2e-87f9-4f3d-bb59-b4e11eceeaad,Gold_Ore,Gold (Ore),20,50,0.1,1,1,b3369adb-070b-464f-93ef-92c40d926b9e,libs/foundry/records/mining/rockcompositionpresets/felsicdeposit_iron.xml
FelsicDeposit_Iron,hud_mining_rock_name_7,2,3,8893c670-f9f7-48df-a05b-e85764994256,Taranite_Raw,Taranite (Raw),20,50,0.3,1,1,b3369adb-070b-464f-93ef-92c40d926b9e,libs/foundry/records/mining/rockcompositionpresets/felsicdeposit_iron.xml
FelsicDeposit_Iron,hud_mining_rock_name_7,2,4,f48b147f-713e-481f-adf2-ff9869ac61bd,Bexalite_Raw,Bexalite (Raw),20,50,0.3,1,1,b3369adb-070b-464f-93ef-92c40d926b9e,libs/foundry/records/mining/rockcompositionpresets/felsicdeposit_iron.xml
FelsicDeposit_Iron,hud_mining_rock_name_7,2,5,fc62043c-3f29-4fff-b754-2301762723f7,Quantainium_Raw,Quantainium (Raw),20,50,0.16,1,1,b3369adb-070b-464f-93ef-92c40d926b9e,libs/foundry/records/mining/rockcompositionpresets/felsicdeposit_iron.xml
FelsicDeposit_Quartz,hud_mining_rock_name_7,2,0,1d35c0bc-9142-42ff-8a83-0ec68d69a128,Quartz_Raw,Quartz (Raw),30,70,1,1,1,b3b18118-6b00-4bf3-b52d-cd5fe7046d25,libs/foundry/records/mining/rockcompositionpresets/felsicdeposit_quartz.xml
FelsicDeposit_Quartz,hud_mining_rock_name_7,2,1,cad02f99-292c-4ee4-93cc-a73868f11ddb,Beryl_Raw,Beryl (Raw),30,60,0.9,1,1,b3b18118-6b00-4bf3-b52d-cd5fe7046d25,libs/foundry/records/mining/rockcompositionpresets/felsicdeposit_quartz.xml
FelsicDeposit_Quartz,hud_mining_rock_name_7,2,2,f2f5bf2e-87f9-4f3d-bb59-b4e11eceeaad,Gold_Ore,Gold (Ore),20,50,0.2,1,1,b3b18118-6b00-4bf3-b52d-cd5fe7046d25,libs/foundry/records/mining/rockcompositionpresets/felsicdeposit_quartz.xml
FelsicDeposit_Quartz,hud_mining_rock_name_7,2,3,8893c670-f9f7-48df-a05b-e85764994256,Taranite_Raw,Taranite (Raw),20,50,0.3,1,1,b3b18118-6b00-4bf3-b52d-cd5fe7046d25,libs/foundry/records/mining/rockcompositionpresets/felsicdeposit_quartz.xml
FelsicDeposit_Quartz,hud_mining_rock_name_7,2,4,f48b147f-713e-481f-adf2-ff9869ac61bd,Bexalite_Raw,Bexalite (Raw),20,50,0.3,1,1,b3b18118-6b00-4bf3-b52d-cd5fe7046d25,libs/foundry/records/mining/rockcompositionpresets/felsicdeposit_quartz.xml
FelsicDeposit_Quartz,hud_mining_rock_name_7,2,5,fc62043c-3f29-4fff-b754-2301762723f7,Quantainium_Raw,Quantainium (Raw),20,50,0.08,1,1,b3b18118-6b00-4bf3-b52d-cd5fe7046d25,libs/foundry/records/mining/rockcompositionpresets/felsicdeposit_quartz.xml
FelsicDeposit_Quartz,hud_mining_rock_name_7,2,0,1d35c0bc-9142-42ff-8a83-0ec68d69a128,Quartz_Raw,Quartz (Raw),30,70,1,1,1,b3b18118-6b00-4bf3-b52d-cd5fe7046d25,libs/foundry/records/mining/rockcompositionpresets/felsicdeposit_quartz.xml
FelsicDeposit_Quartz,hud_mining_rock_name_7,2,1,cad02f99-292c-4ee4-93cc-a73868f11ddb,Beryl_Raw,Beryl (Raw),30,60,0.9,1,1,b3b18118-6b00-4bf3-b52d-cd5fe7046d25,libs/foundry/records/mining/rockcompositionpresets/felsicdeposit_quartz.xml
FelsicDeposit_Quartz,hud_mining_rock_name_7,2,2,f2f5bf2e-87f9-4f3d-bb59-b4e11eceeaad,Gold_Ore,Gold (Ore),20,50,0.2,1,1,b3b18118-6b00-4bf3-b52d-cd5fe7046d25,libs/foundry/records/mining/rockcompositionpresets/felsicdeposit_quartz.xml
FelsicDeposit_Quartz,hud_mining_rock_name_7,2,3,8893c670-f9f7-48df-a05b-e85764994256,Taranite_Raw,Taranite (Raw),20,50,0.3,1,1,b3b18118-6b00-4bf3-b52d-cd5fe7046d25,libs/foundry/records/mining/rockcompositionpresets/felsicdeposit_quartz.xml
FelsicDeposit_Quartz,hud_mining_rock_name_7,2,4,f48b147f-713e-481f-adf2-ff9869ac61bd,Bexalite_Raw,Bexalite (Raw),20,50,0.3,1,1,b3b18118-6b00-4bf3-b52d-cd5fe7046d25,libs/foundry/records/mining/rockcompositionpresets/felsicdeposit_quartz.xml
FelsicDeposit_Quartz,hud_mining_rock_name_7,2,5,fc62043c-3f29-4fff-b754-2301762723f7,Quantainium_Raw,Quantainium (Raw),20,50,0.08,1,1,b3b18118-6b00-4bf3-b52d-cd5fe7046d25,libs/foundry/records/mining/rockcompositionpresets/felsicdeposit_quartz.xml
FelsicDeposit_Silicon,hud_mining_rock_name_7,2,0,219e8523-b953-4517-812a-0fb2eb023209,Silicon_Raw,Silicon (Raw),30,70,1,1,1,888dc050-1c48-4b1a-ade6-45df3a240ff9,libs/foundry/records/mining/rockcompositionpresets/felsicdeposit_silicon.xml
FelsicDeposit_Silicon,hud_mining_rock_name_7,2,1,cad02f99-292c-4ee4-93cc-a73868f11ddb,Beryl_Raw,Beryl (Raw),30,60,0.55,1,1,888dc050-1c48-4b1a-ade6-45df3a240ff9,libs/foundry/records/mining/rockcompositionpresets/felsicdeposit_silicon.xml
FelsicDeposit_Silicon,hud_mining_rock_name_7,2,2,f2f5bf2e-87f9-4f3d-bb59-b4e11eceeaad,Gold_Ore,Gold (Ore),20,50,0.1,1,1,888dc050-1c48-4b1a-ade6-45df3a240ff9,libs/foundry/records/mining/rockcompositionpresets/felsicdeposit_silicon.xml
FelsicDeposit_Silicon,hud_mining_rock_name_7,2,3,8893c670-f9f7-48df-a05b-e85764994256,Taranite_Raw,Taranite (Raw),20,50,0.3,1,1,888dc050-1c48-4b1a-ade6-45df3a240ff9,libs/foundry/records/mining/rockcompositionpresets/felsicdeposit_silicon.xml
FelsicDeposit_Silicon,hud_mining_rock_name_7,2,4,f48b147f-713e-481f-adf2-ff9869ac61bd,Bexalite_Raw,Bexalite (Raw),20,50,0.3,1,1,888dc050-1c48-4b1a-ade6-45df3a240ff9,libs/foundry/records/mining/rockcompositionpresets/felsicdeposit_silicon.xml
FelsicDeposit_Silicon,hud_mining_rock_name_7,2,5,9498a080-84c0-41f4-b88f-71942c60c43f,Sileron_Ore,Sileron (Ore),20,50,0.16,1,1,888dc050-1c48-4b1a-ade6-45df3a240ff9,libs/foundry/records/mining/rockcompositionpresets/felsicdeposit_silicon.xml
FelsicDeposit_Silicon,hud_mining_rock_name_7,2,6,905e9623-5e74-4a92-9cb1-72203ed8baad,Riccite_Ore,Riccite (Ore),20,50,0.08,1,1,888dc050-1c48-4b1a-ade6-45df3a240ff9,libs/foundry/records/mining/rockcompositionpresets/felsicdeposit_silicon.xml
FelsicDeposit_Silicon,hud_mining_rock_name_7,2,0,219e8523-b953-4517-812a-0fb2eb023209,Silicon_Raw,Silicon (Raw),30,70,1,1,1,888dc050-1c48-4b1a-ade6-45df3a240ff9,libs/foundry/records/mining/rockcompositionpresets/felsicdeposit_silicon.xml
FelsicDeposit_Silicon,hud_mining_rock_name_7,2,1,cad02f99-292c-4ee4-93cc-a73868f11ddb,Beryl_Raw,Beryl (Raw),30,60,0.55,1,1,888dc050-1c48-4b1a-ade6-45df3a240ff9,libs/foundry/records/mining/rockcompositionpresets/felsicdeposit_silicon.xml
FelsicDeposit_Silicon,hud_mining_rock_name_7,2,2,f2f5bf2e-87f9-4f3d-bb59-b4e11eceeaad,Gold_Ore,Gold (Ore),20,50,0.1,1,1,888dc050-1c48-4b1a-ade6-45df3a240ff9,libs/foundry/records/mining/rockcompositionpresets/felsicdeposit_silicon.xml
FelsicDeposit_Silicon,hud_mining_rock_name_7,2,3,8893c670-f9f7-48df-a05b-e85764994256,Taranite_Raw,Taranite (Raw),20,50,0.3,1,1,888dc050-1c48-4b1a-ade6-45df3a240ff9,libs/foundry/records/mining/rockcompositionpresets/felsicdeposit_silicon.xml
FelsicDeposit_Silicon,hud_mining_rock_name_7,2,4,f48b147f-713e-481f-adf2-ff9869ac61bd,Bexalite_Raw,Bexalite (Raw),20,50,0.3,1,1,888dc050-1c48-4b1a-ade6-45df3a240ff9,libs/foundry/records/mining/rockcompositionpresets/felsicdeposit_silicon.xml
FelsicDeposit_Silicon,hud_mining_rock_name_7,2,5,9498a080-84c0-41f4-b88f-71942c60c43f,Sileron_Ore,Sileron (Ore),20,50,0.16,1,1,888dc050-1c48-4b1a-ade6-45df3a240ff9,libs/foundry/records/mining/rockcompositionpresets/felsicdeposit_silicon.xml
FelsicDeposit_Silicon,hud_mining_rock_name_7,2,6,905e9623-5e74-4a92-9cb1-72203ed8baad,Riccite_Ore,Riccite (Ore),20,50,0.08,1,1,888dc050-1c48-4b1a-ade6-45df3a240ff9,libs/foundry/records/mining/rockcompositionpresets/felsicdeposit_silicon.xml
FelsicDeposit_Tin,hud_mining_rock_name_7,2,0,16b426e2-7ce1-4fb4-8b34-4d8617dd6a97,Tin_Ore,Tin (Ore),30,70,1,1,1,d24c10a7-127a-43b3-820d-e455b25efb37,libs/foundry/records/mining/rockcompositionpresets/felsicdeposit_tin.xml
FelsicDeposit_Tin,hud_mining_rock_name_7,2,1,cad02f99-292c-4ee4-93cc-a73868f11ddb,Beryl_Raw,Beryl (Raw),30,60,0.9,1,1,d24c10a7-127a-43b3-820d-e455b25efb37,libs/foundry/records/mining/rockcompositionpresets/felsicdeposit_tin.xml
FelsicDeposit_Tin,hud_mining_rock_name_7,2,2,f2f5bf2e-87f9-4f3d-bb59-b4e11eceeaad,Gold_Ore,Gold (Ore),20,50,0.2,1,1,d24c10a7-127a-43b3-820d-e455b25efb37,libs/foundry/records/mining/rockcompositionpresets/felsicdeposit_tin.xml
FelsicDeposit_Tin,hud_mining_rock_name_7,2,3,8893c670-f9f7-48df-a05b-e85764994256,Taranite_Raw,Taranite (Raw),20,50,0.5,1,1,d24c10a7-127a-43b3-820d-e455b25efb37,libs/foundry/records/mining/rockcompositionpresets/felsicdeposit_tin.xml
FelsicDeposit_Tin,hud_mining_rock_name_7,2,4,f48b147f-713e-481f-adf2-ff9869ac61bd,Bexalite_Raw,Bexalite (Raw),20,50,0.5,1,1,d24c10a7-127a-43b3-820d-e455b25efb37,libs/foundry/records/mining/rockcompositionpresets/felsicdeposit_tin.xml
FelsicDeposit_Tin,hud_mining_rock_name_7,2,5,9498a080-84c0-41f4-b88f-71942c60c43f,Sileron_Ore,Sileron (Ore),20,50,0.08,1,1,d24c10a7-127a-43b3-820d-e455b25efb37,libs/foundry/records/mining/rockcompositionpresets/felsicdeposit_tin.xml
FelsicDeposit_Tin,hud_mining_rock_name_7,2,6,905e9623-5e74-4a92-9cb1-72203ed8baad,Riccite_Ore,Riccite (Ore),20,50,0.16,1,1,d24c10a7-127a-43b3-820d-e455b25efb37,libs/foundry/records/mining/rockcompositionpresets/felsicdeposit_tin.xml
FelsicDeposit_Tin,hud_mining_rock_name_7,2,0,16b426e2-7ce1-4fb4-8b34-4d8617dd6a97,Tin_Ore,Tin (Ore),30,70,1,1,1,d24c10a7-127a-43b3-820d-e455b25efb37,libs/foundry/records/mining/rockcompositionpresets/felsicdeposit_tin.xml
FelsicDeposit_Tin,hud_mining_rock_name_7,2,1,cad02f99-292c-4ee4-93cc-a73868f11ddb,Beryl_Raw,Beryl (Raw),30,60,0.9,1,1,d24c10a7-127a-43b3-820d-e455b25efb37,libs/foundry/records/mining/rockcompositionpresets/felsicdeposit_tin.xml
FelsicDeposit_Tin,hud_mining_rock_name_7,2,2,f2f5bf2e-87f9-4f3d-bb59-b4e11eceeaad,Gold_Ore,Gold (Ore),20,50,0.2,1,1,d24c10a7-127a-43b3-820d-e455b25efb37,libs/foundry/records/mining/rockcompositionpresets/felsicdeposit_tin.xml
FelsicDeposit_Tin,hud_mining_rock_name_7,2,3,8893c670-f9f7-48df-a05b-e85764994256,Taranite_Raw,Taranite (Raw),20,50,0.5,1,1,d24c10a7-127a-43b3-820d-e455b25efb37,libs/foundry/records/mining/rockcompositionpresets/felsicdeposit_tin.xml
FelsicDeposit_Tin,hud_mining_rock_name_7,2,4,f48b147f-713e-481f-adf2-ff9869ac61bd,Bexalite_Raw,Bexalite (Raw),20,50,0.5,1,1,d24c10a7-127a-43b3-820d-e455b25efb37,libs/foundry/records/mining/rockcompositionpresets/felsicdeposit_tin.xml
FelsicDeposit_Tin,hud_mining_rock_name_7,2,5,9498a080-84c0-41f4-b88f-71942c60c43f,Sileron_Ore,Sileron (Ore),20,50,0.08,1,1,d24c10a7-127a-43b3-820d-e455b25efb37,libs/foundry/records/mining/rockcompositionpresets/felsicdeposit_tin.xml
FelsicDeposit_Tin,hud_mining_rock_name_7,2,6,905e9623-5e74-4a92-9cb1-72203ed8baad,Riccite_Ore,Riccite (Ore),20,50,0.16,1,1,d24c10a7-127a-43b3-820d-e455b25efb37,libs/foundry/records/mining/rockcompositionpresets/felsicdeposit_tin.xml
FelsicDeposit_Titanium,hud_mining_rock_name_7,2,0,7b9055e5-6d62-44dd-a725-a31d838301eb,Titanium_Ore,Titanium (Ore),30,70,1,1,1,8763c193-870c-4327-af4b-eb9596454c33,libs/foundry/records/mining/rockcompositionpresets/felsicdeposit_titanium.xml
FelsicDeposit_Titanium,hud_mining_rock_name_7,2,1,cad02f99-292c-4ee4-93cc-a73868f11ddb,Beryl_Raw,Beryl (Raw),30,60,0.9,1,1,8763c193-870c-4327-af4b-eb9596454c33,libs/foundry/records/mining/rockcompositionpresets/felsicdeposit_titanium.xml
FelsicDeposit_Titanium,hud_mining_rock_name_7,2,2,f2f5bf2e-87f9-4f3d-bb59-b4e11eceeaad,Gold_Ore,Gold (Ore),20,50,0.1,1,1,8763c193-870c-4327-af4b-eb9596454c33,libs/foundry/records/mining/rockcompositionpresets/felsicdeposit_titanium.xml
FelsicDeposit_Titanium,hud_mining_rock_name_7,2,3,8893c670-f9f7-48df-a05b-e85764994256,Taranite_Raw,Taranite (Raw),20,50,0.5,1,1,8763c193-870c-4327-af4b-eb9596454c33,libs/foundry/records/mining/rockcompositionpresets/felsicdeposit_titanium.xml
FelsicDeposit_Titanium,hud_mining_rock_name_7,2,4,f48b147f-713e-481f-adf2-ff9869ac61bd,Bexalite_Raw,Bexalite (Raw),20,50,0.3,1,1,8763c193-870c-4327-af4b-eb9596454c33,libs/foundry/records/mining/rockcompositionpresets/felsicdeposit_titanium.xml
FelsicDeposit_Titanium,hud_mining_rock_name_7,2,5,fc62043c-3f29-4fff-b754-2301762723f7,Quantainium_Raw,Quantainium (Raw),20,50,0.08,1,1,8763c193-870c-4327-af4b-eb9596454c33,libs/foundry/records/mining/rockcompositionpresets/felsicdeposit_titanium.xml
FelsicDeposit_Titanium,hud_mining_rock_name_7,2,0,7b9055e5-6d62-44dd-a725-a31d838301eb,Titanium_Ore,Titanium (Ore),30,70,1,1,1,8763c193-870c-4327-af4b-eb9596454c33,libs/foundry/records/mining/rockcompositionpresets/felsicdeposit_titanium.xml
FelsicDeposit_Titanium,hud_mining_rock_name_7,2,1,cad02f99-292c-4ee4-93cc-a73868f11ddb,Beryl_Raw,Beryl (Raw),30,60,0.9,1,1,8763c193-870c-4327-af4b-eb9596454c33,libs/foundry/records/mining/rockcompositionpresets/felsicdeposit_titanium.xml
FelsicDeposit_Titanium,hud_mining_rock_name_7,2,2,f2f5bf2e-87f9-4f3d-bb59-b4e11eceeaad,Gold_Ore,Gold (Ore),20,50,0.1,1,1,8763c193-870c-4327-af4b-eb9596454c33,libs/foundry/records/mining/rockcompositionpresets/felsicdeposit_titanium.xml
FelsicDeposit_Titanium,hud_mining_rock_name_7,2,3,8893c670-f9f7-48df-a05b-e85764994256,Taranite_Raw,Taranite (Raw),20,50,0.5,1,1,8763c193-870c-4327-af4b-eb9596454c33,libs/foundry/records/mining/rockcompositionpresets/felsicdeposit_titanium.xml
FelsicDeposit_Titanium,hud_mining_rock_name_7,2,4,f48b147f-713e-481f-adf2-ff9869ac61bd,Bexalite_Raw,Bexalite (Raw),20,50,0.3,1,1,8763c193-870c-4327-af4b-eb9596454c33,libs/foundry/records/mining/rockcompositionpresets/felsicdeposit_titanium.xml
FelsicDeposit_Titanium,hud_mining_rock_name_7,2,5,fc62043c-3f29-4fff-b754-2301762723f7,Quantainium_Raw,Quantainium (Raw),20,50,0.08,1,1,8763c193-870c-4327-af4b-eb9596454c33,libs/foundry/records/mining/rockcompositionpresets/felsicdeposit_titanium.xml
FelsicDeposit_Tungsten,hud_mining_rock_name_7,2,0,8f6a7e06-934d-4339-a0a2-75420b81369a,Tungsten_Ore,Tungsten (Ore),30,70,1,1,1,255858ea-6678-4efb-a60c-44b5a2b3aab1,libs/foundry/records/mining/rockcompositionpresets/felsicdeposit_tungsten.xml
FelsicDeposit_Tungsten,hud_mining_rock_name_7,2,1,cad02f99-292c-4ee4-93cc-a73868f11ddb,Beryl_Raw,Beryl (Raw),30,60,0.55,1,1,255858ea-6678-4efb-a60c-44b5a2b3aab1,libs/foundry/records/mining/rockcompositionpresets/felsicdeposit_tungsten.xml
FelsicDeposit_Tungsten,hud_mining_rock_name_7,2,2,f2f5bf2e-87f9-4f3d-bb59-b4e11eceeaad,Gold_Ore,Gold (Ore),20,50,0.1,1,1,255858ea-6678-4efb-a60c-44b5a2b3aab1,libs/foundry/records/mining/rockcompositionpresets/felsicdeposit_tungsten.xml
FelsicDeposit_Tungsten,hud_mining_rock_name_7,2,3,8893c670-f9f7-48df-a05b-e85764994256,Taranite_Raw,Taranite (Raw),20,50,0.3,1,1,255858ea-6678-4efb-a60c-44b5a2b3aab1,libs/foundry/records/mining/rockcompositionpresets/felsicdeposit_tungsten.xml
FelsicDeposit_Tungsten,hud_mining_rock_name_7,2,4,f48b147f-713e-481f-adf2-ff9869ac61bd,Bexalite_Raw,Bexalite (Raw),20,50,0.3,1,1,255858ea-6678-4efb-a60c-44b5a2b3aab1,libs/foundry/records/mining/rockcompositionpresets/felsicdeposit_tungsten.xml
FelsicDeposit_Tungsten,hud_mining_rock_name_7,2,5,fc62043c-3f29-4fff-b754-2301762723f7,Quantainium_Raw,Quantainium (Raw),20,50,0.08,1,1,255858ea-6678-4efb-a60c-44b5a2b3aab1,libs/foundry/records/mining/rockcompositionpresets/felsicdeposit_tungsten.xml
FelsicDeposit_Tungsten,hud_mining_rock_name_7,2,0,8f6a7e06-934d-4339-a0a2-75420b81369a,Tungsten_Ore,Tungsten (Ore),30,70,1,1,1,255858ea-6678-4efb-a60c-44b5a2b3aab1,libs/foundry/records/mining/rockcompositionpresets/felsicdeposit_tungsten.xml
FelsicDeposit_Tungsten,hud_mining_rock_name_7,2,1,cad02f99-292c-4ee4-93cc-a73868f11ddb,Beryl_Raw,Beryl (Raw),30,60,0.55,1,1,255858ea-6678-4efb-a60c-44b5a2b3aab1,libs/foundry/records/mining/rockcompositionpresets/felsicdeposit_tungsten.xml
FelsicDeposit_Tungsten,hud_mining_rock_name_7,2,2,f2f5bf2e-87f9-4f3d-bb59-b4e11eceeaad,Gold_Ore,Gold (Ore),20,50,0.1,1,1,255858ea-6678-4efb-a60c-44b5a2b3aab1,libs/foundry/records/mining/rockcompositionpresets/felsicdeposit_tungsten.xml
FelsicDeposit_Tungsten,hud_mining_rock_name_7,2,3,8893c670-f9f7-48df-a05b-e85764994256,Taranite_Raw,Taranite (Raw),20,50,0.3,1,1,255858ea-6678-4efb-a60c-44b5a2b3aab1,libs/foundry/records/mining/rockcompositionpresets/felsicdeposit_tungsten.xml
FelsicDeposit_Tungsten,hud_mining_rock_name_7,2,4,f48b147f-713e-481f-adf2-ff9869ac61bd,Bexalite_Raw,Bexalite (Raw),20,50,0.3,1,1,255858ea-6678-4efb-a60c-44b5a2b3aab1,libs/foundry/records/mining/rockcompositionpresets/felsicdeposit_tungsten.xml
FelsicDeposit_Tungsten,hud_mining_rock_name_7,2,5,fc62043c-3f29-4fff-b754-2301762723f7,Quantainium_Raw,Quantainium (Raw),20,50,0.08,1,1,255858ea-6678-4efb-a60c-44b5a2b3aab1,libs/foundry/records/mining/rockcompositionpresets/felsicdeposit_tungsten.xml
FelsicDeposit,hud_mining_rock_name_7,2,0,3776294d-5689-41f2-b03d-e8fcd17ede6a,Aluminium_Ore,Aluminum (Ore),30,70,1,1,1,a206fbe9-233b-4a64-ba0e-225042c07ecc,libs/foundry/records/mining/rockcompositionpresets/felsicdeposit.xml
FelsicDeposit,hud_mining_rock_name_7,2,1,cad02f99-292c-4ee4-93cc-a73868f11ddb,Beryl_Raw,Beryl (Raw),30,60,0.7,1,1,a206fbe9-233b-4a64-ba0e-225042c07ecc,libs/foundry/records/mining/rockcompositionpresets/felsicdeposit.xml
FelsicDeposit,hud_mining_rock_name_7,2,2,f2f5bf2e-87f9-4f3d-bb59-b4e11eceeaad,Gold_Ore,Gold (Ore),20,50,0.05,1,1,a206fbe9-233b-4a64-ba0e-225042c07ecc,libs/foundry/records/mining/rockcompositionpresets/felsicdeposit.xml
FelsicDeposit,hud_mining_rock_name_7,2,3,8893c670-f9f7-48df-a05b-e85764994256,Taranite_Raw,Taranite (Raw),20,50,0.35,1,1,a206fbe9-233b-4a64-ba0e-225042c07ecc,libs/foundry/records/mining/rockcompositionpresets/felsicdeposit.xml
FelsicDeposit,hud_mining_rock_name_7,2,4,f48b147f-713e-481f-adf2-ff9869ac61bd,Bexalite_Raw,Bexalite (Raw),20,50,0.35,1,1,a206fbe9-233b-4a64-ba0e-225042c07ecc,libs/foundry/records/mining/rockcompositionpresets/felsicdeposit.xml
FelsicDeposit,hud_mining_rock_name_7,2,5,fc62043c-3f29-4fff-b754-2301762723f7,Quantainium_Raw,Quantainium (Raw),20,50,0.07,1,1,a206fbe9-233b-4a64-ba0e-225042c07ecc,libs/foundry/records/mining/rockcompositionpresets/felsicdeposit.xml
FelsicDeposit,hud_mining_rock_name_7,2,0,3776294d-5689-41f2-b03d-e8fcd17ede6a,Aluminium_Ore,Aluminum (Ore),30,70,1,1,1,a206fbe9-233b-4a64-ba0e-225042c07ecc,libs/foundry/records/mining/rockcompositionpresets/felsicdeposit.xml
FelsicDeposit,hud_mining_rock_name_7,2,1,cad02f99-292c-4ee4-93cc-a73868f11ddb,Beryl_Raw,Beryl (Raw),30,60,0.7,1,1,a206fbe9-233b-4a64-ba0e-225042c07ecc,libs/foundry/records/mining/rockcompositionpresets/felsicdeposit.xml
FelsicDeposit,hud_mining_rock_name_7,2,2,f2f5bf2e-87f9-4f3d-bb59-b4e11eceeaad,Gold_Ore,Gold (Ore),20,50,0.05,1,1,a206fbe9-233b-4a64-ba0e-225042c07ecc,libs/foundry/records/mining/rockcompositionpresets/felsicdeposit.xml
FelsicDeposit,hud_mining_rock_name_7,2,3,8893c670-f9f7-48df-a05b-e85764994256,Taranite_Raw,Taranite (Raw),20,50,0.35,1,1,a206fbe9-233b-4a64-ba0e-225042c07ecc,libs/foundry/records/mining/rockcompositionpresets/felsicdeposit.xml
FelsicDeposit,hud_mining_rock_name_7,2,4,f48b147f-713e-481f-adf2-ff9869ac61bd,Bexalite_Raw,Bexalite (Raw),20,50,0.35,1,1,a206fbe9-233b-4a64-ba0e-225042c07ecc,libs/foundry/records/mining/rockcompositionpresets/felsicdeposit.xml
FelsicDeposit,hud_mining_rock_name_7,2,5,fc62043c-3f29-4fff-b754-2301762723f7,Quantainium_Raw,Quantainium (Raw),20,50,0.07,1,1,a206fbe9-233b-4a64-ba0e-225042c07ecc,libs/foundry/records/mining/rockcompositionpresets/felsicdeposit.xml
FPS_Composition_AphoriteDeposit,items_commodities_aphorite,1,0,2ee59447-83e0-4f26-899e-df66780008e3,MinableElement_FPS_Aphorite,Aphorite,50,100,1,1,1,cd0d31e5-4858-4ad5-824f-9b58936120ef,libs/foundry/records/mining/rockcompositionpresets/fps_composition_aphoritedeposit.xml
FPS_Composition_AphoriteDeposit,items_commodities_aphorite,1,0,2ee59447-83e0-4f26-899e-df66780008e3,MinableElement_FPS_Aphorite,Aphorite,50,100,1,1,1,cd0d31e5-4858-4ad5-824f-9b58936120ef,libs/foundry/records/mining/rockcompositionpresets/fps_composition_aphoritedeposit.xml
FPS_Composition_CariniteDeposit,items_commodities_carinite,1,0,169ed316-3944-432f-88fa-0a39c5e6d2de,MinableElement_FPS_Carinite,Carinite,50,100,1,1,1,f8332ddb-07d8-416d-81ee-05acebb54ce2,libs/foundry/records/mining/rockcompositionpresets/fps_composition_carinitedeposit.xml
FPS_Composition_CariniteDeposit,items_commodities_carinite,1,0,169ed316-3944-432f-88fa-0a39c5e6d2de,MinableElement_FPS_Carinite,Carinite,50,100,1,1,1,f8332ddb-07d8-416d-81ee-05acebb54ce2,libs/foundry/records/mining/rockcompositionpresets/fps_composition_carinitedeposit.xml
FPS_Composition_CarinitePureDeposit,items_commodities_carinite_pure,1,0,60d46a41-5930-4a13-9c72-bd988192d3a1,MinableElement_FPS_CarinitePure,Carinitepure,50,100,1,1,1,ca77b4fd-2d5a-4981-a59b-009659031dbd,libs/foundry/records/mining/rockcompositionpresets/fps_composition_carinitepuredeposit.xml
FPS_Composition_CarinitePureDeposit,items_commodities_carinite_pure,1,0,60d46a41-5930-4a13-9c72-bd988192d3a1,MinableElement_FPS_CarinitePure,Carinitepure,50,100,1,1,1,ca77b4fd-2d5a-4981-a59b-009659031dbd,libs/foundry/records/mining/rockcompositionpresets/fps_composition_carinitepuredeposit.xml
FPS_Composition_DolivineDeposit,hud_mining_fps_rock_name_2,1,0,c2a1ab26-6b2a-4258-8bae-b32cf08818bc,MinableElement_FPS_Dolivine,Dolivine,50,100,1,1,1,426dcee4-3bd9-4064-a415-0184b92191e6,libs/foundry/records/mining/rockcompositionpresets/fps_composition_dolivinedeposit.xml
FPS_Composition_DolivineDeposit,hud_mining_fps_rock_name_2,1,0,c2a1ab26-6b2a-4258-8bae-b32cf08818bc,MinableElement_FPS_Dolivine,Dolivine,50,100,1,1,1,426dcee4-3bd9-4064-a415-0184b92191e6,libs/foundry/records/mining/rockcompositionpresets/fps_composition_dolivinedeposit.xml
FPS_Composition_FlowstoneDeposit,MineableRock_FPS_Flowstone_Name,1,0,a2b247b4-f3a8-4f51-9690-9773a0ce3bd7,MinableElement_FPS_Flowstone,Flowstone,50,100,1,1,1,edfb6acd-3507-4a2e-9127-29f5bf903965,libs/foundry/records/mining/rockcompositionpresets/fps_composition_flowstonedeposit.xml
FPS_Composition_FlowstoneDeposit,MineableRock_FPS_Flowstone_Name,1,0,a2b247b4-f3a8-4f51-9690-9773a0ce3bd7,MinableElement_FPS_Flowstone,Flowstone,50,100,1,1,1,edfb6acd-3507-4a2e-9127-29f5bf903965,libs/foundry/records/mining/rockcompositionpresets/fps_composition_flowstonedeposit.xml
FPS_Composition_HadaniteDeposit,hud_mining_fps_rock_name_3,1,0,3af2af8d-5850-4900-ac7a-f9b38a959a07,MinableElement_FPS_Hadanite,Hadanite,50,100,1,1,1,b67114a3-683b-49be-b6a5-c712e7338901,libs/foundry/records/mining/rockcompositionpresets/fps_composition_hadanitedeposit.xml
FPS_Composition_HadaniteDeposit,hud_mining_fps_rock_name_3,1,0,3af2af8d-5850-4900-ac7a-f9b38a959a07,MinableElement_FPS_Hadanite,Hadanite,50,100,1,1,1,b67114a3-683b-49be-b6a5-c712e7338901,libs/foundry/records/mining/rockcompositionpresets/fps_composition_hadanitedeposit.xml
FPS_Composition_JacliumDeposit,items_commodities_jaclium_ore,1,0,f5b8c10a-521b-40f6-8761-1863e71fb8d4,MinableElement_FPS_Jaclium,Jaclium,50,100,1,1,1,76cd0067-53dd-47c1-ab20-5d38be542389,libs/foundry/records/mining/rockcompositionpresets/fps_composition_jacliumdeposit.xml
FPS_Composition_JacliumDeposit,items_commodities_jaclium_ore,1,0,f5b8c10a-521b-40f6-8761-1863e71fb8d4,MinableElement_FPS_Jaclium,Jaclium,50,100,1,1,1,76cd0067-53dd-47c1-ab20-5d38be542389,libs/foundry/records/mining/rockcompositionpresets/fps_composition_jacliumdeposit.xml
FPS_Composition_JanaliteDeposit,items_commodities_janalite,1,0,7e324c5c-1b28-400a-ab66-290188ef282c,MinableElement_FPS_Janalite,Janalite,50,100,1,1,1,50e8f768-6367-4139-b4ea-92b48fdfe9bd,libs/foundry/records/mining/rockcompositionpresets/fps_composition_janalitedeposit.xml
FPS_Composition_JanaliteDeposit,items_commodities_janalite,1,0,7e324c5c-1b28-400a-ab66-290188ef282c,MinableElement_FPS_Janalite,Janalite,50,100,1,1,1,50e8f768-6367-4139-b4ea-92b48fdfe9bd,libs/foundry/records/mining/rockcompositionpresets/fps_composition_janalitedeposit.xml
FPS_Composition_SadaryxDeposit,items_commodities_sadaryx,1,0,af5ae7e0-467e-44c1-abd1-b5ce8ed63bcf,MinableElement_FPS_Sadaryx,Sadaryx,50,100,1,1,1,81165186-bf7e-477c-8623-4ca66887be58,libs/foundry/records/mining/rockcompositionpresets/fps_composition_sadaryxdeposit.xml
FPS_Composition_SadaryxDeposit,items_commodities_sadaryx,1,0,af5ae7e0-467e-44c1-abd1-b5ce8ed63bcf,MinableElement_FPS_Sadaryx,Sadaryx,50,100,1,1,1,81165186-bf7e-477c-8623-4ca66887be58,libs/foundry/records/mining/rockcompositionpresets/fps_composition_sadaryxdeposit.xml
FPS_Composition_SaldyniumDeposit,items_commodities_saldynium_ore,1,0,8bb75cd2-f59d-40a5-9077-55089c1626c4,MinableElement_FPS_Saldynium,Saldynium,50,100,1,1,1,3c6e53f8-fe56-4000-b673-f90f42396876,libs/foundry/records/mining/rockcompositionpresets/fps_composition_saldyniumdeposit.xml
FPS_Composition_SaldyniumDeposit,items_commodities_saldynium_ore,1,0,8bb75cd2-f59d-40a5-9077-55089c1626c4,MinableElement_FPS_Saldynium,Saldynium,50,100,1,1,1,3c6e53f8-fe56-4000-b673-f90f42396876,libs/foundry/records/mining/rockcompositionpresets/fps_composition_saldyniumdeposit.xml
FPS_Composition_template,hud_mining_fps_rock_name_1,1,0,2ee59447-83e0-4f26-899e-df66780008e3,MinableElement_FPS_Aphorite,Aphorite,50,100,1,1,1,1e2c974f-ab33-4c34-8e60-634ece66d4c3,libs/foundry/records/mining/rockcompositionpresets/fps_composition_template.xml
FPS_Composition_template,hud_mining_fps_rock_name_1,1,0,2ee59447-83e0-4f26-899e-df66780008e3,MinableElement_FPS_Aphorite,Aphorite,50,100,1,1,1,1e2c974f-ab33-4c34-8e60-634ece66d4c3,libs/foundry/records/mining/rockcompositionpresets/fps_composition_template.xml
FPS_Composition_VLKLimpet,hud_mining_fps_rock_name_1,1,0,0a523c7c-6fa5-4061-81ce-f1537e255c3e,MinableElement_FPS_VLKLimpet,Vlklimpet,100,100,1,1,1,99f553b4-250b-4707-aa53-d96e80a36564,libs/foundry/records/mining/rockcompositionpresets/fps_composition_vlklimpet.xml
FPS_Composition_VLKLimpet,hud_mining_fps_rock_name_1,1,0,0a523c7c-6fa5-4061-81ce-f1537e255c3e,MinableElement_FPS_VLKLimpet,Vlklimpet,100,100,1,1,1,99f553b4-250b-4707-aa53-d96e80a36564,libs/foundry/records/mining/rockcompositionpresets/fps_composition_vlklimpet.xml
GneissDeposit_Aluminium,hud_mining_rock_name_5,2,0,3776294d-5689-41f2-b03d-e8fcd17ede6a,Aluminium_Ore,Aluminum (Ore),30,70,1,1,1,d916cc29-9ca5-4480-b965-d0f5b5f85a18,libs/foundry/records/mining/rockcompositionpresets/gneissdeposit_aluminium.xml
GneissDeposit_Aluminium,hud_mining_rock_name_5,2,1,220c2e18-9324-4528-b399-2f908488b204,Hephaestanite_Raw,Hephaestanite (Raw),30,60,0.8,1,1,d916cc29-9ca5-4480-b965-d0f5b5f85a18,libs/foundry/records/mining/rockcompositionpresets/gneissdeposit_aluminium.xml
GneissDeposit_Aluminium,hud_mining_rock_name_5,2,2,f2f5bf2e-87f9-4f3d-bb59-b4e11eceeaad,Gold_Ore,Gold (Ore),20,50,0.2,1,1,d916cc29-9ca5-4480-b965-d0f5b5f85a18,libs/foundry/records/mining/rockcompositionpresets/gneissdeposit_aluminium.xml
GneissDeposit_Aluminium,hud_mining_rock_name_5,2,3,8893c670-f9f7-48df-a05b-e85764994256,Taranite_Raw,Taranite (Raw),20,50,0.3,1,1,d916cc29-9ca5-4480-b965-d0f5b5f85a18,libs/foundry/records/mining/rockcompositionpresets/gneissdeposit_aluminium.xml
GneissDeposit_Aluminium,hud_mining_rock_name_5,2,4,f48b147f-713e-481f-adf2-ff9869ac61bd,Bexalite_Raw,Bexalite (Raw),20,50,0.3,1,1,d916cc29-9ca5-4480-b965-d0f5b5f85a18,libs/foundry/records/mining/rockcompositionpresets/gneissdeposit_aluminium.xml
GneissDeposit_Aluminium,hud_mining_rock_name_5,2,5,fc62043c-3f29-4fff-b754-2301762723f7,Quantainium_Raw,Quantainium (Raw),20,50,0.06,1,1,d916cc29-9ca5-4480-b965-d0f5b5f85a18,libs/foundry/records/mining/rockcompositionpresets/gneissdeposit_aluminium.xml
GneissDeposit_Aluminium,hud_mining_rock_name_5,2,0,3776294d-5689-41f2-b03d-e8fcd17ede6a,Aluminium_Ore,Aluminum (Ore),30,70,1,1,1,d916cc29-9ca5-4480-b965-d0f5b5f85a18,libs/foundry/records/mining/rockcompositionpresets/gneissdeposit_aluminium.xml
GneissDeposit_Aluminium,hud_mining_rock_name_5,2,1,220c2e18-9324-4528-b399-2f908488b204,Hephaestanite_Raw,Hephaestanite (Raw),30,60,0.8,1,1,d916cc29-9ca5-4480-b965-d0f5b5f85a18,libs/foundry/records/mining/rockcompositionpresets/gneissdeposit_aluminium.xml
GneissDeposit_Aluminium,hud_mining_rock_name_5,2,2,f2f5bf2e-87f9-4f3d-bb59-b4e11eceeaad,Gold_Ore,Gold (Ore),20,50,0.2,1,1,d916cc29-9ca5-4480-b965-d0f5b5f85a18,libs/foundry/records/mining/rockcompositionpresets/gneissdeposit_aluminium.xml
GneissDeposit_Aluminium,hud_mining_rock_name_5,2,3,8893c670-f9f7-48df-a05b-e85764994256,Taranite_Raw,Taranite (Raw),20,50,0.3,1,1,d916cc29-9ca5-4480-b965-d0f5b5f85a18,libs/foundry/records/mining/rockcompositionpresets/gneissdeposit_aluminium.xml
GneissDeposit_Aluminium,hud_mining_rock_name_5,2,4,f48b147f-713e-481f-adf2-ff9869ac61bd,Bexalite_Raw,Bexalite (Raw),20,50,0.3,1,1,d916cc29-9ca5-4480-b965-d0f5b5f85a18,libs/foundry/records/mining/rockcompositionpresets/gneissdeposit_aluminium.xml
GneissDeposit_Aluminium,hud_mining_rock_name_5,2,5,fc62043c-3f29-4fff-b754-2301762723f7,Quantainium_Raw,Quantainium (Raw),20,50,0.06,1,1,d916cc29-9ca5-4480-b965-d0f5b5f85a18,libs/foundry/records/mining/rockcompositionpresets/gneissdeposit_aluminium.xml
GneissDeposit_Copper,hud_mining_rock_name_5,2,0,ee12edc1-a2c3-4202-909d-9b729a050a3f,Copper_Ore,Copper (Ore),30,70,1,1,1,9d1359c9-9462-4005-82b5-cec897d7290b,libs/foundry/records/mining/rockcompositionpresets/gneissdeposit_copper.xml
GneissDeposit_Copper,hud_mining_rock_name_5,2,1,220c2e18-9324-4528-b399-2f908488b204,Hephaestanite_Raw,Hephaestanite (Raw),30,60,0.5,1,1,9d1359c9-9462-4005-82b5-cec897d7290b,libs/foundry/records/mining/rockcompositionpresets/gneissdeposit_copper.xml
GneissDeposit_Copper,hud_mining_rock_name_5,2,2,f2f5bf2e-87f9-4f3d-bb59-b4e11eceeaad,Gold_Ore,Gold (Ore),20,50,0.1,1,1,9d1359c9-9462-4005-82b5-cec897d7290b,libs/foundry/records/mining/rockcompositionpresets/gneissdeposit_copper.xml
GneissDeposit_Copper,hud_mining_rock_name_5,2,3,8893c670-f9f7-48df-a05b-e85764994256,Taranite_Raw,Taranite (Raw),20,50,0.4,1,1,9d1359c9-9462-4005-82b5-cec897d7290b,libs/foundry/records/mining/rockcompositionpresets/gneissdeposit_copper.xml
GneissDeposit_Copper,hud_mining_rock_name_5,2,4,f48b147f-713e-481f-adf2-ff9869ac61bd,Bexalite_Raw,Bexalite (Raw),20,50,0.3,1,1,9d1359c9-9462-4005-82b5-cec897d7290b,libs/foundry/records/mining/rockcompositionpresets/gneissdeposit_copper.xml
GneissDeposit_Copper,hud_mining_rock_name_5,2,5,fc62043c-3f29-4fff-b754-2301762723f7,Quantainium_Raw,Quantainium (Raw),20,50,0.06,1,1,9d1359c9-9462-4005-82b5-cec897d7290b,libs/foundry/records/mining/rockcompositionpresets/gneissdeposit_copper.xml
GneissDeposit_Copper,hud_mining_rock_name_5,2,0,ee12edc1-a2c3-4202-909d-9b729a050a3f,Copper_Ore,Copper (Ore),30,70,1,1,1,9d1359c9-9462-4005-82b5-cec897d7290b,libs/foundry/records/mining/rockcompositionpresets/gneissdeposit_copper.xml
GneissDeposit_Copper,hud_mining_rock_name_5,2,1,220c2e18-9324-4528-b399-2f908488b204,Hephaestanite_Raw,Hephaestanite (Raw),30,60,0.5,1,1,9d1359c9-9462-4005-82b5-cec897d7290b,libs/foundry/records/mining/rockcompositionpresets/gneissdeposit_copper.xml
GneissDeposit_Copper,hud_mining_rock_name_5,2,2,f2f5bf2e-87f9-4f3d-bb59-b4e11eceeaad,Gold_Ore,Gold (Ore),20,50,0.1,1,1,9d1359c9-9462-4005-82b5-cec897d7290b,libs/foundry/records/mining/rockcompositionpresets/gneissdeposit_copper.xml
GneissDeposit_Copper,hud_mining_rock_name_5,2,3,8893c670-f9f7-48df-a05b-e85764994256,Taranite_Raw,Taranite (Raw),20,50,0.4,1,1,9d1359c9-9462-4005-82b5-cec897d7290b,libs/foundry/records/mining/rockcompositionpresets/gneissdeposit_copper.xml
GneissDeposit_Copper,hud_mining_rock_name_5,2,4,f48b147f-713e-481f-adf2-ff9869ac61bd,Bexalite_Raw,Bexalite (Raw),20,50,0.3,1,1,9d1359c9-9462-4005-82b5-cec897d7290b,libs/foundry/records/mining/rockcompositionpresets/gneissdeposit_copper.xml
GneissDeposit_Copper,hud_mining_rock_name_5,2,5,fc62043c-3f29-4fff-b754-2301762723f7,Quantainium_Raw,Quantainium (Raw),20,50,0.06,1,1,9d1359c9-9462-4005-82b5-cec897d7290b,libs/foundry/records/mining/rockcompositionpresets/gneissdeposit_copper.xml
GneissDeposit_Corundum,hud_mining_rock_name_5,2,0,b471b96c-efbb-4342-90de-cfa087604d8e,Corundum_Raw,Corundum (Raw),30,70,1,1,1,f18fbcc3-e080-4c3d-b335-883f08520ed4,libs/foundry/records/mining/rockcompositionpresets/gneissdeposit_corundum.xml
GneissDeposit_Corundum,hud_mining_rock_name_5,2,1,220c2e18-9324-4528-b399-2f908488b204,Hephaestanite_Raw,Hephaestanite (Raw),30,60,0.8,1,1,f18fbcc3-e080-4c3d-b335-883f08520ed4,libs/foundry/records/mining/rockcompositionpresets/gneissdeposit_corundum.xml
GneissDeposit_Corundum,hud_mining_rock_name_5,2,2,f2f5bf2e-87f9-4f3d-bb59-b4e11eceeaad,Gold_Ore,Gold (Ore),20,50,0.2,1,1,f18fbcc3-e080-4c3d-b335-883f08520ed4,libs/foundry/records/mining/rockcompositionpresets/gneissdeposit_corundum.xml
GneissDeposit_Corundum,hud_mining_rock_name_5,2,3,8893c670-f9f7-48df-a05b-e85764994256,Taranite_Raw,Taranite (Raw),20,50,0.3,1,1,f18fbcc3-e080-4c3d-b335-883f08520ed4,libs/foundry/records/mining/rockcompositionpresets/gneissdeposit_corundum.xml
GneissDeposit_Corundum,hud_mining_rock_name_5,2,4,f48b147f-713e-481f-adf2-ff9869ac61bd,Bexalite_Raw,Bexalite (Raw),20,50,0.3,1,1,f18fbcc3-e080-4c3d-b335-883f08520ed4,libs/foundry/records/mining/rockcompositionpresets/gneissdeposit_corundum.xml
GneissDeposit_Corundum,hud_mining_rock_name_5,2,5,fc62043c-3f29-4fff-b754-2301762723f7,Quantainium_Raw,Quantainium (Raw),20,50,0.06,1,1,f18fbcc3-e080-4c3d-b335-883f08520ed4,libs/foundry/records/mining/rockcompositionpresets/gneissdeposit_corundum.xml
GneissDeposit_Corundum,hud_mining_rock_name_5,2,0,b471b96c-efbb-4342-90de-cfa087604d8e,Corundum_Raw,Corundum (Raw),30,70,1,1,1,f18fbcc3-e080-4c3d-b335-883f08520ed4,libs/foundry/records/mining/rockcompositionpresets/gneissdeposit_corundum.xml
GneissDeposit_Corundum,hud_mining_rock_name_5,2,1,220c2e18-9324-4528-b399-2f908488b204,Hephaestanite_Raw,Hephaestanite (Raw),30,60,0.8,1,1,f18fbcc3-e080-4c3d-b335-883f08520ed4,libs/foundry/records/mining/rockcompositionpresets/gneissdeposit_corundum.xml
GneissDeposit_Corundum,hud_mining_rock_name_5,2,2,f2f5bf2e-87f9-4f3d-bb59-b4e11eceeaad,Gold_Ore,Gold (Ore),20,50,0.2,1,1,f18fbcc3-e080-4c3d-b335-883f08520ed4,libs/foundry/records/mining/rockcompositionpresets/gneissdeposit_corundum.xml
GneissDeposit_Corundum,hud_mining_rock_name_5,2,3,8893c670-f9f7-48df-a05b-e85764994256,Taranite_Raw,Taranite (Raw),20,50,0.3,1,1,f18fbcc3-e080-4c3d-b335-883f08520ed4,libs/foundry/records/mining/rockcompositionpresets/gneissdeposit_corundum.xml
GneissDeposit_Corundum,hud_mining_rock_name_5,2,4,f48b147f-713e-481f-adf2-ff9869ac61bd,Bexalite_Raw,Bexalite (Raw),20,50,0.3,1,1,f18fbcc3-e080-4c3d-b335-883f08520ed4,libs/foundry/records/mining/rockcompositionpresets/gneissdeposit_corundum.xml
GneissDeposit_Corundum,hud_mining_rock_name_5,2,5,fc62043c-3f29-4fff-b754-2301762723f7,Quantainium_Raw,Quantainium (Raw),20,50,0.06,1,1,f18fbcc3-e080-4c3d-b335-883f08520ed4,libs/foundry/records/mining/rockcompositionpresets/gneissdeposit_corundum.xml
GneissDeposit_Iron,hud_mining_rock_name_5,2,0,05708bae-1cb1-4e63-bb95-ec7f4a3ef430,Iron_Ore,Iron (Ore),30,70,1,1,1,bc04cd63-bb84-4bc8-9a8e-d7c4479ddfda,libs/foundry/records/mining/rockcompositionpresets/gneissdeposit_iron.xml
GneissDeposit_Iron,hud_mining_rock_name_5,2,1,220c2e18-9324-4528-b399-2f908488b204,Hephaestanite_Raw,Hephaestanite (Raw),30,60,0.5,1,1,bc04cd63-bb84-4bc8-9a8e-d7c4479ddfda,libs/foundry/records/mining/rockcompositionpresets/gneissdeposit_iron.xml
GneissDeposit_Iron,hud_mining_rock_name_5,2,2,f2f5bf2e-87f9-4f3d-bb59-b4e11eceeaad,Gold_Ore,Gold (Ore),20,50,0.3,1,1,bc04cd63-bb84-4bc8-9a8e-d7c4479ddfda,libs/foundry/records/mining/rockcompositionpresets/gneissdeposit_iron.xml
GneissDeposit_Iron,hud_mining_rock_name_5,2,3,8893c670-f9f7-48df-a05b-e85764994256,Taranite_Raw,Taranite (Raw),20,50,0.3,1,1,bc04cd63-bb84-4bc8-9a8e-d7c4479ddfda,libs/foundry/records/mining/rockcompositionpresets/gneissdeposit_iron.xml
GneissDeposit_Iron,hud_mining_rock_name_5,2,4,f48b147f-713e-481f-adf2-ff9869ac61bd,Bexalite_Raw,Bexalite (Raw),20,50,0.3,1,1,bc04cd63-bb84-4bc8-9a8e-d7c4479ddfda,libs/foundry/records/mining/rockcompositionpresets/gneissdeposit_iron.xml
GneissDeposit_Iron,hud_mining_rock_name_5,2,5,fc62043c-3f29-4fff-b754-2301762723f7,Quantainium_Raw,Quantainium (Raw),20,50,0.06,1,1,bc04cd63-bb84-4bc8-9a8e-d7c4479ddfda,libs/foundry/records/mining/rockcompositionpresets/gneissdeposit_iron.xml
GneissDeposit_Iron,hud_mining_rock_name_5,2,0,05708bae-1cb1-4e63-bb95-ec7f4a3ef430,Iron_Ore,Iron (Ore),30,70,1,1,1,bc04cd63-bb84-4bc8-9a8e-d7c4479ddfda,libs/foundry/records/mining/rockcompositionpresets/gneissdeposit_iron.xml
GneissDeposit_Iron,hud_mining_rock_name_5,2,1,220c2e18-9324-4528-b399-2f908488b204,Hephaestanite_Raw,Hephaestanite (Raw),30,60,0.5,1,1,bc04cd63-bb84-4bc8-9a8e-d7c4479ddfda,libs/foundry/records/mining/rockcompositionpresets/gneissdeposit_iron.xml
GneissDeposit_Iron,hud_mining_rock_name_5,2,2,f2f5bf2e-87f9-4f3d-bb59-b4e11eceeaad,Gold_Ore,Gold (Ore),20,50,0.3,1,1,bc04cd63-bb84-4bc8-9a8e-d7c4479ddfda,libs/foundry/records/mining/rockcompositionpresets/gneissdeposit_iron.xml
GneissDeposit_Iron,hud_mining_rock_name_5,2,3,8893c670-f9f7-48df-a05b-e85764994256,Taranite_Raw,Taranite (Raw),20,50,0.3,1,1,bc04cd63-bb84-4bc8-9a8e-d7c4479ddfda,libs/foundry/records/mining/rockcompositionpresets/gneissdeposit_iron.xml
GneissDeposit_Iron,hud_mining_rock_name_5,2,4,f48b147f-713e-481f-adf2-ff9869ac61bd,Bexalite_Raw,Bexalite (Raw),20,50,0.3,1,1,bc04cd63-bb84-4bc8-9a8e-d7c4479ddfda,libs/foundry/records/mining/rockcompositionpresets/gneissdeposit_iron.xml
GneissDeposit_Iron,hud_mining_rock_name_5,2,5,fc62043c-3f29-4fff-b754-2301762723f7,Quantainium_Raw,Quantainium (Raw),20,50,0.06,1,1,bc04cd63-bb84-4bc8-9a8e-d7c4479ddfda,libs/foundry/records/mining/rockcompositionpresets/gneissdeposit_iron.xml
GneissDeposit_Quartz,hud_mining_rock_name_5,2,0,1d35c0bc-9142-42ff-8a83-0ec68d69a128,Quartz_Raw,Quartz (Raw),30,70,1,1,1,a119a67b-5989-4498-9621-65f1690f46f2,libs/foundry/records/mining/rockcompositionpresets/gneissdeposit_quartz.xml
GneissDeposit_Quartz,hud_mining_rock_name_5,2,1,220c2e18-9324-4528-b399-2f908488b204,Hephaestanite_Raw,Hephaestanite (Raw),30,60,0.5,1,1,a119a67b-5989-4498-9621-65f1690f46f2,libs/foundry/records/mining/rockcompositionpresets/gneissdeposit_quartz.xml
GneissDeposit_Quartz,hud_mining_rock_name_5,2,2,f2f5bf2e-87f9-4f3d-bb59-b4e11eceeaad,Gold_Ore,Gold (Ore),20,50,0.3,1,1,a119a67b-5989-4498-9621-65f1690f46f2,libs/foundry/records/mining/rockcompositionpresets/gneissdeposit_quartz.xml
GneissDeposit_Quartz,hud_mining_rock_name_5,2,3,8893c670-f9f7-48df-a05b-e85764994256,Taranite_Raw,Taranite (Raw),20,50,0.3,1,1,a119a67b-5989-4498-9621-65f1690f46f2,libs/foundry/records/mining/rockcompositionpresets/gneissdeposit_quartz.xml
GneissDeposit_Quartz,hud_mining_rock_name_5,2,4,f48b147f-713e-481f-adf2-ff9869ac61bd,Bexalite_Raw,Bexalite (Raw),20,50,0.3,1,1,a119a67b-5989-4498-9621-65f1690f46f2,libs/foundry/records/mining/rockcompositionpresets/gneissdeposit_quartz.xml
GneissDeposit_Quartz,hud_mining_rock_name_5,2,5,fc62043c-3f29-4fff-b754-2301762723f7,Quantainium_Raw,Quantainium (Raw),20,50,0.12,1,1,a119a67b-5989-4498-9621-65f1690f46f2,libs/foundry/records/mining/rockcompositionpresets/gneissdeposit_quartz.xml
GneissDeposit_Quartz,hud_mining_rock_name_5,2,0,1d35c0bc-9142-42ff-8a83-0ec68d69a128,Quartz_Raw,Quartz (Raw),30,70,1,1,1,a119a67b-5989-4498-9621-65f1690f46f2,libs/foundry/records/mining/rockcompositionpresets/gneissdeposit_quartz.xml
GneissDeposit_Quartz,hud_mining_rock_name_5,2,1,220c2e18-9324-4528-b399-2f908488b204,Hephaestanite_Raw,Hephaestanite (Raw),30,60,0.5,1,1,a119a67b-5989-4498-9621-65f1690f46f2,libs/foundry/records/mining/rockcompositionpresets/gneissdeposit_quartz.xml
GneissDeposit_Quartz,hud_mining_rock_name_5,2,2,f2f5bf2e-87f9-4f3d-bb59-b4e11eceeaad,Gold_Ore,Gold (Ore),20,50,0.3,1,1,a119a67b-5989-4498-9621-65f1690f46f2,libs/foundry/records/mining/rockcompositionpresets/gneissdeposit_quartz.xml
GneissDeposit_Quartz,hud_mining_rock_name_5,2,3,8893c670-f9f7-48df-a05b-e85764994256,Taranite_Raw,Taranite (Raw),20,50,0.3,1,1,a119a67b-5989-4498-9621-65f1690f46f2,libs/foundry/records/mining/rockcompositionpresets/gneissdeposit_quartz.xml
GneissDeposit_Quartz,hud_mining_rock_name_5,2,4,f48b147f-713e-481f-adf2-ff9869ac61bd,Bexalite_Raw,Bexalite (Raw),20,50,0.3,1,1,a119a67b-5989-4498-9621-65f1690f46f2,libs/foundry/records/mining/rockcompositionpresets/gneissdeposit_quartz.xml
GneissDeposit_Quartz,hud_mining_rock_name_5,2,5,fc62043c-3f29-4fff-b754-2301762723f7,Quantainium_Raw,Quantainium (Raw),20,50,0.12,1,1,a119a67b-5989-4498-9621-65f1690f46f2,libs/foundry/records/mining/rockcompositionpresets/gneissdeposit_quartz.xml
GneissDeposit_Silicon,hud_mining_rock_name_5,2,0,219e8523-b953-4517-812a-0fb2eb023209,Silicon_Raw,Silicon (Raw),30,70,1,1,1,a8f117a4-d8a2-4c1b-981e-10ed11e3b01d,libs/foundry/records/mining/rockcompositionpresets/gneissdeposit_silicon.xml
GneissDeposit_Silicon,hud_mining_rock_name_5,2,1,220c2e18-9324-4528-b399-2f908488b204,Hephaestanite_Raw,Hephaestanite (Raw),30,60,0.8,1,1,a8f117a4-d8a2-4c1b-981e-10ed11e3b01d,libs/foundry/records/mining/rockcompositionpresets/gneissdeposit_silicon.xml
GneissDeposit_Silicon,hud_mining_rock_name_5,2,2,f2f5bf2e-87f9-4f3d-bb59-b4e11eceeaad,Gold_Ore,Gold (Ore),20,50,0.3,1,1,a8f117a4-d8a2-4c1b-981e-10ed11e3b01d,libs/foundry/records/mining/rockcompositionpresets/gneissdeposit_silicon.xml
GneissDeposit_Silicon,hud_mining_rock_name_5,2,3,8893c670-f9f7-48df-a05b-e85764994256,Taranite_Raw,Taranite (Raw),20,50,0.4,1,1,a8f117a4-d8a2-4c1b-981e-10ed11e3b01d,libs/foundry/records/mining/rockcompositionpresets/gneissdeposit_silicon.xml
GneissDeposit_Silicon,hud_mining_rock_name_5,2,4,f48b147f-713e-481f-adf2-ff9869ac61bd,Bexalite_Raw,Bexalite (Raw),20,50,0.3,1,1,a8f117a4-d8a2-4c1b-981e-10ed11e3b01d,libs/foundry/records/mining/rockcompositionpresets/gneissdeposit_silicon.xml
GneissDeposit_Silicon,hud_mining_rock_name_5,2,5,9498a080-84c0-41f4-b88f-71942c60c43f,Sileron_Ore,Sileron (Ore),20,50,0.06,1,1,a8f117a4-d8a2-4c1b-981e-10ed11e3b01d,libs/foundry/records/mining/rockcompositionpresets/gneissdeposit_silicon.xml
GneissDeposit_Silicon,hud_mining_rock_name_5,2,6,905e9623-5e74-4a92-9cb1-72203ed8baad,Riccite_Ore,Riccite (Ore),20,50,0.12,1,1,a8f117a4-d8a2-4c1b-981e-10ed11e3b01d,libs/foundry/records/mining/rockcompositionpresets/gneissdeposit_silicon.xml
GneissDeposit_Silicon,hud_mining_rock_name_5,2,0,219e8523-b953-4517-812a-0fb2eb023209,Silicon_Raw,Silicon (Raw),30,70,1,1,1,a8f117a4-d8a2-4c1b-981e-10ed11e3b01d,libs/foundry/records/mining/rockcompositionpresets/gneissdeposit_silicon.xml
GneissDeposit_Silicon,hud_mining_rock_name_5,2,1,220c2e18-9324-4528-b399-2f908488b204,Hephaestanite_Raw,Hephaestanite (Raw),30,60,0.8,1,1,a8f117a4-d8a2-4c1b-981e-10ed11e3b01d,libs/foundry/records/mining/rockcompositionpresets/gneissdeposit_silicon.xml
GneissDeposit_Silicon,hud_mining_rock_name_5,2,2,f2f5bf2e-87f9-4f3d-bb59-b4e11eceeaad,Gold_Ore,Gold (Ore),20,50,0.3,1,1,a8f117a4-d8a2-4c1b-981e-10ed11e3b01d,libs/foundry/records/mining/rockcompositionpresets/gneissdeposit_silicon.xml
GneissDeposit_Silicon,hud_mining_rock_name_5,2,3,8893c670-f9f7-48df-a05b-e85764994256,Taranite_Raw,Taranite (Raw),20,50,0.4,1,1,a8f117a4-d8a2-4c1b-981e-10ed11e3b01d,libs/foundry/records/mining/rockcompositionpresets/gneissdeposit_silicon.xml
GneissDeposit_Silicon,hud_mining_rock_name_5,2,4,f48b147f-713e-481f-adf2-ff9869ac61bd,Bexalite_Raw,Bexalite (Raw),20,50,0.3,1,1,a8f117a4-d8a2-4c1b-981e-10ed11e3b01d,libs/foundry/records/mining/rockcompositionpresets/gneissdeposit_silicon.xml
GneissDeposit_Silicon,hud_mining_rock_name_5,2,5,9498a080-84c0-41f4-b88f-71942c60c43f,Sileron_Ore,Sileron (Ore),20,50,0.06,1,1,a8f117a4-d8a2-4c1b-981e-10ed11e3b01d,libs/foundry/records/mining/rockcompositionpresets/gneissdeposit_silicon.xml
GneissDeposit_Silicon,hud_mining_rock_name_5,2,6,905e9623-5e74-4a92-9cb1-72203ed8baad,Riccite_Ore,Riccite (Ore),20,50,0.12,1,1,a8f117a4-d8a2-4c1b-981e-10ed11e3b01d,libs/foundry/records/mining/rockcompositionpresets/gneissdeposit_silicon.xml
GneissDeposit_Tin,hud_mining_rock_name_5,2,0,16b426e2-7ce1-4fb4-8b34-4d8617dd6a97,Tin_Ore,Tin (Ore),30,70,1,1,1,cc8831a6-55d4-49d7-aa71-2c7752803d9f,libs/foundry/records/mining/rockcompositionpresets/gneissdeposit_tin.xml
GneissDeposit_Tin,hud_mining_rock_name_5,2,1,220c2e18-9324-4528-b399-2f908488b204,Hephaestanite_Raw,Hephaestanite (Raw),30,60,0.8,1,1,cc8831a6-55d4-49d7-aa71-2c7752803d9f,libs/foundry/records/mining/rockcompositionpresets/gneissdeposit_tin.xml
GneissDeposit_Tin,hud_mining_rock_name_5,2,2,f2f5bf2e-87f9-4f3d-bb59-b4e11eceeaad,Gold_Ore,Gold (Ore),20,50,0.3,1,1,cc8831a6-55d4-49d7-aa71-2c7752803d9f,libs/foundry/records/mining/rockcompositionpresets/gneissdeposit_tin.xml
GneissDeposit_Tin,hud_mining_rock_name_5,2,3,8893c670-f9f7-48df-a05b-e85764994256,Taranite_Raw,Taranite (Raw),20,50,0.3,1,1,cc8831a6-55d4-49d7-aa71-2c7752803d9f,libs/foundry/records/mining/rockcompositionpresets/gneissdeposit_tin.xml
GneissDeposit_Tin,hud_mining_rock_name_5,2,4,f48b147f-713e-481f-adf2-ff9869ac61bd,Bexalite_Raw,Bexalite (Raw),20,50,0.4,1,1,cc8831a6-55d4-49d7-aa71-2c7752803d9f,libs/foundry/records/mining/rockcompositionpresets/gneissdeposit_tin.xml
GneissDeposit_Tin,hud_mining_rock_name_5,2,5,9498a080-84c0-41f4-b88f-71942c60c43f,Sileron_Ore,Sileron (Ore),20,50,0.12,1,1,cc8831a6-55d4-49d7-aa71-2c7752803d9f,libs/foundry/records/mining/rockcompositionpresets/gneissdeposit_tin.xml
GneissDeposit_Tin,hud_mining_rock_name_5,2,6,905e9623-5e74-4a92-9cb1-72203ed8baad,Riccite_Ore,Riccite (Ore),20,50,0.06,1,1,cc8831a6-55d4-49d7-aa71-2c7752803d9f,libs/foundry/records/mining/rockcompositionpresets/gneissdeposit_tin.xml
GneissDeposit_Tin,hud_mining_rock_name_5,2,0,16b426e2-7ce1-4fb4-8b34-4d8617dd6a97,Tin_Ore,Tin (Ore),30,70,1,1,1,cc8831a6-55d4-49d7-aa71-2c7752803d9f,libs/foundry/records/mining/rockcompositionpresets/gneissdeposit_tin.xml
GneissDeposit_Tin,hud_mining_rock_name_5,2,1,220c2e18-9324-4528-b399-2f908488b204,Hephaestanite_Raw,Hephaestanite (Raw),30,60,0.8,1,1,cc8831a6-55d4-49d7-aa71-2c7752803d9f,libs/foundry/records/mining/rockcompositionpresets/gneissdeposit_tin.xml
GneissDeposit_Tin,hud_mining_rock_name_5,2,2,f2f5bf2e-87f9-4f3d-bb59-b4e11eceeaad,Gold_Ore,Gold (Ore),20,50,0.3,1,1,cc8831a6-55d4-49d7-aa71-2c7752803d9f,libs/foundry/records/mining/rockcompositionpresets/gneissdeposit_tin.xml
GneissDeposit_Tin,hud_mining_rock_name_5,2,3,8893c670-f9f7-48df-a05b-e85764994256,Taranite_Raw,Taranite (Raw),20,50,0.3,1,1,cc8831a6-55d4-49d7-aa71-2c7752803d9f,libs/foundry/records/mining/rockcompositionpresets/gneissdeposit_tin.xml
GneissDeposit_Tin,hud_mining_rock_name_5,2,4,f48b147f-713e-481f-adf2-ff9869ac61bd,Bexalite_Raw,Bexalite (Raw),20,50,0.4,1,1,cc8831a6-55d4-49d7-aa71-2c7752803d9f,libs/foundry/records/mining/rockcompositionpresets/gneissdeposit_tin.xml
GneissDeposit_Tin,hud_mining_rock_name_5,2,5,9498a080-84c0-41f4-b88f-71942c60c43f,Sileron_Ore,Sileron (Ore),20,50,0.12,1,1,cc8831a6-55d4-49d7-aa71-2c7752803d9f,libs/foundry/records/mining/rockcompositionpresets/gneissdeposit_tin.xml
GneissDeposit_Tin,hud_mining_rock_name_5,2,6,905e9623-5e74-4a92-9cb1-72203ed8baad,Riccite_Ore,Riccite (Ore),20,50,0.06,1,1,cc8831a6-55d4-49d7-aa71-2c7752803d9f,libs/foundry/records/mining/rockcompositionpresets/gneissdeposit_tin.xml
GneissDeposit_Titanium,hud_mining_rock_name_5,2,0,7b9055e5-6d62-44dd-a725-a31d838301eb,Titanium_Ore,Titanium (Ore),30,70,1,1,1,2cfd5a65-d00e-445c-ae8a-0966b0748563,libs/foundry/records/mining/rockcompositionpresets/gneissdeposit_titanium.xml
GneissDeposit_Titanium,hud_mining_rock_name_5,2,1,220c2e18-9324-4528-b399-2f908488b204,Hephaestanite_Raw,Hephaestanite (Raw),30,60,0.5,1,1,2cfd5a65-d00e-445c-ae8a-0966b0748563,libs/foundry/records/mining/rockcompositionpresets/gneissdeposit_titanium.xml
GneissDeposit_Titanium,hud_mining_rock_name_5,2,2,f2f5bf2e-87f9-4f3d-bb59-b4e11eceeaad,Gold_Ore,Gold (Ore),20,50,0.1,1,1,2cfd5a65-d00e-445c-ae8a-0966b0748563,libs/foundry/records/mining/rockcompositionpresets/gneissdeposit_titanium.xml
GneissDeposit_Titanium,hud_mining_rock_name_5,2,3,8893c670-f9f7-48df-a05b-e85764994256,Taranite_Raw,Taranite (Raw),20,50,0.3,1,1,2cfd5a65-d00e-445c-ae8a-0966b0748563,libs/foundry/records/mining/rockcompositionpresets/gneissdeposit_titanium.xml
GneissDeposit_Titanium,hud_mining_rock_name_5,2,4,f48b147f-713e-481f-adf2-ff9869ac61bd,Bexalite_Raw,Bexalite (Raw),20,50,0.4,1,1,2cfd5a65-d00e-445c-ae8a-0966b0748563,libs/foundry/records/mining/rockcompositionpresets/gneissdeposit_titanium.xml
GneissDeposit_Titanium,hud_mining_rock_name_5,2,5,fc62043c-3f29-4fff-b754-2301762723f7,Quantainium_Raw,Quantainium (Raw),20,50,0.12,1,1,2cfd5a65-d00e-445c-ae8a-0966b0748563,libs/foundry/records/mining/rockcompositionpresets/gneissdeposit_titanium.xml
GneissDeposit_Titanium,hud_mining_rock_name_5,2,0,7b9055e5-6d62-44dd-a725-a31d838301eb,Titanium_Ore,Titanium (Ore),30,70,1,1,1,2cfd5a65-d00e-445c-ae8a-0966b0748563,libs/foundry/records/mining/rockcompositionpresets/gneissdeposit_titanium.xml
GneissDeposit_Titanium,hud_mining_rock_name_5,2,1,220c2e18-9324-4528-b399-2f908488b204,Hephaestanite_Raw,Hephaestanite (Raw),30,60,0.5,1,1,2cfd5a65-d00e-445c-ae8a-0966b0748563,libs/foundry/records/mining/rockcompositionpresets/gneissdeposit_titanium.xml
GneissDeposit_Titanium,hud_mining_rock_name_5,2,2,f2f5bf2e-87f9-4f3d-bb59-b4e11eceeaad,Gold_Ore,Gold (Ore),20,50,0.1,1,1,2cfd5a65-d00e-445c-ae8a-0966b0748563,libs/foundry/records/mining/rockcompositionpresets/gneissdeposit_titanium.xml
GneissDeposit_Titanium,hud_mining_rock_name_5,2,3,8893c670-f9f7-48df-a05b-e85764994256,Taranite_Raw,Taranite (Raw),20,50,0.3,1,1,2cfd5a65-d00e-445c-ae8a-0966b0748563,libs/foundry/records/mining/rockcompositionpresets/gneissdeposit_titanium.xml
GneissDeposit_Titanium,hud_mining_rock_name_5,2,4,f48b147f-713e-481f-adf2-ff9869ac61bd,Bexalite_Raw,Bexalite (Raw),20,50,0.4,1,1,2cfd5a65-d00e-445c-ae8a-0966b0748563,libs/foundry/records/mining/rockcompositionpresets/gneissdeposit_titanium.xml
GneissDeposit_Titanium,hud_mining_rock_name_5,2,5,fc62043c-3f29-4fff-b754-2301762723f7,Quantainium_Raw,Quantainium (Raw),20,50,0.12,1,1,2cfd5a65-d00e-445c-ae8a-0966b0748563,libs/foundry/records/mining/rockcompositionpresets/gneissdeposit_titanium.xml
GneissDeposit_Tungsten,hud_mining_rock_name_5,2,0,3776294d-5689-41f2-b03d-e8fcd17ede6a,Aluminium_Ore,Aluminum (Ore),30,70,1,1,1,24e03cb7-9008-45aa-b2bf-6cb41340089a,libs/foundry/records/mining/rockcompositionpresets/gneissdeposit_tungsten.xml
GneissDeposit_Tungsten,hud_mining_rock_name_5,2,1,220c2e18-9324-4528-b399-2f908488b204,Hephaestanite_Raw,Hephaestanite (Raw),30,60,0.5,1,1,24e03cb7-9008-45aa-b2bf-6cb41340089a,libs/foundry/records/mining/rockcompositionpresets/gneissdeposit_tungsten.xml
GneissDeposit_Tungsten,hud_mining_rock_name_5,2,2,f2f5bf2e-87f9-4f3d-bb59-b4e11eceeaad,Gold_Ore,Gold (Ore),20,50,0.1,1,1,24e03cb7-9008-45aa-b2bf-6cb41340089a,libs/foundry/records/mining/rockcompositionpresets/gneissdeposit_tungsten.xml
GneissDeposit_Tungsten,hud_mining_rock_name_5,2,3,8893c670-f9f7-48df-a05b-e85764994256,Taranite_Raw,Taranite (Raw),20,50,0.4,1,1,24e03cb7-9008-45aa-b2bf-6cb41340089a,libs/foundry/records/mining/rockcompositionpresets/gneissdeposit_tungsten.xml
GneissDeposit_Tungsten,hud_mining_rock_name_5,2,4,f48b147f-713e-481f-adf2-ff9869ac61bd,Bexalite_Raw,Bexalite (Raw),20,50,0.3,1,1,24e03cb7-9008-45aa-b2bf-6cb41340089a,libs/foundry/records/mining/rockcompositionpresets/gneissdeposit_tungsten.xml
GneissDeposit_Tungsten,hud_mining_rock_name_5,2,5,fc62043c-3f29-4fff-b754-2301762723f7,Quantainium_Raw,Quantainium (Raw),20,50,0.06,1,1,24e03cb7-9008-45aa-b2bf-6cb41340089a,libs/foundry/records/mining/rockcompositionpresets/gneissdeposit_tungsten.xml
GneissDeposit_Tungsten,hud_mining_rock_name_5,2,0,3776294d-5689-41f2-b03d-e8fcd17ede6a,Aluminium_Ore,Aluminum (Ore),30,70,1,1,1,24e03cb7-9008-45aa-b2bf-6cb41340089a,libs/foundry/records/mining/rockcompositionpresets/gneissdeposit_tungsten.xml
GneissDeposit_Tungsten,hud_mining_rock_name_5,2,1,220c2e18-9324-4528-b399-2f908488b204,Hephaestanite_Raw,Hephaestanite (Raw),30,60,0.5,1,1,24e03cb7-9008-45aa-b2bf-6cb41340089a,libs/foundry/records/mining/rockcompositionpresets/gneissdeposit_tungsten.xml
GneissDeposit_Tungsten,hud_mining_rock_name_5,2,2,f2f5bf2e-87f9-4f3d-bb59-b4e11eceeaad,Gold_Ore,Gold (Ore),20,50,0.1,1,1,24e03cb7-9008-45aa-b2bf-6cb41340089a,libs/foundry/records/mining/rockcompositionpresets/gneissdeposit_tungsten.xml
GneissDeposit_Tungsten,hud_mining_rock_name_5,2,3,8893c670-f9f7-48df-a05b-e85764994256,Taranite_Raw,Taranite (Raw),20,50,0.4,1,1,24e03cb7-9008-45aa-b2bf-6cb41340089a,libs/foundry/records/mining/rockcompositionpresets/gneissdeposit_tungsten.xml
GneissDeposit_Tungsten,hud_mining_rock_name_5,2,4,f48b147f-713e-481f-adf2-ff9869ac61bd,Bexalite_Raw,Bexalite (Raw),20,50,0.3,1,1,24e03cb7-9008-45aa-b2bf-6cb41340089a,libs/foundry/records/mining/rockcompositionpresets/gneissdeposit_tungsten.xml
GneissDeposit_Tungsten,hud_mining_rock_name_5,2,5,fc62043c-3f29-4fff-b754-2301762723f7,Quantainium_Raw,Quantainium (Raw),20,50,0.06,1,1,24e03cb7-9008-45aa-b2bf-6cb41340089a,libs/foundry/records/mining/rockcompositionpresets/gneissdeposit_tungsten.xml
GneissDeposit,hud_mining_rock_name_5,2,0,3776294d-5689-41f2-b03d-e8fcd17ede6a,Aluminium_Ore,Aluminum (Ore),30,70,1,1,1,89a4a9b0-d845-4cfe-a7b0-1baaf9b0fe2e,libs/foundry/records/mining/rockcompositionpresets/gneissdeposit.xml
GneissDeposit,hud_mining_rock_name_5,2,1,220c2e18-9324-4528-b399-2f908488b204,Hephaestanite_Raw,Hephaestanite (Raw),30,60,0.6,1,1,89a4a9b0-d845-4cfe-a7b0-1baaf9b0fe2e,libs/foundry/records/mining/rockcompositionpresets/gneissdeposit.xml
GneissDeposit,hud_mining_rock_name_5,2,2,f2f5bf2e-87f9-4f3d-bb59-b4e11eceeaad,Gold_Ore,Gold (Ore),20,50,0.1,1,1,89a4a9b0-d845-4cfe-a7b0-1baaf9b0fe2e,libs/foundry/records/mining/rockcompositionpresets/gneissdeposit.xml
GneissDeposit,hud_mining_rock_name_5,2,3,8893c670-f9f7-48df-a05b-e85764994256,Taranite_Raw,Taranite (Raw),20,50,0.2,1,1,89a4a9b0-d845-4cfe-a7b0-1baaf9b0fe2e,libs/foundry/records/mining/rockcompositionpresets/gneissdeposit.xml
GneissDeposit,hud_mining_rock_name_5,2,4,f48b147f-713e-481f-adf2-ff9869ac61bd,Bexalite_Raw,Bexalite (Raw),20,50,0.2,1,1,89a4a9b0-d845-4cfe-a7b0-1baaf9b0fe2e,libs/foundry/records/mining/rockcompositionpresets/gneissdeposit.xml
GneissDeposit,hud_mining_rock_name_5,2,5,fc62043c-3f29-4fff-b754-2301762723f7,Quantainium_Raw,Quantainium (Raw),20,50,0.05,1,1,89a4a9b0-d845-4cfe-a7b0-1baaf9b0fe2e,libs/foundry/records/mining/rockcompositionpresets/gneissdeposit.xml
GneissDeposit,hud_mining_rock_name_5,2,0,3776294d-5689-41f2-b03d-e8fcd17ede6a,Aluminium_Ore,Aluminum (Ore),30,70,1,1,1,89a4a9b0-d845-4cfe-a7b0-1baaf9b0fe2e,libs/foundry/records/mining/rockcompositionpresets/gneissdeposit.xml
GneissDeposit,hud_mining_rock_name_5,2,1,220c2e18-9324-4528-b399-2f908488b204,Hephaestanite_Raw,Hephaestanite (Raw),30,60,0.6,1,1,89a4a9b0-d845-4cfe-a7b0-1baaf9b0fe2e,libs/foundry/records/mining/rockcompositionpresets/gneissdeposit.xml
GneissDeposit,hud_mining_rock_name_5,2,2,f2f5bf2e-87f9-4f3d-bb59-b4e11eceeaad,Gold_Ore,Gold (Ore),20,50,0.1,1,1,89a4a9b0-d845-4cfe-a7b0-1baaf9b0fe2e,libs/foundry/records/mining/rockcompositionpresets/gneissdeposit.xml
GneissDeposit,hud_mining_rock_name_5,2,3,8893c670-f9f7-48df-a05b-e85764994256,Taranite_Raw,Taranite (Raw),20,50,0.2,1,1,89a4a9b0-d845-4cfe-a7b0-1baaf9b0fe2e,libs/foundry/records/mining/rockcompositionpresets/gneissdeposit.xml
GneissDeposit,hud_mining_rock_name_5,2,4,f48b147f-713e-481f-adf2-ff9869ac61bd,Bexalite_Raw,Bexalite (Raw),20,50,0.2,1,1,89a4a9b0-d845-4cfe-a7b0-1baaf9b0fe2e,libs/foundry/records/mining/rockcompositionpresets/gneissdeposit.xml
GneissDeposit,hud_mining_rock_name_5,2,5,fc62043c-3f29-4fff-b754-2301762723f7,Quantainium_Raw,Quantainium (Raw),20,50,0.05,1,1,89a4a9b0-d845-4cfe-a7b0-1baaf9b0fe2e,libs/foundry/records/mining/rockcompositionpresets/gneissdeposit.xml
GraniteDeposit_Aluminium,hud_mining_rock_name_2,2,0,3776294d-5689-41f2-b03d-e8fcd17ede6a,Aluminium_Ore,Aluminum (Ore),30,70,1,1,1,ad4cbf21-de74-47fd-8ba0-54f8c3285225,libs/foundry/records/mining/rockcompositionpresets/granitedeposit_aluminium.xml
GraniteDeposit_Aluminium,hud_mining_rock_name_2,2,1,07f6158a-6494-4b7c-9dd0-bbaab7362137,Borase_Ore,Borase (Ore),30,60,0.55,1,1,ad4cbf21-de74-47fd-8ba0-54f8c3285225,libs/foundry/records/mining/rockcompositionpresets/granitedeposit_aluminium.xml
GraniteDeposit_Aluminium,hud_mining_rock_name_2,2,2,f2f5bf2e-87f9-4f3d-bb59-b4e11eceeaad,Gold_Ore,Gold (Ore),20,50,0.3,1,1,ad4cbf21-de74-47fd-8ba0-54f8c3285225,libs/foundry/records/mining/rockcompositionpresets/granitedeposit_aluminium.xml
GraniteDeposit_Aluminium,hud_mining_rock_name_2,2,3,8893c670-f9f7-48df-a05b-e85764994256,Taranite_Raw,Taranite (Raw),20,50,0.1,1,1,ad4cbf21-de74-47fd-8ba0-54f8c3285225,libs/foundry/records/mining/rockcompositionpresets/granitedeposit_aluminium.xml
GraniteDeposit_Aluminium,hud_mining_rock_name_2,2,4,f48b147f-713e-481f-adf2-ff9869ac61bd,Bexalite_Raw,Bexalite (Raw),20,50,0.1,1,1,ad4cbf21-de74-47fd-8ba0-54f8c3285225,libs/foundry/records/mining/rockcompositionpresets/granitedeposit_aluminium.xml
GraniteDeposit_Aluminium,hud_mining_rock_name_2,2,5,fc62043c-3f29-4fff-b754-2301762723f7,Quantainium_Raw,Quantainium (Raw),20,50,0.16,1,1,ad4cbf21-de74-47fd-8ba0-54f8c3285225,libs/foundry/records/mining/rockcompositionpresets/granitedeposit_aluminium.xml
GraniteDeposit_Aluminium,hud_mining_rock_name_2,2,0,3776294d-5689-41f2-b03d-e8fcd17ede6a,Aluminium_Ore,Aluminum (Ore),30,70,1,1,1,ad4cbf21-de74-47fd-8ba0-54f8c3285225,libs/foundry/records/mining/rockcompositionpresets/granitedeposit_aluminium.xml
GraniteDeposit_Aluminium,hud_mining_rock_name_2,2,1,07f6158a-6494-4b7c-9dd0-bbaab7362137,Borase_Ore,Borase (Ore),30,60,0.55,1,1,ad4cbf21-de74-47fd-8ba0-54f8c3285225,libs/foundry/records/mining/rockcompositionpresets/granitedeposit_aluminium.xml
GraniteDeposit_Aluminium,hud_mining_rock_name_2,2,2,f2f5bf2e-87f9-4f3d-bb59-b4e11eceeaad,Gold_Ore,Gold (Ore),20,50,0.3,1,1,ad4cbf21-de74-47fd-8ba0-54f8c3285225,libs/foundry/records/mining/rockcompositionpresets/granitedeposit_aluminium.xml
GraniteDeposit_Aluminium,hud_mining_rock_name_2,2,3,8893c670-f9f7-48df-a05b-e85764994256,Taranite_Raw,Taranite (Raw),20,50,0.1,1,1,ad4cbf21-de74-47fd-8ba0-54f8c3285225,libs/foundry/records/mining/rockcompositionpresets/granitedeposit_aluminium.xml
GraniteDeposit_Aluminium,hud_mining_rock_name_2,2,4,f48b147f-713e-481f-adf2-ff9869ac61bd,Bexalite_Raw,Bexalite (Raw),20,50,0.1,1,1,ad4cbf21-de74-47fd-8ba0-54f8c3285225,libs/foundry/records/mining/rockcompositionpresets/granitedeposit_aluminium.xml
GraniteDeposit_Aluminium,hud_mining_rock_name_2,2,5,fc62043c-3f29-4fff-b754-2301762723f7,Quantainium_Raw,Quantainium (Raw),20,50,0.16,1,1,ad4cbf21-de74-47fd-8ba0-54f8c3285225,libs/foundry/records/mining/rockcompositionpresets/granitedeposit_aluminium.xml
GraniteDeposit_Copper,hud_mining_rock_name_2,2,0,ee12edc1-a2c3-4202-909d-9b729a050a3f,Copper_Ore,Copper (Ore),30,70,1,1,1,af1778ca-52b6-4f9a-adc9-6d06e15a0590,libs/foundry/records/mining/rockcompositionpresets/granitedeposit_copper.xml
GraniteDeposit_Copper,hud_mining_rock_name_2,2,1,07f6158a-6494-4b7c-9dd0-bbaab7362137,Borase_Ore,Borase (Ore),30,60,0.5,1,1,af1778ca-52b6-4f9a-adc9-6d06e15a0590,libs/foundry/records/mining/rockcompositionpresets/granitedeposit_copper.xml
GraniteDeposit_Copper,hud_mining_rock_name_2,2,2,f2f5bf2e-87f9-4f3d-bb59-b4e11eceeaad,Gold_Ore,Gold (Ore),20,50,0.3,1,1,af1778ca-52b6-4f9a-adc9-6d06e15a0590,libs/foundry/records/mining/rockcompositionpresets/granitedeposit_copper.xml
GraniteDeposit_Copper,hud_mining_rock_name_2,2,3,8893c670-f9f7-48df-a05b-e85764994256,Taranite_Raw,Taranite (Raw),20,50,0.3,1,1,af1778ca-52b6-4f9a-adc9-6d06e15a0590,libs/foundry/records/mining/rockcompositionpresets/granitedeposit_copper.xml
GraniteDeposit_Copper,hud_mining_rock_name_2,2,4,f48b147f-713e-481f-adf2-ff9869ac61bd,Bexalite_Raw,Bexalite (Raw),20,50,0.1,1,1,af1778ca-52b6-4f9a-adc9-6d06e15a0590,libs/foundry/records/mining/rockcompositionpresets/granitedeposit_copper.xml
GraniteDeposit_Copper,hud_mining_rock_name_2,2,5,fc62043c-3f29-4fff-b754-2301762723f7,Quantainium_Raw,Quantainium (Raw),20,50,0.08,1,1,af1778ca-52b6-4f9a-adc9-6d06e15a0590,libs/foundry/records/mining/rockcompositionpresets/granitedeposit_copper.xml
GraniteDeposit_Copper,hud_mining_rock_name_2,2,0,ee12edc1-a2c3-4202-909d-9b729a050a3f,Copper_Ore,Copper (Ore),30,70,1,1,1,af1778ca-52b6-4f9a-adc9-6d06e15a0590,libs/foundry/records/mining/rockcompositionpresets/granitedeposit_copper.xml
GraniteDeposit_Copper,hud_mining_rock_name_2,2,1,07f6158a-6494-4b7c-9dd0-bbaab7362137,Borase_Ore,Borase (Ore),30,60,0.5,1,1,af1778ca-52b6-4f9a-adc9-6d06e15a0590,libs/foundry/records/mining/rockcompositionpresets/granitedeposit_copper.xml
GraniteDeposit_Copper,hud_mining_rock_name_2,2,2,f2f5bf2e-87f9-4f3d-bb59-b4e11eceeaad,Gold_Ore,Gold (Ore),20,50,0.3,1,1,af1778ca-52b6-4f9a-adc9-6d06e15a0590,libs/foundry/records/mining/rockcompositionpresets/granitedeposit_copper.xml
GraniteDeposit_Copper,hud_mining_rock_name_2,2,3,8893c670-f9f7-48df-a05b-e85764994256,Taranite_Raw,Taranite (Raw),20,50,0.3,1,1,af1778ca-52b6-4f9a-adc9-6d06e15a0590,libs/foundry/records/mining/rockcompositionpresets/granitedeposit_copper.xml
GraniteDeposit_Copper,hud_mining_rock_name_2,2,4,f48b147f-713e-481f-adf2-ff9869ac61bd,Bexalite_Raw,Bexalite (Raw),20,50,0.1,1,1,af1778ca-52b6-4f9a-adc9-6d06e15a0590,libs/foundry/records/mining/rockcompositionpresets/granitedeposit_copper.xml
GraniteDeposit_Copper,hud_mining_rock_name_2,2,5,fc62043c-3f29-4fff-b754-2301762723f7,Quantainium_Raw,Quantainium (Raw),20,50,0.08,1,1,af1778ca-52b6-4f9a-adc9-6d06e15a0590,libs/foundry/records/mining/rockcompositionpresets/granitedeposit_copper.xml
GraniteDeposit_Corundum,hud_mining_rock_name_2,2,0,b471b96c-efbb-4342-90de-cfa087604d8e,Corundum_Raw,Corundum (Raw),30,70,1,1,1,7a73f1eb-0f8c-4c30-95dd-75735f623c1a,libs/foundry/records/mining/rockcompositionpresets/granitedeposit_corundum.xml
GraniteDeposit_Corundum,hud_mining_rock_name_2,2,1,07f6158a-6494-4b7c-9dd0-bbaab7362137,Borase_Ore,Borase (Ore),30,60,0.55,1,1,7a73f1eb-0f8c-4c30-95dd-75735f623c1a,libs/foundry/records/mining/rockcompositionpresets/granitedeposit_corundum.xml
GraniteDeposit_Corundum,hud_mining_rock_name_2,2,2,f2f5bf2e-87f9-4f3d-bb59-b4e11eceeaad,Gold_Ore,Gold (Ore),20,50,0.3,1,1,7a73f1eb-0f8c-4c30-95dd-75735f623c1a,libs/foundry/records/mining/rockcompositionpresets/granitedeposit_corundum.xml
GraniteDeposit_Corundum,hud_mining_rock_name_2,2,3,8893c670-f9f7-48df-a05b-e85764994256,Taranite_Raw,Taranite (Raw),20,50,0.1,1,1,7a73f1eb-0f8c-4c30-95dd-75735f623c1a,libs/foundry/records/mining/rockcompositionpresets/granitedeposit_corundum.xml
GraniteDeposit_Corundum,hud_mining_rock_name_2,2,4,f48b147f-713e-481f-adf2-ff9869ac61bd,Bexalite_Raw,Bexalite (Raw),20,50,0.1,1,1,7a73f1eb-0f8c-4c30-95dd-75735f623c1a,libs/foundry/records/mining/rockcompositionpresets/granitedeposit_corundum.xml
GraniteDeposit_Corundum,hud_mining_rock_name_2,2,5,fc62043c-3f29-4fff-b754-2301762723f7,Quantainium_Raw,Quantainium (Raw),20,50,0.08,1,1,7a73f1eb-0f8c-4c30-95dd-75735f623c1a,libs/foundry/records/mining/rockcompositionpresets/granitedeposit_corundum.xml
GraniteDeposit_Corundum,hud_mining_rock_name_2,2,0,b471b96c-efbb-4342-90de-cfa087604d8e,Corundum_Raw,Corundum (Raw),30,70,1,1,1,7a73f1eb-0f8c-4c30-95dd-75735f623c1a,libs/foundry/records/mining/rockcompositionpresets/granitedeposit_corundum.xml
GraniteDeposit_Corundum,hud_mining_rock_name_2,2,1,07f6158a-6494-4b7c-9dd0-bbaab7362137,Borase_Ore,Borase (Ore),30,60,0.55,1,1,7a73f1eb-0f8c-4c30-95dd-75735f623c1a,libs/foundry/records/mining/rockcompositionpresets/granitedeposit_corundum.xml
GraniteDeposit_Corundum,hud_mining_rock_name_2,2,2,f2f5bf2e-87f9-4f3d-bb59-b4e11eceeaad,Gold_Ore,Gold (Ore),20,50,0.3,1,1,7a73f1eb-0f8c-4c30-95dd-75735f623c1a,libs/foundry/records/mining/rockcompositionpresets/granitedeposit_corundum.xml
GraniteDeposit_Corundum,hud_mining_rock_name_2,2,3,8893c670-f9f7-48df-a05b-e85764994256,Taranite_Raw,Taranite (Raw),20,50,0.1,1,1,7a73f1eb-0f8c-4c30-95dd-75735f623c1a,libs/foundry/records/mining/rockcompositionpresets/granitedeposit_corundum.xml
GraniteDeposit_Corundum,hud_mining_rock_name_2,2,4,f48b147f-713e-481f-adf2-ff9869ac61bd,Bexalite_Raw,Bexalite (Raw),20,50,0.1,1,1,7a73f1eb-0f8c-4c30-95dd-75735f623c1a,libs/foundry/records/mining/rockcompositionpresets/granitedeposit_corundum.xml
GraniteDeposit_Corundum,hud_mining_rock_name_2,2,5,fc62043c-3f29-4fff-b754-2301762723f7,Quantainium_Raw,Quantainium (Raw),20,50,0.08,1,1,7a73f1eb-0f8c-4c30-95dd-75735f623c1a,libs/foundry/records/mining/rockcompositionpresets/granitedeposit_corundum.xml
GraniteDeposit_Iron,hud_mining_rock_name_2,2,0,05708bae-1cb1-4e63-bb95-ec7f4a3ef430,Iron_Ore,Iron (Ore),30,70,1,1,1,c242805c-804b-4b3d-9661-d0210c438331,libs/foundry/records/mining/rockcompositionpresets/granitedeposit_iron.xml
GraniteDeposit_Iron,hud_mining_rock_name_2,2,1,07f6158a-6494-4b7c-9dd0-bbaab7362137,Borase_Ore,Borase (Ore),30,60,0.9,1,1,c242805c-804b-4b3d-9661-d0210c438331,libs/foundry/records/mining/rockcompositionpresets/granitedeposit_iron.xml
GraniteDeposit_Iron,hud_mining_rock_name_2,2,2,f2f5bf2e-87f9-4f3d-bb59-b4e11eceeaad,Gold_Ore,Gold (Ore),20,50,0.3,1,1,c242805c-804b-4b3d-9661-d0210c438331,libs/foundry/records/mining/rockcompositionpresets/granitedeposit_iron.xml
GraniteDeposit_Iron,hud_mining_rock_name_2,2,3,8893c670-f9f7-48df-a05b-e85764994256,Taranite_Raw,Taranite (Raw),20,50,0.1,1,1,c242805c-804b-4b3d-9661-d0210c438331,libs/foundry/records/mining/rockcompositionpresets/granitedeposit_iron.xml
GraniteDeposit_Iron,hud_mining_rock_name_2,2,4,f48b147f-713e-481f-adf2-ff9869ac61bd,Bexalite_Raw,Bexalite (Raw),20,50,0.1,1,1,c242805c-804b-4b3d-9661-d0210c438331,libs/foundry/records/mining/rockcompositionpresets/granitedeposit_iron.xml
GraniteDeposit_Iron,hud_mining_rock_name_2,2,5,fc62043c-3f29-4fff-b754-2301762723f7,Quantainium_Raw,Quantainium (Raw),20,50,0.16,1,1,c242805c-804b-4b3d-9661-d0210c438331,libs/foundry/records/mining/rockcompositionpresets/granitedeposit_iron.xml
GraniteDeposit_Iron,hud_mining_rock_name_2,2,0,05708bae-1cb1-4e63-bb95-ec7f4a3ef430,Iron_Ore,Iron (Ore),30,70,1,1,1,c242805c-804b-4b3d-9661-d0210c438331,libs/foundry/records/mining/rockcompositionpresets/granitedeposit_iron.xml
GraniteDeposit_Iron,hud_mining_rock_name_2,2,1,07f6158a-6494-4b7c-9dd0-bbaab7362137,Borase_Ore,Borase (Ore),30,60,0.9,1,1,c242805c-804b-4b3d-9661-d0210c438331,libs/foundry/records/mining/rockcompositionpresets/granitedeposit_iron.xml
GraniteDeposit_Iron,hud_mining_rock_name_2,2,2,f2f5bf2e-87f9-4f3d-bb59-b4e11eceeaad,Gold_Ore,Gold (Ore),20,50,0.3,1,1,c242805c-804b-4b3d-9661-d0210c438331,libs/foundry/records/mining/rockcompositionpresets/granitedeposit_iron.xml
GraniteDeposit_Iron,hud_mining_rock_name_2,2,3,8893c670-f9f7-48df-a05b-e85764994256,Taranite_Raw,Taranite (Raw),20,50,0.1,1,1,c242805c-804b-4b3d-9661-d0210c438331,libs/foundry/records/mining/rockcompositionpresets/granitedeposit_iron.xml
GraniteDeposit_Iron,hud_mining_rock_name_2,2,4,f48b147f-713e-481f-adf2-ff9869ac61bd,Bexalite_Raw,Bexalite (Raw),20,50,0.1,1,1,c242805c-804b-4b3d-9661-d0210c438331,libs/foundry/records/mining/rockcompositionpresets/granitedeposit_iron.xml
GraniteDeposit_Iron,hud_mining_rock_name_2,2,5,fc62043c-3f29-4fff-b754-2301762723f7,Quantainium_Raw,Quantainium (Raw),20,50,0.16,1,1,c242805c-804b-4b3d-9661-d0210c438331,libs/foundry/records/mining/rockcompositionpresets/granitedeposit_iron.xml
GraniteDeposit_Quartz,hud_mining_rock_name_2,2,0,1d35c0bc-9142-42ff-8a83-0ec68d69a128,Quartz_Raw,Quartz (Raw),30,70,1,1,1,e290329a-45aa-4fed-8019-ebe6004bcfd8,libs/foundry/records/mining/rockcompositionpresets/granitedeposit_quartz.xml
GraniteDeposit_Quartz,hud_mining_rock_name_2,2,1,07f6158a-6494-4b7c-9dd0-bbaab7362137,Borase_Ore,Borase (Ore),30,60,0.55,1,1,e290329a-45aa-4fed-8019-ebe6004bcfd8,libs/foundry/records/mining/rockcompositionpresets/granitedeposit_quartz.xml
GraniteDeposit_Quartz,hud_mining_rock_name_2,2,2,f2f5bf2e-87f9-4f3d-bb59-b4e11eceeaad,Gold_Ore,Gold (Ore),20,50,0.5,1,1,e290329a-45aa-4fed-8019-ebe6004bcfd8,libs/foundry/records/mining/rockcompositionpresets/granitedeposit_quartz.xml
GraniteDeposit_Quartz,hud_mining_rock_name_2,2,3,8893c670-f9f7-48df-a05b-e85764994256,Taranite_Raw,Taranite (Raw),20,50,0.1,1,1,e290329a-45aa-4fed-8019-ebe6004bcfd8,libs/foundry/records/mining/rockcompositionpresets/granitedeposit_quartz.xml
GraniteDeposit_Quartz,hud_mining_rock_name_2,2,4,f48b147f-713e-481f-adf2-ff9869ac61bd,Bexalite_Raw,Bexalite (Raw),20,50,0.1,1,1,e290329a-45aa-4fed-8019-ebe6004bcfd8,libs/foundry/records/mining/rockcompositionpresets/granitedeposit_quartz.xml
GraniteDeposit_Quartz,hud_mining_rock_name_2,2,5,fc62043c-3f29-4fff-b754-2301762723f7,Quantainium_Raw,Quantainium (Raw),20,50,0.08,1,1,e290329a-45aa-4fed-8019-ebe6004bcfd8,libs/foundry/records/mining/rockcompositionpresets/granitedeposit_quartz.xml
GraniteDeposit_Quartz,hud_mining_rock_name_2,2,0,1d35c0bc-9142-42ff-8a83-0ec68d69a128,Quartz_Raw,Quartz (Raw),30,70,1,1,1,e290329a-45aa-4fed-8019-ebe6004bcfd8,libs/foundry/records/mining/rockcompositionpresets/granitedeposit_quartz.xml
GraniteDeposit_Quartz,hud_mining_rock_name_2,2,1,07f6158a-6494-4b7c-9dd0-bbaab7362137,Borase_Ore,Borase (Ore),30,60,0.55,1,1,e290329a-45aa-4fed-8019-ebe6004bcfd8,libs/foundry/records/mining/rockcompositionpresets/granitedeposit_quartz.xml
GraniteDeposit_Quartz,hud_mining_rock_name_2,2,2,f2f5bf2e-87f9-4f3d-bb59-b4e11eceeaad,Gold_Ore,Gold (Ore),20,50,0.5,1,1,e290329a-45aa-4fed-8019-ebe6004bcfd8,libs/foundry/records/mining/rockcompositionpresets/granitedeposit_quartz.xml
GraniteDeposit_Quartz,hud_mining_rock_name_2,2,3,8893c670-f9f7-48df-a05b-e85764994256,Taranite_Raw,Taranite (Raw),20,50,0.1,1,1,e290329a-45aa-4fed-8019-ebe6004bcfd8,libs/foundry/records/mining/rockcompositionpresets/granitedeposit_quartz.xml
GraniteDeposit_Quartz,hud_mining_rock_name_2,2,4,f48b147f-713e-481f-adf2-ff9869ac61bd,Bexalite_Raw,Bexalite (Raw),20,50,0.1,1,1,e290329a-45aa-4fed-8019-ebe6004bcfd8,libs/foundry/records/mining/rockcompositionpresets/granitedeposit_quartz.xml
GraniteDeposit_Quartz,hud_mining_rock_name_2,2,5,fc62043c-3f29-4fff-b754-2301762723f7,Quantainium_Raw,Quantainium (Raw),20,50,0.08,1,1,e290329a-45aa-4fed-8019-ebe6004bcfd8,libs/foundry/records/mining/rockcompositionpresets/granitedeposit_quartz.xml
GraniteDeposit_Silicon,hud_mining_rock_name_2,2,0,219e8523-b953-4517-812a-0fb2eb023209,Silicon_Raw,Silicon (Raw),30,70,1,1,1,b41d8685-f69c-4c07-9a81-c9c967d0f992,libs/foundry/records/mining/rockcompositionpresets/granitedeposit_silicon.xml
GraniteDeposit_Silicon,hud_mining_rock_name_2,2,1,07f6158a-6494-4b7c-9dd0-bbaab7362137,Borase_Ore,Borase (Ore),30,60,0.55,1,1,b41d8685-f69c-4c07-9a81-c9c967d0f992,libs/foundry/records/mining/rockcompositionpresets/granitedeposit_silicon.xml
GraniteDeposit_Silicon,hud_mining_rock_name_2,2,2,f2f5bf2e-87f9-4f3d-bb59-b4e11eceeaad,Gold_Ore,Gold (Ore),20,50,0.5,1,1,b41d8685-f69c-4c07-9a81-c9c967d0f992,libs/foundry/records/mining/rockcompositionpresets/granitedeposit_silicon.xml
GraniteDeposit_Silicon,hud_mining_rock_name_2,2,3,8893c670-f9f7-48df-a05b-e85764994256,Taranite_Raw,Taranite (Raw),20,50,0.3,1,1,b41d8685-f69c-4c07-9a81-c9c967d0f992,libs/foundry/records/mining/rockcompositionpresets/granitedeposit_silicon.xml
GraniteDeposit_Silicon,hud_mining_rock_name_2,2,4,f48b147f-713e-481f-adf2-ff9869ac61bd,Bexalite_Raw,Bexalite (Raw),20,50,0.1,1,1,b41d8685-f69c-4c07-9a81-c9c967d0f992,libs/foundry/records/mining/rockcompositionpresets/granitedeposit_silicon.xml
GraniteDeposit_Silicon,hud_mining_rock_name_2,2,5,9498a080-84c0-41f4-b88f-71942c60c43f,Sileron_Ore,Sileron (Ore),20,50,0.16,1,1,b41d8685-f69c-4c07-9a81-c9c967d0f992,libs/foundry/records/mining/rockcompositionpresets/granitedeposit_silicon.xml
GraniteDeposit_Silicon,hud_mining_rock_name_2,2,6,905e9623-5e74-4a92-9cb1-72203ed8baad,Riccite_Ore,Riccite (Ore),20,50,0.08,1,1,b41d8685-f69c-4c07-9a81-c9c967d0f992,libs/foundry/records/mining/rockcompositionpresets/granitedeposit_silicon.xml
GraniteDeposit_Silicon,hud_mining_rock_name_2,2,0,219e8523-b953-4517-812a-0fb2eb023209,Silicon_Raw,Silicon (Raw),30,70,1,1,1,b41d8685-f69c-4c07-9a81-c9c967d0f992,libs/foundry/records/mining/rockcompositionpresets/granitedeposit_silicon.xml
GraniteDeposit_Silicon,hud_mining_rock_name_2,2,1,07f6158a-6494-4b7c-9dd0-bbaab7362137,Borase_Ore,Borase (Ore),30,60,0.55,1,1,b41d8685-f69c-4c07-9a81-c9c967d0f992,libs/foundry/records/mining/rockcompositionpresets/granitedeposit_silicon.xml
GraniteDeposit_Silicon,hud_mining_rock_name_2,2,2,f2f5bf2e-87f9-4f3d-bb59-b4e11eceeaad,Gold_Ore,Gold (Ore),20,50,0.5,1,1,b41d8685-f69c-4c07-9a81-c9c967d0f992,libs/foundry/records/mining/rockcompositionpresets/granitedeposit_silicon.xml
GraniteDeposit_Silicon,hud_mining_rock_name_2,2,3,8893c670-f9f7-48df-a05b-e85764994256,Taranite_Raw,Taranite (Raw),20,50,0.3,1,1,b41d8685-f69c-4c07-9a81-c9c967d0f992,libs/foundry/records/mining/rockcompositionpresets/granitedeposit_silicon.xml
GraniteDeposit_Silicon,hud_mining_rock_name_2,2,4,f48b147f-713e-481f-adf2-ff9869ac61bd,Bexalite_Raw,Bexalite (Raw),20,50,0.1,1,1,b41d8685-f69c-4c07-9a81-c9c967d0f992,libs/foundry/records/mining/rockcompositionpresets/granitedeposit_silicon.xml
GraniteDeposit_Silicon,hud_mining_rock_name_2,2,5,9498a080-84c0-41f4-b88f-71942c60c43f,Sileron_Ore,Sileron (Ore),20,50,0.16,1,1,b41d8685-f69c-4c07-9a81-c9c967d0f992,libs/foundry/records/mining/rockcompositionpresets/granitedeposit_silicon.xml
GraniteDeposit_Silicon,hud_mining_rock_name_2,2,6,905e9623-5e74-4a92-9cb1-72203ed8baad,Riccite_Ore,Riccite (Ore),20,50,0.08,1,1,b41d8685-f69c-4c07-9a81-c9c967d0f992,libs/foundry/records/mining/rockcompositionpresets/granitedeposit_silicon.xml
GraniteDeposit_Tin,hud_mining_rock_name_2,2,0,16b426e2-7ce1-4fb4-8b34-4d8617dd6a97,Tin_Ore,Tin (Ore),30,70,1,1,1,110a562c-7b95-487a-935c-19e6776231d5,libs/foundry/records/mining/rockcompositionpresets/granitedeposit_tin.xml
GraniteDeposit_Tin,hud_mining_rock_name_2,2,1,07f6158a-6494-4b7c-9dd0-bbaab7362137,Borase_Ore,Borase (Ore),30,60,0.9,1,1,110a562c-7b95-487a-935c-19e6776231d5,libs/foundry/records/mining/rockcompositionpresets/granitedeposit_tin.xml
GraniteDeposit_Tin,hud_mining_rock_name_2,2,2,f2f5bf2e-87f9-4f3d-bb59-b4e11eceeaad,Gold_Ore,Gold (Ore),20,50,0.3,1,1,110a562c-7b95-487a-935c-19e6776231d5,libs/foundry/records/mining/rockcompositionpresets/granitedeposit_tin.xml
GraniteDeposit_Tin,hud_mining_rock_name_2,2,3,8893c670-f9f7-48df-a05b-e85764994256,Taranite_Raw,Taranite (Raw),20,50,0.3,1,1,110a562c-7b95-487a-935c-19e6776231d5,libs/foundry/records/mining/rockcompositionpresets/granitedeposit_tin.xml
GraniteDeposit_Tin,hud_mining_rock_name_2,2,4,f48b147f-713e-481f-adf2-ff9869ac61bd,Bexalite_Raw,Bexalite (Raw),20,50,0.1,1,1,110a562c-7b95-487a-935c-19e6776231d5,libs/foundry/records/mining/rockcompositionpresets/granitedeposit_tin.xml
GraniteDeposit_Tin,hud_mining_rock_name_2,2,5,9498a080-84c0-41f4-b88f-71942c60c43f,Sileron_Ore,Sileron (Ore),20,50,0.16,1,1,110a562c-7b95-487a-935c-19e6776231d5,libs/foundry/records/mining/rockcompositionpresets/granitedeposit_tin.xml
GraniteDeposit_Tin,hud_mining_rock_name_2,2,6,905e9623-5e74-4a92-9cb1-72203ed8baad,Riccite_Ore,Riccite (Ore),20,50,0.08,1,1,110a562c-7b95-487a-935c-19e6776231d5,libs/foundry/records/mining/rockcompositionpresets/granitedeposit_tin.xml
GraniteDeposit_Tin,hud_mining_rock_name_2,2,0,16b426e2-7ce1-4fb4-8b34-4d8617dd6a97,Tin_Ore,Tin (Ore),30,70,1,1,1,110a562c-7b95-487a-935c-19e6776231d5,libs/foundry/records/mining/rockcompositionpresets/granitedeposit_tin.xml
GraniteDeposit_Tin,hud_mining_rock_name_2,2,1,07f6158a-6494-4b7c-9dd0-bbaab7362137,Borase_Ore,Borase (Ore),30,60,0.9,1,1,110a562c-7b95-487a-935c-19e6776231d5,libs/foundry/records/mining/rockcompositionpresets/granitedeposit_tin.xml
GraniteDeposit_Tin,hud_mining_rock_name_2,2,2,f2f5bf2e-87f9-4f3d-bb59-b4e11eceeaad,Gold_Ore,Gold (Ore),20,50,0.3,1,1,110a562c-7b95-487a-935c-19e6776231d5,libs/foundry/records/mining/rockcompositionpresets/granitedeposit_tin.xml
GraniteDeposit_Tin,hud_mining_rock_name_2,2,3,8893c670-f9f7-48df-a05b-e85764994256,Taranite_Raw,Taranite (Raw),20,50,0.3,1,1,110a562c-7b95-487a-935c-19e6776231d5,libs/foundry/records/mining/rockcompositionpresets/granitedeposit_tin.xml
GraniteDeposit_Tin,hud_mining_rock_name_2,2,4,f48b147f-713e-481f-adf2-ff9869ac61bd,Bexalite_Raw,Bexalite (Raw),20,50,0.1,1,1,110a562c-7b95-487a-935c-19e6776231d5,libs/foundry/records/mining/rockcompositionpresets/granitedeposit_tin.xml
GraniteDeposit_Tin,hud_mining_rock_name_2,2,5,9498a080-84c0-41f4-b88f-71942c60c43f,Sileron_Ore,Sileron (Ore),20,50,0.16,1,1,110a562c-7b95-487a-935c-19e6776231d5,libs/foundry/records/mining/rockcompositionpresets/granitedeposit_tin.xml
GraniteDeposit_Tin,hud_mining_rock_name_2,2,6,905e9623-5e74-4a92-9cb1-72203ed8baad,Riccite_Ore,Riccite (Ore),20,50,0.08,1,1,110a562c-7b95-487a-935c-19e6776231d5,libs/foundry/records/mining/rockcompositionpresets/granitedeposit_tin.xml
GraniteDeposit_Titanium,hud_mining_rock_name_2,2,0,7b9055e5-6d62-44dd-a725-a31d838301eb,Titanium_Ore,Titanium (Ore),30,70,1,1,1,0e4542af-12e9-4a81-92f3-82b29b223b89,libs/foundry/records/mining/rockcompositionpresets/granitedeposit_titanium.xml
GraniteDeposit_Titanium,hud_mining_rock_name_2,2,1,07f6158a-6494-4b7c-9dd0-bbaab7362137,Borase_Ore,Borase (Ore),30,60,0.55,1,1,0e4542af-12e9-4a81-92f3-82b29b223b89,libs/foundry/records/mining/rockcompositionpresets/granitedeposit_titanium.xml
GraniteDeposit_Titanium,hud_mining_rock_name_2,2,2,f2f5bf2e-87f9-4f3d-bb59-b4e11eceeaad,Gold_Ore,Gold (Ore),20,50,0.3,1,1,0e4542af-12e9-4a81-92f3-82b29b223b89,libs/foundry/records/mining/rockcompositionpresets/granitedeposit_titanium.xml
GraniteDeposit_Titanium,hud_mining_rock_name_2,2,3,8893c670-f9f7-48df-a05b-e85764994256,Taranite_Raw,Taranite (Raw),20,50,0.1,1,1,0e4542af-12e9-4a81-92f3-82b29b223b89,libs/foundry/records/mining/rockcompositionpresets/granitedeposit_titanium.xml
GraniteDeposit_Titanium,hud_mining_rock_name_2,2,4,f48b147f-713e-481f-adf2-ff9869ac61bd,Bexalite_Raw,Bexalite (Raw),20,50,0.3,1,1,0e4542af-12e9-4a81-92f3-82b29b223b89,libs/foundry/records/mining/rockcompositionpresets/granitedeposit_titanium.xml
GraniteDeposit_Titanium,hud_mining_rock_name_2,2,5,fc62043c-3f29-4fff-b754-2301762723f7,Quantainium_Raw,Quantainium (Raw),20,50,0.08,1,1,0e4542af-12e9-4a81-92f3-82b29b223b89,libs/foundry/records/mining/rockcompositionpresets/granitedeposit_titanium.xml
GraniteDeposit_Titanium,hud_mining_rock_name_2,2,0,7b9055e5-6d62-44dd-a725-a31d838301eb,Titanium_Ore,Titanium (Ore),30,70,1,1,1,0e4542af-12e9-4a81-92f3-82b29b223b89,libs/foundry/records/mining/rockcompositionpresets/granitedeposit_titanium.xml
GraniteDeposit_Titanium,hud_mining_rock_name_2,2,1,07f6158a-6494-4b7c-9dd0-bbaab7362137,Borase_Ore,Borase (Ore),30,60,0.55,1,1,0e4542af-12e9-4a81-92f3-82b29b223b89,libs/foundry/records/mining/rockcompositionpresets/granitedeposit_titanium.xml
GraniteDeposit_Titanium,hud_mining_rock_name_2,2,2,f2f5bf2e-87f9-4f3d-bb59-b4e11eceeaad,Gold_Ore,Gold (Ore),20,50,0.3,1,1,0e4542af-12e9-4a81-92f3-82b29b223b89,libs/foundry/records/mining/rockcompositionpresets/granitedeposit_titanium.xml
GraniteDeposit_Titanium,hud_mining_rock_name_2,2,3,8893c670-f9f7-48df-a05b-e85764994256,Taranite_Raw,Taranite (Raw),20,50,0.1,1,1,0e4542af-12e9-4a81-92f3-82b29b223b89,libs/foundry/records/mining/rockcompositionpresets/granitedeposit_titanium.xml
GraniteDeposit_Titanium,hud_mining_rock_name_2,2,4,f48b147f-713e-481f-adf2-ff9869ac61bd,Bexalite_Raw,Bexalite (Raw),20,50,0.3,1,1,0e4542af-12e9-4a81-92f3-82b29b223b89,libs/foundry/records/mining/rockcompositionpresets/granitedeposit_titanium.xml
GraniteDeposit_Titanium,hud_mining_rock_name_2,2,5,fc62043c-3f29-4fff-b754-2301762723f7,Quantainium_Raw,Quantainium (Raw),20,50,0.08,1,1,0e4542af-12e9-4a81-92f3-82b29b223b89,libs/foundry/records/mining/rockcompositionpresets/granitedeposit_titanium.xml
GraniteDeposit_Tungsten,hud_mining_rock_name_2,2,0,8f6a7e06-934d-4339-a0a2-75420b81369a,Tungsten_Ore,Tungsten (Ore),30,70,1,1,1,9fd19f1d-32ed-416f-b481-232b6b2fa192,libs/foundry/records/mining/rockcompositionpresets/granitedeposit_tungsten.xml
GraniteDeposit_Tungsten,hud_mining_rock_name_2,2,1,07f6158a-6494-4b7c-9dd0-bbaab7362137,Borase_Ore,Borase (Ore),30,60,0.55,1,1,9fd19f1d-32ed-416f-b481-232b6b2fa192,libs/foundry/records/mining/rockcompositionpresets/granitedeposit_tungsten.xml
GraniteDeposit_Tungsten,hud_mining_rock_name_2,2,2,f2f5bf2e-87f9-4f3d-bb59-b4e11eceeaad,Gold_Ore,Gold (Ore),20,50,0.3,1,1,9fd19f1d-32ed-416f-b481-232b6b2fa192,libs/foundry/records/mining/rockcompositionpresets/granitedeposit_tungsten.xml
GraniteDeposit_Tungsten,hud_mining_rock_name_2,2,3,8893c670-f9f7-48df-a05b-e85764994256,Taranite_Raw,Taranite (Raw),20,50,0.3,1,1,9fd19f1d-32ed-416f-b481-232b6b2fa192,libs/foundry/records/mining/rockcompositionpresets/granitedeposit_tungsten.xml
GraniteDeposit_Tungsten,hud_mining_rock_name_2,2,4,f48b147f-713e-481f-adf2-ff9869ac61bd,Bexalite_Raw,Bexalite (Raw),20,50,0.1,1,1,9fd19f1d-32ed-416f-b481-232b6b2fa192,libs/foundry/records/mining/rockcompositionpresets/granitedeposit_tungsten.xml
GraniteDeposit_Tungsten,hud_mining_rock_name_2,2,5,fc62043c-3f29-4fff-b754-2301762723f7,Quantainium_Raw,Quantainium (Raw),20,50,0.08,1,1,9fd19f1d-32ed-416f-b481-232b6b2fa192,libs/foundry/records/mining/rockcompositionpresets/granitedeposit_tungsten.xml
GraniteDeposit_Tungsten,hud_mining_rock_name_2,2,0,8f6a7e06-934d-4339-a0a2-75420b81369a,Tungsten_Ore,Tungsten (Ore),30,70,1,1,1,9fd19f1d-32ed-416f-b481-232b6b2fa192,libs/foundry/records/mining/rockcompositionpresets/granitedeposit_tungsten.xml
GraniteDeposit_Tungsten,hud_mining_rock_name_2,2,1,07f6158a-6494-4b7c-9dd0-bbaab7362137,Borase_Ore,Borase (Ore),30,60,0.55,1,1,9fd19f1d-32ed-416f-b481-232b6b2fa192,libs/foundry/records/mining/rockcompositionpresets/granitedeposit_tungsten.xml
GraniteDeposit_Tungsten,hud_mining_rock_name_2,2,2,f2f5bf2e-87f9-4f3d-bb59-b4e11eceeaad,Gold_Ore,Gold (Ore),20,50,0.3,1,1,9fd19f1d-32ed-416f-b481-232b6b2fa192,libs/foundry/records/mining/rockcompositionpresets/granitedeposit_tungsten.xml
GraniteDeposit_Tungsten,hud_mining_rock_name_2,2,3,8893c670-f9f7-48df-a05b-e85764994256,Taranite_Raw,Taranite (Raw),20,50,0.3,1,1,9fd19f1d-32ed-416f-b481-232b6b2fa192,libs/foundry/records/mining/rockcompositionpresets/granitedeposit_tungsten.xml
GraniteDeposit_Tungsten,hud_mining_rock_name_2,2,4,f48b147f-713e-481f-adf2-ff9869ac61bd,Bexalite_Raw,Bexalite (Raw),20,50,0.1,1,1,9fd19f1d-32ed-416f-b481-232b6b2fa192,libs/foundry/records/mining/rockcompositionpresets/granitedeposit_tungsten.xml
GraniteDeposit_Tungsten,hud_mining_rock_name_2,2,5,fc62043c-3f29-4fff-b754-2301762723f7,Quantainium_Raw,Quantainium (Raw),20,50,0.08,1,1,9fd19f1d-32ed-416f-b481-232b6b2fa192,libs/foundry/records/mining/rockcompositionpresets/granitedeposit_tungsten.xml
GraniteDeposit,hud_mining_rock_name_2,2,0,3776294d-5689-41f2-b03d-e8fcd17ede6a,Aluminium_Ore,Aluminum (Ore),30,70,1,1,1,51922796-a927-46dc-bf09-57deac090fa1,libs/foundry/records/mining/rockcompositionpresets/granitedeposit.xml
GraniteDeposit,hud_mining_rock_name_2,2,1,07f6158a-6494-4b7c-9dd0-bbaab7362137,Borase_Ore,Borase (Ore),30,60,0.7,1,1,51922796-a927-46dc-bf09-57deac090fa1,libs/foundry/records/mining/rockcompositionpresets/granitedeposit.xml
GraniteDeposit,hud_mining_rock_name_2,2,2,f2f5bf2e-87f9-4f3d-bb59-b4e11eceeaad,Gold_Ore,Gold (Ore),20,50,0.3,1,1,51922796-a927-46dc-bf09-57deac090fa1,libs/foundry/records/mining/rockcompositionpresets/granitedeposit.xml
GraniteDeposit,hud_mining_rock_name_2,2,3,8893c670-f9f7-48df-a05b-e85764994256,Taranite_Raw,Taranite (Raw),20,50,0.1,1,1,51922796-a927-46dc-bf09-57deac090fa1,libs/foundry/records/mining/rockcompositionpresets/granitedeposit.xml
GraniteDeposit,hud_mining_rock_name_2,2,4,f48b147f-713e-481f-adf2-ff9869ac61bd,Bexalite_Raw,Bexalite (Raw),20,50,0.1,1,1,51922796-a927-46dc-bf09-57deac090fa1,libs/foundry/records/mining/rockcompositionpresets/granitedeposit.xml
GraniteDeposit,hud_mining_rock_name_2,2,5,fc62043c-3f29-4fff-b754-2301762723f7,Quantainium_Raw,Quantainium (Raw),20,50,0.07,1,1,51922796-a927-46dc-bf09-57deac090fa1,libs/foundry/records/mining/rockcompositionpresets/granitedeposit.xml
GraniteDeposit,hud_mining_rock_name_2,2,0,3776294d-5689-41f2-b03d-e8fcd17ede6a,Aluminium_Ore,Aluminum (Ore),30,70,1,1,1,51922796-a927-46dc-bf09-57deac090fa1,libs/foundry/records/mining/rockcompositionpresets/granitedeposit.xml
GraniteDeposit,hud_mining_rock_name_2,2,1,07f6158a-6494-4b7c-9dd0-bbaab7362137,Borase_Ore,Borase (Ore),30,60,0.7,1,1,51922796-a927-46dc-bf09-57deac090fa1,libs/foundry/records/mining/rockcompositionpresets/granitedeposit.xml
GraniteDeposit,hud_mining_rock_name_2,2,2,f2f5bf2e-87f9-4f3d-bb59-b4e11eceeaad,Gold_Ore,Gold (Ore),20,50,0.3,1,1,51922796-a927-46dc-bf09-57deac090fa1,libs/foundry/records/mining/rockcompositionpresets/granitedeposit.xml
GraniteDeposit,hud_mining_rock_name_2,2,3,8893c670-f9f7-48df-a05b-e85764994256,Taranite_Raw,Taranite (Raw),20,50,0.1,1,1,51922796-a927-46dc-bf09-57deac090fa1,libs/foundry/records/mining/rockcompositionpresets/granitedeposit.xml
GraniteDeposit,hud_mining_rock_name_2,2,4,f48b147f-713e-481f-adf2-ff9869ac61bd,Bexalite_Raw,Bexalite (Raw),20,50,0.1,1,1,51922796-a927-46dc-bf09-57deac090fa1,libs/foundry/records/mining/rockcompositionpresets/granitedeposit.xml
GraniteDeposit,hud_mining_rock_name_2,2,5,fc62043c-3f29-4fff-b754-2301762723f7,Quantainium_Raw,Quantainium (Raw),20,50,0.07,1,1,51922796-a927-46dc-bf09-57deac090fa1,libs/foundry/records/mining/rockcompositionpresets/granitedeposit.xml
GroundVehicle_Composition_BeradomDeposit,items_commodities_beradom,1,0,76e7e6e9-6508-47a1-a381-e34ec1c997ce,MinableElement_GroundVehicle_Beradom,Beradom,50,100,1,1,1,3c8b57fb-77d7-467d-b72e-7a2889554899,libs/foundry/records/mining/rockcompositionpresets/groundvehicle_composition_beradomdeposit.xml
GroundVehicle_Composition_BeradomDeposit,items_commodities_beradom,1,0,76e7e6e9-6508-47a1-a381-e34ec1c997ce,MinableElement_GroundVehicle_Beradom,Beradom,50,100,1,1,1,3c8b57fb-77d7-467d-b72e-7a2889554899,libs/foundry/records/mining/rockcompositionpresets/groundvehicle_composition_beradomdeposit.xml
GroundVehicle_Composition_Carinite,items_commodities_carinite,1,0,c793af1c-7dab-457e-a74d-88c435c9708b,MinableElement_GroundVehicle_Carinite,Carinite,50,100,1,1,1,4a907bfe-8a0b-4608-b6e5-793ec1ab722d,libs/foundry/records/mining/rockcompositionpresets/groundvehicle_composition_carinite.xml
GroundVehicle_Composition_Carinite,items_commodities_carinite,1,0,c793af1c-7dab-457e-a74d-88c435c9708b,MinableElement_GroundVehicle_Carinite,Carinite,50,100,1,1,1,4a907bfe-8a0b-4608-b6e5-793ec1ab722d,libs/foundry/records/mining/rockcompositionpresets/groundvehicle_composition_carinite.xml
GroundVehicle_Composition_FeynmalineDeposit,items_commodities_feynmaline,1,0,7e0eaf11-77e6-48c9-a184-f88648e7c148,MinableElement_GroundVehicle_Feynmaline,Feynmaline,50,100,1,1,1,27ca5eac-b98f-4eb0-ab50-82e81490c7ab,libs/foundry/records/mining/rockcompositionpresets/groundvehicle_composition_feynmalinedeposit.xml
GroundVehicle_Composition_FeynmalineDeposit,items_commodities_feynmaline,1,0,7e0eaf11-77e6-48c9-a184-f88648e7c148,MinableElement_GroundVehicle_Feynmaline,Feynmaline,50,100,1,1,1,27ca5eac-b98f-4eb0-ab50-82e81490c7ab,libs/foundry/records/mining/rockcompositionpresets/groundvehicle_composition_feynmalinedeposit.xml
GroundVehicle_Composition_GlacositeDeposit,items_commodities_glacosite,1,0,7e465c37-1d58-4533-a6e4-13abf1073554,MinableElement_GroundVehicle_Glacosite,Glacosite,50,100,1,1,1,841a9a3e-cce6-4144-b22c-b0445579fa47,libs/foundry/records/mining/rockcompositionpresets/groundvehicle_composition_glacositedeposit.xml
GroundVehicle_Composition_GlacositeDeposit,items_commodities_glacosite,1,0,7e465c37-1d58-4533-a6e4-13abf1073554,MinableElement_GroundVehicle_Glacosite,Glacosite,50,100,1,1,1,841a9a3e-cce6-4144-b22c-b0445579fa47,libs/foundry/records/mining/rockcompositionpresets/groundvehicle_composition_glacositedeposit.xml
GroundVehicle_Composition_template,hud_mining_fps_rock_name_1,1,0,2ee59447-83e0-4f26-899e-df66780008e3,MinableElement_FPS_Aphorite,Aphorite,50,100,1,1,1,612dcb86-3ab3-4cfb-82ad-6be64ed73cca,libs/foundry/records/mining/rockcompositionpresets/groundvehicle_composition_template.xml
GroundVehicle_Composition_template,hud_mining_fps_rock_name_1,1,0,2ee59447-83e0-4f26-899e-df66780008e3,MinableElement_FPS_Aphorite,Aphorite,50,100,1,1,1,612dcb86-3ab3-4cfb-82ad-6be64ed73cca,libs/foundry/records/mining/rockcompositionpresets/groundvehicle_composition_template.xml
IgneousDeposit_Aluminium,hud_mining_rock_name_3,2,0,3776294d-5689-41f2-b03d-e8fcd17ede6a,Aluminium_Ore,Aluminum (Ore),30,70,1,1,1,32ed5b5b-7992-4cb0-8880-e9672418284c,libs/foundry/records/mining/rockcompositionpresets/igneousdeposit_aluminium.xml
IgneousDeposit_Aluminium,hud_mining_rock_name_3,2,1,8375a8d8-1627-4d35-ae91-6f39b373c3ad,Laranite_Raw,Laranite (Raw),30,60,0.6,1,1,32ed5b5b-7992-4cb0-8880-e9672418284c,libs/foundry/records/mining/rockcompositionpresets/igneousdeposit_aluminium.xml
IgneousDeposit_Aluminium,hud_mining_rock_name_3,2,2,f2f5bf2e-87f9-4f3d-bb59-b4e11eceeaad,Gold_Ore,Gold (Ore),20,50,0.2,1,1,32ed5b5b-7992-4cb0-8880-e9672418284c,libs/foundry/records/mining/rockcompositionpresets/igneousdeposit_aluminium.xml
IgneousDeposit_Aluminium,hud_mining_rock_name_3,2,3,8893c670-f9f7-48df-a05b-e85764994256,Taranite_Raw,Taranite (Raw),20,50,0.2,1,1,32ed5b5b-7992-4cb0-8880-e9672418284c,libs/foundry/records/mining/rockcompositionpresets/igneousdeposit_aluminium.xml
IgneousDeposit_Aluminium,hud_mining_rock_name_3,2,4,f48b147f-713e-481f-adf2-ff9869ac61bd,Bexalite_Raw,Bexalite (Raw),20,50,0.1,1,1,32ed5b5b-7992-4cb0-8880-e9672418284c,libs/foundry/records/mining/rockcompositionpresets/igneousdeposit_aluminium.xml
IgneousDeposit_Aluminium,hud_mining_rock_name_3,2,5,fc62043c-3f29-4fff-b754-2301762723f7,Quantainium_Raw,Quantainium (Raw),20,50,0.06,1,1,32ed5b5b-7992-4cb0-8880-e9672418284c,libs/foundry/records/mining/rockcompositionpresets/igneousdeposit_aluminium.xml
IgneousDeposit_Aluminium,hud_mining_rock_name_3,2,0,3776294d-5689-41f2-b03d-e8fcd17ede6a,Aluminium_Ore,Aluminum (Ore),30,70,1,1,1,32ed5b5b-7992-4cb0-8880-e9672418284c,libs/foundry/records/mining/rockcompositionpresets/igneousdeposit_aluminium.xml
IgneousDeposit_Aluminium,hud_mining_rock_name_3,2,1,8375a8d8-1627-4d35-ae91-6f39b373c3ad,Laranite_Raw,Laranite (Raw),30,60,0.6,1,1,32ed5b5b-7992-4cb0-8880-e9672418284c,libs/foundry/records/mining/rockcompositionpresets/igneousdeposit_aluminium.xml
IgneousDeposit_Aluminium,hud_mining_rock_name_3,2,2,f2f5bf2e-87f9-4f3d-bb59-b4e11eceeaad,Gold_Ore,Gold (Ore),20,50,0.2,1,1,32ed5b5b-7992-4cb0-8880-e9672418284c,libs/foundry/records/mining/rockcompositionpresets/igneousdeposit_aluminium.xml
IgneousDeposit_Aluminium,hud_mining_rock_name_3,2,3,8893c670-f9f7-48df-a05b-e85764994256,Taranite_Raw,Taranite (Raw),20,50,0.2,1,1,32ed5b5b-7992-4cb0-8880-e9672418284c,libs/foundry/records/mining/rockcompositionpresets/igneousdeposit_aluminium.xml
IgneousDeposit_Aluminium,hud_mining_rock_name_3,2,4,f48b147f-713e-481f-adf2-ff9869ac61bd,Bexalite_Raw,Bexalite (Raw),20,50,0.1,1,1,32ed5b5b-7992-4cb0-8880-e9672418284c,libs/foundry/records/mining/rockcompositionpresets/igneousdeposit_aluminium.xml
IgneousDeposit_Aluminium,hud_mining_rock_name_3,2,5,fc62043c-3f29-4fff-b754-2301762723f7,Quantainium_Raw,Quantainium (Raw),20,50,0.06,1,1,32ed5b5b-7992-4cb0-8880-e9672418284c,libs/foundry/records/mining/rockcompositionpresets/igneousdeposit_aluminium.xml
IgneousDeposit_Copper,hud_mining_rock_name_3,2,0,ee12edc1-a2c3-4202-909d-9b729a050a3f,Copper_Ore,Copper (Ore),30,70,1,1,1,ecc45f93-558d-47ee-851b-f189f2eaa15d,libs/foundry/records/mining/rockcompositionpresets/igneousdeposit_copper.xml
IgneousDeposit_Copper,hud_mining_rock_name_3,2,1,8375a8d8-1627-4d35-ae91-6f39b373c3ad,Laranite_Raw,Laranite (Raw),30,60,0.6,1,1,ecc45f93-558d-47ee-851b-f189f2eaa15d,libs/foundry/records/mining/rockcompositionpresets/igneousdeposit_copper.xml
IgneousDeposit_Copper,hud_mining_rock_name_3,2,2,f2f5bf2e-87f9-4f3d-bb59-b4e11eceeaad,Gold_Ore,Gold (Ore),20,50,0.2,1,1,ecc45f93-558d-47ee-851b-f189f2eaa15d,libs/foundry/records/mining/rockcompositionpresets/igneousdeposit_copper.xml
IgneousDeposit_Copper,hud_mining_rock_name_3,2,3,8893c670-f9f7-48df-a05b-e85764994256,Taranite_Raw,Taranite (Raw),20,50,0.2,1,1,ecc45f93-558d-47ee-851b-f189f2eaa15d,libs/foundry/records/mining/rockcompositionpresets/igneousdeposit_copper.xml
IgneousDeposit_Copper,hud_mining_rock_name_3,2,4,f48b147f-713e-481f-adf2-ff9869ac61bd,Bexalite_Raw,Bexalite (Raw),20,50,0.3,1,1,ecc45f93-558d-47ee-851b-f189f2eaa15d,libs/foundry/records/mining/rockcompositionpresets/igneousdeposit_copper.xml
IgneousDeposit_Copper,hud_mining_rock_name_3,2,5,fc62043c-3f29-4fff-b754-2301762723f7,Quantainium_Raw,Quantainium (Raw),20,50,0.06,1,1,ecc45f93-558d-47ee-851b-f189f2eaa15d,libs/foundry/records/mining/rockcompositionpresets/igneousdeposit_copper.xml
IgneousDeposit_Copper,hud_mining_rock_name_3,2,0,ee12edc1-a2c3-4202-909d-9b729a050a3f,Copper_Ore,Copper (Ore),30,70,1,1,1,ecc45f93-558d-47ee-851b-f189f2eaa15d,libs/foundry/records/mining/rockcompositionpresets/igneousdeposit_copper.xml
IgneousDeposit_Copper,hud_mining_rock_name_3,2,1,8375a8d8-1627-4d35-ae91-6f39b373c3ad,Laranite_Raw,Laranite (Raw),30,60,0.6,1,1,ecc45f93-558d-47ee-851b-f189f2eaa15d,libs/foundry/records/mining/rockcompositionpresets/igneousdeposit_copper.xml
IgneousDeposit_Copper,hud_mining_rock_name_3,2,2,f2f5bf2e-87f9-4f3d-bb59-b4e11eceeaad,Gold_Ore,Gold (Ore),20,50,0.2,1,1,ecc45f93-558d-47ee-851b-f189f2eaa15d,libs/foundry/records/mining/rockcompositionpresets/igneousdeposit_copper.xml
IgneousDeposit_Copper,hud_mining_rock_name_3,2,3,8893c670-f9f7-48df-a05b-e85764994256,Taranite_Raw,Taranite (Raw),20,50,0.2,1,1,ecc45f93-558d-47ee-851b-f189f2eaa15d,libs/foundry/records/mining/rockcompositionpresets/igneousdeposit_copper.xml
IgneousDeposit_Copper,hud_mining_rock_name_3,2,4,f48b147f-713e-481f-adf2-ff9869ac61bd,Bexalite_Raw,Bexalite (Raw),20,50,0.3,1,1,ecc45f93-558d-47ee-851b-f189f2eaa15d,libs/foundry/records/mining/rockcompositionpresets/igneousdeposit_copper.xml
IgneousDeposit_Copper,hud_mining_rock_name_3,2,5,fc62043c-3f29-4fff-b754-2301762723f7,Quantainium_Raw,Quantainium (Raw),20,50,0.06,1,1,ecc45f93-558d-47ee-851b-f189f2eaa15d,libs/foundry/records/mining/rockcompositionpresets/igneousdeposit_copper.xml
IgneousDeposit_Corundum,hud_mining_rock_name_3,2,0,b471b96c-efbb-4342-90de-cfa087604d8e,Corundum_Raw,Corundum (Raw),30,70,1,1,1,8e9a99df-7140-46ef-86a6-826932279f66,libs/foundry/records/mining/rockcompositionpresets/igneousdeposit_corundum.xml
IgneousDeposit_Corundum,hud_mining_rock_name_3,2,1,8375a8d8-1627-4d35-ae91-6f39b373c3ad,Laranite_Raw,Laranite (Raw),30,60,0.4,1,1,8e9a99df-7140-46ef-86a6-826932279f66,libs/foundry/records/mining/rockcompositionpresets/igneousdeposit_corundum.xml
IgneousDeposit_Corundum,hud_mining_rock_name_3,2,2,f2f5bf2e-87f9-4f3d-bb59-b4e11eceeaad,Gold_Ore,Gold (Ore),20,50,0.2,1,1,8e9a99df-7140-46ef-86a6-826932279f66,libs/foundry/records/mining/rockcompositionpresets/igneousdeposit_corundum.xml
IgneousDeposit_Corundum,hud_mining_rock_name_3,2,3,8893c670-f9f7-48df-a05b-e85764994256,Taranite_Raw,Taranite (Raw),20,50,0.2,1,1,8e9a99df-7140-46ef-86a6-826932279f66,libs/foundry/records/mining/rockcompositionpresets/igneousdeposit_corundum.xml
IgneousDeposit_Corundum,hud_mining_rock_name_3,2,4,f48b147f-713e-481f-adf2-ff9869ac61bd,Bexalite_Raw,Bexalite (Raw),20,50,0.1,1,1,8e9a99df-7140-46ef-86a6-826932279f66,libs/foundry/records/mining/rockcompositionpresets/igneousdeposit_corundum.xml
IgneousDeposit_Corundum,hud_mining_rock_name_3,2,5,fc62043c-3f29-4fff-b754-2301762723f7,Quantainium_Raw,Quantainium (Raw),20,50,0.06,1,1,8e9a99df-7140-46ef-86a6-826932279f66,libs/foundry/records/mining/rockcompositionpresets/igneousdeposit_corundum.xml
IgneousDeposit_Corundum,hud_mining_rock_name_3,2,0,b471b96c-efbb-4342-90de-cfa087604d8e,Corundum_Raw,Corundum (Raw),30,70,1,1,1,8e9a99df-7140-46ef-86a6-826932279f66,libs/foundry/records/mining/rockcompositionpresets/igneousdeposit_corundum.xml
IgneousDeposit_Corundum,hud_mining_rock_name_3,2,1,8375a8d8-1627-4d35-ae91-6f39b373c3ad,Laranite_Raw,Laranite (Raw),30,60,0.4,1,1,8e9a99df-7140-46ef-86a6-826932279f66,libs/foundry/records/mining/rockcompositionpresets/igneousdeposit_corundum.xml
IgneousDeposit_Corundum,hud_mining_rock_name_3,2,2,f2f5bf2e-87f9-4f3d-bb59-b4e11eceeaad,Gold_Ore,Gold (Ore),20,50,0.2,1,1,8e9a99df-7140-46ef-86a6-826932279f66,libs/foundry/records/mining/rockcompositionpresets/igneousdeposit_corundum.xml
IgneousDeposit_Corundum,hud_mining_rock_name_3,2,3,8893c670-f9f7-48df-a05b-e85764994256,Taranite_Raw,Taranite (Raw),20,50,0.2,1,1,8e9a99df-7140-46ef-86a6-826932279f66,libs/foundry/records/mining/rockcompositionpresets/igneousdeposit_corundum.xml
IgneousDeposit_Corundum,hud_mining_rock_name_3,2,4,f48b147f-713e-481f-adf2-ff9869ac61bd,Bexalite_Raw,Bexalite (Raw),20,50,0.1,1,1,8e9a99df-7140-46ef-86a6-826932279f66,libs/foundry/records/mining/rockcompositionpresets/igneousdeposit_corundum.xml
IgneousDeposit_Corundum,hud_mining_rock_name_3,2,5,fc62043c-3f29-4fff-b754-2301762723f7,Quantainium_Raw,Quantainium (Raw),20,50,0.06,1,1,8e9a99df-7140-46ef-86a6-826932279f66,libs/foundry/records/mining/rockcompositionpresets/igneousdeposit_corundum.xml
IgneousDeposit_Iron,hud_mining_rock_name_3,2,0,05708bae-1cb1-4e63-bb95-ec7f4a3ef430,Iron_Ore,Iron (Ore),30,70,1,1,1,39e41884-db81-499e-9ee0-3c6f35fd455e,libs/foundry/records/mining/rockcompositionpresets/igneousdeposit_iron.xml
IgneousDeposit_Iron,hud_mining_rock_name_3,2,1,8375a8d8-1627-4d35-ae91-6f39b373c3ad,Laranite_Raw,Laranite (Raw),30,60,0.6,1,1,39e41884-db81-499e-9ee0-3c6f35fd455e,libs/foundry/records/mining/rockcompositionpresets/igneousdeposit_iron.xml
IgneousDeposit_Iron,hud_mining_rock_name_3,2,2,f2f5bf2e-87f9-4f3d-bb59-b4e11eceeaad,Gold_Ore,Gold (Ore),20,50,0.3,1,1,39e41884-db81-499e-9ee0-3c6f35fd455e,libs/foundry/records/mining/rockcompositionpresets/igneousdeposit_iron.xml
IgneousDeposit_Iron,hud_mining_rock_name_3,2,3,9bd0e34c-2b34-42a3-b41d-381088ff6fed,Aslarite_Raw,Aslarite (Raw),20,50,0.2,1,1,39e41884-db81-499e-9ee0-3c6f35fd455e,libs/foundry/records/mining/rockcompositionpresets/igneousdeposit_iron.xml
IgneousDeposit_Iron,hud_mining_rock_name_3,2,4,8723956e-e947-4b84-9dcb-b2c6137895ab,Ouratite_Raw,Ouratite (Raw),20,50,0.1,1,1,39e41884-db81-499e-9ee0-3c6f35fd455e,libs/foundry/records/mining/rockcompositionpresets/igneousdeposit_iron.xml
IgneousDeposit_Iron,hud_mining_rock_name_3,2,5,fc62043c-3f29-4fff-b754-2301762723f7,Quantainium_Raw,Quantainium (Raw),20,50,0.06,1,1,39e41884-db81-499e-9ee0-3c6f35fd455e,libs/foundry/records/mining/rockcompositionpresets/igneousdeposit_iron.xml
IgneousDeposit_Iron,hud_mining_rock_name_3,2,0,05708bae-1cb1-4e63-bb95-ec7f4a3ef430,Iron_Ore,Iron (Ore),30,70,1,1,1,39e41884-db81-499e-9ee0-3c6f35fd455e,libs/foundry/records/mining/rockcompositionpresets/igneousdeposit_iron.xml
IgneousDeposit_Iron,hud_mining_rock_name_3,2,1,8375a8d8-1627-4d35-ae91-6f39b373c3ad,Laranite_Raw,Laranite (Raw),30,60,0.6,1,1,39e41884-db81-499e-9ee0-3c6f35fd455e,libs/foundry/records/mining/rockcompositionpresets/igneousdeposit_iron.xml
IgneousDeposit_Iron,hud_mining_rock_name_3,2,2,f2f5bf2e-87f9-4f3d-bb59-b4e11eceeaad,Gold_Ore,Gold (Ore),20,50,0.3,1,1,39e41884-db81-499e-9ee0-3c6f35fd455e,libs/foundry/records/mining/rockcompositionpresets/igneousdeposit_iron.xml
IgneousDeposit_Iron,hud_mining_rock_name_3,2,3,9bd0e34c-2b34-42a3-b41d-381088ff6fed,Aslarite_Raw,Aslarite (Raw),20,50,0.2,1,1,39e41884-db81-499e-9ee0-3c6f35fd455e,libs/foundry/records/mining/rockcompositionpresets/igneousdeposit_iron.xml
IgneousDeposit_Iron,hud_mining_rock_name_3,2,4,8723956e-e947-4b84-9dcb-b2c6137895ab,Ouratite_Raw,Ouratite (Raw),20,50,0.1,1,1,39e41884-db81-499e-9ee0-3c6f35fd455e,libs/foundry/records/mining/rockcompositionpresets/igneousdeposit_iron.xml
IgneousDeposit_Iron,hud_mining_rock_name_3,2,5,fc62043c-3f29-4fff-b754-2301762723f7,Quantainium_Raw,Quantainium (Raw),20,50,0.06,1,1,39e41884-db81-499e-9ee0-3c6f35fd455e,libs/foundry/records/mining/rockcompositionpresets/igneousdeposit_iron.xml
IgneousDeposit_Quartz,hud_mining_rock_name_3,2,0,1d35c0bc-9142-42ff-8a83-0ec68d69a128,Quartz_Raw,Quartz (Raw),30,70,1,1,1,e8291c67-7a49-42b1-9450-8a4e24aeec1a,libs/foundry/records/mining/rockcompositionpresets/igneousdeposit_quartz.xml
IgneousDeposit_Quartz,hud_mining_rock_name_3,2,1,8375a8d8-1627-4d35-ae91-6f39b373c3ad,Laranite_Raw,Laranite (Raw),30,60,0.4,1,1,e8291c67-7a49-42b1-9450-8a4e24aeec1a,libs/foundry/records/mining/rockcompositionpresets/igneousdeposit_quartz.xml
IgneousDeposit_Quartz,hud_mining_rock_name_3,2,2,f2f5bf2e-87f9-4f3d-bb59-b4e11eceeaad,Gold_Ore,Gold (Ore),20,50,0.2,1,1,e8291c67-7a49-42b1-9450-8a4e24aeec1a,libs/foundry/records/mining/rockcompositionpresets/igneousdeposit_quartz.xml
IgneousDeposit_Quartz,hud_mining_rock_name_3,2,3,8893c670-f9f7-48df-a05b-e85764994256,Taranite_Raw,Taranite (Raw),20,50,0.3,1,1,e8291c67-7a49-42b1-9450-8a4e24aeec1a,libs/foundry/records/mining/rockcompositionpresets/igneousdeposit_quartz.xml
IgneousDeposit_Quartz,hud_mining_rock_name_3,2,4,f48b147f-713e-481f-adf2-ff9869ac61bd,Bexalite_Raw,Bexalite (Raw),20,50,0.1,1,1,e8291c67-7a49-42b1-9450-8a4e24aeec1a,libs/foundry/records/mining/rockcompositionpresets/igneousdeposit_quartz.xml
IgneousDeposit_Quartz,hud_mining_rock_name_3,2,5,fc62043c-3f29-4fff-b754-2301762723f7,Quantainium_Raw,Quantainium (Raw),20,50,0.06,1,1,e8291c67-7a49-42b1-9450-8a4e24aeec1a,libs/foundry/records/mining/rockcompositionpresets/igneousdeposit_quartz.xml
IgneousDeposit_Quartz,hud_mining_rock_name_3,2,0,1d35c0bc-9142-42ff-8a83-0ec68d69a128,Quartz_Raw,Quartz (Raw),30,70,1,1,1,e8291c67-7a49-42b1-9450-8a4e24aeec1a,libs/foundry/records/mining/rockcompositionpresets/igneousdeposit_quartz.xml
IgneousDeposit_Quartz,hud_mining_rock_name_3,2,1,8375a8d8-1627-4d35-ae91-6f39b373c3ad,Laranite_Raw,Laranite (Raw),30,60,0.4,1,1,e8291c67-7a49-42b1-9450-8a4e24aeec1a,libs/foundry/records/mining/rockcompositionpresets/igneousdeposit_quartz.xml
IgneousDeposit_Quartz,hud_mining_rock_name_3,2,2,f2f5bf2e-87f9-4f3d-bb59-b4e11eceeaad,Gold_Ore,Gold (Ore),20,50,0.2,1,1,e8291c67-7a49-42b1-9450-8a4e24aeec1a,libs/foundry/records/mining/rockcompositionpresets/igneousdeposit_quartz.xml
IgneousDeposit_Quartz,hud_mining_rock_name_3,2,3,8893c670-f9f7-48df-a05b-e85764994256,Taranite_Raw,Taranite (Raw),20,50,0.3,1,1,e8291c67-7a49-42b1-9450-8a4e24aeec1a,libs/foundry/records/mining/rockcompositionpresets/igneousdeposit_quartz.xml
IgneousDeposit_Quartz,hud_mining_rock_name_3,2,4,f48b147f-713e-481f-adf2-ff9869ac61bd,Bexalite_Raw,Bexalite (Raw),20,50,0.1,1,1,e8291c67-7a49-42b1-9450-8a4e24aeec1a,libs/foundry/records/mining/rockcompositionpresets/igneousdeposit_quartz.xml
IgneousDeposit_Quartz,hud_mining_rock_name_3,2,5,fc62043c-3f29-4fff-b754-2301762723f7,Quantainium_Raw,Quantainium (Raw),20,50,0.06,1,1,e8291c67-7a49-42b1-9450-8a4e24aeec1a,libs/foundry/records/mining/rockcompositionpresets/igneousdeposit_quartz.xml
IgneousDeposit_Silicon,hud_mining_rock_name_3,2,0,219e8523-b953-4517-812a-0fb2eb023209,Silicon_Raw,Silicon (Raw),30,70,1,1,1,cfffa81d-200c-4432-a36e-79debe6ca620,libs/foundry/records/mining/rockcompositionpresets/igneousdeposit_silicon.xml
IgneousDeposit_Silicon,hud_mining_rock_name_3,2,1,8375a8d8-1627-4d35-ae91-6f39b373c3ad,Laranite_Raw,Laranite (Raw),30,60,0.6,1,1,cfffa81d-200c-4432-a36e-79debe6ca620,libs/foundry/records/mining/rockcompositionpresets/igneousdeposit_silicon.xml
IgneousDeposit_Silicon,hud_mining_rock_name_3,2,2,f2f5bf2e-87f9-4f3d-bb59-b4e11eceeaad,Gold_Ore,Gold (Ore),20,50,0.2,1,1,cfffa81d-200c-4432-a36e-79debe6ca620,libs/foundry/records/mining/rockcompositionpresets/igneousdeposit_silicon.xml
IgneousDeposit_Silicon,hud_mining_rock_name_3,2,3,8893c670-f9f7-48df-a05b-e85764994256,Taranite_Raw,Taranite (Raw),20,50,0.3,1,1,cfffa81d-200c-4432-a36e-79debe6ca620,libs/foundry/records/mining/rockcompositionpresets/igneousdeposit_silicon.xml
IgneousDeposit_Silicon,hud_mining_rock_name_3,2,4,f48b147f-713e-481f-adf2-ff9869ac61bd,Bexalite_Raw,Bexalite (Raw),20,50,0.3,1,1,cfffa81d-200c-4432-a36e-79debe6ca620,libs/foundry/records/mining/rockcompositionpresets/igneousdeposit_silicon.xml
IgneousDeposit_Silicon,hud_mining_rock_name_3,2,5,9498a080-84c0-41f4-b88f-71942c60c43f,Sileron_Ore,Sileron (Ore),20,50,0.06,1,1,cfffa81d-200c-4432-a36e-79debe6ca620,libs/foundry/records/mining/rockcompositionpresets/igneousdeposit_silicon.xml
IgneousDeposit_Silicon,hud_mining_rock_name_3,2,6,905e9623-5e74-4a92-9cb1-72203ed8baad,Riccite_Ore,Riccite (Ore),20,50,0.1,1,1,cfffa81d-200c-4432-a36e-79debe6ca620,libs/foundry/records/mining/rockcompositionpresets/igneousdeposit_silicon.xml
IgneousDeposit_Silicon,hud_mining_rock_name_3,2,0,219e8523-b953-4517-812a-0fb2eb023209,Silicon_Raw,Silicon (Raw),30,70,1,1,1,cfffa81d-200c-4432-a36e-79debe6ca620,libs/foundry/records/mining/rockcompositionpresets/igneousdeposit_silicon.xml
IgneousDeposit_Silicon,hud_mining_rock_name_3,2,1,8375a8d8-1627-4d35-ae91-6f39b373c3ad,Laranite_Raw,Laranite (Raw),30,60,0.6,1,1,cfffa81d-200c-4432-a36e-79debe6ca620,libs/foundry/records/mining/rockcompositionpresets/igneousdeposit_silicon.xml
IgneousDeposit_Silicon,hud_mining_rock_name_3,2,2,f2f5bf2e-87f9-4f3d-bb59-b4e11eceeaad,Gold_Ore,Gold (Ore),20,50,0.2,1,1,cfffa81d-200c-4432-a36e-79debe6ca620,libs/foundry/records/mining/rockcompositionpresets/igneousdeposit_silicon.xml
IgneousDeposit_Silicon,hud_mining_rock_name_3,2,3,8893c670-f9f7-48df-a05b-e85764994256,Taranite_Raw,Taranite (Raw),20,50,0.3,1,1,cfffa81d-200c-4432-a36e-79debe6ca620,libs/foundry/records/mining/rockcompositionpresets/igneousdeposit_silicon.xml
IgneousDeposit_Silicon,hud_mining_rock_name_3,2,4,f48b147f-713e-481f-adf2-ff9869ac61bd,Bexalite_Raw,Bexalite (Raw),20,50,0.3,1,1,cfffa81d-200c-4432-a36e-79debe6ca620,libs/foundry/records/mining/rockcompositionpresets/igneousdeposit_silicon.xml
IgneousDeposit_Silicon,hud_mining_rock_name_3,2,5,9498a080-84c0-41f4-b88f-71942c60c43f,Sileron_Ore,Sileron (Ore),20,50,0.06,1,1,cfffa81d-200c-4432-a36e-79debe6ca620,libs/foundry/records/mining/rockcompositionpresets/igneousdeposit_silicon.xml
IgneousDeposit_Silicon,hud_mining_rock_name_3,2,6,905e9623-5e74-4a92-9cb1-72203ed8baad,Riccite_Ore,Riccite (Ore),20,50,0.1,1,1,cfffa81d-200c-4432-a36e-79debe6ca620,libs/foundry/records/mining/rockcompositionpresets/igneousdeposit_silicon.xml
IgneousDeposit_Tin,hud_mining_rock_name_3,2,0,16b426e2-7ce1-4fb4-8b34-4d8617dd6a97,Tin_Ore,Tin (Ore),30,70,1,1,1,016b5eac-79df-4539-a0c7-cf1fafffe933,libs/foundry/records/mining/rockcompositionpresets/igneousdeposit_tin.xml
IgneousDeposit_Tin,hud_mining_rock_name_3,2,1,8375a8d8-1627-4d35-ae91-6f39b373c3ad,Laranite_Raw,Laranite (Raw),30,60,0.6,1,1,016b5eac-79df-4539-a0c7-cf1fafffe933,libs/foundry/records/mining/rockcompositionpresets/igneousdeposit_tin.xml
IgneousDeposit_Tin,hud_mining_rock_name_3,2,2,f2f5bf2e-87f9-4f3d-bb59-b4e11eceeaad,Gold_Ore,Gold (Ore),20,50,0.3,1,1,016b5eac-79df-4539-a0c7-cf1fafffe933,libs/foundry/records/mining/rockcompositionpresets/igneousdeposit_tin.xml
IgneousDeposit_Tin,hud_mining_rock_name_3,2,3,8893c670-f9f7-48df-a05b-e85764994256,Taranite_Raw,Taranite (Raw),20,50,0.2,1,1,016b5eac-79df-4539-a0c7-cf1fafffe933,libs/foundry/records/mining/rockcompositionpresets/igneousdeposit_tin.xml
IgneousDeposit_Tin,hud_mining_rock_name_3,2,4,f48b147f-713e-481f-adf2-ff9869ac61bd,Bexalite_Raw,Bexalite (Raw),20,50,0.3,1,1,016b5eac-79df-4539-a0c7-cf1fafffe933,libs/foundry/records/mining/rockcompositionpresets/igneousdeposit_tin.xml
IgneousDeposit_Tin,hud_mining_rock_name_3,2,5,9498a080-84c0-41f4-b88f-71942c60c43f,Sileron_Ore,Sileron (Ore),20,50,0.06,1,1,016b5eac-79df-4539-a0c7-cf1fafffe933,libs/foundry/records/mining/rockcompositionpresets/igneousdeposit_tin.xml
IgneousDeposit_Tin,hud_mining_rock_name_3,2,6,905e9623-5e74-4a92-9cb1-72203ed8baad,Riccite_Ore,Riccite (Ore),20,50,0.1,1,1,016b5eac-79df-4539-a0c7-cf1fafffe933,libs/foundry/records/mining/rockcompositionpresets/igneousdeposit_tin.xml
IgneousDeposit_Tin,hud_mining_rock_name_3,2,0,16b426e2-7ce1-4fb4-8b34-4d8617dd6a97,Tin_Ore,Tin (Ore),30,70,1,1,1,016b5eac-79df-4539-a0c7-cf1fafffe933,libs/foundry/records/mining/rockcompositionpresets/igneousdeposit_tin.xml
IgneousDeposit_Tin,hud_mining_rock_name_3,2,1,8375a8d8-1627-4d35-ae91-6f39b373c3ad,Laranite_Raw,Laranite (Raw),30,60,0.6,1,1,016b5eac-79df-4539-a0c7-cf1fafffe933,libs/foundry/records/mining/rockcompositionpresets/igneousdeposit_tin.xml
IgneousDeposit_Tin,hud_mining_rock_name_3,2,2,f2f5bf2e-87f9-4f3d-bb59-b4e11eceeaad,Gold_Ore,Gold (Ore),20,50,0.3,1,1,016b5eac-79df-4539-a0c7-cf1fafffe933,libs/foundry/records/mining/rockcompositionpresets/igneousdeposit_tin.xml
IgneousDeposit_Tin,hud_mining_rock_name_3,2,3,8893c670-f9f7-48df-a05b-e85764994256,Taranite_Raw,Taranite (Raw),20,50,0.2,1,1,016b5eac-79df-4539-a0c7-cf1fafffe933,libs/foundry/records/mining/rockcompositionpresets/igneousdeposit_tin.xml
IgneousDeposit_Tin,hud_mining_rock_name_3,2,4,f48b147f-713e-481f-adf2-ff9869ac61bd,Bexalite_Raw,Bexalite (Raw),20,50,0.3,1,1,016b5eac-79df-4539-a0c7-cf1fafffe933,libs/foundry/records/mining/rockcompositionpresets/igneousdeposit_tin.xml
IgneousDeposit_Tin,hud_mining_rock_name_3,2,5,9498a080-84c0-41f4-b88f-71942c60c43f,Sileron_Ore,Sileron (Ore),20,50,0.06,1,1,016b5eac-79df-4539-a0c7-cf1fafffe933,libs/foundry/records/mining/rockcompositionpresets/igneousdeposit_tin.xml
IgneousDeposit_Tin,hud_mining_rock_name_3,2,6,905e9623-5e74-4a92-9cb1-72203ed8baad,Riccite_Ore,Riccite (Ore),20,50,0.1,1,1,016b5eac-79df-4539-a0c7-cf1fafffe933,libs/foundry/records/mining/rockcompositionpresets/igneousdeposit_tin.xml
IgneousDeposit_Titanium,hud_mining_rock_name_3,2,0,7b9055e5-6d62-44dd-a725-a31d838301eb,Titanium_Ore,Titanium (Ore),30,70,1,1,1,0ddd1307-fa64-4d5e-b99a-8ea47b00e1f2,libs/foundry/records/mining/rockcompositionpresets/igneousdeposit_titanium.xml
IgneousDeposit_Titanium,hud_mining_rock_name_3,2,1,8375a8d8-1627-4d35-ae91-6f39b373c3ad,Laranite_Raw,Laranite (Raw),30,60,0.4,1,1,0ddd1307-fa64-4d5e-b99a-8ea47b00e1f2,libs/foundry/records/mining/rockcompositionpresets/igneousdeposit_titanium.xml
IgneousDeposit_Titanium,hud_mining_rock_name_3,2,2,f2f5bf2e-87f9-4f3d-bb59-b4e11eceeaad,Gold_Ore,Gold (Ore),20,50,0.2,1,1,0ddd1307-fa64-4d5e-b99a-8ea47b00e1f2,libs/foundry/records/mining/rockcompositionpresets/igneousdeposit_titanium.xml
IgneousDeposit_Titanium,hud_mining_rock_name_3,2,3,8893c670-f9f7-48df-a05b-e85764994256,Taranite_Raw,Taranite (Raw),20,50,0.2,1,1,0ddd1307-fa64-4d5e-b99a-8ea47b00e1f2,libs/foundry/records/mining/rockcompositionpresets/igneousdeposit_titanium.xml
IgneousDeposit_Titanium,hud_mining_rock_name_3,2,4,f48b147f-713e-481f-adf2-ff9869ac61bd,Bexalite_Raw,Bexalite (Raw),20,50,0.1,1,1,0ddd1307-fa64-4d5e-b99a-8ea47b00e1f2,libs/foundry/records/mining/rockcompositionpresets/igneousdeposit_titanium.xml
IgneousDeposit_Titanium,hud_mining_rock_name_3,2,5,fc62043c-3f29-4fff-b754-2301762723f7,Quantainium_Raw,Quantainium (Raw),20,50,0.1,1,1,0ddd1307-fa64-4d5e-b99a-8ea47b00e1f2,libs/foundry/records/mining/rockcompositionpresets/igneousdeposit_titanium.xml
IgneousDeposit_Titanium,hud_mining_rock_name_3,2,0,7b9055e5-6d62-44dd-a725-a31d838301eb,Titanium_Ore,Titanium (Ore),30,70,1,1,1,0ddd1307-fa64-4d5e-b99a-8ea47b00e1f2,libs/foundry/records/mining/rockcompositionpresets/igneousdeposit_titanium.xml
IgneousDeposit_Titanium,hud_mining_rock_name_3,2,1,8375a8d8-1627-4d35-ae91-6f39b373c3ad,Laranite_Raw,Laranite (Raw),30,60,0.4,1,1,0ddd1307-fa64-4d5e-b99a-8ea47b00e1f2,libs/foundry/records/mining/rockcompositionpresets/igneousdeposit_titanium.xml
IgneousDeposit_Titanium,hud_mining_rock_name_3,2,2,f2f5bf2e-87f9-4f3d-bb59-b4e11eceeaad,Gold_Ore,Gold (Ore),20,50,0.2,1,1,0ddd1307-fa64-4d5e-b99a-8ea47b00e1f2,libs/foundry/records/mining/rockcompositionpresets/igneousdeposit_titanium.xml
IgneousDeposit_Titanium,hud_mining_rock_name_3,2,3,8893c670-f9f7-48df-a05b-e85764994256,Taranite_Raw,Taranite (Raw),20,50,0.2,1,1,0ddd1307-fa64-4d5e-b99a-8ea47b00e1f2,libs/foundry/records/mining/rockcompositionpresets/igneousdeposit_titanium.xml
IgneousDeposit_Titanium,hud_mining_rock_name_3,2,4,f48b147f-713e-481f-adf2-ff9869ac61bd,Bexalite_Raw,Bexalite (Raw),20,50,0.1,1,1,0ddd1307-fa64-4d5e-b99a-8ea47b00e1f2,libs/foundry/records/mining/rockcompositionpresets/igneousdeposit_titanium.xml
IgneousDeposit_Titanium,hud_mining_rock_name_3,2,5,fc62043c-3f29-4fff-b754-2301762723f7,Quantainium_Raw,Quantainium (Raw),20,50,0.1,1,1,0ddd1307-fa64-4d5e-b99a-8ea47b00e1f2,libs/foundry/records/mining/rockcompositionpresets/igneousdeposit_titanium.xml
IgneousDeposit_Tungsten,hud_mining_rock_name_3,2,0,8f6a7e06-934d-4339-a0a2-75420b81369a,Tungsten_Ore,Tungsten (Ore),30,70,1,1,1,3fa8f02d-0ea1-4ae9-835b-e6c5458076b6,libs/foundry/records/mining/rockcompositionpresets/igneousdeposit_tungsten.xml
IgneousDeposit_Tungsten,hud_mining_rock_name_3,2,1,8375a8d8-1627-4d35-ae91-6f39b373c3ad,Laranite_Raw,Laranite (Raw),30,60,0.4,1,1,3fa8f02d-0ea1-4ae9-835b-e6c5458076b6,libs/foundry/records/mining/rockcompositionpresets/igneousdeposit_tungsten.xml
IgneousDeposit_Tungsten,hud_mining_rock_name_3,2,2,f2f5bf2e-87f9-4f3d-bb59-b4e11eceeaad,Gold_Ore,Gold (Ore),20,50,0.2,1,1,3fa8f02d-0ea1-4ae9-835b-e6c5458076b6,libs/foundry/records/mining/rockcompositionpresets/igneousdeposit_tungsten.xml
IgneousDeposit_Tungsten,hud_mining_rock_name_3,2,3,8893c670-f9f7-48df-a05b-e85764994256,Taranite_Raw,Taranite (Raw),20,50,0.2,1,1,3fa8f02d-0ea1-4ae9-835b-e6c5458076b6,libs/foundry/records/mining/rockcompositionpresets/igneousdeposit_tungsten.xml
IgneousDeposit_Tungsten,hud_mining_rock_name_3,2,4,f48b147f-713e-481f-adf2-ff9869ac61bd,Bexalite_Raw,Bexalite (Raw),20,50,0.3,1,1,3fa8f02d-0ea1-4ae9-835b-e6c5458076b6,libs/foundry/records/mining/rockcompositionpresets/igneousdeposit_tungsten.xml
IgneousDeposit_Tungsten,hud_mining_rock_name_3,2,5,fc62043c-3f29-4fff-b754-2301762723f7,Quantainium_Raw,Quantainium (Raw),20,50,0.1,1,1,3fa8f02d-0ea1-4ae9-835b-e6c5458076b6,libs/foundry/records/mining/rockcompositionpresets/igneousdeposit_tungsten.xml
IgneousDeposit_Tungsten,hud_mining_rock_name_3,2,0,8f6a7e06-934d-4339-a0a2-75420b81369a,Tungsten_Ore,Tungsten (Ore),30,70,1,1,1,3fa8f02d-0ea1-4ae9-835b-e6c5458076b6,libs/foundry/records/mining/rockcompositionpresets/igneousdeposit_tungsten.xml
IgneousDeposit_Tungsten,hud_mining_rock_name_3,2,1,8375a8d8-1627-4d35-ae91-6f39b373c3ad,Laranite_Raw,Laranite (Raw),30,60,0.4,1,1,3fa8f02d-0ea1-4ae9-835b-e6c5458076b6,libs/foundry/records/mining/rockcompositionpresets/igneousdeposit_tungsten.xml
IgneousDeposit_Tungsten,hud_mining_rock_name_3,2,2,f2f5bf2e-87f9-4f3d-bb59-b4e11eceeaad,Gold_Ore,Gold (Ore),20,50,0.2,1,1,3fa8f02d-0ea1-4ae9-835b-e6c5458076b6,libs/foundry/records/mining/rockcompositionpresets/igneousdeposit_tungsten.xml
IgneousDeposit_Tungsten,hud_mining_rock_name_3,2,3,8893c670-f9f7-48df-a05b-e85764994256,Taranite_Raw,Taranite (Raw),20,50,0.2,1,1,3fa8f02d-0ea1-4ae9-835b-e6c5458076b6,libs/foundry/records/mining/rockcompositionpresets/igneousdeposit_tungsten.xml
IgneousDeposit_Tungsten,hud_mining_rock_name_3,2,4,f48b147f-713e-481f-adf2-ff9869ac61bd,Bexalite_Raw,Bexalite (Raw),20,50,0.3,1,1,3fa8f02d-0ea1-4ae9-835b-e6c5458076b6,libs/foundry/records/mining/rockcompositionpresets/igneousdeposit_tungsten.xml
IgneousDeposit_Tungsten,hud_mining_rock_name_3,2,5,fc62043c-3f29-4fff-b754-2301762723f7,Quantainium_Raw,Quantainium (Raw),20,50,0.1,1,1,3fa8f02d-0ea1-4ae9-835b-e6c5458076b6,libs/foundry/records/mining/rockcompositionpresets/igneousdeposit_tungsten.xml
IgneousDeposit,hud_mining_rock_name_3,2,0,3776294d-5689-41f2-b03d-e8fcd17ede6a,Aluminium_Ore,Aluminum (Ore),30,70,1,1,1,87f35aee-70e3-4df8-89c5-932fc8b3bb25,libs/foundry/records/mining/rockcompositionpresets/igneousdeposit.xml
IgneousDeposit,hud_mining_rock_name_3,2,1,8375a8d8-1627-4d35-ae91-6f39b373c3ad,Laranite_Raw,Laranite (Raw),30,60,0.4,1,1,87f35aee-70e3-4df8-89c5-932fc8b3bb25,libs/foundry/records/mining/rockcompositionpresets/igneousdeposit.xml
IgneousDeposit,hud_mining_rock_name_3,2,2,f2f5bf2e-87f9-4f3d-bb59-b4e11eceeaad,Gold_Ore,Gold (Ore),20,50,0.15,1,1,87f35aee-70e3-4df8-89c5-932fc8b3bb25,libs/foundry/records/mining/rockcompositionpresets/igneousdeposit.xml
IgneousDeposit,hud_mining_rock_name_3,2,3,8893c670-f9f7-48df-a05b-e85764994256,Taranite_Raw,Taranite (Raw),20,50,0.15,1,1,87f35aee-70e3-4df8-89c5-932fc8b3bb25,libs/foundry/records/mining/rockcompositionpresets/igneousdeposit.xml
IgneousDeposit,hud_mining_rock_name_3,2,4,f48b147f-713e-481f-adf2-ff9869ac61bd,Bexalite_Raw,Bexalite (Raw),20,50,0.15,1,1,87f35aee-70e3-4df8-89c5-932fc8b3bb25,libs/foundry/records/mining/rockcompositionpresets/igneousdeposit.xml
IgneousDeposit,hud_mining_rock_name_3,2,5,fc62043c-3f29-4fff-b754-2301762723f7,Quantainium_Raw,Quantainium (Raw),20,50,0.04,1,1,87f35aee-70e3-4df8-89c5-932fc8b3bb25,libs/foundry/records/mining/rockcompositionpresets/igneousdeposit.xml
IgneousDeposit,hud_mining_rock_name_3,2,0,3776294d-5689-41f2-b03d-e8fcd17ede6a,Aluminium_Ore,Aluminum (Ore),30,70,1,1,1,87f35aee-70e3-4df8-89c5-932fc8b3bb25,libs/foundry/records/mining/rockcompositionpresets/igneousdeposit.xml
IgneousDeposit,hud_mining_rock_name_3,2,1,8375a8d8-1627-4d35-ae91-6f39b373c3ad,Laranite_Raw,Laranite (Raw),30,60,0.4,1,1,87f35aee-70e3-4df8-89c5-932fc8b3bb25,libs/foundry/records/mining/rockcompositionpresets/igneousdeposit.xml
IgneousDeposit,hud_mining_rock_name_3,2,2,f2f5bf2e-87f9-4f3d-bb59-b4e11eceeaad,Gold_Ore,Gold (Ore),20,50,0.15,1,1,87f35aee-70e3-4df8-89c5-932fc8b3bb25,libs/foundry/records/mining/rockcompositionpresets/igneousdeposit.xml
IgneousDeposit,hud_mining_rock_name_3,2,3,8893c670-f9f7-48df-a05b-e85764994256,Taranite_Raw,Taranite (Raw),20,50,0.15,1,1,87f35aee-70e3-4df8-89c5-932fc8b3bb25,libs/foundry/records/mining/rockcompositionpresets/igneousdeposit.xml
IgneousDeposit,hud_mining_rock_name_3,2,4,f48b147f-713e-481f-adf2-ff9869ac61bd,Bexalite_Raw,Bexalite (Raw),20,50,0.15,1,1,87f35aee-70e3-4df8-89c5-932fc8b3bb25,libs/foundry/records/mining/rockcompositionpresets/igneousdeposit.xml
IgneousDeposit,hud_mining_rock_name_3,2,5,fc62043c-3f29-4fff-b754-2301762723f7,Quantainium_Raw,Quantainium (Raw),20,50,0.04,1,1,87f35aee-70e3-4df8-89c5-932fc8b3bb25,libs/foundry/records/mining/rockcompositionpresets/igneousdeposit.xml
ObsidianDeposit_Aluminium,hud_mining_rock_name_4,2,0,3776294d-5689-41f2-b03d-e8fcd17ede6a,Aluminium_Ore,Aluminum (Ore),30,70,1,1,1,7dfda2ad-0a76-4861-9681-5ce8e85f8da6,libs/foundry/records/mining/rockcompositionpresets/obsidiandeposit_aluminium.xml
ObsidianDeposit_Aluminium,hud_mining_rock_name_4,2,1,cad02f99-292c-4ee4-93cc-a73868f11ddb,Beryl_Raw,Beryl (Raw),30,60,0.6,1,1,7dfda2ad-0a76-4861-9681-5ce8e85f8da6,libs/foundry/records/mining/rockcompositionpresets/obsidiandeposit_aluminium.xml
ObsidianDeposit_Aluminium,hud_mining_rock_name_4,2,2,07f6158a-6494-4b7c-9dd0-bbaab7362137,Borase_Ore,Borase (Ore),30,60,0.4,1,1,7dfda2ad-0a76-4861-9681-5ce8e85f8da6,libs/foundry/records/mining/rockcompositionpresets/obsidiandeposit_aluminium.xml
ObsidianDeposit_Aluminium,hud_mining_rock_name_4,2,3,f2f5bf2e-87f9-4f3d-bb59-b4e11eceeaad,Gold_Ore,Gold (Ore),20,50,0.2,1,1,7dfda2ad-0a76-4861-9681-5ce8e85f8da6,libs/foundry/records/mining/rockcompositionpresets/obsidiandeposit_aluminium.xml
ObsidianDeposit_Aluminium,hud_mining_rock_name_4,2,4,8893c670-f9f7-48df-a05b-e85764994256,Taranite_Raw,Taranite (Raw),20,50,0.3,1,1,7dfda2ad-0a76-4861-9681-5ce8e85f8da6,libs/foundry/records/mining/rockcompositionpresets/obsidiandeposit_aluminium.xml
ObsidianDeposit_Aluminium,hud_mining_rock_name_4,2,5,f48b147f-713e-481f-adf2-ff9869ac61bd,Bexalite_Raw,Bexalite (Raw),20,50,0.1,1,1,7dfda2ad-0a76-4861-9681-5ce8e85f8da6,libs/foundry/records/mining/rockcompositionpresets/obsidiandeposit_aluminium.xml
ObsidianDeposit_Aluminium,hud_mining_rock_name_4,2,6,fc62043c-3f29-4fff-b754-2301762723f7,Quantainium_Raw,Quantainium (Raw),20,50,0.06,1,1,7dfda2ad-0a76-4861-9681-5ce8e85f8da6,libs/foundry/records/mining/rockcompositionpresets/obsidiandeposit_aluminium.xml
ObsidianDeposit_Aluminium,hud_mining_rock_name_4,2,0,3776294d-5689-41f2-b03d-e8fcd17ede6a,Aluminium_Ore,Aluminum (Ore),30,70,1,1,1,7dfda2ad-0a76-4861-9681-5ce8e85f8da6,libs/foundry/records/mining/rockcompositionpresets/obsidiandeposit_aluminium.xml
ObsidianDeposit_Aluminium,hud_mining_rock_name_4,2,1,cad02f99-292c-4ee4-93cc-a73868f11ddb,Beryl_Raw,Beryl (Raw),30,60,0.6,1,1,7dfda2ad-0a76-4861-9681-5ce8e85f8da6,libs/foundry/records/mining/rockcompositionpresets/obsidiandeposit_aluminium.xml
ObsidianDeposit_Aluminium,hud_mining_rock_name_4,2,2,07f6158a-6494-4b7c-9dd0-bbaab7362137,Borase_Ore,Borase (Ore),30,60,0.4,1,1,7dfda2ad-0a76-4861-9681-5ce8e85f8da6,libs/foundry/records/mining/rockcompositionpresets/obsidiandeposit_aluminium.xml
ObsidianDeposit_Aluminium,hud_mining_rock_name_4,2,3,f2f5bf2e-87f9-4f3d-bb59-b4e11eceeaad,Gold_Ore,Gold (Ore),20,50,0.2,1,1,7dfda2ad-0a76-4861-9681-5ce8e85f8da6,libs/foundry/records/mining/rockcompositionpresets/obsidiandeposit_aluminium.xml
ObsidianDeposit_Aluminium,hud_mining_rock_name_4,2,4,8893c670-f9f7-48df-a05b-e85764994256,Taranite_Raw,Taranite (Raw),20,50,0.3,1,1,7dfda2ad-0a76-4861-9681-5ce8e85f8da6,libs/foundry/records/mining/rockcompositionpresets/obsidiandeposit_aluminium.xml
ObsidianDeposit_Aluminium,hud_mining_rock_name_4,2,5,f48b147f-713e-481f-adf2-ff9869ac61bd,Bexalite_Raw,Bexalite (Raw),20,50,0.1,1,1,7dfda2ad-0a76-4861-9681-5ce8e85f8da6,libs/foundry/records/mining/rockcompositionpresets/obsidiandeposit_aluminium.xml
ObsidianDeposit_Aluminium,hud_mining_rock_name_4,2,6,fc62043c-3f29-4fff-b754-2301762723f7,Quantainium_Raw,Quantainium (Raw),20,50,0.06,1,1,7dfda2ad-0a76-4861-9681-5ce8e85f8da6,libs/foundry/records/mining/rockcompositionpresets/obsidiandeposit_aluminium.xml
ObsidianDeposit_Copper,hud_mining_rock_name_4,2,0,ee12edc1-a2c3-4202-909d-9b729a050a3f,Copper_Ore,Copper (Ore),30,70,1,1,1,29f1dd92-a3ae-4c16-aab5-8cf964425aa8,libs/foundry/records/mining/rockcompositionpresets/obsidiandeposit_copper.xml
ObsidianDeposit_Copper,hud_mining_rock_name_4,2,1,cad02f99-292c-4ee4-93cc-a73868f11ddb,Beryl_Raw,Beryl (Raw),30,60,0.4,1,1,29f1dd92-a3ae-4c16-aab5-8cf964425aa8,libs/foundry/records/mining/rockcompositionpresets/obsidiandeposit_copper.xml
ObsidianDeposit_Copper,hud_mining_rock_name_4,2,2,07f6158a-6494-4b7c-9dd0-bbaab7362137,Borase_Ore,Borase (Ore),30,60,0.4,1,1,29f1dd92-a3ae-4c16-aab5-8cf964425aa8,libs/foundry/records/mining/rockcompositionpresets/obsidiandeposit_copper.xml
ObsidianDeposit_Copper,hud_mining_rock_name_4,2,3,f2f5bf2e-87f9-4f3d-bb59-b4e11eceeaad,Gold_Ore,Gold (Ore),20,50,0.3,1,1,29f1dd92-a3ae-4c16-aab5-8cf964425aa8,libs/foundry/records/mining/rockcompositionpresets/obsidiandeposit_copper.xml
ObsidianDeposit_Copper,hud_mining_rock_name_4,2,4,8893c670-f9f7-48df-a05b-e85764994256,Taranite_Raw,Taranite (Raw),20,50,0.2,1,1,29f1dd92-a3ae-4c16-aab5-8cf964425aa8,libs/foundry/records/mining/rockcompositionpresets/obsidiandeposit_copper.xml
ObsidianDeposit_Copper,hud_mining_rock_name_4,2,5,f48b147f-713e-481f-adf2-ff9869ac61bd,Bexalite_Raw,Bexalite (Raw),20,50,0.3,1,1,29f1dd92-a3ae-4c16-aab5-8cf964425aa8,libs/foundry/records/mining/rockcompositionpresets/obsidiandeposit_copper.xml
ObsidianDeposit_Copper,hud_mining_rock_name_4,2,6,fc62043c-3f29-4fff-b754-2301762723f7,Quantainium_Raw,Quantainium (Raw),20,50,0.06,1,1,29f1dd92-a3ae-4c16-aab5-8cf964425aa8,libs/foundry/records/mining/rockcompositionpresets/obsidiandeposit_copper.xml
ObsidianDeposit_Copper,hud_mining_rock_name_4,2,0,ee12edc1-a2c3-4202-909d-9b729a050a3f,Copper_Ore,Copper (Ore),30,70,1,1,1,29f1dd92-a3ae-4c16-aab5-8cf964425aa8,libs/foundry/records/mining/rockcompositionpresets/obsidiandeposit_copper.xml
ObsidianDeposit_Copper,hud_mining_rock_name_4,2,1,cad02f99-292c-4ee4-93cc-a73868f11ddb,Beryl_Raw,Beryl (Raw),30,60,0.4,1,1,29f1dd92-a3ae-4c16-aab5-8cf964425aa8,libs/foundry/records/mining/rockcompositionpresets/obsidiandeposit_copper.xml
ObsidianDeposit_Copper,hud_mining_rock_name_4,2,2,07f6158a-6494-4b7c-9dd0-bbaab7362137,Borase_Ore,Borase (Ore),30,60,0.4,1,1,29f1dd92-a3ae-4c16-aab5-8cf964425aa8,libs/foundry/records/mining/rockcompositionpresets/obsidiandeposit_copper.xml
ObsidianDeposit_Copper,hud_mining_rock_name_4,2,3,f2f5bf2e-87f9-4f3d-bb59-b4e11eceeaad,Gold_Ore,Gold (Ore),20,50,0.3,1,1,29f1dd92-a3ae-4c16-aab5-8cf964425aa8,libs/foundry/records/mining/rockcompositionpresets/obsidiandeposit_copper.xml
ObsidianDeposit_Copper,hud_mining_rock_name_4,2,4,8893c670-f9f7-48df-a05b-e85764994256,Taranite_Raw,Taranite (Raw),20,50,0.2,1,1,29f1dd92-a3ae-4c16-aab5-8cf964425aa8,libs/foundry/records/mining/rockcompositionpresets/obsidiandeposit_copper.xml
ObsidianDeposit_Copper,hud_mining_rock_name_4,2,5,f48b147f-713e-481f-adf2-ff9869ac61bd,Bexalite_Raw,Bexalite (Raw),20,50,0.3,1,1,29f1dd92-a3ae-4c16-aab5-8cf964425aa8,libs/foundry/records/mining/rockcompositionpresets/obsidiandeposit_copper.xml
ObsidianDeposit_Copper,hud_mining_rock_name_4,2,6,fc62043c-3f29-4fff-b754-2301762723f7,Quantainium_Raw,Quantainium (Raw),20,50,0.06,1,1,29f1dd92-a3ae-4c16-aab5-8cf964425aa8,libs/foundry/records/mining/rockcompositionpresets/obsidiandeposit_copper.xml
ObsidianDeposit_Corundum,hud_mining_rock_name_4,2,0,b471b96c-efbb-4342-90de-cfa087604d8e,Corundum_Raw,Corundum (Raw),30,70,1,1,1,9c2e6dfd-ebe6-4937-9cc3-7bf0b5e86405,libs/foundry/records/mining/rockcompositionpresets/obsidiandeposit_corundum.xml
ObsidianDeposit_Corundum,hud_mining_rock_name_4,2,1,cad02f99-292c-4ee4-93cc-a73868f11ddb,Beryl_Raw,Beryl (Raw),30,60,0.6,1,1,9c2e6dfd-ebe6-4937-9cc3-7bf0b5e86405,libs/foundry/records/mining/rockcompositionpresets/obsidiandeposit_corundum.xml
ObsidianDeposit_Corundum,hud_mining_rock_name_4,2,2,07f6158a-6494-4b7c-9dd0-bbaab7362137,Borase_Ore,Borase (Ore),30,60,0.4,1,1,9c2e6dfd-ebe6-4937-9cc3-7bf0b5e86405,libs/foundry/records/mining/rockcompositionpresets/obsidiandeposit_corundum.xml
ObsidianDeposit_Corundum,hud_mining_rock_name_4,2,3,f2f5bf2e-87f9-4f3d-bb59-b4e11eceeaad,Gold_Ore,Gold (Ore),20,50,0.2,1,1,9c2e6dfd-ebe6-4937-9cc3-7bf0b5e86405,libs/foundry/records/mining/rockcompositionpresets/obsidiandeposit_corundum.xml
ObsidianDeposit_Corundum,hud_mining_rock_name_4,2,4,8893c670-f9f7-48df-a05b-e85764994256,Taranite_Raw,Taranite (Raw),20,50,0.3,1,1,9c2e6dfd-ebe6-4937-9cc3-7bf0b5e86405,libs/foundry/records/mining/rockcompositionpresets/obsidiandeposit_corundum.xml
ObsidianDeposit_Corundum,hud_mining_rock_name_4,2,5,f48b147f-713e-481f-adf2-ff9869ac61bd,Bexalite_Raw,Bexalite (Raw),20,50,0.1,1,1,9c2e6dfd-ebe6-4937-9cc3-7bf0b5e86405,libs/foundry/records/mining/rockcompositionpresets/obsidiandeposit_corundum.xml
ObsidianDeposit_Corundum,hud_mining_rock_name_4,2,6,fc62043c-3f29-4fff-b754-2301762723f7,Quantainium_Raw,Quantainium (Raw),20,50,0.1,1,1,9c2e6dfd-ebe6-4937-9cc3-7bf0b5e86405,libs/foundry/records/mining/rockcompositionpresets/obsidiandeposit_corundum.xml
ObsidianDeposit_Corundum,hud_mining_rock_name_4,2,0,b471b96c-efbb-4342-90de-cfa087604d8e,Corundum_Raw,Corundum (Raw),30,70,1,1,1,9c2e6dfd-ebe6-4937-9cc3-7bf0b5e86405,libs/foundry/records/mining/rockcompositionpresets/obsidiandeposit_corundum.xml
ObsidianDeposit_Corundum,hud_mining_rock_name_4,2,1,cad02f99-292c-4ee4-93cc-a73868f11ddb,Beryl_Raw,Beryl (Raw),30,60,0.6,1,1,9c2e6dfd-ebe6-4937-9cc3-7bf0b5e86405,libs/foundry/records/mining/rockcompositionpresets/obsidiandeposit_corundum.xml
ObsidianDeposit_Corundum,hud_mining_rock_name_4,2,2,07f6158a-6494-4b7c-9dd0-bbaab7362137,Borase_Ore,Borase (Ore),30,60,0.4,1,1,9c2e6dfd-ebe6-4937-9cc3-7bf0b5e86405,libs/foundry/records/mining/rockcompositionpresets/obsidiandeposit_corundum.xml
ObsidianDeposit_Corundum,hud_mining_rock_name_4,2,3,f2f5bf2e-87f9-4f3d-bb59-b4e11eceeaad,Gold_Ore,Gold (Ore),20,50,0.2,1,1,9c2e6dfd-ebe6-4937-9cc3-7bf0b5e86405,libs/foundry/records/mining/rockcompositionpresets/obsidiandeposit_corundum.xml
ObsidianDeposit_Corundum,hud_mining_rock_name_4,2,4,8893c670-f9f7-48df-a05b-e85764994256,Taranite_Raw,Taranite (Raw),20,50,0.3,1,1,9c2e6dfd-ebe6-4937-9cc3-7bf0b5e86405,libs/foundry/records/mining/rockcompositionpresets/obsidiandeposit_corundum.xml
ObsidianDeposit_Corundum,hud_mining_rock_name_4,2,5,f48b147f-713e-481f-adf2-ff9869ac61bd,Bexalite_Raw,Bexalite (Raw),20,50,0.1,1,1,9c2e6dfd-ebe6-4937-9cc3-7bf0b5e86405,libs/foundry/records/mining/rockcompositionpresets/obsidiandeposit_corundum.xml
ObsidianDeposit_Corundum,hud_mining_rock_name_4,2,6,fc62043c-3f29-4fff-b754-2301762723f7,Quantainium_Raw,Quantainium (Raw),20,50,0.1,1,1,9c2e6dfd-ebe6-4937-9cc3-7bf0b5e86405,libs/foundry/records/mining/rockcompositionpresets/obsidiandeposit_corundum.xml
ObsidianDeposit_Iron,hud_mining_rock_name_4,2,0,05708bae-1cb1-4e63-bb95-ec7f4a3ef430,Iron_Ore,Iron (Ore),30,70,1,1,1,fcb57e79-ac88-4173-aea2-c2765823475c,libs/foundry/records/mining/rockcompositionpresets/obsidiandeposit_iron.xml
ObsidianDeposit_Iron,hud_mining_rock_name_4,2,1,cad02f99-292c-4ee4-93cc-a73868f11ddb,Beryl_Raw,Beryl (Raw),30,60,0.4,1,1,fcb57e79-ac88-4173-aea2-c2765823475c,libs/foundry/records/mining/rockcompositionpresets/obsidiandeposit_iron.xml
ObsidianDeposit_Iron,hud_mining_rock_name_4,2,2,07f6158a-6494-4b7c-9dd0-bbaab7362137,Borase_Ore,Borase (Ore),30,60,0.4,1,1,fcb57e79-ac88-4173-aea2-c2765823475c,libs/foundry/records/mining/rockcompositionpresets/obsidiandeposit_iron.xml
ObsidianDeposit_Iron,hud_mining_rock_name_4,2,3,f2f5bf2e-87f9-4f3d-bb59-b4e11eceeaad,Gold_Ore,Gold (Ore),20,50,0.3,1,1,fcb57e79-ac88-4173-aea2-c2765823475c,libs/foundry/records/mining/rockcompositionpresets/obsidiandeposit_iron.xml
ObsidianDeposit_Iron,hud_mining_rock_name_4,2,4,8893c670-f9f7-48df-a05b-e85764994256,Taranite_Raw,Taranite (Raw),20,50,0.2,1,1,fcb57e79-ac88-4173-aea2-c2765823475c,libs/foundry/records/mining/rockcompositionpresets/obsidiandeposit_iron.xml
ObsidianDeposit_Iron,hud_mining_rock_name_4,2,5,f48b147f-713e-481f-adf2-ff9869ac61bd,Bexalite_Raw,Bexalite (Raw),20,50,0.3,1,1,fcb57e79-ac88-4173-aea2-c2765823475c,libs/foundry/records/mining/rockcompositionpresets/obsidiandeposit_iron.xml
ObsidianDeposit_Iron,hud_mining_rock_name_4,2,6,fc62043c-3f29-4fff-b754-2301762723f7,Quantainium_Raw,Quantainium (Raw),20,50,0.06,1,1,fcb57e79-ac88-4173-aea2-c2765823475c,libs/foundry/records/mining/rockcompositionpresets/obsidiandeposit_iron.xml
ObsidianDeposit_Iron,hud_mining_rock_name_4,2,0,05708bae-1cb1-4e63-bb95-ec7f4a3ef430,Iron_Ore,Iron (Ore),30,70,1,1,1,fcb57e79-ac88-4173-aea2-c2765823475c,libs/foundry/records/mining/rockcompositionpresets/obsidiandeposit_iron.xml
ObsidianDeposit_Iron,hud_mining_rock_name_4,2,1,cad02f99-292c-4ee4-93cc-a73868f11ddb,Beryl_Raw,Beryl (Raw),30,60,0.4,1,1,fcb57e79-ac88-4173-aea2-c2765823475c,libs/foundry/records/mining/rockcompositionpresets/obsidiandeposit_iron.xml
ObsidianDeposit_Iron,hud_mining_rock_name_4,2,2,07f6158a-6494-4b7c-9dd0-bbaab7362137,Borase_Ore,Borase (Ore),30,60,0.4,1,1,fcb57e79-ac88-4173-aea2-c2765823475c,libs/foundry/records/mining/rockcompositionpresets/obsidiandeposit_iron.xml
ObsidianDeposit_Iron,hud_mining_rock_name_4,2,3,f2f5bf2e-87f9-4f3d-bb59-b4e11eceeaad,Gold_Ore,Gold (Ore),20,50,0.3,1,1,fcb57e79-ac88-4173-aea2-c2765823475c,libs/foundry/records/mining/rockcompositionpresets/obsidiandeposit_iron.xml
ObsidianDeposit_Iron,hud_mining_rock_name_4,2,4,8893c670-f9f7-48df-a05b-e85764994256,Taranite_Raw,Taranite (Raw),20,50,0.2,1,1,fcb57e79-ac88-4173-aea2-c2765823475c,libs/foundry/records/mining/rockcompositionpresets/obsidiandeposit_iron.xml
ObsidianDeposit_Iron,hud_mining_rock_name_4,2,5,f48b147f-713e-481f-adf2-ff9869ac61bd,Bexalite_Raw,Bexalite (Raw),20,50,0.3,1,1,fcb57e79-ac88-4173-aea2-c2765823475c,libs/foundry/records/mining/rockcompositionpresets/obsidiandeposit_iron.xml
ObsidianDeposit_Iron,hud_mining_rock_name_4,2,6,fc62043c-3f29-4fff-b754-2301762723f7,Quantainium_Raw,Quantainium (Raw),20,50,0.06,1,1,fcb57e79-ac88-4173-aea2-c2765823475c,libs/foundry/records/mining/rockcompositionpresets/obsidiandeposit_iron.xml
ObsidianDeposit_Quartz,hud_mining_rock_name_4,2,0,1d35c0bc-9142-42ff-8a83-0ec68d69a128,Quartz_Raw,Quartz (Raw),30,70,1,1,1,e67d273f-7ab9-49f9-858d-8c57a43905c8,libs/foundry/records/mining/rockcompositionpresets/obsidiandeposit_quartz.xml
ObsidianDeposit_Quartz,hud_mining_rock_name_4,2,1,cad02f99-292c-4ee4-93cc-a73868f11ddb,Beryl_Raw,Beryl (Raw),30,60,0.4,1,1,e67d273f-7ab9-49f9-858d-8c57a43905c8,libs/foundry/records/mining/rockcompositionpresets/obsidiandeposit_quartz.xml
ObsidianDeposit_Quartz,hud_mining_rock_name_4,2,2,07f6158a-6494-4b7c-9dd0-bbaab7362137,Borase_Ore,Borase (Ore),30,60,0.4,1,1,e67d273f-7ab9-49f9-858d-8c57a43905c8,libs/foundry/records/mining/rockcompositionpresets/obsidiandeposit_quartz.xml
ObsidianDeposit_Quartz,hud_mining_rock_name_4,2,3,f2f5bf2e-87f9-4f3d-bb59-b4e11eceeaad,Gold_Ore,Gold (Ore),20,50,0.3,1,1,e67d273f-7ab9-49f9-858d-8c57a43905c8,libs/foundry/records/mining/rockcompositionpresets/obsidiandeposit_quartz.xml
ObsidianDeposit_Quartz,hud_mining_rock_name_4,2,4,8893c670-f9f7-48df-a05b-e85764994256,Taranite_Raw,Taranite (Raw),20,50,0.2,1,1,e67d273f-7ab9-49f9-858d-8c57a43905c8,libs/foundry/records/mining/rockcompositionpresets/obsidiandeposit_quartz.xml
ObsidianDeposit_Quartz,hud_mining_rock_name_4,2,5,f48b147f-713e-481f-adf2-ff9869ac61bd,Bexalite_Raw,Bexalite (Raw),20,50,0.1,1,1,e67d273f-7ab9-49f9-858d-8c57a43905c8,libs/foundry/records/mining/rockcompositionpresets/obsidiandeposit_quartz.xml
ObsidianDeposit_Quartz,hud_mining_rock_name_4,2,6,fc62043c-3f29-4fff-b754-2301762723f7,Quantainium_Raw,Quantainium (Raw),20,50,0.1,1,1,e67d273f-7ab9-49f9-858d-8c57a43905c8,libs/foundry/records/mining/rockcompositionpresets/obsidiandeposit_quartz.xml
ObsidianDeposit_Quartz,hud_mining_rock_name_4,2,0,1d35c0bc-9142-42ff-8a83-0ec68d69a128,Quartz_Raw,Quartz (Raw),30,70,1,1,1,e67d273f-7ab9-49f9-858d-8c57a43905c8,libs/foundry/records/mining/rockcompositionpresets/obsidiandeposit_quartz.xml
ObsidianDeposit_Quartz,hud_mining_rock_name_4,2,1,cad02f99-292c-4ee4-93cc-a73868f11ddb,Beryl_Raw,Beryl (Raw),30,60,0.4,1,1,e67d273f-7ab9-49f9-858d-8c57a43905c8,libs/foundry/records/mining/rockcompositionpresets/obsidiandeposit_quartz.xml
ObsidianDeposit_Quartz,hud_mining_rock_name_4,2,2,07f6158a-6494-4b7c-9dd0-bbaab7362137,Borase_Ore,Borase (Ore),30,60,0.4,1,1,e67d273f-7ab9-49f9-858d-8c57a43905c8,libs/foundry/records/mining/rockcompositionpresets/obsidiandeposit_quartz.xml
ObsidianDeposit_Quartz,hud_mining_rock_name_4,2,3,f2f5bf2e-87f9-4f3d-bb59-b4e11eceeaad,Gold_Ore,Gold (Ore),20,50,0.3,1,1,e67d273f-7ab9-49f9-858d-8c57a43905c8,libs/foundry/records/mining/rockcompositionpresets/obsidiandeposit_quartz.xml
ObsidianDeposit_Quartz,hud_mining_rock_name_4,2,4,8893c670-f9f7-48df-a05b-e85764994256,Taranite_Raw,Taranite (Raw),20,50,0.2,1,1,e67d273f-7ab9-49f9-858d-8c57a43905c8,libs/foundry/records/mining/rockcompositionpresets/obsidiandeposit_quartz.xml
ObsidianDeposit_Quartz,hud_mining_rock_name_4,2,5,f48b147f-713e-481f-adf2-ff9869ac61bd,Bexalite_Raw,Bexalite (Raw),20,50,0.1,1,1,e67d273f-7ab9-49f9-858d-8c57a43905c8,libs/foundry/records/mining/rockcompositionpresets/obsidiandeposit_quartz.xml
ObsidianDeposit_Quartz,hud_mining_rock_name_4,2,6,fc62043c-3f29-4fff-b754-2301762723f7,Quantainium_Raw,Quantainium (Raw),20,50,0.1,1,1,e67d273f-7ab9-49f9-858d-8c57a43905c8,libs/foundry/records/mining/rockcompositionpresets/obsidiandeposit_quartz.xml
ObsidianDeposit_Silicon,hud_mining_rock_name_4,2,0,219e8523-b953-4517-812a-0fb2eb023209,Silicon_Raw,Silicon (Raw),30,70,1,1,1,47a8478a-189c-4c41-a834-6cc87a490495,libs/foundry/records/mining/rockcompositionpresets/obsidiandeposit_silicon.xml
ObsidianDeposit_Silicon,hud_mining_rock_name_4,2,1,cad02f99-292c-4ee4-93cc-a73868f11ddb,Beryl_Raw,Beryl (Raw),30,60,0.4,1,1,47a8478a-189c-4c41-a834-6cc87a490495,libs/foundry/records/mining/rockcompositionpresets/obsidiandeposit_silicon.xml
ObsidianDeposit_Silicon,hud_mining_rock_name_4,2,2,07f6158a-6494-4b7c-9dd0-bbaab7362137,Borase_Ore,Borase (Ore),30,60,0.6,1,1,47a8478a-189c-4c41-a834-6cc87a490495,libs/foundry/records/mining/rockcompositionpresets/obsidiandeposit_silicon.xml
ObsidianDeposit_Silicon,hud_mining_rock_name_4,2,3,f2f5bf2e-87f9-4f3d-bb59-b4e11eceeaad,Gold_Ore,Gold (Ore),20,50,0.3,1,1,47a8478a-189c-4c41-a834-6cc87a490495,libs/foundry/records/mining/rockcompositionpresets/obsidiandeposit_silicon.xml
ObsidianDeposit_Silicon,hud_mining_rock_name_4,2,4,8893c670-f9f7-48df-a05b-e85764994256,Taranite_Raw,Taranite (Raw),20,50,0.2,1,1,47a8478a-189c-4c41-a834-6cc87a490495,libs/foundry/records/mining/rockcompositionpresets/obsidiandeposit_silicon.xml
ObsidianDeposit_Silicon,hud_mining_rock_name_4,2,5,f48b147f-713e-481f-adf2-ff9869ac61bd,Bexalite_Raw,Bexalite (Raw),20,50,0.3,1,1,47a8478a-189c-4c41-a834-6cc87a490495,libs/foundry/records/mining/rockcompositionpresets/obsidiandeposit_silicon.xml
ObsidianDeposit_Silicon,hud_mining_rock_name_4,2,6,9498a080-84c0-41f4-b88f-71942c60c43f,Sileron_Ore,Sileron (Ore),20,50,0.06,1,1,47a8478a-189c-4c41-a834-6cc87a490495,libs/foundry/records/mining/rockcompositionpresets/obsidiandeposit_silicon.xml
ObsidianDeposit_Silicon,hud_mining_rock_name_4,2,7,905e9623-5e74-4a92-9cb1-72203ed8baad,Riccite_Ore,Riccite (Ore),20,50,0.1,1,1,47a8478a-189c-4c41-a834-6cc87a490495,libs/foundry/records/mining/rockcompositionpresets/obsidiandeposit_silicon.xml
ObsidianDeposit_Silicon,hud_mining_rock_name_4,2,0,219e8523-b953-4517-812a-0fb2eb023209,Silicon_Raw,Silicon (Raw),30,70,1,1,1,47a8478a-189c-4c41-a834-6cc87a490495,libs/foundry/records/mining/rockcompositionpresets/obsidiandeposit_silicon.xml
ObsidianDeposit_Silicon,hud_mining_rock_name_4,2,1,cad02f99-292c-4ee4-93cc-a73868f11ddb,Beryl_Raw,Beryl (Raw),30,60,0.4,1,1,47a8478a-189c-4c41-a834-6cc87a490495,libs/foundry/records/mining/rockcompositionpresets/obsidiandeposit_silicon.xml
ObsidianDeposit_Silicon,hud_mining_rock_name_4,2,2,07f6158a-6494-4b7c-9dd0-bbaab7362137,Borase_Ore,Borase (Ore),30,60,0.6,1,1,47a8478a-189c-4c41-a834-6cc87a490495,libs/foundry/records/mining/rockcompositionpresets/obsidiandeposit_silicon.xml
ObsidianDeposit_Silicon,hud_mining_rock_name_4,2,3,f2f5bf2e-87f9-4f3d-bb59-b4e11eceeaad,Gold_Ore,Gold (Ore),20,50,0.3,1,1,47a8478a-189c-4c41-a834-6cc87a490495,libs/foundry/records/mining/rockcompositionpresets/obsidiandeposit_silicon.xml
ObsidianDeposit_Silicon,hud_mining_rock_name_4,2,4,8893c670-f9f7-48df-a05b-e85764994256,Taranite_Raw,Taranite (Raw),20,50,0.2,1,1,47a8478a-189c-4c41-a834-6cc87a490495,libs/foundry/records/mining/rockcompositionpresets/obsidiandeposit_silicon.xml
ObsidianDeposit_Silicon,hud_mining_rock_name_4,2,5,f48b147f-713e-481f-adf2-ff9869ac61bd,Bexalite_Raw,Bexalite (Raw),20,50,0.3,1,1,47a8478a-189c-4c41-a834-6cc87a490495,libs/foundry/records/mining/rockcompositionpresets/obsidiandeposit_silicon.xml
ObsidianDeposit_Silicon,hud_mining_rock_name_4,2,6,9498a080-84c0-41f4-b88f-71942c60c43f,Sileron_Ore,Sileron (Ore),20,50,0.06,1,1,47a8478a-189c-4c41-a834-6cc87a490495,libs/foundry/records/mining/rockcompositionpresets/obsidiandeposit_silicon.xml
ObsidianDeposit_Silicon,hud_mining_rock_name_4,2,7,905e9623-5e74-4a92-9cb1-72203ed8baad,Riccite_Ore,Riccite (Ore),20,50,0.1,1,1,47a8478a-189c-4c41-a834-6cc87a490495,libs/foundry/records/mining/rockcompositionpresets/obsidiandeposit_silicon.xml
ObsidianDeposit_Tin,hud_mining_rock_name_4,2,0,16b426e2-7ce1-4fb4-8b34-4d8617dd6a97,Tin_Ore,Tin (Ore),30,70,1,1,1,3e8f5903-6121-496b-8b82-c63af87267ee,libs/foundry/records/mining/rockcompositionpresets/obsidiandeposit_tin.xml
ObsidianDeposit_Tin,hud_mining_rock_name_4,2,1,cad02f99-292c-4ee4-93cc-a73868f11ddb,Beryl_Raw,Beryl (Raw),30,60,0.6,1,1,3e8f5903-6121-496b-8b82-c63af87267ee,libs/foundry/records/mining/rockcompositionpresets/obsidiandeposit_tin.xml
ObsidianDeposit_Tin,hud_mining_rock_name_4,2,2,07f6158a-6494-4b7c-9dd0-bbaab7362137,Borase_Ore,Borase (Ore),30,60,0.4,1,1,3e8f5903-6121-496b-8b82-c63af87267ee,libs/foundry/records/mining/rockcompositionpresets/obsidiandeposit_tin.xml
ObsidianDeposit_Tin,hud_mining_rock_name_4,2,3,f2f5bf2e-87f9-4f3d-bb59-b4e11eceeaad,Gold_Ore,Gold (Ore),20,50,0.3,1,1,3e8f5903-6121-496b-8b82-c63af87267ee,libs/foundry/records/mining/rockcompositionpresets/obsidiandeposit_tin.xml
ObsidianDeposit_Tin,hud_mining_rock_name_4,2,4,8893c670-f9f7-48df-a05b-e85764994256,Taranite_Raw,Taranite (Raw),20,50,0.2,1,1,3e8f5903-6121-496b-8b82-c63af87267ee,libs/foundry/records/mining/rockcompositionpresets/obsidiandeposit_tin.xml
ObsidianDeposit_Tin,hud_mining_rock_name_4,2,5,f48b147f-713e-481f-adf2-ff9869ac61bd,Bexalite_Raw,Bexalite (Raw),20,50,0.1,1,1,3e8f5903-6121-496b-8b82-c63af87267ee,libs/foundry/records/mining/rockcompositionpresets/obsidiandeposit_tin.xml
ObsidianDeposit_Tin,hud_mining_rock_name_4,2,6,9498a080-84c0-41f4-b88f-71942c60c43f,Sileron_Ore,Sileron (Ore),20,50,0.06,1,1,3e8f5903-6121-496b-8b82-c63af87267ee,libs/foundry/records/mining/rockcompositionpresets/obsidiandeposit_tin.xml
ObsidianDeposit_Tin,hud_mining_rock_name_4,2,7,905e9623-5e74-4a92-9cb1-72203ed8baad,Riccite_Ore,Riccite (Ore),20,50,0.1,1,1,3e8f5903-6121-496b-8b82-c63af87267ee,libs/foundry/records/mining/rockcompositionpresets/obsidiandeposit_tin.xml
ObsidianDeposit_Tin,hud_mining_rock_name_4,2,0,16b426e2-7ce1-4fb4-8b34-4d8617dd6a97,Tin_Ore,Tin (Ore),30,70,1,1,1,3e8f5903-6121-496b-8b82-c63af87267ee,libs/foundry/records/mining/rockcompositionpresets/obsidiandeposit_tin.xml
ObsidianDeposit_Tin,hud_mining_rock_name_4,2,1,cad02f99-292c-4ee4-93cc-a73868f11ddb,Beryl_Raw,Beryl (Raw),30,60,0.6,1,1,3e8f5903-6121-496b-8b82-c63af87267ee,libs/foundry/records/mining/rockcompositionpresets/obsidiandeposit_tin.xml
ObsidianDeposit_Tin,hud_mining_rock_name_4,2,2,07f6158a-6494-4b7c-9dd0-bbaab7362137,Borase_Ore,Borase (Ore),30,60,0.4,1,1,3e8f5903-6121-496b-8b82-c63af87267ee,libs/foundry/records/mining/rockcompositionpresets/obsidiandeposit_tin.xml
ObsidianDeposit_Tin,hud_mining_rock_name_4,2,3,f2f5bf2e-87f9-4f3d-bb59-b4e11eceeaad,Gold_Ore,Gold (Ore),20,50,0.3,1,1,3e8f5903-6121-496b-8b82-c63af87267ee,libs/foundry/records/mining/rockcompositionpresets/obsidiandeposit_tin.xml
ObsidianDeposit_Tin,hud_mining_rock_name_4,2,4,8893c670-f9f7-48df-a05b-e85764994256,Taranite_Raw,Taranite (Raw),20,50,0.2,1,1,3e8f5903-6121-496b-8b82-c63af87267ee,libs/foundry/records/mining/rockcompositionpresets/obsidiandeposit_tin.xml
ObsidianDeposit_Tin,hud_mining_rock_name_4,2,5,f48b147f-713e-481f-adf2-ff9869ac61bd,Bexalite_Raw,Bexalite (Raw),20,50,0.1,1,1,3e8f5903-6121-496b-8b82-c63af87267ee,libs/foundry/records/mining/rockcompositionpresets/obsidiandeposit_tin.xml
ObsidianDeposit_Tin,hud_mining_rock_name_4,2,6,9498a080-84c0-41f4-b88f-71942c60c43f,Sileron_Ore,Sileron (Ore),20,50,0.06,1,1,3e8f5903-6121-496b-8b82-c63af87267ee,libs/foundry/records/mining/rockcompositionpresets/obsidiandeposit_tin.xml
ObsidianDeposit_Tin,hud_mining_rock_name_4,2,7,905e9623-5e74-4a92-9cb1-72203ed8baad,Riccite_Ore,Riccite (Ore),20,50,0.1,1,1,3e8f5903-6121-496b-8b82-c63af87267ee,libs/foundry/records/mining/rockcompositionpresets/obsidiandeposit_tin.xml
ObsidianDeposit_Titanium,hud_mining_rock_name_4,2,0,7b9055e5-6d62-44dd-a725-a31d838301eb,Titanium_Ore,Titanium (Ore),30,70,1,1,1,457f6c67-a410-4922-899c-7a9311cc4e7c,libs/foundry/records/mining/rockcompositionpresets/obsidiandeposit_titanium.xml
ObsidianDeposit_Titanium,hud_mining_rock_name_4,2,1,cad02f99-292c-4ee4-93cc-a73868f11ddb,Beryl_Raw,Beryl (Raw),30,60,0.4,1,1,457f6c67-a410-4922-899c-7a9311cc4e7c,libs/foundry/records/mining/rockcompositionpresets/obsidiandeposit_titanium.xml
ObsidianDeposit_Titanium,hud_mining_rock_name_4,2,2,07f6158a-6494-4b7c-9dd0-bbaab7362137,Borase_Ore,Borase (Ore),30,60,0.6,1,1,457f6c67-a410-4922-899c-7a9311cc4e7c,libs/foundry/records/mining/rockcompositionpresets/obsidiandeposit_titanium.xml
ObsidianDeposit_Titanium,hud_mining_rock_name_4,2,3,f2f5bf2e-87f9-4f3d-bb59-b4e11eceeaad,Gold_Ore,Gold (Ore),20,50,0.2,1,1,457f6c67-a410-4922-899c-7a9311cc4e7c,libs/foundry/records/mining/rockcompositionpresets/obsidiandeposit_titanium.xml
ObsidianDeposit_Titanium,hud_mining_rock_name_4,2,4,8893c670-f9f7-48df-a05b-e85764994256,Taranite_Raw,Taranite (Raw),20,50,0.3,1,1,457f6c67-a410-4922-899c-7a9311cc4e7c,libs/foundry/records/mining/rockcompositionpresets/obsidiandeposit_titanium.xml
ObsidianDeposit_Titanium,hud_mining_rock_name_4,2,5,f48b147f-713e-481f-adf2-ff9869ac61bd,Bexalite_Raw,Bexalite (Raw),20,50,0.1,1,1,457f6c67-a410-4922-899c-7a9311cc4e7c,libs/foundry/records/mining/rockcompositionpresets/obsidiandeposit_titanium.xml
ObsidianDeposit_Titanium,hud_mining_rock_name_4,2,6,fc62043c-3f29-4fff-b754-2301762723f7,Quantainium_Raw,Quantainium (Raw),20,50,0.06,1,1,457f6c67-a410-4922-899c-7a9311cc4e7c,libs/foundry/records/mining/rockcompositionpresets/obsidiandeposit_titanium.xml
ObsidianDeposit_Titanium,hud_mining_rock_name_4,2,0,7b9055e5-6d62-44dd-a725-a31d838301eb,Titanium_Ore,Titanium (Ore),30,70,1,1,1,457f6c67-a410-4922-899c-7a9311cc4e7c,libs/foundry/records/mining/rockcompositionpresets/obsidiandeposit_titanium.xml
ObsidianDeposit_Titanium,hud_mining_rock_name_4,2,1,cad02f99-292c-4ee4-93cc-a73868f11ddb,Beryl_Raw,Beryl (Raw),30,60,0.4,1,1,457f6c67-a410-4922-899c-7a9311cc4e7c,libs/foundry/records/mining/rockcompositionpresets/obsidiandeposit_titanium.xml
ObsidianDeposit_Titanium,hud_mining_rock_name_4,2,2,07f6158a-6494-4b7c-9dd0-bbaab7362137,Borase_Ore,Borase (Ore),30,60,0.6,1,1,457f6c67-a410-4922-899c-7a9311cc4e7c,libs/foundry/records/mining/rockcompositionpresets/obsidiandeposit_titanium.xml
ObsidianDeposit_Titanium,hud_mining_rock_name_4,2,3,f2f5bf2e-87f9-4f3d-bb59-b4e11eceeaad,Gold_Ore,Gold (Ore),20,50,0.2,1,1,457f6c67-a410-4922-899c-7a9311cc4e7c,libs/foundry/records/mining/rockcompositionpresets/obsidiandeposit_titanium.xml
ObsidianDeposit_Titanium,hud_mining_rock_name_4,2,4,8893c670-f9f7-48df-a05b-e85764994256,Taranite_Raw,Taranite (Raw),20,50,0.3,1,1,457f6c67-a410-4922-899c-7a9311cc4e7c,libs/foundry/records/mining/rockcompositionpresets/obsidiandeposit_titanium.xml
ObsidianDeposit_Titanium,hud_mining_rock_name_4,2,5,f48b147f-713e-481f-adf2-ff9869ac61bd,Bexalite_Raw,Bexalite (Raw),20,50,0.1,1,1,457f6c67-a410-4922-899c-7a9311cc4e7c,libs/foundry/records/mining/rockcompositionpresets/obsidiandeposit_titanium.xml
ObsidianDeposit_Titanium,hud_mining_rock_name_4,2,6,fc62043c-3f29-4fff-b754-2301762723f7,Quantainium_Raw,Quantainium (Raw),20,50,0.06,1,1,457f6c67-a410-4922-899c-7a9311cc4e7c,libs/foundry/records/mining/rockcompositionpresets/obsidiandeposit_titanium.xml
ObsidianDeposit_Tungsten,hud_mining_rock_name_4,2,0,8f6a7e06-934d-4339-a0a2-75420b81369a,Tungsten_Ore,Tungsten (Ore),30,70,1,1,1,c521b11a-4c13-41a8-96da-abba2db7c167,libs/foundry/records/mining/rockcompositionpresets/obsidiandeposit_tungsten.xml
ObsidianDeposit_Tungsten,hud_mining_rock_name_4,2,1,cad02f99-292c-4ee4-93cc-a73868f11ddb,Beryl_Raw,Beryl (Raw),30,60,0.6,1,1,c521b11a-4c13-41a8-96da-abba2db7c167,libs/foundry/records/mining/rockcompositionpresets/obsidiandeposit_tungsten.xml
ObsidianDeposit_Tungsten,hud_mining_rock_name_4,2,2,07f6158a-6494-4b7c-9dd0-bbaab7362137,Borase_Ore,Borase (Ore),30,60,0.4,1,1,c521b11a-4c13-41a8-96da-abba2db7c167,libs/foundry/records/mining/rockcompositionpresets/obsidiandeposit_tungsten.xml
ObsidianDeposit_Tungsten,hud_mining_rock_name_4,2,3,f2f5bf2e-87f9-4f3d-bb59-b4e11eceeaad,Gold_Ore,Gold (Ore),20,50,0.2,1,1,c521b11a-4c13-41a8-96da-abba2db7c167,libs/foundry/records/mining/rockcompositionpresets/obsidiandeposit_tungsten.xml
ObsidianDeposit_Tungsten,hud_mining_rock_name_4,2,4,8893c670-f9f7-48df-a05b-e85764994256,Taranite_Raw,Taranite (Raw),20,50,0.2,1,1,c521b11a-4c13-41a8-96da-abba2db7c167,libs/foundry/records/mining/rockcompositionpresets/obsidiandeposit_tungsten.xml
ObsidianDeposit_Tungsten,hud_mining_rock_name_4,2,5,f48b147f-713e-481f-adf2-ff9869ac61bd,Bexalite_Raw,Bexalite (Raw),20,50,0.3,1,1,c521b11a-4c13-41a8-96da-abba2db7c167,libs/foundry/records/mining/rockcompositionpresets/obsidiandeposit_tungsten.xml
ObsidianDeposit_Tungsten,hud_mining_rock_name_4,2,6,fc62043c-3f29-4fff-b754-2301762723f7,Quantainium_Raw,Quantainium (Raw),20,50,0.06,1,1,c521b11a-4c13-41a8-96da-abba2db7c167,libs/foundry/records/mining/rockcompositionpresets/obsidiandeposit_tungsten.xml
ObsidianDeposit_Tungsten,hud_mining_rock_name_4,2,0,8f6a7e06-934d-4339-a0a2-75420b81369a,Tungsten_Ore,Tungsten (Ore),30,70,1,1,1,c521b11a-4c13-41a8-96da-abba2db7c167,libs/foundry/records/mining/rockcompositionpresets/obsidiandeposit_tungsten.xml
ObsidianDeposit_Tungsten,hud_mining_rock_name_4,2,1,cad02f99-292c-4ee4-93cc-a73868f11ddb,Beryl_Raw,Beryl (Raw),30,60,0.6,1,1,c521b11a-4c13-41a8-96da-abba2db7c167,libs/foundry/records/mining/rockcompositionpresets/obsidiandeposit_tungsten.xml
ObsidianDeposit_Tungsten,hud_mining_rock_name_4,2,2,07f6158a-6494-4b7c-9dd0-bbaab7362137,Borase_Ore,Borase (Ore),30,60,0.4,1,1,c521b11a-4c13-41a8-96da-abba2db7c167,libs/foundry/records/mining/rockcompositionpresets/obsidiandeposit_tungsten.xml
ObsidianDeposit_Tungsten,hud_mining_rock_name_4,2,3,f2f5bf2e-87f9-4f3d-bb59-b4e11eceeaad,Gold_Ore,Gold (Ore),20,50,0.2,1,1,c521b11a-4c13-41a8-96da-abba2db7c167,libs/foundry/records/mining/rockcompositionpresets/obsidiandeposit_tungsten.xml
ObsidianDeposit_Tungsten,hud_mining_rock_name_4,2,4,8893c670-f9f7-48df-a05b-e85764994256,Taranite_Raw,Taranite (Raw),20,50,0.2,1,1,c521b11a-4c13-41a8-96da-abba2db7c167,libs/foundry/records/mining/rockcompositionpresets/obsidiandeposit_tungsten.xml
ObsidianDeposit_Tungsten,hud_mining_rock_name_4,2,5,f48b147f-713e-481f-adf2-ff9869ac61bd,Bexalite_Raw,Bexalite (Raw),20,50,0.3,1,1,c521b11a-4c13-41a8-96da-abba2db7c167,libs/foundry/records/mining/rockcompositionpresets/obsidiandeposit_tungsten.xml
ObsidianDeposit_Tungsten,hud_mining_rock_name_4,2,6,fc62043c-3f29-4fff-b754-2301762723f7,Quantainium_Raw,Quantainium (Raw),20,50,0.06,1,1,c521b11a-4c13-41a8-96da-abba2db7c167,libs/foundry/records/mining/rockcompositionpresets/obsidiandeposit_tungsten.xml
ObsidianDeposit,hud_mining_rock_name_4,2,0,3776294d-5689-41f2-b03d-e8fcd17ede6a,Aluminium_Ore,Aluminum (Ore),30,70,1,1,1,07374f98-ddb2-4dcf-884f-cec5af8d4db0,libs/foundry/records/mining/rockcompositionpresets/obsidiandeposit.xml
ObsidianDeposit,hud_mining_rock_name_4,2,1,cad02f99-292c-4ee4-93cc-a73868f11ddb,Beryl_Raw,Beryl (Raw),30,60,0.4,1,1,07374f98-ddb2-4dcf-884f-cec5af8d4db0,libs/foundry/records/mining/rockcompositionpresets/obsidiandeposit.xml
ObsidianDeposit,hud_mining_rock_name_4,2,2,07f6158a-6494-4b7c-9dd0-bbaab7362137,Borase_Ore,Borase (Ore),30,60,0.4,1,1,07374f98-ddb2-4dcf-884f-cec5af8d4db0,libs/foundry/records/mining/rockcompositionpresets/obsidiandeposit.xml
ObsidianDeposit,hud_mining_rock_name_4,2,3,f2f5bf2e-87f9-4f3d-bb59-b4e11eceeaad,Gold_Ore,Gold (Ore),20,50,0.15,1,1,07374f98-ddb2-4dcf-884f-cec5af8d4db0,libs/foundry/records/mining/rockcompositionpresets/obsidiandeposit.xml
ObsidianDeposit,hud_mining_rock_name_4,2,4,8893c670-f9f7-48df-a05b-e85764994256,Taranite_Raw,Taranite (Raw),20,50,0.15,1,1,07374f98-ddb2-4dcf-884f-cec5af8d4db0,libs/foundry/records/mining/rockcompositionpresets/obsidiandeposit.xml
ObsidianDeposit,hud_mining_rock_name_4,2,5,f48b147f-713e-481f-adf2-ff9869ac61bd,Bexalite_Raw,Bexalite (Raw),20,50,0.15,1,1,07374f98-ddb2-4dcf-884f-cec5af8d4db0,libs/foundry/records/mining/rockcompositionpresets/obsidiandeposit.xml
ObsidianDeposit,hud_mining_rock_name_4,2,6,fc62043c-3f29-4fff-b754-2301762723f7,Quantainium_Raw,Quantainium (Raw),20,50,0.04,1,1,07374f98-ddb2-4dcf-884f-cec5af8d4db0,libs/foundry/records/mining/rockcompositionpresets/obsidiandeposit.xml
ObsidianDeposit,hud_mining_rock_name_4,2,0,3776294d-5689-41f2-b03d-e8fcd17ede6a,Aluminium_Ore,Aluminum (Ore),30,70,1,1,1,07374f98-ddb2-4dcf-884f-cec5af8d4db0,libs/foundry/records/mining/rockcompositionpresets/obsidiandeposit.xml
ObsidianDeposit,hud_mining_rock_name_4,2,1,cad02f99-292c-4ee4-93cc-a73868f11ddb,Beryl_Raw,Beryl (Raw),30,60,0.4,1,1,07374f98-ddb2-4dcf-884f-cec5af8d4db0,libs/foundry/records/mining/rockcompositionpresets/obsidiandeposit.xml
ObsidianDeposit,hud_mining_rock_name_4,2,2,07f6158a-6494-4b7c-9dd0-bbaab7362137,Borase_Ore,Borase (Ore),30,60,0.4,1,1,07374f98-ddb2-4dcf-884f-cec5af8d4db0,libs/foundry/records/mining/rockcompositionpresets/obsidiandeposit.xml
ObsidianDeposit,hud_mining_rock_name_4,2,3,f2f5bf2e-87f9-4f3d-bb59-b4e11eceeaad,Gold_Ore,Gold (Ore),20,50,0.15,1,1,07374f98-ddb2-4dcf-884f-cec5af8d4db0,libs/foundry/records/mining/rockcompositionpresets/obsidiandeposit.xml
ObsidianDeposit,hud_mining_rock_name_4,2,4,8893c670-f9f7-48df-a05b-e85764994256,Taranite_Raw,Taranite (Raw),20,50,0.15,1,1,07374f98-ddb2-4dcf-884f-cec5af8d4db0,libs/foundry/records/mining/rockcompositionpresets/obsidiandeposit.xml
ObsidianDeposit,hud_mining_rock_name_4,2,5,f48b147f-713e-481f-adf2-ff9869ac61bd,Bexalite_Raw,Bexalite (Raw),20,50,0.15,1,1,07374f98-ddb2-4dcf-884f-cec5af8d4db0,libs/foundry/records/mining/rockcompositionpresets/obsidiandeposit.xml
ObsidianDeposit,hud_mining_rock_name_4,2,6,fc62043c-3f29-4fff-b754-2301762723f7,Quantainium_Raw,Quantainium (Raw),20,50,0.04,1,1,07374f98-ddb2-4dcf-884f-cec5af8d4db0,libs/foundry/records/mining/rockcompositionpresets/obsidiandeposit.xml
QuantaniumDeposit,hud_mining_rock_name_9,3,0,fc62043c-3f29-4fff-b754-2301762723f7,Quantainium_Raw,Quantainium (Raw),2.1,50,1,5,1,0b6f84a8-f588-4679-a643-2295f6984dbd,libs/foundry/records/mining/rockcompositionpresets/quantaniumdeposit.xml
QuantaniumDeposit,hud_mining_rock_name_9,3,1,1d35c0bc-9142-42ff-8a83-0ec68d69a128,Quartz_Raw,Quartz (Raw),20,60,0.7,2,1,0b6f84a8-f588-4679-a643-2295f6984dbd,libs/foundry/records/mining/rockcompositionpresets/quantaniumdeposit.xml
QuantaniumDeposit,hud_mining_rock_name_9,3,2,cad02f99-292c-4ee4-93cc-a73868f11ddb,Beryl_Raw,Beryl (Raw),2,40,0.5,2,1,0b6f84a8-f588-4679-a643-2295f6984dbd,libs/foundry/records/mining/rockcompositionpresets/quantaniumdeposit.xml
QuantaniumDeposit,hud_mining_rock_name_9,3,3,3776294d-5689-41f2-b03d-e8fcd17ede6a,Aluminium_Ore,Aluminum (Ore),3,50,0.5,3,1,0b6f84a8-f588-4679-a643-2295f6984dbd,libs/foundry/records/mining/rockcompositionpresets/quantaniumdeposit.xml
QuantaniumDeposit,hud_mining_rock_name_9,3,4,07f6158a-6494-4b7c-9dd0-bbaab7362137,Borase_Ore,Borase (Ore),1,15,0.15,4,1,0b6f84a8-f588-4679-a643-2295f6984dbd,libs/foundry/records/mining/rockcompositionpresets/quantaniumdeposit.xml
QuantaniumDeposit,hud_mining_rock_name_9,3,0,fc62043c-3f29-4fff-b754-2301762723f7,Quantainium_Raw,Quantainium (Raw),2.1,50,1,5,1,0b6f84a8-f588-4679-a643-2295f6984dbd,libs/foundry/records/mining/rockcompositionpresets/quantaniumdeposit.xml
QuantaniumDeposit,hud_mining_rock_name_9,3,1,1d35c0bc-9142-42ff-8a83-0ec68d69a128,Quartz_Raw,Quartz (Raw),20,60,0.7,2,1,0b6f84a8-f588-4679-a643-2295f6984dbd,libs/foundry/records/mining/rockcompositionpresets/quantaniumdeposit.xml
QuantaniumDeposit,hud_mining_rock_name_9,3,2,cad02f99-292c-4ee4-93cc-a73868f11ddb,Beryl_Raw,Beryl (Raw),2,40,0.5,2,1,0b6f84a8-f588-4679-a643-2295f6984dbd,libs/foundry/records/mining/rockcompositionpresets/quantaniumdeposit.xml
QuantaniumDeposit,hud_mining_rock_name_9,3,3,3776294d-5689-41f2-b03d-e8fcd17ede6a,Aluminium_Ore,Aluminum (Ore),3,50,0.5,3,1,0b6f84a8-f588-4679-a643-2295f6984dbd,libs/foundry/records/mining/rockcompositionpresets/quantaniumdeposit.xml
QuantaniumDeposit,hud_mining_rock_name_9,3,4,07f6158a-6494-4b7c-9dd0-bbaab7362137,Borase_Ore,Borase (Ore),1,15,0.15,4,1,0b6f84a8-f588-4679-a643-2295f6984dbd,libs/foundry/records/mining/rockcompositionpresets/quantaniumdeposit.xml
QuartziteDeposit_Aluminium,hud_mining_rock_name_6,2,0,3776294d-5689-41f2-b03d-e8fcd17ede6a,Aluminium_Ore,Aluminum (Ore),30,70,1,1,1,49a2e84d-7954-4850-a8a3-42af1fb8003d,libs/foundry/records/mining/rockcompositionpresets/quartzitedeposit_aluminium.xml
QuartziteDeposit_Aluminium,hud_mining_rock_name_6,2,1,220c2e18-9324-4528-b399-2f908488b204,Hephaestanite_Raw,Hephaestanite (Raw),30,60,0.7,1,1,49a2e84d-7954-4850-a8a3-42af1fb8003d,libs/foundry/records/mining/rockcompositionpresets/quartzitedeposit_aluminium.xml
QuartziteDeposit_Aluminium,hud_mining_rock_name_6,2,2,d61d6c33-e428-4014-9326-0b06034de16a,Agricium_Ore,Agricium (Ore),30,60,0.35,1,1,49a2e84d-7954-4850-a8a3-42af1fb8003d,libs/foundry/records/mining/rockcompositionpresets/quartzitedeposit_aluminium.xml
QuartziteDeposit_Aluminium,hud_mining_rock_name_6,2,3,f2f5bf2e-87f9-4f3d-bb59-b4e11eceeaad,Gold_Ore,Gold (Ore),20,50,0.1,1,1,49a2e84d-7954-4850-a8a3-42af1fb8003d,libs/foundry/records/mining/rockcompositionpresets/quartzitedeposit_aluminium.xml
QuartziteDeposit_Aluminium,hud_mining_rock_name_6,2,4,8893c670-f9f7-48df-a05b-e85764994256,Taranite_Raw,Taranite (Raw),20,50,0.3,1,1,49a2e84d-7954-4850-a8a3-42af1fb8003d,libs/foundry/records/mining/rockcompositionpresets/quartzitedeposit_aluminium.xml
QuartziteDeposit_Aluminium,hud_mining_rock_name_6,2,5,f48b147f-713e-481f-adf2-ff9869ac61bd,Bexalite_Raw,Bexalite (Raw),20,50,0.4,1,1,49a2e84d-7954-4850-a8a3-42af1fb8003d,libs/foundry/records/mining/rockcompositionpresets/quartzitedeposit_aluminium.xml
QuartziteDeposit_Aluminium,hud_mining_rock_name_6,2,6,fc62043c-3f29-4fff-b754-2301762723f7,Quantainium_Raw,Quantainium (Raw),20,50,0.05,1,1,49a2e84d-7954-4850-a8a3-42af1fb8003d,libs/foundry/records/mining/rockcompositionpresets/quartzitedeposit_aluminium.xml
QuartziteDeposit_Aluminium,hud_mining_rock_name_6,2,0,3776294d-5689-41f2-b03d-e8fcd17ede6a,Aluminium_Ore,Aluminum (Ore),30,70,1,1,1,49a2e84d-7954-4850-a8a3-42af1fb8003d,libs/foundry/records/mining/rockcompositionpresets/quartzitedeposit_aluminium.xml
QuartziteDeposit_Aluminium,hud_mining_rock_name_6,2,1,220c2e18-9324-4528-b399-2f908488b204,Hephaestanite_Raw,Hephaestanite (Raw),30,60,0.7,1,1,49a2e84d-7954-4850-a8a3-42af1fb8003d,libs/foundry/records/mining/rockcompositionpresets/quartzitedeposit_aluminium.xml
QuartziteDeposit_Aluminium,hud_mining_rock_name_6,2,2,d61d6c33-e428-4014-9326-0b06034de16a,Agricium_Ore,Agricium (Ore),30,60,0.35,1,1,49a2e84d-7954-4850-a8a3-42af1fb8003d,libs/foundry/records/mining/rockcompositionpresets/quartzitedeposit_aluminium.xml
QuartziteDeposit_Aluminium,hud_mining_rock_name_6,2,3,f2f5bf2e-87f9-4f3d-bb59-b4e11eceeaad,Gold_Ore,Gold (Ore),20,50,0.1,1,1,49a2e84d-7954-4850-a8a3-42af1fb8003d,libs/foundry/records/mining/rockcompositionpresets/quartzitedeposit_aluminium.xml
QuartziteDeposit_Aluminium,hud_mining_rock_name_6,2,4,8893c670-f9f7-48df-a05b-e85764994256,Taranite_Raw,Taranite (Raw),20,50,0.3,1,1,49a2e84d-7954-4850-a8a3-42af1fb8003d,libs/foundry/records/mining/rockcompositionpresets/quartzitedeposit_aluminium.xml
QuartziteDeposit_Aluminium,hud_mining_rock_name_6,2,5,f48b147f-713e-481f-adf2-ff9869ac61bd,Bexalite_Raw,Bexalite (Raw),20,50,0.4,1,1,49a2e84d-7954-4850-a8a3-42af1fb8003d,libs/foundry/records/mining/rockcompositionpresets/quartzitedeposit_aluminium.xml
QuartziteDeposit_Aluminium,hud_mining_rock_name_6,2,6,fc62043c-3f29-4fff-b754-2301762723f7,Quantainium_Raw,Quantainium (Raw),20,50,0.05,1,1,49a2e84d-7954-4850-a8a3-42af1fb8003d,libs/foundry/records/mining/rockcompositionpresets/quartzitedeposit_aluminium.xml
QuartziteDeposit_Copper,hud_mining_rock_name_6,2,0,ee12edc1-a2c3-4202-909d-9b729a050a3f,Copper_Ore,Copper (Ore),30,70,1,1,1,236ef921-09d8-48c2-9c5c-b660dba36502,libs/foundry/records/mining/rockcompositionpresets/quartzitedeposit_copper.xml
QuartziteDeposit_Copper,hud_mining_rock_name_6,2,1,220c2e18-9324-4528-b399-2f908488b204,Hephaestanite_Raw,Hephaestanite (Raw),30,60,0.45,1,1,236ef921-09d8-48c2-9c5c-b660dba36502,libs/foundry/records/mining/rockcompositionpresets/quartzitedeposit_copper.xml
QuartziteDeposit_Copper,hud_mining_rock_name_6,2,2,d61d6c33-e428-4014-9326-0b06034de16a,Agricium_Ore,Agricium (Ore),30,60,0.35,1,1,236ef921-09d8-48c2-9c5c-b660dba36502,libs/foundry/records/mining/rockcompositionpresets/quartzitedeposit_copper.xml
QuartziteDeposit_Copper,hud_mining_rock_name_6,2,3,f2f5bf2e-87f9-4f3d-bb59-b4e11eceeaad,Gold_Ore,Gold (Ore),20,50,0.3,1,1,236ef921-09d8-48c2-9c5c-b660dba36502,libs/foundry/records/mining/rockcompositionpresets/quartzitedeposit_copper.xml
QuartziteDeposit_Copper,hud_mining_rock_name_6,2,4,8893c670-f9f7-48df-a05b-e85764994256,Taranite_Raw,Taranite (Raw),20,50,0.3,1,1,236ef921-09d8-48c2-9c5c-b660dba36502,libs/foundry/records/mining/rockcompositionpresets/quartzitedeposit_copper.xml
QuartziteDeposit_Copper,hud_mining_rock_name_6,2,5,f48b147f-713e-481f-adf2-ff9869ac61bd,Bexalite_Raw,Bexalite (Raw),20,50,0.3,1,1,236ef921-09d8-48c2-9c5c-b660dba36502,libs/foundry/records/mining/rockcompositionpresets/quartzitedeposit_copper.xml
QuartziteDeposit_Copper,hud_mining_rock_name_6,2,6,fc62043c-3f29-4fff-b754-2301762723f7,Quantainium_Raw,Quantainium (Raw),20,50,0.14,1,1,236ef921-09d8-48c2-9c5c-b660dba36502,libs/foundry/records/mining/rockcompositionpresets/quartzitedeposit_copper.xml
QuartziteDeposit_Copper,hud_mining_rock_name_6,2,0,ee12edc1-a2c3-4202-909d-9b729a050a3f,Copper_Ore,Copper (Ore),30,70,1,1,1,236ef921-09d8-48c2-9c5c-b660dba36502,libs/foundry/records/mining/rockcompositionpresets/quartzitedeposit_copper.xml
QuartziteDeposit_Copper,hud_mining_rock_name_6,2,1,220c2e18-9324-4528-b399-2f908488b204,Hephaestanite_Raw,Hephaestanite (Raw),30,60,0.45,1,1,236ef921-09d8-48c2-9c5c-b660dba36502,libs/foundry/records/mining/rockcompositionpresets/quartzitedeposit_copper.xml
QuartziteDeposit_Copper,hud_mining_rock_name_6,2,2,d61d6c33-e428-4014-9326-0b06034de16a,Agricium_Ore,Agricium (Ore),30,60,0.35,1,1,236ef921-09d8-48c2-9c5c-b660dba36502,libs/foundry/records/mining/rockcompositionpresets/quartzitedeposit_copper.xml
QuartziteDeposit_Copper,hud_mining_rock_name_6,2,3,f2f5bf2e-87f9-4f3d-bb59-b4e11eceeaad,Gold_Ore,Gold (Ore),20,50,0.3,1,1,236ef921-09d8-48c2-9c5c-b660dba36502,libs/foundry/records/mining/rockcompositionpresets/quartzitedeposit_copper.xml
QuartziteDeposit_Copper,hud_mining_rock_name_6,2,4,8893c670-f9f7-48df-a05b-e85764994256,Taranite_Raw,Taranite (Raw),20,50,0.3,1,1,236ef921-09d8-48c2-9c5c-b660dba36502,libs/foundry/records/mining/rockcompositionpresets/quartzitedeposit_copper.xml
QuartziteDeposit_Copper,hud_mining_rock_name_6,2,5,f48b147f-713e-481f-adf2-ff9869ac61bd,Bexalite_Raw,Bexalite (Raw),20,50,0.3,1,1,236ef921-09d8-48c2-9c5c-b660dba36502,libs/foundry/records/mining/rockcompositionpresets/quartzitedeposit_copper.xml
QuartziteDeposit_Copper,hud_mining_rock_name_6,2,6,fc62043c-3f29-4fff-b754-2301762723f7,Quantainium_Raw,Quantainium (Raw),20,50,0.14,1,1,236ef921-09d8-48c2-9c5c-b660dba36502,libs/foundry/records/mining/rockcompositionpresets/quartzitedeposit_copper.xml
QuartziteDeposit_Corundum,hud_mining_rock_name_6,2,0,b471b96c-efbb-4342-90de-cfa087604d8e,Corundum_Raw,Corundum (Raw),30,70,1,1,1,22aecd37-3fd0-494f-a899-057ea522d3b6,libs/foundry/records/mining/rockcompositionpresets/quartzitedeposit_corundum.xml
QuartziteDeposit_Corundum,hud_mining_rock_name_6,2,1,220c2e18-9324-4528-b399-2f908488b204,Hephaestanite_Raw,Hephaestanite (Raw),30,60,0.7,1,1,22aecd37-3fd0-494f-a899-057ea522d3b6,libs/foundry/records/mining/rockcompositionpresets/quartzitedeposit_corundum.xml
QuartziteDeposit_Corundum,hud_mining_rock_name_6,2,2,d61d6c33-e428-4014-9326-0b06034de16a,Agricium_Ore,Agricium (Ore),30,60,0.35,1,1,22aecd37-3fd0-494f-a899-057ea522d3b6,libs/foundry/records/mining/rockcompositionpresets/quartzitedeposit_corundum.xml
QuartziteDeposit_Corundum,hud_mining_rock_name_6,2,3,f2f5bf2e-87f9-4f3d-bb59-b4e11eceeaad,Gold_Ore,Gold (Ore),20,50,0.1,1,1,22aecd37-3fd0-494f-a899-057ea522d3b6,libs/foundry/records/mining/rockcompositionpresets/quartzitedeposit_corundum.xml
QuartziteDeposit_Corundum,hud_mining_rock_name_6,2,4,8893c670-f9f7-48df-a05b-e85764994256,Taranite_Raw,Taranite (Raw),20,50,0.3,1,1,22aecd37-3fd0-494f-a899-057ea522d3b6,libs/foundry/records/mining/rockcompositionpresets/quartzitedeposit_corundum.xml
QuartziteDeposit_Corundum,hud_mining_rock_name_6,2,5,f48b147f-713e-481f-adf2-ff9869ac61bd,Bexalite_Raw,Bexalite (Raw),20,50,0.4,1,1,22aecd37-3fd0-494f-a899-057ea522d3b6,libs/foundry/records/mining/rockcompositionpresets/quartzitedeposit_corundum.xml
QuartziteDeposit_Corundum,hud_mining_rock_name_6,2,6,fc62043c-3f29-4fff-b754-2301762723f7,Quantainium_Raw,Quantainium (Raw),20,50,0.05,1,1,22aecd37-3fd0-494f-a899-057ea522d3b6,libs/foundry/records/mining/rockcompositionpresets/quartzitedeposit_corundum.xml
QuartziteDeposit_Corundum,hud_mining_rock_name_6,2,0,b471b96c-efbb-4342-90de-cfa087604d8e,Corundum_Raw,Corundum (Raw),30,70,1,1,1,22aecd37-3fd0-494f-a899-057ea522d3b6,libs/foundry/records/mining/rockcompositionpresets/quartzitedeposit_corundum.xml
QuartziteDeposit_Corundum,hud_mining_rock_name_6,2,1,220c2e18-9324-4528-b399-2f908488b204,Hephaestanite_Raw,Hephaestanite (Raw),30,60,0.7,1,1,22aecd37-3fd0-494f-a899-057ea522d3b6,libs/foundry/records/mining/rockcompositionpresets/quartzitedeposit_corundum.xml
QuartziteDeposit_Corundum,hud_mining_rock_name_6,2,2,d61d6c33-e428-4014-9326-0b06034de16a,Agricium_Ore,Agricium (Ore),30,60,0.35,1,1,22aecd37-3fd0-494f-a899-057ea522d3b6,libs/foundry/records/mining/rockcompositionpresets/quartzitedeposit_corundum.xml
QuartziteDeposit_Corundum,hud_mining_rock_name_6,2,3,f2f5bf2e-87f9-4f3d-bb59-b4e11eceeaad,Gold_Ore,Gold (Ore),20,50,0.1,1,1,22aecd37-3fd0-494f-a899-057ea522d3b6,libs/foundry/records/mining/rockcompositionpresets/quartzitedeposit_corundum.xml
QuartziteDeposit_Corundum,hud_mining_rock_name_6,2,4,8893c670-f9f7-48df-a05b-e85764994256,Taranite_Raw,Taranite (Raw),20,50,0.3,1,1,22aecd37-3fd0-494f-a899-057ea522d3b6,libs/foundry/records/mining/rockcompositionpresets/quartzitedeposit_corundum.xml
QuartziteDeposit_Corundum,hud_mining_rock_name_6,2,5,f48b147f-713e-481f-adf2-ff9869ac61bd,Bexalite_Raw,Bexalite (Raw),20,50,0.4,1,1,22aecd37-3fd0-494f-a899-057ea522d3b6,libs/foundry/records/mining/rockcompositionpresets/quartzitedeposit_corundum.xml
QuartziteDeposit_Corundum,hud_mining_rock_name_6,2,6,fc62043c-3f29-4fff-b754-2301762723f7,Quantainium_Raw,Quantainium (Raw),20,50,0.05,1,1,22aecd37-3fd0-494f-a899-057ea522d3b6,libs/foundry/records/mining/rockcompositionpresets/quartzitedeposit_corundum.xml
QuartziteDeposit_Iron,hud_mining_rock_name_6,2,0,05708bae-1cb1-4e63-bb95-ec7f4a3ef430,Iron_Ore,Iron (Ore),30,70,1,1,1,c0c653cc-89b3-4905-aacd-8ebd4b584922,libs/foundry/records/mining/rockcompositionpresets/quartzitedeposit_iron.xml
QuartziteDeposit_Iron,hud_mining_rock_name_6,2,1,220c2e18-9324-4528-b399-2f908488b204,Hephaestanite_Raw,Hephaestanite (Raw),30,60,0.45,1,1,c0c653cc-89b3-4905-aacd-8ebd4b584922,libs/foundry/records/mining/rockcompositionpresets/quartzitedeposit_iron.xml
QuartziteDeposit_Iron,hud_mining_rock_name_6,2,2,d61d6c33-e428-4014-9326-0b06034de16a,Agricium_Ore,Agricium (Ore),30,60,0.5,1,1,c0c653cc-89b3-4905-aacd-8ebd4b584922,libs/foundry/records/mining/rockcompositionpresets/quartzitedeposit_iron.xml
QuartziteDeposit_Iron,hud_mining_rock_name_6,2,3,f2f5bf2e-87f9-4f3d-bb59-b4e11eceeaad,Gold_Ore,Gold (Ore),20,50,0.1,1,1,c0c653cc-89b3-4905-aacd-8ebd4b584922,libs/foundry/records/mining/rockcompositionpresets/quartzitedeposit_iron.xml
QuartziteDeposit_Iron,hud_mining_rock_name_6,2,4,9bd0e34c-2b34-42a3-b41d-381088ff6fed,Aslarite_Raw,Aslarite (Raw),20,50,0.3,1,1,c0c653cc-89b3-4905-aacd-8ebd4b584922,libs/foundry/records/mining/rockcompositionpresets/quartzitedeposit_iron.xml
QuartziteDeposit_Iron,hud_mining_rock_name_6,2,5,8723956e-e947-4b84-9dcb-b2c6137895ab,Ouratite_Raw,Ouratite (Raw),20,50,0.3,1,1,c0c653cc-89b3-4905-aacd-8ebd4b584922,libs/foundry/records/mining/rockcompositionpresets/quartzitedeposit_iron.xml
QuartziteDeposit_Iron,hud_mining_rock_name_6,2,6,fc62043c-3f29-4fff-b754-2301762723f7,Quantainium_Raw,Quantainium (Raw),20,50,0.14,1,1,c0c653cc-89b3-4905-aacd-8ebd4b584922,libs/foundry/records/mining/rockcompositionpresets/quartzitedeposit_iron.xml
QuartziteDeposit_Iron,hud_mining_rock_name_6,2,0,05708bae-1cb1-4e63-bb95-ec7f4a3ef430,Iron_Ore,Iron (Ore),30,70,1,1,1,c0c653cc-89b3-4905-aacd-8ebd4b584922,libs/foundry/records/mining/rockcompositionpresets/quartzitedeposit_iron.xml
QuartziteDeposit_Iron,hud_mining_rock_name_6,2,1,220c2e18-9324-4528-b399-2f908488b204,Hephaestanite_Raw,Hephaestanite (Raw),30,60,0.45,1,1,c0c653cc-89b3-4905-aacd-8ebd4b584922,libs/foundry/records/mining/rockcompositionpresets/quartzitedeposit_iron.xml
QuartziteDeposit_Iron,hud_mining_rock_name_6,2,2,d61d6c33-e428-4014-9326-0b06034de16a,Agricium_Ore,Agricium (Ore),30,60,0.5,1,1,c0c653cc-89b3-4905-aacd-8ebd4b584922,libs/foundry/records/mining/rockcompositionpresets/quartzitedeposit_iron.xml
QuartziteDeposit_Iron,hud_mining_rock_name_6,2,3,f2f5bf2e-87f9-4f3d-bb59-b4e11eceeaad,Gold_Ore,Gold (Ore),20,50,0.1,1,1,c0c653cc-89b3-4905-aacd-8ebd4b584922,libs/foundry/records/mining/rockcompositionpresets/quartzitedeposit_iron.xml
QuartziteDeposit_Iron,hud_mining_rock_name_6,2,4,9bd0e34c-2b34-42a3-b41d-381088ff6fed,Aslarite_Raw,Aslarite (Raw),20,50,0.3,1,1,c0c653cc-89b3-4905-aacd-8ebd4b584922,libs/foundry/records/mining/rockcompositionpresets/quartzitedeposit_iron.xml
QuartziteDeposit_Iron,hud_mining_rock_name_6,2,5,8723956e-e947-4b84-9dcb-b2c6137895ab,Ouratite_Raw,Ouratite (Raw),20,50,0.3,1,1,c0c653cc-89b3-4905-aacd-8ebd4b584922,libs/foundry/records/mining/rockcompositionpresets/quartzitedeposit_iron.xml
QuartziteDeposit_Iron,hud_mining_rock_name_6,2,6,fc62043c-3f29-4fff-b754-2301762723f7,Quantainium_Raw,Quantainium (Raw),20,50,0.14,1,1,c0c653cc-89b3-4905-aacd-8ebd4b584922,libs/foundry/records/mining/rockcompositionpresets/quartzitedeposit_iron.xml
QuartziteDeposit_Quartz,hud_mining_rock_name_6,2,0,1d35c0bc-9142-42ff-8a83-0ec68d69a128,Quartz_Raw,Quartz (Raw),30,70,1,1,1,7d41c7b9-f437-4600-95d2-f1ea8a544dda,libs/foundry/records/mining/rockcompositionpresets/quartzitedeposit_quartz.xml
QuartziteDeposit_Quartz,hud_mining_rock_name_6,2,1,220c2e18-9324-4528-b399-2f908488b204,Hephaestanite_Raw,Hephaestanite (Raw),30,60,0.45,1,1,7d41c7b9-f437-4600-95d2-f1ea8a544dda,libs/foundry/records/mining/rockcompositionpresets/quartzitedeposit_quartz.xml
QuartziteDeposit_Quartz,hud_mining_rock_name_6,2,2,d61d6c33-e428-4014-9326-0b06034de16a,Agricium_Ore,Agricium (Ore),30,60,0.35,1,1,7d41c7b9-f437-4600-95d2-f1ea8a544dda,libs/foundry/records/mining/rockcompositionpresets/quartzitedeposit_quartz.xml
QuartziteDeposit_Quartz,hud_mining_rock_name_6,2,3,f2f5bf2e-87f9-4f3d-bb59-b4e11eceeaad,Gold_Ore,Gold (Ore),20,50,0.1,1,1,7d41c7b9-f437-4600-95d2-f1ea8a544dda,libs/foundry/records/mining/rockcompositionpresets/quartzitedeposit_quartz.xml
QuartziteDeposit_Quartz,hud_mining_rock_name_6,2,4,8893c670-f9f7-48df-a05b-e85764994256,Taranite_Raw,Taranite (Raw),20,50,0.4,1,1,7d41c7b9-f437-4600-95d2-f1ea8a544dda,libs/foundry/records/mining/rockcompositionpresets/quartzitedeposit_quartz.xml
QuartziteDeposit_Quartz,hud_mining_rock_name_6,2,5,f48b147f-713e-481f-adf2-ff9869ac61bd,Bexalite_Raw,Bexalite (Raw),20,50,0.3,1,1,7d41c7b9-f437-4600-95d2-f1ea8a544dda,libs/foundry/records/mining/rockcompositionpresets/quartzitedeposit_quartz.xml
QuartziteDeposit_Quartz,hud_mining_rock_name_6,2,6,fc62043c-3f29-4fff-b754-2301762723f7,Quantainium_Raw,Quantainium (Raw),20,50,0.05,1,1,7d41c7b9-f437-4600-95d2-f1ea8a544dda,libs/foundry/records/mining/rockcompositionpresets/quartzitedeposit_quartz.xml
QuartziteDeposit_Quartz,hud_mining_rock_name_6,2,0,1d35c0bc-9142-42ff-8a83-0ec68d69a128,Quartz_Raw,Quartz (Raw),30,70,1,1,1,7d41c7b9-f437-4600-95d2-f1ea8a544dda,libs/foundry/records/mining/rockcompositionpresets/quartzitedeposit_quartz.xml
QuartziteDeposit_Quartz,hud_mining_rock_name_6,2,1,220c2e18-9324-4528-b399-2f908488b204,Hephaestanite_Raw,Hephaestanite (Raw),30,60,0.45,1,1,7d41c7b9-f437-4600-95d2-f1ea8a544dda,libs/foundry/records/mining/rockcompositionpresets/quartzitedeposit_quartz.xml
QuartziteDeposit_Quartz,hud_mining_rock_name_6,2,2,d61d6c33-e428-4014-9326-0b06034de16a,Agricium_Ore,Agricium (Ore),30,60,0.35,1,1,7d41c7b9-f437-4600-95d2-f1ea8a544dda,libs/foundry/records/mining/rockcompositionpresets/quartzitedeposit_quartz.xml
QuartziteDeposit_Quartz,hud_mining_rock_name_6,2,3,f2f5bf2e-87f9-4f3d-bb59-b4e11eceeaad,Gold_Ore,Gold (Ore),20,50,0.1,1,1,7d41c7b9-f437-4600-95d2-f1ea8a544dda,libs/foundry/records/mining/rockcompositionpresets/quartzitedeposit_quartz.xml
QuartziteDeposit_Quartz,hud_mining_rock_name_6,2,4,8893c670-f9f7-48df-a05b-e85764994256,Taranite_Raw,Taranite (Raw),20,50,0.4,1,1,7d41c7b9-f437-4600-95d2-f1ea8a544dda,libs/foundry/records/mining/rockcompositionpresets/quartzitedeposit_quartz.xml
QuartziteDeposit_Quartz,hud_mining_rock_name_6,2,5,f48b147f-713e-481f-adf2-ff9869ac61bd,Bexalite_Raw,Bexalite (Raw),20,50,0.3,1,1,7d41c7b9-f437-4600-95d2-f1ea8a544dda,libs/foundry/records/mining/rockcompositionpresets/quartzitedeposit_quartz.xml
QuartziteDeposit_Quartz,hud_mining_rock_name_6,2,6,fc62043c-3f29-4fff-b754-2301762723f7,Quantainium_Raw,Quantainium (Raw),20,50,0.05,1,1,7d41c7b9-f437-4600-95d2-f1ea8a544dda,libs/foundry/records/mining/rockcompositionpresets/quartzitedeposit_quartz.xml
QuartziteDeposit_Silicon,hud_mining_rock_name_6,2,0,219e8523-b953-4517-812a-0fb2eb023209,Silicon_Raw,Silicon (Raw),30,70,1,1,1,59d0affa-9eb3-4ca4-8f39-15bce32dc8ec,libs/foundry/records/mining/rockcompositionpresets/quartzitedeposit_silicon.xml
QuartziteDeposit_Silicon,hud_mining_rock_name_6,2,1,220c2e18-9324-4528-b399-2f908488b204,Hephaestanite_Raw,Hephaestanite (Raw),30,60,0.45,1,1,59d0affa-9eb3-4ca4-8f39-15bce32dc8ec,libs/foundry/records/mining/rockcompositionpresets/quartzitedeposit_silicon.xml
QuartziteDeposit_Silicon,hud_mining_rock_name_6,2,2,d61d6c33-e428-4014-9326-0b06034de16a,Agricium_Ore,Agricium (Ore),30,60,0.5,1,1,59d0affa-9eb3-4ca4-8f39-15bce32dc8ec,libs/foundry/records/mining/rockcompositionpresets/quartzitedeposit_silicon.xml
QuartziteDeposit_Silicon,hud_mining_rock_name_6,2,3,f2f5bf2e-87f9-4f3d-bb59-b4e11eceeaad,Gold_Ore,Gold (Ore),20,50,0.1,1,1,59d0affa-9eb3-4ca4-8f39-15bce32dc8ec,libs/foundry/records/mining/rockcompositionpresets/quartzitedeposit_silicon.xml
QuartziteDeposit_Silicon,hud_mining_rock_name_6,2,4,8893c670-f9f7-48df-a05b-e85764994256,Taranite_Raw,Taranite (Raw),20,50,0.4,1,1,59d0affa-9eb3-4ca4-8f39-15bce32dc8ec,libs/foundry/records/mining/rockcompositionpresets/quartzitedeposit_silicon.xml
QuartziteDeposit_Silicon,hud_mining_rock_name_6,2,5,f48b147f-713e-481f-adf2-ff9869ac61bd,Bexalite_Raw,Bexalite (Raw),20,50,0.4,1,1,59d0affa-9eb3-4ca4-8f39-15bce32dc8ec,libs/foundry/records/mining/rockcompositionpresets/quartzitedeposit_silicon.xml
QuartziteDeposit_Silicon,hud_mining_rock_name_6,2,6,9498a080-84c0-41f4-b88f-71942c60c43f,Sileron_Ore,Sileron (Ore),20,50,0.05,1,1,59d0affa-9eb3-4ca4-8f39-15bce32dc8ec,libs/foundry/records/mining/rockcompositionpresets/quartzitedeposit_silicon.xml
QuartziteDeposit_Silicon,hud_mining_rock_name_6,2,7,905e9623-5e74-4a92-9cb1-72203ed8baad,Riccite_Ore,Riccite (Ore),20,50,0.05,1,1,59d0affa-9eb3-4ca4-8f39-15bce32dc8ec,libs/foundry/records/mining/rockcompositionpresets/quartzitedeposit_silicon.xml
QuartziteDeposit_Silicon,hud_mining_rock_name_6,2,0,219e8523-b953-4517-812a-0fb2eb023209,Silicon_Raw,Silicon (Raw),30,70,1,1,1,59d0affa-9eb3-4ca4-8f39-15bce32dc8ec,libs/foundry/records/mining/rockcompositionpresets/quartzitedeposit_silicon.xml
QuartziteDeposit_Silicon,hud_mining_rock_name_6,2,1,220c2e18-9324-4528-b399-2f908488b204,Hephaestanite_Raw,Hephaestanite (Raw),30,60,0.45,1,1,59d0affa-9eb3-4ca4-8f39-15bce32dc8ec,libs/foundry/records/mining/rockcompositionpresets/quartzitedeposit_silicon.xml
QuartziteDeposit_Silicon,hud_mining_rock_name_6,2,2,d61d6c33-e428-4014-9326-0b06034de16a,Agricium_Ore,Agricium (Ore),30,60,0.5,1,1,59d0affa-9eb3-4ca4-8f39-15bce32dc8ec,libs/foundry/records/mining/rockcompositionpresets/quartzitedeposit_silicon.xml
QuartziteDeposit_Silicon,hud_mining_rock_name_6,2,3,f2f5bf2e-87f9-4f3d-bb59-b4e11eceeaad,Gold_Ore,Gold (Ore),20,50,0.1,1,1,59d0affa-9eb3-4ca4-8f39-15bce32dc8ec,libs/foundry/records/mining/rockcompositionpresets/quartzitedeposit_silicon.xml
QuartziteDeposit_Silicon,hud_mining_rock_name_6,2,4,8893c670-f9f7-48df-a05b-e85764994256,Taranite_Raw,Taranite (Raw),20,50,0.4,1,1,59d0affa-9eb3-4ca4-8f39-15bce32dc8ec,libs/foundry/records/mining/rockcompositionpresets/quartzitedeposit_silicon.xml
QuartziteDeposit_Silicon,hud_mining_rock_name_6,2,5,f48b147f-713e-481f-adf2-ff9869ac61bd,Bexalite_Raw,Bexalite (Raw),20,50,0.4,1,1,59d0affa-9eb3-4ca4-8f39-15bce32dc8ec,libs/foundry/records/mining/rockcompositionpresets/quartzitedeposit_silicon.xml
QuartziteDeposit_Silicon,hud_mining_rock_name_6,2,6,9498a080-84c0-41f4-b88f-71942c60c43f,Sileron_Ore,Sileron (Ore),20,50,0.05,1,1,59d0affa-9eb3-4ca4-8f39-15bce32dc8ec,libs/foundry/records/mining/rockcompositionpresets/quartzitedeposit_silicon.xml
QuartziteDeposit_Silicon,hud_mining_rock_name_6,2,7,905e9623-5e74-4a92-9cb1-72203ed8baad,Riccite_Ore,Riccite (Ore),20,50,0.05,1,1,59d0affa-9eb3-4ca4-8f39-15bce32dc8ec,libs/foundry/records/mining/rockcompositionpresets/quartzitedeposit_silicon.xml
QuartziteDeposit_Tin,hud_mining_rock_name_6,2,0,16b426e2-7ce1-4fb4-8b34-4d8617dd6a97,Tin_Ore,Tin (Ore),30,70,1,1,1,579f8a26-0d19-4236-8cb9-177904006fb2,libs/foundry/records/mining/rockcompositionpresets/quartzitedeposit_tin.xml
QuartziteDeposit_Tin,hud_mining_rock_name_6,2,1,220c2e18-9324-4528-b399-2f908488b204,Hephaestanite_Raw,Hephaestanite (Raw),30,60,0.7,1,1,579f8a26-0d19-4236-8cb9-177904006fb2,libs/foundry/records/mining/rockcompositionpresets/quartzitedeposit_tin.xml
QuartziteDeposit_Tin,hud_mining_rock_name_6,2,2,d61d6c33-e428-4014-9326-0b06034de16a,Agricium_Ore,Agricium (Ore),30,60,0.35,1,1,579f8a26-0d19-4236-8cb9-177904006fb2,libs/foundry/records/mining/rockcompositionpresets/quartzitedeposit_tin.xml
QuartziteDeposit_Tin,hud_mining_rock_name_6,2,3,f2f5bf2e-87f9-4f3d-bb59-b4e11eceeaad,Gold_Ore,Gold (Ore),20,50,0.1,1,1,579f8a26-0d19-4236-8cb9-177904006fb2,libs/foundry/records/mining/rockcompositionpresets/quartzitedeposit_tin.xml
QuartziteDeposit_Tin,hud_mining_rock_name_6,2,4,8893c670-f9f7-48df-a05b-e85764994256,Taranite_Raw,Taranite (Raw),20,50,0.4,1,1,579f8a26-0d19-4236-8cb9-177904006fb2,libs/foundry/records/mining/rockcompositionpresets/quartzitedeposit_tin.xml
QuartziteDeposit_Tin,hud_mining_rock_name_6,2,5,f48b147f-713e-481f-adf2-ff9869ac61bd,Bexalite_Raw,Bexalite (Raw),20,50,0.4,1,1,579f8a26-0d19-4236-8cb9-177904006fb2,libs/foundry/records/mining/rockcompositionpresets/quartzitedeposit_tin.xml
QuartziteDeposit_Tin,hud_mining_rock_name_6,2,6,9498a080-84c0-41f4-b88f-71942c60c43f,Sileron_Ore,Sileron (Ore),20,50,0.05,1,1,579f8a26-0d19-4236-8cb9-177904006fb2,libs/foundry/records/mining/rockcompositionpresets/quartzitedeposit_tin.xml
QuartziteDeposit_Tin,hud_mining_rock_name_6,2,7,905e9623-5e74-4a92-9cb1-72203ed8baad,Riccite_Ore,Riccite (Ore),20,50,0.05,1,1,579f8a26-0d19-4236-8cb9-177904006fb2,libs/foundry/records/mining/rockcompositionpresets/quartzitedeposit_tin.xml
QuartziteDeposit_Tin,hud_mining_rock_name_6,2,0,16b426e2-7ce1-4fb4-8b34-4d8617dd6a97,Tin_Ore,Tin (Ore),30,70,1,1,1,579f8a26-0d19-4236-8cb9-177904006fb2,libs/foundry/records/mining/rockcompositionpresets/quartzitedeposit_tin.xml
QuartziteDeposit_Tin,hud_mining_rock_name_6,2,1,220c2e18-9324-4528-b399-2f908488b204,Hephaestanite_Raw,Hephaestanite (Raw),30,60,0.7,1,1,579f8a26-0d19-4236-8cb9-177904006fb2,libs/foundry/records/mining/rockcompositionpresets/quartzitedeposit_tin.xml
QuartziteDeposit_Tin,hud_mining_rock_name_6,2,2,d61d6c33-e428-4014-9326-0b06034de16a,Agricium_Ore,Agricium (Ore),30,60,0.35,1,1,579f8a26-0d19-4236-8cb9-177904006fb2,libs/foundry/records/mining/rockcompositionpresets/quartzitedeposit_tin.xml
QuartziteDeposit_Tin,hud_mining_rock_name_6,2,3,f2f5bf2e-87f9-4f3d-bb59-b4e11eceeaad,Gold_Ore,Gold (Ore),20,50,0.1,1,1,579f8a26-0d19-4236-8cb9-177904006fb2,libs/foundry/records/mining/rockcompositionpresets/quartzitedeposit_tin.xml
QuartziteDeposit_Tin,hud_mining_rock_name_6,2,4,8893c670-f9f7-48df-a05b-e85764994256,Taranite_Raw,Taranite (Raw),20,50,0.4,1,1,579f8a26-0d19-4236-8cb9-177904006fb2,libs/foundry/records/mining/rockcompositionpresets/quartzitedeposit_tin.xml
QuartziteDeposit_Tin,hud_mining_rock_name_6,2,5,f48b147f-713e-481f-adf2-ff9869ac61bd,Bexalite_Raw,Bexalite (Raw),20,50,0.4,1,1,579f8a26-0d19-4236-8cb9-177904006fb2,libs/foundry/records/mining/rockcompositionpresets/quartzitedeposit_tin.xml
QuartziteDeposit_Tin,hud_mining_rock_name_6,2,6,9498a080-84c0-41f4-b88f-71942c60c43f,Sileron_Ore,Sileron (Ore),20,50,0.05,1,1,579f8a26-0d19-4236-8cb9-177904006fb2,libs/foundry/records/mining/rockcompositionpresets/quartzitedeposit_tin.xml
QuartziteDeposit_Tin,hud_mining_rock_name_6,2,7,905e9623-5e74-4a92-9cb1-72203ed8baad,Riccite_Ore,Riccite (Ore),20,50,0.05,1,1,579f8a26-0d19-4236-8cb9-177904006fb2,libs/foundry/records/mining/rockcompositionpresets/quartzitedeposit_tin.xml
QuartziteDeposit_Titanium,hud_mining_rock_name_6,2,0,7b9055e5-6d62-44dd-a725-a31d838301eb,Titanium_Ore,Titanium (Ore),30,70,1,1,1,9f970af2-19c3-4de9-8479-083b669e01f8,libs/foundry/records/mining/rockcompositionpresets/quartzitedeposit_titanium.xml
QuartziteDeposit_Titanium,hud_mining_rock_name_6,2,1,220c2e18-9324-4528-b399-2f908488b204,Hephaestanite_Raw,Hephaestanite (Raw),30,60,0.45,1,1,9f970af2-19c3-4de9-8479-083b669e01f8,libs/foundry/records/mining/rockcompositionpresets/quartzitedeposit_titanium.xml
QuartziteDeposit_Titanium,hud_mining_rock_name_6,2,2,d61d6c33-e428-4014-9326-0b06034de16a,Agricium_Ore,Agricium (Ore),30,60,0.35,1,1,9f970af2-19c3-4de9-8479-083b669e01f8,libs/foundry/records/mining/rockcompositionpresets/quartzitedeposit_titanium.xml
QuartziteDeposit_Titanium,hud_mining_rock_name_6,2,3,f2f5bf2e-87f9-4f3d-bb59-b4e11eceeaad,Gold_Ore,Gold (Ore),20,50,0.3,1,1,9f970af2-19c3-4de9-8479-083b669e01f8,libs/foundry/records/mining/rockcompositionpresets/quartzitedeposit_titanium.xml
QuartziteDeposit_Titanium,hud_mining_rock_name_6,2,4,8893c670-f9f7-48df-a05b-e85764994256,Taranite_Raw,Taranite (Raw),20,50,0.3,1,1,9f970af2-19c3-4de9-8479-083b669e01f8,libs/foundry/records/mining/rockcompositionpresets/quartzitedeposit_titanium.xml
QuartziteDeposit_Titanium,hud_mining_rock_name_6,2,5,f48b147f-713e-481f-adf2-ff9869ac61bd,Bexalite_Raw,Bexalite (Raw),20,50,0.4,1,1,9f970af2-19c3-4de9-8479-083b669e01f8,libs/foundry/records/mining/rockcompositionpresets/quartzitedeposit_titanium.xml
QuartziteDeposit_Titanium,hud_mining_rock_name_6,2,6,fc62043c-3f29-4fff-b754-2301762723f7,Quantainium_Raw,Quantainium (Raw),20,50,0.05,1,1,9f970af2-19c3-4de9-8479-083b669e01f8,libs/foundry/records/mining/rockcompositionpresets/quartzitedeposit_titanium.xml
QuartziteDeposit_Titanium,hud_mining_rock_name_6,2,0,7b9055e5-6d62-44dd-a725-a31d838301eb,Titanium_Ore,Titanium (Ore),30,70,1,1,1,9f970af2-19c3-4de9-8479-083b669e01f8,libs/foundry/records/mining/rockcompositionpresets/quartzitedeposit_titanium.xml
QuartziteDeposit_Titanium,hud_mining_rock_name_6,2,1,220c2e18-9324-4528-b399-2f908488b204,Hephaestanite_Raw,Hephaestanite (Raw),30,60,0.45,1,1,9f970af2-19c3-4de9-8479-083b669e01f8,libs/foundry/records/mining/rockcompositionpresets/quartzitedeposit_titanium.xml
QuartziteDeposit_Titanium,hud_mining_rock_name_6,2,2,d61d6c33-e428-4014-9326-0b06034de16a,Agricium_Ore,Agricium (Ore),30,60,0.35,1,1,9f970af2-19c3-4de9-8479-083b669e01f8,libs/foundry/records/mining/rockcompositionpresets/quartzitedeposit_titanium.xml
QuartziteDeposit_Titanium,hud_mining_rock_name_6,2,3,f2f5bf2e-87f9-4f3d-bb59-b4e11eceeaad,Gold_Ore,Gold (Ore),20,50,0.3,1,1,9f970af2-19c3-4de9-8479-083b669e01f8,libs/foundry/records/mining/rockcompositionpresets/quartzitedeposit_titanium.xml
QuartziteDeposit_Titanium,hud_mining_rock_name_6,2,4,8893c670-f9f7-48df-a05b-e85764994256,Taranite_Raw,Taranite (Raw),20,50,0.3,1,1,9f970af2-19c3-4de9-8479-083b669e01f8,libs/foundry/records/mining/rockcompositionpresets/quartzitedeposit_titanium.xml
QuartziteDeposit_Titanium,hud_mining_rock_name_6,2,5,f48b147f-713e-481f-adf2-ff9869ac61bd,Bexalite_Raw,Bexalite (Raw),20,50,0.4,1,1,9f970af2-19c3-4de9-8479-083b669e01f8,libs/foundry/records/mining/rockcompositionpresets/quartzitedeposit_titanium.xml
QuartziteDeposit_Titanium,hud_mining_rock_name_6,2,6,fc62043c-3f29-4fff-b754-2301762723f7,Quantainium_Raw,Quantainium (Raw),20,50,0.05,1,1,9f970af2-19c3-4de9-8479-083b669e01f8,libs/foundry/records/mining/rockcompositionpresets/quartzitedeposit_titanium.xml
QuartziteDeposit_Tungsten,hud_mining_rock_name_6,2,0,8f6a7e06-934d-4339-a0a2-75420b81369a,Tungsten_Ore,Tungsten (Ore),30,70,1,1,1,e5eea342-672c-4845-b4e8-1981c63bf207,libs/foundry/records/mining/rockcompositionpresets/quartzitedeposit_tungsten.xml
QuartziteDeposit_Tungsten,hud_mining_rock_name_6,2,1,220c2e18-9324-4528-b399-2f908488b204,Hephaestanite_Raw,Hephaestanite (Raw),30,60,0.45,1,1,e5eea342-672c-4845-b4e8-1981c63bf207,libs/foundry/records/mining/rockcompositionpresets/quartzitedeposit_tungsten.xml
QuartziteDeposit_Tungsten,hud_mining_rock_name_6,2,2,d61d6c33-e428-4014-9326-0b06034de16a,Agricium_Ore,Agricium (Ore),30,60,0.35,1,1,e5eea342-672c-4845-b4e8-1981c63bf207,libs/foundry/records/mining/rockcompositionpresets/quartzitedeposit_tungsten.xml
QuartziteDeposit_Tungsten,hud_mining_rock_name_6,2,3,f2f5bf2e-87f9-4f3d-bb59-b4e11eceeaad,Gold_Ore,Gold (Ore),20,50,0.3,1,1,e5eea342-672c-4845-b4e8-1981c63bf207,libs/foundry/records/mining/rockcompositionpresets/quartzitedeposit_tungsten.xml
QuartziteDeposit_Tungsten,hud_mining_rock_name_6,2,4,8893c670-f9f7-48df-a05b-e85764994256,Taranite_Raw,Taranite (Raw),20,50,0.4,1,1,e5eea342-672c-4845-b4e8-1981c63bf207,libs/foundry/records/mining/rockcompositionpresets/quartzitedeposit_tungsten.xml
QuartziteDeposit_Tungsten,hud_mining_rock_name_6,2,5,f48b147f-713e-481f-adf2-ff9869ac61bd,Bexalite_Raw,Bexalite (Raw),20,50,0.3,1,1,e5eea342-672c-4845-b4e8-1981c63bf207,libs/foundry/records/mining/rockcompositionpresets/quartzitedeposit_tungsten.xml
QuartziteDeposit_Tungsten,hud_mining_rock_name_6,2,6,fc62043c-3f29-4fff-b754-2301762723f7,Quantainium_Raw,Quantainium (Raw),20,50,0.04,1,1,e5eea342-672c-4845-b4e8-1981c63bf207,libs/foundry/records/mining/rockcompositionpresets/quartzitedeposit_tungsten.xml
QuartziteDeposit_Tungsten,hud_mining_rock_name_6,2,0,8f6a7e06-934d-4339-a0a2-75420b81369a,Tungsten_Ore,Tungsten (Ore),30,70,1,1,1,e5eea342-672c-4845-b4e8-1981c63bf207,libs/foundry/records/mining/rockcompositionpresets/quartzitedeposit_tungsten.xml
QuartziteDeposit_Tungsten,hud_mining_rock_name_6,2,1,220c2e18-9324-4528-b399-2f908488b204,Hephaestanite_Raw,Hephaestanite (Raw),30,60,0.45,1,1,e5eea342-672c-4845-b4e8-1981c63bf207,libs/foundry/records/mining/rockcompositionpresets/quartzitedeposit_tungsten.xml
QuartziteDeposit_Tungsten,hud_mining_rock_name_6,2,2,d61d6c33-e428-4014-9326-0b06034de16a,Agricium_Ore,Agricium (Ore),30,60,0.35,1,1,e5eea342-672c-4845-b4e8-1981c63bf207,libs/foundry/records/mining/rockcompositionpresets/quartzitedeposit_tungsten.xml
QuartziteDeposit_Tungsten,hud_mining_rock_name_6,2,3,f2f5bf2e-87f9-4f3d-bb59-b4e11eceeaad,Gold_Ore,Gold (Ore),20,50,0.3,1,1,e5eea342-672c-4845-b4e8-1981c63bf207,libs/foundry/records/mining/rockcompositionpresets/quartzitedeposit_tungsten.xml
QuartziteDeposit_Tungsten,hud_mining_rock_name_6,2,4,8893c670-f9f7-48df-a05b-e85764994256,Taranite_Raw,Taranite (Raw),20,50,0.4,1,1,e5eea342-672c-4845-b4e8-1981c63bf207,libs/foundry/records/mining/rockcompositionpresets/quartzitedeposit_tungsten.xml
QuartziteDeposit_Tungsten,hud_mining_rock_name_6,2,5,f48b147f-713e-481f-adf2-ff9869ac61bd,Bexalite_Raw,Bexalite (Raw),20,50,0.3,1,1,e5eea342-672c-4845-b4e8-1981c63bf207,libs/foundry/records/mining/rockcompositionpresets/quartzitedeposit_tungsten.xml
QuartziteDeposit_Tungsten,hud_mining_rock_name_6,2,6,fc62043c-3f29-4fff-b754-2301762723f7,Quantainium_Raw,Quantainium (Raw),20,50,0.04,1,1,e5eea342-672c-4845-b4e8-1981c63bf207,libs/foundry/records/mining/rockcompositionpresets/quartzitedeposit_tungsten.xml
QuartziteDeposit,hud_mining_rock_name_6,2,0,3776294d-5689-41f2-b03d-e8fcd17ede6a,Aluminium_Ore,Aluminum (Ore),30,70,1,1,1,ede05c06-1752-44a4-8b86-3489bcd8fa5b,libs/foundry/records/mining/rockcompositionpresets/quartzitedeposit.xml
QuartziteDeposit,hud_mining_rock_name_6,2,1,220c2e18-9324-4528-b399-2f908488b204,Hephaestanite_Raw,Hephaestanite (Raw),30,60,0.5,1,1,ede05c06-1752-44a4-8b86-3489bcd8fa5b,libs/foundry/records/mining/rockcompositionpresets/quartzitedeposit.xml
QuartziteDeposit,hud_mining_rock_name_6,2,2,d61d6c33-e428-4014-9326-0b06034de16a,Agricium_Ore,Agricium (Ore),30,60,0.3,1,1,ede05c06-1752-44a4-8b86-3489bcd8fa5b,libs/foundry/records/mining/rockcompositionpresets/quartzitedeposit.xml
QuartziteDeposit,hud_mining_rock_name_6,2,3,f2f5bf2e-87f9-4f3d-bb59-b4e11eceeaad,Gold_Ore,Gold (Ore),20,50,0.1,1,1,ede05c06-1752-44a4-8b86-3489bcd8fa5b,libs/foundry/records/mining/rockcompositionpresets/quartzitedeposit.xml
QuartziteDeposit,hud_mining_rock_name_6,2,4,8893c670-f9f7-48df-a05b-e85764994256,Taranite_Raw,Taranite (Raw),20,50,0.2,1,1,ede05c06-1752-44a4-8b86-3489bcd8fa5b,libs/foundry/records/mining/rockcompositionpresets/quartzitedeposit.xml
QuartziteDeposit,hud_mining_rock_name_6,2,5,f48b147f-713e-481f-adf2-ff9869ac61bd,Bexalite_Raw,Bexalite (Raw),20,50,0.2,1,1,ede05c06-1752-44a4-8b86-3489bcd8fa5b,libs/foundry/records/mining/rockcompositionpresets/quartzitedeposit.xml
QuartziteDeposit,hud_mining_rock_name_6,2,6,fc62043c-3f29-4fff-b754-2301762723f7,Quantainium_Raw,Quantainium (Raw),20,50,0.03,1,1,ede05c06-1752-44a4-8b86-3489bcd8fa5b,libs/foundry/records/mining/rockcompositionpresets/quartzitedeposit.xml
QuartziteDeposit,hud_mining_rock_name_6,2,0,3776294d-5689-41f2-b03d-e8fcd17ede6a,Aluminium_Ore,Aluminum (Ore),30,70,1,1,1,ede05c06-1752-44a4-8b86-3489bcd8fa5b,libs/foundry/records/mining/rockcompositionpresets/quartzitedeposit.xml
QuartziteDeposit,hud_mining_rock_name_6,2,1,220c2e18-9324-4528-b399-2f908488b204,Hephaestanite_Raw,Hephaestanite (Raw),30,60,0.5,1,1,ede05c06-1752-44a4-8b86-3489bcd8fa5b,libs/foundry/records/mining/rockcompositionpresets/quartzitedeposit.xml
QuartziteDeposit,hud_mining_rock_name_6,2,2,d61d6c33-e428-4014-9326-0b06034de16a,Agricium_Ore,Agricium (Ore),30,60,0.3,1,1,ede05c06-1752-44a4-8b86-3489bcd8fa5b,libs/foundry/records/mining/rockcompositionpresets/quartzitedeposit.xml
QuartziteDeposit,hud_mining_rock_name_6,2,3,f2f5bf2e-87f9-4f3d-bb59-b4e11eceeaad,Gold_Ore,Gold (Ore),20,50,0.1,1,1,ede05c06-1752-44a4-8b86-3489bcd8fa5b,libs/foundry/records/mining/rockcompositionpresets/quartzitedeposit.xml
QuartziteDeposit,hud_mining_rock_name_6,2,4,8893c670-f9f7-48df-a05b-e85764994256,Taranite_Raw,Taranite (Raw),20,50,0.2,1,1,ede05c06-1752-44a4-8b86-3489bcd8fa5b,libs/foundry/records/mining/rockcompositionpresets/quartzitedeposit.xml
QuartziteDeposit,hud_mining_rock_name_6,2,5,f48b147f-713e-481f-adf2-ff9869ac61bd,Bexalite_Raw,Bexalite (Raw),20,50,0.2,1,1,ede05c06-1752-44a4-8b86-3489bcd8fa5b,libs/foundry/records/mining/rockcompositionpresets/quartzitedeposit.xml
QuartziteDeposit,hud_mining_rock_name_6,2,6,fc62043c-3f29-4fff-b754-2301762723f7,Quantainium_Raw,Quantainium (Raw),20,50,0.03,1,1,ede05c06-1752-44a4-8b86-3489bcd8fa5b,libs/foundry/records/mining/rockcompositionpresets/quartzitedeposit.xml
ShaleDeposit_Aluminium,hud_mining_rock_name_1,2,0,3776294d-5689-41f2-b03d-e8fcd17ede6a,Aluminium_Ore,Aluminum (Ore),30,70,1,1,1,81da9c51-2dc9-4a00-85eb-5781e5de6425,libs/foundry/records/mining/rockcompositionpresets/shaledeposit_aluminium.xml
ShaleDeposit_Aluminium,hud_mining_rock_name_1,2,1,8375a8d8-1627-4d35-ae91-6f39b373c3ad,Laranite_Raw,Laranite (Raw),30,60,0.35,1,1,81da9c51-2dc9-4a00-85eb-5781e5de6425,libs/foundry/records/mining/rockcompositionpresets/shaledeposit_aluminium.xml
ShaleDeposit_Aluminium,hud_mining_rock_name_1,2,2,f2f5bf2e-87f9-4f3d-bb59-b4e11eceeaad,Gold_Ore,Gold (Ore),20,50,0.3,1,1,81da9c51-2dc9-4a00-85eb-5781e5de6425,libs/foundry/records/mining/rockcompositionpresets/shaledeposit_aluminium.xml
ShaleDeposit_Aluminium,hud_mining_rock_name_1,2,3,8893c670-f9f7-48df-a05b-e85764994256,Taranite_Raw,Taranite (Raw),20,50,0.1,1,1,81da9c51-2dc9-4a00-85eb-5781e5de6425,libs/foundry/records/mining/rockcompositionpresets/shaledeposit_aluminium.xml
ShaleDeposit_Aluminium,hud_mining_rock_name_1,2,4,f48b147f-713e-481f-adf2-ff9869ac61bd,Bexalite_Raw,Bexalite (Raw),20,50,0.1,1,1,81da9c51-2dc9-4a00-85eb-5781e5de6425,libs/foundry/records/mining/rockcompositionpresets/shaledeposit_aluminium.xml
ShaleDeposit_Aluminium,hud_mining_rock_name_1,2,5,fc62043c-3f29-4fff-b754-2301762723f7,Quantainium_Raw,Quantainium (Raw),20,50,0.1,1,1,81da9c51-2dc9-4a00-85eb-5781e5de6425,libs/foundry/records/mining/rockcompositionpresets/shaledeposit_aluminium.xml
ShaleDeposit_Aluminium,hud_mining_rock_name_1,2,0,3776294d-5689-41f2-b03d-e8fcd17ede6a,Aluminium_Ore,Aluminum (Ore),30,70,1,1,1,81da9c51-2dc9-4a00-85eb-5781e5de6425,libs/foundry/records/mining/rockcompositionpresets/shaledeposit_aluminium.xml
ShaleDeposit_Aluminium,hud_mining_rock_name_1,2,1,8375a8d8-1627-4d35-ae91-6f39b373c3ad,Laranite_Raw,Laranite (Raw),30,60,0.35,1,1,81da9c51-2dc9-4a00-85eb-5781e5de6425,libs/foundry/records/mining/rockcompositionpresets/shaledeposit_aluminium.xml
ShaleDeposit_Aluminium,hud_mining_rock_name_1,2,2,f2f5bf2e-87f9-4f3d-bb59-b4e11eceeaad,Gold_Ore,Gold (Ore),20,50,0.3,1,1,81da9c51-2dc9-4a00-85eb-5781e5de6425,libs/foundry/records/mining/rockcompositionpresets/shaledeposit_aluminium.xml
ShaleDeposit_Aluminium,hud_mining_rock_name_1,2,3,8893c670-f9f7-48df-a05b-e85764994256,Taranite_Raw,Taranite (Raw),20,50,0.1,1,1,81da9c51-2dc9-4a00-85eb-5781e5de6425,libs/foundry/records/mining/rockcompositionpresets/shaledeposit_aluminium.xml
ShaleDeposit_Aluminium,hud_mining_rock_name_1,2,4,f48b147f-713e-481f-adf2-ff9869ac61bd,Bexalite_Raw,Bexalite (Raw),20,50,0.1,1,1,81da9c51-2dc9-4a00-85eb-5781e5de6425,libs/foundry/records/mining/rockcompositionpresets/shaledeposit_aluminium.xml
ShaleDeposit_Aluminium,hud_mining_rock_name_1,2,5,fc62043c-3f29-4fff-b754-2301762723f7,Quantainium_Raw,Quantainium (Raw),20,50,0.1,1,1,81da9c51-2dc9-4a00-85eb-5781e5de6425,libs/foundry/records/mining/rockcompositionpresets/shaledeposit_aluminium.xml
ShaleDeposit_Copper,hud_mining_rock_name_1,2,0,ee12edc1-a2c3-4202-909d-9b729a050a3f,Copper_Ore,Copper (Ore),30,70,1,1,1,aef0a6e8-e4f5-45bb-9edb-f58d18acaf21,libs/foundry/records/mining/rockcompositionpresets/shaledeposit_copper.xml
ShaleDeposit_Copper,hud_mining_rock_name_1,2,1,8375a8d8-1627-4d35-ae91-6f39b373c3ad,Laranite_Raw,Laranite (Raw),30,60,0.35,1,1,aef0a6e8-e4f5-45bb-9edb-f58d18acaf21,libs/foundry/records/mining/rockcompositionpresets/shaledeposit_copper.xml
ShaleDeposit_Copper,hud_mining_rock_name_1,2,2,f2f5bf2e-87f9-4f3d-bb59-b4e11eceeaad,Gold_Ore,Gold (Ore),20,50,0.4,1,1,aef0a6e8-e4f5-45bb-9edb-f58d18acaf21,libs/foundry/records/mining/rockcompositionpresets/shaledeposit_copper.xml
ShaleDeposit_Copper,hud_mining_rock_name_1,2,3,8893c670-f9f7-48df-a05b-e85764994256,Taranite_Raw,Taranite (Raw),20,50,0.1,1,1,aef0a6e8-e4f5-45bb-9edb-f58d18acaf21,libs/foundry/records/mining/rockcompositionpresets/shaledeposit_copper.xml
ShaleDeposit_Copper,hud_mining_rock_name_1,2,4,f48b147f-713e-481f-adf2-ff9869ac61bd,Bexalite_Raw,Bexalite (Raw),20,50,0.1,1,1,aef0a6e8-e4f5-45bb-9edb-f58d18acaf21,libs/foundry/records/mining/rockcompositionpresets/shaledeposit_copper.xml
ShaleDeposit_Copper,hud_mining_rock_name_1,2,5,fc62043c-3f29-4fff-b754-2301762723f7,Quantainium_Raw,Quantainium (Raw),20,50,0.1,1,1,aef0a6e8-e4f5-45bb-9edb-f58d18acaf21,libs/foundry/records/mining/rockcompositionpresets/shaledeposit_copper.xml
ShaleDeposit_Copper,hud_mining_rock_name_1,2,0,ee12edc1-a2c3-4202-909d-9b729a050a3f,Copper_Ore,Copper (Ore),30,70,1,1,1,aef0a6e8-e4f5-45bb-9edb-f58d18acaf21,libs/foundry/records/mining/rockcompositionpresets/shaledeposit_copper.xml
ShaleDeposit_Copper,hud_mining_rock_name_1,2,1,8375a8d8-1627-4d35-ae91-6f39b373c3ad,Laranite_Raw,Laranite (Raw),30,60,0.35,1,1,aef0a6e8-e4f5-45bb-9edb-f58d18acaf21,libs/foundry/records/mining/rockcompositionpresets/shaledeposit_copper.xml
ShaleDeposit_Copper,hud_mining_rock_name_1,2,2,f2f5bf2e-87f9-4f3d-bb59-b4e11eceeaad,Gold_Ore,Gold (Ore),20,50,0.4,1,1,aef0a6e8-e4f5-45bb-9edb-f58d18acaf21,libs/foundry/records/mining/rockcompositionpresets/shaledeposit_copper.xml
ShaleDeposit_Copper,hud_mining_rock_name_1,2,3,8893c670-f9f7-48df-a05b-e85764994256,Taranite_Raw,Taranite (Raw),20,50,0.1,1,1,aef0a6e8-e4f5-45bb-9edb-f58d18acaf21,libs/foundry/records/mining/rockcompositionpresets/shaledeposit_copper.xml
ShaleDeposit_Copper,hud_mining_rock_name_1,2,4,f48b147f-713e-481f-adf2-ff9869ac61bd,Bexalite_Raw,Bexalite (Raw),20,50,0.1,1,1,aef0a6e8-e4f5-45bb-9edb-f58d18acaf21,libs/foundry/records/mining/rockcompositionpresets/shaledeposit_copper.xml
ShaleDeposit_Copper,hud_mining_rock_name_1,2,5,fc62043c-3f29-4fff-b754-2301762723f7,Quantainium_Raw,Quantainium (Raw),20,50,0.1,1,1,aef0a6e8-e4f5-45bb-9edb-f58d18acaf21,libs/foundry/records/mining/rockcompositionpresets/shaledeposit_copper.xml
ShaleDeposit_Corundum,hud_mining_rock_name_1,2,0,b471b96c-efbb-4342-90de-cfa087604d8e,Corundum_Raw,Corundum (Raw),30,70,1,1,1,62b57523-a4dd-48da-aad5-6bd131f7bbd3,libs/foundry/records/mining/rockcompositionpresets/shaledeposit_corundum.xml
ShaleDeposit_Corundum,hud_mining_rock_name_1,2,1,8375a8d8-1627-4d35-ae91-6f39b373c3ad,Laranite_Raw,Laranite (Raw),30,60,0.5,1,1,62b57523-a4dd-48da-aad5-6bd131f7bbd3,libs/foundry/records/mining/rockcompositionpresets/shaledeposit_corundum.xml
ShaleDeposit_Corundum,hud_mining_rock_name_1,2,2,f2f5bf2e-87f9-4f3d-bb59-b4e11eceeaad,Gold_Ore,Gold (Ore),20,50,0.3,1,1,62b57523-a4dd-48da-aad5-6bd131f7bbd3,libs/foundry/records/mining/rockcompositionpresets/shaledeposit_corundum.xml
ShaleDeposit_Corundum,hud_mining_rock_name_1,2,3,8893c670-f9f7-48df-a05b-e85764994256,Taranite_Raw,Taranite (Raw),20,50,0.1,1,1,62b57523-a4dd-48da-aad5-6bd131f7bbd3,libs/foundry/records/mining/rockcompositionpresets/shaledeposit_corundum.xml
ShaleDeposit_Corundum,hud_mining_rock_name_1,2,4,f48b147f-713e-481f-adf2-ff9869ac61bd,Bexalite_Raw,Bexalite (Raw),20,50,0.1,1,1,62b57523-a4dd-48da-aad5-6bd131f7bbd3,libs/foundry/records/mining/rockcompositionpresets/shaledeposit_corundum.xml
ShaleDeposit_Corundum,hud_mining_rock_name_1,2,5,fc62043c-3f29-4fff-b754-2301762723f7,Quantainium_Raw,Quantainium (Raw),20,50,0.06,1,1,62b57523-a4dd-48da-aad5-6bd131f7bbd3,libs/foundry/records/mining/rockcompositionpresets/shaledeposit_corundum.xml
ShaleDeposit_Corundum,hud_mining_rock_name_1,2,0,b471b96c-efbb-4342-90de-cfa087604d8e,Corundum_Raw,Corundum (Raw),30,70,1,1,1,62b57523-a4dd-48da-aad5-6bd131f7bbd3,libs/foundry/records/mining/rockcompositionpresets/shaledeposit_corundum.xml
ShaleDeposit_Corundum,hud_mining_rock_name_1,2,1,8375a8d8-1627-4d35-ae91-6f39b373c3ad,Laranite_Raw,Laranite (Raw),30,60,0.5,1,1,62b57523-a4dd-48da-aad5-6bd131f7bbd3,libs/foundry/records/mining/rockcompositionpresets/shaledeposit_corundum.xml
ShaleDeposit_Corundum,hud_mining_rock_name_1,2,2,f2f5bf2e-87f9-4f3d-bb59-b4e11eceeaad,Gold_Ore,Gold (Ore),20,50,0.3,1,1,62b57523-a4dd-48da-aad5-6bd131f7bbd3,libs/foundry/records/mining/rockcompositionpresets/shaledeposit_corundum.xml
ShaleDeposit_Corundum,hud_mining_rock_name_1,2,3,8893c670-f9f7-48df-a05b-e85764994256,Taranite_Raw,Taranite (Raw),20,50,0.1,1,1,62b57523-a4dd-48da-aad5-6bd131f7bbd3,libs/foundry/records/mining/rockcompositionpresets/shaledeposit_corundum.xml
ShaleDeposit_Corundum,hud_mining_rock_name_1,2,4,f48b147f-713e-481f-adf2-ff9869ac61bd,Bexalite_Raw,Bexalite (Raw),20,50,0.1,1,1,62b57523-a4dd-48da-aad5-6bd131f7bbd3,libs/foundry/records/mining/rockcompositionpresets/shaledeposit_corundum.xml
ShaleDeposit_Corundum,hud_mining_rock_name_1,2,5,fc62043c-3f29-4fff-b754-2301762723f7,Quantainium_Raw,Quantainium (Raw),20,50,0.06,1,1,62b57523-a4dd-48da-aad5-6bd131f7bbd3,libs/foundry/records/mining/rockcompositionpresets/shaledeposit_corundum.xml
ShaleDeposit_Iron,hud_mining_rock_name_1,2,0,05708bae-1cb1-4e63-bb95-ec7f4a3ef430,Iron_Ore,Iron (Ore),30,70,1,1,1,c0e320f0-b6bc-466f-bc07-3422bac7ce5c,libs/foundry/records/mining/rockcompositionpresets/shaledeposit_iron.xml
ShaleDeposit_Iron,hud_mining_rock_name_1,2,1,8375a8d8-1627-4d35-ae91-6f39b373c3ad,Laranite_Raw,Laranite (Raw),30,60,0.5,1,1,c0e320f0-b6bc-466f-bc07-3422bac7ce5c,libs/foundry/records/mining/rockcompositionpresets/shaledeposit_iron.xml
ShaleDeposit_Iron,hud_mining_rock_name_1,2,2,f2f5bf2e-87f9-4f3d-bb59-b4e11eceeaad,Gold_Ore,Gold (Ore),20,50,0.3,1,1,c0e320f0-b6bc-466f-bc07-3422bac7ce5c,libs/foundry/records/mining/rockcompositionpresets/shaledeposit_iron.xml
ShaleDeposit_Iron,hud_mining_rock_name_1,2,3,9bd0e34c-2b34-42a3-b41d-381088ff6fed,Aslarite_Raw,Aslarite (Raw),20,50,0.3,1,1,c0e320f0-b6bc-466f-bc07-3422bac7ce5c,libs/foundry/records/mining/rockcompositionpresets/shaledeposit_iron.xml
ShaleDeposit_Iron,hud_mining_rock_name_1,2,4,8723956e-e947-4b84-9dcb-b2c6137895ab,Ouratite_Raw,Ouratite (Raw),20,50,0.1,1,1,c0e320f0-b6bc-466f-bc07-3422bac7ce5c,libs/foundry/records/mining/rockcompositionpresets/shaledeposit_iron.xml
ShaleDeposit_Iron,hud_mining_rock_name_1,2,5,fc62043c-3f29-4fff-b754-2301762723f7,Quantainium_Raw,Quantainium (Raw),20,50,0.06,1,1,c0e320f0-b6bc-466f-bc07-3422bac7ce5c,libs/foundry/records/mining/rockcompositionpresets/shaledeposit_iron.xml
ShaleDeposit_Iron,hud_mining_rock_name_1,2,0,05708bae-1cb1-4e63-bb95-ec7f4a3ef430,Iron_Ore,Iron (Ore),30,70,1,1,1,c0e320f0-b6bc-466f-bc07-3422bac7ce5c,libs/foundry/records/mining/rockcompositionpresets/shaledeposit_iron.xml
ShaleDeposit_Iron,hud_mining_rock_name_1,2,1,8375a8d8-1627-4d35-ae91-6f39b373c3ad,Laranite_Raw,Laranite (Raw),30,60,0.5,1,1,c0e320f0-b6bc-466f-bc07-3422bac7ce5c,libs/foundry/records/mining/rockcompositionpresets/shaledeposit_iron.xml
ShaleDeposit_Iron,hud_mining_rock_name_1,2,2,f2f5bf2e-87f9-4f3d-bb59-b4e11eceeaad,Gold_Ore,Gold (Ore),20,50,0.3,1,1,c0e320f0-b6bc-466f-bc07-3422bac7ce5c,libs/foundry/records/mining/rockcompositionpresets/shaledeposit_iron.xml
ShaleDeposit_Iron,hud_mining_rock_name_1,2,3,9bd0e34c-2b34-42a3-b41d-381088ff6fed,Aslarite_Raw,Aslarite (Raw),20,50,0.3,1,1,c0e320f0-b6bc-466f-bc07-3422bac7ce5c,libs/foundry/records/mining/rockcompositionpresets/shaledeposit_iron.xml
ShaleDeposit_Iron,hud_mining_rock_name_1,2,4,8723956e-e947-4b84-9dcb-b2c6137895ab,Ouratite_Raw,Ouratite (Raw),20,50,0.1,1,1,c0e320f0-b6bc-466f-bc07-3422bac7ce5c,libs/foundry/records/mining/rockcompositionpresets/shaledeposit_iron.xml
ShaleDeposit_Iron,hud_mining_rock_name_1,2,5,fc62043c-3f29-4fff-b754-2301762723f7,Quantainium_Raw,Quantainium (Raw),20,50,0.06,1,1,c0e320f0-b6bc-466f-bc07-3422bac7ce5c,libs/foundry/records/mining/rockcompositionpresets/shaledeposit_iron.xml
ShaleDeposit_Quartz,hud_mining_rock_name_1,2,0,1d35c0bc-9142-42ff-8a83-0ec68d69a128,Quartz_Raw,Quartz (Raw),30,70,1,1,1,0bc82e9d-c0c8-4ffb-961c-28139b9be554,libs/foundry/records/mining/rockcompositionpresets/shaledeposit_quartz.xml
ShaleDeposit_Quartz,hud_mining_rock_name_1,2,1,8375a8d8-1627-4d35-ae91-6f39b373c3ad,Laranite_Raw,Laranite (Raw),30,60,0.35,1,1,0bc82e9d-c0c8-4ffb-961c-28139b9be554,libs/foundry/records/mining/rockcompositionpresets/shaledeposit_quartz.xml
ShaleDeposit_Quartz,hud_mining_rock_name_1,2,2,f2f5bf2e-87f9-4f3d-bb59-b4e11eceeaad,Gold_Ore,Gold (Ore),20,50,0.3,1,1,0bc82e9d-c0c8-4ffb-961c-28139b9be554,libs/foundry/records/mining/rockcompositionpresets/shaledeposit_quartz.xml
ShaleDeposit_Quartz,hud_mining_rock_name_1,2,3,8893c670-f9f7-48df-a05b-e85764994256,Taranite_Raw,Taranite (Raw),20,50,0.3,1,1,0bc82e9d-c0c8-4ffb-961c-28139b9be554,libs/foundry/records/mining/rockcompositionpresets/shaledeposit_quartz.xml
ShaleDeposit_Quartz,hud_mining_rock_name_1,2,4,f48b147f-713e-481f-adf2-ff9869ac61bd,Bexalite_Raw,Bexalite (Raw),20,50,0.1,1,1,0bc82e9d-c0c8-4ffb-961c-28139b9be554,libs/foundry/records/mining/rockcompositionpresets/shaledeposit_quartz.xml
ShaleDeposit_Quartz,hud_mining_rock_name_1,2,5,fc62043c-3f29-4fff-b754-2301762723f7,Quantainium_Raw,Quantainium (Raw),20,50,0.06,1,1,0bc82e9d-c0c8-4ffb-961c-28139b9be554,libs/foundry/records/mining/rockcompositionpresets/shaledeposit_quartz.xml
ShaleDeposit_Quartz,hud_mining_rock_name_1,2,0,1d35c0bc-9142-42ff-8a83-0ec68d69a128,Quartz_Raw,Quartz (Raw),30,70,1,1,1,0bc82e9d-c0c8-4ffb-961c-28139b9be554,libs/foundry/records/mining/rockcompositionpresets/shaledeposit_quartz.xml
ShaleDeposit_Quartz,hud_mining_rock_name_1,2,1,8375a8d8-1627-4d35-ae91-6f39b373c3ad,Laranite_Raw,Laranite (Raw),30,60,0.35,1,1,0bc82e9d-c0c8-4ffb-961c-28139b9be554,libs/foundry/records/mining/rockcompositionpresets/shaledeposit_quartz.xml
ShaleDeposit_Quartz,hud_mining_rock_name_1,2,2,f2f5bf2e-87f9-4f3d-bb59-b4e11eceeaad,Gold_Ore,Gold (Ore),20,50,0.3,1,1,0bc82e9d-c0c8-4ffb-961c-28139b9be554,libs/foundry/records/mining/rockcompositionpresets/shaledeposit_quartz.xml
ShaleDeposit_Quartz,hud_mining_rock_name_1,2,3,8893c670-f9f7-48df-a05b-e85764994256,Taranite_Raw,Taranite (Raw),20,50,0.3,1,1,0bc82e9d-c0c8-4ffb-961c-28139b9be554,libs/foundry/records/mining/rockcompositionpresets/shaledeposit_quartz.xml
ShaleDeposit_Quartz,hud_mining_rock_name_1,2,4,f48b147f-713e-481f-adf2-ff9869ac61bd,Bexalite_Raw,Bexalite (Raw),20,50,0.1,1,1,0bc82e9d-c0c8-4ffb-961c-28139b9be554,libs/foundry/records/mining/rockcompositionpresets/shaledeposit_quartz.xml
ShaleDeposit_Quartz,hud_mining_rock_name_1,2,5,fc62043c-3f29-4fff-b754-2301762723f7,Quantainium_Raw,Quantainium (Raw),20,50,0.06,1,1,0bc82e9d-c0c8-4ffb-961c-28139b9be554,libs/foundry/records/mining/rockcompositionpresets/shaledeposit_quartz.xml
ShaleDeposit_Silicon,hud_mining_rock_name_1,2,0,219e8523-b953-4517-812a-0fb2eb023209,Silicon_Raw,Silicon (Raw),30,70,1,1,1,1068347f-f2d2-4d5f-95a8-c58745ca1175,libs/foundry/records/mining/rockcompositionpresets/shaledeposit_silicon.xml
ShaleDeposit_Silicon,hud_mining_rock_name_1,2,1,8375a8d8-1627-4d35-ae91-6f39b373c3ad,Laranite_Raw,Laranite (Raw),30,60,0.5,1,1,1068347f-f2d2-4d5f-95a8-c58745ca1175,libs/foundry/records/mining/rockcompositionpresets/shaledeposit_silicon.xml
ShaleDeposit_Silicon,hud_mining_rock_name_1,2,2,f2f5bf2e-87f9-4f3d-bb59-b4e11eceeaad,Gold_Ore,Gold (Ore),20,50,0.3,1,1,1068347f-f2d2-4d5f-95a8-c58745ca1175,libs/foundry/records/mining/rockcompositionpresets/shaledeposit_silicon.xml
ShaleDeposit_Silicon,hud_mining_rock_name_1,2,3,8893c670-f9f7-48df-a05b-e85764994256,Taranite_Raw,Taranite (Raw),20,50,0.3,1,1,1068347f-f2d2-4d5f-95a8-c58745ca1175,libs/foundry/records/mining/rockcompositionpresets/shaledeposit_silicon.xml
ShaleDeposit_Silicon,hud_mining_rock_name_1,2,4,f48b147f-713e-481f-adf2-ff9869ac61bd,Bexalite_Raw,Bexalite (Raw),20,50,0.1,1,1,1068347f-f2d2-4d5f-95a8-c58745ca1175,libs/foundry/records/mining/rockcompositionpresets/shaledeposit_silicon.xml
ShaleDeposit_Silicon,hud_mining_rock_name_1,2,5,9498a080-84c0-41f4-b88f-71942c60c43f,Sileron_Ore,Sileron (Ore),20,50,0.06,1,1,1068347f-f2d2-4d5f-95a8-c58745ca1175,libs/foundry/records/mining/rockcompositionpresets/shaledeposit_silicon.xml
ShaleDeposit_Silicon,hud_mining_rock_name_1,2,6,905e9623-5e74-4a92-9cb1-72203ed8baad,Riccite_Ore,Riccite (Ore),20,50,0.1,1,1,1068347f-f2d2-4d5f-95a8-c58745ca1175,libs/foundry/records/mining/rockcompositionpresets/shaledeposit_silicon.xml
ShaleDeposit_Silicon,hud_mining_rock_name_1,2,0,219e8523-b953-4517-812a-0fb2eb023209,Silicon_Raw,Silicon (Raw),30,70,1,1,1,1068347f-f2d2-4d5f-95a8-c58745ca1175,libs/foundry/records/mining/rockcompositionpresets/shaledeposit_silicon.xml
ShaleDeposit_Silicon,hud_mining_rock_name_1,2,1,8375a8d8-1627-4d35-ae91-6f39b373c3ad,Laranite_Raw,Laranite (Raw),30,60,0.5,1,1,1068347f-f2d2-4d5f-95a8-c58745ca1175,libs/foundry/records/mining/rockcompositionpresets/shaledeposit_silicon.xml
ShaleDeposit_Silicon,hud_mining_rock_name_1,2,2,f2f5bf2e-87f9-4f3d-bb59-b4e11eceeaad,Gold_Ore,Gold (Ore),20,50,0.3,1,1,1068347f-f2d2-4d5f-95a8-c58745ca1175,libs/foundry/records/mining/rockcompositionpresets/shaledeposit_silicon.xml
ShaleDeposit_Silicon,hud_mining_rock_name_1,2,3,8893c670-f9f7-48df-a05b-e85764994256,Taranite_Raw,Taranite (Raw),20,50,0.3,1,1,1068347f-f2d2-4d5f-95a8-c58745ca1175,libs/foundry/records/mining/rockcompositionpresets/shaledeposit_silicon.xml
ShaleDeposit_Silicon,hud_mining_rock_name_1,2,4,f48b147f-713e-481f-adf2-ff9869ac61bd,Bexalite_Raw,Bexalite (Raw),20,50,0.1,1,1,1068347f-f2d2-4d5f-95a8-c58745ca1175,libs/foundry/records/mining/rockcompositionpresets/shaledeposit_silicon.xml
ShaleDeposit_Silicon,hud_mining_rock_name_1,2,5,9498a080-84c0-41f4-b88f-71942c60c43f,Sileron_Ore,Sileron (Ore),20,50,0.06,1,1,1068347f-f2d2-4d5f-95a8-c58745ca1175,libs/foundry/records/mining/rockcompositionpresets/shaledeposit_silicon.xml
ShaleDeposit_Silicon,hud_mining_rock_name_1,2,6,905e9623-5e74-4a92-9cb1-72203ed8baad,Riccite_Ore,Riccite (Ore),20,50,0.1,1,1,1068347f-f2d2-4d5f-95a8-c58745ca1175,libs/foundry/records/mining/rockcompositionpresets/shaledeposit_silicon.xml
ShaleDeposit_Tin,hud_mining_rock_name_1,2,0,16b426e2-7ce1-4fb4-8b34-4d8617dd6a97,Tin_Ore,Tin (Ore),30,70,1,1,1,887032ca-b821-41ad-bd60-e1742d67c2bc,libs/foundry/records/mining/rockcompositionpresets/shaledeposit_tin.xml
ShaleDeposit_Tin,hud_mining_rock_name_1,2,1,8375a8d8-1627-4d35-ae91-6f39b373c3ad,Laranite_Raw,Laranite (Raw),30,60,0.5,1,1,887032ca-b821-41ad-bd60-e1742d67c2bc,libs/foundry/records/mining/rockcompositionpresets/shaledeposit_tin.xml
ShaleDeposit_Tin,hud_mining_rock_name_1,2,2,f2f5bf2e-87f9-4f3d-bb59-b4e11eceeaad,Gold_Ore,Gold (Ore),20,50,0.3,1,1,887032ca-b821-41ad-bd60-e1742d67c2bc,libs/foundry/records/mining/rockcompositionpresets/shaledeposit_tin.xml
ShaleDeposit_Tin,hud_mining_rock_name_1,2,3,8893c670-f9f7-48df-a05b-e85764994256,Taranite_Raw,Taranite (Raw),20,50,0.1,1,1,887032ca-b821-41ad-bd60-e1742d67c2bc,libs/foundry/records/mining/rockcompositionpresets/shaledeposit_tin.xml
ShaleDeposit_Tin,hud_mining_rock_name_1,2,4,f48b147f-713e-481f-adf2-ff9869ac61bd,Bexalite_Raw,Bexalite (Raw),20,50,0.1,1,1,887032ca-b821-41ad-bd60-e1742d67c2bc,libs/foundry/records/mining/rockcompositionpresets/shaledeposit_tin.xml
ShaleDeposit_Tin,hud_mining_rock_name_1,2,5,9498a080-84c0-41f4-b88f-71942c60c43f,Sileron_Ore,Sileron (Ore),20,50,0.06,1,1,887032ca-b821-41ad-bd60-e1742d67c2bc,libs/foundry/records/mining/rockcompositionpresets/shaledeposit_tin.xml
ShaleDeposit_Tin,hud_mining_rock_name_1,2,6,905e9623-5e74-4a92-9cb1-72203ed8baad,Riccite_Ore,Riccite (Ore),20,50,0.1,1,1,887032ca-b821-41ad-bd60-e1742d67c2bc,libs/foundry/records/mining/rockcompositionpresets/shaledeposit_tin.xml
ShaleDeposit_Tin,hud_mining_rock_name_1,2,0,16b426e2-7ce1-4fb4-8b34-4d8617dd6a97,Tin_Ore,Tin (Ore),30,70,1,1,1,887032ca-b821-41ad-bd60-e1742d67c2bc,libs/foundry/records/mining/rockcompositionpresets/shaledeposit_tin.xml
ShaleDeposit_Tin,hud_mining_rock_name_1,2,1,8375a8d8-1627-4d35-ae91-6f39b373c3ad,Laranite_Raw,Laranite (Raw),30,60,0.5,1,1,887032ca-b821-41ad-bd60-e1742d67c2bc,libs/foundry/records/mining/rockcompositionpresets/shaledeposit_tin.xml
ShaleDeposit_Tin,hud_mining_rock_name_1,2,2,f2f5bf2e-87f9-4f3d-bb59-b4e11eceeaad,Gold_Ore,Gold (Ore),20,50,0.3,1,1,887032ca-b821-41ad-bd60-e1742d67c2bc,libs/foundry/records/mining/rockcompositionpresets/shaledeposit_tin.xml
ShaleDeposit_Tin,hud_mining_rock_name_1,2,3,8893c670-f9f7-48df-a05b-e85764994256,Taranite_Raw,Taranite (Raw),20,50,0.1,1,1,887032ca-b821-41ad-bd60-e1742d67c2bc,libs/foundry/records/mining/rockcompositionpresets/shaledeposit_tin.xml
ShaleDeposit_Tin,hud_mining_rock_name_1,2,4,f48b147f-713e-481f-adf2-ff9869ac61bd,Bexalite_Raw,Bexalite (Raw),20,50,0.1,1,1,887032ca-b821-41ad-bd60-e1742d67c2bc,libs/foundry/records/mining/rockcompositionpresets/shaledeposit_tin.xml
ShaleDeposit_Tin,hud_mining_rock_name_1,2,5,9498a080-84c0-41f4-b88f-71942c60c43f,Sileron_Ore,Sileron (Ore),20,50,0.06,1,1,887032ca-b821-41ad-bd60-e1742d67c2bc,libs/foundry/records/mining/rockcompositionpresets/shaledeposit_tin.xml
ShaleDeposit_Tin,hud_mining_rock_name_1,2,6,905e9623-5e74-4a92-9cb1-72203ed8baad,Riccite_Ore,Riccite (Ore),20,50,0.1,1,1,887032ca-b821-41ad-bd60-e1742d67c2bc,libs/foundry/records/mining/rockcompositionpresets/shaledeposit_tin.xml
ShaleDeposit_Titanium,hud_mining_rock_name_1,2,0,7b9055e5-6d62-44dd-a725-a31d838301eb,Titanium_Ore,Titanium (Ore),30,70,1,1,1,d37d2ed4-3244-47b9-b3f9-6c7c99b2860b,libs/foundry/records/mining/rockcompositionpresets/shaledeposit_titanium.xml
ShaleDeposit_Titanium,hud_mining_rock_name_1,2,1,8375a8d8-1627-4d35-ae91-6f39b373c3ad,Laranite_Raw,Laranite (Raw),30,60,0.5,1,1,d37d2ed4-3244-47b9-b3f9-6c7c99b2860b,libs/foundry/records/mining/rockcompositionpresets/shaledeposit_titanium.xml
ShaleDeposit_Titanium,hud_mining_rock_name_1,2,2,f2f5bf2e-87f9-4f3d-bb59-b4e11eceeaad,Gold_Ore,Gold (Ore),20,50,0.3,1,1,d37d2ed4-3244-47b9-b3f9-6c7c99b2860b,libs/foundry/records/mining/rockcompositionpresets/shaledeposit_titanium.xml
ShaleDeposit_Titanium,hud_mining_rock_name_1,2,3,8893c670-f9f7-48df-a05b-e85764994256,Taranite_Raw,Taranite (Raw),20,50,0.3,1,1,d37d2ed4-3244-47b9-b3f9-6c7c99b2860b,libs/foundry/records/mining/rockcompositionpresets/shaledeposit_titanium.xml
ShaleDeposit_Titanium,hud_mining_rock_name_1,2,4,f48b147f-713e-481f-adf2-ff9869ac61bd,Bexalite_Raw,Bexalite (Raw),20,50,0.1,1,1,d37d2ed4-3244-47b9-b3f9-6c7c99b2860b,libs/foundry/records/mining/rockcompositionpresets/shaledeposit_titanium.xml
ShaleDeposit_Titanium,hud_mining_rock_name_1,2,5,fc62043c-3f29-4fff-b754-2301762723f7,Quantainium_Raw,Quantainium (Raw),20,50,0.06,1,1,d37d2ed4-3244-47b9-b3f9-6c7c99b2860b,libs/foundry/records/mining/rockcompositionpresets/shaledeposit_titanium.xml
ShaleDeposit_Titanium,hud_mining_rock_name_1,2,0,7b9055e5-6d62-44dd-a725-a31d838301eb,Titanium_Ore,Titanium (Ore),30,70,1,1,1,d37d2ed4-3244-47b9-b3f9-6c7c99b2860b,libs/foundry/records/mining/rockcompositionpresets/shaledeposit_titanium.xml
ShaleDeposit_Titanium,hud_mining_rock_name_1,2,1,8375a8d8-1627-4d35-ae91-6f39b373c3ad,Laranite_Raw,Laranite (Raw),30,60,0.5,1,1,d37d2ed4-3244-47b9-b3f9-6c7c99b2860b,libs/foundry/records/mining/rockcompositionpresets/shaledeposit_titanium.xml
ShaleDeposit_Titanium,hud_mining_rock_name_1,2,2,f2f5bf2e-87f9-4f3d-bb59-b4e11eceeaad,Gold_Ore,Gold (Ore),20,50,0.3,1,1,d37d2ed4-3244-47b9-b3f9-6c7c99b2860b,libs/foundry/records/mining/rockcompositionpresets/shaledeposit_titanium.xml
ShaleDeposit_Titanium,hud_mining_rock_name_1,2,3,8893c670-f9f7-48df-a05b-e85764994256,Taranite_Raw,Taranite (Raw),20,50,0.3,1,1,d37d2ed4-3244-47b9-b3f9-6c7c99b2860b,libs/foundry/records/mining/rockcompositionpresets/shaledeposit_titanium.xml
ShaleDeposit_Titanium,hud_mining_rock_name_1,2,4,f48b147f-713e-481f-adf2-ff9869ac61bd,Bexalite_Raw,Bexalite (Raw),20,50,0.1,1,1,d37d2ed4-3244-47b9-b3f9-6c7c99b2860b,libs/foundry/records/mining/rockcompositionpresets/shaledeposit_titanium.xml
ShaleDeposit_Titanium,hud_mining_rock_name_1,2,5,fc62043c-3f29-4fff-b754-2301762723f7,Quantainium_Raw,Quantainium (Raw),20,50,0.06,1,1,d37d2ed4-3244-47b9-b3f9-6c7c99b2860b,libs/foundry/records/mining/rockcompositionpresets/shaledeposit_titanium.xml
ShaleDeposit_Tungsten,hud_mining_rock_name_1,2,0,8f6a7e06-934d-4339-a0a2-75420b81369a,Tungsten_Ore,Tungsten (Ore),30,70,1,1,1,f0373571-0f08-44df-96a1-0efc20a17728,libs/foundry/records/mining/rockcompositionpresets/shaledeposit_tungsten.xml
ShaleDeposit_Tungsten,hud_mining_rock_name_1,2,1,8375a8d8-1627-4d35-ae91-6f39b373c3ad,Laranite_Raw,Laranite (Raw),30,60,0.35,1,1,f0373571-0f08-44df-96a1-0efc20a17728,libs/foundry/records/mining/rockcompositionpresets/shaledeposit_tungsten.xml
ShaleDeposit_Tungsten,hud_mining_rock_name_1,2,2,f2f5bf2e-87f9-4f3d-bb59-b4e11eceeaad,Gold_Ore,Gold (Ore),20,50,0.4,1,1,f0373571-0f08-44df-96a1-0efc20a17728,libs/foundry/records/mining/rockcompositionpresets/shaledeposit_tungsten.xml
ShaleDeposit_Tungsten,hud_mining_rock_name_1,2,3,8893c670-f9f7-48df-a05b-e85764994256,Taranite_Raw,Taranite (Raw),20,50,0.1,1,1,f0373571-0f08-44df-96a1-0efc20a17728,libs/foundry/records/mining/rockcompositionpresets/shaledeposit_tungsten.xml
ShaleDeposit_Tungsten,hud_mining_rock_name_1,2,4,f48b147f-713e-481f-adf2-ff9869ac61bd,Bexalite_Raw,Bexalite (Raw),20,50,0.1,1,1,f0373571-0f08-44df-96a1-0efc20a17728,libs/foundry/records/mining/rockcompositionpresets/shaledeposit_tungsten.xml
ShaleDeposit_Tungsten,hud_mining_rock_name_1,2,5,fc62043c-3f29-4fff-b754-2301762723f7,Quantainium_Raw,Quantainium (Raw),20,50,0.06,1,1,f0373571-0f08-44df-96a1-0efc20a17728,libs/foundry/records/mining/rockcompositionpresets/shaledeposit_tungsten.xml
ShaleDeposit_Tungsten,hud_mining_rock_name_1,2,0,8f6a7e06-934d-4339-a0a2-75420b81369a,Tungsten_Ore,Tungsten (Ore),30,70,1,1,1,f0373571-0f08-44df-96a1-0efc20a17728,libs/foundry/records/mining/rockcompositionpresets/shaledeposit_tungsten.xml
ShaleDeposit_Tungsten,hud_mining_rock_name_1,2,1,8375a8d8-1627-4d35-ae91-6f39b373c3ad,Laranite_Raw,Laranite (Raw),30,60,0.35,1,1,f0373571-0f08-44df-96a1-0efc20a17728,libs/foundry/records/mining/rockcompositionpresets/shaledeposit_tungsten.xml
ShaleDeposit_Tungsten,hud_mining_rock_name_1,2,2,f2f5bf2e-87f9-4f3d-bb59-b4e11eceeaad,Gold_Ore,Gold (Ore),20,50,0.4,1,1,f0373571-0f08-44df-96a1-0efc20a17728,libs/foundry/records/mining/rockcompositionpresets/shaledeposit_tungsten.xml
ShaleDeposit_Tungsten,hud_mining_rock_name_1,2,3,8893c670-f9f7-48df-a05b-e85764994256,Taranite_Raw,Taranite (Raw),20,50,0.1,1,1,f0373571-0f08-44df-96a1-0efc20a17728,libs/foundry/records/mining/rockcompositionpresets/shaledeposit_tungsten.xml
ShaleDeposit_Tungsten,hud_mining_rock_name_1,2,4,f48b147f-713e-481f-adf2-ff9869ac61bd,Bexalite_Raw,Bexalite (Raw),20,50,0.1,1,1,f0373571-0f08-44df-96a1-0efc20a17728,libs/foundry/records/mining/rockcompositionpresets/shaledeposit_tungsten.xml
ShaleDeposit_Tungsten,hud_mining_rock_name_1,2,5,fc62043c-3f29-4fff-b754-2301762723f7,Quantainium_Raw,Quantainium (Raw),20,50,0.06,1,1,f0373571-0f08-44df-96a1-0efc20a17728,libs/foundry/records/mining/rockcompositionpresets/shaledeposit_tungsten.xml
ShaleDeposit,hud_mining_rock_name_1,2,0,3776294d-5689-41f2-b03d-e8fcd17ede6a,Aluminium_Ore,Aluminum (Ore),30,70,1,1,1,d18f0859-44bd-45c2-a98c-85456279ed77,libs/foundry/records/mining/rockcompositionpresets/shaledeposit.xml
ShaleDeposit,hud_mining_rock_name_1,2,1,8375a8d8-1627-4d35-ae91-6f39b373c3ad,Laranite_Raw,Laranite (Raw),30,60,0.3,1,1,d18f0859-44bd-45c2-a98c-85456279ed77,libs/foundry/records/mining/rockcompositionpresets/shaledeposit.xml
ShaleDeposit,hud_mining_rock_name_1,2,2,f2f5bf2e-87f9-4f3d-bb59-b4e11eceeaad,Gold_Ore,Gold (Ore),20,50,0.2,1,1,d18f0859-44bd-45c2-a98c-85456279ed77,libs/foundry/records/mining/rockcompositionpresets/shaledeposit.xml
ShaleDeposit,hud_mining_rock_name_1,2,3,8893c670-f9f7-48df-a05b-e85764994256,Taranite_Raw,Taranite (Raw),20,50,0.1,1,1,d18f0859-44bd-45c2-a98c-85456279ed77,libs/foundry/records/mining/rockcompositionpresets/shaledeposit.xml
ShaleDeposit,hud_mining_rock_name_1,2,4,f48b147f-713e-481f-adf2-ff9869ac61bd,Bexalite_Raw,Bexalite (Raw),20,50,0.1,1,1,d18f0859-44bd-45c2-a98c-85456279ed77,libs/foundry/records/mining/rockcompositionpresets/shaledeposit.xml
ShaleDeposit,hud_mining_rock_name_1,2,5,fc62043c-3f29-4fff-b754-2301762723f7,Quantainium_Raw,Quantainium (Raw),20,50,0.04,1,1,d18f0859-44bd-45c2-a98c-85456279ed77,libs/foundry/records/mining/rockcompositionpresets/shaledeposit.xml
ShaleDeposit,hud_mining_rock_name_1,2,0,3776294d-5689-41f2-b03d-e8fcd17ede6a,Aluminium_Ore,Aluminum (Ore),30,70,1,1,1,d18f0859-44bd-45c2-a98c-85456279ed77,libs/foundry/records/mining/rockcompositionpresets/shaledeposit.xml
ShaleDeposit,hud_mining_rock_name_1,2,1,8375a8d8-1627-4d35-ae91-6f39b373c3ad,Laranite_Raw,Laranite (Raw),30,60,0.3,1,1,d18f0859-44bd-45c2-a98c-85456279ed77,libs/foundry/records/mining/rockcompositionpresets/shaledeposit.xml
ShaleDeposit,hud_mining_rock_name_1,2,2,f2f5bf2e-87f9-4f3d-bb59-b4e11eceeaad,Gold_Ore,Gold (Ore),20,50,0.2,1,1,d18f0859-44bd-45c2-a98c-85456279ed77,libs/foundry/records/mining/rockcompositionpresets/shaledeposit.xml
ShaleDeposit,hud_mining_rock_name_1,2,3,8893c670-f9f7-48df-a05b-e85764994256,Taranite_Raw,Taranite (Raw),20,50,0.1,1,1,d18f0859-44bd-45c2-a98c-85456279ed77,libs/foundry/records/mining/rockcompositionpresets/shaledeposit.xml
ShaleDeposit,hud_mining_rock_name_1,2,4,f48b147f-713e-481f-adf2-ff9869ac61bd,Bexalite_Raw,Bexalite (Raw),20,50,0.1,1,1,d18f0859-44bd-45c2-a98c-85456279ed77,libs/foundry/records/mining/rockcompositionpresets/shaledeposit.xml
ShaleDeposit,hud_mining_rock_name_1,2,5,fc62043c-3f29-4fff-b754-2301762723f7,Quantainium_Raw,Quantainium (Raw),20,50,0.04,1,1,d18f0859-44bd-45c2-a98c-85456279ed77,libs/foundry/records/mining/rockcompositionpresets/shaledeposit.xml
CommonShipMineables_Aluminum,items_commodities_aluminum_ore,3,0,3776294d-5689-41f2-b03d-e8fcd17ede6a,Aluminium_Ore,Aluminum (Ore),2.82,6.82,1,1,1,454fd533-5d95-4619-a345-b0379ce94a12,libs/foundry/records/mining/rockcompositionpresets/surfaceshipmining/commonshipmineables_aluminum.xml
CommonShipMineables_Aluminum,items_commodities_aluminum_ore,3,1,3776294d-5689-41f2-b03d-e8fcd17ede6a,Aluminium_Ore,Aluminum (Ore),39.18,83.18,1,1,0.49,454fd533-5d95-4619-a345-b0379ce94a12,libs/foundry/records/mining/rockcompositionpresets/surfaceshipmining/commonshipmineables_aluminum.xml
CommonShipMineables_Aluminum,items_commodities_aluminum_ore,3,2,b471b96c-efbb-4342-90de-cfa087604d8e,Corundum_Raw,Corundum (Raw),5,10,1,1,0.789,454fd533-5d95-4619-a345-b0379ce94a12,libs/foundry/records/mining/rockcompositionpresets/surfaceshipmining/commonshipmineables_aluminum.xml
CommonShipMineables_Aluminum,items_commodities_aluminum_ore,3,0,3776294d-5689-41f2-b03d-e8fcd17ede6a,Aluminium_Ore,Aluminum (Ore),2.82,6.82,1,1,1,454fd533-5d95-4619-a345-b0379ce94a12,libs/foundry/records/mining/rockcompositionpresets/surfaceshipmining/commonshipmineables_aluminum.xml
CommonShipMineables_Aluminum,items_commodities_aluminum_ore,3,1,3776294d-5689-41f2-b03d-e8fcd17ede6a,Aluminium_Ore,Aluminum (Ore),39.18,83.18,1,1,0.49,454fd533-5d95-4619-a345-b0379ce94a12,libs/foundry/records/mining/rockcompositionpresets/surfaceshipmining/commonshipmineables_aluminum.xml
CommonShipMineables_Aluminum,items_commodities_aluminum_ore,3,2,b471b96c-efbb-4342-90de-cfa087604d8e,Corundum_Raw,Corundum (Raw),5,10,1,1,0.789,454fd533-5d95-4619-a345-b0379ce94a12,libs/foundry/records/mining/rockcompositionpresets/surfaceshipmining/commonshipmineables_aluminum.xml
CommonShipMineables_Copper,items_commodities_copper_ore,3,0,ee12edc1-a2c3-4202-909d-9b729a050a3f,Copper_Ore,Copper (Ore),5.7,11.7,1,1,1,f9361e5b-fb9f-444f-8ed7-a4e5dd6fee81,libs/foundry/records/mining/rockcompositionpresets/surfaceshipmining/commonshipmineables_copper.xml
CommonShipMineables_Copper,items_commodities_copper_ore,3,1,ee12edc1-a2c3-4202-909d-9b729a050a3f,Copper_Ore,Copper (Ore),28.3,78.3,1,1,0.49,f9361e5b-fb9f-444f-8ed7-a4e5dd6fee81,libs/foundry/records/mining/rockcompositionpresets/surfaceshipmining/commonshipmineables_copper.xml
CommonShipMineables_Copper,items_commodities_copper_ore,3,2,16b426e2-7ce1-4fb4-8b34-4d8617dd6a97,Tin_Ore,Tin (Ore),5,10,1,1,0.789,f9361e5b-fb9f-444f-8ed7-a4e5dd6fee81,libs/foundry/records/mining/rockcompositionpresets/surfaceshipmining/commonshipmineables_copper.xml
CommonShipMineables_Copper,items_commodities_copper_ore,3,0,ee12edc1-a2c3-4202-909d-9b729a050a3f,Copper_Ore,Copper (Ore),5.7,11.7,1,1,1,f9361e5b-fb9f-444f-8ed7-a4e5dd6fee81,libs/foundry/records/mining/rockcompositionpresets/surfaceshipmining/commonshipmineables_copper.xml
CommonShipMineables_Copper,items_commodities_copper_ore,3,1,ee12edc1-a2c3-4202-909d-9b729a050a3f,Copper_Ore,Copper (Ore),28.3,78.3,1,1,0.49,f9361e5b-fb9f-444f-8ed7-a4e5dd6fee81,libs/foundry/records/mining/rockcompositionpresets/surfaceshipmining/commonshipmineables_copper.xml
CommonShipMineables_Copper,items_commodities_copper_ore,3,2,16b426e2-7ce1-4fb4-8b34-4d8617dd6a97,Tin_Ore,Tin (Ore),5,10,1,1,0.789,f9361e5b-fb9f-444f-8ed7-a4e5dd6fee81,libs/foundry/records/mining/rockcompositionpresets/surfaceshipmining/commonshipmineables_copper.xml
CommonShipMineables_Corundum,items_commodities_corundum_raw,3,0,b471b96c-efbb-4342-90de-cfa087604d8e,Corundum_Raw,Corundum (Raw),5.7,11.7,1,1,1,0d5911b5-0eb3-47c4-a56f-89e4b1e82c1a,libs/foundry/records/mining/rockcompositionpresets/surfaceshipmining/commonshipmineables_corundum.xml
CommonShipMineables_Corundum,items_commodities_corundum_raw,3,1,b471b96c-efbb-4342-90de-cfa087604d8e,Corundum_Raw,Corundum (Raw),28.3,78.3,1,1,1,0d5911b5-0eb3-47c4-a56f-89e4b1e82c1a,libs/foundry/records/mining/rockcompositionpresets/surfaceshipmining/commonshipmineables_corundum.xml
CommonShipMineables_Corundum,items_commodities_corundum_raw,3,2,3776294d-5689-41f2-b03d-e8fcd17ede6a,Aluminium_Ore,Aluminum (Ore),5,10,1,1,0.789,0d5911b5-0eb3-47c4-a56f-89e4b1e82c1a,libs/foundry/records/mining/rockcompositionpresets/surfaceshipmining/commonshipmineables_corundum.xml
CommonShipMineables_Corundum,items_commodities_corundum_raw,3,0,b471b96c-efbb-4342-90de-cfa087604d8e,Corundum_Raw,Corundum (Raw),5.7,11.7,1,1,1,0d5911b5-0eb3-47c4-a56f-89e4b1e82c1a,libs/foundry/records/mining/rockcompositionpresets/surfaceshipmining/commonshipmineables_corundum.xml
CommonShipMineables_Corundum,items_commodities_corundum_raw,3,1,b471b96c-efbb-4342-90de-cfa087604d8e,Corundum_Raw,Corundum (Raw),28.3,78.3,1,1,1,0d5911b5-0eb3-47c4-a56f-89e4b1e82c1a,libs/foundry/records/mining/rockcompositionpresets/surfaceshipmining/commonshipmineables_corundum.xml
CommonShipMineables_Corundum,items_commodities_corundum_raw,3,2,3776294d-5689-41f2-b03d-e8fcd17ede6a,Aluminium_Ore,Aluminum (Ore),5,10,1,1,0.789,0d5911b5-0eb3-47c4-a56f-89e4b1e82c1a,libs/foundry/records/mining/rockcompositionpresets/surfaceshipmining/commonshipmineables_corundum.xml
CommonShipMineables_Hephaestanite,items_commodities_hephaestanite_raw,4,0,220c2e18-9324-4528-b399-2f908488b204,Hephaestanite_Raw,Hephaestanite (Raw),2.82,6.82,1,1,1,becf21b0-3812-4e04-aeb5-031d61104fdd,libs/foundry/records/mining/rockcompositionpresets/surfaceshipmining/commonshipmineables_hephaestanite.xml
CommonShipMineables_Hephaestanite,items_commodities_hephaestanite_raw,4,1,220c2e18-9324-4528-b399-2f908488b204,Hephaestanite_Raw,Hephaestanite (Raw),39.18,83.18,1,1,0.49,becf21b0-3812-4e04-aeb5-031d61104fdd,libs/foundry/records/mining/rockcompositionpresets/surfaceshipmining/commonshipmineables_hephaestanite.xml
CommonShipMineables_Hephaestanite,items_commodities_hephaestanite_raw,4,2,1d35c0bc-9142-42ff-8a83-0ec68d69a128,Quartz_Raw,Quartz (Raw),2,5,1,1,0.789,becf21b0-3812-4e04-aeb5-031d61104fdd,libs/foundry/records/mining/rockcompositionpresets/surfaceshipmining/commonshipmineables_hephaestanite.xml
CommonShipMineables_Hephaestanite,items_commodities_hephaestanite_raw,4,3,219e8523-b953-4517-812a-0fb2eb023209,Silicon_Raw,Silicon (Raw),2,5,1,1,0.789,becf21b0-3812-4e04-aeb5-031d61104fdd,libs/foundry/records/mining/rockcompositionpresets/surfaceshipmining/commonshipmineables_hephaestanite.xml
CommonShipMineables_Hephaestanite,items_commodities_hephaestanite_raw,4,0,220c2e18-9324-4528-b399-2f908488b204,Hephaestanite_Raw,Hephaestanite (Raw),2.82,6.82,1,1,1,becf21b0-3812-4e04-aeb5-031d61104fdd,libs/foundry/records/mining/rockcompositionpresets/surfaceshipmining/commonshipmineables_hephaestanite.xml
CommonShipMineables_Hephaestanite,items_commodities_hephaestanite_raw,4,1,220c2e18-9324-4528-b399-2f908488b204,Hephaestanite_Raw,Hephaestanite (Raw),39.18,83.18,1,1,0.49,becf21b0-3812-4e04-aeb5-031d61104fdd,libs/foundry/records/mining/rockcompositionpresets/surfaceshipmining/commonshipmineables_hephaestanite.xml
CommonShipMineables_Hephaestanite,items_commodities_hephaestanite_raw,4,2,1d35c0bc-9142-42ff-8a83-0ec68d69a128,Quartz_Raw,Quartz (Raw),2,5,1,1,0.789,becf21b0-3812-4e04-aeb5-031d61104fdd,libs/foundry/records/mining/rockcompositionpresets/surfaceshipmining/commonshipmineables_hephaestanite.xml
CommonShipMineables_Hephaestanite,items_commodities_hephaestanite_raw,4,3,219e8523-b953-4517-812a-0fb2eb023209,Silicon_Raw,Silicon (Raw),2,5,1,1,0.789,becf21b0-3812-4e04-aeb5-031d61104fdd,libs/foundry/records/mining/rockcompositionpresets/surfaceshipmining/commonshipmineables_hephaestanite.xml
CommonShipMineables_Ice,items_commodities_raw_ice,2,0,51745536-ff2b-4840-a6f8-b1ed498a77ff,Ice_Raw,Ice (Raw),9.7,15.7,1,1,1,606cffd3-77a5-4d87-8927-049f1de6b686,libs/foundry/records/mining/rockcompositionpresets/surfaceshipmining/commonshipmineables_ice.xml
CommonShipMineables_Ice,items_commodities_raw_ice,2,1,51745536-ff2b-4840-a6f8-b1ed498a77ff,Ice_Raw,Ice (Raw),34.3,84.3,1,1,0.49,606cffd3-77a5-4d87-8927-049f1de6b686,libs/foundry/records/mining/rockcompositionpresets/surfaceshipmining/commonshipmineables_ice.xml
CommonShipMineables_Ice,items_commodities_raw_ice,2,0,51745536-ff2b-4840-a6f8-b1ed498a77ff,Ice_Raw,Ice (Raw),9.7,15.7,1,1,1,606cffd3-77a5-4d87-8927-049f1de6b686,libs/foundry/records/mining/rockcompositionpresets/surfaceshipmining/commonshipmineables_ice.xml
CommonShipMineables_Ice,items_commodities_raw_ice,2,1,51745536-ff2b-4840-a6f8-b1ed498a77ff,Ice_Raw,Ice (Raw),34.3,84.3,1,1,0.49,606cffd3-77a5-4d87-8927-049f1de6b686,libs/foundry/records/mining/rockcompositionpresets/surfaceshipmining/commonshipmineables_ice.xml
CommonShipMineables_Iron,items_commodities_iron_ore,2,0,05708bae-1cb1-4e63-bb95-ec7f4a3ef430,Iron_Ore,Iron (Ore),9.7,15.7,1,1,1,6d8ce739-5180-4479-a43b-e1c2a580d72d,libs/foundry/records/mining/rockcompositionpresets/surfaceshipmining/commonshipmineables_iron.xml
CommonShipMineables_Iron,items_commodities_iron_ore,2,1,05708bae-1cb1-4e63-bb95-ec7f4a3ef430,Iron_Ore,Iron (Ore),34.3,84.3,1,1,0.49,6d8ce739-5180-4479-a43b-e1c2a580d72d,libs/foundry/records/mining/rockcompositionpresets/surfaceshipmining/commonshipmineables_iron.xml
CommonShipMineables_Iron,items_commodities_iron_ore,2,0,05708bae-1cb1-4e63-bb95-ec7f4a3ef430,Iron_Ore,Iron (Ore),9.7,15.7,1,1,1,6d8ce739-5180-4479-a43b-e1c2a580d72d,libs/foundry/records/mining/rockcompositionpresets/surfaceshipmining/commonshipmineables_iron.xml
CommonShipMineables_Iron,items_commodities_iron_ore,2,1,05708bae-1cb1-4e63-bb95-ec7f4a3ef430,Iron_Ore,Iron (Ore),34.3,84.3,1,1,0.49,6d8ce739-5180-4479-a43b-e1c2a580d72d,libs/foundry/records/mining/rockcompositionpresets/surfaceshipmining/commonshipmineables_iron.xml
CommonShipMineables_Quartz,items_commodities_quartz_raw,4,0,1d35c0bc-9142-42ff-8a83-0ec68d69a128,Quartz_Raw,Quartz (Raw),5.7,11.7,1,1,1,9b0c86e4-82bc-42d9-99ea-3201e6072553,libs/foundry/records/mining/rockcompositionpresets/surfaceshipmining/commonshipmineables_quartz.xml
CommonShipMineables_Quartz,items_commodities_quartz_raw,4,1,1d35c0bc-9142-42ff-8a83-0ec68d69a128,Quartz_Raw,Quartz (Raw),28.3,78.3,1,1,0.49,9b0c86e4-82bc-42d9-99ea-3201e6072553,libs/foundry/records/mining/rockcompositionpresets/surfaceshipmining/commonshipmineables_quartz.xml
CommonShipMineables_Quartz,items_commodities_quartz_raw,4,2,220c2e18-9324-4528-b399-2f908488b204,Hephaestanite_Raw,Hephaestanite (Raw),2,5,1,1,0.789,9b0c86e4-82bc-42d9-99ea-3201e6072553,libs/foundry/records/mining/rockcompositionpresets/surfaceshipmining/commonshipmineables_quartz.xml
CommonShipMineables_Quartz,items_commodities_quartz_raw,4,3,219e8523-b953-4517-812a-0fb2eb023209,Silicon_Raw,Silicon (Raw),2,5,1,1,0.789,9b0c86e4-82bc-42d9-99ea-3201e6072553,libs/foundry/records/mining/rockcompositionpresets/surfaceshipmining/commonshipmineables_quartz.xml
CommonShipMineables_Quartz,items_commodities_quartz_raw,4,0,1d35c0bc-9142-42ff-8a83-0ec68d69a128,Quartz_Raw,Quartz (Raw),5.7,11.7,1,1,1,9b0c86e4-82bc-42d9-99ea-3201e6072553,libs/foundry/records/mining/rockcompositionpresets/surfaceshipmining/commonshipmineables_quartz.xml
CommonShipMineables_Quartz,items_commodities_quartz_raw,4,1,1d35c0bc-9142-42ff-8a83-0ec68d69a128,Quartz_Raw,Quartz (Raw),28.3,78.3,1,1,0.49,9b0c86e4-82bc-42d9-99ea-3201e6072553,libs/foundry/records/mining/rockcompositionpresets/surfaceshipmining/commonshipmineables_quartz.xml
CommonShipMineables_Quartz,items_commodities_quartz_raw,4,2,220c2e18-9324-4528-b399-2f908488b204,Hephaestanite_Raw,Hephaestanite (Raw),2,5,1,1,0.789,9b0c86e4-82bc-42d9-99ea-3201e6072553,libs/foundry/records/mining/rockcompositionpresets/surfaceshipmining/commonshipmineables_quartz.xml
CommonShipMineables_Quartz,items_commodities_quartz_raw,4,3,219e8523-b953-4517-812a-0fb2eb023209,Silicon_Raw,Silicon (Raw),2,5,1,1,0.789,9b0c86e4-82bc-42d9-99ea-3201e6072553,libs/foundry/records/mining/rockcompositionpresets/surfaceshipmining/commonshipmineables_quartz.xml
CommonShipMineables_Silicon,items_commodities_raw_silicon,4,0,219e8523-b953-4517-812a-0fb2eb023209,Silicon_Raw,Silicon (Raw),5.7,11.7,1,1,1,eed529e2-a1c1-4227-b0a7-6c5b0acd7823,libs/foundry/records/mining/rockcompositionpresets/surfaceshipmining/commonshipmineables_silicon.xml
CommonShipMineables_Silicon,items_commodities_raw_silicon,4,1,219e8523-b953-4517-812a-0fb2eb023209,Silicon_Raw,Silicon (Raw),28.3,78.3,1,1,0.49,eed529e2-a1c1-4227-b0a7-6c5b0acd7823,libs/foundry/records/mining/rockcompositionpresets/surfaceshipmining/commonshipmineables_silicon.xml
CommonShipMineables_Silicon,items_commodities_raw_silicon,4,2,220c2e18-9324-4528-b399-2f908488b204,Hephaestanite_Raw,Hephaestanite (Raw),2,5,1,1,0.789,eed529e2-a1c1-4227-b0a7-6c5b0acd7823,libs/foundry/records/mining/rockcompositionpresets/surfaceshipmining/commonshipmineables_silicon.xml
CommonShipMineables_Silicon,items_commodities_raw_silicon,4,3,220c2e18-9324-4528-b399-2f908488b204,Hephaestanite_Raw,Hephaestanite (Raw),2,5,1,1,0.789,eed529e2-a1c1-4227-b0a7-6c5b0acd7823,libs/foundry/records/mining/rockcompositionpresets/surfaceshipmining/commonshipmineables_silicon.xml
CommonShipMineables_Silicon,items_commodities_raw_silicon,4,0,219e8523-b953-4517-812a-0fb2eb023209,Silicon_Raw,Silicon (Raw),5.7,11.7,1,1,1,eed529e2-a1c1-4227-b0a7-6c5b0acd7823,libs/foundry/records/mining/rockcompositionpresets/surfaceshipmining/commonshipmineables_silicon.xml
CommonShipMineables_Silicon,items_commodities_raw_silicon,4,1,219e8523-b953-4517-812a-0fb2eb023209,Silicon_Raw,Silicon (Raw),28.3,78.3,1,1,0.49,eed529e2-a1c1-4227-b0a7-6c5b0acd7823,libs/foundry/records/mining/rockcompositionpresets/surfaceshipmining/commonshipmineables_silicon.xml
CommonShipMineables_Silicon,items_commodities_raw_silicon,4,2,220c2e18-9324-4528-b399-2f908488b204,Hephaestanite_Raw,Hephaestanite (Raw),2,5,1,1,0.789,eed529e2-a1c1-4227-b0a7-6c5b0acd7823,libs/foundry/records/mining/rockcompositionpresets/surfaceshipmining/commonshipmineables_silicon.xml
CommonShipMineables_Silicon,items_commodities_raw_silicon,4,3,220c2e18-9324-4528-b399-2f908488b204,Hephaestanite_Raw,Hephaestanite (Raw),2,5,1,1,0.789,eed529e2-a1c1-4227-b0a7-6c5b0acd7823,libs/foundry/records/mining/rockcompositionpresets/surfaceshipmining/commonshipmineables_silicon.xml
CommonShipMineables_Tin,items_commodities_tin_ore,3,0,16b426e2-7ce1-4fb4-8b34-4d8617dd6a97,Tin_Ore,Tin (Ore),9.7,15.7,1,1,1,64799ef4-d78d-4828-b039-73ffcf7470a4,libs/foundry/records/mining/rockcompositionpresets/surfaceshipmining/commonshipmineables_tin.xml
CommonShipMineables_Tin,items_commodities_tin_ore,3,1,16b426e2-7ce1-4fb4-8b34-4d8617dd6a97,Tin_Ore,Tin (Ore),24.3,74.3,1,1,0.49,64799ef4-d78d-4828-b039-73ffcf7470a4,libs/foundry/records/mining/rockcompositionpresets/surfaceshipmining/commonshipmineables_tin.xml
CommonShipMineables_Tin,items_commodities_tin_ore,3,2,ee12edc1-a2c3-4202-909d-9b729a050a3f,Copper_Ore,Copper (Ore),5,10,1,1,0.789,64799ef4-d78d-4828-b039-73ffcf7470a4,libs/foundry/records/mining/rockcompositionpresets/surfaceshipmining/commonshipmineables_tin.xml
CommonShipMineables_Tin,items_commodities_tin_ore,3,0,16b426e2-7ce1-4fb4-8b34-4d8617dd6a97,Tin_Ore,Tin (Ore),9.7,15.7,1,1,1,64799ef4-d78d-4828-b039-73ffcf7470a4,libs/foundry/records/mining/rockcompositionpresets/surfaceshipmining/commonshipmineables_tin.xml
CommonShipMineables_Tin,items_commodities_tin_ore,3,1,16b426e2-7ce1-4fb4-8b34-4d8617dd6a97,Tin_Ore,Tin (Ore),24.3,74.3,1,1,0.49,64799ef4-d78d-4828-b039-73ffcf7470a4,libs/foundry/records/mining/rockcompositionpresets/surfaceshipmining/commonshipmineables_tin.xml
CommonShipMineables_Tin,items_commodities_tin_ore,3,2,ee12edc1-a2c3-4202-909d-9b729a050a3f,Copper_Ore,Copper (Ore),5,10,1,1,0.789,64799ef4-d78d-4828-b039-73ffcf7470a4,libs/foundry/records/mining/rockcompositionpresets/surfaceshipmining/commonshipmineables_tin.xml
EpicShipMineables_Lindinium,items_commodities_lindinium_ore,3,0,1ec31863-26a8-446e-9805-448bb50253ed,Lindinium_Ore,Lindinium (Ore),9.7,15.7,1,1,1,ca4881b0-5183-4ca4-b0c2-8bcb2d5b3e55,libs/foundry/records/mining/rockcompositionpresets/surfaceshipmining/epicshipmineables_lindinium.xml
EpicShipMineables_Lindinium,items_commodities_lindinium_ore,3,1,1ec31863-26a8-446e-9805-448bb50253ed,Lindinium_Ore,Lindinium (Ore),24.3,74.3,1,1,0.49,ca4881b0-5183-4ca4-b0c2-8bcb2d5b3e55,libs/foundry/records/mining/rockcompositionpresets/surfaceshipmining/epicshipmineables_lindinium.xml
EpicShipMineables_Lindinium,items_commodities_lindinium_ore,3,2,8f6a7e06-934d-4339-a0a2-75420b81369a,Tungsten_Ore,Tungsten (Ore),5,10,1,1,0.789,ca4881b0-5183-4ca4-b0c2-8bcb2d5b3e55,libs/foundry/records/mining/rockcompositionpresets/surfaceshipmining/epicshipmineables_lindinium.xml
EpicShipMineables_Lindinium,items_commodities_lindinium_ore,3,0,1ec31863-26a8-446e-9805-448bb50253ed,Lindinium_Ore,Lindinium (Ore),9.7,15.7,1,1,1,ca4881b0-5183-4ca4-b0c2-8bcb2d5b3e55,libs/foundry/records/mining/rockcompositionpresets/surfaceshipmining/epicshipmineables_lindinium.xml
EpicShipMineables_Lindinium,items_commodities_lindinium_ore,3,1,1ec31863-26a8-446e-9805-448bb50253ed,Lindinium_Ore,Lindinium (Ore),24.3,74.3,1,1,0.49,ca4881b0-5183-4ca4-b0c2-8bcb2d5b3e55,libs/foundry/records/mining/rockcompositionpresets/surfaceshipmining/epicshipmineables_lindinium.xml
EpicShipMineables_Lindinium,items_commodities_lindinium_ore,3,2,8f6a7e06-934d-4339-a0a2-75420b81369a,Tungsten_Ore,Tungsten (Ore),5,10,1,1,0.789,ca4881b0-5183-4ca4-b0c2-8bcb2d5b3e55,libs/foundry/records/mining/rockcompositionpresets/surfaceshipmining/epicshipmineables_lindinium.xml
EpicShipMineables_Ouratite,items_commodities_ouratite,3,0,8723956e-e947-4b84-9dcb-b2c6137895ab,Ouratite_Raw,Ouratite (Raw),2.82,6.82,1,1,1,9f6c0f45-2b55-4c5c-90d0-8f14b09a3149,libs/foundry/records/mining/rockcompositionpresets/surfaceshipmining/epicshipmineables_ouratite.xml
EpicShipMineables_Ouratite,items_commodities_ouratite,3,1,8723956e-e947-4b84-9dcb-b2c6137895ab,Ouratite_Raw,Ouratite (Raw),39.18,83.18,1,1,0.49,9f6c0f45-2b55-4c5c-90d0-8f14b09a3149,libs/foundry/records/mining/rockcompositionpresets/surfaceshipmining/epicshipmineables_ouratite.xml
EpicShipMineables_Ouratite,items_commodities_ouratite,3,2,d61d6c33-e428-4014-9326-0b06034de16a,Agricium_Ore,Agricium (Ore),5,10,1,1,0.789,9f6c0f45-2b55-4c5c-90d0-8f14b09a3149,libs/foundry/records/mining/rockcompositionpresets/surfaceshipmining/epicshipmineables_ouratite.xml
EpicShipMineables_Ouratite,items_commodities_ouratite,3,0,8723956e-e947-4b84-9dcb-b2c6137895ab,Ouratite_Raw,Ouratite (Raw),2.82,6.82,1,1,1,9f6c0f45-2b55-4c5c-90d0-8f14b09a3149,libs/foundry/records/mining/rockcompositionpresets/surfaceshipmining/epicshipmineables_ouratite.xml
EpicShipMineables_Ouratite,items_commodities_ouratite,3,1,8723956e-e947-4b84-9dcb-b2c6137895ab,Ouratite_Raw,Ouratite (Raw),39.18,83.18,1,1,0.49,9f6c0f45-2b55-4c5c-90d0-8f14b09a3149,libs/foundry/records/mining/rockcompositionpresets/surfaceshipmining/epicshipmineables_ouratite.xml
EpicShipMineables_Ouratite,items_commodities_ouratite,3,2,d61d6c33-e428-4014-9326-0b06034de16a,Agricium_Ore,Agricium (Ore),5,10,1,1,0.789,9f6c0f45-2b55-4c5c-90d0-8f14b09a3149,libs/foundry/records/mining/rockcompositionpresets/surfaceshipmining/epicshipmineables_ouratite.xml
EpicShipMineables_Riccite,items_commodities_riccite_ore,3,0,905e9623-5e74-4a92-9cb1-72203ed8baad,Riccite_Ore,Riccite (Ore),9.7,15.7,1,1,1,faf633b8-c425-4109-b20f-ccc8180b6bca,libs/foundry/records/mining/rockcompositionpresets/surfaceshipmining/epicshipmineables_riccite.xml
EpicShipMineables_Riccite,items_commodities_riccite_ore,3,1,905e9623-5e74-4a92-9cb1-72203ed8baad,Riccite_Ore,Riccite (Ore),24.3,74.3,1,1,0.49,faf633b8-c425-4109-b20f-ccc8180b6bca,libs/foundry/records/mining/rockcompositionpresets/surfaceshipmining/epicshipmineables_riccite.xml
EpicShipMineables_Riccite,items_commodities_riccite_ore,3,2,8375a8d8-1627-4d35-ae91-6f39b373c3ad,Laranite_Raw,Laranite (Raw),5,10,1,1,0.789,faf633b8-c425-4109-b20f-ccc8180b6bca,libs/foundry/records/mining/rockcompositionpresets/surfaceshipmining/epicshipmineables_riccite.xml
EpicShipMineables_Riccite,items_commodities_riccite_ore,3,0,905e9623-5e74-4a92-9cb1-72203ed8baad,Riccite_Ore,Riccite (Ore),9.7,15.7,1,1,1,faf633b8-c425-4109-b20f-ccc8180b6bca,libs/foundry/records/mining/rockcompositionpresets/surfaceshipmining/epicshipmineables_riccite.xml
EpicShipMineables_Riccite,items_commodities_riccite_ore,3,1,905e9623-5e74-4a92-9cb1-72203ed8baad,Riccite_Ore,Riccite (Ore),24.3,74.3,1,1,0.49,faf633b8-c425-4109-b20f-ccc8180b6bca,libs/foundry/records/mining/rockcompositionpresets/surfaceshipmining/epicshipmineables_riccite.xml
EpicShipMineables_Riccite,items_commodities_riccite_ore,3,2,8375a8d8-1627-4d35-ae91-6f39b373c3ad,Laranite_Raw,Laranite (Raw),5,10,1,1,0.789,faf633b8-c425-4109-b20f-ccc8180b6bca,libs/foundry/records/mining/rockcompositionpresets/surfaceshipmining/epicshipmineables_riccite.xml
EpicShipMineables_TEMPLATE,LOC_EMPTY,3,0,1ec31863-26a8-446e-9805-448bb50253ed,Lindinium_Ore,Lindinium (Ore),2.82,6.82,1,1,1,30901be4-abb0-45ef-818a-5f55e551341f,libs/foundry/records/mining/rockcompositionpresets/surfaceshipmining/epicshipmineables_template.xml
EpicShipMineables_TEMPLATE,LOC_EMPTY,3,1,1ec31863-26a8-446e-9805-448bb50253ed,Lindinium_Ore,Lindinium (Ore),39.18,83.18,1,1,0.49,30901be4-abb0-45ef-818a-5f55e551341f,libs/foundry/records/mining/rockcompositionpresets/surfaceshipmining/epicshipmineables_template.xml
EpicShipMineables_TEMPLATE,LOC_EMPTY,3,2,8f6a7e06-934d-4339-a0a2-75420b81369a,Tungsten_Ore,Tungsten (Ore),5,10,1,1,0.789,30901be4-abb0-45ef-818a-5f55e551341f,libs/foundry/records/mining/rockcompositionpresets/surfaceshipmining/epicshipmineables_template.xml
EpicShipMineables_TEMPLATE,LOC_EMPTY,3,0,1ec31863-26a8-446e-9805-448bb50253ed,Lindinium_Ore,Lindinium (Ore),2.82,6.82,1,1,1,30901be4-abb0-45ef-818a-5f55e551341f,libs/foundry/records/mining/rockcompositionpresets/surfaceshipmining/epicshipmineables_template.xml
EpicShipMineables_TEMPLATE,LOC_EMPTY,3,1,1ec31863-26a8-446e-9805-448bb50253ed,Lindinium_Ore,Lindinium (Ore),39.18,83.18,1,1,0.49,30901be4-abb0-45ef-818a-5f55e551341f,libs/foundry/records/mining/rockcompositionpresets/surfaceshipmining/epicshipmineables_template.xml
EpicShipMineables_TEMPLATE,LOC_EMPTY,3,2,8f6a7e06-934d-4339-a0a2-75420b81369a,Tungsten_Ore,Tungsten (Ore),5,10,1,1,0.789,30901be4-abb0-45ef-818a-5f55e551341f,libs/foundry/records/mining/rockcompositionpresets/surfaceshipmining/epicshipmineables_template.xml
LegendaryShipMineables_Quantainium,items_commodities_quantainium_raw,3,0,fc62043c-3f29-4fff-b754-2301762723f7,Quantainium_Raw,Quantainium (Raw),5.7,11.7,1,1,1,f08cf919-8503-430e-9fe6-06e44f0fae31,libs/foundry/records/mining/rockcompositionpresets/surfaceshipmining/legendaryshipmineables_quantainium.xml
LegendaryShipMineables_Quantainium,items_commodities_quantainium_raw,3,1,fc62043c-3f29-4fff-b754-2301762723f7,Quantainium_Raw,Quantainium (Raw),28.3,78.3,1,1,0.49,f08cf919-8503-430e-9fe6-06e44f0fae31,libs/foundry/records/mining/rockcompositionpresets/surfaceshipmining/legendaryshipmineables_quantainium.xml
LegendaryShipMineables_Quantainium,items_commodities_quantainium_raw,3,2,cad02f99-292c-4ee4-93cc-a73868f11ddb,Beryl_Raw,Beryl (Raw),5,10,1,1,0.789,f08cf919-8503-430e-9fe6-06e44f0fae31,libs/foundry/records/mining/rockcompositionpresets/surfaceshipmining/legendaryshipmineables_quantainium.xml
LegendaryShipMineables_Quantainium,items_commodities_quantainium_raw,3,0,fc62043c-3f29-4fff-b754-2301762723f7,Quantainium_Raw,Quantainium (Raw),5.7,11.7,1,1,1,f08cf919-8503-430e-9fe6-06e44f0fae31,libs/foundry/records/mining/rockcompositionpresets/surfaceshipmining/legendaryshipmineables_quantainium.xml
LegendaryShipMineables_Quantainium,items_commodities_quantainium_raw,3,1,fc62043c-3f29-4fff-b754-2301762723f7,Quantainium_Raw,Quantainium (Raw),28.3,78.3,1,1,0.49,f08cf919-8503-430e-9fe6-06e44f0fae31,libs/foundry/records/mining/rockcompositionpresets/surfaceshipmining/legendaryshipmineables_quantainium.xml
LegendaryShipMineables_Quantainium,items_commodities_quantainium_raw,3,2,cad02f99-292c-4ee4-93cc-a73868f11ddb,Beryl_Raw,Beryl (Raw),5,10,1,1,0.789,f08cf919-8503-430e-9fe6-06e44f0fae31,libs/foundry/records/mining/rockcompositionpresets/surfaceshipmining/legendaryshipmineables_quantainium.xml
LegendaryShipMineables_Savrilium,items_commodities_savrilium_ore,3,0,6426f04e-2f7d-4c8e-a615-64aa582eaa31,Savrilium_Ore,Savrilium (Ore),9.7,15.7,1,1,1,d19e906e-e262-4b4d-8713-5c52186f9d2f,libs/foundry/records/mining/rockcompositionpresets/surfaceshipmining/legendaryshipmineables_savrilium.xml
LegendaryShipMineables_Savrilium,items_commodities_savrilium_ore,3,1,6426f04e-2f7d-4c8e-a615-64aa582eaa31,Savrilium_Ore,Savrilium (Ore),24.3,74.3,1,1,0.49,d19e906e-e262-4b4d-8713-5c52186f9d2f,libs/foundry/records/mining/rockcompositionpresets/surfaceshipmining/legendaryshipmineables_savrilium.xml
LegendaryShipMineables_Savrilium,items_commodities_savrilium_ore,3,2,f2f5bf2e-87f9-4f3d-bb59-b4e11eceeaad,Gold_Ore,Gold (Ore),5,10,1,1,0.789,d19e906e-e262-4b4d-8713-5c52186f9d2f,libs/foundry/records/mining/rockcompositionpresets/surfaceshipmining/legendaryshipmineables_savrilium.xml
LegendaryShipMineables_Savrilium,items_commodities_savrilium_ore,3,0,6426f04e-2f7d-4c8e-a615-64aa582eaa31,Savrilium_Ore,Savrilium (Ore),9.7,15.7,1,1,1,d19e906e-e262-4b4d-8713-5c52186f9d2f,libs/foundry/records/mining/rockcompositionpresets/surfaceshipmining/legendaryshipmineables_savrilium.xml
LegendaryShipMineables_Savrilium,items_commodities_savrilium_ore,3,1,6426f04e-2f7d-4c8e-a615-64aa582eaa31,Savrilium_Ore,Savrilium (Ore),24.3,74.3,1,1,0.49,d19e906e-e262-4b4d-8713-5c52186f9d2f,libs/foundry/records/mining/rockcompositionpresets/surfaceshipmining/legendaryshipmineables_savrilium.xml
LegendaryShipMineables_Savrilium,items_commodities_savrilium_ore,3,2,f2f5bf2e-87f9-4f3d-bb59-b4e11eceeaad,Gold_Ore,Gold (Ore),5,10,1,1,0.789,d19e906e-e262-4b4d-8713-5c52186f9d2f,libs/foundry/records/mining/rockcompositionpresets/surfaceshipmining/legendaryshipmineables_savrilium.xml
LegendaryShipMineables_Stileron,items_commodities_stileron,3,0,9498a080-84c0-41f4-b88f-71942c60c43f,Sileron_Ore,Sileron (Ore),9.7,15.7,1,1,1,30dc2e47-7eb0-4a08-ad72-e943b72f8e3d,libs/foundry/records/mining/rockcompositionpresets/surfaceshipmining/legendaryshipmineables_stileron.xml
LegendaryShipMineables_Stileron,items_commodities_stileron,3,1,9498a080-84c0-41f4-b88f-71942c60c43f,Sileron_Ore,Sileron (Ore),24.3,74.3,1,1,0.49,30dc2e47-7eb0-4a08-ad72-e943b72f8e3d,libs/foundry/records/mining/rockcompositionpresets/surfaceshipmining/legendaryshipmineables_stileron.xml
LegendaryShipMineables_Stileron,items_commodities_stileron,3,2,8893c670-f9f7-48df-a05b-e85764994256,Taranite_Raw,Taranite (Raw),5,10,1,1,0.789,30dc2e47-7eb0-4a08-ad72-e943b72f8e3d,libs/foundry/records/mining/rockcompositionpresets/surfaceshipmining/legendaryshipmineables_stileron.xml
LegendaryShipMineables_Stileron,items_commodities_stileron,3,0,9498a080-84c0-41f4-b88f-71942c60c43f,Sileron_Ore,Sileron (Ore),9.7,15.7,1,1,1,30dc2e47-7eb0-4a08-ad72-e943b72f8e3d,libs/foundry/records/mining/rockcompositionpresets/surfaceshipmining/legendaryshipmineables_stileron.xml
LegendaryShipMineables_Stileron,items_commodities_stileron,3,1,9498a080-84c0-41f4-b88f-71942c60c43f,Sileron_Ore,Sileron (Ore),24.3,74.3,1,1,0.49,30dc2e47-7eb0-4a08-ad72-e943b72f8e3d,libs/foundry/records/mining/rockcompositionpresets/surfaceshipmining/legendaryshipmineables_stileron.xml
LegendaryShipMineables_Stileron,items_commodities_stileron,3,2,8893c670-f9f7-48df-a05b-e85764994256,Taranite_Raw,Taranite (Raw),5,10,1,1,0.789,30dc2e47-7eb0-4a08-ad72-e943b72f8e3d,libs/foundry/records/mining/rockcompositionpresets/surfaceshipmining/legendaryshipmineables_stileron.xml
LegendaryShipMineables_TEMPLATE,LOC_EMPTY,3,0,fc62043c-3f29-4fff-b754-2301762723f7,Quantainium_Raw,Quantainium (Raw),2.82,6.82,1,1,1,65c15b3a-8951-42f8-944b-512859aae5f6,libs/foundry/records/mining/rockcompositionpresets/surfaceshipmining/legendaryshipmineables_template.xml
LegendaryShipMineables_TEMPLATE,LOC_EMPTY,3,1,fc62043c-3f29-4fff-b754-2301762723f7,Quantainium_Raw,Quantainium (Raw),39.18,83.18,1,1,0.49,65c15b3a-8951-42f8-944b-512859aae5f6,libs/foundry/records/mining/rockcompositionpresets/surfaceshipmining/legendaryshipmineables_template.xml
LegendaryShipMineables_TEMPLATE,LOC_EMPTY,3,2,cad02f99-292c-4ee4-93cc-a73868f11ddb,Beryl_Raw,Beryl (Raw),5,10,1,1,0.789,65c15b3a-8951-42f8-944b-512859aae5f6,libs/foundry/records/mining/rockcompositionpresets/surfaceshipmining/legendaryshipmineables_template.xml
LegendaryShipMineables_TEMPLATE,LOC_EMPTY,3,0,fc62043c-3f29-4fff-b754-2301762723f7,Quantainium_Raw,Quantainium (Raw),2.82,6.82,1,1,1,65c15b3a-8951-42f8-944b-512859aae5f6,libs/foundry/records/mining/rockcompositionpresets/surfaceshipmining/legendaryshipmineables_template.xml
LegendaryShipMineables_TEMPLATE,LOC_EMPTY,3,1,fc62043c-3f29-4fff-b754-2301762723f7,Quantainium_Raw,Quantainium (Raw),39.18,83.18,1,1,0.49,65c15b3a-8951-42f8-944b-512859aae5f6,libs/foundry/records/mining/rockcompositionpresets/surfaceshipmining/legendaryshipmineables_template.xml
LegendaryShipMineables_TEMPLATE,LOC_EMPTY,3,2,cad02f99-292c-4ee4-93cc-a73868f11ddb,Beryl_Raw,Beryl (Raw),5,10,1,1,0.789,65c15b3a-8951-42f8-944b-512859aae5f6,libs/foundry/records/mining/rockcompositionpresets/surfaceshipmining/legendaryshipmineables_template.xml
RareShipMineables_Beryl,items_commodities_beryl_raw,2,0,cad02f99-292c-4ee4-93cc-a73868f11ddb,Beryl_Raw,Beryl (Raw),5.7,11.7,1,1,1,2c7237f3-4061-4379-a050-55f372dbbe00,libs/foundry/records/mining/rockcompositionpresets/surfaceshipmining/rareshipmineables_beryl.xml
RareShipMineables_Beryl,items_commodities_beryl_raw,2,1,cad02f99-292c-4ee4-93cc-a73868f11ddb,Beryl_Raw,Beryl (Raw),38.3,88.3,1,1,0.49,2c7237f3-4061-4379-a050-55f372dbbe00,libs/foundry/records/mining/rockcompositionpresets/surfaceshipmining/rareshipmineables_beryl.xml
RareShipMineables_Beryl,items_commodities_beryl_raw,2,0,cad02f99-292c-4ee4-93cc-a73868f11ddb,Beryl_Raw,Beryl (Raw),5.7,11.7,1,1,1,2c7237f3-4061-4379-a050-55f372dbbe00,libs/foundry/records/mining/rockcompositionpresets/surfaceshipmining/rareshipmineables_beryl.xml
RareShipMineables_Beryl,items_commodities_beryl_raw,2,1,cad02f99-292c-4ee4-93cc-a73868f11ddb,Beryl_Raw,Beryl (Raw),38.3,88.3,1,1,0.49,2c7237f3-4061-4379-a050-55f372dbbe00,libs/foundry/records/mining/rockcompositionpresets/surfaceshipmining/rareshipmineables_beryl.xml
RareShipMineables_Bexalite,items_commodities_bexalite_raw,4,0,f48b147f-713e-481f-adf2-ff9869ac61bd,Bexalite_Raw,Bexalite (Raw),5.7,11.7,1,1,1,4e79ec1e-84ae-4f7c-a566-6e52aa5959ba,libs/foundry/records/mining/rockcompositionpresets/surfaceshipmining/rareshipmineables_bexalite.xml
RareShipMineables_Bexalite,items_commodities_bexalite_raw,4,1,f48b147f-713e-481f-adf2-ff9869ac61bd,Bexalite_Raw,Bexalite (Raw),28.3,78.3,1,1,0.49,4e79ec1e-84ae-4f7c-a566-6e52aa5959ba,libs/foundry/records/mining/rockcompositionpresets/surfaceshipmining/rareshipmineables_bexalite.xml
RareShipMineables_Bexalite,items_commodities_bexalite_raw,4,2,07f6158a-6494-4b7c-9dd0-bbaab7362137,Borase_Ore,Borase (Ore),2,5,1,1,0.789,4e79ec1e-84ae-4f7c-a566-6e52aa5959ba,libs/foundry/records/mining/rockcompositionpresets/surfaceshipmining/rareshipmineables_bexalite.xml
RareShipMineables_Bexalite,items_commodities_bexalite_raw,4,3,f2f5bf2e-87f9-4f3d-bb59-b4e11eceeaad,Gold_Ore,Gold (Ore),2,5,1,1,0.789,4e79ec1e-84ae-4f7c-a566-6e52aa5959ba,libs/foundry/records/mining/rockcompositionpresets/surfaceshipmining/rareshipmineables_bexalite.xml
RareShipMineables_Bexalite,items_commodities_bexalite_raw,4,0,f48b147f-713e-481f-adf2-ff9869ac61bd,Bexalite_Raw,Bexalite (Raw),5.7,11.7,1,1,1,4e79ec1e-84ae-4f7c-a566-6e52aa5959ba,libs/foundry/records/mining/rockcompositionpresets/surfaceshipmining/rareshipmineables_bexalite.xml
RareShipMineables_Bexalite,items_commodities_bexalite_raw,4,1,f48b147f-713e-481f-adf2-ff9869ac61bd,Bexalite_Raw,Bexalite (Raw),28.3,78.3,1,1,0.49,4e79ec1e-84ae-4f7c-a566-6e52aa5959ba,libs/foundry/records/mining/rockcompositionpresets/surfaceshipmining/rareshipmineables_bexalite.xml
RareShipMineables_Bexalite,items_commodities_bexalite_raw,4,2,07f6158a-6494-4b7c-9dd0-bbaab7362137,Borase_Ore,Borase (Ore),2,5,1,1,0.789,4e79ec1e-84ae-4f7c-a566-6e52aa5959ba,libs/foundry/records/mining/rockcompositionpresets/surfaceshipmining/rareshipmineables_bexalite.xml
RareShipMineables_Bexalite,items_commodities_bexalite_raw,4,3,f2f5bf2e-87f9-4f3d-bb59-b4e11eceeaad,Gold_Ore,Gold (Ore),2,5,1,1,0.789,4e79ec1e-84ae-4f7c-a566-6e52aa5959ba,libs/foundry/records/mining/rockcompositionpresets/surfaceshipmining/rareshipmineables_bexalite.xml
RareShipMineables_Borase,items_commodities_borase_ore,4,0,07f6158a-6494-4b7c-9dd0-bbaab7362137,Borase_Ore,Borase (Ore),9.7,15.7,1,1,1,885a28d1-911c-4454-aef6-2ccad8bc6227,libs/foundry/records/mining/rockcompositionpresets/surfaceshipmining/rareshipmineables_borase.xml
RareShipMineables_Borase,items_commodities_borase_ore,4,1,07f6158a-6494-4b7c-9dd0-bbaab7362137,Borase_Ore,Borase (Ore),24.3,74.3,1,1,0.49,885a28d1-911c-4454-aef6-2ccad8bc6227,libs/foundry/records/mining/rockcompositionpresets/surfaceshipmining/rareshipmineables_borase.xml
RareShipMineables_Borase,items_commodities_borase_ore,4,2,f48b147f-713e-481f-adf2-ff9869ac61bd,Bexalite_Raw,Bexalite (Raw),2,5,1,1,0.789,885a28d1-911c-4454-aef6-2ccad8bc6227,libs/foundry/records/mining/rockcompositionpresets/surfaceshipmining/rareshipmineables_borase.xml
RareShipMineables_Borase,items_commodities_borase_ore,4,3,f2f5bf2e-87f9-4f3d-bb59-b4e11eceeaad,Gold_Ore,Gold (Ore),2,5,1,1,0.789,885a28d1-911c-4454-aef6-2ccad8bc6227,libs/foundry/records/mining/rockcompositionpresets/surfaceshipmining/rareshipmineables_borase.xml
RareShipMineables_Borase,items_commodities_borase_ore,4,0,07f6158a-6494-4b7c-9dd0-bbaab7362137,Borase_Ore,Borase (Ore),9.7,15.7,1,1,1,885a28d1-911c-4454-aef6-2ccad8bc6227,libs/foundry/records/mining/rockcompositionpresets/surfaceshipmining/rareshipmineables_borase.xml
RareShipMineables_Borase,items_commodities_borase_ore,4,1,07f6158a-6494-4b7c-9dd0-bbaab7362137,Borase_Ore,Borase (Ore),24.3,74.3,1,1,0.49,885a28d1-911c-4454-aef6-2ccad8bc6227,libs/foundry/records/mining/rockcompositionpresets/surfaceshipmining/rareshipmineables_borase.xml
RareShipMineables_Borase,items_commodities_borase_ore,4,2,f48b147f-713e-481f-adf2-ff9869ac61bd,Bexalite_Raw,Bexalite (Raw),2,5,1,1,0.789,885a28d1-911c-4454-aef6-2ccad8bc6227,libs/foundry/records/mining/rockcompositionpresets/surfaceshipmining/rareshipmineables_borase.xml
RareShipMineables_Borase,items_commodities_borase_ore,4,3,f2f5bf2e-87f9-4f3d-bb59-b4e11eceeaad,Gold_Ore,Gold (Ore),2,5,1,1,0.789,885a28d1-911c-4454-aef6-2ccad8bc6227,libs/foundry/records/mining/rockcompositionpresets/surfaceshipmining/rareshipmineables_borase.xml
RareShipMineables_Gold,items_commodities_gold_ore,4,0,f2f5bf2e-87f9-4f3d-bb59-b4e11eceeaad,Gold_Ore,Gold (Ore),5.7,11.7,1,1,1,387cb792-f770-4eee-a525-e4cacd2cb2d1,libs/foundry/records/mining/rockcompositionpresets/surfaceshipmining/rareshipmineables_gold.xml
RareShipMineables_Gold,items_commodities_gold_ore,4,1,f2f5bf2e-87f9-4f3d-bb59-b4e11eceeaad,Gold_Ore,Gold (Ore),28.3,78.3,1,1,0.49,387cb792-f770-4eee-a525-e4cacd2cb2d1,libs/foundry/records/mining/rockcompositionpresets/surfaceshipmining/rareshipmineables_gold.xml
RareShipMineables_Gold,items_commodities_gold_ore,4,2,07f6158a-6494-4b7c-9dd0-bbaab7362137,Borase_Ore,Borase (Ore),2,5,1,1,0.789,387cb792-f770-4eee-a525-e4cacd2cb2d1,libs/foundry/records/mining/rockcompositionpresets/surfaceshipmining/rareshipmineables_gold.xml
RareShipMineables_Gold,items_commodities_gold_ore,4,3,f48b147f-713e-481f-adf2-ff9869ac61bd,Bexalite_Raw,Bexalite (Raw),2,5,1,1,0.789,387cb792-f770-4eee-a525-e4cacd2cb2d1,libs/foundry/records/mining/rockcompositionpresets/surfaceshipmining/rareshipmineables_gold.xml
RareShipMineables_Gold,items_commodities_gold_ore,4,0,f2f5bf2e-87f9-4f3d-bb59-b4e11eceeaad,Gold_Ore,Gold (Ore),5.7,11.7,1,1,1,387cb792-f770-4eee-a525-e4cacd2cb2d1,libs/foundry/records/mining/rockcompositionpresets/surfaceshipmining/rareshipmineables_gold.xml
RareShipMineables_Gold,items_commodities_gold_ore,4,1,f2f5bf2e-87f9-4f3d-bb59-b4e11eceeaad,Gold_Ore,Gold (Ore),28.3,78.3,1,1,0.49,387cb792-f770-4eee-a525-e4cacd2cb2d1,libs/foundry/records/mining/rockcompositionpresets/surfaceshipmining/rareshipmineables_gold.xml
RareShipMineables_Gold,items_commodities_gold_ore,4,2,07f6158a-6494-4b7c-9dd0-bbaab7362137,Borase_Ore,Borase (Ore),2,5,1,1,0.789,387cb792-f770-4eee-a525-e4cacd2cb2d1,libs/foundry/records/mining/rockcompositionpresets/surfaceshipmining/rareshipmineables_gold.xml
RareShipMineables_Gold,items_commodities_gold_ore,4,3,f48b147f-713e-481f-adf2-ff9869ac61bd,Bexalite_Raw,Bexalite (Raw),2,5,1,1,0.789,387cb792-f770-4eee-a525-e4cacd2cb2d1,libs/foundry/records/mining/rockcompositionpresets/surfaceshipmining/rareshipmineables_gold.xml
RareShipMineables_Taranite,items_commodities_taranite_raw,2,0,8893c670-f9f7-48df-a05b-e85764994256,Taranite_Raw,Taranite (Raw),5.7,11.7,1,1,1,926a392b-6d1f-4cb8-916c-427c7dcc3923,libs/foundry/records/mining/rockcompositionpresets/surfaceshipmining/rareshipmineables_taranite.xml
RareShipMineables_Taranite,items_commodities_taranite_raw,2,1,8893c670-f9f7-48df-a05b-e85764994256,Taranite_Raw,Taranite (Raw),38.3,88.3,1,1,0.49,926a392b-6d1f-4cb8-916c-427c7dcc3923,libs/foundry/records/mining/rockcompositionpresets/surfaceshipmining/rareshipmineables_taranite.xml
RareShipMineables_Taranite,items_commodities_taranite_raw,2,0,8893c670-f9f7-48df-a05b-e85764994256,Taranite_Raw,Taranite (Raw),5.7,11.7,1,1,1,926a392b-6d1f-4cb8-916c-427c7dcc3923,libs/foundry/records/mining/rockcompositionpresets/surfaceshipmining/rareshipmineables_taranite.xml
RareShipMineables_Taranite,items_commodities_taranite_raw,2,1,8893c670-f9f7-48df-a05b-e85764994256,Taranite_Raw,Taranite (Raw),38.3,88.3,1,1,0.49,926a392b-6d1f-4cb8-916c-427c7dcc3923,libs/foundry/records/mining/rockcompositionpresets/surfaceshipmining/rareshipmineables_taranite.xml
UncommonShipMineables_Agricium,items_commodities_agricium_ore,4,0,d61d6c33-e428-4014-9326-0b06034de16a,Agricium_Ore,Agricium (Ore),9.7,15.7,1,1,1,0a6060e6-261f-4f87-8fc9-07a6342d579e,libs/foundry/records/mining/rockcompositionpresets/surfaceshipmining/uncommonshipmineables_agricium.xml
UncommonShipMineables_Agricium,items_commodities_agricium_ore,4,1,d61d6c33-e428-4014-9326-0b06034de16a,Agricium_Ore,Agricium (Ore),24.3,74.3,1,1,0.49,0a6060e6-261f-4f87-8fc9-07a6342d579e,libs/foundry/records/mining/rockcompositionpresets/surfaceshipmining/uncommonshipmineables_agricium.xml
UncommonShipMineables_Agricium,items_commodities_agricium_ore,4,2,9bd0e34c-2b34-42a3-b41d-381088ff6fed,Aslarite_Raw,Aslarite (Raw),2,5,1,1,0.789,0a6060e6-261f-4f87-8fc9-07a6342d579e,libs/foundry/records/mining/rockcompositionpresets/surfaceshipmining/uncommonshipmineables_agricium.xml
UncommonShipMineables_Agricium,items_commodities_agricium_ore,4,3,7b9055e5-6d62-44dd-a725-a31d838301eb,Titanium_Ore,Titanium (Ore),2,5,1,1,0.789,0a6060e6-261f-4f87-8fc9-07a6342d579e,libs/foundry/records/mining/rockcompositionpresets/surfaceshipmining/uncommonshipmineables_agricium.xml
UncommonShipMineables_Agricium,items_commodities_agricium_ore,4,0,d61d6c33-e428-4014-9326-0b06034de16a,Agricium_Ore,Agricium (Ore),9.7,15.7,1,1,1,0a6060e6-261f-4f87-8fc9-07a6342d579e,libs/foundry/records/mining/rockcompositionpresets/surfaceshipmining/uncommonshipmineables_agricium.xml
UncommonShipMineables_Agricium,items_commodities_agricium_ore,4,1,d61d6c33-e428-4014-9326-0b06034de16a,Agricium_Ore,Agricium (Ore),24.3,74.3,1,1,0.49,0a6060e6-261f-4f87-8fc9-07a6342d579e,libs/foundry/records/mining/rockcompositionpresets/surfaceshipmining/uncommonshipmineables_agricium.xml
UncommonShipMineables_Agricium,items_commodities_agricium_ore,4,2,9bd0e34c-2b34-42a3-b41d-381088ff6fed,Aslarite_Raw,Aslarite (Raw),2,5,1,1,0.789,0a6060e6-261f-4f87-8fc9-07a6342d579e,libs/foundry/records/mining/rockcompositionpresets/surfaceshipmining/uncommonshipmineables_agricium.xml
UncommonShipMineables_Agricium,items_commodities_agricium_ore,4,3,7b9055e5-6d62-44dd-a725-a31d838301eb,Titanium_Ore,Titanium (Ore),2,5,1,1,0.789,0a6060e6-261f-4f87-8fc9-07a6342d579e,libs/foundry/records/mining/rockcompositionpresets/surfaceshipmining/uncommonshipmineables_agricium.xml
UncommonShipMineables_Aslarite,items_commodities_aslarite_raw,4,0,9bd0e34c-2b34-42a3-b41d-381088ff6fed,Aslarite_Raw,Aslarite (Raw),2.82,6.82,1,1,1,e2e4a538-7f96-4c9b-8136-fb961dd37cea,libs/foundry/records/mining/rockcompositionpresets/surfaceshipmining/uncommonshipmineables_aslarite.xml
UncommonShipMineables_Aslarite,items_commodities_aslarite_raw,4,1,9bd0e34c-2b34-42a3-b41d-381088ff6fed,Aslarite_Raw,Aslarite (Raw),39.18,83.18,1,1,0.49,e2e4a538-7f96-4c9b-8136-fb961dd37cea,libs/foundry/records/mining/rockcompositionpresets/surfaceshipmining/uncommonshipmineables_aslarite.xml
UncommonShipMineables_Aslarite,items_commodities_aslarite_raw,4,2,d61d6c33-e428-4014-9326-0b06034de16a,Agricium_Ore,Agricium (Ore),2,5,1,1,0.789,e2e4a538-7f96-4c9b-8136-fb961dd37cea,libs/foundry/records/mining/rockcompositionpresets/surfaceshipmining/uncommonshipmineables_aslarite.xml
UncommonShipMineables_Aslarite,items_commodities_aslarite_raw,4,3,7b9055e5-6d62-44dd-a725-a31d838301eb,Titanium_Ore,Titanium (Ore),2,5,1,1,0.789,e2e4a538-7f96-4c9b-8136-fb961dd37cea,libs/foundry/records/mining/rockcompositionpresets/surfaceshipmining/uncommonshipmineables_aslarite.xml
UncommonShipMineables_Aslarite,items_commodities_aslarite_raw,4,0,9bd0e34c-2b34-42a3-b41d-381088ff6fed,Aslarite_Raw,Aslarite (Raw),2.82,6.82,1,1,1,e2e4a538-7f96-4c9b-8136-fb961dd37cea,libs/foundry/records/mining/rockcompositionpresets/surfaceshipmining/uncommonshipmineables_aslarite.xml
UncommonShipMineables_Aslarite,items_commodities_aslarite_raw,4,1,9bd0e34c-2b34-42a3-b41d-381088ff6fed,Aslarite_Raw,Aslarite (Raw),39.18,83.18,1,1,0.49,e2e4a538-7f96-4c9b-8136-fb961dd37cea,libs/foundry/records/mining/rockcompositionpresets/surfaceshipmining/uncommonshipmineables_aslarite.xml
UncommonShipMineables_Aslarite,items_commodities_aslarite_raw,4,2,d61d6c33-e428-4014-9326-0b06034de16a,Agricium_Ore,Agricium (Ore),2,5,1,1,0.789,e2e4a538-7f96-4c9b-8136-fb961dd37cea,libs/foundry/records/mining/rockcompositionpresets/surfaceshipmining/uncommonshipmineables_aslarite.xml
UncommonShipMineables_Aslarite,items_commodities_aslarite_raw,4,3,7b9055e5-6d62-44dd-a725-a31d838301eb,Titanium_Ore,Titanium (Ore),2,5,1,1,0.789,e2e4a538-7f96-4c9b-8136-fb961dd37cea,libs/foundry/records/mining/rockcompositionpresets/surfaceshipmining/uncommonshipmineables_aslarite.xml
UncommonShipMineables_Laranite,items_commodities_laranite_raw,3,0,8375a8d8-1627-4d35-ae91-6f39b373c3ad,Laranite_Raw,Laranite (Raw),5.7,11.7,1,1,1,f69ad5eb-97f4-4623-ae8e-f7c12ba09598,libs/foundry/records/mining/rockcompositionpresets/surfaceshipmining/uncommonshipmineables_laranite.xml
UncommonShipMineables_Laranite,items_commodities_laranite_raw,3,1,8375a8d8-1627-4d35-ae91-6f39b373c3ad,Laranite_Raw,Laranite (Raw),28.3,78.3,1,1,0.49,f69ad5eb-97f4-4623-ae8e-f7c12ba09598,libs/foundry/records/mining/rockcompositionpresets/surfaceshipmining/uncommonshipmineables_laranite.xml
UncommonShipMineables_Laranite,items_commodities_laranite_raw,3,2,8f6a7e06-934d-4339-a0a2-75420b81369a,Tungsten_Ore,Tungsten (Ore),5,10,1,1,0.789,f69ad5eb-97f4-4623-ae8e-f7c12ba09598,libs/foundry/records/mining/rockcompositionpresets/surfaceshipmining/uncommonshipmineables_laranite.xml
UncommonShipMineables_Laranite,items_commodities_laranite_raw,3,0,8375a8d8-1627-4d35-ae91-6f39b373c3ad,Laranite_Raw,Laranite (Raw),5.7,11.7,1,1,1,f69ad5eb-97f4-4623-ae8e-f7c12ba09598,libs/foundry/records/mining/rockcompositionpresets/surfaceshipmining/uncommonshipmineables_laranite.xml
UncommonShipMineables_Laranite,items_commodities_laranite_raw,3,1,8375a8d8-1627-4d35-ae91-6f39b373c3ad,Laranite_Raw,Laranite (Raw),28.3,78.3,1,1,0.49,f69ad5eb-97f4-4623-ae8e-f7c12ba09598,libs/foundry/records/mining/rockcompositionpresets/surfaceshipmining/uncommonshipmineables_laranite.xml
UncommonShipMineables_Laranite,items_commodities_laranite_raw,3,2,8f6a7e06-934d-4339-a0a2-75420b81369a,Tungsten_Ore,Tungsten (Ore),5,10,1,1,0.789,f69ad5eb-97f4-4623-ae8e-f7c12ba09598,libs/foundry/records/mining/rockcompositionpresets/surfaceshipmining/uncommonshipmineables_laranite.xml
UncommonShipMineables_Titanium,items_commodities_titanium_ore,4,0,7b9055e5-6d62-44dd-a725-a31d838301eb,Titanium_Ore,Titanium (Ore),9.7,15.7,1,1,1,20724d8d-ab6e-4a69-8837-ebd850e2cfab,libs/foundry/records/mining/rockcompositionpresets/surfaceshipmining/uncommonshipmineables_titanium.xml
UncommonShipMineables_Titanium,items_commodities_titanium_ore,4,1,7b9055e5-6d62-44dd-a725-a31d838301eb,Titanium_Ore,Titanium (Ore),24.3,74.3,1,1,0.49,20724d8d-ab6e-4a69-8837-ebd850e2cfab,libs/foundry/records/mining/rockcompositionpresets/surfaceshipmining/uncommonshipmineables_titanium.xml
UncommonShipMineables_Titanium,items_commodities_titanium_ore,4,2,d61d6c33-e428-4014-9326-0b06034de16a,Agricium_Ore,Agricium (Ore),2,5,1,1,0.789,20724d8d-ab6e-4a69-8837-ebd850e2cfab,libs/foundry/records/mining/rockcompositionpresets/surfaceshipmining/uncommonshipmineables_titanium.xml
UncommonShipMineables_Titanium,items_commodities_titanium_ore,4,3,9bd0e34c-2b34-42a3-b41d-381088ff6fed,Aslarite_Raw,Aslarite (Raw),2,5,1,1,0.789,20724d8d-ab6e-4a69-8837-ebd850e2cfab,libs/foundry/records/mining/rockcompositionpresets/surfaceshipmining/uncommonshipmineables_titanium.xml
UncommonShipMineables_Titanium,items_commodities_titanium_ore,4,0,7b9055e5-6d62-44dd-a725-a31d838301eb,Titanium_Ore,Titanium (Ore),9.7,15.7,1,1,1,20724d8d-ab6e-4a69-8837-ebd850e2cfab,libs/foundry/records/mining/rockcompositionpresets/surfaceshipmining/uncommonshipmineables_titanium.xml
UncommonShipMineables_Titanium,items_commodities_titanium_ore,4,1,7b9055e5-6d62-44dd-a725-a31d838301eb,Titanium_Ore,Titanium (Ore),24.3,74.3,1,1,0.49,20724d8d-ab6e-4a69-8837-ebd850e2cfab,libs/foundry/records/mining/rockcompositionpresets/surfaceshipmining/uncommonshipmineables_titanium.xml
UncommonShipMineables_Titanium,items_commodities_titanium_ore,4,2,d61d6c33-e428-4014-9326-0b06034de16a,Agricium_Ore,Agricium (Ore),2,5,1,1,0.789,20724d8d-ab6e-4a69-8837-ebd850e2cfab,libs/foundry/records/mining/rockcompositionpresets/surfaceshipmining/uncommonshipmineables_titanium.xml
UncommonShipMineables_Titanium,items_commodities_titanium_ore,4,3,9bd0e34c-2b34-42a3-b41d-381088ff6fed,Aslarite_Raw,Aslarite (Raw),2,5,1,1,0.789,20724d8d-ab6e-4a69-8837-ebd850e2cfab,libs/foundry/records/mining/rockcompositionpresets/surfaceshipmining/uncommonshipmineables_titanium.xml
UncommonShipMineables_Torite,items_commodities_torite_ore,2,0,d0b10af3-e0f3-4bc3-b2d9-737dbb7846cf,Torite_Ore,Torite (Ore),9.7,15.7,1,1,1,98aa6986-1b1b-475b-8488-41ad6182d1da,libs/foundry/records/mining/rockcompositionpresets/surfaceshipmining/uncommonshipmineables_torite.xml
UncommonShipMineables_Torite,items_commodities_torite_ore,2,1,d0b10af3-e0f3-4bc3-b2d9-737dbb7846cf,Torite_Ore,Torite (Ore),34.3,84.3,1,1,0.49,98aa6986-1b1b-475b-8488-41ad6182d1da,libs/foundry/records/mining/rockcompositionpresets/surfaceshipmining/uncommonshipmineables_torite.xml
UncommonShipMineables_Torite,items_commodities_torite_ore,2,0,d0b10af3-e0f3-4bc3-b2d9-737dbb7846cf,Torite_Ore,Torite (Ore),9.7,15.7,1,1,1,98aa6986-1b1b-475b-8488-41ad6182d1da,libs/foundry/records/mining/rockcompositionpresets/surfaceshipmining/uncommonshipmineables_torite.xml
UncommonShipMineables_Torite,items_commodities_torite_ore,2,1,d0b10af3-e0f3-4bc3-b2d9-737dbb7846cf,Torite_Ore,Torite (Ore),34.3,84.3,1,1,0.49,98aa6986-1b1b-475b-8488-41ad6182d1da,libs/foundry/records/mining/rockcompositionpresets/surfaceshipmining/uncommonshipmineables_torite.xml
UncommonShipMineables_Tungsten,items_commodities_tungsten_ore,3,0,8f6a7e06-934d-4339-a0a2-75420b81369a,Tungsten_Ore,Tungsten (Ore),9.7,15.7,1,1,1,2aaef6ae-ec1d-41f3-9c33-c6f37c4f4535,libs/foundry/records/mining/rockcompositionpresets/surfaceshipmining/uncommonshipmineables_tungsten.xml
UncommonShipMineables_Tungsten,items_commodities_tungsten_ore,3,1,8f6a7e06-934d-4339-a0a2-75420b81369a,Tungsten_Ore,Tungsten (Ore),24.3,74.3,1,1,0.49,2aaef6ae-ec1d-41f3-9c33-c6f37c4f4535,libs/foundry/records/mining/rockcompositionpresets/surfaceshipmining/uncommonshipmineables_tungsten.xml
UncommonShipMineables_Tungsten,items_commodities_tungsten_ore,3,2,8375a8d8-1627-4d35-ae91-6f39b373c3ad,Laranite_Raw,Laranite (Raw),5,10,1,1,0.789,2aaef6ae-ec1d-41f3-9c33-c6f37c4f4535,libs/foundry/records/mining/rockcompositionpresets/surfaceshipmining/uncommonshipmineables_tungsten.xml
UncommonShipMineables_Tungsten,items_commodities_tungsten_ore,3,0,8f6a7e06-934d-4339-a0a2-75420b81369a,Tungsten_Ore,Tungsten (Ore),9.7,15.7,1,1,1,2aaef6ae-ec1d-41f3-9c33-c6f37c4f4535,libs/foundry/records/mining/rockcompositionpresets/surfaceshipmining/uncommonshipmineables_tungsten.xml
UncommonShipMineables_Tungsten,items_commodities_tungsten_ore,3,1,8f6a7e06-934d-4339-a0a2-75420b81369a,Tungsten_Ore,Tungsten (Ore),24.3,74.3,1,1,0.49,2aaef6ae-ec1d-41f3-9c33-c6f37c4f4535,libs/foundry/records/mining/rockcompositionpresets/surfaceshipmining/uncommonshipmineables_tungsten.xml
UncommonShipMineables_Tungsten,items_commodities_tungsten_ore,3,2,8375a8d8-1627-4d35-ae91-6f39b373c3ad,Laranite_Raw,Laranite (Raw),5,10,1,1,0.789,2aaef6ae-ec1d-41f3-9c33-c6f37c4f4535,libs/foundry/records/mining/rockcompositionpresets/surfaceshipmining/uncommonshipmineables_tungsten.xml
TestCompositionPreset_Agricium,hud_mining_rock_name_1,1,0,d61d6c33-e428-4014-9326-0b06034de16a,Agricium_Ore,Agricium (Ore),100,100,1,1,1,5de1a1d9-784a-4afb-a125-e98b3ff45559,libs/foundry/records/mining/rockcompositionpresets/testcompositionpreset_agricium.xml
TestCompositionPreset_Agricium,hud_mining_rock_name_1,1,0,d61d6c33-e428-4014-9326-0b06034de16a,Agricium_Ore,Agricium (Ore),100,100,1,1,1,5de1a1d9-784a-4afb-a125-e98b3ff45559,libs/foundry/records/mining/rockcompositionpresets/testcompositionpreset_agricium.xml
TestCompositionPreset_Aluminium,hud_mining_rock_name_1,1,0,3776294d-5689-41f2-b03d-e8fcd17ede6a,Aluminium_Ore,Aluminum (Ore),100,100,1,1,1,d796027d-d990-4dcc-b4ce-640bb20ae315,libs/foundry/records/mining/rockcompositionpresets/testcompositionpreset_aluminium.xml
TestCompositionPreset_Aluminium,hud_mining_rock_name_1,1,0,3776294d-5689-41f2-b03d-e8fcd17ede6a,Aluminium_Ore,Aluminum (Ore),100,100,1,1,1,d796027d-d990-4dcc-b4ce-640bb20ae315,libs/foundry/records/mining/rockcompositionpresets/testcompositionpreset_aluminium.xml
TestCompositionPreset_Beryl,hud_mining_rock_name_1,1,0,cad02f99-292c-4ee4-93cc-a73868f11ddb,Beryl_Raw,Beryl (Raw),100,100,1,1,1,14561ecc-f915-4cb0-9cd1-84e9056a5e1f,libs/foundry/records/mining/rockcompositionpresets/testcompositionpreset_beryl.xml
TestCompositionPreset_Beryl,hud_mining_rock_name_1,1,0,cad02f99-292c-4ee4-93cc-a73868f11ddb,Beryl_Raw,Beryl (Raw),100,100,1,1,1,14561ecc-f915-4cb0-9cd1-84e9056a5e1f,libs/foundry/records/mining/rockcompositionpresets/testcompositionpreset_beryl.xml
TestCompositionPreset_Bexalite,hud_mining_rock_name_1,1,0,f48b147f-713e-481f-adf2-ff9869ac61bd,Bexalite_Raw,Bexalite (Raw),100,100,1,1,1,edf87520-0395-46dc-a219-c4de292bc2b9,libs/foundry/records/mining/rockcompositionpresets/testcompositionpreset_bexalite.xml
TestCompositionPreset_Bexalite,hud_mining_rock_name_1,1,0,f48b147f-713e-481f-adf2-ff9869ac61bd,Bexalite_Raw,Bexalite (Raw),100,100,1,1,1,edf87520-0395-46dc-a219-c4de292bc2b9,libs/foundry/records/mining/rockcompositionpresets/testcompositionpreset_bexalite.xml
TestCompositionPreset_Borase,hud_mining_rock_name_1,1,0,07f6158a-6494-4b7c-9dd0-bbaab7362137,Borase_Ore,Borase (Ore),100,100,1,1,1,cd98e34f-41d5-4525-a404-2f053e7d350e,libs/foundry/records/mining/rockcompositionpresets/testcompositionpreset_borase.xml
TestCompositionPreset_Borase,hud_mining_rock_name_1,1,0,07f6158a-6494-4b7c-9dd0-bbaab7362137,Borase_Ore,Borase (Ore),100,100,1,1,1,cd98e34f-41d5-4525-a404-2f053e7d350e,libs/foundry/records/mining/rockcompositionpresets/testcompositionpreset_borase.xml
TestCompositionPreset_Copper,hud_mining_rock_name_1,1,0,ee12edc1-a2c3-4202-909d-9b729a050a3f,Copper_Ore,Copper (Ore),100,100,1,1,1,8796ef61-fa06-4fb2-b9c5-cda0583b294b,libs/foundry/records/mining/rockcompositionpresets/testcompositionpreset_copper.xml
TestCompositionPreset_Copper,hud_mining_rock_name_1,1,0,ee12edc1-a2c3-4202-909d-9b729a050a3f,Copper_Ore,Copper (Ore),100,100,1,1,1,8796ef61-fa06-4fb2-b9c5-cda0583b294b,libs/foundry/records/mining/rockcompositionpresets/testcompositionpreset_copper.xml
TestCompositionPreset_Corundum,hud_mining_rock_name_1,1,0,b471b96c-efbb-4342-90de-cfa087604d8e,Corundum_Raw,Corundum (Raw),100,100,1,1,1,2890fcdf-de40-499b-a976-184cb3faa5ae,libs/foundry/records/mining/rockcompositionpresets/testcompositionpreset_corundum.xml
TestCompositionPreset_Corundum,hud_mining_rock_name_1,1,0,b471b96c-efbb-4342-90de-cfa087604d8e,Corundum_Raw,Corundum (Raw),100,100,1,1,1,2890fcdf-de40-499b-a976-184cb3faa5ae,libs/foundry/records/mining/rockcompositionpresets/testcompositionpreset_corundum.xml
TestCompositionPreset_Gold,hud_mining_rock_name_1,1,0,f2f5bf2e-87f9-4f3d-bb59-b4e11eceeaad,Gold_Ore,Gold (Ore),100,100,1,1,1,4104708c-63a1-4dba-935d-c026175fba48,libs/foundry/records/mining/rockcompositionpresets/testcompositionpreset_gold.xml
TestCompositionPreset_Gold,hud_mining_rock_name_1,1,0,f2f5bf2e-87f9-4f3d-bb59-b4e11eceeaad,Gold_Ore,Gold (Ore),100,100,1,1,1,4104708c-63a1-4dba-935d-c026175fba48,libs/foundry/records/mining/rockcompositionpresets/testcompositionpreset_gold.xml
TestCompositionPreset_Hephasestanite,hud_mining_rock_name_1,1,0,220c2e18-9324-4528-b399-2f908488b204,Hephaestanite_Raw,Hephaestanite (Raw),100,100,1,1,1,c260e40a-137e-4cca-ab82-181ef161ff29,libs/foundry/records/mining/rockcompositionpresets/testcompositionpreset_hephasestanite.xml
TestCompositionPreset_Hephasestanite,hud_mining_rock_name_1,1,0,220c2e18-9324-4528-b399-2f908488b204,Hephaestanite_Raw,Hephaestanite (Raw),100,100,1,1,1,c260e40a-137e-4cca-ab82-181ef161ff29,libs/foundry/records/mining/rockcompositionpresets/testcompositionpreset_hephasestanite.xml
TestCompositionPreset_Iron,hud_mining_rock_name_1,1,0,05708bae-1cb1-4e63-bb95-ec7f4a3ef430,Iron_Ore,Iron (Ore),100,100,1,1,1,ac3dc70a-5925-4a74-95eb-78e1c7456bb7,libs/foundry/records/mining/rockcompositionpresets/testcompositionpreset_iron.xml
TestCompositionPreset_Iron,hud_mining_rock_name_1,1,0,05708bae-1cb1-4e63-bb95-ec7f4a3ef430,Iron_Ore,Iron (Ore),100,100,1,1,1,ac3dc70a-5925-4a74-95eb-78e1c7456bb7,libs/foundry/records/mining/rockcompositionpresets/testcompositionpreset_iron.xml
TestCompositionPreset_Laranite,hud_mining_rock_name_1,1,0,8375a8d8-1627-4d35-ae91-6f39b373c3ad,Laranite_Raw,Laranite (Raw),100,100,1,1,1,b6c037a1-c6ca-426f-aa5d-e1f0d01016ff,libs/foundry/records/mining/rockcompositionpresets/testcompositionpreset_laranite.xml
TestCompositionPreset_Laranite,hud_mining_rock_name_1,1,0,8375a8d8-1627-4d35-ae91-6f39b373c3ad,Laranite_Raw,Laranite (Raw),100,100,1,1,1,b6c037a1-c6ca-426f-aa5d-e1f0d01016ff,libs/foundry/records/mining/rockcompositionpresets/testcompositionpreset_laranite.xml
TestCompositionPreset_Quantainium,hud_mining_rock_name_1,1,0,fc62043c-3f29-4fff-b754-2301762723f7,Quantainium_Raw,Quantainium (Raw),100,100,1,1,1,25ee6b21-7dc6-4326-a85e-bed6aea0752c,libs/foundry/records/mining/rockcompositionpresets/testcompositionpreset_quantainium.xml
TestCompositionPreset_Quantainium,hud_mining_rock_name_1,1,0,fc62043c-3f29-4fff-b754-2301762723f7,Quantainium_Raw,Quantainium (Raw),100,100,1,1,1,25ee6b21-7dc6-4326-a85e-bed6aea0752c,libs/foundry/records/mining/rockcompositionpresets/testcompositionpreset_quantainium.xml
TestCompositionPreset_Quartz,hud_mining_rock_name_1,1,0,1d35c0bc-9142-42ff-8a83-0ec68d69a128,Quartz_Raw,Quartz (Raw),100,100,1,1,1,04e07598-9746-4758-985c-25c8e642043c,libs/foundry/records/mining/rockcompositionpresets/testcompositionpreset_quartz.xml
TestCompositionPreset_Quartz,hud_mining_rock_name_1,1,0,1d35c0bc-9142-42ff-8a83-0ec68d69a128,Quartz_Raw,Quartz (Raw),100,100,1,1,1,04e07598-9746-4758-985c-25c8e642043c,libs/foundry/records/mining/rockcompositionpresets/testcompositionpreset_quartz.xml
TestCompositionPreset_Taranite,hud_mining_rock_name_1,1,0,8893c670-f9f7-48df-a05b-e85764994256,Taranite_Raw,Taranite (Raw),100,100,1,1,1,7657d4dc-41d1-456a-b80a-5378985ecbc5,libs/foundry/records/mining/rockcompositionpresets/testcompositionpreset_taranite.xml
TestCompositionPreset_Taranite,hud_mining_rock_name_1,1,0,8893c670-f9f7-48df-a05b-e85764994256,Taranite_Raw,Taranite (Raw),100,100,1,1,1,7657d4dc-41d1-456a-b80a-5378985ecbc5,libs/foundry/records/mining/rockcompositionpresets/testcompositionpreset_taranite.xml
TestCompositionPreset_Titanium,hud_mining_rock_name_1,1,0,7b9055e5-6d62-44dd-a725-a31d838301eb,Titanium_Ore,Titanium (Ore),100,100,1,1,1,99cf557e-9126-4f1f-831d-03f1b1aa7561,libs/foundry/records/mining/rockcompositionpresets/testcompositionpreset_titanium.xml
TestCompositionPreset_Titanium,hud_mining_rock_name_1,1,0,7b9055e5-6d62-44dd-a725-a31d838301eb,Titanium_Ore,Titanium (Ore),100,100,1,1,1,99cf557e-9126-4f1f-831d-03f1b1aa7561,libs/foundry/records/mining/rockcompositionpresets/testcompositionpreset_titanium.xml
TestCompositionPreset_Tungsten,hud_mining_rock_name_1,1,0,8f6a7e06-934d-4339-a0a2-75420b81369a,Tungsten_Ore,Tungsten (Ore),100,100,1,1,1,26903b4e-4f4b-4ae9-8af3-7814fb0e5a02,libs/foundry/records/mining/rockcompositionpresets/testcompositionpreset_tungsten.xml
TestCompositionPreset_Tungsten,hud_mining_rock_name_1,1,0,8f6a7e06-934d-4339-a0a2-75420b81369a,Tungsten_Ore,Tungsten (Ore),100,100,1,1,1,26903b4e-4f4b-4ae9-8af3-7814fb0e5a02,libs/foundry/records/mining/rockcompositionpresets/testcompositionpreset_tungsten.xml
TestCompositionPreset,hud_mining_rock_name_1,1,0,3776294d-5689-41f2-b03d-e8fcd17ede6a,Aluminium_Ore,Aluminum (Ore),100,100,1,1,1,7fd5b716-8e47-424b-87b4-4e475bd179a1,libs/foundry/records/mining/rockcompositionpresets/testcompositionpreset.xml
TestCompositionPreset,hud_mining_rock_name_1,1,0,3776294d-5689-41f2-b03d-e8fcd17ede6a,Aluminium_Ore,Aluminum (Ore),100,100,1,1,1,7fd5b716-8e47-424b-87b4-4e475bd179a1,libs/foundry/records/mining/rockcompositionpresets/testcompositionpreset.xml
TestFPSDeposit,ui_Abandon,1,0,0a523c7c-6fa5-4061-81ce-f1537e255c3e,MinableElement_FPS_VLKLimpet,Vlklimpet,100,100,1,1,1,670e8836-4d5e-42eb-a35d-7199fd87732f,libs/foundry/records/mining/rockcompositionpresets/testfpsdeposit.xml
TestFPSDeposit,ui_Abandon,1,0,0a523c7c-6fa5-4061-81ce-f1537e255c3e,MinableElement_FPS_VLKLimpet,Vlklimpet,100,100,1,1,1,670e8836-4d5e-42eb-a35d-7199fd87732f,libs/foundry/records/mining/rockcompositionpresets/testfpsdeposit.xml
