Template Class,Contract Class Type,Owner GUID,Owner Class,Display Type GUID,Display Type Class,Illegal,Show Life Time In MobiGlas,Pre Show Objectives,Has Complete Button,Handles Abandon Request,Can Be Shared,Display Allied Markers,Only Owner Can Complete,Fail If Sent To Prison,Fail If Became Criminal,Fail If Leave Prison,Mission Completion Time,Mission Auto End,Mission Result After Timer End,Remaining Time To Show Timer,Objective Count,Mission Property Count,Objective Handler Types,Objective Handler Modules,Objective Display Keys,Travel Objective Keys,Return Objective Keys,Override Mission Details Keys,Nav Point Name Keys,String Hash Keys,Location Tag GUIDs,Location Tag Classes,Record GUID,Record Path
AssistShipInCombat,ContractClass_Contract,300dcbf0-d201-465b-a7be-af7e15a0a512,MDT,62f92440-202a-43d3-9cb8-b917d4e4a102,Mercenary,0,1,0,0,0,1,1,0,1,1,0,0,0,Failed,0,1,14,ObjectiveHandler_Local,Libs/Subsumption/Missions/PU/Missions/AssistShipInCombat/AssistShipInCombat.xml,,TravelObjective_Long | TravelObjective_Short,ReturnObjective_Long | ReturnObjective_Short,,mission_items_QTQuantumBeacon,Intersec_TSG_Assist_Solo_wavename,,,68ebca3f-da55-4a43-9187-9037e9fe9122,libs/foundry/records/contracts/assistshipincombat.xml
AssistShipInCombat,ContractClass_Contract,300dcbf0-d201-465b-a7be-af7e15a0a512,MDT,62f92440-202a-43d3-9cb8-b917d4e4a102,Mercenary,0,1,0,0,0,1,1,0,1,1,0,0,0,Failed,0,1,14,ObjectiveHandler_Local,Libs/Subsumption/Missions/PU/Missions/AssistShipInCombat/AssistShipInCombat.xml,,TravelObjective_Long | TravelObjective_Short,ReturnObjective_Long | ReturnObjective_Short,,mission_items_QTQuantumBeacon,Intersec_TSG_Assist_Solo_wavename,,,68ebca3f-da55-4a43-9187-9037e9fe9122,libs/foundry/records/contracts/assistshipincombat.xml
AcePilot,ContractClass_Contract,300dcbf0-d201-465b-a7be-af7e15a0a512,MDT,62f92440-202a-43d3-9cb8-b917d4e4a102,Mercenary,0,1,0,0,0,0,1,0,1,1,0,0,0,Failed,0,1,7,ObjectiveHandler_Local,Libs/Subsumption/Missions/PU/Missions/RandomEncounter/AcePilot.xml,,TravelObjective_Long | TravelObjective_Short,ReturnObjective_Long | ReturnObjective_Short,,mission_items_QTDistressBeacon,,,,3206b6b1-6390-4940-8c61-269e997f7f10,libs/foundry/records/contracts/contracttemplates/acepilot.xml
AcePilot,ContractClass_Contract,300dcbf0-d201-465b-a7be-af7e15a0a512,MDT,62f92440-202a-43d3-9cb8-b917d4e4a102,Mercenary,0,1,0,0,0,0,1,0,1,1,0,0,0,Failed,0,1,7,ObjectiveHandler_Local,Libs/Subsumption/Missions/PU/Missions/RandomEncounter/AcePilot.xml,,TravelObjective_Long | TravelObjective_Short,ReturnObjective_Long | ReturnObjective_Short,,mission_items_QTDistressBeacon,,,,3206b6b1-6390-4940-8c61-269e997f7f10,libs/foundry/records/contracts/contracttemplates/acepilot.xml
AntiBombingRun,ContractClass_Contract,300dcbf0-d201-465b-a7be-af7e15a0a512,MDT,62f92440-202a-43d3-9cb8-b917d4e4a102,Mercenary,0,1,0,0,0,1,1,0,1,1,0,60,0,Failed,0,1,7,ObjectiveHandler_Local,Libs/Subsumption/Missions/PU/Missions/BombingRun/AntiBombingRun/AntiBombingRun.xml,,TravelObjective_Long | TravelObjective_Short,ReturnObjective_Long | ReturnObjective_Short,,,,57b007fe-8cf0-4cda-b882-e45f12daf292,,795cc7fe-4f88-48ab-b58b-2de2a4ad2bf6,libs/foundry/records/contracts/contracttemplates/antibombingrun.xml
AntiBombingRun,ContractClass_Contract,300dcbf0-d201-465b-a7be-af7e15a0a512,MDT,62f92440-202a-43d3-9cb8-b917d4e4a102,Mercenary,0,1,0,0,0,1,1,0,1,1,0,60,0,Failed,0,1,7,ObjectiveHandler_Local,Libs/Subsumption/Missions/PU/Missions/BombingRun/AntiBombingRun/AntiBombingRun.xml,,TravelObjective_Long | TravelObjective_Short,ReturnObjective_Long | ReturnObjective_Short,,,,57b007fe-8cf0-4cda-b882-e45f12daf292,,795cc7fe-4f88-48ab-b58b-2de2a4ad2bf6,libs/foundry/records/contracts/contracttemplates/antibombingrun.xml
Phase2-Mission01,ContractClass_Contract,300dcbf0-d201-465b-a7be-af7e15a0a512,MDT,0505e20d-d7d9-482e-ba79-875d3c3a03b2,Investigation,0,1,0,0,0,1,1,0,1,1,0,0,0,Failed,0,3,12,ObjectiveHandler_Hauling | ObjectiveHandler_Local,Libs/Subsumption/Missions/PU/Missions/FacilityDelve/GoToObjective.xml | Libs/Subsumption/Missions/PU/Missions/FacilityDelve/Phase2/01-RadiationReadings.xml,,TravelObjective_Long | TravelObjective_Short,ReturnObjective_Long | ReturnObjective_Short,,mission_items_QTQuantumBeacon,Hockrow_from,1493b14f-f03b-4349-b636-5be526da3507 | 1d2557d6-23ba-4589-ad10-b8892d4b4c26 | 2437ed8b-980d-44e9-a8df-c9d38ef310e1 | 41ef12a1-59fc-4b92-a5bc-53cb2f6d474e | 4d694d23-f78e-4ea4-8215-0eb4fd3257a9 | 6c4dedce-0487-4586-b75e-0960a757ad45 | 984285ee-9b94-48c9-b11a-915fc11643a4 | f00b6f01-7245-437d-9c41-da6a00e2df43 | ff4d704a-7840-4577-ba64-7d4bd709ab9d, |  |  |  |  |  |  |  | ,b5b3e352-20b6-45ac-a8fd-b509ed4e9440,libs/foundry/records/contracts/contracttemplates/asdfacilitydelve/phase2-mission01.xml
Phase2-Mission01,ContractClass_Contract,300dcbf0-d201-465b-a7be-af7e15a0a512,MDT,0505e20d-d7d9-482e-ba79-875d3c3a03b2,Investigation,0,1,0,0,0,1,1,0,1,1,0,0,0,Failed,0,3,12,ObjectiveHandler_Hauling | ObjectiveHandler_Local,Libs/Subsumption/Missions/PU/Missions/FacilityDelve/GoToObjective.xml | Libs/Subsumption/Missions/PU/Missions/FacilityDelve/Phase2/01-RadiationReadings.xml,,TravelObjective_Long | TravelObjective_Short,ReturnObjective_Long | ReturnObjective_Short,,mission_items_QTQuantumBeacon,Hockrow_from,1493b14f-f03b-4349-b636-5be526da3507 | 1d2557d6-23ba-4589-ad10-b8892d4b4c26 | 2437ed8b-980d-44e9-a8df-c9d38ef310e1 | 41ef12a1-59fc-4b92-a5bc-53cb2f6d474e | 4d694d23-f78e-4ea4-8215-0eb4fd3257a9 | 6c4dedce-0487-4586-b75e-0960a757ad45 | 984285ee-9b94-48c9-b11a-915fc11643a4 | f00b6f01-7245-437d-9c41-da6a00e2df43 | ff4d704a-7840-4577-ba64-7d4bd709ab9d, |  |  |  |  |  |  |  | ,b5b3e352-20b6-45ac-a8fd-b509ed4e9440,libs/foundry/records/contracts/contracttemplates/asdfacilitydelve/phase2-mission01.xml
Phase2-Mission02,ContractClass_Contract,300dcbf0-d201-465b-a7be-af7e15a0a512,MDT,0505e20d-d7d9-482e-ba79-875d3c3a03b2,Investigation,0,1,0,0,0,1,1,0,1,1,0,0,0,Failed,0,3,11,ObjectiveHandler_Hauling | ObjectiveHandler_Local,Libs/Subsumption/Missions/PU/Missions/FacilityDelve/GoToObjective.xml | Libs/Subsumption/Missions/PU/Missions/FacilityDelve/Phase2/02-SecurityData.xml,,TravelObjective_Long | TravelObjective_Short,ReturnObjective_Long | ReturnObjective_Short,,mission_items_QTQuantumBeacon,Hockrow_from,1493b14f-f03b-4349-b636-5be526da3507 | 1d2557d6-23ba-4589-ad10-b8892d4b4c26 | 2437ed8b-980d-44e9-a8df-c9d38ef310e1 | 41ef12a1-59fc-4b92-a5bc-53cb2f6d474e | 4d694d23-f78e-4ea4-8215-0eb4fd3257a9 | 6c4dedce-0487-4586-b75e-0960a757ad45 | 984285ee-9b94-48c9-b11a-915fc11643a4 | f00b6f01-7245-437d-9c41-da6a00e2df43 | ff4d704a-7840-4577-ba64-7d4bd709ab9d, |  |  |  |  |  |  |  | ,1f7cb91c-b6f8-4666-88a4-1589fec362de,libs/foundry/records/contracts/contracttemplates/asdfacilitydelve/phase2-mission02.xml
Phase2-Mission02,ContractClass_Contract,300dcbf0-d201-465b-a7be-af7e15a0a512,MDT,0505e20d-d7d9-482e-ba79-875d3c3a03b2,Investigation,0,1,0,0,0,1,1,0,1,1,0,0,0,Failed,0,3,11,ObjectiveHandler_Hauling | ObjectiveHandler_Local,Libs/Subsumption/Missions/PU/Missions/FacilityDelve/GoToObjective.xml | Libs/Subsumption/Missions/PU/Missions/FacilityDelve/Phase2/02-SecurityData.xml,,TravelObjective_Long | TravelObjective_Short,ReturnObjective_Long | ReturnObjective_Short,,mission_items_QTQuantumBeacon,Hockrow_from,1493b14f-f03b-4349-b636-5be526da3507 | 1d2557d6-23ba-4589-ad10-b8892d4b4c26 | 2437ed8b-980d-44e9-a8df-c9d38ef310e1 | 41ef12a1-59fc-4b92-a5bc-53cb2f6d474e | 4d694d23-f78e-4ea4-8215-0eb4fd3257a9 | 6c4dedce-0487-4586-b75e-0960a757ad45 | 984285ee-9b94-48c9-b11a-915fc11643a4 | f00b6f01-7245-437d-9c41-da6a00e2df43 | ff4d704a-7840-4577-ba64-7d4bd709ab9d, |  |  |  |  |  |  |  | ,1f7cb91c-b6f8-4666-88a4-1589fec362de,libs/foundry/records/contracts/contracttemplates/asdfacilitydelve/phase2-mission02.xml
Phase2-Mission03,ContractClass_Contract,300dcbf0-d201-465b-a7be-af7e15a0a512,MDT,0505e20d-d7d9-482e-ba79-875d3c3a03b2,Investigation,0,1,0,0,0,1,1,0,1,1,0,0,0,Failed,0,3,11,ObjectiveHandler_Hauling | ObjectiveHandler_Local,Libs/Subsumption/Missions/PU/Missions/FacilityDelve/GoToObjective.xml | Libs/Subsumption/Missions/PU/Missions/FacilityDelve/Phase2/03-HijackData.xml,,TravelObjective_Long | TravelObjective_Short,ReturnObjective_Long | ReturnObjective_Short,,mission_items_QTQuantumBeacon,Hockrow_from,1493b14f-f03b-4349-b636-5be526da3507 | 1d2557d6-23ba-4589-ad10-b8892d4b4c26 | 2437ed8b-980d-44e9-a8df-c9d38ef310e1 | 41ef12a1-59fc-4b92-a5bc-53cb2f6d474e | 4d694d23-f78e-4ea4-8215-0eb4fd3257a9 | 6c4dedce-0487-4586-b75e-0960a757ad45 | 984285ee-9b94-48c9-b11a-915fc11643a4 | f00b6f01-7245-437d-9c41-da6a00e2df43 | ff4d704a-7840-4577-ba64-7d4bd709ab9d, |  |  |  |  |  |  |  | ,e9b74048-4574-417b-ba6a-f99a74a2f4fe,libs/foundry/records/contracts/contracttemplates/asdfacilitydelve/phase2-mission03.xml
Phase2-Mission03,ContractClass_Contract,300dcbf0-d201-465b-a7be-af7e15a0a512,MDT,0505e20d-d7d9-482e-ba79-875d3c3a03b2,Investigation,0,1,0,0,0,1,1,0,1,1,0,0,0,Failed,0,3,11,ObjectiveHandler_Hauling | ObjectiveHandler_Local,Libs/Subsumption/Missions/PU/Missions/FacilityDelve/GoToObjective.xml | Libs/Subsumption/Missions/PU/Missions/FacilityDelve/Phase2/03-HijackData.xml,,TravelObjective_Long | TravelObjective_Short,ReturnObjective_Long | ReturnObjective_Short,,mission_items_QTQuantumBeacon,Hockrow_from,1493b14f-f03b-4349-b636-5be526da3507 | 1d2557d6-23ba-4589-ad10-b8892d4b4c26 | 2437ed8b-980d-44e9-a8df-c9d38ef310e1 | 41ef12a1-59fc-4b92-a5bc-53cb2f6d474e | 4d694d23-f78e-4ea4-8215-0eb4fd3257a9 | 6c4dedce-0487-4586-b75e-0960a757ad45 | 984285ee-9b94-48c9-b11a-915fc11643a4 | f00b6f01-7245-437d-9c41-da6a00e2df43 | ff4d704a-7840-4577-ba64-7d4bd709ab9d, |  |  |  |  |  |  |  | ,e9b74048-4574-417b-ba6a-f99a74a2f4fe,libs/foundry/records/contracts/contracttemplates/asdfacilitydelve/phase2-mission03.xml
Phase2-Mission04,ContractClass_Contract,300dcbf0-d201-465b-a7be-af7e15a0a512,MDT,0505e20d-d7d9-482e-ba79-875d3c3a03b2,Investigation,0,1,0,0,0,1,1,0,1,1,0,0,0,Failed,0,3,11,ObjectiveHandler_Hauling | ObjectiveHandler_Local,Libs/Subsumption/Missions/PU/Missions/FacilityDelve/GoToObjective.xml | Libs/Subsumption/Missions/PU/Missions/FacilityDelve/Phase2/04-DataGathering.xml,,TravelObjective_Long | TravelObjective_Short,ReturnObjective_Long | ReturnObjective_Short,,mission_items_QTQuantumBeacon,Hockrow_from,1493b14f-f03b-4349-b636-5be526da3507 | 1d2557d6-23ba-4589-ad10-b8892d4b4c26 | 2437ed8b-980d-44e9-a8df-c9d38ef310e1 | 41ef12a1-59fc-4b92-a5bc-53cb2f6d474e | 4d694d23-f78e-4ea4-8215-0eb4fd3257a9 | 6c4dedce-0487-4586-b75e-0960a757ad45 | 984285ee-9b94-48c9-b11a-915fc11643a4 | f00b6f01-7245-437d-9c41-da6a00e2df43 | ff4d704a-7840-4577-ba64-7d4bd709ab9d, |  |  |  |  |  |  |  | ,14044a9a-5de4-4286-839d-4c930801d34b,libs/foundry/records/contracts/contracttemplates/asdfacilitydelve/phase2-mission04.xml
Phase2-Mission04,ContractClass_Contract,300dcbf0-d201-465b-a7be-af7e15a0a512,MDT,0505e20d-d7d9-482e-ba79-875d3c3a03b2,Investigation,0,1,0,0,0,1,1,0,1,1,0,0,0,Failed,0,3,11,ObjectiveHandler_Hauling | ObjectiveHandler_Local,Libs/Subsumption/Missions/PU/Missions/FacilityDelve/GoToObjective.xml | Libs/Subsumption/Missions/PU/Missions/FacilityDelve/Phase2/04-DataGathering.xml,,TravelObjective_Long | TravelObjective_Short,ReturnObjective_Long | ReturnObjective_Short,,mission_items_QTQuantumBeacon,Hockrow_from,1493b14f-f03b-4349-b636-5be526da3507 | 1d2557d6-23ba-4589-ad10-b8892d4b4c26 | 2437ed8b-980d-44e9-a8df-c9d38ef310e1 | 41ef12a1-59fc-4b92-a5bc-53cb2f6d474e | 4d694d23-f78e-4ea4-8215-0eb4fd3257a9 | 6c4dedce-0487-4586-b75e-0960a757ad45 | 984285ee-9b94-48c9-b11a-915fc11643a4 | f00b6f01-7245-437d-9c41-da6a00e2df43 | ff4d704a-7840-4577-ba64-7d4bd709ab9d, |  |  |  |  |  |  |  | ,14044a9a-5de4-4286-839d-4c930801d34b,libs/foundry/records/contracts/contracttemplates/asdfacilitydelve/phase2-mission04.xml
Phase3-MainMission,ContractClass_Contract,300dcbf0-d201-465b-a7be-af7e15a0a512,MDT,0505e20d-d7d9-482e-ba79-875d3c3a03b2,Investigation,0,1,0,0,0,1,1,0,1,1,0,0,0,Failed,0,1,13,ObjectiveHandler_Local,Libs/Subsumption/Missions/PU/Missions/FacilityDelve/Phase3/MainMission.xml,,TravelObjective_Long | TravelObjective_Short,ReturnObjective_Long | ReturnObjective_Short,,mission_items_QTQuantumBeacon,,13abec13-80ce-4fda-917a-c2e2225b0268 | 1493b14f-f03b-4349-b636-5be526da3507 | 1d2557d6-23ba-4589-ad10-b8892d4b4c26 | 2437ed8b-980d-44e9-a8df-c9d38ef310e1 | 4d694d23-f78e-4ea4-8215-0eb4fd3257a9 | f2e0e1f6-a4db-4610-a844-f633e7ea86c6, |  |  |  |  | ,0f212a92-dfa2-4d65-a730-c91bb492a1b4,libs/foundry/records/contracts/contracttemplates/asdfacilitydelve/phase3-mainmission.xml
Phase3-MainMission,ContractClass_Contract,300dcbf0-d201-465b-a7be-af7e15a0a512,MDT,0505e20d-d7d9-482e-ba79-875d3c3a03b2,Investigation,0,1,0,0,0,1,1,0,1,1,0,0,0,Failed,0,1,13,ObjectiveHandler_Local,Libs/Subsumption/Missions/PU/Missions/FacilityDelve/Phase3/MainMission.xml,,TravelObjective_Long | TravelObjective_Short,ReturnObjective_Long | ReturnObjective_Short,,mission_items_QTQuantumBeacon,,13abec13-80ce-4fda-917a-c2e2225b0268 | 1493b14f-f03b-4349-b636-5be526da3507 | 1d2557d6-23ba-4589-ad10-b8892d4b4c26 | 2437ed8b-980d-44e9-a8df-c9d38ef310e1 | 4d694d23-f78e-4ea4-8215-0eb4fd3257a9 | f2e0e1f6-a4db-4610-a844-f633e7ea86c6, |  |  |  |  | ,0f212a92-dfa2-4d65-a730-c91bb492a1b4,libs/foundry/records/contracts/contracttemplates/asdfacilitydelve/phase3-mainmission.xml
BoardShip,ContractClass_Contract,300dcbf0-d201-465b-a7be-af7e15a0a512,MDT,,,,,,0,0,1,1,0,1,1,0,0,0,Failed,0,1,3,ObjectiveHandler_Local,Libs/Subsumption/Missions/PU/Missions/BoardShip/BoardShip.xml,,TravelObjective_Long | TravelObjective_Short,ReturnObjective_Long | ReturnObjective_Short,,mission_items_QTQuantumBeacon,,,,855f4df8-d477-4b0c-9936-34c87fce4e64,libs/foundry/records/contracts/contracttemplates/boardship.xml
BoardShip,ContractClass_Contract,300dcbf0-d201-465b-a7be-af7e15a0a512,MDT,,,,,,0,0,1,1,0,1,1,0,0,0,Failed,0,1,3,ObjectiveHandler_Local,Libs/Subsumption/Missions/PU/Missions/BoardShip/BoardShip.xml,,TravelObjective_Long | TravelObjective_Short,ReturnObjective_Long | ReturnObjective_Short,,mission_items_QTQuantumBeacon,,,,855f4df8-d477-4b0c-9936-34c87fce4e64,libs/foundry/records/contracts/contracttemplates/boardship.xml
Bounty_BoardedShip,ContractClass_Contract,300dcbf0-d201-465b-a7be-af7e15a0a512,MDT,8e5c6f5f-f882-4e31-945b-31ae88db5c0a,BountyHunter,0,1,0,0,0,1,1,0,1,1,0,0,0,Failed,0,2,33,ObjectiveHandler_Local,Libs/Subsumption/Missions/PU/Missions/KillShip/KillShip.xml | Libs/Subsumption/Missions/PU/Modules/ManageBordedShip.xml,,KillShip_Reach_Long_01 | KillShip_Reach_Marker_01 | KillShip_Reach_Short_01 | TravelObjective_Long | TravelObjective_Short,ReturnObjective_Long | ReturnObjective_Short,,,procedural_text_null,6804b0a9-b01d-4c9a-8063-67784bd0f021,,b9356ae3-6537-4a44-b9ba-3c6892c1c7e6,libs/foundry/records/contracts/contracttemplates/bounty_boardedship.xml
Bounty_BoardedShip,ContractClass_Contract,300dcbf0-d201-465b-a7be-af7e15a0a512,MDT,8e5c6f5f-f882-4e31-945b-31ae88db5c0a,BountyHunter,0,1,0,0,0,1,1,0,1,1,0,0,0,Failed,0,2,33,ObjectiveHandler_Local,Libs/Subsumption/Missions/PU/Missions/KillShip/KillShip.xml | Libs/Subsumption/Missions/PU/Modules/ManageBordedShip.xml,,KillShip_Reach_Long_01 | KillShip_Reach_Marker_01 | KillShip_Reach_Short_01 | TravelObjective_Long | TravelObjective_Short,ReturnObjective_Long | ReturnObjective_Short,,,procedural_text_null,6804b0a9-b01d-4c9a-8063-67784bd0f021,,b9356ae3-6537-4a44-b9ba-3c6892c1c7e6,libs/foundry/records/contracts/contracttemplates/bounty_boardedship.xml
Bounty_NearLocation,ContractClass_Contract,300dcbf0-d201-465b-a7be-af7e15a0a512,MDT,8e5c6f5f-f882-4e31-945b-31ae88db5c0a,BountyHunter,0,1,0,0,0,1,1,0,1,1,0,0,0,Failed,0,1,32,ObjectiveHandler_NearLocation,Libs/Subsumption/Missions/PU/Missions/KillShip/KillShip.xml,,KillShip_Reach_Long_01 | KillShip_Reach_Marker_01 | KillShip_Reach_Short_01,ReturnObjective_Long | ReturnObjective_Short,,,procedural_text_null,6804b0a9-b01d-4c9a-8063-67784bd0f021,,9ada4373-ba10-44a1-87f9-478977062042,libs/foundry/records/contracts/contracttemplates/bounty_nearlocation.xml
Bounty_NearLocation,ContractClass_Contract,300dcbf0-d201-465b-a7be-af7e15a0a512,MDT,8e5c6f5f-f882-4e31-945b-31ae88db5c0a,BountyHunter,0,1,0,0,0,1,1,0,1,1,0,0,0,Failed,0,1,32,ObjectiveHandler_NearLocation,Libs/Subsumption/Missions/PU/Missions/KillShip/KillShip.xml,,KillShip_Reach_Long_01 | KillShip_Reach_Marker_01 | KillShip_Reach_Short_01,ReturnObjective_Long | ReturnObjective_Short,,,procedural_text_null,6804b0a9-b01d-4c9a-8063-67784bd0f021,,9ada4373-ba10-44a1-87f9-478977062042,libs/foundry/records/contracts/contracttemplates/bounty_nearlocation.xml
Bounty,ContractClass_Contract,300dcbf0-d201-465b-a7be-af7e15a0a512,MDT,8e5c6f5f-f882-4e31-945b-31ae88db5c0a,BountyHunter,0,1,0,0,0,1,1,0,1,1,0,0,0,Failed,0,1,32,ObjectiveHandler_Local,Libs/Subsumption/Missions/PU/Missions/KillShip/KillShip.xml,,KillShip_Reach_Long_01 | KillShip_Reach_Marker_01 | KillShip_Reach_Short_01,ReturnObjective_Long | ReturnObjective_Short,,,procedural_text_null,6804b0a9-b01d-4c9a-8063-67784bd0f021,,68935ccd-25dd-44c7-85ad-d5d92ce948bb,libs/foundry/records/contracts/contracttemplates/bounty.xml
Bounty,ContractClass_Contract,300dcbf0-d201-465b-a7be-af7e15a0a512,MDT,8e5c6f5f-f882-4e31-945b-31ae88db5c0a,BountyHunter,0,1,0,0,0,1,1,0,1,1,0,0,0,Failed,0,1,32,ObjectiveHandler_Local,Libs/Subsumption/Missions/PU/Missions/KillShip/KillShip.xml,,KillShip_Reach_Long_01 | KillShip_Reach_Marker_01 | KillShip_Reach_Short_01,ReturnObjective_Long | ReturnObjective_Short,,,procedural_text_null,6804b0a9-b01d-4c9a-8063-67784bd0f021,,68935ccd-25dd-44c7-85ad-d5d92ce948bb,libs/foundry/records/contracts/contracttemplates/bounty.xml
ChainEliminateAll_1Location_EliminateSpecific,ContractClass_Contract,300dcbf0-d201-465b-a7be-af7e15a0a512,MDT,62f92440-202a-43d3-9cb8-b917d4e4a102,Mercenary,0,1,0,0,0,1,1,0,1,1,0,0,0,Failed,0,2,14,ObjectiveHandler_Local,Libs/Subsumption/Missions/PU/Missions/InfiltrateAndDefend/PU_EliminateAll.xml | Libs/Subsumption/Missions/PU/Missions/InfiltrateAndDefend/PU_EliminateSpecific.xml,,TravelObjective_Long | TravelObjective_Short,ReturnObjective_Long | ReturnObjective_Short,,,,,,f981eb5e-3ed5-483f-a2f8-f02eb02d53a3,libs/foundry/records/contracts/contracttemplates/chaineliminateall_1location_eliminatespecific.xml
ChainEliminateAll_1Location_EliminateSpecific,ContractClass_Contract,300dcbf0-d201-465b-a7be-af7e15a0a512,MDT,62f92440-202a-43d3-9cb8-b917d4e4a102,Mercenary,0,1,0,0,0,1,1,0,1,1,0,0,0,Failed,0,2,14,ObjectiveHandler_Local,Libs/Subsumption/Missions/PU/Missions/InfiltrateAndDefend/PU_EliminateAll.xml | Libs/Subsumption/Missions/PU/Missions/InfiltrateAndDefend/PU_EliminateSpecific.xml,,TravelObjective_Long | TravelObjective_Short,ReturnObjective_Long | ReturnObjective_Short,,,,,,f981eb5e-3ed5-483f-a2f8-f02eb02d53a3,libs/foundry/records/contracts/contracttemplates/chaineliminateall_1location_eliminatespecific.xml
ChainEliminateAll_2Locations_EliminateSpecific,ContractClass_Contract,300dcbf0-d201-465b-a7be-af7e15a0a512,MDT,62f92440-202a-43d3-9cb8-b917d4e4a102,Mercenary,0,1,0,0,0,1,1,0,1,1,0,0,0,Failed,0,3,16,ObjectiveHandler_Local,Libs/Subsumption/Missions/PU/Missions/InfiltrateAndDefend/PU_EliminateAll.xml | Libs/Subsumption/Missions/PU/Missions/InfiltrateAndDefend/PU_EliminateSpecific.xml,,TravelObjective_Long | TravelObjective_Short,ReturnObjective_Long | ReturnObjective_Short,,,,,,e03860a9-3644-4f88-b887-965d83f49925,libs/foundry/records/contracts/contracttemplates/chaineliminateall_2locations_eliminatespecific.xml
ChainEliminateAll_2Locations_EliminateSpecific,ContractClass_Contract,300dcbf0-d201-465b-a7be-af7e15a0a512,MDT,62f92440-202a-43d3-9cb8-b917d4e4a102,Mercenary,0,1,0,0,0,1,1,0,1,1,0,0,0,Failed,0,3,16,ObjectiveHandler_Local,Libs/Subsumption/Missions/PU/Missions/InfiltrateAndDefend/PU_EliminateAll.xml | Libs/Subsumption/Missions/PU/Missions/InfiltrateAndDefend/PU_EliminateSpecific.xml,,TravelObjective_Long | TravelObjective_Short,ReturnObjective_Long | ReturnObjective_Short,,,,,,e03860a9-3644-4f88-b887-965d83f49925,libs/foundry/records/contracts/contracttemplates/chaineliminateall_2locations_eliminatespecific.xml
ChainEliminateAll_3Locations_EliminateSpecific,ContractClass_Contract,300dcbf0-d201-465b-a7be-af7e15a0a512,MDT,62f92440-202a-43d3-9cb8-b917d4e4a102,Mercenary,0,1,0,0,0,1,1,0,1,1,0,0,0,Failed,0,4,18,ObjectiveHandler_Local,Libs/Subsumption/Missions/PU/Missions/InfiltrateAndDefend/PU_EliminateAll.xml | Libs/Subsumption/Missions/PU/Missions/InfiltrateAndDefend/PU_EliminateSpecific.xml,,TravelObjective_Long | TravelObjective_Short,ReturnObjective_Long | ReturnObjective_Short,,,,,,f6a7c3b9-9592-4791-80b0-59c2eddd251e,libs/foundry/records/contracts/contracttemplates/chaineliminateall_3locations_eliminatespecific.xml
ChainEliminateAll_3Locations_EliminateSpecific,ContractClass_Contract,300dcbf0-d201-465b-a7be-af7e15a0a512,MDT,62f92440-202a-43d3-9cb8-b917d4e4a102,Mercenary,0,1,0,0,0,1,1,0,1,1,0,0,0,Failed,0,4,18,ObjectiveHandler_Local,Libs/Subsumption/Missions/PU/Missions/InfiltrateAndDefend/PU_EliminateAll.xml | Libs/Subsumption/Missions/PU/Missions/InfiltrateAndDefend/PU_EliminateSpecific.xml,,TravelObjective_Long | TravelObjective_Short,ReturnObjective_Long | ReturnObjective_Short,,,,,,f6a7c3b9-9592-4791-80b0-59c2eddd251e,libs/foundry/records/contracts/contracttemplates/chaineliminateall_3locations_eliminatespecific.xml
ChainEliminateAll_3Locations,ContractClass_Contract,300dcbf0-d201-465b-a7be-af7e15a0a512,MDT,62f92440-202a-43d3-9cb8-b917d4e4a102,Mercenary,0,1,0,0,0,1,1,0,1,1,0,0,0,Failed,0,3,15,ObjectiveHandler_Local,Libs/Subsumption/Missions/PU/Missions/InfiltrateAndDefend/PU_EliminateAll.xml,,TravelObjective_Long | TravelObjective_Short,ReturnObjective_Long | ReturnObjective_Short,,,,,,a94144c4-23a7-41fa-bbe2-8b9e6c9b04b6,libs/foundry/records/contracts/contracttemplates/chaineliminateall_3locations.xml
ChainEliminateAll_3Locations,ContractClass_Contract,300dcbf0-d201-465b-a7be-af7e15a0a512,MDT,62f92440-202a-43d3-9cb8-b917d4e4a102,Mercenary,0,1,0,0,0,1,1,0,1,1,0,0,0,Failed,0,3,15,ObjectiveHandler_Local,Libs/Subsumption/Missions/PU/Missions/InfiltrateAndDefend/PU_EliminateAll.xml,,TravelObjective_Long | TravelObjective_Short,ReturnObjective_Long | ReturnObjective_Short,,,,,,a94144c4-23a7-41fa-bbe2-8b9e6c9b04b6,libs/foundry/records/contracts/contracttemplates/chaineliminateall_3locations.xml
ClearCrimestat,ContractClass_Contract,300dcbf0-d201-465b-a7be-af7e15a0a512,MDT,8abbd704-6207-4ca4-9cd4-d9f0362cec64,Delivery,0,1,0,0,0,0,1,0,1,0,0,0,0,Failed,0,1,18,ObjectiveHandler_Local,Libs/Subsumption/Missions/PU/Missions/Deliveries/CrimestatRemovalDelivery.xml,,TravelObjective_Long | TravelObjective_Short,ReturnObjective_Long | ReturnObjective_Short,,,delivery_missionitem,26a74295-7871-4373-bf9a-d329e4c815cc | af273dd8-d63e-4d11-b40a-4a26165b1cb8, | ,b6e8c7af-ff1f-4682-9571-ca3d1e7ea1b1,libs/foundry/records/contracts/contracttemplates/clearcrimestat.xml
ClearCrimestat,ContractClass_Contract,300dcbf0-d201-465b-a7be-af7e15a0a512,MDT,8abbd704-6207-4ca4-9cd4-d9f0362cec64,Delivery,0,1,0,0,0,0,1,0,1,0,0,0,0,Failed,0,1,18,ObjectiveHandler_Local,Libs/Subsumption/Missions/PU/Missions/Deliveries/CrimestatRemovalDelivery.xml,,TravelObjective_Long | TravelObjective_Short,ReturnObjective_Long | ReturnObjective_Short,,,delivery_missionitem,26a74295-7871-4373-bf9a-d329e4c815cc | af273dd8-d63e-4d11-b40a-4a26165b1cb8, | ,b6e8c7af-ff1f-4682-9571-ca3d1e7ea1b1,libs/foundry/records/contracts/contracttemplates/clearcrimestat.xml
CommArray_Hack,ContractClass_Contract,300dcbf0-d201-465b-a7be-af7e15a0a512,MDT,62f92440-202a-43d3-9cb8-b917d4e4a102,Mercenary,1,1,0,0,0,1,1,0,1,0,0,90,1,Failed,0,2,9,ObjectiveHandler_Hauling | ObjectiveHandler_Local,Libs/Subsumption/Missions/PU/Missions/CommArray/CommArray_Hack.xml,,TravelObjective_Long1 | TravelObjective_Short1,ReturnObjective_Long | ReturnObjective_Short,,,commarray_hack_danger_0001 | commarray_hack_danger_0002 | commarray_hack_danger_0003 | commarray_hack_danger_0004 | delivery_missionitem | mission_client_0020 | mission_client_0021 | mission_client_0022 | mission_client_0023 | mission_client_0026 | mission_client_0027 | mission_client_0028 | mission_client_0029,,,1ce47f66-194a-4f15-aeee-c475b682476a,libs/foundry/records/contracts/contracttemplates/commarray_hack.xml
CommArray_Hack,ContractClass_Contract,300dcbf0-d201-465b-a7be-af7e15a0a512,MDT,62f92440-202a-43d3-9cb8-b917d4e4a102,Mercenary,1,1,0,0,0,1,1,0,1,0,0,90,1,Failed,0,2,9,ObjectiveHandler_Hauling | ObjectiveHandler_Local,Libs/Subsumption/Missions/PU/Missions/CommArray/CommArray_Hack.xml,,TravelObjective_Long1 | TravelObjective_Short1,ReturnObjective_Long | ReturnObjective_Short,,,commarray_hack_danger_0001 | commarray_hack_danger_0002 | commarray_hack_danger_0003 | commarray_hack_danger_0004 | delivery_missionitem | mission_client_0020 | mission_client_0021 | mission_client_0022 | mission_client_0023 | mission_client_0026 | mission_client_0027 | mission_client_0028 | mission_client_0029,,,1ce47f66-194a-4f15-aeee-c475b682476a,libs/foundry/records/contracts/contracttemplates/commarray_hack.xml
CommArray_Repair,ContractClass_Contract,300dcbf0-d201-465b-a7be-af7e15a0a512,MDT,fdade1c8-6b0c-444d-9209-33d922a8ca78,Maintenance,0,1,0,0,0,1,1,0,1,1,0,90,1,Failed,0,1,6,ObjectiveHandler_Local,Libs/Subsumption/Missions/PU/Missions/CommArray/CommArray_Repair.xml,,commarray_repair_obj_long_01 | commarray_repair_obj_marker_01 | commarray_repair_obj_short_01,ReturnObjective_Long | ReturnObjective_Short,,,,,,ab38e466-f621-4c06-a8cd-610d1f2766c0,libs/foundry/records/contracts/contracttemplates/commarray_repair.xml
CommArray_Repair,ContractClass_Contract,300dcbf0-d201-465b-a7be-af7e15a0a512,MDT,fdade1c8-6b0c-444d-9209-33d922a8ca78,Maintenance,0,1,0,0,0,1,1,0,1,1,0,90,1,Failed,0,1,6,ObjectiveHandler_Local,Libs/Subsumption/Missions/PU/Missions/CommArray/CommArray_Repair.xml,,commarray_repair_obj_long_01 | commarray_repair_obj_marker_01 | commarray_repair_obj_short_01,ReturnObjective_Long | ReturnObjective_Short,,,,,,ab38e466-f621-4c06-a8cd-610d1f2766c0,libs/foundry/records/contracts/contracttemplates/commarray_repair.xml
Courier_1box,ContractClass_Contract,300dcbf0-d201-465b-a7be-af7e15a0a512,MDT,8abbd704-6207-4ca4-9cd4-d9f0362cec64,Delivery,0,1,0,0,0,1,1,0,0,0,0,0,0,Failed,0,1,9,ObjectiveHandler_Hauling,,,,,,,,,,73d3ab61-83f1-4988-b88c-5850203edc1d,libs/foundry/records/contracts/contracttemplates/courier_1box.xml
Courier_1box,ContractClass_Contract,300dcbf0-d201-465b-a7be-af7e15a0a512,MDT,8abbd704-6207-4ca4-9cd4-d9f0362cec64,Delivery,0,1,0,0,0,1,1,0,0,0,0,0,0,Failed,0,1,9,ObjectiveHandler_Hauling,,,,,,,,,,73d3ab61-83f1-4988-b88c-5850203edc1d,libs/foundry/records/contracts/contracttemplates/courier_1box.xml
Courier_3boxes,ContractClass_Contract,300dcbf0-d201-465b-a7be-af7e15a0a512,MDT,8abbd704-6207-4ca4-9cd4-d9f0362cec64,Delivery,0,1,0,0,0,1,1,0,0,0,0,0,0,Failed,0,1,11,ObjectiveHandler_Hauling,,,,,,,,,,e635840d-8f34-45a0-8fde-304bda309371,libs/foundry/records/contracts/contracttemplates/courier_3boxes.xml
Courier_3boxes,ContractClass_Contract,300dcbf0-d201-465b-a7be-af7e15a0a512,MDT,8abbd704-6207-4ca4-9cd4-d9f0362cec64,Delivery,0,1,0,0,0,1,1,0,0,0,0,0,0,Failed,0,1,11,ObjectiveHandler_Hauling,,,,,,,,,,e635840d-8f34-45a0-8fde-304bda309371,libs/foundry/records/contracts/contracttemplates/courier_3boxes.xml
Courier_4boxes,ContractClass_Contract,300dcbf0-d201-465b-a7be-af7e15a0a512,MDT,8abbd704-6207-4ca4-9cd4-d9f0362cec64,Delivery,0,1,0,0,0,1,1,0,0,0,0,0,0,Failed,0,1,12,ObjectiveHandler_Hauling,,,,,,,,,,7553121b-da5e-4479-8a9d-c6607164c7ca,libs/foundry/records/contracts/contracttemplates/courier_4boxes.xml
Courier_4boxes,ContractClass_Contract,300dcbf0-d201-465b-a7be-af7e15a0a512,MDT,8abbd704-6207-4ca4-9cd4-d9f0362cec64,Delivery,0,1,0,0,0,1,1,0,0,0,0,0,0,Failed,0,1,12,ObjectiveHandler_Hauling,,,,,,,,,,7553121b-da5e-4479-8a9d-c6607164c7ca,libs/foundry/records/contracts/contracttemplates/courier_4boxes.xml
Courier_5boxes,ContractClass_Contract,300dcbf0-d201-465b-a7be-af7e15a0a512,MDT,8abbd704-6207-4ca4-9cd4-d9f0362cec64,Delivery,0,1,0,0,0,1,1,0,0,0,0,0,0,Failed,0,1,13,ObjectiveHandler_Hauling,,,,,,,,,,b33d5dd5-350b-47d9-b563-6bca13d8d137,libs/foundry/records/contracts/contracttemplates/courier_5boxes.xml
Courier_5boxes,ContractClass_Contract,300dcbf0-d201-465b-a7be-af7e15a0a512,MDT,8abbd704-6207-4ca4-9cd4-d9f0362cec64,Delivery,0,1,0,0,0,1,1,0,0,0,0,0,0,Failed,0,1,13,ObjectiveHandler_Hauling,,,,,,,,,,b33d5dd5-350b-47d9-b563-6bca13d8d137,libs/foundry/records/contracts/contracttemplates/courier_5boxes.xml
Courier_Goto_ExcLocker_Lawful,ContractClass_Contract,300dcbf0-d201-465b-a7be-af7e15a0a512,MDT,8abbd704-6207-4ca4-9cd4-d9f0362cec64,Delivery,0,1,1,0,0,1,1,0,0,0,0,0,0,Failed,0,2,8,ObjectiveHandler_Hauling | ObjectiveHandler_Local,Libs/Subsumption/Missions/PU/Missions/FacilityDelve/GoToObjective.xml,,TravelObjective_Long | TravelObjective_Short,ReturnObjective_Long | ReturnObjective_Short,,,,,,0be53f7b-8e11-49ab-b350-ca7184d68d78,libs/foundry/records/contracts/contracttemplates/courier_goto_exclocker_lawful.xml
Courier_Goto_ExcLocker_Lawful,ContractClass_Contract,300dcbf0-d201-465b-a7be-af7e15a0a512,MDT,8abbd704-6207-4ca4-9cd4-d9f0362cec64,Delivery,0,1,1,0,0,1,1,0,0,0,0,0,0,Failed,0,2,8,ObjectiveHandler_Hauling | ObjectiveHandler_Local,Libs/Subsumption/Missions/PU/Missions/FacilityDelve/GoToObjective.xml,,TravelObjective_Long | TravelObjective_Short,ReturnObjective_Long | ReturnObjective_Short,,,,,,0be53f7b-8e11-49ab-b350-ca7184d68d78,libs/foundry/records/contracts/contracttemplates/courier_goto_exclocker_lawful.xml
Courier_Goto_ExcLocker,ContractClass_Contract,300dcbf0-d201-465b-a7be-af7e15a0a512,MDT,8abbd704-6207-4ca4-9cd4-d9f0362cec64,Delivery,0,1,1,0,0,1,1,0,0,0,0,0,0,Failed,0,2,8,ObjectiveHandler_Hauling | ObjectiveHandler_Local,Libs/Subsumption/Missions/PU/Missions/FacilityDelve/GoToObjective.xml,,TravelObjective_Long | TravelObjective_Short,ReturnObjective_Long | ReturnObjective_Short,,,,,,7dc55ea2-4463-4e4d-ad8c-24b3afad0581,libs/foundry/records/contracts/contracttemplates/courier_goto_exclocker.xml
Courier_Goto_ExcLocker,ContractClass_Contract,300dcbf0-d201-465b-a7be-af7e15a0a512,MDT,8abbd704-6207-4ca4-9cd4-d9f0362cec64,Delivery,0,1,1,0,0,1,1,0,0,0,0,0,0,Failed,0,2,8,ObjectiveHandler_Hauling | ObjectiveHandler_Local,Libs/Subsumption/Missions/PU/Missions/FacilityDelve/GoToObjective.xml,,TravelObjective_Long | TravelObjective_Short,ReturnObjective_Long | ReturnObjective_Short,,,,,,7dc55ea2-4463-4e4d-ad8c-24b3afad0581,libs/foundry/records/contracts/contracttemplates/courier_goto_exclocker.xml
Courier_Goto_FreightElevator,ContractClass_Contract,300dcbf0-d201-465b-a7be-af7e15a0a512,MDT,8abbd704-6207-4ca4-9cd4-d9f0362cec64,Delivery,0,1,1,0,0,1,1,0,0,0,0,0,0,Failed,0,2,8,ObjectiveHandler_Hauling | ObjectiveHandler_Local,Libs/Subsumption/Missions/PU/Missions/FacilityDelve/GoToObjective.xml,,TravelObjective_Long | TravelObjective_Short,ReturnObjective_Long | ReturnObjective_Short,,,,,,cf33dca5-c30d-4ba0-a00f-f00e50f08e9e,libs/foundry/records/contracts/contracttemplates/courier_goto_freightelevator.xml
Courier_Goto_FreightElevator,ContractClass_Contract,300dcbf0-d201-465b-a7be-af7e15a0a512,MDT,8abbd704-6207-4ca4-9cd4-d9f0362cec64,Delivery,0,1,1,0,0,1,1,0,0,0,0,0,0,Failed,0,2,8,ObjectiveHandler_Hauling | ObjectiveHandler_Local,Libs/Subsumption/Missions/PU/Missions/FacilityDelve/GoToObjective.xml,,TravelObjective_Long | TravelObjective_Short,ReturnObjective_Long | ReturnObjective_Short,,,,,,cf33dca5-c30d-4ba0-a00f-f00e50f08e9e,libs/foundry/records/contracts/contracttemplates/courier_goto_freightelevator.xml
Courier_Goto_MedicalDropoff,ContractClass_Contract,300dcbf0-d201-465b-a7be-af7e15a0a512,MDT,8abbd704-6207-4ca4-9cd4-d9f0362cec64,Delivery,0,1,1,0,0,1,1,0,0,0,0,0,0,Failed,0,2,8,ObjectiveHandler_Hauling | ObjectiveHandler_Local,Libs/Subsumption/Missions/PU/Missions/FacilityDelve/GoToObjective.xml,,TravelObjective_Long | TravelObjective_Short,ReturnObjective_Long | ReturnObjective_Short,,,,,,1ee38e2f-22a1-424a-b6fa-d331702d5d16,libs/foundry/records/contracts/contracttemplates/courier_goto_medicaldropoff.xml
Courier_Goto_MedicalDropoff,ContractClass_Contract,300dcbf0-d201-465b-a7be-af7e15a0a512,MDT,8abbd704-6207-4ca4-9cd4-d9f0362cec64,Delivery,0,1,1,0,0,1,1,0,0,0,0,0,0,Failed,0,2,8,ObjectiveHandler_Hauling | ObjectiveHandler_Local,Libs/Subsumption/Missions/PU/Missions/FacilityDelve/GoToObjective.xml,,TravelObjective_Long | TravelObjective_Short,ReturnObjective_Long | ReturnObjective_Short,,,,,,1ee38e2f-22a1-424a-b6fa-d331702d5d16,libs/foundry/records/contracts/contracttemplates/courier_goto_medicaldropoff.xml
Courier_Goto_ShipCombatEncounter_ExcLocker_Lawful,ContractClass_Contract,300dcbf0-d201-465b-a7be-af7e15a0a512,MDT,8abbd704-6207-4ca4-9cd4-d9f0362cec64,Delivery,0,1,1,0,0,1,1,0,0,0,0,0,0,Failed,0,3,15,ObjectiveHandler_Hauling | ObjectiveHandler_Local,Libs/Subsumption/Missions/PU/Missions/FacilityDelve/GoToObjective.xml | Libs/Subsumption/Missions/PU/Modules/SpawnShipCombatEncounter/SpawnShipCombatEncounter_ShipLocationDefence.xml,,TravelObjective_Long | TravelObjective_Short,ReturnObjective_Long | ReturnObjective_Short,,,,,,0123b4ee-982b-4d95-95f8-95648f8e2118,libs/foundry/records/contracts/contracttemplates/courier_goto_shipcombatencounter_exclocker_lawful.xml
Courier_Goto_ShipCombatEncounter_ExcLocker_Lawful,ContractClass_Contract,300dcbf0-d201-465b-a7be-af7e15a0a512,MDT,8abbd704-6207-4ca4-9cd4-d9f0362cec64,Delivery,0,1,1,0,0,1,1,0,0,0,0,0,0,Failed,0,3,15,ObjectiveHandler_Hauling | ObjectiveHandler_Local,Libs/Subsumption/Missions/PU/Missions/FacilityDelve/GoToObjective.xml | Libs/Subsumption/Missions/PU/Modules/SpawnShipCombatEncounter/SpawnShipCombatEncounter_ShipLocationDefence.xml,,TravelObjective_Long | TravelObjective_Short,ReturnObjective_Long | ReturnObjective_Short,,,,,,0123b4ee-982b-4d95-95f8-95648f8e2118,libs/foundry/records/contracts/contracttemplates/courier_goto_shipcombatencounter_exclocker_lawful.xml
Courier_Goto_ShipCombatEncounter_ExcLocker_Unlawful,ContractClass_Contract,300dcbf0-d201-465b-a7be-af7e15a0a512,MDT,8abbd704-6207-4ca4-9cd4-d9f0362cec64,Delivery,0,1,1,0,0,1,1,0,0,0,0,0,0,Failed,0,3,15,ObjectiveHandler_Hauling | ObjectiveHandler_Local,Libs/Subsumption/Missions/PU/Missions/FacilityDelve/GoToObjective.xml | Libs/Subsumption/Missions/PU/Modules/SpawnShipCombatEncounter/SpawnShipCombatEncounter_ShipLocationDefence.xml,,TravelObjective_Long | TravelObjective_Short,ReturnObjective_Long | ReturnObjective_Short,,,,,,0adc7854-9916-4f9c-be66-b3c73b88f08d,libs/foundry/records/contracts/contracttemplates/courier_goto_shipcombatencounter_exclocker_unlawful.xml
Courier_Goto_ShipCombatEncounter_ExcLocker_Unlawful,ContractClass_Contract,300dcbf0-d201-465b-a7be-af7e15a0a512,MDT,8abbd704-6207-4ca4-9cd4-d9f0362cec64,Delivery,0,1,1,0,0,1,1,0,0,0,0,0,0,Failed,0,3,15,ObjectiveHandler_Hauling | ObjectiveHandler_Local,Libs/Subsumption/Missions/PU/Missions/FacilityDelve/GoToObjective.xml | Libs/Subsumption/Missions/PU/Modules/SpawnShipCombatEncounter/SpawnShipCombatEncounter_ShipLocationDefence.xml,,TravelObjective_Long | TravelObjective_Short,ReturnObjective_Long | ReturnObjective_Short,,,,,,0adc7854-9916-4f9c-be66-b3c73b88f08d,libs/foundry/records/contracts/contracttemplates/courier_goto_shipcombatencounter_exclocker_unlawful.xml
Courier_Goto_ShipCombatEncounter_ExcLocker,ContractClass_Contract,300dcbf0-d201-465b-a7be-af7e15a0a512,MDT,8abbd704-6207-4ca4-9cd4-d9f0362cec64,Delivery,0,1,1,0,0,1,1,0,0,0,0,0,0,Failed,0,3,15,ObjectiveHandler_Hauling | ObjectiveHandler_Local,Libs/Subsumption/Missions/PU/Missions/FacilityDelve/GoToObjective.xml | Libs/Subsumption/Missions/PU/Modules/SpawnShipCombatEncounter/SpawnShipCombatEncounter_ShipLocationDefence.xml,,TravelObjective_Long | TravelObjective_Short,ReturnObjective_Long | ReturnObjective_Short,,,,,,0500f5c6-4deb-4b0c-acd1-77b25841c0c4,libs/foundry/records/contracts/contracttemplates/courier_goto_shipcombatencounter_exclocker.xml
Courier_Goto_ShipCombatEncounter_ExcLocker,ContractClass_Contract,300dcbf0-d201-465b-a7be-af7e15a0a512,MDT,8abbd704-6207-4ca4-9cd4-d9f0362cec64,Delivery,0,1,1,0,0,1,1,0,0,0,0,0,0,Failed,0,3,15,ObjectiveHandler_Hauling | ObjectiveHandler_Local,Libs/Subsumption/Missions/PU/Missions/FacilityDelve/GoToObjective.xml | Libs/Subsumption/Missions/PU/Modules/SpawnShipCombatEncounter/SpawnShipCombatEncounter_ShipLocationDefence.xml,,TravelObjective_Long | TravelObjective_Short,ReturnObjective_Long | ReturnObjective_Short,,,,,,0500f5c6-4deb-4b0c-acd1-77b25841c0c4,libs/foundry/records/contracts/contracttemplates/courier_goto_shipcombatencounter_exclocker.xml
Courier_Goto_ShipCombatEncounter_FreightElevator,ContractClass_Contract,300dcbf0-d201-465b-a7be-af7e15a0a512,MDT,8abbd704-6207-4ca4-9cd4-d9f0362cec64,Delivery,0,1,1,0,0,1,1,0,0,0,0,0,0,Failed,0,3,15,ObjectiveHandler_Hauling | ObjectiveHandler_Local,Libs/Subsumption/Missions/PU/Missions/FacilityDelve/GoToObjective.xml | Libs/Subsumption/Missions/PU/Modules/SpawnShipCombatEncounter/SpawnShipCombatEncounter_ShipLocationDefence.xml,,TravelObjective_Long | TravelObjective_Short,ReturnObjective_Long | ReturnObjective_Short,,,,,,d0c395d8-50a6-4a89-a857-799af011c070,libs/foundry/records/contracts/contracttemplates/courier_goto_shipcombatencounter_freightelevator.xml
Courier_Goto_ShipCombatEncounter_FreightElevator,ContractClass_Contract,300dcbf0-d201-465b-a7be-af7e15a0a512,MDT,8abbd704-6207-4ca4-9cd4-d9f0362cec64,Delivery,0,1,1,0,0,1,1,0,0,0,0,0,0,Failed,0,3,15,ObjectiveHandler_Hauling | ObjectiveHandler_Local,Libs/Subsumption/Missions/PU/Missions/FacilityDelve/GoToObjective.xml | Libs/Subsumption/Missions/PU/Modules/SpawnShipCombatEncounter/SpawnShipCombatEncounter_ShipLocationDefence.xml,,TravelObjective_Long | TravelObjective_Short,ReturnObjective_Long | ReturnObjective_Short,,,,,,d0c395d8-50a6-4a89-a857-799af011c070,libs/foundry/records/contracts/contracttemplates/courier_goto_shipcombatencounter_freightelevator.xml
Courier_Goto_ShipCombatEncounter,ContractClass_Contract,300dcbf0-d201-465b-a7be-af7e15a0a512,MDT,8abbd704-6207-4ca4-9cd4-d9f0362cec64,Delivery,0,1,1,0,0,1,1,0,0,0,0,0,0,Failed,0,3,15,ObjectiveHandler_Hauling | ObjectiveHandler_Local,Libs/Subsumption/Missions/PU/Missions/FacilityDelve/GoToObjective.xml | Libs/Subsumption/Missions/PU/Modules/SpawnShipCombatEncounter/SpawnShipCombatEncounter_ShipLocationDefence.xml,,TravelObjective_Long | TravelObjective_Short,ReturnObjective_Long | ReturnObjective_Short,,,,,,9f3f5be5-2138-4447-a4b3-0975bdd38145,libs/foundry/records/contracts/contracttemplates/courier_goto_shipcombatencounter.xml
Courier_Goto_ShipCombatEncounter,ContractClass_Contract,300dcbf0-d201-465b-a7be-af7e15a0a512,MDT,8abbd704-6207-4ca4-9cd4-d9f0362cec64,Delivery,0,1,1,0,0,1,1,0,0,0,0,0,0,Failed,0,3,15,ObjectiveHandler_Hauling | ObjectiveHandler_Local,Libs/Subsumption/Missions/PU/Missions/FacilityDelve/GoToObjective.xml | Libs/Subsumption/Missions/PU/Modules/SpawnShipCombatEncounter/SpawnShipCombatEncounter_ShipLocationDefence.xml,,TravelObjective_Long | TravelObjective_Short,ReturnObjective_Long | ReturnObjective_Short,,,,,,9f3f5be5-2138-4447-a4b3-0975bdd38145,libs/foundry/records/contracts/contracttemplates/courier_goto_shipcombatencounter.xml
Courier_Goto_Unlawful,ContractClass_Contract,300dcbf0-d201-465b-a7be-af7e15a0a512,MDT,8abbd704-6207-4ca4-9cd4-d9f0362cec64,Delivery,0,1,1,0,0,1,1,0,0,0,0,0,0,Failed,0,2,8,ObjectiveHandler_Hauling | ObjectiveHandler_Local,Libs/Subsumption/Missions/PU/Missions/FacilityDelve/GoToObjective.xml,,TravelObjective_Long | TravelObjective_Short,ReturnObjective_Long | ReturnObjective_Short,,,,,,2a7bc1ea-40d4-4414-a80c-437b104b8a6c,libs/foundry/records/contracts/contracttemplates/courier_goto_unlawful.xml
Courier_Goto_Unlawful,ContractClass_Contract,300dcbf0-d201-465b-a7be-af7e15a0a512,MDT,8abbd704-6207-4ca4-9cd4-d9f0362cec64,Delivery,0,1,1,0,0,1,1,0,0,0,0,0,0,Failed,0,2,8,ObjectiveHandler_Hauling | ObjectiveHandler_Local,Libs/Subsumption/Missions/PU/Missions/FacilityDelve/GoToObjective.xml,,TravelObjective_Long | TravelObjective_Short,ReturnObjective_Long | ReturnObjective_Short,,,,,,2a7bc1ea-40d4-4414-a80c-437b104b8a6c,libs/foundry/records/contracts/contracttemplates/courier_goto_unlawful.xml
Courier_Goto,ContractClass_Contract,300dcbf0-d201-465b-a7be-af7e15a0a512,MDT,8abbd704-6207-4ca4-9cd4-d9f0362cec64,Delivery,0,1,1,0,0,1,1,0,0,0,0,0,0,Failed,0,2,8,ObjectiveHandler_Hauling | ObjectiveHandler_Local,Libs/Subsumption/Missions/PU/Missions/FacilityDelve/GoToObjective.xml,,TravelObjective_Long | TravelObjective_Short,ReturnObjective_Long | ReturnObjective_Short,,,,,,54b785ad-2000-42bd-87b6-f74c88d04b02,libs/foundry/records/contracts/contracttemplates/courier_goto.xml
Courier_Goto,ContractClass_Contract,300dcbf0-d201-465b-a7be-af7e15a0a512,MDT,8abbd704-6207-4ca4-9cd4-d9f0362cec64,Delivery,0,1,1,0,0,1,1,0,0,0,0,0,0,Failed,0,2,8,ObjectiveHandler_Hauling | ObjectiveHandler_Local,Libs/Subsumption/Missions/PU/Missions/FacilityDelve/GoToObjective.xml,,TravelObjective_Long | TravelObjective_Short,ReturnObjective_Long | ReturnObjective_Short,,,,,,54b785ad-2000-42bd-87b6-f74c88d04b02,libs/foundry/records/contracts/contracttemplates/courier_goto.xml
Courier_MultiToSingle,ContractClass_Contract,300dcbf0-d201-465b-a7be-af7e15a0a512,MDT,8abbd704-6207-4ca4-9cd4-d9f0362cec64,Delivery,0,1,0,0,0,1,1,0,0,0,0,0,0,Failed,0,1,16,ObjectiveHandler_Hauling,,,,,,,,,,693113dc-4162-415d-95c3-0e5129d94534,libs/foundry/records/contracts/contracttemplates/courier_multitosingle.xml
Courier_MultiToSingle,ContractClass_Contract,300dcbf0-d201-465b-a7be-af7e15a0a512,MDT,8abbd704-6207-4ca4-9cd4-d9f0362cec64,Delivery,0,1,0,0,0,1,1,0,0,0,0,0,0,Failed,0,1,16,ObjectiveHandler_Hauling,,,,,,,,,,693113dc-4162-415d-95c3-0e5129d94534,libs/foundry/records/contracts/contracttemplates/courier_multitosingle.xml
Courier_SCU_Goto_ShipCombatEncounter,ContractClass_Contract,300dcbf0-d201-465b-a7be-af7e15a0a512,MDT,8abbd704-6207-4ca4-9cd4-d9f0362cec64,Delivery,0,1,1,0,0,1,1,0,0,0,0,0,0,Failed,0,3,16,ObjectiveHandler_Hauling | ObjectiveHandler_Local,Libs/Subsumption/Missions/PU/Missions/FacilityDelve/GoToObjective.xml | Libs/Subsumption/Missions/PU/Modules/SpawnShipCombatEncounter/SpawnShipCombatEncounter_ShipLocationDefence.xml,,TravelObjective_Long | TravelObjective_Short,ReturnObjective_Long | ReturnObjective_Short,,,,,,e29300bf-7d66-4122-936c-d394c8907141,libs/foundry/records/contracts/contracttemplates/courier_scu_goto_shipcombatencounter.xml
Courier_SCU_Goto_ShipCombatEncounter,ContractClass_Contract,300dcbf0-d201-465b-a7be-af7e15a0a512,MDT,8abbd704-6207-4ca4-9cd4-d9f0362cec64,Delivery,0,1,1,0,0,1,1,0,0,0,0,0,0,Failed,0,3,16,ObjectiveHandler_Hauling | ObjectiveHandler_Local,Libs/Subsumption/Missions/PU/Missions/FacilityDelve/GoToObjective.xml | Libs/Subsumption/Missions/PU/Modules/SpawnShipCombatEncounter/SpawnShipCombatEncounter_ShipLocationDefence.xml,,TravelObjective_Long | TravelObjective_Short,ReturnObjective_Long | ReturnObjective_Short,,,,,,e29300bf-7d66-4122-936c-d394c8907141,libs/foundry/records/contracts/contracttemplates/courier_scu_goto_shipcombatencounter.xml
Courier_SCU_Goto,ContractClass_Contract,300dcbf0-d201-465b-a7be-af7e15a0a512,MDT,8abbd704-6207-4ca4-9cd4-d9f0362cec64,Delivery,0,1,1,0,0,1,1,0,0,0,0,0,0,Failed,0,2,9,ObjectiveHandler_Hauling | ObjectiveHandler_Local,Libs/Subsumption/Missions/PU/Missions/FacilityDelve/GoToObjective.xml,,TravelObjective_Long | TravelObjective_Short,ReturnObjective_Long | ReturnObjective_Short,,,,,,c5c9e3f0-06ba-4eba-99ea-047e336fac6c,libs/foundry/records/contracts/contracttemplates/courier_scu_goto.xml
Courier_SCU_Goto,ContractClass_Contract,300dcbf0-d201-465b-a7be-af7e15a0a512,MDT,8abbd704-6207-4ca4-9cd4-d9f0362cec64,Delivery,0,1,1,0,0,1,1,0,0,0,0,0,0,Failed,0,2,9,ObjectiveHandler_Hauling | ObjectiveHandler_Local,Libs/Subsumption/Missions/PU/Missions/FacilityDelve/GoToObjective.xml,,TravelObjective_Long | TravelObjective_Short,ReturnObjective_Long | ReturnObjective_Short,,,,,,c5c9e3f0-06ba-4eba-99ea-047e336fac6c,libs/foundry/records/contracts/contracttemplates/courier_scu_goto.xml
Courier_SCU_ShipCombatEncounter,ContractClass_Contract,300dcbf0-d201-465b-a7be-af7e15a0a512,MDT,8abbd704-6207-4ca4-9cd4-d9f0362cec64,Delivery,0,1,1,0,0,1,1,0,0,0,0,0,0,Failed,0,2,16,ObjectiveHandler_Hauling | ObjectiveHandler_Local,Libs/Subsumption/Missions/PU/Modules/SpawnShipCombatEncounter/SpawnShipCombatEncounter_ShipLocationDefence.xml,,TravelObjective_Long | TravelObjective_Short,ReturnObjective_Long | ReturnObjective_Short,,,,,,ef9e5aac-b712-4f16-8024-3ae418d42289,libs/foundry/records/contracts/contracttemplates/courier_scu_shipcombatencounter.xml
Courier_SCU_ShipCombatEncounter,ContractClass_Contract,300dcbf0-d201-465b-a7be-af7e15a0a512,MDT,8abbd704-6207-4ca4-9cd4-d9f0362cec64,Delivery,0,1,1,0,0,1,1,0,0,0,0,0,0,Failed,0,2,16,ObjectiveHandler_Hauling | ObjectiveHandler_Local,Libs/Subsumption/Missions/PU/Modules/SpawnShipCombatEncounter/SpawnShipCombatEncounter_ShipLocationDefence.xml,,TravelObjective_Long | TravelObjective_Short,ReturnObjective_Long | ReturnObjective_Short,,,,,,ef9e5aac-b712-4f16-8024-3ae418d42289,libs/foundry/records/contracts/contracttemplates/courier_scu_shipcombatencounter.xml
Courier_SCU,ContractClass_Contract,300dcbf0-d201-465b-a7be-af7e15a0a512,MDT,8abbd704-6207-4ca4-9cd4-d9f0362cec64,Delivery,0,1,1,0,0,1,1,0,0,0,0,0,0,Failed,0,1,9,ObjectiveHandler_Hauling,,,,,,,,,,87138ead-b61a-49d3-8bb1-26425a906b4f,libs/foundry/records/contracts/contracttemplates/courier_scu.xml
Courier_SCU,ContractClass_Contract,300dcbf0-d201-465b-a7be-af7e15a0a512,MDT,8abbd704-6207-4ca4-9cd4-d9f0362cec64,Delivery,0,1,1,0,0,1,1,0,0,0,0,0,0,Failed,0,1,9,ObjectiveHandler_Hauling,,,,,,,,,,87138ead-b61a-49d3-8bb1-26425a906b4f,libs/foundry/records/contracts/contracttemplates/courier_scu.xml
Courier_ShipCombatEncounter,ContractClass_Contract,300dcbf0-d201-465b-a7be-af7e15a0a512,MDT,8abbd704-6207-4ca4-9cd4-d9f0362cec64,Delivery,0,1,1,0,0,1,1,0,0,0,0,0,0,Failed,0,2,15,ObjectiveHandler_Hauling | ObjectiveHandler_Local,Libs/Subsumption/Missions/PU/Modules/SpawnShipCombatEncounter/SpawnShipCombatEncounter_ShipLocationDefence.xml,,TravelObjective_Long | TravelObjective_Short,ReturnObjective_Long | ReturnObjective_Short,,,,,,c4d3bd83-c951-4cc9-a5a6-e3fb35218745,libs/foundry/records/contracts/contracttemplates/courier_shipcombatencounter.xml
Courier_ShipCombatEncounter,ContractClass_Contract,300dcbf0-d201-465b-a7be-af7e15a0a512,MDT,8abbd704-6207-4ca4-9cd4-d9f0362cec64,Delivery,0,1,1,0,0,1,1,0,0,0,0,0,0,Failed,0,2,15,ObjectiveHandler_Hauling | ObjectiveHandler_Local,Libs/Subsumption/Missions/PU/Modules/SpawnShipCombatEncounter/SpawnShipCombatEncounter_ShipLocationDefence.xml,,TravelObjective_Long | TravelObjective_Short,ReturnObjective_Long | ReturnObjective_Short,,,,,,c4d3bd83-c951-4cc9-a5a6-e3fb35218745,libs/foundry/records/contracts/contracttemplates/courier_shipcombatencounter.xml
Courier_SingleToMulti,ContractClass_Contract,300dcbf0-d201-465b-a7be-af7e15a0a512,MDT,8abbd704-6207-4ca4-9cd4-d9f0362cec64,Delivery,0,1,0,0,0,1,1,0,0,0,0,0,0,Failed,0,1,16,ObjectiveHandler_Hauling,,,,,,,,,,d624de80-6f3f-47e7-959e-60bb5a0af168,libs/foundry/records/contracts/contracttemplates/courier_singletomulti.xml
Courier_SingleToMulti,ContractClass_Contract,300dcbf0-d201-465b-a7be-af7e15a0a512,MDT,8abbd704-6207-4ca4-9cd4-d9f0362cec64,Delivery,0,1,0,0,0,1,1,0,0,0,0,0,0,Failed,0,1,16,ObjectiveHandler_Hauling,,,,,,,,,,d624de80-6f3f-47e7-959e-60bb5a0af168,libs/foundry/records/contracts/contracttemplates/courier_singletomulti.xml
Courier_unlawful,ContractClass_Contract,300dcbf0-d201-465b-a7be-af7e15a0a512,MDT,8abbd704-6207-4ca4-9cd4-d9f0362cec64,Delivery,0,1,1,0,0,1,1,0,0,0,0,0,0,Failed,0,1,8,ObjectiveHandler_Hauling,,,,,,,,,,c704ac29-151e-415d-ac49-6ac307ebad21,libs/foundry/records/contracts/contracttemplates/courier_unlawful.xml
Courier_unlawful,ContractClass_Contract,300dcbf0-d201-465b-a7be-af7e15a0a512,MDT,8abbd704-6207-4ca4-9cd4-d9f0362cec64,Delivery,0,1,1,0,0,1,1,0,0,0,0,0,0,Failed,0,1,8,ObjectiveHandler_Hauling,,,,,,,,,,c704ac29-151e-415d-ac49-6ac307ebad21,libs/foundry/records/contracts/contracttemplates/courier_unlawful.xml
Courier,ContractClass_Contract,300dcbf0-d201-465b-a7be-af7e15a0a512,MDT,8abbd704-6207-4ca4-9cd4-d9f0362cec64,Delivery,0,1,1,0,0,1,1,0,0,0,0,0,0,Failed,0,1,8,ObjectiveHandler_Hauling,,,,,,,,,,01d8132b-6817-43a6-a79e-b8a51598951d,libs/foundry/records/contracts/contracttemplates/courier.xml
Courier,ContractClass_Contract,300dcbf0-d201-465b-a7be-af7e15a0a512,MDT,8abbd704-6207-4ca4-9cd4-d9f0362cec64,Delivery,0,1,1,0,0,1,1,0,0,0,0,0,0,Failed,0,1,8,ObjectiveHandler_Hauling,,,,,,,,,,01d8132b-6817-43a6-a79e-b8a51598951d,libs/foundry/records/contracts/contracttemplates/courier.xml
CreateUplink,ContractClass_Contract,300dcbf0-d201-465b-a7be-af7e15a0a512,MDT,62f92440-202a-43d3-9cb8-b917d4e4a102,Mercenary,0,1,0,0,0,1,1,0,1,1,0,0,0,Failed,0,2,4,ObjectiveHandler_Local,Libs/Subsumption/Missions/PU/Missions/CreateUplink/CreateUplink.xml | Libs/Subsumption/Missions/PU/Modules/PickupItem/PickupItem.xml,,TravelObjective_Long | TravelObjective_Short,ReturnObjective_Long | ReturnObjective_Short,,mission_items_QTQuantumBeacon,,,,d9f7e92f-b59f-4c1d-bc69-0c3ff2ac66bc,libs/foundry/records/contracts/contracttemplates/createuplink.xml
CreateUplink,ContractClass_Contract,300dcbf0-d201-465b-a7be-af7e15a0a512,MDT,62f92440-202a-43d3-9cb8-b917d4e4a102,Mercenary,0,1,0,0,0,1,1,0,1,1,0,0,0,Failed,0,2,4,ObjectiveHandler_Local,Libs/Subsumption/Missions/PU/Missions/CreateUplink/CreateUplink.xml | Libs/Subsumption/Missions/PU/Modules/PickupItem/PickupItem.xml,,TravelObjective_Long | TravelObjective_Short,ReturnObjective_Long | ReturnObjective_Short,,mission_items_QTQuantumBeacon,,,,d9f7e92f-b59f-4c1d-bc69-0c3ff2ac66bc,libs/foundry/records/contracts/contracttemplates/createuplink.xml
DataDownload,ContractClass_Contract,300dcbf0-d201-465b-a7be-af7e15a0a512,MDT,62f92440-202a-43d3-9cb8-b917d4e4a102,Mercenary,0,1,0,0,0,1,1,0,1,1,0,0,0,Failed,0,2,8,ObjectiveHandler_Hauling | ObjectiveHandler_Local,Libs/Subsumption/Missions/PU/Missions/DataDownload/DataDownload.xml,DataDownload_obj_long_02 | DataDownload_obj_marker_01b | DataDownload_obj_short_02,TravelObjective_Long | TravelObjective_Short,ReturnObjective_Long | ReturnObjective_Short,,mission_items_QTQuantumBeacon,,,,7994c862-86ac-45f3-a937-6c27a351eb4a,libs/foundry/records/contracts/contracttemplates/datadownload.xml
DataDownload,ContractClass_Contract,300dcbf0-d201-465b-a7be-af7e15a0a512,MDT,62f92440-202a-43d3-9cb8-b917d4e4a102,Mercenary,0,1,0,0,0,1,1,0,1,1,0,0,0,Failed,0,2,8,ObjectiveHandler_Hauling | ObjectiveHandler_Local,Libs/Subsumption/Missions/PU/Missions/DataDownload/DataDownload.xml,DataDownload_obj_long_02 | DataDownload_obj_marker_01b | DataDownload_obj_short_02,TravelObjective_Long | TravelObjective_Short,ReturnObjective_Long | ReturnObjective_Short,,mission_items_QTQuantumBeacon,,,,7994c862-86ac-45f3-a937-6c27a351eb4a,libs/foundry/records/contracts/contracttemplates/datadownload.xml
Defend,ContractClass_Contract,300dcbf0-d201-465b-a7be-af7e15a0a512,MDT,62f92440-202a-43d3-9cb8-b917d4e4a102,Mercenary,0,1,0,0,0,1,1,0,1,1,0,0,0,Failed,0,1,19,ObjectiveHandler_Local,Libs/Subsumption/Missions/PU/Missions/InfiltrateAndDefend/PU_Defend.xml,,defend_UGF_obj_long_01 | defend_UGF_obj_short_01 | defend_UGF_obj_short_02,defend_UGF_obj_short_02 | ReturnObjective_Long | ReturnObjective_Short,,mission_items_QTDistressBeacon,,,,667215df-3f7d-4f14-958c-3314d53d2892,libs/foundry/records/contracts/contracttemplates/defend.xml
Defend,ContractClass_Contract,300dcbf0-d201-465b-a7be-af7e15a0a512,MDT,62f92440-202a-43d3-9cb8-b917d4e4a102,Mercenary,0,1,0,0,0,1,1,0,1,1,0,0,0,Failed,0,1,19,ObjectiveHandler_Local,Libs/Subsumption/Missions/PU/Missions/InfiltrateAndDefend/PU_Defend.xml,,defend_UGF_obj_long_01 | defend_UGF_obj_short_01 | defend_UGF_obj_short_02,defend_UGF_obj_short_02 | ReturnObjective_Long | ReturnObjective_Short,,mission_items_QTDistressBeacon,,,,667215df-3f7d-4f14-958c-3314d53d2892,libs/foundry/records/contracts/contracttemplates/defend.xml
DefendDestructibleEntities,ContractClass_Contract,300dcbf0-d201-465b-a7be-af7e15a0a512,MDT,62f92440-202a-43d3-9cb8-b917d4e4a102,Mercenary,0,1,0,0,0,1,1,0,1,1,0,0,0,Failed,0,1,26,ObjectiveHandler_Local,Libs/Subsumption/Missions/PU/Missions/DefendLocation/DL_DefendDestructibleEntities.xml,,TravelObjective_Long | TravelObjective_Short,ReturnObjective_Long | ReturnObjective_Short,,,,,,3a98ae23-f2a3-48d1-968d-f68ffd9ce269,libs/foundry/records/contracts/contracttemplates/defenddestructibleentities.xml
DefendDestructibleEntities,ContractClass_Contract,300dcbf0-d201-465b-a7be-af7e15a0a512,MDT,62f92440-202a-43d3-9cb8-b917d4e4a102,Mercenary,0,1,0,0,0,1,1,0,1,1,0,0,0,Failed,0,1,26,ObjectiveHandler_Local,Libs/Subsumption/Missions/PU/Missions/DefendLocation/DL_DefendDestructibleEntities.xml,,TravelObjective_Long | TravelObjective_Short,ReturnObjective_Long | ReturnObjective_Short,,,,,,3a98ae23-f2a3-48d1-968d-f68ffd9ce269,libs/foundry/records/contracts/contracttemplates/defenddestructibleentities.xml
DefendEntitesAndEscort_1Phase_From,ContractClass_Contract,300dcbf0-d201-465b-a7be-af7e15a0a512,MDT,62f92440-202a-43d3-9cb8-b917d4e4a102,Mercenary,0,1,0,0,0,1,1,0,1,1,0,0,0,Failed,0,1,74,ObjectiveHandler_Local,Libs/Subsumption/Missions/PU/Missions/RandomChildMissionManager/RandomChildMissionManager.xml,,TravelObjective_Long | TravelObjective_Short,ReturnObjective_Long | ReturnObjective_Short,,mission_items_QTDistressBeacon,,,,04eb75ba-a2df-4e53-9992-27b044538028,libs/foundry/records/contracts/contracttemplates/defendentitesandescort_1phase_from.xml
DefendEntitesAndEscort_1Phase_From,ContractClass_Contract,300dcbf0-d201-465b-a7be-af7e15a0a512,MDT,62f92440-202a-43d3-9cb8-b917d4e4a102,Mercenary,0,1,0,0,0,1,1,0,1,1,0,0,0,Failed,0,1,74,ObjectiveHandler_Local,Libs/Subsumption/Missions/PU/Missions/RandomChildMissionManager/RandomChildMissionManager.xml,,TravelObjective_Long | TravelObjective_Short,ReturnObjective_Long | ReturnObjective_Short,,mission_items_QTDistressBeacon,,,,04eb75ba-a2df-4e53-9992-27b044538028,libs/foundry/records/contracts/contracttemplates/defendentitesandescort_1phase_from.xml
DefendEntitesAndEscort_1Phase_To,ContractClass_Contract,300dcbf0-d201-465b-a7be-af7e15a0a512,MDT,62f92440-202a-43d3-9cb8-b917d4e4a102,Mercenary,0,1,0,0,0,1,1,0,1,1,0,0,0,Failed,0,1,72,ObjectiveHandler_Local,Libs/Subsumption/Missions/PU/Missions/RandomChildMissionManager/RandomChildMissionManager.xml,,TravelObjective_Long | TravelObjective_Short,ReturnObjective_Long | ReturnObjective_Short,,mission_items_QTDistressBeacon,,,,ad340f75-b493-4fa0-872a-804a9ba50f11,libs/foundry/records/contracts/contracttemplates/defendentitesandescort_1phase_to.xml
DefendEntitesAndEscort_1Phase_To,ContractClass_Contract,300dcbf0-d201-465b-a7be-af7e15a0a512,MDT,62f92440-202a-43d3-9cb8-b917d4e4a102,Mercenary,0,1,0,0,0,1,1,0,1,1,0,0,0,Failed,0,1,72,ObjectiveHandler_Local,Libs/Subsumption/Missions/PU/Missions/RandomChildMissionManager/RandomChildMissionManager.xml,,TravelObjective_Long | TravelObjective_Short,ReturnObjective_Long | ReturnObjective_Short,,mission_items_QTDistressBeacon,,,,ad340f75-b493-4fa0-872a-804a9ba50f11,libs/foundry/records/contracts/contracttemplates/defendentitesandescort_1phase_to.xml
DefendEntitesAndEscort_2Phases,ContractClass_Contract,300dcbf0-d201-465b-a7be-af7e15a0a512,MDT,62f92440-202a-43d3-9cb8-b917d4e4a102,Mercenary,0,1,0,0,0,1,1,0,1,1,0,0,0,Failed,0,1,90,ObjectiveHandler_Local,Libs/Subsumption/Missions/PU/Missions/RandomChildMissionManager/RandomChildMissionManager.xml,,TravelObjective_Long | TravelObjective_Short,ReturnObjective_Long | ReturnObjective_Short,,mission_items_QTDistressBeacon,,,,a8f4de31-3c7e-431c-82c2-2a58fe938298,libs/foundry/records/contracts/contracttemplates/defendentitesandescort_2phases.xml
DefendEntitesAndEscort_2Phases,ContractClass_Contract,300dcbf0-d201-465b-a7be-af7e15a0a512,MDT,62f92440-202a-43d3-9cb8-b917d4e4a102,Mercenary,0,1,0,0,0,1,1,0,1,1,0,0,0,Failed,0,1,90,ObjectiveHandler_Local,Libs/Subsumption/Missions/PU/Missions/RandomChildMissionManager/RandomChildMissionManager.xml,,TravelObjective_Long | TravelObjective_Short,ReturnObjective_Long | ReturnObjective_Short,,mission_items_QTDistressBeacon,,,,a8f4de31-3c7e-431c-82c2-2a58fe938298,libs/foundry/records/contracts/contracttemplates/defendentitesandescort_2phases.xml
DefendEntitesAndEscort_3Phases,ContractClass_Contract,300dcbf0-d201-465b-a7be-af7e15a0a512,MDT,62f92440-202a-43d3-9cb8-b917d4e4a102,Mercenary,0,1,0,0,0,1,1,0,1,1,0,0,0,Failed,0,1,90,ObjectiveHandler_Local,Libs/Subsumption/Missions/PU/Missions/RandomChildMissionManager/RandomChildMissionManager.xml,,TravelObjective_Long | TravelObjective_Short,ReturnObjective_Long | ReturnObjective_Short,,mission_items_QTDistressBeacon,,,,0186d1f4-e1a8-4b8c-9781-84e11a6207d1,libs/foundry/records/contracts/contracttemplates/defendentitesandescort_3phases.xml
DefendEntitesAndEscort_3Phases,ContractClass_Contract,300dcbf0-d201-465b-a7be-af7e15a0a512,MDT,62f92440-202a-43d3-9cb8-b917d4e4a102,Mercenary,0,1,0,0,0,1,1,0,1,1,0,0,0,Failed,0,1,90,ObjectiveHandler_Local,Libs/Subsumption/Missions/PU/Missions/RandomChildMissionManager/RandomChildMissionManager.xml,,TravelObjective_Long | TravelObjective_Short,ReturnObjective_Long | ReturnObjective_Short,,mission_items_QTDistressBeacon,,,,0186d1f4-e1a8-4b8c-9781-84e11a6207d1,libs/foundry/records/contracts/contracttemplates/defendentitesandescort_3phases.xml
DefendEntitesAndEscort_4Phases,ContractClass_Contract,300dcbf0-d201-465b-a7be-af7e15a0a512,MDT,62f92440-202a-43d3-9cb8-b917d4e4a102,Mercenary,0,1,0,0,0,1,1,0,1,1,0,0,0,Failed,0,1,90,ObjectiveHandler_Local,Libs/Subsumption/Missions/PU/Missions/RandomChildMissionManager/RandomChildMissionManager.xml,,TravelObjective_Long | TravelObjective_Short,ReturnObjective_Long | ReturnObjective_Short,,mission_items_QTDistressBeacon,,,,b7f1702a-e29a-4dff-96e7-51c0c11bb7df,libs/foundry/records/contracts/contracttemplates/defendentitesandescort_4phases.xml
DefendEntitesAndEscort_4Phases,ContractClass_Contract,300dcbf0-d201-465b-a7be-af7e15a0a512,MDT,62f92440-202a-43d3-9cb8-b917d4e4a102,Mercenary,0,1,0,0,0,1,1,0,1,1,0,0,0,Failed,0,1,90,ObjectiveHandler_Local,Libs/Subsumption/Missions/PU/Missions/RandomChildMissionManager/RandomChildMissionManager.xml,,TravelObjective_Long | TravelObjective_Short,ReturnObjective_Long | ReturnObjective_Short,,mission_items_QTDistressBeacon,,,,b7f1702a-e29a-4dff-96e7-51c0c11bb7df,libs/foundry/records/contracts/contracttemplates/defendentitesandescort_4phases.xml
DefendLocationSpace_Hangar,ContractClass_Contract,300dcbf0-d201-465b-a7be-af7e15a0a512,MDT,62f92440-202a-43d3-9cb8-b917d4e4a102,Mercenary,0,1,0,0,0,1,1,0,1,1,0,0,0,Failed,0,1,69,ObjectiveHandler_Local,Libs/Subsumption/Missions/PU/Missions/DefendLocation/DefendLocationWrapper.xml,,TravelObjective_Long | TravelObjective_Short,ReturnObjective_Long | ReturnObjective_Short,,mission_items_QTDistressBeacon,,5fd33d68-c698-4323-b923-eecf7ced11c0 | a70272a3-0470-4aa8-952f-d44c51f7fba0, | ,24dcd037-fa77-48f7-9be7-d8e7b53d9901,libs/foundry/records/contracts/contracttemplates/defendlocationspace_hangar.xml
DefendLocationSpace_Hangar,ContractClass_Contract,300dcbf0-d201-465b-a7be-af7e15a0a512,MDT,62f92440-202a-43d3-9cb8-b917d4e4a102,Mercenary,0,1,0,0,0,1,1,0,1,1,0,0,0,Failed,0,1,69,ObjectiveHandler_Local,Libs/Subsumption/Missions/PU/Missions/DefendLocation/DefendLocationWrapper.xml,,TravelObjective_Long | TravelObjective_Short,ReturnObjective_Long | ReturnObjective_Short,,mission_items_QTDistressBeacon,,5fd33d68-c698-4323-b923-eecf7ced11c0 | a70272a3-0470-4aa8-952f-d44c51f7fba0, | ,24dcd037-fa77-48f7-9be7-d8e7b53d9901,libs/foundry/records/contracts/contracttemplates/defendlocationspace_hangar.xml
DefendLocationSpace,ContractClass_Contract,300dcbf0-d201-465b-a7be-af7e15a0a512,MDT,62f92440-202a-43d3-9cb8-b917d4e4a102,Mercenary,0,1,0,0,0,1,1,0,1,1,0,0,0,Failed,0,1,69,ObjectiveHandler_Local,Libs/Subsumption/Missions/PU/Missions/DefendLocation/DefendLocationWrapper.xml,,TravelObjective_Long | TravelObjective_Short,ReturnObjective_Long | ReturnObjective_Short,,mission_items_QTDistressBeacon,,,,11ee4da9-8efe-408d-be21-e75bf8c48170,libs/foundry/records/contracts/contracttemplates/defendlocationspace.xml
DefendLocationSpace,ContractClass_Contract,300dcbf0-d201-465b-a7be-af7e15a0a512,MDT,62f92440-202a-43d3-9cb8-b917d4e4a102,Mercenary,0,1,0,0,0,1,1,0,1,1,0,0,0,Failed,0,1,69,ObjectiveHandler_Local,Libs/Subsumption/Missions/PU/Missions/DefendLocation/DefendLocationWrapper.xml,,TravelObjective_Long | TravelObjective_Short,ReturnObjective_Long | ReturnObjective_Short,,mission_items_QTDistressBeacon,,,,11ee4da9-8efe-408d-be21-e75bf8c48170,libs/foundry/records/contracts/contracttemplates/defendlocationspace.xml
DefendShip_DestroyItems,ContractClass_Contract,300dcbf0-d201-465b-a7be-af7e15a0a512,MDT,62f92440-202a-43d3-9cb8-b917d4e4a102,Mercenary,0,1,0,0,0,0,1,0,1,1,0,0,0,Failed,0,2,24,ObjectiveHandler_Local,Libs/Subsumption/Missions/PU/Missions/DestroyItems.xml | Libs/Subsumption/Missions/PU/Missions/SupportAttackedShip/SupportAttackedShip.xml,destroystash_obj_long_01 | destroystash_obj_short_01 | destroystash_subobj_marker_01,TravelObjective_Long | TravelObjective_Short,ReturnObjective_Long | ReturnObjective_Short,,,,a98e69d7-a578-4208-a94e-39b92553916b | d468664d-6097-42c8-988e-0ccb0533f93e | f00b6f01-7245-437d-9c41-da6a00e2df43, |  | ,6e4bdb0d-40d1-4e90-b430-24badffce2d2,libs/foundry/records/contracts/contracttemplates/defendship_destroyitems.xml
DefendShip_DestroyItems,ContractClass_Contract,300dcbf0-d201-465b-a7be-af7e15a0a512,MDT,62f92440-202a-43d3-9cb8-b917d4e4a102,Mercenary,0,1,0,0,0,0,1,0,1,1,0,0,0,Failed,0,2,24,ObjectiveHandler_Local,Libs/Subsumption/Missions/PU/Missions/DestroyItems.xml | Libs/Subsumption/Missions/PU/Missions/SupportAttackedShip/SupportAttackedShip.xml,destroystash_obj_long_01 | destroystash_obj_short_01 | destroystash_subobj_marker_01,TravelObjective_Long | TravelObjective_Short,ReturnObjective_Long | ReturnObjective_Short,,,,a98e69d7-a578-4208-a94e-39b92553916b | d468664d-6097-42c8-988e-0ccb0533f93e | f00b6f01-7245-437d-9c41-da6a00e2df43, |  | ,6e4bdb0d-40d1-4e90-b430-24badffce2d2,libs/foundry/records/contracts/contracttemplates/defendship_destroyitems.xml
DeliveryPilot_1Pickup_1Dropoff_2Items,ContractClass_Contract,300dcbf0-d201-465b-a7be-af7e15a0a512,MDT,8abbd704-6207-4ca4-9cd4-d9f0362cec64,Delivery,0,1,1,0,0,1,1,0,0,0,0,0,0,Failed,0,1,14,ObjectiveHandler_Hauling,,,,,,,FreightElevator_1SCU,,,9b1ebe17-7812-4cd5-a91c-e48802f6071f,libs/foundry/records/contracts/contracttemplates/deliverypilot_1pickup_1dropoff_2items.xml
DeliveryPilot_1Pickup_1Dropoff_2Items,ContractClass_Contract,300dcbf0-d201-465b-a7be-af7e15a0a512,MDT,8abbd704-6207-4ca4-9cd4-d9f0362cec64,Delivery,0,1,1,0,0,1,1,0,0,0,0,0,0,Failed,0,1,14,ObjectiveHandler_Hauling,,,,,,,FreightElevator_1SCU,,,9b1ebe17-7812-4cd5-a91c-e48802f6071f,libs/foundry/records/contracts/contracttemplates/deliverypilot_1pickup_1dropoff_2items.xml
DeliveryPilot_1Pickup_1Dropoff_3Items,ContractClass_Contract,300dcbf0-d201-465b-a7be-af7e15a0a512,MDT,8abbd704-6207-4ca4-9cd4-d9f0362cec64,Delivery,0,1,1,0,0,1,1,0,0,0,0,0,0,Failed,0,1,15,ObjectiveHandler_Hauling,,,,,,,FreightElevator_1SCU,,,ebc72458-3659-4584-97dc-c3a8a4cd08b4,libs/foundry/records/contracts/contracttemplates/deliverypilot_1pickup_1dropoff_3items.xml
DeliveryPilot_1Pickup_1Dropoff_3Items,ContractClass_Contract,300dcbf0-d201-465b-a7be-af7e15a0a512,MDT,8abbd704-6207-4ca4-9cd4-d9f0362cec64,Delivery,0,1,1,0,0,1,1,0,0,0,0,0,0,Failed,0,1,15,ObjectiveHandler_Hauling,,,,,,,FreightElevator_1SCU,,,ebc72458-3659-4584-97dc-c3a8a4cd08b4,libs/foundry/records/contracts/contracttemplates/deliverypilot_1pickup_1dropoff_3items.xml
DeliveryPilot_1Pickup_1Dropoff_4Items,ContractClass_Contract,300dcbf0-d201-465b-a7be-af7e15a0a512,MDT,8abbd704-6207-4ca4-9cd4-d9f0362cec64,Delivery,0,1,1,0,0,1,1,0,0,0,0,0,0,Failed,0,1,16,ObjectiveHandler_Hauling,,,,,,,FreightElevator_1SCU,,,567471f9-4bf5-4703-8104-d8f5c5f9c2f9,libs/foundry/records/contracts/contracttemplates/deliverypilot_1pickup_1dropoff_4items.xml
DeliveryPilot_1Pickup_1Dropoff_4Items,ContractClass_Contract,300dcbf0-d201-465b-a7be-af7e15a0a512,MDT,8abbd704-6207-4ca4-9cd4-d9f0362cec64,Delivery,0,1,1,0,0,1,1,0,0,0,0,0,0,Failed,0,1,16,ObjectiveHandler_Hauling,,,,,,,FreightElevator_1SCU,,,567471f9-4bf5-4703-8104-d8f5c5f9c2f9,libs/foundry/records/contracts/contracttemplates/deliverypilot_1pickup_1dropoff_4items.xml
DeliveryPilot_1Pickup_1Dropoff_5Items,ContractClass_Contract,300dcbf0-d201-465b-a7be-af7e15a0a512,MDT,8abbd704-6207-4ca4-9cd4-d9f0362cec64,Delivery,0,1,1,0,0,1,1,0,0,0,0,0,0,Failed,0,1,17,ObjectiveHandler_Hauling,,,,,,,FreightElevator_1SCU,,,7346909f-2796-4f70-83ac-c41467db4a58,libs/foundry/records/contracts/contracttemplates/deliverypilot_1pickup_1dropoff_5items.xml
DeliveryPilot_1Pickup_1Dropoff_5Items,ContractClass_Contract,300dcbf0-d201-465b-a7be-af7e15a0a512,MDT,8abbd704-6207-4ca4-9cd4-d9f0362cec64,Delivery,0,1,1,0,0,1,1,0,0,0,0,0,0,Failed,0,1,17,ObjectiveHandler_Hauling,,,,,,,FreightElevator_1SCU,,,7346909f-2796-4f70-83ac-c41467db4a58,libs/foundry/records/contracts/contracttemplates/deliverypilot_1pickup_1dropoff_5items.xml
DeliveryPilot_1Pickup_1Dropoff_6Items,ContractClass_Contract,300dcbf0-d201-465b-a7be-af7e15a0a512,MDT,8abbd704-6207-4ca4-9cd4-d9f0362cec64,Delivery,0,1,1,0,0,1,1,0,0,0,0,0,0,Failed,0,1,18,ObjectiveHandler_Hauling,,,,,,,FreightElevator_1SCU,,,4840e2f0-0c88-46c5-8ea3-5ffed3a099db,libs/foundry/records/contracts/contracttemplates/deliverypilot_1pickup_1dropoff_6items.xml
DeliveryPilot_1Pickup_1Dropoff_6Items,ContractClass_Contract,300dcbf0-d201-465b-a7be-af7e15a0a512,MDT,8abbd704-6207-4ca4-9cd4-d9f0362cec64,Delivery,0,1,1,0,0,1,1,0,0,0,0,0,0,Failed,0,1,18,ObjectiveHandler_Hauling,,,,,,,FreightElevator_1SCU,,,4840e2f0-0c88-46c5-8ea3-5ffed3a099db,libs/foundry/records/contracts/contracttemplates/deliverypilot_1pickup_1dropoff_6items.xml
DeliveryPilot_1Pickup_2Dropoff_2Items,ContractClass_Contract,300dcbf0-d201-465b-a7be-af7e15a0a512,MDT,8abbd704-6207-4ca4-9cd4-d9f0362cec64,Delivery,0,1,1,0,0,1,1,0,0,0,0,0,0,Failed,0,1,16,ObjectiveHandler_Hauling,,,,,,,FreightElevator_1SCU,,,25f1dd01-4261-4342-a4f2-8d2c8663d66a,libs/foundry/records/contracts/contracttemplates/deliverypilot_1pickup_2dropoff_2items.xml
DeliveryPilot_1Pickup_2Dropoff_2Items,ContractClass_Contract,300dcbf0-d201-465b-a7be-af7e15a0a512,MDT,8abbd704-6207-4ca4-9cd4-d9f0362cec64,Delivery,0,1,1,0,0,1,1,0,0,0,0,0,0,Failed,0,1,16,ObjectiveHandler_Hauling,,,,,,,FreightElevator_1SCU,,,25f1dd01-4261-4342-a4f2-8d2c8663d66a,libs/foundry/records/contracts/contracttemplates/deliverypilot_1pickup_2dropoff_2items.xml
DeliveryPilot_1Pickup_2Dropoff_3Items,ContractClass_Contract,300dcbf0-d201-465b-a7be-af7e15a0a512,MDT,8abbd704-6207-4ca4-9cd4-d9f0362cec64,Delivery,0,1,1,0,0,1,1,0,0,0,0,0,0,Failed,0,1,17,ObjectiveHandler_Hauling,,,,,,,FreightElevator_1SCU,,,f580281e-dec4-4709-99f1-a18ecabe0b62,libs/foundry/records/contracts/contracttemplates/deliverypilot_1pickup_2dropoff_3items.xml
DeliveryPilot_1Pickup_2Dropoff_3Items,ContractClass_Contract,300dcbf0-d201-465b-a7be-af7e15a0a512,MDT,8abbd704-6207-4ca4-9cd4-d9f0362cec64,Delivery,0,1,1,0,0,1,1,0,0,0,0,0,0,Failed,0,1,17,ObjectiveHandler_Hauling,,,,,,,FreightElevator_1SCU,,,f580281e-dec4-4709-99f1-a18ecabe0b62,libs/foundry/records/contracts/contracttemplates/deliverypilot_1pickup_2dropoff_3items.xml
DeliveryPilot_1Pickup_2Dropoff_4Items,ContractClass_Contract,300dcbf0-d201-465b-a7be-af7e15a0a512,MDT,8abbd704-6207-4ca4-9cd4-d9f0362cec64,Delivery,0,1,1,0,0,1,1,0,0,0,0,0,0,Failed,0,1,18,ObjectiveHandler_Hauling,,,,,,,FreightElevator_1SCU,,,f5235fde-a1f0-4aa7-8837-8f4e1f524cf4,libs/foundry/records/contracts/contracttemplates/deliverypilot_1pickup_2dropoff_4items.xml
DeliveryPilot_1Pickup_2Dropoff_4Items,ContractClass_Contract,300dcbf0-d201-465b-a7be-af7e15a0a512,MDT,8abbd704-6207-4ca4-9cd4-d9f0362cec64,Delivery,0,1,1,0,0,1,1,0,0,0,0,0,0,Failed,0,1,18,ObjectiveHandler_Hauling,,,,,,,FreightElevator_1SCU,,,f5235fde-a1f0-4aa7-8837-8f4e1f524cf4,libs/foundry/records/contracts/contracttemplates/deliverypilot_1pickup_2dropoff_4items.xml
DeliveryPilot_1Pickup_3Dropoff_3Items,ContractClass_Contract,300dcbf0-d201-465b-a7be-af7e15a0a512,MDT,8abbd704-6207-4ca4-9cd4-d9f0362cec64,Delivery,0,1,1,0,0,1,1,0,0,0,0,0,0,Failed,0,1,19,ObjectiveHandler_Hauling,,,,,,,FreightElevator_1SCU,,,758a5fe5-00c1-478d-816e-6bf26760642c,libs/foundry/records/contracts/contracttemplates/deliverypilot_1pickup_3dropoff_3items.xml
DeliveryPilot_1Pickup_3Dropoff_3Items,ContractClass_Contract,300dcbf0-d201-465b-a7be-af7e15a0a512,MDT,8abbd704-6207-4ca4-9cd4-d9f0362cec64,Delivery,0,1,1,0,0,1,1,0,0,0,0,0,0,Failed,0,1,19,ObjectiveHandler_Hauling,,,,,,,FreightElevator_1SCU,,,758a5fe5-00c1-478d-816e-6bf26760642c,libs/foundry/records/contracts/contracttemplates/deliverypilot_1pickup_3dropoff_3items.xml
DeliveryPilot_1Pickup_3Dropoff_4Items,ContractClass_Contract,300dcbf0-d201-465b-a7be-af7e15a0a512,MDT,8abbd704-6207-4ca4-9cd4-d9f0362cec64,Delivery,0,1,1,0,0,1,1,0,0,0,0,0,0,Failed,0,1,20,ObjectiveHandler_Hauling,,,,,,,FreightElevator_1SCU,,,e484cca5-a2e5-4894-90a7-6f6acf40775c,libs/foundry/records/contracts/contracttemplates/deliverypilot_1pickup_3dropoff_4items.xml
DeliveryPilot_1Pickup_3Dropoff_4Items,ContractClass_Contract,300dcbf0-d201-465b-a7be-af7e15a0a512,MDT,8abbd704-6207-4ca4-9cd4-d9f0362cec64,Delivery,0,1,1,0,0,1,1,0,0,0,0,0,0,Failed,0,1,20,ObjectiveHandler_Hauling,,,,,,,FreightElevator_1SCU,,,e484cca5-a2e5-4894-90a7-6f6acf40775c,libs/foundry/records/contracts/contracttemplates/deliverypilot_1pickup_3dropoff_4items.xml
DeliveryPilot_1Pickup_4Dropoff_4Items,ContractClass_Contract,300dcbf0-d201-465b-a7be-af7e15a0a512,MDT,8abbd704-6207-4ca4-9cd4-d9f0362cec64,Delivery,0,1,1,0,0,1,1,0,0,0,0,0,0,Failed,0,1,22,ObjectiveHandler_Hauling,,,,,,,FreightElevator_1SCU,,,7425ff7b-9b1d-4c70-8309-2c9e06150391,libs/foundry/records/contracts/contracttemplates/deliverypilot_1pickup_4dropoff_4items.xml
DeliveryPilot_1Pickup_4Dropoff_4Items,ContractClass_Contract,300dcbf0-d201-465b-a7be-af7e15a0a512,MDT,8abbd704-6207-4ca4-9cd4-d9f0362cec64,Delivery,0,1,1,0,0,1,1,0,0,0,0,0,0,Failed,0,1,22,ObjectiveHandler_Hauling,,,,,,,FreightElevator_1SCU,,,7425ff7b-9b1d-4c70-8309-2c9e06150391,libs/foundry/records/contracts/contracttemplates/deliverypilot_1pickup_4dropoff_4items.xml
DeliveryPilot_1Pickup_4Dropoff_5Items,ContractClass_Contract,300dcbf0-d201-465b-a7be-af7e15a0a512,MDT,8abbd704-6207-4ca4-9cd4-d9f0362cec64,Delivery,0,1,1,0,0,1,1,0,0,0,0,0,0,Failed,0,1,23,ObjectiveHandler_Hauling,,,,,,,FreightElevator_1SCU,,,3d8939cb-8c45-4ecb-b0b9-de05b9b130d3,libs/foundry/records/contracts/contracttemplates/deliverypilot_1pickup_4dropoff_5items.xml
DeliveryPilot_1Pickup_4Dropoff_5Items,ContractClass_Contract,300dcbf0-d201-465b-a7be-af7e15a0a512,MDT,8abbd704-6207-4ca4-9cd4-d9f0362cec64,Delivery,0,1,1,0,0,1,1,0,0,0,0,0,0,Failed,0,1,23,ObjectiveHandler_Hauling,,,,,,,FreightElevator_1SCU,,,3d8939cb-8c45-4ecb-b0b9-de05b9b130d3,libs/foundry/records/contracts/contracttemplates/deliverypilot_1pickup_4dropoff_5items.xml
DeliveryPilot_1Pickup_5Dropoff_5Items,ContractClass_Contract,300dcbf0-d201-465b-a7be-af7e15a0a512,MDT,8abbd704-6207-4ca4-9cd4-d9f0362cec64,Delivery,0,1,1,0,0,1,1,0,0,0,0,0,0,Failed,0,1,25,ObjectiveHandler_Hauling,,,,,,,FreightElevator_1SCU,,,4240358c-06d3-4d4d-a227-d8cc0eeeb0ed,libs/foundry/records/contracts/contracttemplates/deliverypilot_1pickup_5dropoff_5items.xml
DeliveryPilot_1Pickup_5Dropoff_5Items,ContractClass_Contract,300dcbf0-d201-465b-a7be-af7e15a0a512,MDT,8abbd704-6207-4ca4-9cd4-d9f0362cec64,Delivery,0,1,1,0,0,1,1,0,0,0,0,0,0,Failed,0,1,25,ObjectiveHandler_Hauling,,,,,,,FreightElevator_1SCU,,,4240358c-06d3-4d4d-a227-d8cc0eeeb0ed,libs/foundry/records/contracts/contracttemplates/deliverypilot_1pickup_5dropoff_5items.xml
DeliveryPilot_2Pickup_1Dropoff_3Items,ContractClass_Contract,300dcbf0-d201-465b-a7be-af7e15a0a512,MDT,8abbd704-6207-4ca4-9cd4-d9f0362cec64,Delivery,0,1,1,0,0,1,1,0,0,0,0,0,0,Failed,0,1,17,ObjectiveHandler_Hauling,,,,,,,FreightElevator_1SCU,,,d76dff62-0787-46ce-ab0e-3d3727ed63a5,libs/foundry/records/contracts/contracttemplates/deliverypilot_2pickup_1dropoff_3items.xml
DeliveryPilot_2Pickup_1Dropoff_3Items,ContractClass_Contract,300dcbf0-d201-465b-a7be-af7e15a0a512,MDT,8abbd704-6207-4ca4-9cd4-d9f0362cec64,Delivery,0,1,1,0,0,1,1,0,0,0,0,0,0,Failed,0,1,17,ObjectiveHandler_Hauling,,,,,,,FreightElevator_1SCU,,,d76dff62-0787-46ce-ab0e-3d3727ed63a5,libs/foundry/records/contracts/contracttemplates/deliverypilot_2pickup_1dropoff_3items.xml
DeliveryPilot_2Pickup_1Dropoff_4Items,ContractClass_Contract,300dcbf0-d201-465b-a7be-af7e15a0a512,MDT,8abbd704-6207-4ca4-9cd4-d9f0362cec64,Delivery,0,1,1,0,0,1,1,0,0,0,0,0,0,Failed,0,1,18,ObjectiveHandler_Hauling,,,,,,,FreightElevator_1SCU,,,78efc6be-038f-4617-ae47-dc5584982c53,libs/foundry/records/contracts/contracttemplates/deliverypilot_2pickup_1dropoff_4items.xml
DeliveryPilot_2Pickup_1Dropoff_4Items,ContractClass_Contract,300dcbf0-d201-465b-a7be-af7e15a0a512,MDT,8abbd704-6207-4ca4-9cd4-d9f0362cec64,Delivery,0,1,1,0,0,1,1,0,0,0,0,0,0,Failed,0,1,18,ObjectiveHandler_Hauling,,,,,,,FreightElevator_1SCU,,,78efc6be-038f-4617-ae47-dc5584982c53,libs/foundry/records/contracts/contracttemplates/deliverypilot_2pickup_1dropoff_4items.xml
DeliveryPilot_2Pickup_1Dropoff_5Items,ContractClass_Contract,300dcbf0-d201-465b-a7be-af7e15a0a512,MDT,8abbd704-6207-4ca4-9cd4-d9f0362cec64,Delivery,0,1,1,0,0,1,1,0,0,0,0,0,0,Failed,0,1,19,ObjectiveHandler_Hauling,,,,,,,FreightElevator_1SCU,,,9eac2b17-5bb3-4d37-acc9-35ed6a8ca650,libs/foundry/records/contracts/contracttemplates/deliverypilot_2pickup_1dropoff_5items.xml
DeliveryPilot_2Pickup_1Dropoff_5Items,ContractClass_Contract,300dcbf0-d201-465b-a7be-af7e15a0a512,MDT,8abbd704-6207-4ca4-9cd4-d9f0362cec64,Delivery,0,1,1,0,0,1,1,0,0,0,0,0,0,Failed,0,1,19,ObjectiveHandler_Hauling,,,,,,,FreightElevator_1SCU,,,9eac2b17-5bb3-4d37-acc9-35ed6a8ca650,libs/foundry/records/contracts/contracttemplates/deliverypilot_2pickup_1dropoff_5items.xml
DeliveryPilot_2Pickup_2Dropoff_3Items,ContractClass_Contract,300dcbf0-d201-465b-a7be-af7e15a0a512,MDT,8abbd704-6207-4ca4-9cd4-d9f0362cec64,Delivery,0,1,1,0,0,1,1,0,0,0,0,0,0,Failed,0,1,18,ObjectiveHandler_Hauling,,,,,,,FreightElevator_1SCU,,,60172daa-6a97-4ce0-a3c8-54d20eaf5bd5,libs/foundry/records/contracts/contracttemplates/deliverypilot_2pickup_2dropoff_3items.xml
DeliveryPilot_2Pickup_2Dropoff_3Items,ContractClass_Contract,300dcbf0-d201-465b-a7be-af7e15a0a512,MDT,8abbd704-6207-4ca4-9cd4-d9f0362cec64,Delivery,0,1,1,0,0,1,1,0,0,0,0,0,0,Failed,0,1,18,ObjectiveHandler_Hauling,,,,,,,FreightElevator_1SCU,,,60172daa-6a97-4ce0-a3c8-54d20eaf5bd5,libs/foundry/records/contracts/contracttemplates/deliverypilot_2pickup_2dropoff_3items.xml
DeliveryPilot_3Pickup_1Dropoff_3Items,ContractClass_Contract,300dcbf0-d201-465b-a7be-af7e15a0a512,MDT,8abbd704-6207-4ca4-9cd4-d9f0362cec64,Delivery,0,1,1,0,0,1,1,0,0,0,0,0,0,Failed,0,1,19,ObjectiveHandler_Hauling,,,,,,,FreightElevator_1SCU,,,1b8ea92b-e72f-4b5e-b6e6-355240b58fab,libs/foundry/records/contracts/contracttemplates/deliverypilot_3pickup_1dropoff_3items.xml
DeliveryPilot_3Pickup_1Dropoff_3Items,ContractClass_Contract,300dcbf0-d201-465b-a7be-af7e15a0a512,MDT,8abbd704-6207-4ca4-9cd4-d9f0362cec64,Delivery,0,1,1,0,0,1,1,0,0,0,0,0,0,Failed,0,1,19,ObjectiveHandler_Hauling,,,,,,,FreightElevator_1SCU,,,1b8ea92b-e72f-4b5e-b6e6-355240b58fab,libs/foundry/records/contracts/contracttemplates/deliverypilot_3pickup_1dropoff_3items.xml
DeliveryPilot_3Pickup_1Dropoff_4Items,ContractClass_Contract,300dcbf0-d201-465b-a7be-af7e15a0a512,MDT,8abbd704-6207-4ca4-9cd4-d9f0362cec64,Delivery,0,1,1,0,0,1,1,0,0,0,0,0,0,Failed,0,1,20,ObjectiveHandler_Hauling,,,,,,,FreightElevator_1SCU,,,4ef9da5a-bcfa-498d-9ee0-5755ca539c70,libs/foundry/records/contracts/contracttemplates/deliverypilot_3pickup_1dropoff_4items.xml
DeliveryPilot_3Pickup_1Dropoff_4Items,ContractClass_Contract,300dcbf0-d201-465b-a7be-af7e15a0a512,MDT,8abbd704-6207-4ca4-9cd4-d9f0362cec64,Delivery,0,1,1,0,0,1,1,0,0,0,0,0,0,Failed,0,1,20,ObjectiveHandler_Hauling,,,,,,,FreightElevator_1SCU,,,4ef9da5a-bcfa-498d-9ee0-5755ca539c70,libs/foundry/records/contracts/contracttemplates/deliverypilot_3pickup_1dropoff_4items.xml
DeliveryPilot_3Pickup_1Dropoff_6Items,ContractClass_Contract,300dcbf0-d201-465b-a7be-af7e15a0a512,MDT,8abbd704-6207-4ca4-9cd4-d9f0362cec64,Delivery,0,1,1,0,0,1,1,0,0,0,0,0,0,Failed,0,1,22,ObjectiveHandler_Hauling,,,,,,,FreightElevator_1SCU,,,bd7c884a-e43b-41da-af10-7943afa23d46,libs/foundry/records/contracts/contracttemplates/deliverypilot_3pickup_1dropoff_6items.xml
DeliveryPilot_3Pickup_1Dropoff_6Items,ContractClass_Contract,300dcbf0-d201-465b-a7be-af7e15a0a512,MDT,8abbd704-6207-4ca4-9cd4-d9f0362cec64,Delivery,0,1,1,0,0,1,1,0,0,0,0,0,0,Failed,0,1,22,ObjectiveHandler_Hauling,,,,,,,FreightElevator_1SCU,,,bd7c884a-e43b-41da-af10-7943afa23d46,libs/foundry/records/contracts/contracttemplates/deliverypilot_3pickup_1dropoff_6items.xml
DeliveryPilot_3Pickup_3Dropoff_4Items,ContractClass_Contract,300dcbf0-d201-465b-a7be-af7e15a0a512,MDT,8abbd704-6207-4ca4-9cd4-d9f0362cec64,Delivery,0,1,1,0,0,1,1,0,0,0,0,0,0,Failed,0,1,22,ObjectiveHandler_Hauling,,,,,,,FreightElevator_1SCU,,,6d082c5a-ab5d-4566-bfb2-5b9a44a3813f,libs/foundry/records/contracts/contracttemplates/deliverypilot_3pickup_3dropoff_4items.xml
DeliveryPilot_3Pickup_3Dropoff_4Items,ContractClass_Contract,300dcbf0-d201-465b-a7be-af7e15a0a512,MDT,8abbd704-6207-4ca4-9cd4-d9f0362cec64,Delivery,0,1,1,0,0,1,1,0,0,0,0,0,0,Failed,0,1,22,ObjectiveHandler_Hauling,,,,,,,FreightElevator_1SCU,,,6d082c5a-ab5d-4566-bfb2-5b9a44a3813f,libs/foundry/records/contracts/contracttemplates/deliverypilot_3pickup_3dropoff_4items.xml
DeliveryPilot_3Pickup_3Dropoff_5Items,ContractClass_Contract,300dcbf0-d201-465b-a7be-af7e15a0a512,MDT,8abbd704-6207-4ca4-9cd4-d9f0362cec64,Delivery,0,1,1,0,0,1,1,0,0,0,0,0,0,Failed,0,1,23,ObjectiveHandler_Hauling,,,,,,,FreightElevator_1SCU,,,949c8894-41e6-486f-b136-6a4484eb2275,libs/foundry/records/contracts/contracttemplates/deliverypilot_3pickup_3dropoff_5items.xml
DeliveryPilot_3Pickup_3Dropoff_5Items,ContractClass_Contract,300dcbf0-d201-465b-a7be-af7e15a0a512,MDT,8abbd704-6207-4ca4-9cd4-d9f0362cec64,Delivery,0,1,1,0,0,1,1,0,0,0,0,0,0,Failed,0,1,23,ObjectiveHandler_Hauling,,,,,,,FreightElevator_1SCU,,,949c8894-41e6-486f-b136-6a4484eb2275,libs/foundry/records/contracts/contracttemplates/deliverypilot_3pickup_3dropoff_5items.xml
DeliveryPilot_3Pickup_3Dropoff_6Items,ContractClass_Contract,300dcbf0-d201-465b-a7be-af7e15a0a512,MDT,8abbd704-6207-4ca4-9cd4-d9f0362cec64,Delivery,0,1,1,0,0,1,1,0,0,0,0,0,0,Failed,0,1,24,ObjectiveHandler_Hauling,,,,,,,FreightElevator_1SCU,,,a4e75a00-1716-4255-97dd-0e0b005fa6f7,libs/foundry/records/contracts/contracttemplates/deliverypilot_3pickup_3dropoff_6items.xml
DeliveryPilot_3Pickup_3Dropoff_6Items,ContractClass_Contract,300dcbf0-d201-465b-a7be-af7e15a0a512,MDT,8abbd704-6207-4ca4-9cd4-d9f0362cec64,Delivery,0,1,1,0,0,1,1,0,0,0,0,0,0,Failed,0,1,24,ObjectiveHandler_Hauling,,,,,,,FreightElevator_1SCU,,,a4e75a00-1716-4255-97dd-0e0b005fa6f7,libs/foundry/records/contracts/contracttemplates/deliverypilot_3pickup_3dropoff_6items.xml
DeliveryPilot_4Pickup_1Dropoff_4Items,ContractClass_Contract,300dcbf0-d201-465b-a7be-af7e15a0a512,MDT,8abbd704-6207-4ca4-9cd4-d9f0362cec64,Delivery,0,1,1,0,0,1,1,0,0,0,0,0,0,Failed,0,1,22,ObjectiveHandler_Hauling,,,,,,,FreightElevator_1SCU,,,13ab6e8b-37bd-4f24-a45b-1dbffb902574,libs/foundry/records/contracts/contracttemplates/deliverypilot_4pickup_1dropoff_4items.xml
DeliveryPilot_4Pickup_1Dropoff_4Items,ContractClass_Contract,300dcbf0-d201-465b-a7be-af7e15a0a512,MDT,8abbd704-6207-4ca4-9cd4-d9f0362cec64,Delivery,0,1,1,0,0,1,1,0,0,0,0,0,0,Failed,0,1,22,ObjectiveHandler_Hauling,,,,,,,FreightElevator_1SCU,,,13ab6e8b-37bd-4f24-a45b-1dbffb902574,libs/foundry/records/contracts/contracttemplates/deliverypilot_4pickup_1dropoff_4items.xml
DeliveryPilot_4Pickup_1Dropoff_5Items,ContractClass_Contract,300dcbf0-d201-465b-a7be-af7e15a0a512,MDT,8abbd704-6207-4ca4-9cd4-d9f0362cec64,Delivery,0,1,1,0,0,1,1,0,0,0,0,0,0,Failed,0,1,23,ObjectiveHandler_Hauling,,,,,,,FreightElevator_1SCU,,,415cc6aa-7cfc-4222-916d-f45c3352c986,libs/foundry/records/contracts/contracttemplates/deliverypilot_4pickup_1dropoff_5items.xml
DeliveryPilot_4Pickup_1Dropoff_5Items,ContractClass_Contract,300dcbf0-d201-465b-a7be-af7e15a0a512,MDT,8abbd704-6207-4ca4-9cd4-d9f0362cec64,Delivery,0,1,1,0,0,1,1,0,0,0,0,0,0,Failed,0,1,23,ObjectiveHandler_Hauling,,,,,,,FreightElevator_1SCU,,,415cc6aa-7cfc-4222-916d-f45c3352c986,libs/foundry/records/contracts/contracttemplates/deliverypilot_4pickup_1dropoff_5items.xml
DestroyItems_2Locations,ContractClass_Contract,300dcbf0-d201-465b-a7be-af7e15a0a512,MDT,62f92440-202a-43d3-9cb8-b917d4e4a102,Mercenary,1,1,0,0,0,1,1,0,1,0,0,0,0,Failed,0,2,29,ObjectiveHandler_Local,Libs/Subsumption/Missions/PU/Missions/DestroyItems.xml,destroystash_obj_long_01 | destroystash_obj_short_01 | destroystash_subobj_marker_01,TravelObjective_Long | TravelObjective_Short,ReturnObjective_Long | ReturnObjective_Short,,,,,,1bad56f3-90df-42c1-af72-bc21a7f21d2f,libs/foundry/records/contracts/contracttemplates/destroyitems_2locations.xml
DestroyItems_2Locations,ContractClass_Contract,300dcbf0-d201-465b-a7be-af7e15a0a512,MDT,62f92440-202a-43d3-9cb8-b917d4e4a102,Mercenary,1,1,0,0,0,1,1,0,1,0,0,0,0,Failed,0,2,29,ObjectiveHandler_Local,Libs/Subsumption/Missions/PU/Missions/DestroyItems.xml,destroystash_obj_long_01 | destroystash_obj_short_01 | destroystash_subobj_marker_01,TravelObjective_Long | TravelObjective_Short,ReturnObjective_Long | ReturnObjective_Short,,,,,,1bad56f3-90df-42c1-af72-bc21a7f21d2f,libs/foundry/records/contracts/contracttemplates/destroyitems_2locations.xml
DestroyItems_BombingRun_Percent,ContractClass_Contract,300dcbf0-d201-465b-a7be-af7e15a0a512,MDT,62f92440-202a-43d3-9cb8-b917d4e4a102,Mercenary,0,1,0,0,0,1,1,0,1,1,0,0,0,Failed,0,1,12,ObjectiveHandler_Local,Libs/Subsumption/Missions/PU/Missions/DestroyItemsPercent.xml,,TravelObjective_Long | TravelObjective_Short,ReturnObjective_Long | ReturnObjective_Short,,mission_items_QTQuantumBeacon,Intersec_TSG_relay,,,0ddc91bb-2d76-422c-aae3-165357d0a31c,libs/foundry/records/contracts/contracttemplates/destroyitems_bombingrun_percent.xml
DestroyItems_BombingRun_Percent,ContractClass_Contract,300dcbf0-d201-465b-a7be-af7e15a0a512,MDT,62f92440-202a-43d3-9cb8-b917d4e4a102,Mercenary,0,1,0,0,0,1,1,0,1,1,0,0,0,Failed,0,1,12,ObjectiveHandler_Local,Libs/Subsumption/Missions/PU/Missions/DestroyItemsPercent.xml,,TravelObjective_Long | TravelObjective_Short,ReturnObjective_Long | ReturnObjective_Short,,mission_items_QTQuantumBeacon,Intersec_TSG_relay,,,0ddc91bb-2d76-422c-aae3-165357d0a31c,libs/foundry/records/contracts/contracttemplates/destroyitems_bombingrun_percent.xml
DestroyItems_BombingRun_ShipCombatEncounter,ContractClass_Contract,300dcbf0-d201-465b-a7be-af7e15a0a512,MDT,62f92440-202a-43d3-9cb8-b917d4e4a102,Mercenary,0,1,0,0,0,1,1,0,1,1,0,0,0,Failed,0,2,21,ObjectiveHandler_Local,Libs/Subsumption/Missions/PU/Missions/DestroyItems.xml | Libs/Subsumption/Missions/PU/Modules/SpawnShipCombatEncounter/SpawnShipCombatEncounter_ShipLocationDefence.xml,,TravelObjective_Long | TravelObjective_Short,ReturnObjective_Long | ReturnObjective_Short,,,destroyItems_BombingRunItem,,,5e79913d-49d9-4fc4-96b5-3895a3f91bd0,libs/foundry/records/contracts/contracttemplates/destroyitems_bombingrun_shipcombatencounter.xml
DestroyItems_BombingRun_ShipCombatEncounter,ContractClass_Contract,300dcbf0-d201-465b-a7be-af7e15a0a512,MDT,62f92440-202a-43d3-9cb8-b917d4e4a102,Mercenary,0,1,0,0,0,1,1,0,1,1,0,0,0,Failed,0,2,21,ObjectiveHandler_Local,Libs/Subsumption/Missions/PU/Missions/DestroyItems.xml | Libs/Subsumption/Missions/PU/Modules/SpawnShipCombatEncounter/SpawnShipCombatEncounter_ShipLocationDefence.xml,,TravelObjective_Long | TravelObjective_Short,ReturnObjective_Long | ReturnObjective_Short,,,destroyItems_BombingRunItem,,,5e79913d-49d9-4fc4-96b5-3895a3f91bd0,libs/foundry/records/contracts/contracttemplates/destroyitems_bombingrun_shipcombatencounter.xml
DestroyItems_BombingRun,ContractClass_Contract,300dcbf0-d201-465b-a7be-af7e15a0a512,MDT,62f92440-202a-43d3-9cb8-b917d4e4a102,Mercenary,0,1,0,0,0,1,1,0,1,1,0,0,0,Failed,0,1,10,ObjectiveHandler_Local,Libs/Subsumption/Missions/PU/Missions/DestroyItems.xml,destroystash_obj_long_01 | destroystash_obj_short_01 | destroystash_subobj_marker_01,TravelObjective_Long | TravelObjective_Short,ReturnObjective_Long | ReturnObjective_Short,,,destroyItems_BombingRunItem,,,55d6cb17-73ac-43e0-a78e-67c108698e4c,libs/foundry/records/contracts/contracttemplates/destroyitems_bombingrun.xml
DestroyItems_BombingRun,ContractClass_Contract,300dcbf0-d201-465b-a7be-af7e15a0a512,MDT,62f92440-202a-43d3-9cb8-b917d4e4a102,Mercenary,0,1,0,0,0,1,1,0,1,1,0,0,0,Failed,0,1,10,ObjectiveHandler_Local,Libs/Subsumption/Missions/PU/Missions/DestroyItems.xml,destroystash_obj_long_01 | destroystash_obj_short_01 | destroystash_subobj_marker_01,TravelObjective_Long | TravelObjective_Short,ReturnObjective_Long | ReturnObjective_Short,,,destroyItems_BombingRunItem,,,55d6cb17-73ac-43e0-a78e-67c108698e4c,libs/foundry/records/contracts/contracttemplates/destroyitems_bombingrun.xml
DestroyItems_DestroyItems_Killship,ContractClass_Contract,300dcbf0-d201-465b-a7be-af7e15a0a512,MDT,62f92440-202a-43d3-9cb8-b917d4e4a102,Mercenary,1,1,0,0,0,1,1,0,1,0,0,0,0,Failed,0,3,51,ObjectiveHandler_Local,Libs/Subsumption/Missions/PU/Missions/DestroyItems.xml | Libs/Subsumption/Missions/PU/Missions/KillShip/KillShip.xml,destroystash_obj_long_01 | destroystash_obj_short_01 | destroystash_subobj_marker_01,bounty_obj_long_01 | bounty_obj_short_01 | destroystash_obj_long_01 | destroystash_obj_short_01 | destroystash_subobj_marker_01 | KillShip_Reach_Marker_01 | TravelObjective_Long | TravelObjective_Short,ReturnObjective_Long | ReturnObjective_Short,,,,6804b0a9-b01d-4c9a-8063-67784bd0f021,,883bdfda-a79b-4268-89ac-cada8a29f3f4,libs/foundry/records/contracts/contracttemplates/destroyitems_destroyitems_killship.xml
DestroyItems_DestroyItems_Killship,ContractClass_Contract,300dcbf0-d201-465b-a7be-af7e15a0a512,MDT,62f92440-202a-43d3-9cb8-b917d4e4a102,Mercenary,1,1,0,0,0,1,1,0,1,0,0,0,0,Failed,0,3,51,ObjectiveHandler_Local,Libs/Subsumption/Missions/PU/Missions/DestroyItems.xml | Libs/Subsumption/Missions/PU/Missions/KillShip/KillShip.xml,destroystash_obj_long_01 | destroystash_obj_short_01 | destroystash_subobj_marker_01,bounty_obj_long_01 | bounty_obj_short_01 | destroystash_obj_long_01 | destroystash_obj_short_01 | destroystash_subobj_marker_01 | KillShip_Reach_Marker_01 | TravelObjective_Long | TravelObjective_Short,ReturnObjective_Long | ReturnObjective_Short,,,,6804b0a9-b01d-4c9a-8063-67784bd0f021,,883bdfda-a79b-4268-89ac-cada8a29f3f4,libs/foundry/records/contracts/contracttemplates/destroyitems_destroyitems_killship.xml
DestroyItems_EliminateSpecific,ContractClass_Contract,300dcbf0-d201-465b-a7be-af7e15a0a512,MDT,62f92440-202a-43d3-9cb8-b917d4e4a102,Mercenary,1,1,0,0,0,1,1,0,1,0,0,0,0,Failed,0,2,40,ObjectiveHandler_Local,Libs/Subsumption/Missions/PU/Missions/DestroyItems.xml | Libs/Subsumption/Missions/PU/Missions/InfiltrateAndDefend/PU_EliminateSpecific.xml,,bounty_obj_long_01 | bounty_obj_marker_01a | bounty_obj_short_01 | TravelObjective_Long | TravelObjective_Short,ReturnObjective_Long | ReturnObjective_Short,,,,,,1be445c4-5943-4109-b12a-18aff16a5b2e,libs/foundry/records/contracts/contracttemplates/destroyitems_eliminatespecific.xml
DestroyItems_EliminateSpecific,ContractClass_Contract,300dcbf0-d201-465b-a7be-af7e15a0a512,MDT,62f92440-202a-43d3-9cb8-b917d4e4a102,Mercenary,1,1,0,0,0,1,1,0,1,0,0,0,0,Failed,0,2,40,ObjectiveHandler_Local,Libs/Subsumption/Missions/PU/Missions/DestroyItems.xml | Libs/Subsumption/Missions/PU/Missions/InfiltrateAndDefend/PU_EliminateSpecific.xml,,bounty_obj_long_01 | bounty_obj_marker_01a | bounty_obj_short_01 | TravelObjective_Long | TravelObjective_Short,ReturnObjective_Long | ReturnObjective_Short,,,,,,1be445c4-5943-4109-b12a-18aff16a5b2e,libs/foundry/records/contracts/contracttemplates/destroyitems_eliminatespecific.xml
DestroyItems_KillShip,ContractClass_Contract,300dcbf0-d201-465b-a7be-af7e15a0a512,MDT,62f92440-202a-43d3-9cb8-b917d4e4a102,Mercenary,1,1,0,0,0,1,1,0,1,0,0,0,0,Failed,0,2,35,ObjectiveHandler_Local,Libs/Subsumption/Missions/PU/Missions/DestroyItems.xml | Libs/Subsumption/Missions/PU/Missions/KillShip/KillShip.xml,destroystash_obj_long_01 | destroystash_obj_short_01 | destroystash_subobj_marker_01,bounty_obj_long_01 | bounty_obj_short_01 | destroystash_obj_long_01 | destroystash_obj_short_01 | destroystash_subobj_marker_01 | KillShip_Reach_Marker_01,ReturnObjective_Long | ReturnObjective_Short,,,,6804b0a9-b01d-4c9a-8063-67784bd0f021,,04fbffba-a13d-40ec-845d-1010f37a36d7,libs/foundry/records/contracts/contracttemplates/destroyitems_killship.xml
DestroyItems_KillShip,ContractClass_Contract,300dcbf0-d201-465b-a7be-af7e15a0a512,MDT,62f92440-202a-43d3-9cb8-b917d4e4a102,Mercenary,1,1,0,0,0,1,1,0,1,0,0,0,0,Failed,0,2,35,ObjectiveHandler_Local,Libs/Subsumption/Missions/PU/Missions/DestroyItems.xml | Libs/Subsumption/Missions/PU/Missions/KillShip/KillShip.xml,destroystash_obj_long_01 | destroystash_obj_short_01 | destroystash_subobj_marker_01,bounty_obj_long_01 | bounty_obj_short_01 | destroystash_obj_long_01 | destroystash_obj_short_01 | destroystash_subobj_marker_01 | KillShip_Reach_Marker_01,ReturnObjective_Long | ReturnObjective_Short,,,,6804b0a9-b01d-4c9a-8063-67784bd0f021,,04fbffba-a13d-40ec-845d-1010f37a36d7,libs/foundry/records/contracts/contracttemplates/destroyitems_killship.xml
DestroyItems_Narcotics,ContractClass_Contract,300dcbf0-d201-465b-a7be-af7e15a0a512,MDT,62f92440-202a-43d3-9cb8-b917d4e4a102,Mercenary,0,1,0,0,0,1,1,0,1,0,0,0,0,Failed,0,1,11,ObjectiveHandler_Local,Libs/Subsumption/Missions/PU/Missions/DestroyItems.xml,,TravelObjective_Long | TravelObjective_Short,ReturnObjective_Long | ReturnObjective_Short,,,destoryitems_item_01,,,c75c4de6-5429-49bb-8bc2-ec8748d467ca,libs/foundry/records/contracts/contracttemplates/destroyitems_narcotics.xml
DestroyItems_Narcotics,ContractClass_Contract,300dcbf0-d201-465b-a7be-af7e15a0a512,MDT,62f92440-202a-43d3-9cb8-b917d4e4a102,Mercenary,0,1,0,0,0,1,1,0,1,0,0,0,0,Failed,0,1,11,ObjectiveHandler_Local,Libs/Subsumption/Missions/PU/Missions/DestroyItems.xml,,TravelObjective_Long | TravelObjective_Short,ReturnObjective_Long | ReturnObjective_Short,,,destoryitems_item_01,,,c75c4de6-5429-49bb-8bc2-ec8748d467ca,libs/foundry/records/contracts/contracttemplates/destroyitems_narcotics.xml
DestroyItems_ParentLocation,ContractClass_Contract,300dcbf0-d201-465b-a7be-af7e15a0a512,MDT,62f92440-202a-43d3-9cb8-b917d4e4a102,Mercenary,1,1,0,0,0,1,1,0,1,0,0,0,0,Failed,0,2,19,ObjectiveHandler_Local,Libs/Subsumption/Missions/PU/Missions/DestroyItems.xml | Libs/Subsumption/Missions/PU/Missions/FacilityDelve/GoToObjective.xml,,TravelObjective_Long | TravelObjective_Short,ReturnObjective_Long | ReturnObjective_Short,,mission_items_QTQuantumBeacon,,,,16786160-63dd-40fc-8391-a9f36c89bf53,libs/foundry/records/contracts/contracttemplates/destroyitems_parentlocation.xml
DestroyItems_ParentLocation,ContractClass_Contract,300dcbf0-d201-465b-a7be-af7e15a0a512,MDT,62f92440-202a-43d3-9cb8-b917d4e4a102,Mercenary,1,1,0,0,0,1,1,0,1,0,0,0,0,Failed,0,2,19,ObjectiveHandler_Local,Libs/Subsumption/Missions/PU/Missions/DestroyItems.xml | Libs/Subsumption/Missions/PU/Missions/FacilityDelve/GoToObjective.xml,,TravelObjective_Long | TravelObjective_Short,ReturnObjective_Long | ReturnObjective_Short,,mission_items_QTQuantumBeacon,,,,16786160-63dd-40fc-8391-a9f36c89bf53,libs/foundry/records/contracts/contracttemplates/destroyitems_parentlocation.xml
DestroyItems_ShipLocationDefence,ContractClass_Contract,300dcbf0-d201-465b-a7be-af7e15a0a512,MDT,62f92440-202a-43d3-9cb8-b917d4e4a102,Mercenary,1,1,0,0,0,1,1,0,1,0,0,0,0,Failed,0,2,39,ObjectiveHandler_Local,Libs/Subsumption/Missions/PU/Missions/DestroyItems.xml | Libs/Subsumption/Missions/PU/PU_MissionModules/LocationManager/LocationDefence/ShipLocationDefence.xml,,TravelObjective_Long | TravelObjective_Short,ReturnObjective_Long | ReturnObjective_Short,,,,,,b1b7e721-b568-4328-8127-88bc9be29423,libs/foundry/records/contracts/contracttemplates/destroyitems_shiplocationdefence.xml
DestroyItems_ShipLocationDefence,ContractClass_Contract,300dcbf0-d201-465b-a7be-af7e15a0a512,MDT,62f92440-202a-43d3-9cb8-b917d4e4a102,Mercenary,1,1,0,0,0,1,1,0,1,0,0,0,0,Failed,0,2,39,ObjectiveHandler_Local,Libs/Subsumption/Missions/PU/Missions/DestroyItems.xml | Libs/Subsumption/Missions/PU/PU_MissionModules/LocationManager/LocationDefence/ShipLocationDefence.xml,,TravelObjective_Long | TravelObjective_Short,ReturnObjective_Long | ReturnObjective_Short,,,,,,b1b7e721-b568-4328-8127-88bc9be29423,libs/foundry/records/contracts/contracttemplates/destroyitems_shiplocationdefence.xml
DestroyItems,ContractClass_Contract,300dcbf0-d201-465b-a7be-af7e15a0a512,MDT,62f92440-202a-43d3-9cb8-b917d4e4a102,Mercenary,1,1,0,0,0,1,1,0,1,0,0,0,0,Failed,0,1,31,ObjectiveHandler_Local,Libs/Subsumption/Missions/PU/Missions/DestroyItems.xml,,TravelObjective_Long | TravelObjective_Short,ReturnObjective_Long | ReturnObjective_Short,,,,,,f59ba5ce-6374-464e-8b7d-bd3781c7c837,libs/foundry/records/contracts/contracttemplates/destroyitems.xml
DestroyItems,ContractClass_Contract,300dcbf0-d201-465b-a7be-af7e15a0a512,MDT,62f92440-202a-43d3-9cb8-b917d4e4a102,Mercenary,1,1,0,0,0,1,1,0,1,0,0,0,0,Failed,0,1,31,ObjectiveHandler_Local,Libs/Subsumption/Missions/PU/Missions/DestroyItems.xml,,TravelObjective_Long | TravelObjective_Short,ReturnObjective_Long | ReturnObjective_Short,,,,,,f59ba5ce-6374-464e-8b7d-bd3781c7c837,libs/foundry/records/contracts/contracttemplates/destroyitems.xml
DestroySatellite_Lawful,ContractClass_Contract,300dcbf0-d201-465b-a7be-af7e15a0a512,MDT,62f92440-202a-43d3-9cb8-b917d4e4a102,Mercenary,0,1,0,0,0,1,1,0,1,1,0,7200,1,Failed,0,1,7,ObjectiveHandler_Local,Libs/Subsumption/Missions/PU/Missions/Destroy/DestroyItems_Space.xml,destroyitemsspace_Satellite_obj_long_01 | destroyitemsspace_Satellite_obj_short_01,destroyitemsspace_reach_long_01 | destroyitemsspace_reach_Marker_01 | destroyitemsspace_reach_short_01,ReturnObjective_Long | ReturnObjective_Short,,,,942d4c32-7cb0-41ee-9ea9-9ee0320ba641 | fb1115cb-b6f9-4a51-bdf5-1d939ad68c48, | ,10fb4c20-efef-4129-8498-8b6d372ddb46,libs/foundry/records/contracts/contracttemplates/destroysatellite_lawful.xml
DestroySatellite_Lawful,ContractClass_Contract,300dcbf0-d201-465b-a7be-af7e15a0a512,MDT,62f92440-202a-43d3-9cb8-b917d4e4a102,Mercenary,0,1,0,0,0,1,1,0,1,1,0,7200,1,Failed,0,1,7,ObjectiveHandler_Local,Libs/Subsumption/Missions/PU/Missions/Destroy/DestroyItems_Space.xml,destroyitemsspace_Satellite_obj_long_01 | destroyitemsspace_Satellite_obj_short_01,destroyitemsspace_reach_long_01 | destroyitemsspace_reach_Marker_01 | destroyitemsspace_reach_short_01,ReturnObjective_Long | ReturnObjective_Short,,,,942d4c32-7cb0-41ee-9ea9-9ee0320ba641 | fb1115cb-b6f9-4a51-bdf5-1d939ad68c48, | ,10fb4c20-efef-4129-8498-8b6d372ddb46,libs/foundry/records/contracts/contracttemplates/destroysatellite_lawful.xml
DestroySatellite_Unlawful,ContractClass_Contract,300dcbf0-d201-465b-a7be-af7e15a0a512,MDT,62f92440-202a-43d3-9cb8-b917d4e4a102,Mercenary,1,1,0,0,0,1,1,0,1,0,0,7200,1,Failed,0,1,7,ObjectiveHandler_Local,Libs/Subsumption/Missions/PU/Missions/Destroy/DestroyItems_Space.xml,destroyitemsspace_Satellite_obj_long_01 | destroyitemsspace_Satellite_obj_short_01,destroyitemsspace_reach_long_01 | destroyitemsspace_reach_Marker_01 | destroyitemsspace_reach_short_01,ReturnObjective_Long | ReturnObjective_Short,,,,942d4c32-7cb0-41ee-9ea9-9ee0320ba641 | fb1115cb-b6f9-4a51-bdf5-1d939ad68c48, | ,3af36058-28a0-4380-b115-d6ee2e54e1ea,libs/foundry/records/contracts/contracttemplates/destroysatellite_unlawful.xml
DestroySatellite_Unlawful,ContractClass_Contract,300dcbf0-d201-465b-a7be-af7e15a0a512,MDT,62f92440-202a-43d3-9cb8-b917d4e4a102,Mercenary,1,1,0,0,0,1,1,0,1,0,0,7200,1,Failed,0,1,7,ObjectiveHandler_Local,Libs/Subsumption/Missions/PU/Missions/Destroy/DestroyItems_Space.xml,destroyitemsspace_Satellite_obj_long_01 | destroyitemsspace_Satellite_obj_short_01,destroyitemsspace_reach_long_01 | destroyitemsspace_reach_Marker_01 | destroyitemsspace_reach_short_01,ReturnObjective_Long | ReturnObjective_Short,,,,942d4c32-7cb0-41ee-9ea9-9ee0320ba641 | fb1115cb-b6f9-4a51-bdf5-1d939ad68c48, | ,3af36058-28a0-4380-b115-d6ee2e54e1ea,libs/foundry/records/contracts/contracttemplates/destroysatellite_unlawful.xml
EliminateAll_2Locations,ContractClass_Contract,300dcbf0-d201-465b-a7be-af7e15a0a512,MDT,62f92440-202a-43d3-9cb8-b917d4e4a102,Mercenary,0,1,0,0,0,1,1,0,1,1,0,0,0,Failed,0,2,16,ObjectiveHandler_Local,Libs/Subsumption/Missions/PU/Missions/InfiltrateAndDefend/PU_EliminateAll.xml,,TravelObjective_Long | TravelObjective_Short,ReturnObjective_Long | ReturnObjective_Short,,,,1dcaf9e0-9b99-4c2d-83e3-faba4ef7673a | 71ab54b9-727e-49e7-92a7-20f2812c1926 | d5d68f8c-005a-439b-91ee-3ce637306d09, |  | ,1e604ca5-a405-4dc8-9657-669767491d01,libs/foundry/records/contracts/contracttemplates/eliminateall_2locations.xml
EliminateAll_2Locations,ContractClass_Contract,300dcbf0-d201-465b-a7be-af7e15a0a512,MDT,62f92440-202a-43d3-9cb8-b917d4e4a102,Mercenary,0,1,0,0,0,1,1,0,1,1,0,0,0,Failed,0,2,16,ObjectiveHandler_Local,Libs/Subsumption/Missions/PU/Missions/InfiltrateAndDefend/PU_EliminateAll.xml,,TravelObjective_Long | TravelObjective_Short,ReturnObjective_Long | ReturnObjective_Short,,,,1dcaf9e0-9b99-4c2d-83e3-faba4ef7673a | 71ab54b9-727e-49e7-92a7-20f2812c1926 | d5d68f8c-005a-439b-91ee-3ce637306d09, |  | ,1e604ca5-a405-4dc8-9657-669767491d01,libs/foundry/records/contracts/contracttemplates/eliminateall_2locations.xml
EliminateAll_Courier_DestroyItems,ContractClass_Contract,300dcbf0-d201-465b-a7be-af7e15a0a512,MDT,62f92440-202a-43d3-9cb8-b917d4e4a102,Mercenary,0,1,0,0,0,0,1,0,1,1,0,0,0,Failed,0,3,46,ObjectiveHandler_Hauling | ObjectiveHandler_Local,Libs/Subsumption/Missions/PU/Missions/DestroyItems.xml | Libs/Subsumption/Missions/PU/Missions/InfiltrateAndDefend/PU_EliminateAll.xml,destroystash_obj_long_01 | destroystash_obj_short_01 | destroystash_subobj_marker_01,TravelObjective_Long | TravelObjective_Short,ReturnObjective_Long | ReturnObjective_Short,,,,1dcaf9e0-9b99-4c2d-83e3-faba4ef7673a | 71ab54b9-727e-49e7-92a7-20f2812c1926 | d5d68f8c-005a-439b-91ee-3ce637306d09, |  | ,a1d8afa2-2ad4-4845-9fef-256d19f7366c,libs/foundry/records/contracts/contracttemplates/eliminateall_courier_destroyitems.xml
EliminateAll_Courier_DestroyItems,ContractClass_Contract,300dcbf0-d201-465b-a7be-af7e15a0a512,MDT,62f92440-202a-43d3-9cb8-b917d4e4a102,Mercenary,0,1,0,0,0,0,1,0,1,1,0,0,0,Failed,0,3,46,ObjectiveHandler_Hauling | ObjectiveHandler_Local,Libs/Subsumption/Missions/PU/Missions/DestroyItems.xml | Libs/Subsumption/Missions/PU/Missions/InfiltrateAndDefend/PU_EliminateAll.xml,destroystash_obj_long_01 | destroystash_obj_short_01 | destroystash_subobj_marker_01,TravelObjective_Long | TravelObjective_Short,ReturnObjective_Long | ReturnObjective_Short,,,,1dcaf9e0-9b99-4c2d-83e3-faba4ef7673a | 71ab54b9-727e-49e7-92a7-20f2812c1926 | d5d68f8c-005a-439b-91ee-3ce637306d09, |  | ,a1d8afa2-2ad4-4845-9fef-256d19f7366c,libs/foundry/records/contracts/contracttemplates/eliminateall_courier_destroyitems.xml
EliminateAll_Courier,ContractClass_Contract,300dcbf0-d201-465b-a7be-af7e15a0a512,MDT,62f92440-202a-43d3-9cb8-b917d4e4a102,Mercenary,0,1,0,0,0,1,1,0,1,1,0,0,0,Failed,0,2,23,ObjectiveHandler_Hauling | ObjectiveHandler_Local,Libs/Subsumption/Missions/PU/Missions/InfiltrateAndDefend/PU_EliminateAll.xml,,TravelObjective_Long | TravelObjective_Short,ReturnObjective_Long | ReturnObjective_Short,,,,71ab54b9-727e-49e7-92a7-20f2812c1926,,9553901c-b474-4885-81d2-07870cc7127f,libs/foundry/records/contracts/contracttemplates/eliminateall_courier.xml
EliminateAll_Courier,ContractClass_Contract,300dcbf0-d201-465b-a7be-af7e15a0a512,MDT,62f92440-202a-43d3-9cb8-b917d4e4a102,Mercenary,0,1,0,0,0,1,1,0,1,1,0,0,0,Failed,0,2,23,ObjectiveHandler_Hauling | ObjectiveHandler_Local,Libs/Subsumption/Missions/PU/Missions/InfiltrateAndDefend/PU_EliminateAll.xml,,TravelObjective_Long | TravelObjective_Short,ReturnObjective_Long | ReturnObjective_Short,,,,71ab54b9-727e-49e7-92a7-20f2812c1926,,9553901c-b474-4885-81d2-07870cc7127f,libs/foundry/records/contracts/contracttemplates/eliminateall_courier.xml
EliminateAll_FF,ContractClass_Contract,300dcbf0-d201-465b-a7be-af7e15a0a512,MDT,62f92440-202a-43d3-9cb8-b917d4e4a102,Mercenary,0,1,0,0,0,1,1,0,1,1,0,0,0,Failed,0,2,21,ObjectiveHandler_Local,Libs/Subsumption/Missions/PU/Missions/InfiltrateAndDefend/PU_EliminateAll.xml | Libs/Subsumption/Missions/PU/Modules/MissionAIManager.xml,,TravelObjective_Long | TravelObjective_Short,ReturnObjective_Long | ReturnObjective_Short,,mission_items_QTQuantumBeacon,,,,a3473b9e-1039-4487-9f91-380e9fb35f01,libs/foundry/records/contracts/contracttemplates/eliminateall_ff.xml
EliminateAll_FF,ContractClass_Contract,300dcbf0-d201-465b-a7be-af7e15a0a512,MDT,62f92440-202a-43d3-9cb8-b917d4e4a102,Mercenary,0,1,0,0,0,1,1,0,1,1,0,0,0,Failed,0,2,21,ObjectiveHandler_Local,Libs/Subsumption/Missions/PU/Missions/InfiltrateAndDefend/PU_EliminateAll.xml | Libs/Subsumption/Missions/PU/Modules/MissionAIManager.xml,,TravelObjective_Long | TravelObjective_Short,ReturnObjective_Long | ReturnObjective_Short,,mission_items_QTQuantumBeacon,,,,a3473b9e-1039-4487-9f91-380e9fb35f01,libs/foundry/records/contracts/contracttemplates/eliminateall_ff.xml
EliminateAll_Handyman,ContractClass_Contract,300dcbf0-d201-465b-a7be-af7e15a0a512,MDT,9c585972-95b7-4408-ad72-aa9858545958,Priority,0,1,0,0,0,1,1,0,1,1,0,0,0,Failed,0,2,17,ObjectiveHandler_Local,Libs/Subsumption/Missions/PU/JobBoardMissions/Enginering/ComponentSwap/ReplaceComponents.xml | Libs/Subsumption/Missions/PU/Missions/InfiltrateAndDefend/PU_EliminateAll.xml,replaceparts_obj_001_short | replaceparts_obj_002_short | TravelObjective_Short,TravelObjective_Long | TravelObjective_Short,ReturnObjective_Long | ReturnObjective_Short,,,,1d47586c-d54c-4fdf-8e74-3901fb71e56d | 458b9c78-641a-4aec-9e2b-b7723635ba90 | 4b126f06-57c9-4d68-8999-1f28c6251747 | 71ab54b9-727e-49e7-92a7-20f2812c1926 | d5d68f8c-005a-439b-91ee-3ce637306d09, |  |  |  | ,9f29ce9f-5dc5-4304-8c22-2271d27c7b90,libs/foundry/records/contracts/contracttemplates/eliminateall_handyman.xml
EliminateAll_Handyman,ContractClass_Contract,300dcbf0-d201-465b-a7be-af7e15a0a512,MDT,9c585972-95b7-4408-ad72-aa9858545958,Priority,0,1,0,0,0,1,1,0,1,1,0,0,0,Failed,0,2,17,ObjectiveHandler_Local,Libs/Subsumption/Missions/PU/JobBoardMissions/Enginering/ComponentSwap/ReplaceComponents.xml | Libs/Subsumption/Missions/PU/Missions/InfiltrateAndDefend/PU_EliminateAll.xml,replaceparts_obj_001_short | replaceparts_obj_002_short | TravelObjective_Short,TravelObjective_Long | TravelObjective_Short,ReturnObjective_Long | ReturnObjective_Short,,,,1d47586c-d54c-4fdf-8e74-3901fb71e56d | 458b9c78-641a-4aec-9e2b-b7723635ba90 | 4b126f06-57c9-4d68-8999-1f28c6251747 | 71ab54b9-727e-49e7-92a7-20f2812c1926 | d5d68f8c-005a-439b-91ee-3ce637306d09, |  |  |  | ,9f29ce9f-5dc5-4304-8c22-2271d27c7b90,libs/foundry/records/contracts/contracttemplates/eliminateall_handyman.xml
EliminateAll_Lawful_UGF,ContractClass_Contract,300dcbf0-d201-465b-a7be-af7e15a0a512,MDT,62f92440-202a-43d3-9cb8-b917d4e4a102,Mercenary,0,1,0,0,0,1,1,0,1,1,0,0,0,Failed,0,1,11,ObjectiveHandler_Local,Libs/Subsumption/Missions/PU/Missions/InfiltrateAndDefend/PU_EliminateAll.xml,,TravelObjective_Long | TravelObjective_Short,ReturnObjective_Long | ReturnObjective_Short,,,,,,c29e6bd9-8424-4d73-8699-cbc02c956d2d,libs/foundry/records/contracts/contracttemplates/eliminateall_lawful_ugf.xml
EliminateAll_Lawful_UGF,ContractClass_Contract,300dcbf0-d201-465b-a7be-af7e15a0a512,MDT,62f92440-202a-43d3-9cb8-b917d4e4a102,Mercenary,0,1,0,0,0,1,1,0,1,1,0,0,0,Failed,0,1,11,ObjectiveHandler_Local,Libs/Subsumption/Missions/PU/Missions/InfiltrateAndDefend/PU_EliminateAll.xml,,TravelObjective_Long | TravelObjective_Short,ReturnObjective_Long | ReturnObjective_Short,,,,,,c29e6bd9-8424-4d73-8699-cbc02c956d2d,libs/foundry/records/contracts/contracttemplates/eliminateall_lawful_ugf.xml
EliminateAll_MissingPerson_Courier,ContractClass_Contract,300dcbf0-d201-465b-a7be-af7e15a0a512,MDT,62f92440-202a-43d3-9cb8-b917d4e4a102,Mercenary,0,1,0,0,0,1,1,0,1,1,0,0,0,Failed,0,3,29,ObjectiveHandler_Hauling | ObjectiveHandler_Local,Libs/Subsumption/Missions/PU/Missions/InfiltrateAndDefend/PU_EliminateAll.xml | Libs/Subsumption/Missions/PU/Missions/MissingPerson.xml,,searchbody_cave_obj_long_01 | searchbody_cave_obj_marker_01 | searchbody_cave_obj_short_01 | TravelObjective_Long | TravelObjective_Short,ReturnObjective_Long | ReturnObjective_Short,,,,,,253506bf-1024-49e2-aa14-c8e8a7368de0,libs/foundry/records/contracts/contracttemplates/eliminateall_missingperson_courier.xml
EliminateAll_MissingPerson_Courier,ContractClass_Contract,300dcbf0-d201-465b-a7be-af7e15a0a512,MDT,62f92440-202a-43d3-9cb8-b917d4e4a102,Mercenary,0,1,0,0,0,1,1,0,1,1,0,0,0,Failed,0,3,29,ObjectiveHandler_Hauling | ObjectiveHandler_Local,Libs/Subsumption/Missions/PU/Missions/InfiltrateAndDefend/PU_EliminateAll.xml | Libs/Subsumption/Missions/PU/Missions/MissingPerson.xml,,searchbody_cave_obj_long_01 | searchbody_cave_obj_marker_01 | searchbody_cave_obj_short_01 | TravelObjective_Long | TravelObjective_Short,ReturnObjective_Long | ReturnObjective_Short,,,,,,253506bf-1024-49e2-aa14-c8e8a7368de0,libs/foundry/records/contracts/contracttemplates/eliminateall_missingperson_courier.xml
EliminateAll_ParentLocation_MarkerToGuide,ContractClass_Contract,300dcbf0-d201-465b-a7be-af7e15a0a512,MDT,62f92440-202a-43d3-9cb8-b917d4e4a102,Mercenary,0,1,0,0,0,1,1,0,1,1,0,0,0,Failed,0,3,19,ObjectiveHandler_Local,Libs/Subsumption/Missions/PU/Missions/FacilityDelve/GoToObjective.xml | Libs/Subsumption/Missions/PU/Missions/InfiltrateAndDefend/PU_EliminateAll.xml | Libs/Subsumption/Missions/PU/Modules/GuideToMissionLocation.xml,,TravelObjective_Long | TravelObjective_Short,ReturnObjective_Long | ReturnObjective_Short,,,,,,58bf054a-5359-495f-9ec1-c3dd72017b5c,libs/foundry/records/contracts/contracttemplates/eliminateall_parentlocation_markertoguide.xml
EliminateAll_ParentLocation_MarkerToGuide,ContractClass_Contract,300dcbf0-d201-465b-a7be-af7e15a0a512,MDT,62f92440-202a-43d3-9cb8-b917d4e4a102,Mercenary,0,1,0,0,0,1,1,0,1,1,0,0,0,Failed,0,3,19,ObjectiveHandler_Local,Libs/Subsumption/Missions/PU/Missions/FacilityDelve/GoToObjective.xml | Libs/Subsumption/Missions/PU/Missions/InfiltrateAndDefend/PU_EliminateAll.xml | Libs/Subsumption/Missions/PU/Modules/GuideToMissionLocation.xml,,TravelObjective_Long | TravelObjective_Short,ReturnObjective_Long | ReturnObjective_Short,,,,,,58bf054a-5359-495f-9ec1-c3dd72017b5c,libs/foundry/records/contracts/contracttemplates/eliminateall_parentlocation_markertoguide.xml
EliminateAll_ShipLocationDefence,ContractClass_Contract,300dcbf0-d201-465b-a7be-af7e15a0a512,MDT,62f92440-202a-43d3-9cb8-b917d4e4a102,Mercenary,0,1,0,0,0,1,1,0,1,1,0,0,0,Failed,0,2,27,ObjectiveHandler_Local,Libs/Subsumption/Missions/PU/Missions/InfiltrateAndDefend/PU_EliminateAll.xml | Libs/Subsumption/Missions/PU/PU_MissionModules/LocationManager/LocationDefence/ShipLocationDefence.xml,,TravelObjective_Long | TravelObjective_Short,ReturnObjective_Long | ReturnObjective_Short,,mission_items_QTQuantumBeacon,,,,d40fb235-6922-42f0-998d-3eb0ca50b2a6,libs/foundry/records/contracts/contracttemplates/eliminateall_shiplocationdefence.xml
EliminateAll_ShipLocationDefence,ContractClass_Contract,300dcbf0-d201-465b-a7be-af7e15a0a512,MDT,62f92440-202a-43d3-9cb8-b917d4e4a102,Mercenary,0,1,0,0,0,1,1,0,1,1,0,0,0,Failed,0,2,27,ObjectiveHandler_Local,Libs/Subsumption/Missions/PU/Missions/InfiltrateAndDefend/PU_EliminateAll.xml | Libs/Subsumption/Missions/PU/PU_MissionModules/LocationManager/LocationDefence/ShipLocationDefence.xml,,TravelObjective_Long | TravelObjective_Short,ReturnObjective_Long | ReturnObjective_Short,,mission_items_QTQuantumBeacon,,,,d40fb235-6922-42f0-998d-3eb0ca50b2a6,libs/foundry/records/contracts/contracttemplates/eliminateall_shiplocationdefence.xml
EliminateAll_Unlawful_UGF,ContractClass_Contract,300dcbf0-d201-465b-a7be-af7e15a0a512,MDT,62f92440-202a-43d3-9cb8-b917d4e4a102,Mercenary,1,1,0,0,0,1,1,0,1,0,0,0,0,Failed,0,1,10,ObjectiveHandler_Local,Libs/Subsumption/Missions/PU/Missions/InfiltrateAndDefend/PU_EliminateAll.xml,,TravelObjective_Long | TravelObjective_Short,ReturnObjective_Long | ReturnObjective_Short,,,,,,26779610-8d99-4305-a334-3a0d6ad9e9f7,libs/foundry/records/contracts/contracttemplates/eliminateall_unlawful_ugf.xml
EliminateAll_Unlawful_UGF,ContractClass_Contract,300dcbf0-d201-465b-a7be-af7e15a0a512,MDT,62f92440-202a-43d3-9cb8-b917d4e4a102,Mercenary,1,1,0,0,0,1,1,0,1,0,0,0,0,Failed,0,1,10,ObjectiveHandler_Local,Libs/Subsumption/Missions/PU/Missions/InfiltrateAndDefend/PU_EliminateAll.xml,,TravelObjective_Long | TravelObjective_Short,ReturnObjective_Long | ReturnObjective_Short,,,,,,26779610-8d99-4305-a334-3a0d6ad9e9f7,libs/foundry/records/contracts/contracttemplates/eliminateall_unlawful_ugf.xml
EliminateAll,ContractClass_Contract,300dcbf0-d201-465b-a7be-af7e15a0a512,MDT,62f92440-202a-43d3-9cb8-b917d4e4a102,Mercenary,0,1,0,0,0,1,1,0,1,1,0,0,0,Failed,0,1,18,ObjectiveHandler_Local,Libs/Subsumption/Missions/PU/Missions/InfiltrateAndDefend/PU_EliminateAll.xml,,TravelObjective_Long | TravelObjective_Short,ReturnObjective_Long | ReturnObjective_Short,,mission_items_QTQuantumBeacon,,,,f4ef82e1-cec3-43fc-a969-335b6e45e003,libs/foundry/records/contracts/contracttemplates/eliminateall.xml
EliminateAll,ContractClass_Contract,300dcbf0-d201-465b-a7be-af7e15a0a512,MDT,62f92440-202a-43d3-9cb8-b917d4e4a102,Mercenary,0,1,0,0,0,1,1,0,1,1,0,0,0,Failed,0,1,18,ObjectiveHandler_Local,Libs/Subsumption/Missions/PU/Missions/InfiltrateAndDefend/PU_EliminateAll.xml,,TravelObjective_Long | TravelObjective_Short,ReturnObjective_Long | ReturnObjective_Short,,mission_items_QTQuantumBeacon,,,,f4ef82e1-cec3-43fc-a969-335b6e45e003,libs/foundry/records/contracts/contracttemplates/eliminateall.xml
EliminateBoss_Lawful_UGF,ContractClass_Contract,300dcbf0-d201-465b-a7be-af7e15a0a512,MDT,8e5c6f5f-f882-4e31-945b-31ae88db5c0a,BountyHunter,0,1,0,0,0,1,1,0,1,1,0,0,0,Failed,0,1,12,ObjectiveHandler_Local,Libs/Subsumption/Missions/PU/Missions/InfiltrateAndDefend/PU_EliminateBoss.xml,,basesweep_obj_long_02 | basesweep_obj_short_02 | bounty_obj_marker_01a,ReturnObjective_Long | ReturnObjective_Short,,,,,,31e07d0a-3b1c-421f-b81e-5ee221278f7a,libs/foundry/records/contracts/contracttemplates/eliminateboss_lawful_ugf.xml
EliminateBoss_Lawful_UGF,ContractClass_Contract,300dcbf0-d201-465b-a7be-af7e15a0a512,MDT,8e5c6f5f-f882-4e31-945b-31ae88db5c0a,BountyHunter,0,1,0,0,0,1,1,0,1,1,0,0,0,Failed,0,1,12,ObjectiveHandler_Local,Libs/Subsumption/Missions/PU/Missions/InfiltrateAndDefend/PU_EliminateBoss.xml,,basesweep_obj_long_02 | basesweep_obj_short_02 | bounty_obj_marker_01a,ReturnObjective_Long | ReturnObjective_Short,,,,,,31e07d0a-3b1c-421f-b81e-5ee221278f7a,libs/foundry/records/contracts/contracttemplates/eliminateboss_lawful_ugf.xml
EliminateBoss_ParentLocation_MarkerToGuide,ContractClass_Contract,300dcbf0-d201-465b-a7be-af7e15a0a512,MDT,62f92440-202a-43d3-9cb8-b917d4e4a102,Mercenary,0,1,0,0,0,1,1,0,1,1,0,0,0,Failed,0,3,18,ObjectiveHandler_Local,Libs/Subsumption/Missions/PU/Missions/FacilityDelve/GoToObjective.xml | Libs/Subsumption/Missions/PU/Missions/InfiltrateAndDefend/PU_EliminateBoss.xml | Libs/Subsumption/Missions/PU/Modules/GuideToMissionLocation.xml,,basesweep_obj_long_02 | basesweep_obj_short_02 | bounty_obj_marker_01a | TravelObjective_Long | TravelObjective_Short,ReturnObjective_Long | ReturnObjective_Short,,mission_items_QTQuantumBeacon,,,,ba073d22-dd80-49d4-b7bb-596c186e48e9,libs/foundry/records/contracts/contracttemplates/eliminateboss_parentlocation_markertoguide.xml
EliminateBoss_ParentLocation_MarkerToGuide,ContractClass_Contract,300dcbf0-d201-465b-a7be-af7e15a0a512,MDT,62f92440-202a-43d3-9cb8-b917d4e4a102,Mercenary,0,1,0,0,0,1,1,0,1,1,0,0,0,Failed,0,3,18,ObjectiveHandler_Local,Libs/Subsumption/Missions/PU/Missions/FacilityDelve/GoToObjective.xml | Libs/Subsumption/Missions/PU/Missions/InfiltrateAndDefend/PU_EliminateBoss.xml | Libs/Subsumption/Missions/PU/Modules/GuideToMissionLocation.xml,,basesweep_obj_long_02 | basesweep_obj_short_02 | bounty_obj_marker_01a | TravelObjective_Long | TravelObjective_Short,ReturnObjective_Long | ReturnObjective_Short,,mission_items_QTQuantumBeacon,,,,ba073d22-dd80-49d4-b7bb-596c186e48e9,libs/foundry/records/contracts/contracttemplates/eliminateboss_parentlocation_markertoguide.xml
EliminateBoss_Unlawful_UGF,ContractClass_Contract,300dcbf0-d201-465b-a7be-af7e15a0a512,MDT,62f92440-202a-43d3-9cb8-b917d4e4a102,Mercenary,1,1,0,0,0,1,1,0,1,0,0,0,0,Failed,0,1,12,ObjectiveHandler_Local,Libs/Subsumption/Missions/PU/Missions/InfiltrateAndDefend/PU_EliminateBoss.xml,basesweep_obj_long_01 | basesweep_obj_marker_02 | basesweep_obj_short_01,basesweep_obj_long_02 | basesweep_obj_marker_02 | basesweep_obj_short_02,ReturnObjective_Long | ReturnObjective_Short,,,,,,26bb8cee-f663-41cc-9f15-7fa3592877ec,libs/foundry/records/contracts/contracttemplates/eliminateboss_unlawful_ugf.xml
EliminateBoss_Unlawful_UGF,ContractClass_Contract,300dcbf0-d201-465b-a7be-af7e15a0a512,MDT,62f92440-202a-43d3-9cb8-b917d4e4a102,Mercenary,1,1,0,0,0,1,1,0,1,0,0,0,0,Failed,0,1,12,ObjectiveHandler_Local,Libs/Subsumption/Missions/PU/Missions/InfiltrateAndDefend/PU_EliminateBoss.xml,basesweep_obj_long_01 | basesweep_obj_marker_02 | basesweep_obj_short_01,basesweep_obj_long_02 | basesweep_obj_marker_02 | basesweep_obj_short_02,ReturnObjective_Long | ReturnObjective_Short,,,,,,26bb8cee-f663-41cc-9f15-7fa3592877ec,libs/foundry/records/contracts/contracttemplates/eliminateboss_unlawful_ugf.xml
EliminateBoss,ContractClass_Contract,300dcbf0-d201-465b-a7be-af7e15a0a512,MDT,62f92440-202a-43d3-9cb8-b917d4e4a102,Mercenary,0,1,0,0,0,1,1,0,1,1,0,0,0,Failed,0,1,15,ObjectiveHandler_Local,Libs/Subsumption/Missions/PU/Missions/InfiltrateAndDefend/PU_EliminateBoss.xml,,basesweep_obj_long_02 | basesweep_obj_short_02 | bounty_obj_marker_01a,ReturnObjective_Long | ReturnObjective_Short,,,,,,bdbda794-2484-4727-af09-0cfa6b24e79d,libs/foundry/records/contracts/contracttemplates/eliminateboss.xml
EliminateBoss,ContractClass_Contract,300dcbf0-d201-465b-a7be-af7e15a0a512,MDT,62f92440-202a-43d3-9cb8-b917d4e4a102,Mercenary,0,1,0,0,0,1,1,0,1,1,0,0,0,Failed,0,1,15,ObjectiveHandler_Local,Libs/Subsumption/Missions/PU/Missions/InfiltrateAndDefend/PU_EliminateBoss.xml,,basesweep_obj_long_02 | basesweep_obj_short_02 | bounty_obj_marker_01a,ReturnObjective_Long | ReturnObjective_Short,,,,,,bdbda794-2484-4727-af09-0cfa6b24e79d,libs/foundry/records/contracts/contracttemplates/eliminateboss.xml
EliminateSpecific_2Locations,ContractClass_Contract,300dcbf0-d201-465b-a7be-af7e15a0a512,MDT,62f92440-202a-43d3-9cb8-b917d4e4a102,Mercenary,0,1,0,0,0,1,1,0,1,1,0,0,0,Failed,0,2,15,ObjectiveHandler_Local,Libs/Subsumption/Missions/PU/Missions/InfiltrateAndDefend/PU_EliminateSpecific.xml,,bounty_obj_long_01 | bounty_obj_marker_01a | bounty_obj_short_01 | TravelObjective_Long | TravelObjective_Short,ReturnObjective_Long | ReturnObjective_Short,,,,,,f0dc1048-2bc2-40c5-998f-5f771b6af010,libs/foundry/records/contracts/contracttemplates/eliminatespecific_2locations.xml
EliminateSpecific_2Locations,ContractClass_Contract,300dcbf0-d201-465b-a7be-af7e15a0a512,MDT,62f92440-202a-43d3-9cb8-b917d4e4a102,Mercenary,0,1,0,0,0,1,1,0,1,1,0,0,0,Failed,0,2,15,ObjectiveHandler_Local,Libs/Subsumption/Missions/PU/Missions/InfiltrateAndDefend/PU_EliminateSpecific.xml,,bounty_obj_long_01 | bounty_obj_marker_01a | bounty_obj_short_01 | TravelObjective_Long | TravelObjective_Short,ReturnObjective_Long | ReturnObjective_Short,,,,,,f0dc1048-2bc2-40c5-998f-5f771b6af010,libs/foundry/records/contracts/contracttemplates/eliminatespecific_2locations.xml
EliminateSpecific_Courier,ContractClass_Contract,300dcbf0-d201-465b-a7be-af7e15a0a512,MDT,62f92440-202a-43d3-9cb8-b917d4e4a102,Mercenary,0,1,0,0,0,1,1,0,1,1,0,0,0,Failed,0,3,16,ObjectiveHandler_Hauling | ObjectiveHandler_Local,Libs/Subsumption/Missions/PU/Missions/InfiltrateAndDefend/PU_EliminateSpecific.xml | Libs/Subsumption/Missions/PU/Modules/CollectItemFromBody/CollectItemFromBody.xml,,TravelObjective_Long | TravelObjective_Short,ReturnObjective_Long | ReturnObjective_Short,,,item_NameCommon_Datapad,,,82e6c5a0-46df-47fa-8ba5-2f1634ca742e,libs/foundry/records/contracts/contracttemplates/eliminatespecific_courier.xml
EliminateSpecific_Courier,ContractClass_Contract,300dcbf0-d201-465b-a7be-af7e15a0a512,MDT,62f92440-202a-43d3-9cb8-b917d4e4a102,Mercenary,0,1,0,0,0,1,1,0,1,1,0,0,0,Failed,0,3,16,ObjectiveHandler_Hauling | ObjectiveHandler_Local,Libs/Subsumption/Missions/PU/Missions/InfiltrateAndDefend/PU_EliminateSpecific.xml | Libs/Subsumption/Missions/PU/Modules/CollectItemFromBody/CollectItemFromBody.xml,,TravelObjective_Long | TravelObjective_Short,ReturnObjective_Long | ReturnObjective_Short,,,item_NameCommon_Datapad,,,82e6c5a0-46df-47fa-8ba5-2f1634ca742e,libs/foundry/records/contracts/contracttemplates/eliminatespecific_courier.xml
EliminateSpecific_Lawful_UGF,ContractClass_Contract,300dcbf0-d201-465b-a7be-af7e15a0a512,MDT,8e5c6f5f-f882-4e31-945b-31ae88db5c0a,BountyHunter,0,1,0,0,0,1,1,0,1,1,0,0,0,Failed,0,1,9,ObjectiveHandler_Local,Libs/Subsumption/Missions/PU/Missions/InfiltrateAndDefend/PU_EliminateSpecific.xml,,bounty_obj_long_01 | bounty_obj_marker_01a | bounty_obj_short_01,ReturnObjective_Long | ReturnObjective_Short,,,,,,4af5cfef-8b0c-4c35-b17c-c4c0685e7180,libs/foundry/records/contracts/contracttemplates/eliminatespecific_lawful_ugf.xml
EliminateSpecific_Lawful_UGF,ContractClass_Contract,300dcbf0-d201-465b-a7be-af7e15a0a512,MDT,8e5c6f5f-f882-4e31-945b-31ae88db5c0a,BountyHunter,0,1,0,0,0,1,1,0,1,1,0,0,0,Failed,0,1,9,ObjectiveHandler_Local,Libs/Subsumption/Missions/PU/Missions/InfiltrateAndDefend/PU_EliminateSpecific.xml,,bounty_obj_long_01 | bounty_obj_marker_01a | bounty_obj_short_01,ReturnObjective_Long | ReturnObjective_Short,,,,,,4af5cfef-8b0c-4c35-b17c-c4c0685e7180,libs/foundry/records/contracts/contracttemplates/eliminatespecific_lawful_ugf.xml
EliminateSpecific_ParentLocation_MarkerToGuide,ContractClass_Contract,300dcbf0-d201-465b-a7be-af7e15a0a512,MDT,62f92440-202a-43d3-9cb8-b917d4e4a102,Mercenary,0,1,0,0,0,1,1,0,1,1,0,0,0,Failed,0,1,21,ObjectiveHandler_Local,Libs/Subsumption/Missions/PU/Missions/FacilityDelve/GoToObjective.xml,,bounty_obj_marker_01a | TravelObjective_Long | TravelObjective_Short,ReturnObjective_Long | ReturnObjective_Short,,mission_items_QTQuantumBeacon,,,,613d8332-559d-49b8-848e-13557fdcc386,libs/foundry/records/contracts/contracttemplates/eliminatespecific_parentlocation_markertoguide.xml
EliminateSpecific_ParentLocation_MarkerToGuide,ContractClass_Contract,300dcbf0-d201-465b-a7be-af7e15a0a512,MDT,62f92440-202a-43d3-9cb8-b917d4e4a102,Mercenary,0,1,0,0,0,1,1,0,1,1,0,0,0,Failed,0,1,21,ObjectiveHandler_Local,Libs/Subsumption/Missions/PU/Missions/FacilityDelve/GoToObjective.xml,,bounty_obj_marker_01a | TravelObjective_Long | TravelObjective_Short,ReturnObjective_Long | ReturnObjective_Short,,mission_items_QTQuantumBeacon,,,,613d8332-559d-49b8-848e-13557fdcc386,libs/foundry/records/contracts/contracttemplates/eliminatespecific_parentlocation_markertoguide.xml
EliminateSpecific_ParentLocation,ContractClass_Contract,300dcbf0-d201-465b-a7be-af7e15a0a512,MDT,62f92440-202a-43d3-9cb8-b917d4e4a102,Mercenary,0,1,0,0,0,1,1,0,1,1,0,0,0,Failed,0,2,15,ObjectiveHandler_Local,Libs/Subsumption/Missions/PU/Missions/FacilityDelve/GoToObjective.xml | Libs/Subsumption/Missions/PU/Missions/InfiltrateAndDefend/PU_EliminateSpecific.xml,,bounty_obj_marker_01a | TravelObjective_Long | TravelObjective_Short,ReturnObjective_Long | ReturnObjective_Short,,mission_items_QTQuantumBeacon,,,,81b7debd-1d3c-4b50-8ec2-7c7544472150,libs/foundry/records/contracts/contracttemplates/eliminatespecific_parentlocation.xml
EliminateSpecific_ParentLocation,ContractClass_Contract,300dcbf0-d201-465b-a7be-af7e15a0a512,MDT,62f92440-202a-43d3-9cb8-b917d4e4a102,Mercenary,0,1,0,0,0,1,1,0,1,1,0,0,0,Failed,0,2,15,ObjectiveHandler_Local,Libs/Subsumption/Missions/PU/Missions/FacilityDelve/GoToObjective.xml | Libs/Subsumption/Missions/PU/Missions/InfiltrateAndDefend/PU_EliminateSpecific.xml,,bounty_obj_marker_01a | TravelObjective_Long | TravelObjective_Short,ReturnObjective_Long | ReturnObjective_Short,,mission_items_QTQuantumBeacon,,,,81b7debd-1d3c-4b50-8ec2-7c7544472150,libs/foundry/records/contracts/contracttemplates/eliminatespecific_parentlocation.xml
EliminateSpecific_Unlawful_UGF,ContractClass_Contract,300dcbf0-d201-465b-a7be-af7e15a0a512,MDT,62f92440-202a-43d3-9cb8-b917d4e4a102,Mercenary,1,1,0,0,0,1,1,0,1,0,0,0,0,Failed,0,1,9,ObjectiveHandler_Local,Libs/Subsumption/Missions/PU/Missions/InfiltrateAndDefend/PU_EliminateSpecific.xml,,bounty_obj_long_01 | bounty_obj_marker_01a | bounty_obj_short_01,ReturnObjective_Long | ReturnObjective_Short,,,,,,439ff280-0779-4960-9628-c6d3e4e88aaf,libs/foundry/records/contracts/contracttemplates/eliminatespecific_unlawful_ugf.xml
EliminateSpecific_Unlawful_UGF,ContractClass_Contract,300dcbf0-d201-465b-a7be-af7e15a0a512,MDT,62f92440-202a-43d3-9cb8-b917d4e4a102,Mercenary,1,1,0,0,0,1,1,0,1,0,0,0,0,Failed,0,1,9,ObjectiveHandler_Local,Libs/Subsumption/Missions/PU/Missions/InfiltrateAndDefend/PU_EliminateSpecific.xml,,bounty_obj_long_01 | bounty_obj_marker_01a | bounty_obj_short_01,ReturnObjective_Long | ReturnObjective_Short,,,,,,439ff280-0779-4960-9628-c6d3e4e88aaf,libs/foundry/records/contracts/contracttemplates/eliminatespecific_unlawful_ugf.xml
EliminateSpecific,ContractClass_Contract,300dcbf0-d201-465b-a7be-af7e15a0a512,MDT,62f92440-202a-43d3-9cb8-b917d4e4a102,Mercenary,0,1,0,0,0,1,1,0,1,1,0,0,0,Failed,0,1,12,ObjectiveHandler_Local,Libs/Subsumption/Missions/PU/Missions/InfiltrateAndDefend/PU_EliminateSpecific.xml,,bounty_obj_marker_01a | TravelObjective_Long | TravelObjective_Short,ReturnObjective_Long | ReturnObjective_Short,,,,,,8d952809-3e21-409b-8862-3afd6a0480f3,libs/foundry/records/contracts/contracttemplates/eliminatespecific.xml
EliminateSpecific,ContractClass_Contract,300dcbf0-d201-465b-a7be-af7e15a0a512,MDT,62f92440-202a-43d3-9cb8-b917d4e4a102,Mercenary,0,1,0,0,0,1,1,0,1,1,0,0,0,Failed,0,1,12,ObjectiveHandler_Local,Libs/Subsumption/Missions/PU/Missions/InfiltrateAndDefend/PU_EliminateSpecific.xml,,bounty_obj_marker_01a | TravelObjective_Long | TravelObjective_Short,ReturnObjective_Long | ReturnObjective_Short,,,,,,8d952809-3e21-409b-8862-3afd6a0480f3,libs/foundry/records/contracts/contracttemplates/eliminatespecific.xml
EscortShipFromLandingArea_GoToLocation,ContractClass_Contract,300dcbf0-d201-465b-a7be-af7e15a0a512,MDT,62f92440-202a-43d3-9cb8-b917d4e4a102,Mercenary,0,1,0,0,0,1,1,0,1,1,0,0,0,Failed,0,1,37,ObjectiveHandler_Local,Libs/Subsumption/Missions/PU/Missions/DefendLocation/DL_EscortShipFromLandingArea.xml,,TravelObjective_Long | TravelObjective_Short,ReturnObjective_Long | ReturnObjective_Short,,mission_items_QTDistressBeacon,,,,b82baca7-6e3e-455c-9418-552d16303a21,libs/foundry/records/contracts/contracttemplates/escortshipfromlandingarea_gotolocation.xml
EscortShipFromLandingArea_GoToLocation,ContractClass_Contract,300dcbf0-d201-465b-a7be-af7e15a0a512,MDT,62f92440-202a-43d3-9cb8-b917d4e4a102,Mercenary,0,1,0,0,0,1,1,0,1,1,0,0,0,Failed,0,1,37,ObjectiveHandler_Local,Libs/Subsumption/Missions/PU/Missions/DefendLocation/DL_EscortShipFromLandingArea.xml,,TravelObjective_Long | TravelObjective_Short,ReturnObjective_Long | ReturnObjective_Short,,mission_items_QTDistressBeacon,,,,b82baca7-6e3e-455c-9418-552d16303a21,libs/foundry/records/contracts/contracttemplates/escortshipfromlandingarea_gotolocation.xml
EscortShipFromLandingArea,ContractClass_Contract,300dcbf0-d201-465b-a7be-af7e15a0a512,MDT,62f92440-202a-43d3-9cb8-b917d4e4a102,Mercenary,0,1,0,0,0,1,1,0,1,1,0,0,0,Failed,0,1,36,ObjectiveHandler_Local,Libs/Subsumption/Missions/PU/Missions/DefendLocation/DL_EscortShipFromLandingArea.xml,,TravelObjective_Long | TravelObjective_Short,ReturnObjective_Long | ReturnObjective_Short,,mission_items_QTDistressBeacon,,,,1384d56a-851b-456d-a4a2-d9fd3719193b,libs/foundry/records/contracts/contracttemplates/escortshipfromlandingarea.xml
EscortShipFromLandingArea,ContractClass_Contract,300dcbf0-d201-465b-a7be-af7e15a0a512,MDT,62f92440-202a-43d3-9cb8-b917d4e4a102,Mercenary,0,1,0,0,0,1,1,0,1,1,0,0,0,Failed,0,1,36,ObjectiveHandler_Local,Libs/Subsumption/Missions/PU/Missions/DefendLocation/DL_EscortShipFromLandingArea.xml,,TravelObjective_Long | TravelObjective_Short,ReturnObjective_Long | ReturnObjective_Short,,mission_items_QTDistressBeacon,,,,1384d56a-851b-456d-a4a2-d9fd3719193b,libs/foundry/records/contracts/contracttemplates/escortshipfromlandingarea.xml
EscortShipToLandingArea,ContractClass_Contract,300dcbf0-d201-465b-a7be-af7e15a0a512,MDT,62f92440-202a-43d3-9cb8-b917d4e4a102,Mercenary,0,1,0,0,0,1,1,0,1,1,0,0,0,Failed,0,1,31,ObjectiveHandler_Local,Libs/Subsumption/Missions/PU/Missions/DefendLocation/DL_EscortShipToLandingArea.xml,,TravelObjective_Long | TravelObjective_Short,ReturnObjective_Long | ReturnObjective_Short,,mission_items_QTDistressBeacon,,,,7fd35278-f0a1-4ed7-8b58-a04f04f29887,libs/foundry/records/contracts/contracttemplates/escortshiptolandingarea.xml
EscortShipToLandingArea,ContractClass_Contract,300dcbf0-d201-465b-a7be-af7e15a0a512,MDT,62f92440-202a-43d3-9cb8-b917d4e4a102,Mercenary,0,1,0,0,0,1,1,0,1,1,0,0,0,Failed,0,1,31,ObjectiveHandler_Local,Libs/Subsumption/Missions/PU/Missions/DefendLocation/DL_EscortShipToLandingArea.xml,,TravelObjective_Long | TravelObjective_Short,ReturnObjective_Long | ReturnObjective_Short,,mission_items_QTDistressBeacon,,,,7fd35278-f0a1-4ed7-8b58-a04f04f29887,libs/foundry/records/contracts/contracttemplates/escortshiptolandingarea.xml
PU_Delivery_Local_Holiday_Template,ContractClass_Contract,300dcbf0-d201-465b-a7be-af7e15a0a512,MDT,8abbd704-6207-4ca4-9cd4-d9f0362cec64,Delivery,0,1,0,0,0,1,1,0,1,1,0,0,0,Failed,0,1,26,ObjectiveHandler_Local,Libs/Subsumption/Missions/PU/PU_Missions/DeliveryMission/PU_MultiStopDelivery.xml,,TravelObjective_Long | TravelObjective_Short,ReturnObjective_Long | ReturnObjective_Short,,,delivery_missionitem | LocalDelivery_itinerary_multidropoff,,,c803f845-b7c9-4918-ae8b-86829eff5e4e,libs/foundry/records/contracts/contracttemplates/events/pu_delivery_local_holiday_template.xml
PU_Delivery_Local_Holiday_Template,ContractClass_Contract,300dcbf0-d201-465b-a7be-af7e15a0a512,MDT,8abbd704-6207-4ca4-9cd4-d9f0362cec64,Delivery,0,1,0,0,0,1,1,0,1,1,0,0,0,Failed,0,1,26,ObjectiveHandler_Local,Libs/Subsumption/Missions/PU/PU_Missions/DeliveryMission/PU_MultiStopDelivery.xml,,TravelObjective_Long | TravelObjective_Short,ReturnObjective_Long | ReturnObjective_Short,,,delivery_missionitem | LocalDelivery_itinerary_multidropoff,,,c803f845-b7c9-4918-ae8b-86829eff5e4e,libs/foundry/records/contracts/contracttemplates/events/pu_delivery_local_holiday_template.xml
HackPrevention,ContractClass_Contract,300dcbf0-d201-465b-a7be-af7e15a0a512,MDT,559f4a80-a51e-4954-9141-0067c1cbf31c,ECN,0,1,0,0,0,0,1,0,1,1,0,0,0,Failed,0,1,3,ObjectiveHandler_Local,Libs/Subsumption/Missions/PU/PU_Missions/PU_HackPrevention.xml,,TravelObjective_Long | TravelObjective_Short,ReturnObjective_Long | ReturnObjective_Short,,,commarray_repair_danger_0001 | commarray_repair_danger_0002 | commarray_repair_danger_0003 | commarray_repair_danger_0004 | commarray_repair_danger_0005,9a2ba214-8d5d-458d-84c6-fc11fdc5b3b7,,fa80b079-a5c2-4f85-a21e-e6954adba311,libs/foundry/records/contracts/contracttemplates/hackprevention.xml
HackPrevention,ContractClass_Contract,300dcbf0-d201-465b-a7be-af7e15a0a512,MDT,559f4a80-a51e-4954-9141-0067c1cbf31c,ECN,0,1,0,0,0,0,1,0,1,1,0,0,0,Failed,0,1,3,ObjectiveHandler_Local,Libs/Subsumption/Missions/PU/PU_Missions/PU_HackPrevention.xml,,TravelObjective_Long | TravelObjective_Short,ReturnObjective_Long | ReturnObjective_Short,,,commarray_repair_danger_0001 | commarray_repair_danger_0002 | commarray_repair_danger_0003 | commarray_repair_danger_0004 | commarray_repair_danger_0005,9a2ba214-8d5d-458d-84c6-fc11fdc5b3b7,,fa80b079-a5c2-4f85-a21e-e6954adba311,libs/foundry/records/contracts/contracttemplates/hackprevention.xml
Handyman_Template_Local,ContractClass_Contract,300dcbf0-d201-465b-a7be-af7e15a0a512,MDT,c3f8b2c8-1ee8-4c89-aa0a-e7707e5cca72,Local,0,1,1,1,0,1,1,0,0,0,0,0,0,Failed,0,1,5,ObjectiveHandler_Local,Libs/Subsumption/Missions/PU/JobBoardMissions/Enginering/ComponentSwap/ReplaceComponents.xml,,TravelObjective_Long | TravelObjective_Short,ReturnObjective_Long | ReturnObjective_Short,,,,,,b3924937-b442-4808-9509-c79967ef6944,libs/foundry/records/contracts/contracttemplates/handyman_template_local.xml
Handyman_Template_Local,ContractClass_Contract,300dcbf0-d201-465b-a7be-af7e15a0a512,MDT,c3f8b2c8-1ee8-4c89-aa0a-e7707e5cca72,Local,0,1,1,1,0,1,1,0,0,0,0,0,0,Failed,0,1,5,ObjectiveHandler_Local,Libs/Subsumption/Missions/PU/JobBoardMissions/Enginering/ComponentSwap/ReplaceComponents.xml,,TravelObjective_Long | TravelObjective_Short,ReturnObjective_Long | ReturnObjective_Short,,,,,,b3924937-b442-4808-9509-c79967ef6944,libs/foundry/records/contracts/contracttemplates/handyman_template_local.xml
Handyman_Template,ContractClass_Contract,300dcbf0-d201-465b-a7be-af7e15a0a512,MDT,fdade1c8-6b0c-444d-9209-33d922a8ca78,Maintenance,0,1,0,0,0,1,1,0,1,1,0,0,0,Failed,0,1,5,ObjectiveHandler_Local,Libs/Subsumption/Missions/PU/JobBoardMissions/Enginering/ComponentSwap/ReplaceComponents.xml,,TravelObjective_Short,ReturnObjective_Long | ReturnObjective_Short,,,,,,5b7c752e-7d87-423f-9f07-8c2023d174a1,libs/foundry/records/contracts/contracttemplates/handyman_template.xml
Handyman_Template,ContractClass_Contract,300dcbf0-d201-465b-a7be-af7e15a0a512,MDT,fdade1c8-6b0c-444d-9209-33d922a8ca78,Maintenance,0,1,0,0,0,1,1,0,1,1,0,0,0,Failed,0,1,5,ObjectiveHandler_Local,Libs/Subsumption/Missions/PU/JobBoardMissions/Enginering/ComponentSwap/ReplaceComponents.xml,,TravelObjective_Short,ReturnObjective_Long | ReturnObjective_Short,,,,,,5b7c752e-7d87-423f-9f07-8c2023d174a1,libs/foundry/records/contracts/contracttemplates/handyman_template.xml
HaulCargo_AtoB_Bulk_Carbon,ContractClass_Contract,300dcbf0-d201-465b-a7be-af7e15a0a512,MDT,fbb195ed-26ce-44fb-ad6c-aafac5006237,Hauling_Interstellar,0,0,1,1,0,1,1,1,1,1,0,300,1,Failed,15,1,7,ObjectiveHandler_Hauling,,,,,,,,,,24f1b6c9-f666-4b87-bd1f-6652597ba39f,libs/foundry/records/contracts/contracttemplates/haulcargo_atob_bulk_carbon.xml
HaulCargo_AtoB_Bulk_Carbon,ContractClass_Contract,300dcbf0-d201-465b-a7be-af7e15a0a512,MDT,fbb195ed-26ce-44fb-ad6c-aafac5006237,Hauling_Interstellar,0,0,1,1,0,1,1,1,1,1,0,300,1,Failed,15,1,7,ObjectiveHandler_Hauling,,,,,,,,,,24f1b6c9-f666-4b87-bd1f-6652597ba39f,libs/foundry/records/contracts/contracttemplates/haulcargo_atob_bulk_carbon.xml
HaulCargo_AtoB_Bulk_CleanAir_Cryopods,ContractClass_Contract,300dcbf0-d201-465b-a7be-af7e15a0a512,MDT,fbb195ed-26ce-44fb-ad6c-aafac5006237,Hauling_Interstellar,0,0,1,1,0,1,1,1,1,1,0,300,1,Failed,15,1,7,ObjectiveHandler_Hauling,,,,,,,,,,3855544f-61e8-4a66-a74a-49f7cf08d309,libs/foundry/records/contracts/contracttemplates/haulcargo_atob_bulk_cleanair_cryopods.xml
HaulCargo_AtoB_Bulk_CleanAir_Cryopods,ContractClass_Contract,300dcbf0-d201-465b-a7be-af7e15a0a512,MDT,fbb195ed-26ce-44fb-ad6c-aafac5006237,Hauling_Interstellar,0,0,1,1,0,1,1,1,1,1,0,300,1,Failed,15,1,7,ObjectiveHandler_Hauling,,,,,,,,,,3855544f-61e8-4a66-a74a-49f7cf08d309,libs/foundry/records/contracts/contracttemplates/haulcargo_atob_bulk_cleanair_cryopods.xml
HaulCargo_AtoB_Bulk_CleanAir_MedicalSupplies_Interstellar,ContractClass_Contract,300dcbf0-d201-465b-a7be-af7e15a0a512,MDT,fbb195ed-26ce-44fb-ad6c-aafac5006237,Hauling_Interstellar,0,0,1,1,0,1,1,1,1,1,0,300,1,Failed,15,1,7,ObjectiveHandler_Hauling,,,,,,,,,,d57eb8b6-abe3-4255-9ff3-e234f7a73aa5,libs/foundry/records/contracts/contracttemplates/haulcargo_atob_bulk_cleanair_medicalsupplies_interstellar.xml
HaulCargo_AtoB_Bulk_CleanAir_MedicalSupplies_Interstellar,ContractClass_Contract,300dcbf0-d201-465b-a7be-af7e15a0a512,MDT,fbb195ed-26ce-44fb-ad6c-aafac5006237,Hauling_Interstellar,0,0,1,1,0,1,1,1,1,1,0,300,1,Failed,15,1,7,ObjectiveHandler_Hauling,,,,,,,,,,d57eb8b6-abe3-4255-9ff3-e234f7a73aa5,libs/foundry/records/contracts/contracttemplates/haulcargo_atob_bulk_cleanair_medicalsupplies_interstellar.xml
HaulCargo_AtoB_Bulk_CleanAir_MedicalSupplies,ContractClass_Contract,300dcbf0-d201-465b-a7be-af7e15a0a512,MDT,fbb195ed-26ce-44fb-ad6c-aafac5006237,Hauling_Interstellar,0,0,1,1,0,1,1,1,1,1,0,300,1,Failed,15,1,7,ObjectiveHandler_Hauling,,,,,,,,,,58914553-515f-47c2-a2d0-93b90d07da31,libs/foundry/records/contracts/contracttemplates/haulcargo_atob_bulk_cleanair_medicalsupplies.xml
HaulCargo_AtoB_Bulk_CleanAir_MedicalSupplies,ContractClass_Contract,300dcbf0-d201-465b-a7be-af7e15a0a512,MDT,fbb195ed-26ce-44fb-ad6c-aafac5006237,Hauling_Interstellar,0,0,1,1,0,1,1,1,1,1,0,300,1,Failed,15,1,7,ObjectiveHandler_Hauling,,,,,,,,,,58914553-515f-47c2-a2d0-93b90d07da31,libs/foundry/records/contracts/contracttemplates/haulcargo_atob_bulk_cleanair_medicalsupplies.xml
HaulCargo_AtoB_Bulk_CleanAir_MoldSample,ContractClass_Contract,300dcbf0-d201-465b-a7be-af7e15a0a512,MDT,fbb195ed-26ce-44fb-ad6c-aafac5006237,Hauling_Interstellar,0,0,1,1,0,1,1,1,1,1,0,300,1,Failed,15,1,7,ObjectiveHandler_Hauling,,,,,,,,,,844469b8-ab07-4e12-b2d1-db3b54fa8677,libs/foundry/records/contracts/contracttemplates/haulcargo_atob_bulk_cleanair_moldsample.xml
HaulCargo_AtoB_Bulk_CleanAir_MoldSample,ContractClass_Contract,300dcbf0-d201-465b-a7be-af7e15a0a512,MDT,fbb195ed-26ce-44fb-ad6c-aafac5006237,Hauling_Interstellar,0,0,1,1,0,1,1,1,1,1,0,300,1,Failed,15,1,7,ObjectiveHandler_Hauling,,,,,,,,,,844469b8-ab07-4e12-b2d1-db3b54fa8677,libs/foundry/records/contracts/contracttemplates/haulcargo_atob_bulk_cleanair_moldsample.xml
HaulCargo_AtoB_Bulk_CleanAir_MoldTreatment,ContractClass_Contract,300dcbf0-d201-465b-a7be-af7e15a0a512,MDT,fbb195ed-26ce-44fb-ad6c-aafac5006237,Hauling_Interstellar,0,0,1,1,0,1,1,1,1,1,0,300,1,Failed,15,1,7,ObjectiveHandler_Hauling,,,,,,,,,,67671b02-3ed4-4280-b87b-70987095f971,libs/foundry/records/contracts/contracttemplates/haulcargo_atob_bulk_cleanair_moldtreatment.xml
HaulCargo_AtoB_Bulk_CleanAir_MoldTreatment,ContractClass_Contract,300dcbf0-d201-465b-a7be-af7e15a0a512,MDT,fbb195ed-26ce-44fb-ad6c-aafac5006237,Hauling_Interstellar,0,0,1,1,0,1,1,1,1,1,0,300,1,Failed,15,1,7,ObjectiveHandler_Hauling,,,,,,,,,,67671b02-3ed4-4280-b87b-70987095f971,libs/foundry/records/contracts/contracttemplates/haulcargo_atob_bulk_cleanair_moldtreatment.xml
HaulCargo_AtoB_Bulk_CleanAir_Resources,ContractClass_Contract,300dcbf0-d201-465b-a7be-af7e15a0a512,MDT,fbb195ed-26ce-44fb-ad6c-aafac5006237,Hauling_Interstellar,0,0,1,1,0,1,1,1,1,1,0,300,1,Failed,15,1,7,ObjectiveHandler_Hauling,,,,,,,,,,d19cef13-851e-4d93-82cf-afe2ea96ee81,libs/foundry/records/contracts/contracttemplates/haulcargo_atob_bulk_cleanair_resources.xml
HaulCargo_AtoB_Bulk_CleanAir_Resources,ContractClass_Contract,300dcbf0-d201-465b-a7be-af7e15a0a512,MDT,fbb195ed-26ce-44fb-ad6c-aafac5006237,Hauling_Interstellar,0,0,1,1,0,1,1,1,1,1,0,300,1,Failed,15,1,7,ObjectiveHandler_Hauling,,,,,,,,,,d19cef13-851e-4d93-82cf-afe2ea96ee81,libs/foundry/records/contracts/contracttemplates/haulcargo_atob_bulk_cleanair_resources.xml
HaulCargo_AtoB_Bulk_CleanAir_VentFilters,ContractClass_Contract,300dcbf0-d201-465b-a7be-af7e15a0a512,MDT,fbb195ed-26ce-44fb-ad6c-aafac5006237,Hauling_Interstellar,0,0,1,1,0,1,1,1,1,1,0,300,1,Failed,15,1,7,ObjectiveHandler_Hauling,,,,,,,,,,b9a2fc87-9580-481d-b5d6-f72952edef5d,libs/foundry/records/contracts/contracttemplates/haulcargo_atob_bulk_cleanair_ventfilters.xml
HaulCargo_AtoB_Bulk_CleanAir_VentFilters,ContractClass_Contract,300dcbf0-d201-465b-a7be-af7e15a0a512,MDT,fbb195ed-26ce-44fb-ad6c-aafac5006237,Hauling_Interstellar,0,0,1,1,0,1,1,1,1,1,0,300,1,Failed,15,1,7,ObjectiveHandler_Hauling,,,,,,,,,,b9a2fc87-9580-481d-b5d6-f72952edef5d,libs/foundry/records/contracts/contracttemplates/haulcargo_atob_bulk_cleanair_ventfilters.xml
HaulCargo_AtoB_Bulk_Mixed_IronHydroFuelPressIceSpiritsConstMats,ContractClass_Contract,300dcbf0-d201-465b-a7be-af7e15a0a512,MDT,fbb195ed-26ce-44fb-ad6c-aafac5006237,Hauling_Interstellar,0,0,1,1,0,1,1,1,1,1,0,300,1,Failed,15,1,7,ObjectiveHandler_Hauling,,,,,,,,,,1df67154-3e05-4b54-86ed-90a2ac8c400a,libs/foundry/records/contracts/contracttemplates/haulcargo_atob_bulk_mixed_ironhydrofuelpressicespiritsconstmats.xml
HaulCargo_AtoB_Bulk_Mixed_IronHydroFuelPressIceSpiritsConstMats,ContractClass_Contract,300dcbf0-d201-465b-a7be-af7e15a0a512,MDT,fbb195ed-26ce-44fb-ad6c-aafac5006237,Hauling_Interstellar,0,0,1,1,0,1,1,1,1,1,0,300,1,Failed,15,1,7,ObjectiveHandler_Hauling,,,,,,,,,,1df67154-3e05-4b54-86ed-90a2ac8c400a,libs/foundry/records/contracts/contracttemplates/haulcargo_atob_bulk_mixed_ironhydrofuelpressicespiritsconstmats.xml
HaulCargo_AtoB_Bulk_Potasium,ContractClass_Contract,300dcbf0-d201-465b-a7be-af7e15a0a512,MDT,fbb195ed-26ce-44fb-ad6c-aafac5006237,Hauling_Interstellar,0,0,1,1,0,1,1,1,1,1,0,300,1,Failed,15,1,7,ObjectiveHandler_Hauling,,,,,,,,,,0ac9ce6e-bc7c-48a0-92f7-879e9c31d814,libs/foundry/records/contracts/contracttemplates/haulcargo_atob_bulk_potasium.xml
HaulCargo_AtoB_Bulk_Potasium,ContractClass_Contract,300dcbf0-d201-465b-a7be-af7e15a0a512,MDT,fbb195ed-26ce-44fb-ad6c-aafac5006237,Hauling_Interstellar,0,0,1,1,0,1,1,1,1,1,0,300,1,Failed,15,1,7,ObjectiveHandler_Hauling,,,,,,,,,,0ac9ce6e-bc7c-48a0-92f7-879e9c31d814,libs/foundry/records/contracts/contracttemplates/haulcargo_atob_bulk_potasium.xml
HaulCargo_AtoB_Bulk_Waste,ContractClass_Contract,300dcbf0-d201-465b-a7be-af7e15a0a512,MDT,fbb195ed-26ce-44fb-ad6c-aafac5006237,Hauling_Interstellar,0,0,1,1,0,1,1,1,1,1,0,300,1,Failed,15,1,7,ObjectiveHandler_Hauling,,,,,,,,,,484d42ed-b1ab-4545-8970-3ffc61daba0e,libs/foundry/records/contracts/contracttemplates/haulcargo_atob_bulk_waste.xml
HaulCargo_AtoB_Bulk_Waste,ContractClass_Contract,300dcbf0-d201-465b-a7be-af7e15a0a512,MDT,fbb195ed-26ce-44fb-ad6c-aafac5006237,Hauling_Interstellar,0,0,1,1,0,1,1,1,1,1,0,300,1,Failed,15,1,7,ObjectiveHandler_Hauling,,,,,,,,,,484d42ed-b1ab-4545-8970-3ffc61daba0e,libs/foundry/records/contracts/contracttemplates/haulcargo_atob_bulk_waste.xml
HaulCargo_AtoB_Bulk,ContractClass_Contract,300dcbf0-d201-465b-a7be-af7e15a0a512,MDT,fbb195ed-26ce-44fb-ad6c-aafac5006237,Hauling_Interstellar,0,0,1,1,0,1,1,1,1,1,0,300,1,Failed,15,1,7,ObjectiveHandler_Hauling,,,,,,,,,,a713f5d5-a6e1-4b48-896c-926d9842560e,libs/foundry/records/contracts/contracttemplates/haulcargo_atob_bulk.xml
HaulCargo_AtoB_Bulk,ContractClass_Contract,300dcbf0-d201-465b-a7be-af7e15a0a512,MDT,fbb195ed-26ce-44fb-ad6c-aafac5006237,Hauling_Interstellar,0,0,1,1,0,1,1,1,1,1,0,300,1,Failed,15,1,7,ObjectiveHandler_Hauling,,,,,,,,,,a713f5d5-a6e1-4b48-896c-926d9842560e,libs/foundry/records/contracts/contracttemplates/haulcargo_atob_bulk.xml
HaulCargo_AtoB_Firesale_LiquidOpium_Large,ContractClass_Contract,300dcbf0-d201-465b-a7be-af7e15a0a512,MDT,9c585972-95b7-4408-ad72-aa9858545958,Priority,0,0,1,0,0,1,1,0,1,1,0,300,1,Failed,15,1,6,ObjectiveHandler_Hauling,,,,,,,,,,8fd35d1f-7fb8-4cd5-8c97-78a277df580e,libs/foundry/records/contracts/contracttemplates/haulcargo_atob_firesale_liquidopium_large.xml
HaulCargo_AtoB_Firesale_LiquidOpium_Large,ContractClass_Contract,300dcbf0-d201-465b-a7be-af7e15a0a512,MDT,9c585972-95b7-4408-ad72-aa9858545958,Priority,0,0,1,0,0,1,1,0,1,1,0,300,1,Failed,15,1,6,ObjectiveHandler_Hauling,,,,,,,,,,8fd35d1f-7fb8-4cd5-8c97-78a277df580e,libs/foundry/records/contracts/contracttemplates/haulcargo_atob_firesale_liquidopium_large.xml
HaulCargo_AtoB_Firesale_LiquidOpium_Medium,ContractClass_Contract,300dcbf0-d201-465b-a7be-af7e15a0a512,MDT,9c585972-95b7-4408-ad72-aa9858545958,Priority,0,0,1,0,0,1,1,0,1,1,0,300,1,Failed,15,1,6,ObjectiveHandler_Hauling,,,,,,,,,,a4537ac6-e856-4357-9e92-2969f7523f05,libs/foundry/records/contracts/contracttemplates/haulcargo_atob_firesale_liquidopium_medium.xml
HaulCargo_AtoB_Firesale_LiquidOpium_Medium,ContractClass_Contract,300dcbf0-d201-465b-a7be-af7e15a0a512,MDT,9c585972-95b7-4408-ad72-aa9858545958,Priority,0,0,1,0,0,1,1,0,1,1,0,300,1,Failed,15,1,6,ObjectiveHandler_Hauling,,,,,,,,,,a4537ac6-e856-4357-9e92-2969f7523f05,libs/foundry/records/contracts/contracttemplates/haulcargo_atob_firesale_liquidopium_medium.xml
HaulCargo_AtoB_Firesale_LiquidOpium,ContractClass_Contract,300dcbf0-d201-465b-a7be-af7e15a0a512,MDT,9c585972-95b7-4408-ad72-aa9858545958,Priority,0,0,1,0,0,1,1,0,1,1,0,300,1,Failed,15,1,6,ObjectiveHandler_Hauling,,,,,,,,,,4ab16b0f-2f6b-458d-bad7-353258e81e26,libs/foundry/records/contracts/contracttemplates/haulcargo_atob_firesale_liquidopium.xml
HaulCargo_AtoB_Firesale_LiquidOpium,ContractClass_Contract,300dcbf0-d201-465b-a7be-af7e15a0a512,MDT,9c585972-95b7-4408-ad72-aa9858545958,Priority,0,0,1,0,0,1,1,0,1,1,0,300,1,Failed,15,1,6,ObjectiveHandler_Hauling,,,,,,,,,,4ab16b0f-2f6b-458d-bad7-353258e81e26,libs/foundry/records/contracts/contracttemplates/haulcargo_atob_firesale_liquidopium.xml
HaulCargo_AtoB_GoblinG_Intro,ContractClass_Contract,300dcbf0-d201-465b-a7be-af7e15a0a512,MDT,93f265dd-c971-49fe-b87b-96cccaae9362,Hauling,0,0,1,1,0,1,1,1,1,1,0,300,1,Failed,15,1,11,ObjectiveHandler_Hauling,,,,,,,,,,f583a48b-dfb3-4140-b6f6-deae7151dc76,libs/foundry/records/contracts/contracttemplates/haulcargo_atob_gobling_intro.xml
HaulCargo_AtoB_GoblinG_Intro,ContractClass_Contract,300dcbf0-d201-465b-a7be-af7e15a0a512,MDT,93f265dd-c971-49fe-b87b-96cccaae9362,Hauling,0,0,1,1,0,1,1,1,1,1,0,300,1,Failed,15,1,11,ObjectiveHandler_Hauling,,,,,,,,,,f583a48b-dfb3-4140-b6f6-deae7151dc76,libs/foundry/records/contracts/contracttemplates/haulcargo_atob_gobling_intro.xml
HaulCargo_AtoB_GoblinG_Large,ContractClass_Contract,300dcbf0-d201-465b-a7be-af7e15a0a512,MDT,93f265dd-c971-49fe-b87b-96cccaae9362,Hauling,0,0,1,1,0,1,1,1,1,1,0,300,1,Failed,15,1,11,ObjectiveHandler_Hauling,,,,,,,,,,9ae04bf0-3f7d-4fdc-8b4d-5569d4c29dc5,libs/foundry/records/contracts/contracttemplates/haulcargo_atob_gobling_large.xml
HaulCargo_AtoB_GoblinG_Large,ContractClass_Contract,300dcbf0-d201-465b-a7be-af7e15a0a512,MDT,93f265dd-c971-49fe-b87b-96cccaae9362,Hauling,0,0,1,1,0,1,1,1,1,1,0,300,1,Failed,15,1,11,ObjectiveHandler_Hauling,,,,,,,,,,9ae04bf0-3f7d-4fdc-8b4d-5569d4c29dc5,libs/foundry/records/contracts/contracttemplates/haulcargo_atob_gobling_large.xml
HaulCargo_AtoB_GoblinG_Medium,ContractClass_Contract,300dcbf0-d201-465b-a7be-af7e15a0a512,MDT,93f265dd-c971-49fe-b87b-96cccaae9362,Hauling,0,0,1,1,0,1,1,1,1,1,0,300,1,Failed,15,1,11,ObjectiveHandler_Hauling,,,,,,,,,,37828e64-28a7-4499-ae71-32500d87d253,libs/foundry/records/contracts/contracttemplates/haulcargo_atob_gobling_medium.xml
HaulCargo_AtoB_GoblinG_Medium,ContractClass_Contract,300dcbf0-d201-465b-a7be-af7e15a0a512,MDT,93f265dd-c971-49fe-b87b-96cccaae9362,Hauling,0,0,1,1,0,1,1,1,1,1,0,300,1,Failed,15,1,11,ObjectiveHandler_Hauling,,,,,,,,,,37828e64-28a7-4499-ae71-32500d87d253,libs/foundry/records/contracts/contracttemplates/haulcargo_atob_gobling_medium.xml
HaulCargo_AtoB_GoblinG_Small,ContractClass_Contract,300dcbf0-d201-465b-a7be-af7e15a0a512,MDT,93f265dd-c971-49fe-b87b-96cccaae9362,Hauling,0,0,1,1,0,1,1,1,1,1,0,300,1,Failed,15,1,11,ObjectiveHandler_Hauling,,,,,,,,,,2e607a7a-c661-4b5d-b38f-90b53ab4225c,libs/foundry/records/contracts/contracttemplates/haulcargo_atob_gobling_small.xml
HaulCargo_AtoB_GoblinG_Small,ContractClass_Contract,300dcbf0-d201-465b-a7be-af7e15a0a512,MDT,93f265dd-c971-49fe-b87b-96cccaae9362,Hauling,0,0,1,1,0,1,1,1,1,1,0,300,1,Failed,15,1,11,ObjectiveHandler_Hauling,,,,,,,,,,2e607a7a-c661-4b5d-b38f-90b53ab4225c,libs/foundry/records/contracts/contracttemplates/haulcargo_atob_gobling_small.xml
HaulCargo_AtoB_GoblinG_Template,ContractClass_Contract,300dcbf0-d201-465b-a7be-af7e15a0a512,MDT,93f265dd-c971-49fe-b87b-96cccaae9362,Hauling,0,0,1,1,0,1,1,1,1,1,0,300,1,Failed,15,1,7,ObjectiveHandler_Hauling,,,,,,,,,,be8311a4-869a-4d3e-8fc6-951775dfb841,libs/foundry/records/contracts/contracttemplates/haulcargo_atob_gobling_template.xml
HaulCargo_AtoB_GoblinG_Template,ContractClass_Contract,300dcbf0-d201-465b-a7be-af7e15a0a512,MDT,93f265dd-c971-49fe-b87b-96cccaae9362,Hauling,0,0,1,1,0,1,1,1,1,1,0,300,1,Failed,15,1,7,ObjectiveHandler_Hauling,,,,,,,,,,be8311a4-869a-4d3e-8fc6-951775dfb841,libs/foundry/records/contracts/contracttemplates/haulcargo_atob_gobling_template.xml
HaulCargo_AtoB_Large_Mixed_CarbonPotassiumConstrMatsWidow,ContractClass_Contract,300dcbf0-d201-465b-a7be-af7e15a0a512,MDT,67d6f865-1e95-4652-91ba-6cbdc720c7fe,Hauling_Solar,1,0,1,1,0,1,1,1,1,0,0,300,1,Failed,15,1,11,ObjectiveHandler_Hauling,,,,,,,FreightElevator_16SCU | HaulCargo_CargoScale_Large,,,8c417a2d-f6b2-4d3b-a75b-7792b8d21f5d,libs/foundry/records/contracts/contracttemplates/haulcargo_atob_large_mixed_carbonpotassiumconstrmatswidow.xml
HaulCargo_AtoB_Large_Mixed_CarbonPotassiumConstrMatsWidow,ContractClass_Contract,300dcbf0-d201-465b-a7be-af7e15a0a512,MDT,67d6f865-1e95-4652-91ba-6cbdc720c7fe,Hauling_Solar,1,0,1,1,0,1,1,1,1,0,0,300,1,Failed,15,1,11,ObjectiveHandler_Hauling,,,,,,,FreightElevator_16SCU | HaulCargo_CargoScale_Large,,,8c417a2d-f6b2-4d3b-a75b-7792b8d21f5d,libs/foundry/records/contracts/contracttemplates/haulcargo_atob_large_mixed_carbonpotassiumconstrmatswidow.xml
HaulCargo_AtoB_LateBulk_AgriculturalSupplies,ContractClass_Contract,300dcbf0-d201-465b-a7be-af7e15a0a512,MDT,93f265dd-c971-49fe-b87b-96cccaae9362,Hauling,0,0,1,1,0,1,1,1,1,1,0,300,1,Failed,15,1,7,ObjectiveHandler_Hauling,,,,,,,,,,114a3529-4af6-4fca-bc4f-c3a84972b52e,libs/foundry/records/contracts/contracttemplates/haulcargo_atob_latebulk_agriculturalsupplies.xml
HaulCargo_AtoB_LateBulk_AgriculturalSupplies,ContractClass_Contract,300dcbf0-d201-465b-a7be-af7e15a0a512,MDT,93f265dd-c971-49fe-b87b-96cccaae9362,Hauling,0,0,1,1,0,1,1,1,1,1,0,300,1,Failed,15,1,7,ObjectiveHandler_Hauling,,,,,,,,,,114a3529-4af6-4fca-bc4f-c3a84972b52e,libs/foundry/records/contracts/contracttemplates/haulcargo_atob_latebulk_agriculturalsupplies.xml
HaulCargo_AtoB_LateBulk_Aluminum,ContractClass_Contract,300dcbf0-d201-465b-a7be-af7e15a0a512,MDT,93f265dd-c971-49fe-b87b-96cccaae9362,Hauling,0,0,1,1,0,1,1,1,1,1,0,300,1,Failed,15,1,7,ObjectiveHandler_Hauling,,,,,,,,,,992e366c-b6b1-429b-8c1a-d6bdbabbd078,libs/foundry/records/contracts/contracttemplates/haulcargo_atob_latebulk_aluminum.xml
HaulCargo_AtoB_LateBulk_Aluminum,ContractClass_Contract,300dcbf0-d201-465b-a7be-af7e15a0a512,MDT,93f265dd-c971-49fe-b87b-96cccaae9362,Hauling,0,0,1,1,0,1,1,1,1,1,0,300,1,Failed,15,1,7,ObjectiveHandler_Hauling,,,,,,,,,,992e366c-b6b1-429b-8c1a-d6bdbabbd078,libs/foundry/records/contracts/contracttemplates/haulcargo_atob_latebulk_aluminum.xml
HaulCargo_AtoB_LateBulk_Copper,ContractClass_Contract,300dcbf0-d201-465b-a7be-af7e15a0a512,MDT,93f265dd-c971-49fe-b87b-96cccaae9362,Hauling,0,0,1,1,0,1,1,1,1,1,0,300,1,Failed,15,1,7,ObjectiveHandler_Hauling,,,,,,,,,,f825eafb-a1be-4e4c-8f05-c5df5b9d3de2,libs/foundry/records/contracts/contracttemplates/haulcargo_atob_latebulk_copper.xml
HaulCargo_AtoB_LateBulk_Copper,ContractClass_Contract,300dcbf0-d201-465b-a7be-af7e15a0a512,MDT,93f265dd-c971-49fe-b87b-96cccaae9362,Hauling,0,0,1,1,0,1,1,1,1,1,0,300,1,Failed,15,1,7,ObjectiveHandler_Hauling,,,,,,,,,,f825eafb-a1be-4e4c-8f05-c5df5b9d3de2,libs/foundry/records/contracts/contracttemplates/haulcargo_atob_latebulk_copper.xml
HaulCargo_AtoB_LateBulk_Potassium,ContractClass_Contract,300dcbf0-d201-465b-a7be-af7e15a0a512,MDT,93f265dd-c971-49fe-b87b-96cccaae9362,Hauling,0,0,1,1,0,1,1,1,1,1,0,300,1,Failed,15,1,7,ObjectiveHandler_Hauling,,,,,,,,,,6088c912-1432-4e5f-ab45-4970290d0d56,libs/foundry/records/contracts/contracttemplates/haulcargo_atob_latebulk_potassium.xml
HaulCargo_AtoB_LateBulk_Potassium,ContractClass_Contract,300dcbf0-d201-465b-a7be-af7e15a0a512,MDT,93f265dd-c971-49fe-b87b-96cccaae9362,Hauling,0,0,1,1,0,1,1,1,1,1,0,300,1,Failed,15,1,7,ObjectiveHandler_Hauling,,,,,,,,,,6088c912-1432-4e5f-ab45-4970290d0d56,libs/foundry/records/contracts/contracttemplates/haulcargo_atob_latebulk_potassium.xml
HaulCargo_AtoB_LateBulk_ProcessedFood,ContractClass_Contract,300dcbf0-d201-465b-a7be-af7e15a0a512,MDT,93f265dd-c971-49fe-b87b-96cccaae9362,Hauling,0,0,1,1,0,1,1,1,1,1,0,300,1,Failed,15,1,7,ObjectiveHandler_Hauling,,,,,,,,,,53434a4a-673b-489c-9720-8a5fb3819230,libs/foundry/records/contracts/contracttemplates/haulcargo_atob_latebulk_processedfood.xml
HaulCargo_AtoB_LateBulk_ProcessedFood,ContractClass_Contract,300dcbf0-d201-465b-a7be-af7e15a0a512,MDT,93f265dd-c971-49fe-b87b-96cccaae9362,Hauling,0,0,1,1,0,1,1,1,1,1,0,300,1,Failed,15,1,7,ObjectiveHandler_Hauling,,,,,,,,,,53434a4a-673b-489c-9720-8a5fb3819230,libs/foundry/records/contracts/contracttemplates/haulcargo_atob_latebulk_processedfood.xml
HaulCargo_AtoB_LateBulk_Quartz,ContractClass_Contract,300dcbf0-d201-465b-a7be-af7e15a0a512,MDT,93f265dd-c971-49fe-b87b-96cccaae9362,Hauling,0,0,1,1,0,1,1,1,1,1,0,300,1,Failed,15,1,7,ObjectiveHandler_Hauling,,,,,,,,,,683e7f48-9fdc-458c-b1a0-717f096f7142,libs/foundry/records/contracts/contracttemplates/haulcargo_atob_latebulk_quartz.xml
HaulCargo_AtoB_LateBulk_Quartz,ContractClass_Contract,300dcbf0-d201-465b-a7be-af7e15a0a512,MDT,93f265dd-c971-49fe-b87b-96cccaae9362,Hauling,0,0,1,1,0,1,1,1,1,1,0,300,1,Failed,15,1,7,ObjectiveHandler_Hauling,,,,,,,,,,683e7f48-9fdc-458c-b1a0-717f096f7142,libs/foundry/records/contracts/contracttemplates/haulcargo_atob_latebulk_quartz.xml
HaulCargo_AtoB_LateBulk_Silicon,ContractClass_Contract,300dcbf0-d201-465b-a7be-af7e15a0a512,MDT,93f265dd-c971-49fe-b87b-96cccaae9362,Hauling,0,0,1,1,0,1,1,1,1,1,0,300,1,Failed,15,1,7,ObjectiveHandler_Hauling,,,,,,,,,,ffe446cb-6e86-49cf-bf8d-58c2b6a5ce06,libs/foundry/records/contracts/contracttemplates/haulcargo_atob_latebulk_silicon.xml
HaulCargo_AtoB_LateBulk_Silicon,ContractClass_Contract,300dcbf0-d201-465b-a7be-af7e15a0a512,MDT,93f265dd-c971-49fe-b87b-96cccaae9362,Hauling,0,0,1,1,0,1,1,1,1,1,0,300,1,Failed,15,1,7,ObjectiveHandler_Hauling,,,,,,,,,,ffe446cb-6e86-49cf-bf8d-58c2b6a5ce06,libs/foundry/records/contracts/contracttemplates/haulcargo_atob_latebulk_silicon.xml
HaulCargo_AtoB_LateBulk,ContractClass_Contract,300dcbf0-d201-465b-a7be-af7e15a0a512,MDT,93f265dd-c971-49fe-b87b-96cccaae9362,Hauling,0,0,1,1,0,1,1,1,1,1,0,300,1,Failed,15,1,7,ObjectiveHandler_Hauling,,,,,,,,,,0999f5b9-9fc8-4af4-ac81-b92057aa33d4,libs/foundry/records/contracts/contracttemplates/haulcargo_atob_latebulk.xml
HaulCargo_AtoB_LateBulk,ContractClass_Contract,300dcbf0-d201-465b-a7be-af7e15a0a512,MDT,93f265dd-c971-49fe-b87b-96cccaae9362,Hauling,0,0,1,1,0,1,1,1,1,1,0,300,1,Failed,15,1,7,ObjectiveHandler_Hauling,,,,,,,,,,0999f5b9-9fc8-4af4-ac81-b92057aa33d4,libs/foundry/records/contracts/contracttemplates/haulcargo_atob_latebulk.xml
HaulCargo_AtoB_Override_CombatEncounter,ContractClass_Contract,300dcbf0-d201-465b-a7be-af7e15a0a512,MDT,67d6f865-1e95-4652-91ba-6cbdc720c7fe,Hauling_Solar,0,0,1,1,0,1,1,1,1,1,0,300,1,Failed,15,2,18,ObjectiveHandler_Hauling | ObjectiveHandler_Local,Libs/Subsumption/Missions/PU/Modules/SpawnShipCombatEncounter/SpawnShipCombatEncounter_ShipLocationDefence.xml,,TravelObjective_Long | TravelObjective_Short,ReturnObjective_Long | ReturnObjective_Short,,,FreightElevator_16SCU | HaulCargo_CargoScale_Large,,,67fb9f89-1e35-45b6-9fbc-1f53c59eb8db,libs/foundry/records/contracts/contracttemplates/haulcargo_atob_override_combatencounter.xml
HaulCargo_AtoB_Override_CombatEncounter,ContractClass_Contract,300dcbf0-d201-465b-a7be-af7e15a0a512,MDT,67d6f865-1e95-4652-91ba-6cbdc720c7fe,Hauling_Solar,0,0,1,1,0,1,1,1,1,1,0,300,1,Failed,15,2,18,ObjectiveHandler_Hauling | ObjectiveHandler_Local,Libs/Subsumption/Missions/PU/Modules/SpawnShipCombatEncounter/SpawnShipCombatEncounter_ShipLocationDefence.xml,,TravelObjective_Long | TravelObjective_Short,ReturnObjective_Long | ReturnObjective_Short,,,FreightElevator_16SCU | HaulCargo_CargoScale_Large,,,67fb9f89-1e35-45b6-9fbc-1f53c59eb8db,libs/foundry/records/contracts/contracttemplates/haulcargo_atob_override_combatencounter.xml
HaulCargo_AtoB_Override,ContractClass_Contract,300dcbf0-d201-465b-a7be-af7e15a0a512,MDT,67d6f865-1e95-4652-91ba-6cbdc720c7fe,Hauling_Solar,0,0,1,1,0,1,1,1,1,1,0,300,1,Failed,15,1,11,ObjectiveHandler_Hauling,,,,,,,FreightElevator_16SCU | HaulCargo_CargoScale_Large,,,f1033756-e131-4bfd-b6d2-ff3c4904b48d,libs/foundry/records/contracts/contracttemplates/haulcargo_atob_override.xml
HaulCargo_AtoB_Override,ContractClass_Contract,300dcbf0-d201-465b-a7be-af7e15a0a512,MDT,67d6f865-1e95-4652-91ba-6cbdc720c7fe,Hauling_Solar,0,0,1,1,0,1,1,1,1,1,0,300,1,Failed,15,1,11,ObjectiveHandler_Hauling,,,,,,,FreightElevator_16SCU | HaulCargo_CargoScale_Large,,,f1033756-e131-4bfd-b6d2-ff3c4904b48d,libs/foundry/records/contracts/contracttemplates/haulcargo_atob_override.xml
HaulCargo_AtoB_Small_AgriculturalSupplies,ContractClass_Contract,300dcbf0-d201-465b-a7be-af7e15a0a512,MDT,93f265dd-c971-49fe-b87b-96cccaae9362,Hauling,0,0,1,1,0,1,1,1,1,1,0,300,1,Failed,15,1,7,ObjectiveHandler_Hauling,,,,,,,,,,16d18b1b-0bef-4591-85a6-ceacddf3c1d8,libs/foundry/records/contracts/contracttemplates/haulcargo_atob_small_agriculturalsupplies.xml
HaulCargo_AtoB_Small_AgriculturalSupplies,ContractClass_Contract,300dcbf0-d201-465b-a7be-af7e15a0a512,MDT,93f265dd-c971-49fe-b87b-96cccaae9362,Hauling,0,0,1,1,0,1,1,1,1,1,0,300,1,Failed,15,1,7,ObjectiveHandler_Hauling,,,,,,,,,,16d18b1b-0bef-4591-85a6-ceacddf3c1d8,libs/foundry/records/contracts/contracttemplates/haulcargo_atob_small_agriculturalsupplies.xml
HaulCargo_AtoB_Small_Aluminum,ContractClass_Contract,300dcbf0-d201-465b-a7be-af7e15a0a512,MDT,93f265dd-c971-49fe-b87b-96cccaae9362,Hauling,0,0,1,1,0,1,1,1,1,1,0,300,1,Failed,15,1,7,ObjectiveHandler_Hauling,,,,,,,,,,43727988-9180-4332-92ab-68cca4e4ddea,libs/foundry/records/contracts/contracttemplates/haulcargo_atob_small_aluminum.xml
HaulCargo_AtoB_Small_Aluminum,ContractClass_Contract,300dcbf0-d201-465b-a7be-af7e15a0a512,MDT,93f265dd-c971-49fe-b87b-96cccaae9362,Hauling,0,0,1,1,0,1,1,1,1,1,0,300,1,Failed,15,1,7,ObjectiveHandler_Hauling,,,,,,,,,,43727988-9180-4332-92ab-68cca4e4ddea,libs/foundry/records/contracts/contracttemplates/haulcargo_atob_small_aluminum.xml
HaulCargo_AtoB_Small_Carbon,ContractClass_Contract,300dcbf0-d201-465b-a7be-af7e15a0a512,MDT,93f265dd-c971-49fe-b87b-96cccaae9362,Hauling,0,0,1,1,0,1,1,1,1,1,0,300,1,Failed,15,1,7,ObjectiveHandler_Hauling,,,,,,,,,,b40ba53b-1dbe-4d1d-925c-be07fcf0cf14,libs/foundry/records/contracts/contracttemplates/haulcargo_atob_small_carbon.xml
HaulCargo_AtoB_Small_Carbon,ContractClass_Contract,300dcbf0-d201-465b-a7be-af7e15a0a512,MDT,93f265dd-c971-49fe-b87b-96cccaae9362,Hauling,0,0,1,1,0,1,1,1,1,1,0,300,1,Failed,15,1,7,ObjectiveHandler_Hauling,,,,,,,,,,b40ba53b-1dbe-4d1d-925c-be07fcf0cf14,libs/foundry/records/contracts/contracttemplates/haulcargo_atob_small_carbon.xml
HaulCargo_AtoB_Small_CleanAir_Cryopods,ContractClass_Contract,300dcbf0-d201-465b-a7be-af7e15a0a512,MDT,93f265dd-c971-49fe-b87b-96cccaae9362,Hauling,0,0,1,1,0,1,1,1,1,1,0,300,1,Failed,15,1,7,ObjectiveHandler_Hauling,,,,,,,,,,71771702-b9e5-4990-9777-547409bdeb22,libs/foundry/records/contracts/contracttemplates/haulcargo_atob_small_cleanair_cryopods.xml
HaulCargo_AtoB_Small_CleanAir_Cryopods,ContractClass_Contract,300dcbf0-d201-465b-a7be-af7e15a0a512,MDT,93f265dd-c971-49fe-b87b-96cccaae9362,Hauling,0,0,1,1,0,1,1,1,1,1,0,300,1,Failed,15,1,7,ObjectiveHandler_Hauling,,,,,,,,,,71771702-b9e5-4990-9777-547409bdeb22,libs/foundry/records/contracts/contracttemplates/haulcargo_atob_small_cleanair_cryopods.xml
HaulCargo_AtoB_Small_CleanAir_MedicalSupplies_Interstellar,ContractClass_Contract,300dcbf0-d201-465b-a7be-af7e15a0a512,MDT,fbb195ed-26ce-44fb-ad6c-aafac5006237,Hauling_Interstellar,0,0,1,1,0,1,1,1,1,1,0,300,1,Failed,15,1,7,ObjectiveHandler_Hauling,,,,,,,,,,e843f7cb-9f76-40df-b0d9-d1eea482ecee,libs/foundry/records/contracts/contracttemplates/haulcargo_atob_small_cleanair_medicalsupplies_interstellar.xml
HaulCargo_AtoB_Small_CleanAir_MedicalSupplies_Interstellar,ContractClass_Contract,300dcbf0-d201-465b-a7be-af7e15a0a512,MDT,fbb195ed-26ce-44fb-ad6c-aafac5006237,Hauling_Interstellar,0,0,1,1,0,1,1,1,1,1,0,300,1,Failed,15,1,7,ObjectiveHandler_Hauling,,,,,,,,,,e843f7cb-9f76-40df-b0d9-d1eea482ecee,libs/foundry/records/contracts/contracttemplates/haulcargo_atob_small_cleanair_medicalsupplies_interstellar.xml
HaulCargo_AtoB_Small_CleanAir_MedicalSupplies,ContractClass_Contract,300dcbf0-d201-465b-a7be-af7e15a0a512,MDT,67d6f865-1e95-4652-91ba-6cbdc720c7fe,Hauling_Solar,0,0,1,1,0,1,1,1,1,1,0,300,1,Failed,15,1,7,ObjectiveHandler_Hauling,,,,,,,,,,53420957-ccfc-46e3-9e82-9ff312e4aba0,libs/foundry/records/contracts/contracttemplates/haulcargo_atob_small_cleanair_medicalsupplies.xml
HaulCargo_AtoB_Small_CleanAir_MedicalSupplies,ContractClass_Contract,300dcbf0-d201-465b-a7be-af7e15a0a512,MDT,67d6f865-1e95-4652-91ba-6cbdc720c7fe,Hauling_Solar,0,0,1,1,0,1,1,1,1,1,0,300,1,Failed,15,1,7,ObjectiveHandler_Hauling,,,,,,,,,,53420957-ccfc-46e3-9e82-9ff312e4aba0,libs/foundry/records/contracts/contracttemplates/haulcargo_atob_small_cleanair_medicalsupplies.xml
HaulCargo_AtoB_Small_CleanAir_MoldSamples,ContractClass_Contract,300dcbf0-d201-465b-a7be-af7e15a0a512,MDT,93f265dd-c971-49fe-b87b-96cccaae9362,Hauling,0,0,1,1,0,1,1,1,1,1,0,300,1,Failed,15,1,7,ObjectiveHandler_Hauling,,,,,,,,,,2ca5b1b3-d57f-4c4b-b64b-d51114493723,libs/foundry/records/contracts/contracttemplates/haulcargo_atob_small_cleanair_moldsamples.xml
HaulCargo_AtoB_Small_CleanAir_MoldSamples,ContractClass_Contract,300dcbf0-d201-465b-a7be-af7e15a0a512,MDT,93f265dd-c971-49fe-b87b-96cccaae9362,Hauling,0,0,1,1,0,1,1,1,1,1,0,300,1,Failed,15,1,7,ObjectiveHandler_Hauling,,,,,,,,,,2ca5b1b3-d57f-4c4b-b64b-d51114493723,libs/foundry/records/contracts/contracttemplates/haulcargo_atob_small_cleanair_moldsamples.xml
HaulCargo_AtoB_Small_CleanAir_MoldTreatment_Interstellar,ContractClass_Contract,300dcbf0-d201-465b-a7be-af7e15a0a512,MDT,fbb195ed-26ce-44fb-ad6c-aafac5006237,Hauling_Interstellar,0,0,1,1,0,1,1,1,1,1,0,300,1,Failed,15,1,7,ObjectiveHandler_Hauling,,,,,,,,,,f9a12e1d-a41d-4dca-bf4c-66640f8b55cd,libs/foundry/records/contracts/contracttemplates/haulcargo_atob_small_cleanair_moldtreatment_interstellar.xml
HaulCargo_AtoB_Small_CleanAir_MoldTreatment_Interstellar,ContractClass_Contract,300dcbf0-d201-465b-a7be-af7e15a0a512,MDT,fbb195ed-26ce-44fb-ad6c-aafac5006237,Hauling_Interstellar,0,0,1,1,0,1,1,1,1,1,0,300,1,Failed,15,1,7,ObjectiveHandler_Hauling,,,,,,,,,,f9a12e1d-a41d-4dca-bf4c-66640f8b55cd,libs/foundry/records/contracts/contracttemplates/haulcargo_atob_small_cleanair_moldtreatment_interstellar.xml
HaulCargo_AtoB_Small_CleanAir_MoldTreatment,ContractClass_Contract,300dcbf0-d201-465b-a7be-af7e15a0a512,MDT,93f265dd-c971-49fe-b87b-96cccaae9362,Hauling,0,0,1,1,0,1,1,1,1,1,0,300,1,Failed,15,1,7,ObjectiveHandler_Hauling,,,,,,,,,,22a79236-3ebe-492b-ad42-ed8ad65e5cbc,libs/foundry/records/contracts/contracttemplates/haulcargo_atob_small_cleanair_moldtreatment.xml
HaulCargo_AtoB_Small_CleanAir_MoldTreatment,ContractClass_Contract,300dcbf0-d201-465b-a7be-af7e15a0a512,MDT,93f265dd-c971-49fe-b87b-96cccaae9362,Hauling,0,0,1,1,0,1,1,1,1,1,0,300,1,Failed,15,1,7,ObjectiveHandler_Hauling,,,,,,,,,,22a79236-3ebe-492b-ad42-ed8ad65e5cbc,libs/foundry/records/contracts/contracttemplates/haulcargo_atob_small_cleanair_moldtreatment.xml
HaulCargo_AtoB_Small_CleanAir_Resources,ContractClass_Contract,300dcbf0-d201-465b-a7be-af7e15a0a512,MDT,93f265dd-c971-49fe-b87b-96cccaae9362,Hauling,0,0,1,1,0,1,1,1,1,1,0,300,1,Failed,15,1,7,ObjectiveHandler_Hauling,,,,,,,,,,0c1f30fc-bf22-4d04-8216-64822a6f40fa,libs/foundry/records/contracts/contracttemplates/haulcargo_atob_small_cleanair_resources.xml
HaulCargo_AtoB_Small_CleanAir_Resources,ContractClass_Contract,300dcbf0-d201-465b-a7be-af7e15a0a512,MDT,93f265dd-c971-49fe-b87b-96cccaae9362,Hauling,0,0,1,1,0,1,1,1,1,1,0,300,1,Failed,15,1,7,ObjectiveHandler_Hauling,,,,,,,,,,0c1f30fc-bf22-4d04-8216-64822a6f40fa,libs/foundry/records/contracts/contracttemplates/haulcargo_atob_small_cleanair_resources.xml
HaulCargo_AtoB_Small_CleanAir_VentFilters,ContractClass_Contract,300dcbf0-d201-465b-a7be-af7e15a0a512,MDT,93f265dd-c971-49fe-b87b-96cccaae9362,Hauling,0,0,1,1,0,1,1,1,1,1,0,300,1,Failed,15,1,7,ObjectiveHandler_Hauling,,,,,,,,,,222c8a9f-f404-4936-9084-9a868fcf5a04,libs/foundry/records/contracts/contracttemplates/haulcargo_atob_small_cleanair_ventfilters.xml
HaulCargo_AtoB_Small_CleanAir_VentFilters,ContractClass_Contract,300dcbf0-d201-465b-a7be-af7e15a0a512,MDT,93f265dd-c971-49fe-b87b-96cccaae9362,Hauling,0,0,1,1,0,1,1,1,1,1,0,300,1,Failed,15,1,7,ObjectiveHandler_Hauling,,,,,,,,,,222c8a9f-f404-4936-9084-9a868fcf5a04,libs/foundry/records/contracts/contracttemplates/haulcargo_atob_small_cleanair_ventfilters.xml
HaulCargo_AtoB_Small_ConstructionMaterials,ContractClass_Contract,300dcbf0-d201-465b-a7be-af7e15a0a512,MDT,93f265dd-c971-49fe-b87b-96cccaae9362,Hauling,0,0,1,1,0,1,1,1,1,1,0,300,1,Failed,15,1,7,ObjectiveHandler_Hauling,,,,,,,,,,533af4dd-33a3-41e0-8d27-5a478f93b2ba,libs/foundry/records/contracts/contracttemplates/haulcargo_atob_small_constructionmaterials.xml
HaulCargo_AtoB_Small_ConstructionMaterials,ContractClass_Contract,300dcbf0-d201-465b-a7be-af7e15a0a512,MDT,93f265dd-c971-49fe-b87b-96cccaae9362,Hauling,0,0,1,1,0,1,1,1,1,1,0,300,1,Failed,15,1,7,ObjectiveHandler_Hauling,,,,,,,,,,533af4dd-33a3-41e0-8d27-5a478f93b2ba,libs/foundry/records/contracts/contracttemplates/haulcargo_atob_small_constructionmaterials.xml
HaulCargo_AtoB_Small_Copper,ContractClass_Contract,300dcbf0-d201-465b-a7be-af7e15a0a512,MDT,93f265dd-c971-49fe-b87b-96cccaae9362,Hauling,0,0,1,1,0,1,1,1,1,1,0,300,1,Failed,15,1,7,ObjectiveHandler_Hauling,,,,,,,,,,acd84fa3-4b90-474b-9423-94f25db805ec,libs/foundry/records/contracts/contracttemplates/haulcargo_atob_small_copper.xml
HaulCargo_AtoB_Small_Copper,ContractClass_Contract,300dcbf0-d201-465b-a7be-af7e15a0a512,MDT,93f265dd-c971-49fe-b87b-96cccaae9362,Hauling,0,0,1,1,0,1,1,1,1,1,0,300,1,Failed,15,1,7,ObjectiveHandler_Hauling,,,,,,,,,,acd84fa3-4b90-474b-9423-94f25db805ec,libs/foundry/records/contracts/contracttemplates/haulcargo_atob_small_copper.xml
HaulCargo_AtoB_Small_EletronicEquipment,ContractClass_Contract,300dcbf0-d201-465b-a7be-af7e15a0a512,MDT,93f265dd-c971-49fe-b87b-96cccaae9362,Hauling,0,0,1,1,0,1,1,1,1,1,0,300,1,Failed,15,1,7,ObjectiveHandler_Hauling,,,,,,,,,,fb6a2f55-a601-41c2-a4c0-3e7fb0868a0e,libs/foundry/records/contracts/contracttemplates/haulcargo_atob_small_eletronicequipment.xml
HaulCargo_AtoB_Small_EletronicEquipment,ContractClass_Contract,300dcbf0-d201-465b-a7be-af7e15a0a512,MDT,93f265dd-c971-49fe-b87b-96cccaae9362,Hauling,0,0,1,1,0,1,1,1,1,1,0,300,1,Failed,15,1,7,ObjectiveHandler_Hauling,,,,,,,,,,fb6a2f55-a601-41c2-a4c0-3e7fb0868a0e,libs/foundry/records/contracts/contracttemplates/haulcargo_atob_small_eletronicequipment.xml
HaulCargo_AtoB_Small_Hydrogen,ContractClass_Contract,300dcbf0-d201-465b-a7be-af7e15a0a512,MDT,93f265dd-c971-49fe-b87b-96cccaae9362,Hauling,0,0,1,1,0,1,1,1,1,1,0,300,1,Failed,15,1,7,ObjectiveHandler_Hauling,,,,,,,,,,6d6fa0c0-8c68-4eba-a2a1-4863753ca844,libs/foundry/records/contracts/contracttemplates/haulcargo_atob_small_hydrogen.xml
HaulCargo_AtoB_Small_Hydrogen,ContractClass_Contract,300dcbf0-d201-465b-a7be-af7e15a0a512,MDT,93f265dd-c971-49fe-b87b-96cccaae9362,Hauling,0,0,1,1,0,1,1,1,1,1,0,300,1,Failed,15,1,7,ObjectiveHandler_Hauling,,,,,,,,,,6d6fa0c0-8c68-4eba-a2a1-4863753ca844,libs/foundry/records/contracts/contracttemplates/haulcargo_atob_small_hydrogen.xml
HaulCargo_AtoB_Small_MedicalSupplies,ContractClass_Contract,300dcbf0-d201-465b-a7be-af7e15a0a512,MDT,ae6021b6-6a62-470e-9cc2-025f1e44ade2,Hauling_Planetary,0,0,1,1,0,1,1,1,1,1,0,300,1,Failed,15,1,7,ObjectiveHandler_Hauling,,,,,,,,,,2e174a32-cb3c-46cb-a244-58a0e7827d9b,libs/foundry/records/contracts/contracttemplates/haulcargo_atob_small_medicalsupplies.xml
HaulCargo_AtoB_Small_MedicalSupplies,ContractClass_Contract,300dcbf0-d201-465b-a7be-af7e15a0a512,MDT,ae6021b6-6a62-470e-9cc2-025f1e44ade2,Hauling_Planetary,0,0,1,1,0,1,1,1,1,1,0,300,1,Failed,15,1,7,ObjectiveHandler_Hauling,,,,,,,,,,2e174a32-cb3c-46cb-a244-58a0e7827d9b,libs/foundry/records/contracts/contracttemplates/haulcargo_atob_small_medicalsupplies.xml
HaulCargo_AtoB_Small_Potassium,ContractClass_Contract,300dcbf0-d201-465b-a7be-af7e15a0a512,MDT,93f265dd-c971-49fe-b87b-96cccaae9362,Hauling,0,0,1,1,0,1,1,1,1,1,0,300,1,Failed,15,1,7,ObjectiveHandler_Hauling,,,,,,,,,,42213ab2-607e-4fc6-a01d-01d6e73d16df,libs/foundry/records/contracts/contracttemplates/haulcargo_atob_small_potassium.xml
HaulCargo_AtoB_Small_Potassium,ContractClass_Contract,300dcbf0-d201-465b-a7be-af7e15a0a512,MDT,93f265dd-c971-49fe-b87b-96cccaae9362,Hauling,0,0,1,1,0,1,1,1,1,1,0,300,1,Failed,15,1,7,ObjectiveHandler_Hauling,,,,,,,,,,42213ab2-607e-4fc6-a01d-01d6e73d16df,libs/foundry/records/contracts/contracttemplates/haulcargo_atob_small_potassium.xml
HaulCargo_AtoB_Small_ProcessedFood,ContractClass_Contract,300dcbf0-d201-465b-a7be-af7e15a0a512,MDT,93f265dd-c971-49fe-b87b-96cccaae9362,Hauling,0,0,1,1,0,1,1,1,1,1,0,300,1,Failed,15,1,7,ObjectiveHandler_Hauling,,,,,,,,,,2859e5f5-4657-4f02-af58-534d32447283,libs/foundry/records/contracts/contracttemplates/haulcargo_atob_small_processedfood.xml
HaulCargo_AtoB_Small_ProcessedFood,ContractClass_Contract,300dcbf0-d201-465b-a7be-af7e15a0a512,MDT,93f265dd-c971-49fe-b87b-96cccaae9362,Hauling,0,0,1,1,0,1,1,1,1,1,0,300,1,Failed,15,1,7,ObjectiveHandler_Hauling,,,,,,,,,,2859e5f5-4657-4f02-af58-534d32447283,libs/foundry/records/contracts/contracttemplates/haulcargo_atob_small_processedfood.xml
HaulCargo_AtoB_Small_Quartz,ContractClass_Contract,300dcbf0-d201-465b-a7be-af7e15a0a512,MDT,93f265dd-c971-49fe-b87b-96cccaae9362,Hauling,0,0,1,1,0,1,1,1,1,1,0,300,1,Failed,15,1,7,ObjectiveHandler_Hauling,,,,,,,,,,7c690094-b9d7-48ec-bae8-b6793e3aa4cc,libs/foundry/records/contracts/contracttemplates/haulcargo_atob_small_quartz.xml
HaulCargo_AtoB_Small_Quartz,ContractClass_Contract,300dcbf0-d201-465b-a7be-af7e15a0a512,MDT,93f265dd-c971-49fe-b87b-96cccaae9362,Hauling,0,0,1,1,0,1,1,1,1,1,0,300,1,Failed,15,1,7,ObjectiveHandler_Hauling,,,,,,,,,,7c690094-b9d7-48ec-bae8-b6793e3aa4cc,libs/foundry/records/contracts/contracttemplates/haulcargo_atob_small_quartz.xml
HaulCargo_AtoB_Small_RantaDung,ContractClass_Contract,300dcbf0-d201-465b-a7be-af7e15a0a512,MDT,ae6021b6-6a62-470e-9cc2-025f1e44ade2,Hauling_Planetary,0,0,1,1,0,1,1,1,1,1,0,300,1,Failed,15,1,7,ObjectiveHandler_Hauling,,,,,,,,,,76791432-695f-42a1-b431-169e1d69089e,libs/foundry/records/contracts/contracttemplates/haulcargo_atob_small_rantadung.xml
HaulCargo_AtoB_Small_RantaDung,ContractClass_Contract,300dcbf0-d201-465b-a7be-af7e15a0a512,MDT,ae6021b6-6a62-470e-9cc2-025f1e44ade2,Hauling_Planetary,0,0,1,1,0,1,1,1,1,1,0,300,1,Failed,15,1,7,ObjectiveHandler_Hauling,,,,,,,,,,76791432-695f-42a1-b431-169e1d69089e,libs/foundry/records/contracts/contracttemplates/haulcargo_atob_small_rantadung.xml
HaulCargo_AtoB_Small_ShipAmmo,ContractClass_Contract,300dcbf0-d201-465b-a7be-af7e15a0a512,MDT,ae6021b6-6a62-470e-9cc2-025f1e44ade2,Hauling_Planetary,0,0,1,1,0,1,1,1,1,1,0,300,1,Failed,15,1,7,ObjectiveHandler_Hauling,,,,,,,,,,514008aa-477a-4e8c-88c5-f64bd75f7aae,libs/foundry/records/contracts/contracttemplates/haulcargo_atob_small_shipammo.xml
HaulCargo_AtoB_Small_ShipAmmo,ContractClass_Contract,300dcbf0-d201-465b-a7be-af7e15a0a512,MDT,ae6021b6-6a62-470e-9cc2-025f1e44ade2,Hauling_Planetary,0,0,1,1,0,1,1,1,1,1,0,300,1,Failed,15,1,7,ObjectiveHandler_Hauling,,,,,,,,,,514008aa-477a-4e8c-88c5-f64bd75f7aae,libs/foundry/records/contracts/contracttemplates/haulcargo_atob_small_shipammo.xml
HaulCargo_AtoB_Small_Silicon,ContractClass_Contract,300dcbf0-d201-465b-a7be-af7e15a0a512,MDT,93f265dd-c971-49fe-b87b-96cccaae9362,Hauling,0,0,1,1,0,1,1,1,1,1,0,300,1,Failed,15,1,7,ObjectiveHandler_Hauling,,,,,,,,,,a0f6e96e-a7b2-4bea-a53e-8022871e16ac,libs/foundry/records/contracts/contracttemplates/haulcargo_atob_small_silicon.xml
HaulCargo_AtoB_Small_Silicon,ContractClass_Contract,300dcbf0-d201-465b-a7be-af7e15a0a512,MDT,93f265dd-c971-49fe-b87b-96cccaae9362,Hauling,0,0,1,1,0,1,1,1,1,1,0,300,1,Failed,15,1,7,ObjectiveHandler_Hauling,,,,,,,,,,a0f6e96e-a7b2-4bea-a53e-8022871e16ac,libs/foundry/records/contracts/contracttemplates/haulcargo_atob_small_silicon.xml
HaulCargo_AtoB_Small_Slam_unproccessed,ContractClass_Contract,300dcbf0-d201-465b-a7be-af7e15a0a512,MDT,93f265dd-c971-49fe-b87b-96cccaae9362,Hauling,0,0,1,1,0,1,1,1,1,1,0,300,1,Failed,15,1,7,ObjectiveHandler_Hauling,,,,,,,,,,a1220fff-fb8f-43d2-b545-368bae56572a,libs/foundry/records/contracts/contracttemplates/haulcargo_atob_small_slam_unproccessed.xml
HaulCargo_AtoB_Small_Slam_unproccessed,ContractClass_Contract,300dcbf0-d201-465b-a7be-af7e15a0a512,MDT,93f265dd-c971-49fe-b87b-96cccaae9362,Hauling,0,0,1,1,0,1,1,1,1,1,0,300,1,Failed,15,1,7,ObjectiveHandler_Hauling,,,,,,,,,,a1220fff-fb8f-43d2-b545-368bae56572a,libs/foundry/records/contracts/contracttemplates/haulcargo_atob_small_slam_unproccessed.xml
HaulCargo_AtoB_Small_Tungsten,ContractClass_Contract,300dcbf0-d201-465b-a7be-af7e15a0a512,MDT,93f265dd-c971-49fe-b87b-96cccaae9362,Hauling,0,0,1,1,0,1,1,1,1,1,0,300,1,Failed,15,1,7,ObjectiveHandler_Hauling,,,,,,,,,,01e62498-5f52-4905-8303-13818835d202,libs/foundry/records/contracts/contracttemplates/haulcargo_atob_small_tungsten.xml
HaulCargo_AtoB_Small_Tungsten,ContractClass_Contract,300dcbf0-d201-465b-a7be-af7e15a0a512,MDT,93f265dd-c971-49fe-b87b-96cccaae9362,Hauling,0,0,1,1,0,1,1,1,1,1,0,300,1,Failed,15,1,7,ObjectiveHandler_Hauling,,,,,,,,,,01e62498-5f52-4905-8303-13818835d202,libs/foundry/records/contracts/contracttemplates/haulcargo_atob_small_tungsten.xml
HaulCargo_AtoB_Small_Waste,ContractClass_Contract,300dcbf0-d201-465b-a7be-af7e15a0a512,MDT,93f265dd-c971-49fe-b87b-96cccaae9362,Hauling,0,0,1,1,0,1,1,1,1,1,0,300,1,Failed,15,1,7,ObjectiveHandler_Hauling,,,,,,,,,,b73a313d-5d1a-471b-b883-c3fc4dd7ff29,libs/foundry/records/contracts/contracttemplates/haulcargo_atob_small_waste.xml
HaulCargo_AtoB_Small_Waste,ContractClass_Contract,300dcbf0-d201-465b-a7be-af7e15a0a512,MDT,93f265dd-c971-49fe-b87b-96cccaae9362,Hauling,0,0,1,1,0,1,1,1,1,1,0,300,1,Failed,15,1,7,ObjectiveHandler_Hauling,,,,,,,,,,b73a313d-5d1a-471b-b883-c3fc4dd7ff29,libs/foundry/records/contracts/contracttemplates/haulcargo_atob_small_waste.xml
HaulCargo_AtoB_Small,ContractClass_Contract,300dcbf0-d201-465b-a7be-af7e15a0a512,MDT,93f265dd-c971-49fe-b87b-96cccaae9362,Hauling,0,0,1,1,0,1,1,1,1,1,0,300,1,Failed,15,1,7,ObjectiveHandler_Hauling,,,,,,,,,,667d721c-bd92-47a7-bf33-89ec1216ba25,libs/foundry/records/contracts/contracttemplates/haulcargo_atob_small.xml
HaulCargo_AtoB_Small,ContractClass_Contract,300dcbf0-d201-465b-a7be-af7e15a0a512,MDT,93f265dd-c971-49fe-b87b-96cccaae9362,Hauling,0,0,1,1,0,1,1,1,1,1,0,300,1,Failed,15,1,7,ObjectiveHandler_Hauling,,,,,,,,,,667d721c-bd92-47a7-bf33-89ec1216ba25,libs/foundry/records/contracts/contracttemplates/haulcargo_atob_small.xml
HaulCargo_AtoB_Supply_Carbon,ContractClass_Contract,300dcbf0-d201-465b-a7be-af7e15a0a512,MDT,93f265dd-c971-49fe-b87b-96cccaae9362,Hauling,0,0,1,1,0,1,1,1,1,1,0,300,1,Failed,15,1,7,ObjectiveHandler_Hauling,,,,,,,,,,9479785c-4680-4ccb-87c4-55a58f3d49f3,libs/foundry/records/contracts/contracttemplates/haulcargo_atob_supply_carbon.xml
HaulCargo_AtoB_Supply_Carbon,ContractClass_Contract,300dcbf0-d201-465b-a7be-af7e15a0a512,MDT,93f265dd-c971-49fe-b87b-96cccaae9362,Hauling,0,0,1,1,0,1,1,1,1,1,0,300,1,Failed,15,1,7,ObjectiveHandler_Hauling,,,,,,,,,,9479785c-4680-4ccb-87c4-55a58f3d49f3,libs/foundry/records/contracts/contracttemplates/haulcargo_atob_supply_carbon.xml
HaulCargo_AtoB_Supply_CleanAir_CryoPods,ContractClass_Contract,300dcbf0-d201-465b-a7be-af7e15a0a512,MDT,93f265dd-c971-49fe-b87b-96cccaae9362,Hauling,0,0,1,1,0,1,1,1,1,1,0,300,1,Failed,15,1,7,ObjectiveHandler_Hauling,,,,,,,,,,b8ec7188-46be-4217-a212-defb6e492914,libs/foundry/records/contracts/contracttemplates/haulcargo_atob_supply_cleanair_cryopods.xml
HaulCargo_AtoB_Supply_CleanAir_CryoPods,ContractClass_Contract,300dcbf0-d201-465b-a7be-af7e15a0a512,MDT,93f265dd-c971-49fe-b87b-96cccaae9362,Hauling,0,0,1,1,0,1,1,1,1,1,0,300,1,Failed,15,1,7,ObjectiveHandler_Hauling,,,,,,,,,,b8ec7188-46be-4217-a212-defb6e492914,libs/foundry/records/contracts/contracttemplates/haulcargo_atob_supply_cleanair_cryopods.xml
HaulCargo_AtoB_Supply_CleanAir_MedicalSupplies_Interstellar,ContractClass_Contract,300dcbf0-d201-465b-a7be-af7e15a0a512,MDT,fbb195ed-26ce-44fb-ad6c-aafac5006237,Hauling_Interstellar,0,0,1,1,0,1,1,1,1,1,0,300,1,Failed,15,1,7,ObjectiveHandler_Hauling,,,,,,,,,,ec096f2f-be14-4175-bc15-162a3a979845,libs/foundry/records/contracts/contracttemplates/haulcargo_atob_supply_cleanair_medicalsupplies_interstellar.xml
HaulCargo_AtoB_Supply_CleanAir_MedicalSupplies_Interstellar,ContractClass_Contract,300dcbf0-d201-465b-a7be-af7e15a0a512,MDT,fbb195ed-26ce-44fb-ad6c-aafac5006237,Hauling_Interstellar,0,0,1,1,0,1,1,1,1,1,0,300,1,Failed,15,1,7,ObjectiveHandler_Hauling,,,,,,,,,,ec096f2f-be14-4175-bc15-162a3a979845,libs/foundry/records/contracts/contracttemplates/haulcargo_atob_supply_cleanair_medicalsupplies_interstellar.xml
HaulCargo_AtoB_Supply_CleanAir_MedicalSupplies,ContractClass_Contract,300dcbf0-d201-465b-a7be-af7e15a0a512,MDT,93f265dd-c971-49fe-b87b-96cccaae9362,Hauling,0,0,1,1,0,1,1,1,1,1,0,300,1,Failed,15,1,7,ObjectiveHandler_Hauling,,,,,,,,,,fb24143a-4c5a-440d-bd65-2f8ecac34904,libs/foundry/records/contracts/contracttemplates/haulcargo_atob_supply_cleanair_medicalsupplies.xml
HaulCargo_AtoB_Supply_CleanAir_MedicalSupplies,ContractClass_Contract,300dcbf0-d201-465b-a7be-af7e15a0a512,MDT,93f265dd-c971-49fe-b87b-96cccaae9362,Hauling,0,0,1,1,0,1,1,1,1,1,0,300,1,Failed,15,1,7,ObjectiveHandler_Hauling,,,,,,,,,,fb24143a-4c5a-440d-bd65-2f8ecac34904,libs/foundry/records/contracts/contracttemplates/haulcargo_atob_supply_cleanair_medicalsupplies.xml
HaulCargo_AtoB_Supply_CleanAir_MoldSamples,ContractClass_Contract,300dcbf0-d201-465b-a7be-af7e15a0a512,MDT,93f265dd-c971-49fe-b87b-96cccaae9362,Hauling,0,0,1,1,0,1,1,1,1,1,0,300,1,Failed,15,1,7,ObjectiveHandler_Hauling,,,,,,,,,,8bd80072-77c4-4e92-bc4b-a4ff8a1c8d89,libs/foundry/records/contracts/contracttemplates/haulcargo_atob_supply_cleanair_moldsamples.xml
HaulCargo_AtoB_Supply_CleanAir_MoldSamples,ContractClass_Contract,300dcbf0-d201-465b-a7be-af7e15a0a512,MDT,93f265dd-c971-49fe-b87b-96cccaae9362,Hauling,0,0,1,1,0,1,1,1,1,1,0,300,1,Failed,15,1,7,ObjectiveHandler_Hauling,,,,,,,,,,8bd80072-77c4-4e92-bc4b-a4ff8a1c8d89,libs/foundry/records/contracts/contracttemplates/haulcargo_atob_supply_cleanair_moldsamples.xml
HaulCargo_AtoB_Supply_CleanAir_MoldTreatment,ContractClass_Contract,300dcbf0-d201-465b-a7be-af7e15a0a512,MDT,93f265dd-c971-49fe-b87b-96cccaae9362,Hauling,0,0,1,1,0,1,1,1,1,1,0,300,1,Failed,15,1,7,ObjectiveHandler_Hauling,,,,,,,,,,3c012c89-77e5-486a-9fa2-8c261c82b5e0,libs/foundry/records/contracts/contracttemplates/haulcargo_atob_supply_cleanair_moldtreatment.xml
HaulCargo_AtoB_Supply_CleanAir_MoldTreatment,ContractClass_Contract,300dcbf0-d201-465b-a7be-af7e15a0a512,MDT,93f265dd-c971-49fe-b87b-96cccaae9362,Hauling,0,0,1,1,0,1,1,1,1,1,0,300,1,Failed,15,1,7,ObjectiveHandler_Hauling,,,,,,,,,,3c012c89-77e5-486a-9fa2-8c261c82b5e0,libs/foundry/records/contracts/contracttemplates/haulcargo_atob_supply_cleanair_moldtreatment.xml
HaulCargo_AtoB_Supply_CleanAir_Resources,ContractClass_Contract,300dcbf0-d201-465b-a7be-af7e15a0a512,MDT,93f265dd-c971-49fe-b87b-96cccaae9362,Hauling,0,0,1,1,0,1,1,1,1,1,0,300,1,Failed,15,1,7,ObjectiveHandler_Hauling,,,,,,,,,,408d8591-3de3-4db5-97b1-41cf4fb73e02,libs/foundry/records/contracts/contracttemplates/haulcargo_atob_supply_cleanair_resources.xml
HaulCargo_AtoB_Supply_CleanAir_Resources,ContractClass_Contract,300dcbf0-d201-465b-a7be-af7e15a0a512,MDT,93f265dd-c971-49fe-b87b-96cccaae9362,Hauling,0,0,1,1,0,1,1,1,1,1,0,300,1,Failed,15,1,7,ObjectiveHandler_Hauling,,,,,,,,,,408d8591-3de3-4db5-97b1-41cf4fb73e02,libs/foundry/records/contracts/contracttemplates/haulcargo_atob_supply_cleanair_resources.xml
HaulCargo_AtoB_Supply_CleanAir_VentFilters,ContractClass_Contract,300dcbf0-d201-465b-a7be-af7e15a0a512,MDT,93f265dd-c971-49fe-b87b-96cccaae9362,Hauling,0,0,1,1,0,1,1,1,1,1,0,300,1,Failed,15,1,7,ObjectiveHandler_Hauling,,,,,,,,,,de554ef0-f21b-4cb8-a511-79e91cd4e0e6,libs/foundry/records/contracts/contracttemplates/haulcargo_atob_supply_cleanair_ventfilters.xml
HaulCargo_AtoB_Supply_CleanAir_VentFilters,ContractClass_Contract,300dcbf0-d201-465b-a7be-af7e15a0a512,MDT,93f265dd-c971-49fe-b87b-96cccaae9362,Hauling,0,0,1,1,0,1,1,1,1,1,0,300,1,Failed,15,1,7,ObjectiveHandler_Hauling,,,,,,,,,,de554ef0-f21b-4cb8-a511-79e91cd4e0e6,libs/foundry/records/contracts/contracttemplates/haulcargo_atob_supply_cleanair_ventfilters.xml
HaulCargo_AtoB_Supply_Potassium,ContractClass_Contract,300dcbf0-d201-465b-a7be-af7e15a0a512,MDT,93f265dd-c971-49fe-b87b-96cccaae9362,Hauling,0,0,1,1,0,1,1,1,1,1,0,300,1,Failed,15,1,7,ObjectiveHandler_Hauling,,,,,,,,,,ce1479e5-47b4-492c-a09a-55bce2526b2f,libs/foundry/records/contracts/contracttemplates/haulcargo_atob_supply_potassium.xml
HaulCargo_AtoB_Supply_Potassium,ContractClass_Contract,300dcbf0-d201-465b-a7be-af7e15a0a512,MDT,93f265dd-c971-49fe-b87b-96cccaae9362,Hauling,0,0,1,1,0,1,1,1,1,1,0,300,1,Failed,15,1,7,ObjectiveHandler_Hauling,,,,,,,,,,ce1479e5-47b4-492c-a09a-55bce2526b2f,libs/foundry/records/contracts/contracttemplates/haulcargo_atob_supply_potassium.xml
HaulCargo_AtoB_Supply_Waste,ContractClass_Contract,300dcbf0-d201-465b-a7be-af7e15a0a512,MDT,93f265dd-c971-49fe-b87b-96cccaae9362,Hauling,0,0,1,1,0,1,1,1,1,1,0,300,1,Failed,15,1,7,ObjectiveHandler_Hauling,,,,,,,,,,203167cf-a30c-4f35-8ac7-6799defd7f2e,libs/foundry/records/contracts/contracttemplates/haulcargo_atob_supply_waste.xml
HaulCargo_AtoB_Supply_Waste,ContractClass_Contract,300dcbf0-d201-465b-a7be-af7e15a0a512,MDT,93f265dd-c971-49fe-b87b-96cccaae9362,Hauling,0,0,1,1,0,1,1,1,1,1,0,300,1,Failed,15,1,7,ObjectiveHandler_Hauling,,,,,,,,,,203167cf-a30c-4f35-8ac7-6799defd7f2e,libs/foundry/records/contracts/contracttemplates/haulcargo_atob_supply_waste.xml
HaulCargo_AtoB_Supply,ContractClass_Contract,300dcbf0-d201-465b-a7be-af7e15a0a512,MDT,93f265dd-c971-49fe-b87b-96cccaae9362,Hauling,0,0,1,1,0,1,1,1,1,1,0,300,1,Failed,15,1,7,ObjectiveHandler_Hauling,,,,,,,,,,967c2f2d-02e1-4e1b-9efd-585427a3e7b5,libs/foundry/records/contracts/contracttemplates/haulcargo_atob_supply.xml
HaulCargo_AtoB_Supply,ContractClass_Contract,300dcbf0-d201-465b-a7be-af7e15a0a512,MDT,93f265dd-c971-49fe-b87b-96cccaae9362,Hauling,0,0,1,1,0,1,1,1,1,1,0,300,1,Failed,15,1,7,ObjectiveHandler_Hauling,,,,,,,,,,967c2f2d-02e1-4e1b-9efd-585427a3e7b5,libs/foundry/records/contracts/contracttemplates/haulcargo_atob_supply.xml
HaulCargo_AtoB_WTP_AgriculturalSupplies,ContractClass_Contract,300dcbf0-d201-465b-a7be-af7e15a0a512,MDT,93f265dd-c971-49fe-b87b-96cccaae9362,Hauling,0,0,1,1,0,1,1,1,1,1,0,300,1,Failed,15,1,7,ObjectiveHandler_Hauling,,,,,,,,,,9d3424fe-881c-492a-97f7-40ed54eaf2ec,libs/foundry/records/contracts/contracttemplates/haulcargo_atob_wtp_agriculturalsupplies.xml
HaulCargo_AtoB_WTP_AgriculturalSupplies,ContractClass_Contract,300dcbf0-d201-465b-a7be-af7e15a0a512,MDT,93f265dd-c971-49fe-b87b-96cccaae9362,Hauling,0,0,1,1,0,1,1,1,1,1,0,300,1,Failed,15,1,7,ObjectiveHandler_Hauling,,,,,,,,,,9d3424fe-881c-492a-97f7-40ed54eaf2ec,libs/foundry/records/contracts/contracttemplates/haulcargo_atob_wtp_agriculturalsupplies.xml
HaulCargo_AtoB_WTP_MedicalSupplies,ContractClass_Contract,300dcbf0-d201-465b-a7be-af7e15a0a512,MDT,93f265dd-c971-49fe-b87b-96cccaae9362,Hauling,0,0,1,1,0,1,1,1,1,1,0,300,1,Failed,15,1,7,ObjectiveHandler_Hauling,,,,,,,,,,aece763a-811a-4f88-9771-e12bdeb3c92a,libs/foundry/records/contracts/contracttemplates/haulcargo_atob_wtp_medicalsupplies.xml
HaulCargo_AtoB_WTP_MedicalSupplies,ContractClass_Contract,300dcbf0-d201-465b-a7be-af7e15a0a512,MDT,93f265dd-c971-49fe-b87b-96cccaae9362,Hauling,0,0,1,1,0,1,1,1,1,1,0,300,1,Failed,15,1,7,ObjectiveHandler_Hauling,,,,,,,,,,aece763a-811a-4f88-9771-e12bdeb3c92a,libs/foundry/records/contracts/contracttemplates/haulcargo_atob_wtp_medicalsupplies.xml
HaulCargo_AtoB_WTP_ProcessedFood,ContractClass_Contract,300dcbf0-d201-465b-a7be-af7e15a0a512,MDT,93f265dd-c971-49fe-b87b-96cccaae9362,Hauling,0,0,1,1,0,1,1,1,1,1,0,300,1,Failed,15,1,7,ObjectiveHandler_Hauling,,,,,,,,,,56e5d179-e629-4af2-af27-3128d2d323dc,libs/foundry/records/contracts/contracttemplates/haulcargo_atob_wtp_processedfood.xml
HaulCargo_AtoB_WTP_ProcessedFood,ContractClass_Contract,300dcbf0-d201-465b-a7be-af7e15a0a512,MDT,93f265dd-c971-49fe-b87b-96cccaae9362,Hauling,0,0,1,1,0,1,1,1,1,1,0,300,1,Failed,15,1,7,ObjectiveHandler_Hauling,,,,,,,,,,56e5d179-e629-4af2-af27-3128d2d323dc,libs/foundry/records/contracts/contracttemplates/haulcargo_atob_wtp_processedfood.xml
HaulCargo_AtoB_YardRush_Mining_Large_Stanton,ContractClass_Contract,300dcbf0-d201-465b-a7be-af7e15a0a512,MDT,9c585972-95b7-4408-ad72-aa9858545958,Priority,0,0,1,0,0,1,1,0,1,1,0,300,1,Failed,15,1,6,ObjectiveHandler_Hauling,,,,,,,,,,b4cfdcf2-03ba-4bd5-8921-020982454597,libs/foundry/records/contracts/contracttemplates/haulcargo_atob_yardrush_mining_large_stanton.xml
HaulCargo_AtoB_YardRush_Mining_Large_Stanton,ContractClass_Contract,300dcbf0-d201-465b-a7be-af7e15a0a512,MDT,9c585972-95b7-4408-ad72-aa9858545958,Priority,0,0,1,0,0,1,1,0,1,1,0,300,1,Failed,15,1,6,ObjectiveHandler_Hauling,,,,,,,,,,b4cfdcf2-03ba-4bd5-8921-020982454597,libs/foundry/records/contracts/contracttemplates/haulcargo_atob_yardrush_mining_large_stanton.xml
HaulCargo_AtoB_YardRush_Mining_Large,ContractClass_Contract,300dcbf0-d201-465b-a7be-af7e15a0a512,MDT,9c585972-95b7-4408-ad72-aa9858545958,Priority,0,0,1,0,0,1,1,0,1,1,0,300,1,Failed,15,1,6,ObjectiveHandler_Hauling,,,,,,,,,,b3d06464-9854-420c-bed3-98d5bac0efc1,libs/foundry/records/contracts/contracttemplates/haulcargo_atob_yardrush_mining_large.xml
HaulCargo_AtoB_YardRush_Mining_Large,ContractClass_Contract,300dcbf0-d201-465b-a7be-af7e15a0a512,MDT,9c585972-95b7-4408-ad72-aa9858545958,Priority,0,0,1,0,0,1,1,0,1,1,0,300,1,Failed,15,1,6,ObjectiveHandler_Hauling,,,,,,,,,,b3d06464-9854-420c-bed3-98d5bac0efc1,libs/foundry/records/contracts/contracttemplates/haulcargo_atob_yardrush_mining_large.xml
HaulCargo_AtoB_YardRush_Mining_Medium_Stanton,ContractClass_Contract,300dcbf0-d201-465b-a7be-af7e15a0a512,MDT,9c585972-95b7-4408-ad72-aa9858545958,Priority,0,0,1,0,0,1,1,0,1,1,0,300,1,Failed,15,1,6,ObjectiveHandler_Hauling,,,,,,,,,,f0c14924-c180-4c07-8828-97722283d8c6,libs/foundry/records/contracts/contracttemplates/haulcargo_atob_yardrush_mining_medium_stanton.xml
HaulCargo_AtoB_YardRush_Mining_Medium_Stanton,ContractClass_Contract,300dcbf0-d201-465b-a7be-af7e15a0a512,MDT,9c585972-95b7-4408-ad72-aa9858545958,Priority,0,0,1,0,0,1,1,0,1,1,0,300,1,Failed,15,1,6,ObjectiveHandler_Hauling,,,,,,,,,,f0c14924-c180-4c07-8828-97722283d8c6,libs/foundry/records/contracts/contracttemplates/haulcargo_atob_yardrush_mining_medium_stanton.xml
HaulCargo_AtoB_YardRush_Mining_Medium,ContractClass_Contract,300dcbf0-d201-465b-a7be-af7e15a0a512,MDT,9c585972-95b7-4408-ad72-aa9858545958,Priority,0,0,1,0,0,1,1,0,1,1,0,300,1,Failed,15,1,6,ObjectiveHandler_Hauling,,,,,,,,,,1d00ce29-ce27-440b-bdbc-31577edba416,libs/foundry/records/contracts/contracttemplates/haulcargo_atob_yardrush_mining_medium.xml
HaulCargo_AtoB_YardRush_Mining_Medium,ContractClass_Contract,300dcbf0-d201-465b-a7be-af7e15a0a512,MDT,9c585972-95b7-4408-ad72-aa9858545958,Priority,0,0,1,0,0,1,1,0,1,1,0,300,1,Failed,15,1,6,ObjectiveHandler_Hauling,,,,,,,,,,1d00ce29-ce27-440b-bdbc-31577edba416,libs/foundry/records/contracts/contracttemplates/haulcargo_atob_yardrush_mining_medium.xml
HaulCargo_AtoB_YardRush_Mining_Stanton,ContractClass_Contract,300dcbf0-d201-465b-a7be-af7e15a0a512,MDT,9c585972-95b7-4408-ad72-aa9858545958,Priority,0,0,1,0,0,1,1,0,1,1,0,300,1,Failed,15,1,6,ObjectiveHandler_Hauling,,,,,,,,,,d44ce2f5-4369-4e01-8e4d-f4d9f2f40d14,libs/foundry/records/contracts/contracttemplates/haulcargo_atob_yardrush_mining_stanton.xml
HaulCargo_AtoB_YardRush_Mining_Stanton,ContractClass_Contract,300dcbf0-d201-465b-a7be-af7e15a0a512,MDT,9c585972-95b7-4408-ad72-aa9858545958,Priority,0,0,1,0,0,1,1,0,1,1,0,300,1,Failed,15,1,6,ObjectiveHandler_Hauling,,,,,,,,,,d44ce2f5-4369-4e01-8e4d-f4d9f2f40d14,libs/foundry/records/contracts/contracttemplates/haulcargo_atob_yardrush_mining_stanton.xml
HaulCargo_AtoB_YardRush_Mining,ContractClass_Contract,300dcbf0-d201-465b-a7be-af7e15a0a512,MDT,9c585972-95b7-4408-ad72-aa9858545958,Priority,0,0,1,0,0,1,1,0,1,1,0,300,1,Failed,15,1,6,ObjectiveHandler_Hauling,,,,,,,,,,54a3c53f-0c43-44ec-ab97-0cbd0d62e60b,libs/foundry/records/contracts/contracttemplates/haulcargo_atob_yardrush_mining.xml
HaulCargo_AtoB_YardRush_Mining,ContractClass_Contract,300dcbf0-d201-465b-a7be-af7e15a0a512,MDT,9c585972-95b7-4408-ad72-aa9858545958,Priority,0,0,1,0,0,1,1,0,1,1,0,300,1,Failed,15,1,6,ObjectiveHandler_Hauling,,,,,,,,,,54a3c53f-0c43-44ec-ab97-0cbd0d62e60b,libs/foundry/records/contracts/contracttemplates/haulcargo_atob_yardrush_mining.xml
HaulCargo_AtoB_YardRush_Salvage_Large,ContractClass_Contract,300dcbf0-d201-465b-a7be-af7e15a0a512,MDT,9c585972-95b7-4408-ad72-aa9858545958,Priority,0,0,1,0,0,1,1,0,1,1,0,300,1,Failed,15,1,6,ObjectiveHandler_Hauling,,,,,,,,,,41b91e55-8e33-4080-b708-bb11481cd306,libs/foundry/records/contracts/contracttemplates/haulcargo_atob_yardrush_salvage_large.xml
HaulCargo_AtoB_YardRush_Salvage_Large,ContractClass_Contract,300dcbf0-d201-465b-a7be-af7e15a0a512,MDT,9c585972-95b7-4408-ad72-aa9858545958,Priority,0,0,1,0,0,1,1,0,1,1,0,300,1,Failed,15,1,6,ObjectiveHandler_Hauling,,,,,,,,,,41b91e55-8e33-4080-b708-bb11481cd306,libs/foundry/records/contracts/contracttemplates/haulcargo_atob_yardrush_salvage_large.xml
HaulCargo_AtoB_YardRush_Salvage_Medium,ContractClass_Contract,300dcbf0-d201-465b-a7be-af7e15a0a512,MDT,9c585972-95b7-4408-ad72-aa9858545958,Priority,0,0,1,0,0,1,1,0,1,1,0,300,1,Failed,15,1,6,ObjectiveHandler_Hauling,,,,,,,,,,67d142f5-9df6-40ed-a177-59056ddcab00,libs/foundry/records/contracts/contracttemplates/haulcargo_atob_yardrush_salvage_medium.xml
HaulCargo_AtoB_YardRush_Salvage_Medium,ContractClass_Contract,300dcbf0-d201-465b-a7be-af7e15a0a512,MDT,9c585972-95b7-4408-ad72-aa9858545958,Priority,0,0,1,0,0,1,1,0,1,1,0,300,1,Failed,15,1,6,ObjectiveHandler_Hauling,,,,,,,,,,67d142f5-9df6-40ed-a177-59056ddcab00,libs/foundry/records/contracts/contracttemplates/haulcargo_atob_yardrush_salvage_medium.xml
HaulCargo_AtoB_YardRush_Salvage,ContractClass_Contract,300dcbf0-d201-465b-a7be-af7e15a0a512,MDT,9c585972-95b7-4408-ad72-aa9858545958,Priority,0,0,1,0,0,1,1,0,1,1,0,300,1,Failed,15,1,6,ObjectiveHandler_Hauling,,,,,,,,,,f68360c9-2b3b-4066-81e3-c4690ba6da28,libs/foundry/records/contracts/contracttemplates/haulcargo_atob_yardrush_salvage.xml
HaulCargo_AtoB_YardRush_Salvage,ContractClass_Contract,300dcbf0-d201-465b-a7be-af7e15a0a512,MDT,9c585972-95b7-4408-ad72-aa9858545958,Priority,0,0,1,0,0,1,1,0,1,1,0,300,1,Failed,15,1,6,ObjectiveHandler_Hauling,,,,,,,,,,f68360c9-2b3b-4066-81e3-c4690ba6da28,libs/foundry/records/contracts/contracttemplates/haulcargo_atob_yardrush_salvage.xml
HaulCargo_AtoB_YardRushAndFireSale,ContractClass_Contract,300dcbf0-d201-465b-a7be-af7e15a0a512,MDT,9c585972-95b7-4408-ad72-aa9858545958,Priority,0,0,1,0,0,1,1,0,1,1,0,300,1,Failed,15,1,6,ObjectiveHandler_Hauling,,,,,,,,,,cc2a552a-14cc-475b-a0ce-7bba6e840344,libs/foundry/records/contracts/contracttemplates/haulcargo_atob_yardrushandfiresale.xml
HaulCargo_AtoB_YardRushAndFireSale,ContractClass_Contract,300dcbf0-d201-465b-a7be-af7e15a0a512,MDT,9c585972-95b7-4408-ad72-aa9858545958,Priority,0,0,1,0,0,1,1,0,1,1,0,300,1,Failed,15,1,6,ObjectiveHandler_Hauling,,,,,,,,,,cc2a552a-14cc-475b-a0ce-7bba6e840344,libs/foundry/records/contracts/contracttemplates/haulcargo_atob_yardrushandfiresale.xml
HaulCargo_AtoB,ContractClass_Contract,300dcbf0-d201-465b-a7be-af7e15a0a512,MDT,93f265dd-c971-49fe-b87b-96cccaae9362,Hauling,0,0,1,1,0,1,1,1,1,1,0,300,1,Failed,15,1,7,ObjectiveHandler_Hauling,,,,,,,,,,bc745e7e-f3d3-406c-a4f0-54475937c7f0,libs/foundry/records/contracts/contracttemplates/haulcargo_atob.xml
HaulCargo_AtoB,ContractClass_Contract,300dcbf0-d201-465b-a7be-af7e15a0a512,MDT,93f265dd-c971-49fe-b87b-96cccaae9362,Hauling,0,0,1,1,0,1,1,1,1,1,0,300,1,Failed,15,1,7,ObjectiveHandler_Hauling,,,,,,,,,,bc745e7e-f3d3-406c-a4f0-54475937c7f0,libs/foundry/records/contracts/contracttemplates/haulcargo_atob.xml
HaulCargo_Multi2ToSingle_Bulk_Carbon,ContractClass_Contract,300dcbf0-d201-465b-a7be-af7e15a0a512,MDT,93f265dd-c971-49fe-b87b-96cccaae9362,Hauling,0,0,1,1,0,1,1,1,1,1,0,300,1,Failed,15,1,9,ObjectiveHandler_Hauling,,,,,,,,,,fd7b6b95-3a4d-4fd4-b8cc-cdb2dc403319,libs/foundry/records/contracts/contracttemplates/haulcargo_multi2tosingle_bulk_carbon.xml
HaulCargo_Multi2ToSingle_Bulk_Carbon,ContractClass_Contract,300dcbf0-d201-465b-a7be-af7e15a0a512,MDT,93f265dd-c971-49fe-b87b-96cccaae9362,Hauling,0,0,1,1,0,1,1,1,1,1,0,300,1,Failed,15,1,9,ObjectiveHandler_Hauling,,,,,,,,,,fd7b6b95-3a4d-4fd4-b8cc-cdb2dc403319,libs/foundry/records/contracts/contracttemplates/haulcargo_multi2tosingle_bulk_carbon.xml
HaulCargo_Multi2ToSingle_Bulk_Potassium,ContractClass_Contract,300dcbf0-d201-465b-a7be-af7e15a0a512,MDT,93f265dd-c971-49fe-b87b-96cccaae9362,Hauling,0,0,1,1,0,1,1,1,1,1,0,300,1,Failed,15,1,9,ObjectiveHandler_Hauling,,,,,,,,,,45f69b4d-239d-4f2a-9944-7cc8d3bf1fef,libs/foundry/records/contracts/contracttemplates/haulcargo_multi2tosingle_bulk_potassium.xml
HaulCargo_Multi2ToSingle_Bulk_Potassium,ContractClass_Contract,300dcbf0-d201-465b-a7be-af7e15a0a512,MDT,93f265dd-c971-49fe-b87b-96cccaae9362,Hauling,0,0,1,1,0,1,1,1,1,1,0,300,1,Failed,15,1,9,ObjectiveHandler_Hauling,,,,,,,,,,45f69b4d-239d-4f2a-9944-7cc8d3bf1fef,libs/foundry/records/contracts/contracttemplates/haulcargo_multi2tosingle_bulk_potassium.xml
HaulCargo_Multi2ToSingle_Bulk_Waste,ContractClass_Contract,300dcbf0-d201-465b-a7be-af7e15a0a512,MDT,93f265dd-c971-49fe-b87b-96cccaae9362,Hauling,0,0,1,1,0,1,1,1,1,1,0,300,1,Failed,15,1,9,ObjectiveHandler_Hauling,,,,,,,,,,686c0152-9b1f-483b-a48f-395a8eb36c1f,libs/foundry/records/contracts/contracttemplates/haulcargo_multi2tosingle_bulk_waste.xml
HaulCargo_Multi2ToSingle_Bulk_Waste,ContractClass_Contract,300dcbf0-d201-465b-a7be-af7e15a0a512,MDT,93f265dd-c971-49fe-b87b-96cccaae9362,Hauling,0,0,1,1,0,1,1,1,1,1,0,300,1,Failed,15,1,9,ObjectiveHandler_Hauling,,,,,,,,,,686c0152-9b1f-483b-a48f-395a8eb36c1f,libs/foundry/records/contracts/contracttemplates/haulcargo_multi2tosingle_bulk_waste.xml
HaulCargo_Multi2ToSingle_Bulk,ContractClass_Contract,300dcbf0-d201-465b-a7be-af7e15a0a512,MDT,93f265dd-c971-49fe-b87b-96cccaae9362,Hauling,0,0,1,1,0,1,1,1,1,1,0,300,1,Failed,15,1,9,ObjectiveHandler_Hauling,,,,,,,,,,6ac380d2-cfb2-4d74-b63e-335e7178e7da,libs/foundry/records/contracts/contracttemplates/haulcargo_multi2tosingle_bulk.xml
HaulCargo_Multi2ToSingle_Bulk,ContractClass_Contract,300dcbf0-d201-465b-a7be-af7e15a0a512,MDT,93f265dd-c971-49fe-b87b-96cccaae9362,Hauling,0,0,1,1,0,1,1,1,1,1,0,300,1,Failed,15,1,9,ObjectiveHandler_Hauling,,,,,,,,,,6ac380d2-cfb2-4d74-b63e-335e7178e7da,libs/foundry/records/contracts/contracttemplates/haulcargo_multi2tosingle_bulk.xml
HaulCargo_Multi2ToSingle_Small_Aluminum,ContractClass_Contract,300dcbf0-d201-465b-a7be-af7e15a0a512,MDT,93f265dd-c971-49fe-b87b-96cccaae9362,Hauling,0,0,1,1,0,1,1,1,1,1,0,300,1,Failed,15,1,9,ObjectiveHandler_Hauling,,,,,,,,,,8322078e-350a-4443-a113-4fb446ad0e6a,libs/foundry/records/contracts/contracttemplates/haulcargo_multi2tosingle_small_aluminum.xml
HaulCargo_Multi2ToSingle_Small_Aluminum,ContractClass_Contract,300dcbf0-d201-465b-a7be-af7e15a0a512,MDT,93f265dd-c971-49fe-b87b-96cccaae9362,Hauling,0,0,1,1,0,1,1,1,1,1,0,300,1,Failed,15,1,9,ObjectiveHandler_Hauling,,,,,,,,,,8322078e-350a-4443-a113-4fb446ad0e6a,libs/foundry/records/contracts/contracttemplates/haulcargo_multi2tosingle_small_aluminum.xml
HaulCargo_Multi2ToSingle_Small_Carbon,ContractClass_Contract,300dcbf0-d201-465b-a7be-af7e15a0a512,MDT,93f265dd-c971-49fe-b87b-96cccaae9362,Hauling,0,0,1,1,0,1,1,1,1,1,0,300,1,Failed,15,1,9,ObjectiveHandler_Hauling,,,,,,,,,,fc108974-fcd9-47a5-8cbe-1e0ccc9f068e,libs/foundry/records/contracts/contracttemplates/haulcargo_multi2tosingle_small_carbon.xml
HaulCargo_Multi2ToSingle_Small_Carbon,ContractClass_Contract,300dcbf0-d201-465b-a7be-af7e15a0a512,MDT,93f265dd-c971-49fe-b87b-96cccaae9362,Hauling,0,0,1,1,0,1,1,1,1,1,0,300,1,Failed,15,1,9,ObjectiveHandler_Hauling,,,,,,,,,,fc108974-fcd9-47a5-8cbe-1e0ccc9f068e,libs/foundry/records/contracts/contracttemplates/haulcargo_multi2tosingle_small_carbon.xml
HaulCargo_Multi2ToSingle_Small_Copper,ContractClass_Contract,300dcbf0-d201-465b-a7be-af7e15a0a512,MDT,93f265dd-c971-49fe-b87b-96cccaae9362,Hauling,0,0,1,1,0,1,1,1,1,1,0,300,1,Failed,15,1,9,ObjectiveHandler_Hauling,,,,,,,,,,09d02a46-131b-4fcb-b2d6-5556896f6888,libs/foundry/records/contracts/contracttemplates/haulcargo_multi2tosingle_small_copper.xml
HaulCargo_Multi2ToSingle_Small_Copper,ContractClass_Contract,300dcbf0-d201-465b-a7be-af7e15a0a512,MDT,93f265dd-c971-49fe-b87b-96cccaae9362,Hauling,0,0,1,1,0,1,1,1,1,1,0,300,1,Failed,15,1,9,ObjectiveHandler_Hauling,,,,,,,,,,09d02a46-131b-4fcb-b2d6-5556896f6888,libs/foundry/records/contracts/contracttemplates/haulcargo_multi2tosingle_small_copper.xml
HaulCargo_Multi2ToSingle_Small_Hydrogen,ContractClass_Contract,300dcbf0-d201-465b-a7be-af7e15a0a512,MDT,93f265dd-c971-49fe-b87b-96cccaae9362,Hauling,0,0,1,1,0,1,1,1,1,1,0,300,1,Failed,15,1,9,ObjectiveHandler_Hauling,,,,,,,,,,939e66a5-aec3-4637-8854-7e93ebd07f9e,libs/foundry/records/contracts/contracttemplates/haulcargo_multi2tosingle_small_hydrogen.xml
HaulCargo_Multi2ToSingle_Small_Hydrogen,ContractClass_Contract,300dcbf0-d201-465b-a7be-af7e15a0a512,MDT,93f265dd-c971-49fe-b87b-96cccaae9362,Hauling,0,0,1,1,0,1,1,1,1,1,0,300,1,Failed,15,1,9,ObjectiveHandler_Hauling,,,,,,,,,,939e66a5-aec3-4637-8854-7e93ebd07f9e,libs/foundry/records/contracts/contracttemplates/haulcargo_multi2tosingle_small_hydrogen.xml
HaulCargo_Multi2ToSingle_Small_Potassium,ContractClass_Contract,300dcbf0-d201-465b-a7be-af7e15a0a512,MDT,93f265dd-c971-49fe-b87b-96cccaae9362,Hauling,0,0,1,1,0,1,1,1,1,1,0,300,1,Failed,15,1,9,ObjectiveHandler_Hauling,,,,,,,,,,1da37fdb-8ef4-4cac-bca2-fda8913c5733,libs/foundry/records/contracts/contracttemplates/haulcargo_multi2tosingle_small_potassium.xml
HaulCargo_Multi2ToSingle_Small_Potassium,ContractClass_Contract,300dcbf0-d201-465b-a7be-af7e15a0a512,MDT,93f265dd-c971-49fe-b87b-96cccaae9362,Hauling,0,0,1,1,0,1,1,1,1,1,0,300,1,Failed,15,1,9,ObjectiveHandler_Hauling,,,,,,,,,,1da37fdb-8ef4-4cac-bca2-fda8913c5733,libs/foundry/records/contracts/contracttemplates/haulcargo_multi2tosingle_small_potassium.xml
HaulCargo_Multi2ToSingle_Small_Quartz,ContractClass_Contract,300dcbf0-d201-465b-a7be-af7e15a0a512,MDT,93f265dd-c971-49fe-b87b-96cccaae9362,Hauling,0,0,1,1,0,1,1,1,1,1,0,300,1,Failed,15,1,9,ObjectiveHandler_Hauling,,,,,,,,,,f63f11d3-bbb9-4db6-822b-e4a392823a11,libs/foundry/records/contracts/contracttemplates/haulcargo_multi2tosingle_small_quartz.xml
HaulCargo_Multi2ToSingle_Small_Quartz,ContractClass_Contract,300dcbf0-d201-465b-a7be-af7e15a0a512,MDT,93f265dd-c971-49fe-b87b-96cccaae9362,Hauling,0,0,1,1,0,1,1,1,1,1,0,300,1,Failed,15,1,9,ObjectiveHandler_Hauling,,,,,,,,,,f63f11d3-bbb9-4db6-822b-e4a392823a11,libs/foundry/records/contracts/contracttemplates/haulcargo_multi2tosingle_small_quartz.xml
HaulCargo_Multi2ToSingle_Small_Silicon,ContractClass_Contract,300dcbf0-d201-465b-a7be-af7e15a0a512,MDT,93f265dd-c971-49fe-b87b-96cccaae9362,Hauling,0,0,1,1,0,1,1,1,1,1,0,300,1,Failed,15,1,9,ObjectiveHandler_Hauling,,,,,,,,,,38db6322-ad8d-4395-b796-57db631107e0,libs/foundry/records/contracts/contracttemplates/haulcargo_multi2tosingle_small_silicon.xml
HaulCargo_Multi2ToSingle_Small_Silicon,ContractClass_Contract,300dcbf0-d201-465b-a7be-af7e15a0a512,MDT,93f265dd-c971-49fe-b87b-96cccaae9362,Hauling,0,0,1,1,0,1,1,1,1,1,0,300,1,Failed,15,1,9,ObjectiveHandler_Hauling,,,,,,,,,,38db6322-ad8d-4395-b796-57db631107e0,libs/foundry/records/contracts/contracttemplates/haulcargo_multi2tosingle_small_silicon.xml
HaulCargo_Multi2ToSingle_Small_Waste,ContractClass_Contract,300dcbf0-d201-465b-a7be-af7e15a0a512,MDT,93f265dd-c971-49fe-b87b-96cccaae9362,Hauling,0,0,1,1,0,1,1,1,1,1,0,300,1,Failed,15,1,9,ObjectiveHandler_Hauling,,,,,,,,,,21b62ec0-4c33-44d4-94be-c304b3798b70,libs/foundry/records/contracts/contracttemplates/haulcargo_multi2tosingle_small_waste.xml
HaulCargo_Multi2ToSingle_Small_Waste,ContractClass_Contract,300dcbf0-d201-465b-a7be-af7e15a0a512,MDT,93f265dd-c971-49fe-b87b-96cccaae9362,Hauling,0,0,1,1,0,1,1,1,1,1,0,300,1,Failed,15,1,9,ObjectiveHandler_Hauling,,,,,,,,,,21b62ec0-4c33-44d4-94be-c304b3798b70,libs/foundry/records/contracts/contracttemplates/haulcargo_multi2tosingle_small_waste.xml
HaulCargo_Multi2ToSingle_Small,ContractClass_Contract,300dcbf0-d201-465b-a7be-af7e15a0a512,MDT,93f265dd-c971-49fe-b87b-96cccaae9362,Hauling,0,0,1,1,0,1,1,1,1,1,0,300,1,Failed,15,1,9,ObjectiveHandler_Hauling,,,,,,,,,,8b13f591-8c5f-46cf-bdb3-3052c7f8008b,libs/foundry/records/contracts/contracttemplates/haulcargo_multi2tosingle_small.xml
HaulCargo_Multi2ToSingle_Small,ContractClass_Contract,300dcbf0-d201-465b-a7be-af7e15a0a512,MDT,93f265dd-c971-49fe-b87b-96cccaae9362,Hauling,0,0,1,1,0,1,1,1,1,1,0,300,1,Failed,15,1,9,ObjectiveHandler_Hauling,,,,,,,,,,8b13f591-8c5f-46cf-bdb3-3052c7f8008b,libs/foundry/records/contracts/contracttemplates/haulcargo_multi2tosingle_small.xml
HaulCargo_Multi2ToSingle_Supply_Carbon,ContractClass_Contract,300dcbf0-d201-465b-a7be-af7e15a0a512,MDT,93f265dd-c971-49fe-b87b-96cccaae9362,Hauling,0,0,1,1,0,1,1,1,1,1,0,300,1,Failed,15,1,9,ObjectiveHandler_Hauling,,,,,,,,,,7155c371-795a-47be-82ce-90e0d1cc5f9b,libs/foundry/records/contracts/contracttemplates/haulcargo_multi2tosingle_supply_carbon.xml
HaulCargo_Multi2ToSingle_Supply_Carbon,ContractClass_Contract,300dcbf0-d201-465b-a7be-af7e15a0a512,MDT,93f265dd-c971-49fe-b87b-96cccaae9362,Hauling,0,0,1,1,0,1,1,1,1,1,0,300,1,Failed,15,1,9,ObjectiveHandler_Hauling,,,,,,,,,,7155c371-795a-47be-82ce-90e0d1cc5f9b,libs/foundry/records/contracts/contracttemplates/haulcargo_multi2tosingle_supply_carbon.xml
HaulCargo_Multi2ToSingle_Supply_Potassium,ContractClass_Contract,300dcbf0-d201-465b-a7be-af7e15a0a512,MDT,93f265dd-c971-49fe-b87b-96cccaae9362,Hauling,0,0,1,1,0,1,1,1,1,1,0,300,1,Failed,15,1,9,ObjectiveHandler_Hauling,,,,,,,,,,f669cca1-6a78-45eb-a396-cb089a52a7fa,libs/foundry/records/contracts/contracttemplates/haulcargo_multi2tosingle_supply_potassium.xml
HaulCargo_Multi2ToSingle_Supply_Potassium,ContractClass_Contract,300dcbf0-d201-465b-a7be-af7e15a0a512,MDT,93f265dd-c971-49fe-b87b-96cccaae9362,Hauling,0,0,1,1,0,1,1,1,1,1,0,300,1,Failed,15,1,9,ObjectiveHandler_Hauling,,,,,,,,,,f669cca1-6a78-45eb-a396-cb089a52a7fa,libs/foundry/records/contracts/contracttemplates/haulcargo_multi2tosingle_supply_potassium.xml
HaulCargo_Multi2ToSingle_Supply_Souv,ContractClass_Contract,300dcbf0-d201-465b-a7be-af7e15a0a512,MDT,93f265dd-c971-49fe-b87b-96cccaae9362,Hauling,0,0,1,1,0,1,1,1,1,1,0,300,1,Failed,15,1,9,ObjectiveHandler_Hauling,,,,,,,,,,8305c183-9be9-46b8-90e9-ec5e16ec7df5,libs/foundry/records/contracts/contracttemplates/haulcargo_multi2tosingle_supply_souv.xml
HaulCargo_Multi2ToSingle_Supply_Souv,ContractClass_Contract,300dcbf0-d201-465b-a7be-af7e15a0a512,MDT,93f265dd-c971-49fe-b87b-96cccaae9362,Hauling,0,0,1,1,0,1,1,1,1,1,0,300,1,Failed,15,1,9,ObjectiveHandler_Hauling,,,,,,,,,,8305c183-9be9-46b8-90e9-ec5e16ec7df5,libs/foundry/records/contracts/contracttemplates/haulcargo_multi2tosingle_supply_souv.xml
HaulCargo_Multi2ToSingle_Supply_Waste,ContractClass_Contract,300dcbf0-d201-465b-a7be-af7e15a0a512,MDT,93f265dd-c971-49fe-b87b-96cccaae9362,Hauling,0,0,1,1,0,1,1,1,1,1,0,300,1,Failed,15,1,9,ObjectiveHandler_Hauling,,,,,,,,,,49e2345d-57e6-45de-b80f-f18b610d2931,libs/foundry/records/contracts/contracttemplates/haulcargo_multi2tosingle_supply_waste.xml
HaulCargo_Multi2ToSingle_Supply_Waste,ContractClass_Contract,300dcbf0-d201-465b-a7be-af7e15a0a512,MDT,93f265dd-c971-49fe-b87b-96cccaae9362,Hauling,0,0,1,1,0,1,1,1,1,1,0,300,1,Failed,15,1,9,ObjectiveHandler_Hauling,,,,,,,,,,49e2345d-57e6-45de-b80f-f18b610d2931,libs/foundry/records/contracts/contracttemplates/haulcargo_multi2tosingle_supply_waste.xml
HaulCargo_Multi2ToSingle_Supply,ContractClass_Contract,300dcbf0-d201-465b-a7be-af7e15a0a512,MDT,93f265dd-c971-49fe-b87b-96cccaae9362,Hauling,0,0,1,1,0,1,1,1,1,1,0,300,1,Failed,15,1,9,ObjectiveHandler_Hauling,,,,,,,,,,5fbb28b5-c095-4656-a7c6-9b6b09ccb045,libs/foundry/records/contracts/contracttemplates/haulcargo_multi2tosingle_supply.xml
HaulCargo_Multi2ToSingle_Supply,ContractClass_Contract,300dcbf0-d201-465b-a7be-af7e15a0a512,MDT,93f265dd-c971-49fe-b87b-96cccaae9362,Hauling,0,0,1,1,0,1,1,1,1,1,0,300,1,Failed,15,1,9,ObjectiveHandler_Hauling,,,,,,,,,,5fbb28b5-c095-4656-a7c6-9b6b09ccb045,libs/foundry/records/contracts/contracttemplates/haulcargo_multi2tosingle_supply.xml
HaulCargo_Multi2ToSingle,ContractClass_Contract,300dcbf0-d201-465b-a7be-af7e15a0a512,MDT,93f265dd-c971-49fe-b87b-96cccaae9362,Hauling,0,0,1,1,0,1,1,1,1,1,0,300,1,Failed,15,1,9,ObjectiveHandler_Hauling,,,,,,,,,,99179b63-b37b-47a6-bd12-461ce77c4051,libs/foundry/records/contracts/contracttemplates/haulcargo_multi2tosingle.xml
HaulCargo_Multi2ToSingle,ContractClass_Contract,300dcbf0-d201-465b-a7be-af7e15a0a512,MDT,93f265dd-c971-49fe-b87b-96cccaae9362,Hauling,0,0,1,1,0,1,1,1,1,1,0,300,1,Failed,15,1,9,ObjectiveHandler_Hauling,,,,,,,,,,99179b63-b37b-47a6-bd12-461ce77c4051,libs/foundry/records/contracts/contracttemplates/haulcargo_multi2tosingle.xml
HaulCargo_Multi3ToSingle_Bulk_Carbon,ContractClass_Contract,300dcbf0-d201-465b-a7be-af7e15a0a512,MDT,93f265dd-c971-49fe-b87b-96cccaae9362,Hauling,0,0,1,1,0,1,1,1,1,1,0,300,1,Failed,15,1,10,ObjectiveHandler_Hauling,,,,,,,,,,263251a7-3586-4ec4-addc-5c7cf20e8247,libs/foundry/records/contracts/contracttemplates/haulcargo_multi3tosingle_bulk_carbon.xml
HaulCargo_Multi3ToSingle_Bulk_Carbon,ContractClass_Contract,300dcbf0-d201-465b-a7be-af7e15a0a512,MDT,93f265dd-c971-49fe-b87b-96cccaae9362,Hauling,0,0,1,1,0,1,1,1,1,1,0,300,1,Failed,15,1,10,ObjectiveHandler_Hauling,,,,,,,,,,263251a7-3586-4ec4-addc-5c7cf20e8247,libs/foundry/records/contracts/contracttemplates/haulcargo_multi3tosingle_bulk_carbon.xml
HaulCargo_Multi3ToSingle_Bulk_Potassium,ContractClass_Contract,300dcbf0-d201-465b-a7be-af7e15a0a512,MDT,93f265dd-c971-49fe-b87b-96cccaae9362,Hauling,0,0,1,1,0,1,1,1,1,1,0,300,1,Failed,15,1,10,ObjectiveHandler_Hauling,,,,,,,,,,8c747ef2-b49c-44f7-95ab-3185cccf8c20,libs/foundry/records/contracts/contracttemplates/haulcargo_multi3tosingle_bulk_potassium.xml
HaulCargo_Multi3ToSingle_Bulk_Potassium,ContractClass_Contract,300dcbf0-d201-465b-a7be-af7e15a0a512,MDT,93f265dd-c971-49fe-b87b-96cccaae9362,Hauling,0,0,1,1,0,1,1,1,1,1,0,300,1,Failed,15,1,10,ObjectiveHandler_Hauling,,,,,,,,,,8c747ef2-b49c-44f7-95ab-3185cccf8c20,libs/foundry/records/contracts/contracttemplates/haulcargo_multi3tosingle_bulk_potassium.xml
HaulCargo_Multi3ToSingle_Bulk_Waste,ContractClass_Contract,300dcbf0-d201-465b-a7be-af7e15a0a512,MDT,93f265dd-c971-49fe-b87b-96cccaae9362,Hauling,0,0,1,1,0,1,1,1,1,1,0,300,1,Failed,15,1,10,ObjectiveHandler_Hauling,,,,,,,,,,c5ddd7aa-6794-45c4-a8b0-42a5cbd7061c,libs/foundry/records/contracts/contracttemplates/haulcargo_multi3tosingle_bulk_waste.xml
HaulCargo_Multi3ToSingle_Bulk_Waste,ContractClass_Contract,300dcbf0-d201-465b-a7be-af7e15a0a512,MDT,93f265dd-c971-49fe-b87b-96cccaae9362,Hauling,0,0,1,1,0,1,1,1,1,1,0,300,1,Failed,15,1,10,ObjectiveHandler_Hauling,,,,,,,,,,c5ddd7aa-6794-45c4-a8b0-42a5cbd7061c,libs/foundry/records/contracts/contracttemplates/haulcargo_multi3tosingle_bulk_waste.xml
HaulCargo_Multi3ToSingle_Bulk,ContractClass_Contract,300dcbf0-d201-465b-a7be-af7e15a0a512,MDT,93f265dd-c971-49fe-b87b-96cccaae9362,Hauling,0,0,1,1,0,1,1,1,1,1,0,300,1,Failed,15,1,10,ObjectiveHandler_Hauling,,,,,,,,,,4733761a-a721-4d58-a165-7f9ed5576295,libs/foundry/records/contracts/contracttemplates/haulcargo_multi3tosingle_bulk.xml
HaulCargo_Multi3ToSingle_Bulk,ContractClass_Contract,300dcbf0-d201-465b-a7be-af7e15a0a512,MDT,93f265dd-c971-49fe-b87b-96cccaae9362,Hauling,0,0,1,1,0,1,1,1,1,1,0,300,1,Failed,15,1,10,ObjectiveHandler_Hauling,,,,,,,,,,4733761a-a721-4d58-a165-7f9ed5576295,libs/foundry/records/contracts/contracttemplates/haulcargo_multi3tosingle_bulk.xml
HaulCargo_Multi3ToSingle_Small_Aluminum,ContractClass_Contract,300dcbf0-d201-465b-a7be-af7e15a0a512,MDT,93f265dd-c971-49fe-b87b-96cccaae9362,Hauling,0,0,1,1,0,1,1,1,1,1,0,300,1,Failed,15,1,10,ObjectiveHandler_Hauling,,,,,,,,,,b1861587-9208-4447-946c-b51b4e9d1936,libs/foundry/records/contracts/contracttemplates/haulcargo_multi3tosingle_small_aluminum.xml
HaulCargo_Multi3ToSingle_Small_Aluminum,ContractClass_Contract,300dcbf0-d201-465b-a7be-af7e15a0a512,MDT,93f265dd-c971-49fe-b87b-96cccaae9362,Hauling,0,0,1,1,0,1,1,1,1,1,0,300,1,Failed,15,1,10,ObjectiveHandler_Hauling,,,,,,,,,,b1861587-9208-4447-946c-b51b4e9d1936,libs/foundry/records/contracts/contracttemplates/haulcargo_multi3tosingle_small_aluminum.xml
HaulCargo_Multi3ToSingle_Small_Copper,ContractClass_Contract,300dcbf0-d201-465b-a7be-af7e15a0a512,MDT,93f265dd-c971-49fe-b87b-96cccaae9362,Hauling,0,0,1,1,0,1,1,1,1,1,0,300,1,Failed,15,1,10,ObjectiveHandler_Hauling,,,,,,,,,,d41d4458-5099-4d50-8464-76acb5c5687d,libs/foundry/records/contracts/contracttemplates/haulcargo_multi3tosingle_small_copper.xml
HaulCargo_Multi3ToSingle_Small_Copper,ContractClass_Contract,300dcbf0-d201-465b-a7be-af7e15a0a512,MDT,93f265dd-c971-49fe-b87b-96cccaae9362,Hauling,0,0,1,1,0,1,1,1,1,1,0,300,1,Failed,15,1,10,ObjectiveHandler_Hauling,,,,,,,,,,d41d4458-5099-4d50-8464-76acb5c5687d,libs/foundry/records/contracts/contracttemplates/haulcargo_multi3tosingle_small_copper.xml
HaulCargo_Multi3ToSingle_Small_Hydrogen,ContractClass_Contract,300dcbf0-d201-465b-a7be-af7e15a0a512,MDT,93f265dd-c971-49fe-b87b-96cccaae9362,Hauling,0,0,1,1,0,1,1,1,1,1,0,300,1,Failed,15,1,10,ObjectiveHandler_Hauling,,,,,,,,,,12f2dabb-db35-4223-9939-dc53e179d578,libs/foundry/records/contracts/contracttemplates/haulcargo_multi3tosingle_small_hydrogen.xml
HaulCargo_Multi3ToSingle_Small_Hydrogen,ContractClass_Contract,300dcbf0-d201-465b-a7be-af7e15a0a512,MDT,93f265dd-c971-49fe-b87b-96cccaae9362,Hauling,0,0,1,1,0,1,1,1,1,1,0,300,1,Failed,15,1,10,ObjectiveHandler_Hauling,,,,,,,,,,12f2dabb-db35-4223-9939-dc53e179d578,libs/foundry/records/contracts/contracttemplates/haulcargo_multi3tosingle_small_hydrogen.xml
HaulCargo_Multi3ToSingle_Small_Potassium,ContractClass_Contract,300dcbf0-d201-465b-a7be-af7e15a0a512,MDT,93f265dd-c971-49fe-b87b-96cccaae9362,Hauling,0,0,1,1,0,1,1,1,1,1,0,300,1,Failed,15,1,10,ObjectiveHandler_Hauling,,,,,,,,,,0823dd5a-e543-46ba-a263-b5e41ff14c85,libs/foundry/records/contracts/contracttemplates/haulcargo_multi3tosingle_small_potassium.xml
HaulCargo_Multi3ToSingle_Small_Potassium,ContractClass_Contract,300dcbf0-d201-465b-a7be-af7e15a0a512,MDT,93f265dd-c971-49fe-b87b-96cccaae9362,Hauling,0,0,1,1,0,1,1,1,1,1,0,300,1,Failed,15,1,10,ObjectiveHandler_Hauling,,,,,,,,,,0823dd5a-e543-46ba-a263-b5e41ff14c85,libs/foundry/records/contracts/contracttemplates/haulcargo_multi3tosingle_small_potassium.xml
HaulCargo_Multi3ToSingle_Small_Quartz,ContractClass_Contract,300dcbf0-d201-465b-a7be-af7e15a0a512,MDT,93f265dd-c971-49fe-b87b-96cccaae9362,Hauling,0,0,1,1,0,1,1,1,1,1,0,300,1,Failed,15,1,10,ObjectiveHandler_Hauling,,,,,,,,,,6be87e48-6920-4157-bd98-6762954502a4,libs/foundry/records/contracts/contracttemplates/haulcargo_multi3tosingle_small_quartz.xml
HaulCargo_Multi3ToSingle_Small_Quartz,ContractClass_Contract,300dcbf0-d201-465b-a7be-af7e15a0a512,MDT,93f265dd-c971-49fe-b87b-96cccaae9362,Hauling,0,0,1,1,0,1,1,1,1,1,0,300,1,Failed,15,1,10,ObjectiveHandler_Hauling,,,,,,,,,,6be87e48-6920-4157-bd98-6762954502a4,libs/foundry/records/contracts/contracttemplates/haulcargo_multi3tosingle_small_quartz.xml
HaulCargo_Multi3ToSingle_Small_Silicon,ContractClass_Contract,300dcbf0-d201-465b-a7be-af7e15a0a512,MDT,93f265dd-c971-49fe-b87b-96cccaae9362,Hauling,0,0,1,1,0,1,1,1,1,1,0,300,1,Failed,15,1,10,ObjectiveHandler_Hauling,,,,,,,,,,f76dbc9c-db08-47a1-9d02-49a0aa5782f2,libs/foundry/records/contracts/contracttemplates/haulcargo_multi3tosingle_small_silicon.xml
HaulCargo_Multi3ToSingle_Small_Silicon,ContractClass_Contract,300dcbf0-d201-465b-a7be-af7e15a0a512,MDT,93f265dd-c971-49fe-b87b-96cccaae9362,Hauling,0,0,1,1,0,1,1,1,1,1,0,300,1,Failed,15,1,10,ObjectiveHandler_Hauling,,,,,,,,,,f76dbc9c-db08-47a1-9d02-49a0aa5782f2,libs/foundry/records/contracts/contracttemplates/haulcargo_multi3tosingle_small_silicon.xml
HaulCargo_Multi3ToSingle_Small_Waste,ContractClass_Contract,300dcbf0-d201-465b-a7be-af7e15a0a512,MDT,93f265dd-c971-49fe-b87b-96cccaae9362,Hauling,0,0,1,1,0,1,1,1,1,1,0,300,1,Failed,15,1,10,ObjectiveHandler_Hauling,,,,,,,,,,f3fe54d1-2dc4-4615-bda5-45ab1a48f2bb,libs/foundry/records/contracts/contracttemplates/haulcargo_multi3tosingle_small_waste.xml
HaulCargo_Multi3ToSingle_Small_Waste,ContractClass_Contract,300dcbf0-d201-465b-a7be-af7e15a0a512,MDT,93f265dd-c971-49fe-b87b-96cccaae9362,Hauling,0,0,1,1,0,1,1,1,1,1,0,300,1,Failed,15,1,10,ObjectiveHandler_Hauling,,,,,,,,,,f3fe54d1-2dc4-4615-bda5-45ab1a48f2bb,libs/foundry/records/contracts/contracttemplates/haulcargo_multi3tosingle_small_waste.xml
HaulCargo_Multi3ToSingle_Small,ContractClass_Contract,300dcbf0-d201-465b-a7be-af7e15a0a512,MDT,93f265dd-c971-49fe-b87b-96cccaae9362,Hauling,0,0,1,1,0,1,1,1,1,1,0,300,1,Failed,15,1,10,ObjectiveHandler_Hauling,,,,,,,,,,40498b9e-c157-454b-ac1e-a7204615c564,libs/foundry/records/contracts/contracttemplates/haulcargo_multi3tosingle_small.xml
HaulCargo_Multi3ToSingle_Small,ContractClass_Contract,300dcbf0-d201-465b-a7be-af7e15a0a512,MDT,93f265dd-c971-49fe-b87b-96cccaae9362,Hauling,0,0,1,1,0,1,1,1,1,1,0,300,1,Failed,15,1,10,ObjectiveHandler_Hauling,,,,,,,,,,40498b9e-c157-454b-ac1e-a7204615c564,libs/foundry/records/contracts/contracttemplates/haulcargo_multi3tosingle_small.xml
HaulCargo_Multi3ToSingle_Supply_Carbon,ContractClass_Contract,300dcbf0-d201-465b-a7be-af7e15a0a512,MDT,93f265dd-c971-49fe-b87b-96cccaae9362,Hauling,0,0,1,1,0,1,1,1,1,1,0,300,1,Failed,15,1,10,ObjectiveHandler_Hauling,,,,,,,,,,057d1cb1-251b-4c58-878b-07e85079824a,libs/foundry/records/contracts/contracttemplates/haulcargo_multi3tosingle_supply_carbon.xml
HaulCargo_Multi3ToSingle_Supply_Carbon,ContractClass_Contract,300dcbf0-d201-465b-a7be-af7e15a0a512,MDT,93f265dd-c971-49fe-b87b-96cccaae9362,Hauling,0,0,1,1,0,1,1,1,1,1,0,300,1,Failed,15,1,10,ObjectiveHandler_Hauling,,,,,,,,,,057d1cb1-251b-4c58-878b-07e85079824a,libs/foundry/records/contracts/contracttemplates/haulcargo_multi3tosingle_supply_carbon.xml
HaulCargo_Multi3ToSingle_Supply_Potassium,ContractClass_Contract,300dcbf0-d201-465b-a7be-af7e15a0a512,MDT,93f265dd-c971-49fe-b87b-96cccaae9362,Hauling,0,0,1,1,0,1,1,1,1,1,0,300,1,Failed,15,1,10,ObjectiveHandler_Hauling,,,,,,,,,,f198f782-4959-47f4-8c92-a3739488a73c,libs/foundry/records/contracts/contracttemplates/haulcargo_multi3tosingle_supply_potassium.xml
HaulCargo_Multi3ToSingle_Supply_Potassium,ContractClass_Contract,300dcbf0-d201-465b-a7be-af7e15a0a512,MDT,93f265dd-c971-49fe-b87b-96cccaae9362,Hauling,0,0,1,1,0,1,1,1,1,1,0,300,1,Failed,15,1,10,ObjectiveHandler_Hauling,,,,,,,,,,f198f782-4959-47f4-8c92-a3739488a73c,libs/foundry/records/contracts/contracttemplates/haulcargo_multi3tosingle_supply_potassium.xml
HaulCargo_Multi3ToSingle_Supply_Waste,ContractClass_Contract,300dcbf0-d201-465b-a7be-af7e15a0a512,MDT,93f265dd-c971-49fe-b87b-96cccaae9362,Hauling,0,0,1,1,0,1,1,1,1,1,0,300,1,Failed,15,1,10,ObjectiveHandler_Hauling,,,,,,,,,,1fdf4e80-48c9-45db-b0b5-46115e381693,libs/foundry/records/contracts/contracttemplates/haulcargo_multi3tosingle_supply_waste.xml
HaulCargo_Multi3ToSingle_Supply_Waste,ContractClass_Contract,300dcbf0-d201-465b-a7be-af7e15a0a512,MDT,93f265dd-c971-49fe-b87b-96cccaae9362,Hauling,0,0,1,1,0,1,1,1,1,1,0,300,1,Failed,15,1,10,ObjectiveHandler_Hauling,,,,,,,,,,1fdf4e80-48c9-45db-b0b5-46115e381693,libs/foundry/records/contracts/contracttemplates/haulcargo_multi3tosingle_supply_waste.xml
HaulCargo_Multi3ToSingle_Supply,ContractClass_Contract,300dcbf0-d201-465b-a7be-af7e15a0a512,MDT,93f265dd-c971-49fe-b87b-96cccaae9362,Hauling,0,0,1,1,0,1,1,1,1,1,0,300,1,Failed,15,1,10,ObjectiveHandler_Hauling,,,,,,,,,,8125b177-38e0-4283-a9ff-f61d9d2b05ed,libs/foundry/records/contracts/contracttemplates/haulcargo_multi3tosingle_supply.xml
HaulCargo_Multi3ToSingle_Supply,ContractClass_Contract,300dcbf0-d201-465b-a7be-af7e15a0a512,MDT,93f265dd-c971-49fe-b87b-96cccaae9362,Hauling,0,0,1,1,0,1,1,1,1,1,0,300,1,Failed,15,1,10,ObjectiveHandler_Hauling,,,,,,,,,,8125b177-38e0-4283-a9ff-f61d9d2b05ed,libs/foundry/records/contracts/contracttemplates/haulcargo_multi3tosingle_supply.xml
HaulCargo_Multi3ToSingle,ContractClass_Contract,300dcbf0-d201-465b-a7be-af7e15a0a512,MDT,93f265dd-c971-49fe-b87b-96cccaae9362,Hauling,0,0,1,1,0,1,1,1,1,1,0,300,1,Failed,15,1,10,ObjectiveHandler_Hauling,,,,,,,,,,a4cf16de-1833-4b75-ba50-5ec2310cda4d,libs/foundry/records/contracts/contracttemplates/haulcargo_multi3tosingle.xml
HaulCargo_Multi3ToSingle,ContractClass_Contract,300dcbf0-d201-465b-a7be-af7e15a0a512,MDT,93f265dd-c971-49fe-b87b-96cccaae9362,Hauling,0,0,1,1,0,1,1,1,1,1,0,300,1,Failed,15,1,10,ObjectiveHandler_Hauling,,,,,,,,,,a4cf16de-1833-4b75-ba50-5ec2310cda4d,libs/foundry/records/contracts/contracttemplates/haulcargo_multi3tosingle.xml
HaulCargo_Multi4ToSingle_Bulk_Carbon,ContractClass_Contract,300dcbf0-d201-465b-a7be-af7e15a0a512,MDT,93f265dd-c971-49fe-b87b-96cccaae9362,Hauling,0,0,1,1,0,1,1,1,1,1,0,300,1,Failed,15,1,11,ObjectiveHandler_Hauling,,,,,,,,,,8fa52d00-6ecf-40e0-84e3-614d1809cd3c,libs/foundry/records/contracts/contracttemplates/haulcargo_multi4tosingle_bulk_carbon.xml
HaulCargo_Multi4ToSingle_Bulk_Carbon,ContractClass_Contract,300dcbf0-d201-465b-a7be-af7e15a0a512,MDT,93f265dd-c971-49fe-b87b-96cccaae9362,Hauling,0,0,1,1,0,1,1,1,1,1,0,300,1,Failed,15,1,11,ObjectiveHandler_Hauling,,,,,,,,,,8fa52d00-6ecf-40e0-84e3-614d1809cd3c,libs/foundry/records/contracts/contracttemplates/haulcargo_multi4tosingle_bulk_carbon.xml
HaulCargo_Multi4ToSingle_Bulk_Potassium,ContractClass_Contract,300dcbf0-d201-465b-a7be-af7e15a0a512,MDT,93f265dd-c971-49fe-b87b-96cccaae9362,Hauling,0,0,1,1,0,1,1,1,1,1,0,300,1,Failed,15,1,11,ObjectiveHandler_Hauling,,,,,,,,,,da4fe150-51c2-4f76-bc4b-f111291ebe0e,libs/foundry/records/contracts/contracttemplates/haulcargo_multi4tosingle_bulk_potassium.xml
HaulCargo_Multi4ToSingle_Bulk_Potassium,ContractClass_Contract,300dcbf0-d201-465b-a7be-af7e15a0a512,MDT,93f265dd-c971-49fe-b87b-96cccaae9362,Hauling,0,0,1,1,0,1,1,1,1,1,0,300,1,Failed,15,1,11,ObjectiveHandler_Hauling,,,,,,,,,,da4fe150-51c2-4f76-bc4b-f111291ebe0e,libs/foundry/records/contracts/contracttemplates/haulcargo_multi4tosingle_bulk_potassium.xml
HaulCargo_Multi4ToSingle_Bulk_Waste,ContractClass_Contract,300dcbf0-d201-465b-a7be-af7e15a0a512,MDT,93f265dd-c971-49fe-b87b-96cccaae9362,Hauling,0,0,1,1,0,1,1,1,1,1,0,300,1,Failed,15,1,11,ObjectiveHandler_Hauling,,,,,,,,,,5f2f7251-854d-46fb-83b8-20004db50fb8,libs/foundry/records/contracts/contracttemplates/haulcargo_multi4tosingle_bulk_waste.xml
HaulCargo_Multi4ToSingle_Bulk_Waste,ContractClass_Contract,300dcbf0-d201-465b-a7be-af7e15a0a512,MDT,93f265dd-c971-49fe-b87b-96cccaae9362,Hauling,0,0,1,1,0,1,1,1,1,1,0,300,1,Failed,15,1,11,ObjectiveHandler_Hauling,,,,,,,,,,5f2f7251-854d-46fb-83b8-20004db50fb8,libs/foundry/records/contracts/contracttemplates/haulcargo_multi4tosingle_bulk_waste.xml
HaulCargo_Multi4ToSingle_Bulk,ContractClass_Contract,300dcbf0-d201-465b-a7be-af7e15a0a512,MDT,93f265dd-c971-49fe-b87b-96cccaae9362,Hauling,0,0,1,1,0,1,1,1,1,1,0,300,1,Failed,15,1,11,ObjectiveHandler_Hauling,,,,,,,,,,f09ba85e-df4b-4d25-a0d9-19d108ba2824,libs/foundry/records/contracts/contracttemplates/haulcargo_multi4tosingle_bulk.xml
HaulCargo_Multi4ToSingle_Bulk,ContractClass_Contract,300dcbf0-d201-465b-a7be-af7e15a0a512,MDT,93f265dd-c971-49fe-b87b-96cccaae9362,Hauling,0,0,1,1,0,1,1,1,1,1,0,300,1,Failed,15,1,11,ObjectiveHandler_Hauling,,,,,,,,,,f09ba85e-df4b-4d25-a0d9-19d108ba2824,libs/foundry/records/contracts/contracttemplates/haulcargo_multi4tosingle_bulk.xml
HaulCargo_Multi4ToSingle_Small_Waste,ContractClass_Contract,300dcbf0-d201-465b-a7be-af7e15a0a512,MDT,93f265dd-c971-49fe-b87b-96cccaae9362,Hauling,0,0,1,1,0,1,1,1,1,1,0,300,1,Failed,15,1,11,ObjectiveHandler_Hauling,,,,,,,,,,b7f69553-b796-4a57-bf72-6e3a979320ff,libs/foundry/records/contracts/contracttemplates/haulcargo_multi4tosingle_small_waste.xml
HaulCargo_Multi4ToSingle_Small_Waste,ContractClass_Contract,300dcbf0-d201-465b-a7be-af7e15a0a512,MDT,93f265dd-c971-49fe-b87b-96cccaae9362,Hauling,0,0,1,1,0,1,1,1,1,1,0,300,1,Failed,15,1,11,ObjectiveHandler_Hauling,,,,,,,,,,b7f69553-b796-4a57-bf72-6e3a979320ff,libs/foundry/records/contracts/contracttemplates/haulcargo_multi4tosingle_small_waste.xml
HaulCargo_Multi4ToSingle_Small,ContractClass_Contract,300dcbf0-d201-465b-a7be-af7e15a0a512,MDT,93f265dd-c971-49fe-b87b-96cccaae9362,Hauling,0,0,1,1,0,1,1,1,1,1,0,300,1,Failed,15,1,11,ObjectiveHandler_Hauling,,,,,,,,,,f72fdded-4d7d-4296-8eca-9fca3b516507,libs/foundry/records/contracts/contracttemplates/haulcargo_multi4tosingle_small.xml
HaulCargo_Multi4ToSingle_Small,ContractClass_Contract,300dcbf0-d201-465b-a7be-af7e15a0a512,MDT,93f265dd-c971-49fe-b87b-96cccaae9362,Hauling,0,0,1,1,0,1,1,1,1,1,0,300,1,Failed,15,1,11,ObjectiveHandler_Hauling,,,,,,,,,,f72fdded-4d7d-4296-8eca-9fca3b516507,libs/foundry/records/contracts/contracttemplates/haulcargo_multi4tosingle_small.xml
HaulCargo_Multi4ToSingle_Supply_Carbon,ContractClass_Contract,300dcbf0-d201-465b-a7be-af7e15a0a512,MDT,93f265dd-c971-49fe-b87b-96cccaae9362,Hauling,0,0,1,1,0,1,1,1,1,1,0,300,1,Failed,15,1,11,ObjectiveHandler_Hauling,,,,,,,,,,44a2271f-35fe-497b-8db2-f4a89a37bd8f,libs/foundry/records/contracts/contracttemplates/haulcargo_multi4tosingle_supply_carbon.xml
HaulCargo_Multi4ToSingle_Supply_Carbon,ContractClass_Contract,300dcbf0-d201-465b-a7be-af7e15a0a512,MDT,93f265dd-c971-49fe-b87b-96cccaae9362,Hauling,0,0,1,1,0,1,1,1,1,1,0,300,1,Failed,15,1,11,ObjectiveHandler_Hauling,,,,,,,,,,44a2271f-35fe-497b-8db2-f4a89a37bd8f,libs/foundry/records/contracts/contracttemplates/haulcargo_multi4tosingle_supply_carbon.xml
HaulCargo_Multi4ToSingle_Supply_Potassium,ContractClass_Contract,300dcbf0-d201-465b-a7be-af7e15a0a512,MDT,93f265dd-c971-49fe-b87b-96cccaae9362,Hauling,0,0,1,1,0,1,1,1,1,1,0,300,1,Failed,15,1,11,ObjectiveHandler_Hauling,,,,,,,,,,499b602e-c494-48c6-b328-59c9b4e59d6f,libs/foundry/records/contracts/contracttemplates/haulcargo_multi4tosingle_supply_potassium.xml
HaulCargo_Multi4ToSingle_Supply_Potassium,ContractClass_Contract,300dcbf0-d201-465b-a7be-af7e15a0a512,MDT,93f265dd-c971-49fe-b87b-96cccaae9362,Hauling,0,0,1,1,0,1,1,1,1,1,0,300,1,Failed,15,1,11,ObjectiveHandler_Hauling,,,,,,,,,,499b602e-c494-48c6-b328-59c9b4e59d6f,libs/foundry/records/contracts/contracttemplates/haulcargo_multi4tosingle_supply_potassium.xml
HaulCargo_Multi4ToSingle_Supply_Waste,ContractClass_Contract,300dcbf0-d201-465b-a7be-af7e15a0a512,MDT,93f265dd-c971-49fe-b87b-96cccaae9362,Hauling,0,0,1,1,0,1,1,1,1,1,0,300,1,Failed,15,1,11,ObjectiveHandler_Hauling,,,,,,,,,,84d8e51f-70be-49c5-968d-95f19565e747,libs/foundry/records/contracts/contracttemplates/haulcargo_multi4tosingle_supply_waste.xml
HaulCargo_Multi4ToSingle_Supply_Waste,ContractClass_Contract,300dcbf0-d201-465b-a7be-af7e15a0a512,MDT,93f265dd-c971-49fe-b87b-96cccaae9362,Hauling,0,0,1,1,0,1,1,1,1,1,0,300,1,Failed,15,1,11,ObjectiveHandler_Hauling,,,,,,,,,,84d8e51f-70be-49c5-968d-95f19565e747,libs/foundry/records/contracts/contracttemplates/haulcargo_multi4tosingle_supply_waste.xml
HaulCargo_Multi4ToSingle_Supply,ContractClass_Contract,300dcbf0-d201-465b-a7be-af7e15a0a512,MDT,93f265dd-c971-49fe-b87b-96cccaae9362,Hauling,0,0,1,1,0,1,1,1,1,1,0,300,1,Failed,15,1,11,ObjectiveHandler_Hauling,,,,,,,,,,8c104798-9825-441f-81e0-e9a5c93ee467,libs/foundry/records/contracts/contracttemplates/haulcargo_multi4tosingle_supply.xml
HaulCargo_Multi4ToSingle_Supply,ContractClass_Contract,300dcbf0-d201-465b-a7be-af7e15a0a512,MDT,93f265dd-c971-49fe-b87b-96cccaae9362,Hauling,0,0,1,1,0,1,1,1,1,1,0,300,1,Failed,15,1,11,ObjectiveHandler_Hauling,,,,,,,,,,8c104798-9825-441f-81e0-e9a5c93ee467,libs/foundry/records/contracts/contracttemplates/haulcargo_multi4tosingle_supply.xml
HaulCargo_Multi4ToSingle,ContractClass_Contract,300dcbf0-d201-465b-a7be-af7e15a0a512,MDT,93f265dd-c971-49fe-b87b-96cccaae9362,Hauling,0,0,1,1,0,1,1,1,1,1,0,300,1,Failed,15,1,11,ObjectiveHandler_Hauling,,,,,,,,,,b7a7d0b7-959a-48f6-8b1d-032b204cbc6e,libs/foundry/records/contracts/contracttemplates/haulcargo_multi4tosingle.xml
HaulCargo_Multi4ToSingle,ContractClass_Contract,300dcbf0-d201-465b-a7be-af7e15a0a512,MDT,93f265dd-c971-49fe-b87b-96cccaae9362,Hauling,0,0,1,1,0,1,1,1,1,1,0,300,1,Failed,15,1,11,ObjectiveHandler_Hauling,,,,,,,,,,b7a7d0b7-959a-48f6-8b1d-032b204cbc6e,libs/foundry/records/contracts/contracttemplates/haulcargo_multi4tosingle.xml
HaulCargo_MultiToSingle_2to1_CombatEncounter,ContractClass_Contract,300dcbf0-d201-465b-a7be-af7e15a0a512,MDT,93f265dd-c971-49fe-b87b-96cccaae9362,Hauling,0,0,1,1,0,1,1,1,1,1,0,300,1,Failed,15,2,18,ObjectiveHandler_Hauling | ObjectiveHandler_Local,Libs/Subsumption/Missions/PU/Modules/SpawnShipCombatEncounter/SpawnShipCombatEncounter_ShipLocationDefence.xml,,TravelObjective_Long | TravelObjective_Short,ReturnObjective_Long | ReturnObjective_Short,,,HaulCargo_2_MultiToSingleToken,,,abcfce7e-65a6-4674-a761-19fe7ff64d5f,libs/foundry/records/contracts/contracttemplates/haulcargo_multitosingle_2to1_combatencounter.xml
HaulCargo_MultiToSingle_2to1_CombatEncounter,ContractClass_Contract,300dcbf0-d201-465b-a7be-af7e15a0a512,MDT,93f265dd-c971-49fe-b87b-96cccaae9362,Hauling,0,0,1,1,0,1,1,1,1,1,0,300,1,Failed,15,2,18,ObjectiveHandler_Hauling | ObjectiveHandler_Local,Libs/Subsumption/Missions/PU/Modules/SpawnShipCombatEncounter/SpawnShipCombatEncounter_ShipLocationDefence.xml,,TravelObjective_Long | TravelObjective_Short,ReturnObjective_Long | ReturnObjective_Short,,,HaulCargo_2_MultiToSingleToken,,,abcfce7e-65a6-4674-a761-19fe7ff64d5f,libs/foundry/records/contracts/contracttemplates/haulcargo_multitosingle_2to1_combatencounter.xml
HaulCargo_MultiToSingle_2to1,ContractClass_Contract,300dcbf0-d201-465b-a7be-af7e15a0a512,MDT,93f265dd-c971-49fe-b87b-96cccaae9362,Hauling,0,0,1,1,0,1,1,1,1,1,0,300,1,Failed,15,1,11,ObjectiveHandler_Hauling,,,,,,,HaulCargo_2_MultiToSingleToken,,,61c0a0d0-95c6-45dd-aa7f-2627280fa2bf,libs/foundry/records/contracts/contracttemplates/haulcargo_multitosingle_2to1.xml
HaulCargo_MultiToSingle_2to1,ContractClass_Contract,300dcbf0-d201-465b-a7be-af7e15a0a512,MDT,93f265dd-c971-49fe-b87b-96cccaae9362,Hauling,0,0,1,1,0,1,1,1,1,1,0,300,1,Failed,15,1,11,ObjectiveHandler_Hauling,,,,,,,HaulCargo_2_MultiToSingleToken,,,61c0a0d0-95c6-45dd-aa7f-2627280fa2bf,libs/foundry/records/contracts/contracttemplates/haulcargo_multitosingle_2to1.xml
HaulCargo_MultiToSingle_3to1,ContractClass_Contract,300dcbf0-d201-465b-a7be-af7e15a0a512,MDT,93f265dd-c971-49fe-b87b-96cccaae9362,Hauling,0,0,1,1,0,1,1,1,1,1,0,300,1,Failed,15,1,13,ObjectiveHandler_Hauling,,,,,,,HaulCargo_3_MultiToSingleToken,,,99ec3776-b045-40de-b91e-048b0ee54a8a,libs/foundry/records/contracts/contracttemplates/haulcargo_multitosingle_3to1.xml
HaulCargo_MultiToSingle_3to1,ContractClass_Contract,300dcbf0-d201-465b-a7be-af7e15a0a512,MDT,93f265dd-c971-49fe-b87b-96cccaae9362,Hauling,0,0,1,1,0,1,1,1,1,1,0,300,1,Failed,15,1,13,ObjectiveHandler_Hauling,,,,,,,HaulCargo_3_MultiToSingleToken,,,99ec3776-b045-40de-b91e-048b0ee54a8a,libs/foundry/records/contracts/contracttemplates/haulcargo_multitosingle_3to1.xml
HaulCargo_MultiToSingle_4to1,ContractClass_Contract,300dcbf0-d201-465b-a7be-af7e15a0a512,MDT,93f265dd-c971-49fe-b87b-96cccaae9362,Hauling,0,0,1,1,0,1,1,1,1,1,0,300,1,Failed,15,1,16,ObjectiveHandler_Hauling,,,,,,,HaulCargo_4_MultiToSingleToken,,,b67cf976-ac9e-4678-bb68-ec4b22e04837,libs/foundry/records/contracts/contracttemplates/haulcargo_multitosingle_4to1.xml
HaulCargo_MultiToSingle_4to1,ContractClass_Contract,300dcbf0-d201-465b-a7be-af7e15a0a512,MDT,93f265dd-c971-49fe-b87b-96cccaae9362,Hauling,0,0,1,1,0,1,1,1,1,1,0,300,1,Failed,15,1,16,ObjectiveHandler_Hauling,,,,,,,HaulCargo_4_MultiToSingleToken,,,b67cf976-ac9e-4678-bb68-ec4b22e04837,libs/foundry/records/contracts/contracttemplates/haulcargo_multitosingle_4to1.xml
HaulCargo_MultiToSingle,ContractClass_Contract,300dcbf0-d201-465b-a7be-af7e15a0a512,MDT,93f265dd-c971-49fe-b87b-96cccaae9362,Hauling,0,0,1,1,0,1,1,1,1,1,0,300,1,Failed,15,1,6,ObjectiveHandler_Hauling,,,,,,,,,,e6f11fd4-4e58-4632-a930-5c15f899f962,libs/foundry/records/contracts/contracttemplates/haulcargo_multitosingle.xml
HaulCargo_MultiToSingle,ContractClass_Contract,300dcbf0-d201-465b-a7be-af7e15a0a512,MDT,93f265dd-c971-49fe-b87b-96cccaae9362,Hauling,0,0,1,1,0,1,1,1,1,1,0,300,1,Failed,15,1,6,ObjectiveHandler_Hauling,,,,,,,,,,e6f11fd4-4e58-4632-a930-5c15f899f962,libs/foundry/records/contracts/contracttemplates/haulcargo_multitosingle.xml
HaulCargo_OpenDelivery,ContractClass_Contract,300dcbf0-d201-465b-a7be-af7e15a0a512,MDT,93f265dd-c971-49fe-b87b-96cccaae9362,Hauling,0,1,1,0,0,0,1,0,1,1,0,0,0,Failed,0,1,6,ObjectiveHandler_Hauling,,,,,,,,,,436846f0-d577-40c2-84c6-3004d53f922b,libs/foundry/records/contracts/contracttemplates/haulcargo_opendelivery.xml
HaulCargo_OpenDelivery,ContractClass_Contract,300dcbf0-d201-465b-a7be-af7e15a0a512,MDT,93f265dd-c971-49fe-b87b-96cccaae9362,Hauling,0,1,1,0,0,0,1,0,1,1,0,0,0,Failed,0,1,6,ObjectiveHandler_Hauling,,,,,,,,,,436846f0-d577-40c2-84c6-3004d53f922b,libs/foundry/records/contracts/contracttemplates/haulcargo_opendelivery.xml
HaulCargo_SingleToMulti_1to2_CombatEncounter,ContractClass_Contract,300dcbf0-d201-465b-a7be-af7e15a0a512,MDT,93f265dd-c971-49fe-b87b-96cccaae9362,Hauling,0,0,1,1,0,1,1,1,1,1,0,300,1,Failed,15,3,25,ObjectiveHandler_Hauling | ObjectiveHandler_Local,Libs/Subsumption/Missions/PU/Modules/SpawnShipCombatEncounter/SpawnShipCombatEncounter_ShipLocationDefence.xml,,TravelObjective_Long | TravelObjective_Short,ReturnObjective_Long | ReturnObjective_Short,,,HaulCargo_2_SingleToMultiToken,,,8bb310d9-f6c6-4b9b-b022-00d8c1b746d8,libs/foundry/records/contracts/contracttemplates/haulcargo_singletomulti_1to2_combatencounter.xml
HaulCargo_SingleToMulti_1to2_CombatEncounter,ContractClass_Contract,300dcbf0-d201-465b-a7be-af7e15a0a512,MDT,93f265dd-c971-49fe-b87b-96cccaae9362,Hauling,0,0,1,1,0,1,1,1,1,1,0,300,1,Failed,15,3,25,ObjectiveHandler_Hauling | ObjectiveHandler_Local,Libs/Subsumption/Missions/PU/Modules/SpawnShipCombatEncounter/SpawnShipCombatEncounter_ShipLocationDefence.xml,,TravelObjective_Long | TravelObjective_Short,ReturnObjective_Long | ReturnObjective_Short,,,HaulCargo_2_SingleToMultiToken,,,8bb310d9-f6c6-4b9b-b022-00d8c1b746d8,libs/foundry/records/contracts/contracttemplates/haulcargo_singletomulti_1to2_combatencounter.xml
HaulCargo_SingleToMulti_1to2,ContractClass_Contract,300dcbf0-d201-465b-a7be-af7e15a0a512,MDT,93f265dd-c971-49fe-b87b-96cccaae9362,Hauling,0,0,1,1,0,1,1,1,1,1,0,300,1,Failed,15,1,11,ObjectiveHandler_Hauling,,,,,,,HaulCargo_2_SingleToMultiToken,,,6ccca55d-0b84-42b7-a9bd-96b48e3f7839,libs/foundry/records/contracts/contracttemplates/haulcargo_singletomulti_1to2.xml
HaulCargo_SingleToMulti_1to2,ContractClass_Contract,300dcbf0-d201-465b-a7be-af7e15a0a512,MDT,93f265dd-c971-49fe-b87b-96cccaae9362,Hauling,0,0,1,1,0,1,1,1,1,1,0,300,1,Failed,15,1,11,ObjectiveHandler_Hauling,,,,,,,HaulCargo_2_SingleToMultiToken,,,6ccca55d-0b84-42b7-a9bd-96b48e3f7839,libs/foundry/records/contracts/contracttemplates/haulcargo_singletomulti_1to2.xml
HaulCargo_SingleToMulti_1to3_CombatEncounter,ContractClass_Contract,300dcbf0-d201-465b-a7be-af7e15a0a512,MDT,93f265dd-c971-49fe-b87b-96cccaae9362,Hauling,0,0,1,1,0,1,1,1,1,1,0,300,1,Failed,15,4,37,ObjectiveHandler_Hauling | ObjectiveHandler_Local,Libs/Subsumption/Missions/PU/Modules/SpawnShipCombatEncounter/SpawnShipCombatEncounter_ShipLocationDefence.xml,,TravelObjective_Long | TravelObjective_Short,ReturnObjective_Long | ReturnObjective_Short,,,HaulCargo_3_SingleToMultiToken,,,57f4df8b-35d3-4436-ab47-7479ac579175,libs/foundry/records/contracts/contracttemplates/haulcargo_singletomulti_1to3_combatencounter.xml
HaulCargo_SingleToMulti_1to3_CombatEncounter,ContractClass_Contract,300dcbf0-d201-465b-a7be-af7e15a0a512,MDT,93f265dd-c971-49fe-b87b-96cccaae9362,Hauling,0,0,1,1,0,1,1,1,1,1,0,300,1,Failed,15,4,37,ObjectiveHandler_Hauling | ObjectiveHandler_Local,Libs/Subsumption/Missions/PU/Modules/SpawnShipCombatEncounter/SpawnShipCombatEncounter_ShipLocationDefence.xml,,TravelObjective_Long | TravelObjective_Short,ReturnObjective_Long | ReturnObjective_Short,,,HaulCargo_3_SingleToMultiToken,,,57f4df8b-35d3-4436-ab47-7479ac579175,libs/foundry/records/contracts/contracttemplates/haulcargo_singletomulti_1to3_combatencounter.xml
HaulCargo_SingleToMulti_1to3,ContractClass_Contract,300dcbf0-d201-465b-a7be-af7e15a0a512,MDT,93f265dd-c971-49fe-b87b-96cccaae9362,Hauling,0,0,1,1,0,1,1,1,1,1,0,300,1,Failed,15,1,16,ObjectiveHandler_Hauling,,,,,,,HaulCargo_3_SingleToMultiToken,,,76e3338a-6069-47d2-af22-3082ed017982,libs/foundry/records/contracts/contracttemplates/haulcargo_singletomulti_1to3.xml
HaulCargo_SingleToMulti_1to3,ContractClass_Contract,300dcbf0-d201-465b-a7be-af7e15a0a512,MDT,93f265dd-c971-49fe-b87b-96cccaae9362,Hauling,0,0,1,1,0,1,1,1,1,1,0,300,1,Failed,15,1,16,ObjectiveHandler_Hauling,,,,,,,HaulCargo_3_SingleToMultiToken,,,76e3338a-6069-47d2-af22-3082ed017982,libs/foundry/records/contracts/contracttemplates/haulcargo_singletomulti_1to3.xml
HaulCargo_SingleToMulti_1to4_CombatEncounter,ContractClass_Contract,300dcbf0-d201-465b-a7be-af7e15a0a512,MDT,93f265dd-c971-49fe-b87b-96cccaae9362,Hauling,0,0,1,1,0,1,1,1,1,1,0,300,1,Failed,15,5,46,ObjectiveHandler_Hauling | ObjectiveHandler_Local,Libs/Subsumption/Missions/PU/Modules/SpawnShipCombatEncounter/SpawnShipCombatEncounter_ShipLocationDefence.xml,,TravelObjective_Long | TravelObjective_Short,ReturnObjective_Long | ReturnObjective_Short,,,HaulCargo_4_SingleToMultiToken,,,5d7d061b-734b-4309-9a5f-b4cf13a95111,libs/foundry/records/contracts/contracttemplates/haulcargo_singletomulti_1to4_combatencounter.xml
HaulCargo_SingleToMulti_1to4_CombatEncounter,ContractClass_Contract,300dcbf0-d201-465b-a7be-af7e15a0a512,MDT,93f265dd-c971-49fe-b87b-96cccaae9362,Hauling,0,0,1,1,0,1,1,1,1,1,0,300,1,Failed,15,5,46,ObjectiveHandler_Hauling | ObjectiveHandler_Local,Libs/Subsumption/Missions/PU/Modules/SpawnShipCombatEncounter/SpawnShipCombatEncounter_ShipLocationDefence.xml,,TravelObjective_Long | TravelObjective_Short,ReturnObjective_Long | ReturnObjective_Short,,,HaulCargo_4_SingleToMultiToken,,,5d7d061b-734b-4309-9a5f-b4cf13a95111,libs/foundry/records/contracts/contracttemplates/haulcargo_singletomulti_1to4_combatencounter.xml
HaulCargo_SingleToMulti_1to4,ContractClass_Contract,300dcbf0-d201-465b-a7be-af7e15a0a512,MDT,93f265dd-c971-49fe-b87b-96cccaae9362,Hauling,0,0,1,1,0,1,1,1,1,1,0,300,1,Failed,15,1,18,ObjectiveHandler_Hauling,,,,,,,HaulCargo_4_SingleToMultiToken,,,65ae3197-bc97-49ef-966c-cd2e4ea97684,libs/foundry/records/contracts/contracttemplates/haulcargo_singletomulti_1to4.xml
HaulCargo_SingleToMulti_1to4,ContractClass_Contract,300dcbf0-d201-465b-a7be-af7e15a0a512,MDT,93f265dd-c971-49fe-b87b-96cccaae9362,Hauling,0,0,1,1,0,1,1,1,1,1,0,300,1,Failed,15,1,18,ObjectiveHandler_Hauling,,,,,,,HaulCargo_4_SingleToMultiToken,,,65ae3197-bc97-49ef-966c-cd2e4ea97684,libs/foundry/records/contracts/contracttemplates/haulcargo_singletomulti_1to4.xml
HaulCargo_SingleToMulti,ContractClass_Contract,300dcbf0-d201-465b-a7be-af7e15a0a512,MDT,93f265dd-c971-49fe-b87b-96cccaae9362,Hauling,0,0,1,1,0,1,1,1,1,1,0,300,1,Failed,15,1,6,ObjectiveHandler_Hauling,,,,,,,,,,efa23293-c3f1-461f-bddd-a3260ff7e460,libs/foundry/records/contracts/contracttemplates/haulcargo_singletomulti.xml
HaulCargo_SingleToMulti,ContractClass_Contract,300dcbf0-d201-465b-a7be-af7e15a0a512,MDT,93f265dd-c971-49fe-b87b-96cccaae9362,Hauling,0,0,1,1,0,1,1,1,1,1,0,300,1,Failed,15,1,6,ObjectiveHandler_Hauling,,,,,,,,,,efa23293-c3f1-461f-bddd-a3260ff7e460,libs/foundry/records/contracts/contracttemplates/haulcargo_singletomulti.xml
HaulCargo_SingleToMulti2_Bulk_Waste,ContractClass_Contract,300dcbf0-d201-465b-a7be-af7e15a0a512,MDT,93f265dd-c971-49fe-b87b-96cccaae9362,Hauling,0,0,1,1,0,1,1,1,1,1,0,300,1,Failed,15,1,9,ObjectiveHandler_Hauling,,,,,,,,,,b9ef1e1f-e01d-4146-91a3-c35fc70016fc,libs/foundry/records/contracts/contracttemplates/haulcargo_singletomulti2_bulk_waste.xml
HaulCargo_SingleToMulti2_Bulk_Waste,ContractClass_Contract,300dcbf0-d201-465b-a7be-af7e15a0a512,MDT,93f265dd-c971-49fe-b87b-96cccaae9362,Hauling,0,0,1,1,0,1,1,1,1,1,0,300,1,Failed,15,1,9,ObjectiveHandler_Hauling,,,,,,,,,,b9ef1e1f-e01d-4146-91a3-c35fc70016fc,libs/foundry/records/contracts/contracttemplates/haulcargo_singletomulti2_bulk_waste.xml
HaulCargo_SingleToMulti2_Bulk,ContractClass_Contract,300dcbf0-d201-465b-a7be-af7e15a0a512,MDT,93f265dd-c971-49fe-b87b-96cccaae9362,Hauling,0,0,1,1,0,1,1,1,1,1,0,300,1,Failed,15,1,9,ObjectiveHandler_Hauling,,,,,,,,,,6af559d5-fb4d-4bcb-a12e-4a813d65c2cd,libs/foundry/records/contracts/contracttemplates/haulcargo_singletomulti2_bulk.xml
HaulCargo_SingleToMulti2_Bulk,ContractClass_Contract,300dcbf0-d201-465b-a7be-af7e15a0a512,MDT,93f265dd-c971-49fe-b87b-96cccaae9362,Hauling,0,0,1,1,0,1,1,1,1,1,0,300,1,Failed,15,1,9,ObjectiveHandler_Hauling,,,,,,,,,,6af559d5-fb4d-4bcb-a12e-4a813d65c2cd,libs/foundry/records/contracts/contracttemplates/haulcargo_singletomulti2_bulk.xml
HaulCargo_SingleToMulti2_Small_AgriculturalSupplies,ContractClass_Contract,300dcbf0-d201-465b-a7be-af7e15a0a512,MDT,93f265dd-c971-49fe-b87b-96cccaae9362,Hauling,0,0,1,1,0,1,1,1,1,1,0,300,1,Failed,15,1,9,ObjectiveHandler_Hauling,,,,,,,,,,5f3ec30a-5e89-4b51-8793-30ff89960f1d,libs/foundry/records/contracts/contracttemplates/haulcargo_singletomulti2_small_agriculturalsupplies.xml
HaulCargo_SingleToMulti2_Small_AgriculturalSupplies,ContractClass_Contract,300dcbf0-d201-465b-a7be-af7e15a0a512,MDT,93f265dd-c971-49fe-b87b-96cccaae9362,Hauling,0,0,1,1,0,1,1,1,1,1,0,300,1,Failed,15,1,9,ObjectiveHandler_Hauling,,,,,,,,,,5f3ec30a-5e89-4b51-8793-30ff89960f1d,libs/foundry/records/contracts/contracttemplates/haulcargo_singletomulti2_small_agriculturalsupplies.xml
HaulCargo_SingleToMulti2_Small_Carbon,ContractClass_Contract,300dcbf0-d201-465b-a7be-af7e15a0a512,MDT,93f265dd-c971-49fe-b87b-96cccaae9362,Hauling,0,0,1,1,0,1,1,1,1,1,0,300,1,Failed,15,1,9,ObjectiveHandler_Hauling,,,,,,,,,,95f635a8-ae65-4ea6-a3ef-b571dd3e59f0,libs/foundry/records/contracts/contracttemplates/haulcargo_singletomulti2_small_carbon.xml
HaulCargo_SingleToMulti2_Small_Carbon,ContractClass_Contract,300dcbf0-d201-465b-a7be-af7e15a0a512,MDT,93f265dd-c971-49fe-b87b-96cccaae9362,Hauling,0,0,1,1,0,1,1,1,1,1,0,300,1,Failed,15,1,9,ObjectiveHandler_Hauling,,,,,,,,,,95f635a8-ae65-4ea6-a3ef-b571dd3e59f0,libs/foundry/records/contracts/contracttemplates/haulcargo_singletomulti2_small_carbon.xml
HaulCargo_SingleToMulti2_Small_Copper,ContractClass_Contract,300dcbf0-d201-465b-a7be-af7e15a0a512,MDT,93f265dd-c971-49fe-b87b-96cccaae9362,Hauling,0,0,1,1,0,1,1,1,1,1,0,300,1,Failed,15,1,9,ObjectiveHandler_Hauling,,,,,,,,,,76592f77-9723-4d3c-87d0-a152a701d732,libs/foundry/records/contracts/contracttemplates/haulcargo_singletomulti2_small_copper.xml
HaulCargo_SingleToMulti2_Small_Copper,ContractClass_Contract,300dcbf0-d201-465b-a7be-af7e15a0a512,MDT,93f265dd-c971-49fe-b87b-96cccaae9362,Hauling,0,0,1,1,0,1,1,1,1,1,0,300,1,Failed,15,1,9,ObjectiveHandler_Hauling,,,,,,,,,,76592f77-9723-4d3c-87d0-a152a701d732,libs/foundry/records/contracts/contracttemplates/haulcargo_singletomulti2_small_copper.xml
HaulCargo_SingleToMulti2_Small_Hydrogen,ContractClass_Contract,300dcbf0-d201-465b-a7be-af7e15a0a512,MDT,93f265dd-c971-49fe-b87b-96cccaae9362,Hauling,0,0,1,1,0,1,1,1,1,1,0,300,1,Failed,15,1,9,ObjectiveHandler_Hauling,,,,,,,,,,76eea570-8716-4093-83ee-8641d8d2288b,libs/foundry/records/contracts/contracttemplates/haulcargo_singletomulti2_small_hydrogen.xml
HaulCargo_SingleToMulti2_Small_Hydrogen,ContractClass_Contract,300dcbf0-d201-465b-a7be-af7e15a0a512,MDT,93f265dd-c971-49fe-b87b-96cccaae9362,Hauling,0,0,1,1,0,1,1,1,1,1,0,300,1,Failed,15,1,9,ObjectiveHandler_Hauling,,,,,,,,,,76eea570-8716-4093-83ee-8641d8d2288b,libs/foundry/records/contracts/contracttemplates/haulcargo_singletomulti2_small_hydrogen.xml
HaulCargo_SingleToMulti2_Small_ProcessedFood,ContractClass_Contract,300dcbf0-d201-465b-a7be-af7e15a0a512,MDT,93f265dd-c971-49fe-b87b-96cccaae9362,Hauling,0,0,1,1,0,1,1,1,1,1,0,300,1,Failed,15,1,9,ObjectiveHandler_Hauling,,,,,,,,,,edb12abb-4527-4b56-960e-e67818cfe59d,libs/foundry/records/contracts/contracttemplates/haulcargo_singletomulti2_small_processedfood.xml
HaulCargo_SingleToMulti2_Small_ProcessedFood,ContractClass_Contract,300dcbf0-d201-465b-a7be-af7e15a0a512,MDT,93f265dd-c971-49fe-b87b-96cccaae9362,Hauling,0,0,1,1,0,1,1,1,1,1,0,300,1,Failed,15,1,9,ObjectiveHandler_Hauling,,,,,,,,,,edb12abb-4527-4b56-960e-e67818cfe59d,libs/foundry/records/contracts/contracttemplates/haulcargo_singletomulti2_small_processedfood.xml
HaulCargo_SingleToMulti2_Small_Quartz,ContractClass_Contract,300dcbf0-d201-465b-a7be-af7e15a0a512,MDT,93f265dd-c971-49fe-b87b-96cccaae9362,Hauling,0,0,1,1,0,1,1,1,1,1,0,300,1,Failed,15,1,9,ObjectiveHandler_Hauling,,,,,,,,,,bd6b1354-38c2-42f4-9c03-ef2674eb8953,libs/foundry/records/contracts/contracttemplates/haulcargo_singletomulti2_small_quartz.xml
HaulCargo_SingleToMulti2_Small_Quartz,ContractClass_Contract,300dcbf0-d201-465b-a7be-af7e15a0a512,MDT,93f265dd-c971-49fe-b87b-96cccaae9362,Hauling,0,0,1,1,0,1,1,1,1,1,0,300,1,Failed,15,1,9,ObjectiveHandler_Hauling,,,,,,,,,,bd6b1354-38c2-42f4-9c03-ef2674eb8953,libs/foundry/records/contracts/contracttemplates/haulcargo_singletomulti2_small_quartz.xml
HaulCargo_SingleToMulti2_Small,ContractClass_Contract,300dcbf0-d201-465b-a7be-af7e15a0a512,MDT,93f265dd-c971-49fe-b87b-96cccaae9362,Hauling,0,0,1,1,0,1,1,1,1,1,0,300,1,Failed,15,1,9,ObjectiveHandler_Hauling,,,,,,,,,,fe047f2b-6e47-448b-8e54-0ffb4e879ef4,libs/foundry/records/contracts/contracttemplates/haulcargo_singletomulti2_small.xml
HaulCargo_SingleToMulti2_Small,ContractClass_Contract,300dcbf0-d201-465b-a7be-af7e15a0a512,MDT,93f265dd-c971-49fe-b87b-96cccaae9362,Hauling,0,0,1,1,0,1,1,1,1,1,0,300,1,Failed,15,1,9,ObjectiveHandler_Hauling,,,,,,,,,,fe047f2b-6e47-448b-8e54-0ffb4e879ef4,libs/foundry/records/contracts/contracttemplates/haulcargo_singletomulti2_small.xml
HaulCargo_SingleToMulti2_Supply_Carbon,ContractClass_Contract,300dcbf0-d201-465b-a7be-af7e15a0a512,MDT,93f265dd-c971-49fe-b87b-96cccaae9362,Hauling,0,0,1,1,0,1,1,1,1,1,0,300,1,Failed,15,1,9,ObjectiveHandler_Hauling,,,,,,,,,,d63b31db-9119-41d3-a2a6-5821953503ad,libs/foundry/records/contracts/contracttemplates/haulcargo_singletomulti2_supply_carbon.xml
HaulCargo_SingleToMulti2_Supply_Carbon,ContractClass_Contract,300dcbf0-d201-465b-a7be-af7e15a0a512,MDT,93f265dd-c971-49fe-b87b-96cccaae9362,Hauling,0,0,1,1,0,1,1,1,1,1,0,300,1,Failed,15,1,9,ObjectiveHandler_Hauling,,,,,,,,,,d63b31db-9119-41d3-a2a6-5821953503ad,libs/foundry/records/contracts/contracttemplates/haulcargo_singletomulti2_supply_carbon.xml
HaulCargo_SingleToMulti2_Supply_Potassium,ContractClass_Contract,300dcbf0-d201-465b-a7be-af7e15a0a512,MDT,93f265dd-c971-49fe-b87b-96cccaae9362,Hauling,0,0,1,1,0,1,1,1,1,1,0,300,1,Failed,15,1,9,ObjectiveHandler_Hauling,,,,,,,,,,6d04c6e1-0c58-45ac-a094-4450d0ec6700,libs/foundry/records/contracts/contracttemplates/haulcargo_singletomulti2_supply_potassium.xml
HaulCargo_SingleToMulti2_Supply_Potassium,ContractClass_Contract,300dcbf0-d201-465b-a7be-af7e15a0a512,MDT,93f265dd-c971-49fe-b87b-96cccaae9362,Hauling,0,0,1,1,0,1,1,1,1,1,0,300,1,Failed,15,1,9,ObjectiveHandler_Hauling,,,,,,,,,,6d04c6e1-0c58-45ac-a094-4450d0ec6700,libs/foundry/records/contracts/contracttemplates/haulcargo_singletomulti2_supply_potassium.xml
HaulCargo_SingleToMulti2_Supply_Waste,ContractClass_Contract,300dcbf0-d201-465b-a7be-af7e15a0a512,MDT,93f265dd-c971-49fe-b87b-96cccaae9362,Hauling,0,0,1,1,0,1,1,1,1,1,0,300,1,Failed,15,1,9,ObjectiveHandler_Hauling,,,,,,,,,,d23553bc-01c3-4019-9bcc-b8ea4af5fd67,libs/foundry/records/contracts/contracttemplates/haulcargo_singletomulti2_supply_waste.xml
HaulCargo_SingleToMulti2_Supply_Waste,ContractClass_Contract,300dcbf0-d201-465b-a7be-af7e15a0a512,MDT,93f265dd-c971-49fe-b87b-96cccaae9362,Hauling,0,0,1,1,0,1,1,1,1,1,0,300,1,Failed,15,1,9,ObjectiveHandler_Hauling,,,,,,,,,,d23553bc-01c3-4019-9bcc-b8ea4af5fd67,libs/foundry/records/contracts/contracttemplates/haulcargo_singletomulti2_supply_waste.xml
HaulCargo_SingleToMulti2_Supply,ContractClass_Contract,300dcbf0-d201-465b-a7be-af7e15a0a512,MDT,93f265dd-c971-49fe-b87b-96cccaae9362,Hauling,0,0,1,1,0,1,1,1,1,1,0,300,1,Failed,15,1,9,ObjectiveHandler_Hauling,,,,,,,,,,a3fc58b1-a5b5-4bc6-9595-36e59a2d34ec,libs/foundry/records/contracts/contracttemplates/haulcargo_singletomulti2_supply.xml
HaulCargo_SingleToMulti2_Supply,ContractClass_Contract,300dcbf0-d201-465b-a7be-af7e15a0a512,MDT,93f265dd-c971-49fe-b87b-96cccaae9362,Hauling,0,0,1,1,0,1,1,1,1,1,0,300,1,Failed,15,1,9,ObjectiveHandler_Hauling,,,,,,,,,,a3fc58b1-a5b5-4bc6-9595-36e59a2d34ec,libs/foundry/records/contracts/contracttemplates/haulcargo_singletomulti2_supply.xml
HaulCargo_SingleToMulti2,ContractClass_Contract,300dcbf0-d201-465b-a7be-af7e15a0a512,MDT,93f265dd-c971-49fe-b87b-96cccaae9362,Hauling,0,0,1,1,0,1,1,1,1,1,0,300,1,Failed,15,1,9,ObjectiveHandler_Hauling,,,,,,,,,,11ccc24b-00ca-41fc-b051-af375602d819,libs/foundry/records/contracts/contracttemplates/haulcargo_singletomulti2.xml
HaulCargo_SingleToMulti2,ContractClass_Contract,300dcbf0-d201-465b-a7be-af7e15a0a512,MDT,93f265dd-c971-49fe-b87b-96cccaae9362,Hauling,0,0,1,1,0,1,1,1,1,1,0,300,1,Failed,15,1,9,ObjectiveHandler_Hauling,,,,,,,,,,11ccc24b-00ca-41fc-b051-af375602d819,libs/foundry/records/contracts/contracttemplates/haulcargo_singletomulti2.xml
HaulCargo_SingleToMulti3_Bulk_Waste,ContractClass_Contract,300dcbf0-d201-465b-a7be-af7e15a0a512,MDT,93f265dd-c971-49fe-b87b-96cccaae9362,Hauling,0,0,1,1,0,1,1,1,1,1,0,300,1,Failed,15,1,10,ObjectiveHandler_Hauling,,,,,,,,,,dfca72ae-147f-45a0-8c54-82eb86bef675,libs/foundry/records/contracts/contracttemplates/haulcargo_singletomulti3_bulk_waste.xml
HaulCargo_SingleToMulti3_Bulk_Waste,ContractClass_Contract,300dcbf0-d201-465b-a7be-af7e15a0a512,MDT,93f265dd-c971-49fe-b87b-96cccaae9362,Hauling,0,0,1,1,0,1,1,1,1,1,0,300,1,Failed,15,1,10,ObjectiveHandler_Hauling,,,,,,,,,,dfca72ae-147f-45a0-8c54-82eb86bef675,libs/foundry/records/contracts/contracttemplates/haulcargo_singletomulti3_bulk_waste.xml
HaulCargo_SingleToMulti3_Bulk,ContractClass_Contract,300dcbf0-d201-465b-a7be-af7e15a0a512,MDT,93f265dd-c971-49fe-b87b-96cccaae9362,Hauling,0,0,1,1,0,1,1,1,1,1,0,300,1,Failed,15,1,10,ObjectiveHandler_Hauling,,,,,,,,,,bfe3be58-f03c-4b02-8552-82f046ce6b0f,libs/foundry/records/contracts/contracttemplates/haulcargo_singletomulti3_bulk.xml
HaulCargo_SingleToMulti3_Bulk,ContractClass_Contract,300dcbf0-d201-465b-a7be-af7e15a0a512,MDT,93f265dd-c971-49fe-b87b-96cccaae9362,Hauling,0,0,1,1,0,1,1,1,1,1,0,300,1,Failed,15,1,10,ObjectiveHandler_Hauling,,,,,,,,,,bfe3be58-f03c-4b02-8552-82f046ce6b0f,libs/foundry/records/contracts/contracttemplates/haulcargo_singletomulti3_bulk.xml
HaulCargo_SingleToMulti3_Medium_Mixed_AgriSuppsHydroFuelPressIceConstrMats,ContractClass_Contract,300dcbf0-d201-465b-a7be-af7e15a0a512,MDT,67d6f865-1e95-4652-91ba-6cbdc720c7fe,Hauling_Solar,0,0,1,1,0,1,1,1,1,1,0,300,1,Failed,15,4,31,ObjectiveHandler_Hauling | ObjectiveHandler_Local,Libs/Subsumption/Missions/PU/Modules/SpawnShipCombatEncounter/SpawnShipCombatEncounter_ShipLocationDefence.xml,,TravelObjective_Long | TravelObjective_Short,ReturnObjective_Long | ReturnObjective_Short,,,FreightElevator_8SCU | HaulCargo_3_SingleToMultiToken | HaulCargo_CargoScale_Medium,,,b3c8fab5-9f00-4bf0-bbef-c9c5e4b1205c,libs/foundry/records/contracts/contracttemplates/haulcargo_singletomulti3_medium_mixed_agrisuppshydrofuelpressiceconstrmats.xml
HaulCargo_SingleToMulti3_Medium_Mixed_AgriSuppsHydroFuelPressIceConstrMats,ContractClass_Contract,300dcbf0-d201-465b-a7be-af7e15a0a512,MDT,67d6f865-1e95-4652-91ba-6cbdc720c7fe,Hauling_Solar,0,0,1,1,0,1,1,1,1,1,0,300,1,Failed,15,4,31,ObjectiveHandler_Hauling | ObjectiveHandler_Local,Libs/Subsumption/Missions/PU/Modules/SpawnShipCombatEncounter/SpawnShipCombatEncounter_ShipLocationDefence.xml,,TravelObjective_Long | TravelObjective_Short,ReturnObjective_Long | ReturnObjective_Short,,,FreightElevator_8SCU | HaulCargo_3_SingleToMultiToken | HaulCargo_CargoScale_Medium,,,b3c8fab5-9f00-4bf0-bbef-c9c5e4b1205c,libs/foundry/records/contracts/contracttemplates/haulcargo_singletomulti3_medium_mixed_agrisuppshydrofuelpressiceconstrmats.xml
HaulCargo_SingleToMulti3_Medium,ContractClass_Contract,300dcbf0-d201-465b-a7be-af7e15a0a512,MDT,93f265dd-c971-49fe-b87b-96cccaae9362,Hauling,0,0,1,1,0,1,1,1,1,1,0,300,1,Failed,15,1,10,ObjectiveHandler_Hauling,,,,,,,FreightElevator_8SCU | HaulCargo_3_SingleToMultiToken | HaulCargo_CargoScale_Medium,,,fb2be70e-64f8-4181-8546-28eba4727256,libs/foundry/records/contracts/contracttemplates/haulcargo_singletomulti3_medium.xml
HaulCargo_SingleToMulti3_Medium,ContractClass_Contract,300dcbf0-d201-465b-a7be-af7e15a0a512,MDT,93f265dd-c971-49fe-b87b-96cccaae9362,Hauling,0,0,1,1,0,1,1,1,1,1,0,300,1,Failed,15,1,10,ObjectiveHandler_Hauling,,,,,,,FreightElevator_8SCU | HaulCargo_3_SingleToMultiToken | HaulCargo_CargoScale_Medium,,,fb2be70e-64f8-4181-8546-28eba4727256,libs/foundry/records/contracts/contracttemplates/haulcargo_singletomulti3_medium.xml
HaulCargo_SingleToMulti3_Small_Copper,ContractClass_Contract,300dcbf0-d201-465b-a7be-af7e15a0a512,MDT,93f265dd-c971-49fe-b87b-96cccaae9362,Hauling,0,0,1,1,0,1,1,1,1,1,0,300,1,Failed,15,1,10,ObjectiveHandler_Hauling,,,,,,,,,,a2ca825e-d32a-4681-9fb2-d76cb7e40d7d,libs/foundry/records/contracts/contracttemplates/haulcargo_singletomulti3_small_copper.xml
HaulCargo_SingleToMulti3_Small_Copper,ContractClass_Contract,300dcbf0-d201-465b-a7be-af7e15a0a512,MDT,93f265dd-c971-49fe-b87b-96cccaae9362,Hauling,0,0,1,1,0,1,1,1,1,1,0,300,1,Failed,15,1,10,ObjectiveHandler_Hauling,,,,,,,,,,a2ca825e-d32a-4681-9fb2-d76cb7e40d7d,libs/foundry/records/contracts/contracttemplates/haulcargo_singletomulti3_small_copper.xml
HaulCargo_SingleToMulti3_Small_Hydrogen,ContractClass_Contract,300dcbf0-d201-465b-a7be-af7e15a0a512,MDT,93f265dd-c971-49fe-b87b-96cccaae9362,Hauling,0,0,1,1,0,1,1,1,1,1,0,300,1,Failed,15,1,10,ObjectiveHandler_Hauling,,,,,,,,,,1dda5e4a-ea14-4bd7-b391-76e2d07cb411,libs/foundry/records/contracts/contracttemplates/haulcargo_singletomulti3_small_hydrogen.xml
HaulCargo_SingleToMulti3_Small_Hydrogen,ContractClass_Contract,300dcbf0-d201-465b-a7be-af7e15a0a512,MDT,93f265dd-c971-49fe-b87b-96cccaae9362,Hauling,0,0,1,1,0,1,1,1,1,1,0,300,1,Failed,15,1,10,ObjectiveHandler_Hauling,,,,,,,,,,1dda5e4a-ea14-4bd7-b391-76e2d07cb411,libs/foundry/records/contracts/contracttemplates/haulcargo_singletomulti3_small_hydrogen.xml
HaulCargo_SingleToMulti3_Small_ProcessedFood,ContractClass_Contract,300dcbf0-d201-465b-a7be-af7e15a0a512,MDT,93f265dd-c971-49fe-b87b-96cccaae9362,Hauling,0,0,1,1,0,1,1,1,1,1,0,300,1,Failed,15,1,10,ObjectiveHandler_Hauling,,,,,,,,,,659d010b-13f4-4a01-b292-bf9ba0c94fb1,libs/foundry/records/contracts/contracttemplates/haulcargo_singletomulti3_small_processedfood.xml
HaulCargo_SingleToMulti3_Small_ProcessedFood,ContractClass_Contract,300dcbf0-d201-465b-a7be-af7e15a0a512,MDT,93f265dd-c971-49fe-b87b-96cccaae9362,Hauling,0,0,1,1,0,1,1,1,1,1,0,300,1,Failed,15,1,10,ObjectiveHandler_Hauling,,,,,,,,,,659d010b-13f4-4a01-b292-bf9ba0c94fb1,libs/foundry/records/contracts/contracttemplates/haulcargo_singletomulti3_small_processedfood.xml
HaulCargo_SingleToMulti3_Small,ContractClass_Contract,300dcbf0-d201-465b-a7be-af7e15a0a512,MDT,93f265dd-c971-49fe-b87b-96cccaae9362,Hauling,0,0,1,1,0,1,1,1,1,1,0,300,1,Failed,15,1,10,ObjectiveHandler_Hauling,,,,,,,,,,097b4b36-d759-43d3-8771-955e2c0fc0c4,libs/foundry/records/contracts/contracttemplates/haulcargo_singletomulti3_small.xml
HaulCargo_SingleToMulti3_Small,ContractClass_Contract,300dcbf0-d201-465b-a7be-af7e15a0a512,MDT,93f265dd-c971-49fe-b87b-96cccaae9362,Hauling,0,0,1,1,0,1,1,1,1,1,0,300,1,Failed,15,1,10,ObjectiveHandler_Hauling,,,,,,,,,,097b4b36-d759-43d3-8771-955e2c0fc0c4,libs/foundry/records/contracts/contracttemplates/haulcargo_singletomulti3_small.xml
HaulCargo_SingleToMulti3_Supply_Carbon,ContractClass_Contract,300dcbf0-d201-465b-a7be-af7e15a0a512,MDT,93f265dd-c971-49fe-b87b-96cccaae9362,Hauling,0,0,1,1,0,1,1,1,1,1,0,300,1,Failed,15,1,10,ObjectiveHandler_Hauling,,,,,,,,,,9cff9e71-1c9d-455d-91e1-115448b8f9ba,libs/foundry/records/contracts/contracttemplates/haulcargo_singletomulti3_supply_carbon.xml
HaulCargo_SingleToMulti3_Supply_Carbon,ContractClass_Contract,300dcbf0-d201-465b-a7be-af7e15a0a512,MDT,93f265dd-c971-49fe-b87b-96cccaae9362,Hauling,0,0,1,1,0,1,1,1,1,1,0,300,1,Failed,15,1,10,ObjectiveHandler_Hauling,,,,,,,,,,9cff9e71-1c9d-455d-91e1-115448b8f9ba,libs/foundry/records/contracts/contracttemplates/haulcargo_singletomulti3_supply_carbon.xml
HaulCargo_SingleToMulti3_Supply_Potassium,ContractClass_Contract,300dcbf0-d201-465b-a7be-af7e15a0a512,MDT,93f265dd-c971-49fe-b87b-96cccaae9362,Hauling,0,0,1,1,0,1,1,1,1,1,0,300,1,Failed,15,1,10,ObjectiveHandler_Hauling,,,,,,,,,,2dd19a70-9ec0-434d-8597-d5208be68c9d,libs/foundry/records/contracts/contracttemplates/haulcargo_singletomulti3_supply_potassium.xml
HaulCargo_SingleToMulti3_Supply_Potassium,ContractClass_Contract,300dcbf0-d201-465b-a7be-af7e15a0a512,MDT,93f265dd-c971-49fe-b87b-96cccaae9362,Hauling,0,0,1,1,0,1,1,1,1,1,0,300,1,Failed,15,1,10,ObjectiveHandler_Hauling,,,,,,,,,,2dd19a70-9ec0-434d-8597-d5208be68c9d,libs/foundry/records/contracts/contracttemplates/haulcargo_singletomulti3_supply_potassium.xml
HaulCargo_SingleToMulti3_Supply_Waste,ContractClass_Contract,300dcbf0-d201-465b-a7be-af7e15a0a512,MDT,93f265dd-c971-49fe-b87b-96cccaae9362,Hauling,0,0,1,1,0,1,1,1,1,1,0,300,1,Failed,15,1,10,ObjectiveHandler_Hauling,,,,,,,,,,5a091554-8d19-45bc-8653-9a221fe4a66d,libs/foundry/records/contracts/contracttemplates/haulcargo_singletomulti3_supply_waste.xml
HaulCargo_SingleToMulti3_Supply_Waste,ContractClass_Contract,300dcbf0-d201-465b-a7be-af7e15a0a512,MDT,93f265dd-c971-49fe-b87b-96cccaae9362,Hauling,0,0,1,1,0,1,1,1,1,1,0,300,1,Failed,15,1,10,ObjectiveHandler_Hauling,,,,,,,,,,5a091554-8d19-45bc-8653-9a221fe4a66d,libs/foundry/records/contracts/contracttemplates/haulcargo_singletomulti3_supply_waste.xml
HaulCargo_SingleToMulti3_Supply,ContractClass_Contract,300dcbf0-d201-465b-a7be-af7e15a0a512,MDT,93f265dd-c971-49fe-b87b-96cccaae9362,Hauling,0,0,1,1,0,1,1,1,1,1,0,300,1,Failed,15,1,10,ObjectiveHandler_Hauling,,,,,,,,,,a64d3c56-fb27-48bf-99b4-fde9bf383032,libs/foundry/records/contracts/contracttemplates/haulcargo_singletomulti3_supply.xml
HaulCargo_SingleToMulti3_Supply,ContractClass_Contract,300dcbf0-d201-465b-a7be-af7e15a0a512,MDT,93f265dd-c971-49fe-b87b-96cccaae9362,Hauling,0,0,1,1,0,1,1,1,1,1,0,300,1,Failed,15,1,10,ObjectiveHandler_Hauling,,,,,,,,,,a64d3c56-fb27-48bf-99b4-fde9bf383032,libs/foundry/records/contracts/contracttemplates/haulcargo_singletomulti3_supply.xml
HaulCargo_SingleToMulti3_WTP,ContractClass_Contract,300dcbf0-d201-465b-a7be-af7e15a0a512,MDT,93f265dd-c971-49fe-b87b-96cccaae9362,Hauling,0,0,1,1,0,1,1,1,1,1,0,300,1,Failed,15,1,10,ObjectiveHandler_Hauling,,,,,,,,,,97129a3f-9dc8-4628-9723-b447b566dc9e,libs/foundry/records/contracts/contracttemplates/haulcargo_singletomulti3_wtp.xml
HaulCargo_SingleToMulti3_WTP,ContractClass_Contract,300dcbf0-d201-465b-a7be-af7e15a0a512,MDT,93f265dd-c971-49fe-b87b-96cccaae9362,Hauling,0,0,1,1,0,1,1,1,1,1,0,300,1,Failed,15,1,10,ObjectiveHandler_Hauling,,,,,,,,,,97129a3f-9dc8-4628-9723-b447b566dc9e,libs/foundry/records/contracts/contracttemplates/haulcargo_singletomulti3_wtp.xml
HaulCargo_SingleToMulti3,ContractClass_Contract,300dcbf0-d201-465b-a7be-af7e15a0a512,MDT,93f265dd-c971-49fe-b87b-96cccaae9362,Hauling,0,0,1,1,0,1,1,1,1,1,0,300,1,Failed,15,1,10,ObjectiveHandler_Hauling,,,,,,,,,,bbf559f5-05d7-4332-a43d-a8a769fed711,libs/foundry/records/contracts/contracttemplates/haulcargo_singletomulti3.xml
HaulCargo_SingleToMulti3,ContractClass_Contract,300dcbf0-d201-465b-a7be-af7e15a0a512,MDT,93f265dd-c971-49fe-b87b-96cccaae9362,Hauling,0,0,1,1,0,1,1,1,1,1,0,300,1,Failed,15,1,10,ObjectiveHandler_Hauling,,,,,,,,,,bbf559f5-05d7-4332-a43d-a8a769fed711,libs/foundry/records/contracts/contracttemplates/haulcargo_singletomulti3.xml
HaulCargo_SingleToMulti4_Bulk_Waste,ContractClass_Contract,300dcbf0-d201-465b-a7be-af7e15a0a512,MDT,93f265dd-c971-49fe-b87b-96cccaae9362,Hauling,0,0,1,1,0,1,1,1,1,1,0,300,1,Failed,15,1,11,ObjectiveHandler_Hauling,,,,,,,,,,255b3dea-f49b-4006-a9b4-0a9ca3b8cc57,libs/foundry/records/contracts/contracttemplates/haulcargo_singletomulti4_bulk_waste.xml
HaulCargo_SingleToMulti4_Bulk_Waste,ContractClass_Contract,300dcbf0-d201-465b-a7be-af7e15a0a512,MDT,93f265dd-c971-49fe-b87b-96cccaae9362,Hauling,0,0,1,1,0,1,1,1,1,1,0,300,1,Failed,15,1,11,ObjectiveHandler_Hauling,,,,,,,,,,255b3dea-f49b-4006-a9b4-0a9ca3b8cc57,libs/foundry/records/contracts/contracttemplates/haulcargo_singletomulti4_bulk_waste.xml
HaulCargo_SingleToMulti4_Bulk,ContractClass_Contract,300dcbf0-d201-465b-a7be-af7e15a0a512,MDT,93f265dd-c971-49fe-b87b-96cccaae9362,Hauling,0,0,1,1,0,1,1,1,1,1,0,300,1,Failed,15,1,11,ObjectiveHandler_Hauling,,,,,,,,,,3bab730a-e40c-4abb-8556-3c772c811d81,libs/foundry/records/contracts/contracttemplates/haulcargo_singletomulti4_bulk.xml
HaulCargo_SingleToMulti4_Bulk,ContractClass_Contract,300dcbf0-d201-465b-a7be-af7e15a0a512,MDT,93f265dd-c971-49fe-b87b-96cccaae9362,Hauling,0,0,1,1,0,1,1,1,1,1,0,300,1,Failed,15,1,11,ObjectiveHandler_Hauling,,,,,,,,,,3bab730a-e40c-4abb-8556-3c772c811d81,libs/foundry/records/contracts/contracttemplates/haulcargo_singletomulti4_bulk.xml
HaulCargo_SingleToMulti4_Small_AgriculturalSupplies,ContractClass_Contract,300dcbf0-d201-465b-a7be-af7e15a0a512,MDT,93f265dd-c971-49fe-b87b-96cccaae9362,Hauling,0,0,1,1,0,1,1,1,1,1,0,300,1,Failed,15,1,11,ObjectiveHandler_Hauling,,,,,,,,,,37495e48-77f0-4be7-92c6-e4326d8967ec,libs/foundry/records/contracts/contracttemplates/haulcargo_singletomulti4_small_agriculturalsupplies.xml
HaulCargo_SingleToMulti4_Small_AgriculturalSupplies,ContractClass_Contract,300dcbf0-d201-465b-a7be-af7e15a0a512,MDT,93f265dd-c971-49fe-b87b-96cccaae9362,Hauling,0,0,1,1,0,1,1,1,1,1,0,300,1,Failed,15,1,11,ObjectiveHandler_Hauling,,,,,,,,,,37495e48-77f0-4be7-92c6-e4326d8967ec,libs/foundry/records/contracts/contracttemplates/haulcargo_singletomulti4_small_agriculturalsupplies.xml
HaulCargo_SingleToMulti4_Small_Hydrogen,ContractClass_Contract,300dcbf0-d201-465b-a7be-af7e15a0a512,MDT,93f265dd-c971-49fe-b87b-96cccaae9362,Hauling,0,0,1,1,0,1,1,1,1,1,0,300,1,Failed,15,1,11,ObjectiveHandler_Hauling,,,,,,,,,,c0e1c62a-11f2-4f1e-9c83-3ffb353b5d8e,libs/foundry/records/contracts/contracttemplates/haulcargo_singletomulti4_small_hydrogen.xml
HaulCargo_SingleToMulti4_Small_Hydrogen,ContractClass_Contract,300dcbf0-d201-465b-a7be-af7e15a0a512,MDT,93f265dd-c971-49fe-b87b-96cccaae9362,Hauling,0,0,1,1,0,1,1,1,1,1,0,300,1,Failed,15,1,11,ObjectiveHandler_Hauling,,,,,,,,,,c0e1c62a-11f2-4f1e-9c83-3ffb353b5d8e,libs/foundry/records/contracts/contracttemplates/haulcargo_singletomulti4_small_hydrogen.xml
HaulCargo_SingleToMulti4_Small_ProcessedFood,ContractClass_Contract,300dcbf0-d201-465b-a7be-af7e15a0a512,MDT,93f265dd-c971-49fe-b87b-96cccaae9362,Hauling,0,0,1,1,0,1,1,1,1,1,0,300,1,Failed,15,1,11,ObjectiveHandler_Hauling,,,,,,,,,,002b1a81-fb21-4e08-ba90-5857f4be5ad8,libs/foundry/records/contracts/contracttemplates/haulcargo_singletomulti4_small_processedfood.xml
HaulCargo_SingleToMulti4_Small_ProcessedFood,ContractClass_Contract,300dcbf0-d201-465b-a7be-af7e15a0a512,MDT,93f265dd-c971-49fe-b87b-96cccaae9362,Hauling,0,0,1,1,0,1,1,1,1,1,0,300,1,Failed,15,1,11,ObjectiveHandler_Hauling,,,,,,,,,,002b1a81-fb21-4e08-ba90-5857f4be5ad8,libs/foundry/records/contracts/contracttemplates/haulcargo_singletomulti4_small_processedfood.xml
HaulCargo_SingleToMulti4_Small,ContractClass_Contract,300dcbf0-d201-465b-a7be-af7e15a0a512,MDT,93f265dd-c971-49fe-b87b-96cccaae9362,Hauling,0,0,1,1,0,1,1,1,1,1,0,300,1,Failed,15,1,11,ObjectiveHandler_Hauling,,,,,,,,,,d7fa09d2-ee43-474b-ae70-1f4b1db77648,libs/foundry/records/contracts/contracttemplates/haulcargo_singletomulti4_small.xml
HaulCargo_SingleToMulti4_Small,ContractClass_Contract,300dcbf0-d201-465b-a7be-af7e15a0a512,MDT,93f265dd-c971-49fe-b87b-96cccaae9362,Hauling,0,0,1,1,0,1,1,1,1,1,0,300,1,Failed,15,1,11,ObjectiveHandler_Hauling,,,,,,,,,,d7fa09d2-ee43-474b-ae70-1f4b1db77648,libs/foundry/records/contracts/contracttemplates/haulcargo_singletomulti4_small.xml
HaulCargo_SingleToMulti4_Supply_Carbon,ContractClass_Contract,300dcbf0-d201-465b-a7be-af7e15a0a512,MDT,93f265dd-c971-49fe-b87b-96cccaae9362,Hauling,0,0,1,1,0,1,1,1,1,1,0,300,1,Failed,15,1,11,ObjectiveHandler_Hauling,,,,,,,,,,c7d69ace-784c-4da5-86b6-6f2c7337a822,libs/foundry/records/contracts/contracttemplates/haulcargo_singletomulti4_supply_carbon.xml
HaulCargo_SingleToMulti4_Supply_Carbon,ContractClass_Contract,300dcbf0-d201-465b-a7be-af7e15a0a512,MDT,93f265dd-c971-49fe-b87b-96cccaae9362,Hauling,0,0,1,1,0,1,1,1,1,1,0,300,1,Failed,15,1,11,ObjectiveHandler_Hauling,,,,,,,,,,c7d69ace-784c-4da5-86b6-6f2c7337a822,libs/foundry/records/contracts/contracttemplates/haulcargo_singletomulti4_supply_carbon.xml
HaulCargo_SingleToMulti4_Supply_Potassium,ContractClass_Contract,300dcbf0-d201-465b-a7be-af7e15a0a512,MDT,93f265dd-c971-49fe-b87b-96cccaae9362,Hauling,0,0,1,1,0,1,1,1,1,1,0,300,1,Failed,15,1,11,ObjectiveHandler_Hauling,,,,,,,,,,a51859cd-52da-4c81-8654-9548bc33a17a,libs/foundry/records/contracts/contracttemplates/haulcargo_singletomulti4_supply_potassium.xml
HaulCargo_SingleToMulti4_Supply_Potassium,ContractClass_Contract,300dcbf0-d201-465b-a7be-af7e15a0a512,MDT,93f265dd-c971-49fe-b87b-96cccaae9362,Hauling,0,0,1,1,0,1,1,1,1,1,0,300,1,Failed,15,1,11,ObjectiveHandler_Hauling,,,,,,,,,,a51859cd-52da-4c81-8654-9548bc33a17a,libs/foundry/records/contracts/contracttemplates/haulcargo_singletomulti4_supply_potassium.xml
HaulCargo_SingleToMulti4_Supply_Waste,ContractClass_Contract,300dcbf0-d201-465b-a7be-af7e15a0a512,MDT,93f265dd-c971-49fe-b87b-96cccaae9362,Hauling,0,0,1,1,0,1,1,1,1,1,0,300,1,Failed,15,1,11,ObjectiveHandler_Hauling,,,,,,,,,,fe48c74d-b226-4ffa-bdf6-f75fd68f934a,libs/foundry/records/contracts/contracttemplates/haulcargo_singletomulti4_supply_waste.xml
HaulCargo_SingleToMulti4_Supply_Waste,ContractClass_Contract,300dcbf0-d201-465b-a7be-af7e15a0a512,MDT,93f265dd-c971-49fe-b87b-96cccaae9362,Hauling,0,0,1,1,0,1,1,1,1,1,0,300,1,Failed,15,1,11,ObjectiveHandler_Hauling,,,,,,,,,,fe48c74d-b226-4ffa-bdf6-f75fd68f934a,libs/foundry/records/contracts/contracttemplates/haulcargo_singletomulti4_supply_waste.xml
HaulCargo_SingleToMulti4_Supply,ContractClass_Contract,300dcbf0-d201-465b-a7be-af7e15a0a512,MDT,93f265dd-c971-49fe-b87b-96cccaae9362,Hauling,0,0,1,1,0,1,1,1,1,1,0,300,1,Failed,15,1,11,ObjectiveHandler_Hauling,,,,,,,,,,5e5a2074-42a0-4fb2-b007-1a4ca1f7261e,libs/foundry/records/contracts/contracttemplates/haulcargo_singletomulti4_supply.xml
HaulCargo_SingleToMulti4_Supply,ContractClass_Contract,300dcbf0-d201-465b-a7be-af7e15a0a512,MDT,93f265dd-c971-49fe-b87b-96cccaae9362,Hauling,0,0,1,1,0,1,1,1,1,1,0,300,1,Failed,15,1,11,ObjectiveHandler_Hauling,,,,,,,,,,5e5a2074-42a0-4fb2-b007-1a4ca1f7261e,libs/foundry/records/contracts/contracttemplates/haulcargo_singletomulti4_supply.xml
HaulCargo_SingleToMulti4,ContractClass_Contract,300dcbf0-d201-465b-a7be-af7e15a0a512,MDT,93f265dd-c971-49fe-b87b-96cccaae9362,Hauling,0,0,1,1,0,1,1,1,1,1,0,300,1,Failed,15,1,11,ObjectiveHandler_Hauling,,,,,,,,,,ff24b202-1d66-4e81-8ec4-ee80de60a810,libs/foundry/records/contracts/contracttemplates/haulcargo_singletomulti4.xml
HaulCargo_SingleToMulti4,ContractClass_Contract,300dcbf0-d201-465b-a7be-af7e15a0a512,MDT,93f265dd-c971-49fe-b87b-96cccaae9362,Hauling,0,0,1,1,0,1,1,1,1,1,0,300,1,Failed,15,1,11,ObjectiveHandler_Hauling,,,,,,,,,,ff24b202-1d66-4e81-8ec4-ee80de60a810,libs/foundry/records/contracts/contracttemplates/haulcargo_singletomulti4.xml
HaulCargo,ContractClass_Contract,300dcbf0-d201-465b-a7be-af7e15a0a512,MDT,93f265dd-c971-49fe-b87b-96cccaae9362,Hauling,0,0,1,1,0,1,1,1,1,1,0,300,1,Failed,15,2,14,ObjectiveHandler_Hauling,,,,,,,,,,2a3ffbb8-02b8-46e7-92f9-d8ce1402d3ad,libs/foundry/records/contracts/contracttemplates/haulcargo.xml
HaulCargo,ContractClass_Contract,300dcbf0-d201-465b-a7be-af7e15a0a512,MDT,93f265dd-c971-49fe-b87b-96cccaae9362,Hauling,0,0,1,1,0,1,1,1,1,1,0,300,1,Failed,15,2,14,ObjectiveHandler_Hauling,,,,,,,,,,2a3ffbb8-02b8-46e7-92f9-d8ce1402d3ad,libs/foundry/records/contracts/contracttemplates/haulcargo.xml
HijackedShip_890J,ContractClass_Contract,300dcbf0-d201-465b-a7be-af7e15a0a512,MDT,62f92440-202a-43d3-9cb8-b917d4e4a102,Mercenary,0,1,0,0,0,1,1,0,1,1,0,0,0,Failed,0,1,3,ObjectiveHandler_NearLocation,Libs/Subsumption/Missions/PU/Missions/HijackedShip/HijackedShip_890J.xml,,boarders_890J_obj_long_01 | boarders_890J_obj_short_01,ReturnObjective_Long | ReturnObjective_Short,,vehicle_NameORIG_890Jump_Hijacked,,,,f4fd7696-ba7d-4456-bf1e-2ac0ff39bb1c,libs/foundry/records/contracts/contracttemplates/hijackedship_890j.xml
HijackedShip_890J,ContractClass_Contract,300dcbf0-d201-465b-a7be-af7e15a0a512,MDT,62f92440-202a-43d3-9cb8-b917d4e4a102,Mercenary,0,1,0,0,0,1,1,0,1,1,0,0,0,Failed,0,1,3,ObjectiveHandler_NearLocation,Libs/Subsumption/Missions/PU/Missions/HijackedShip/HijackedShip_890J.xml,,boarders_890J_obj_long_01 | boarders_890J_obj_short_01,ReturnObjective_Long | ReturnObjective_Short,,vehicle_NameORIG_890Jump_Hijacked,,,,f4fd7696-ba7d-4456-bf1e-2ac0ff39bb1c,libs/foundry/records/contracts/contracttemplates/hijackedship_890j.xml
HijackedShip_Caterpillar,ContractClass_Contract,300dcbf0-d201-465b-a7be-af7e15a0a512,MDT,62f92440-202a-43d3-9cb8-b917d4e4a102,Mercenary,0,1,0,0,0,1,1,0,1,1,0,0,0,Failed,0,1,69,ObjectiveHandler_Local,Libs/Subsumption/Missions/PU/Missions/HijackedShip/HijackedShip_Caterpillar.xml,,TravelObjective_Long | TravelObjective_Short,ReturnObjective_Long | ReturnObjective_Short,,,,,,25902890-8f5f-4a51-bde7-1933023a73b8,libs/foundry/records/contracts/contracttemplates/hijackedship_caterpillar.xml
HijackedShip_Caterpillar,ContractClass_Contract,300dcbf0-d201-465b-a7be-af7e15a0a512,MDT,62f92440-202a-43d3-9cb8-b917d4e4a102,Mercenary,0,1,0,0,0,1,1,0,1,1,0,0,0,Failed,0,1,69,ObjectiveHandler_Local,Libs/Subsumption/Missions/PU/Missions/HijackedShip/HijackedShip_Caterpillar.xml,,TravelObjective_Long | TravelObjective_Short,ReturnObjective_Long | ReturnObjective_Short,,,,,,25902890-8f5f-4a51-bde7-1933023a73b8,libs/foundry/records/contracts/contracttemplates/hijackedship_caterpillar.xml
HuntThePolaris_FFFinale,ContractClass_Contract,300dcbf0-d201-465b-a7be-af7e15a0a512,MDT,9c585972-95b7-4408-ad72-aa9858545958,Priority,0,1,0,0,0,1,1,0,1,1,0,0,0,Failed,0,3,54,ObjectiveHandler_Local,Libs/Subsumption/Missions/PU/Missions/HuntThePolaris/HTP_FinalBeat.xml | Libs/Subsumption/Missions/PU/Missions/HuntThePolaris/HTP_KillShipBeat.xml | Libs/Subsumption/Missions/PU/Missions/HuntThePolaris/HTP_SearchAndDestroyBeat.xml,,HuntThePolaris_TravelObjective_Ambush_Long_01 | HuntThePolaris_TravelObjective_Ambush_Short_01 | HuntThePolaris_TravelObjective_Long_01 | HuntThePolaris_TravelObjective_Search_Long_01 | HuntThePolaris_TravelObjective_Search_Short_01 | HuntThePolaris_TravelObjective_Short_01,ReturnObjective_Long | ReturnObjective_Short,,mission_items_QTDistressBeacon,,,,4b063f74-ea48-41e0-944c-ea832a918546,libs/foundry/records/contracts/contracttemplates/huntthepolaris_fffinale.xml
HuntThePolaris_FFFinale,ContractClass_Contract,300dcbf0-d201-465b-a7be-af7e15a0a512,MDT,9c585972-95b7-4408-ad72-aa9858545958,Priority,0,1,0,0,0,1,1,0,1,1,0,0,0,Failed,0,3,54,ObjectiveHandler_Local,Libs/Subsumption/Missions/PU/Missions/HuntThePolaris/HTP_FinalBeat.xml | Libs/Subsumption/Missions/PU/Missions/HuntThePolaris/HTP_KillShipBeat.xml | Libs/Subsumption/Missions/PU/Missions/HuntThePolaris/HTP_SearchAndDestroyBeat.xml,,HuntThePolaris_TravelObjective_Ambush_Long_01 | HuntThePolaris_TravelObjective_Ambush_Short_01 | HuntThePolaris_TravelObjective_Long_01 | HuntThePolaris_TravelObjective_Search_Long_01 | HuntThePolaris_TravelObjective_Search_Short_01 | HuntThePolaris_TravelObjective_Short_01,ReturnObjective_Long | ReturnObjective_Short,,mission_items_QTDistressBeacon,,,,4b063f74-ea48-41e0-944c-ea832a918546,libs/foundry/records/contracts/contracttemplates/huntthepolaris_fffinale.xml
InfiltrateFFOutpost,ContractClass_Contract,300dcbf0-d201-465b-a7be-af7e15a0a512,MDT,9c585972-95b7-4408-ad72-aa9858545958,Priority,0,1,0,0,0,0,1,0,1,1,0,1800,0,Failed,0,1,21,ObjectiveHandler_Local,Libs/Subsumption/Missions/PU/DynamicEvents/Cheesecake/InfiltrateVOutpost_Wrapper.xml,destroystash_obj_long_01 | destroystash_obj_short_01 | destroystash_subobj_marker_01,TravelObjective_Long | TravelObjective_Short,,,,destoryitems_item_01,,,70cc7d19-76f6-4902-b63e-0505db0659ee,libs/foundry/records/contracts/contracttemplates/infiltrateffoutpost.xml
InfiltrateFFOutpost,ContractClass_Contract,300dcbf0-d201-465b-a7be-af7e15a0a512,MDT,9c585972-95b7-4408-ad72-aa9858545958,Priority,0,1,0,0,0,0,1,0,1,1,0,1800,0,Failed,0,1,21,ObjectiveHandler_Local,Libs/Subsumption/Missions/PU/DynamicEvents/Cheesecake/InfiltrateVOutpost_Wrapper.xml,destroystash_obj_long_01 | destroystash_obj_short_01 | destroystash_subobj_marker_01,TravelObjective_Long | TravelObjective_Short,,,,destoryitems_item_01,,,70cc7d19-76f6-4902-b63e-0505db0659ee,libs/foundry/records/contracts/contracttemplates/infiltrateffoutpost.xml
InitialInvite,ContractClass_Contract,300dcbf0-d201-465b-a7be-af7e15a0a512,MDT,d1269fc9-c2cc-45e5-a819-1db6a39d4639,Appointment,0,1,0,0,0,0,1,0,1,0,0,0,0,Failed,0,1,5,ObjectiveHandler_Local,Libs/Subsumption/Missions/PU/PU_MissionGivers/PU_Initial_Invite.xml,,TravelObjective_Long | TravelObjective_Short,ReturnObjective_Long | ReturnObjective_Short,,,,,,800c333c-4e6d-4bb7-9d7d-a36b9d2f8a58,libs/foundry/records/contracts/contracttemplates/initialinvite.xml
InitialInvite,ContractClass_Contract,300dcbf0-d201-465b-a7be-af7e15a0a512,MDT,d1269fc9-c2cc-45e5-a819-1db6a39d4639,Appointment,0,1,0,0,0,0,1,0,1,0,0,0,0,Failed,0,1,5,ObjectiveHandler_Local,Libs/Subsumption/Missions/PU/PU_MissionGivers/PU_Initial_Invite.xml,,TravelObjective_Long | TravelObjective_Short,ReturnObjective_Long | ReturnObjective_Short,,,,,,800c333c-4e6d-4bb7-9d7d-a36b9d2f8a58,libs/foundry/records/contracts/contracttemplates/initialinvite.xml
InteractionOrStateMachineCheck_Double,ContractClass_Contract,300dcbf0-d201-465b-a7be-af7e15a0a512,MDT,0505e20d-d7d9-482e-ba79-875d3c3a03b2,Investigation,0,1,0,0,0,1,1,0,1,1,0,0,0,Failed,0,3,45,ObjectiveHandler_Local,Libs/Subsumption/Missions/PU/Modules/Interaction/InteractionOrStateMachineCheck.xml | Libs/Subsumption/Missions/PU/Modules/LeaveLocation/LeaveLocation.xml,,TravelObjective_Long | TravelObjective_Short,ReturnObjective_Long | ReturnObjective_Short,,,,,,737f2ffd-afd9-4a74-bb0b-0e1245ae71e3,libs/foundry/records/contracts/contracttemplates/interactionorstatemachinecheck_double.xml
InteractionOrStateMachineCheck_Double,ContractClass_Contract,300dcbf0-d201-465b-a7be-af7e15a0a512,MDT,0505e20d-d7d9-482e-ba79-875d3c3a03b2,Investigation,0,1,0,0,0,1,1,0,1,1,0,0,0,Failed,0,3,45,ObjectiveHandler_Local,Libs/Subsumption/Missions/PU/Modules/Interaction/InteractionOrStateMachineCheck.xml | Libs/Subsumption/Missions/PU/Modules/LeaveLocation/LeaveLocation.xml,,TravelObjective_Long | TravelObjective_Short,ReturnObjective_Long | ReturnObjective_Short,,,,,,737f2ffd-afd9-4a74-bb0b-0e1245ae71e3,libs/foundry/records/contracts/contracttemplates/interactionorstatemachinecheck_double.xml
InteractionOrStateMachineCheck_NoLeaveArea_RCD,ContractClass_Contract,300dcbf0-d201-465b-a7be-af7e15a0a512,MDT,0505e20d-d7d9-482e-ba79-875d3c3a03b2,Investigation,0,0,0,0,0,1,1,0,1,1,0,0,0,Failed,0,3,52,ObjectiveHandler_Local,Libs/Subsumption/Missions/PU/Modules/Interaction/InteractionOrStateMachineCheck.xml,,TravelObjective_Long | TravelObjective_Short,ReturnObjective_Long | ReturnObjective_Short,,mission_items_QTQuantumBeacon,,,,fe70a270-7017-464b-82ae-469ba1d1fefc,libs/foundry/records/contracts/contracttemplates/interactionorstatemachinecheck_noleavearea_rcd.xml
InteractionOrStateMachineCheck_NoLeaveArea_RCD,ContractClass_Contract,300dcbf0-d201-465b-a7be-af7e15a0a512,MDT,0505e20d-d7d9-482e-ba79-875d3c3a03b2,Investigation,0,0,0,0,0,1,1,0,1,1,0,0,0,Failed,0,3,52,ObjectiveHandler_Local,Libs/Subsumption/Missions/PU/Modules/Interaction/InteractionOrStateMachineCheck.xml,,TravelObjective_Long | TravelObjective_Short,ReturnObjective_Long | ReturnObjective_Short,,mission_items_QTQuantumBeacon,,,,fe70a270-7017-464b-82ae-469ba1d1fefc,libs/foundry/records/contracts/contracttemplates/interactionorstatemachinecheck_noleavearea_rcd.xml
InteractionOrStateMachineCheck_NoLeaveArea,ContractClass_Contract,300dcbf0-d201-465b-a7be-af7e15a0a512,MDT,0505e20d-d7d9-482e-ba79-875d3c3a03b2,Investigation,0,1,0,0,0,1,1,0,1,1,0,0,0,Failed,0,1,30,ObjectiveHandler_Local,Libs/Subsumption/Missions/PU/Modules/Interaction/InteractionOrStateMachineCheck.xml,,TravelObjective_Long | TravelObjective_Short,ReturnObjective_Long | ReturnObjective_Short,,mission_items_QTQuantumBeacon,,,,1bd8d3f7-8cc1-47f5-8c6b-11971c7767af,libs/foundry/records/contracts/contracttemplates/interactionorstatemachinecheck_noleavearea.xml
InteractionOrStateMachineCheck_NoLeaveArea,ContractClass_Contract,300dcbf0-d201-465b-a7be-af7e15a0a512,MDT,0505e20d-d7d9-482e-ba79-875d3c3a03b2,Investigation,0,1,0,0,0,1,1,0,1,1,0,0,0,Failed,0,1,30,ObjectiveHandler_Local,Libs/Subsumption/Missions/PU/Modules/Interaction/InteractionOrStateMachineCheck.xml,,TravelObjective_Long | TravelObjective_Short,ReturnObjective_Long | ReturnObjective_Short,,mission_items_QTQuantumBeacon,,,,1bd8d3f7-8cc1-47f5-8c6b-11971c7767af,libs/foundry/records/contracts/contracttemplates/interactionorstatemachinecheck_noleavearea.xml
InteractionOrStateMachineCheck_P1M1,ContractClass_Contract,300dcbf0-d201-465b-a7be-af7e15a0a512,MDT,0505e20d-d7d9-482e-ba79-875d3c3a03b2,Investigation,0,1,0,0,0,1,1,0,1,1,0,0,0,Failed,0,3,46,ObjectiveHandler_Local,Libs/Subsumption/Missions/PU/Modules/Interaction/InteractionOrStateMachineCheck.xml | Libs/Subsumption/Missions/PU/Modules/LeaveLocation/LeaveLocation.xml,,TravelObjective_Long | TravelObjective_Short,ReturnObjective_Long | ReturnObjective_Short,,,,,,67c7cd7f-ea71-434a-9bd4-c9022ffdec27,libs/foundry/records/contracts/contracttemplates/interactionorstatemachinecheck_p1m1.xml
InteractionOrStateMachineCheck_P1M1,ContractClass_Contract,300dcbf0-d201-465b-a7be-af7e15a0a512,MDT,0505e20d-d7d9-482e-ba79-875d3c3a03b2,Investigation,0,1,0,0,0,1,1,0,1,1,0,0,0,Failed,0,3,46,ObjectiveHandler_Local,Libs/Subsumption/Missions/PU/Modules/Interaction/InteractionOrStateMachineCheck.xml | Libs/Subsumption/Missions/PU/Modules/LeaveLocation/LeaveLocation.xml,,TravelObjective_Long | TravelObjective_Short,ReturnObjective_Long | ReturnObjective_Short,,,,,,67c7cd7f-ea71-434a-9bd4-c9022ffdec27,libs/foundry/records/contracts/contracttemplates/interactionorstatemachinecheck_p1m1.xml
InteractionOrStateMachineCheck,ContractClass_Contract,300dcbf0-d201-465b-a7be-af7e15a0a512,MDT,0505e20d-d7d9-482e-ba79-875d3c3a03b2,Investigation,0,1,0,0,0,1,1,0,1,1,0,0,0,Failed,0,2,30,ObjectiveHandler_Local,Libs/Subsumption/Missions/PU/Modules/Interaction/InteractionOrStateMachineCheck.xml | Libs/Subsumption/Missions/PU/Modules/LeaveLocation/LeaveLocation.xml,,TravelObjective_Long | TravelObjective_Short,ReturnObjective_Long | ReturnObjective_Short,,mission_items_QTQuantumBeacon,,,,a077da8b-1e1c-4717-86d6-346d1f4672ea,libs/foundry/records/contracts/contracttemplates/interactionorstatemachinecheck.xml
InteractionOrStateMachineCheck,ContractClass_Contract,300dcbf0-d201-465b-a7be-af7e15a0a512,MDT,0505e20d-d7d9-482e-ba79-875d3c3a03b2,Investigation,0,1,0,0,0,1,1,0,1,1,0,0,0,Failed,0,2,30,ObjectiveHandler_Local,Libs/Subsumption/Missions/PU/Modules/Interaction/InteractionOrStateMachineCheck.xml | Libs/Subsumption/Missions/PU/Modules/LeaveLocation/LeaveLocation.xml,,TravelObjective_Long | TravelObjective_Short,ReturnObjective_Long | ReturnObjective_Short,,mission_items_QTQuantumBeacon,,,,a077da8b-1e1c-4717-86d6-346d1f4672ea,libs/foundry/records/contracts/contracttemplates/interactionorstatemachinecheck.xml
InvisibleTimer,ContractClass_Contract,300dcbf0-d201-465b-a7be-af7e15a0a512,MDT,62f92440-202a-43d3-9cb8-b917d4e4a102,Mercenary,0,1,0,0,0,0,1,0,1,1,0,0,0,Failed,0,1,9,ObjectiveHandler_Local,Libs/Subsumption/Missions/PU/Missions/RandomEncounter/InvisibleTimer.xml,,TravelObjective_Long | TravelObjective_Short,ReturnObjective_Long | ReturnObjective_Short,,mission_items_QTDistressBeacon,,,,fda4824e-528d-43f0-b0be-41711f0c8e76,libs/foundry/records/contracts/contracttemplates/invisibletimer.xml
InvisibleTimer,ContractClass_Contract,300dcbf0-d201-465b-a7be-af7e15a0a512,MDT,62f92440-202a-43d3-9cb8-b917d4e4a102,Mercenary,0,1,0,0,0,0,1,0,1,1,0,0,0,Failed,0,1,9,ObjectiveHandler_Local,Libs/Subsumption/Missions/PU/Missions/RandomEncounter/InvisibleTimer.xml,,TravelObjective_Long | TravelObjective_Short,ReturnObjective_Long | ReturnObjective_Short,,mission_items_QTDistressBeacon,,,,fda4824e-528d-43f0-b0be-41711f0c8e76,libs/foundry/records/contracts/contracttemplates/invisibletimer.xml
ItemResourceGathering_Generic,ContractClass_Contract,300dcbf0-d201-465b-a7be-af7e15a0a512,MDT,4823e235-5206-452f-6977-b6c26cc47486,Collection,0,0,1,0,0,1,1,0,1,1,0,300,1,Failed,15,1,14,ObjectiveHandler_Hauling,,,,,,,,,,43756d77-6898-945d-52a2-0a1406f7e490,libs/foundry/records/contracts/contracttemplates/itemresourcegathering_generic.xml
ItemResourceGathering_Generic,ContractClass_Contract,300dcbf0-d201-465b-a7be-af7e15a0a512,MDT,4823e235-5206-452f-6977-b6c26cc47486,Collection,0,0,1,0,0,1,1,0,1,1,0,300,1,Failed,15,1,14,ObjectiveHandler_Hauling,,,,,,,,,,43756d77-6898-945d-52a2-0a1406f7e490,libs/foundry/records/contracts/contracttemplates/itemresourcegathering_generic.xml
ItemResourceGathering_GoToAndScan_Generic,ContractClass_Contract,300dcbf0-d201-465b-a7be-af7e15a0a512,MDT,4823e235-5206-452f-6977-b6c26cc47486,Collection,0,0,0,0,0,1,1,0,1,1,0,300,1,Failed,15,3,16,ObjectiveHandler_Hauling | ObjectiveHandler_Local | ObjectiveHandler_PlayerAttached,Libs/Subsumption/Missions/PU/Missions/FacilityDelve/GoToObjective.xml | Libs/Subsumption/Missions/PU/Modules/FindOneOfLocations/FindOneOfLocations.xml,,TravelObjective_Long | TravelObjective_Long2 | TravelObjective_Short | TravelObjective_Short2,ReturnObjective_Long | ReturnObjective_Short,,,,,,826ac5e3-950d-4a43-99e5-16e2eb311405,libs/foundry/records/contracts/contracttemplates/itemresourcegathering_gotoandscan_generic.xml
ItemResourceGathering_GoToAndScan_Generic,ContractClass_Contract,300dcbf0-d201-465b-a7be-af7e15a0a512,MDT,4823e235-5206-452f-6977-b6c26cc47486,Collection,0,0,0,0,0,1,1,0,1,1,0,300,1,Failed,15,3,16,ObjectiveHandler_Hauling | ObjectiveHandler_Local | ObjectiveHandler_PlayerAttached,Libs/Subsumption/Missions/PU/Missions/FacilityDelve/GoToObjective.xml | Libs/Subsumption/Missions/PU/Modules/FindOneOfLocations/FindOneOfLocations.xml,,TravelObjective_Long | TravelObjective_Long2 | TravelObjective_Short | TravelObjective_Short2,ReturnObjective_Long | ReturnObjective_Short,,,,,,826ac5e3-950d-4a43-99e5-16e2eb311405,libs/foundry/records/contracts/contracttemplates/itemresourcegathering_gotoandscan_generic.xml
ItemResourceGathering_Recipe_TheCollector_Lightnin_KopSkull,ContractClass_Contract,300dcbf0-d201-465b-a7be-af7e15a0a512,MDT,4823e235-5206-452f-6977-b6c26cc47486,Collection,0,0,1,0,0,0,1,0,1,1,0,300,1,Failed,15,1,10,ObjectiveHandler_Hauling,,,,,,,,,,f6e9c747-40a9-4e78-814d-8bf4b7dc48dc,libs/foundry/records/contracts/contracttemplates/itemresourcegathering_recipe_thecollector_lightnin_kopskull.xml
ItemResourceGathering_Recipe_TheCollector_Lightnin_KopSkull,ContractClass_Contract,300dcbf0-d201-465b-a7be-af7e15a0a512,MDT,4823e235-5206-452f-6977-b6c26cc47486,Collection,0,0,1,0,0,0,1,0,1,1,0,300,1,Failed,15,1,10,ObjectiveHandler_Hauling,,,,,,,,,,f6e9c747-40a9-4e78-814d-8bf4b7dc48dc,libs/foundry/records/contracts/contracttemplates/itemresourcegathering_recipe_thecollector_lightnin_kopskull.xml
ItemResourceGathering_Recipe_TheCollector_Lightnin_KopTooth,ContractClass_Contract,300dcbf0-d201-465b-a7be-af7e15a0a512,MDT,4823e235-5206-452f-6977-b6c26cc47486,Collection,0,0,1,0,0,0,1,0,1,1,0,300,1,Failed,15,1,10,ObjectiveHandler_Hauling,,,,,,,,,,44f7cfd4-7d6e-17cc-dc29-5c652db52fb3,libs/foundry/records/contracts/contracttemplates/itemresourcegathering_recipe_thecollector_lightnin_koptooth.xml
ItemResourceGathering_Recipe_TheCollector_Lightnin_KopTooth,ContractClass_Contract,300dcbf0-d201-465b-a7be-af7e15a0a512,MDT,4823e235-5206-452f-6977-b6c26cc47486,Collection,0,0,1,0,0,0,1,0,1,1,0,300,1,Failed,15,1,10,ObjectiveHandler_Hauling,,,,,,,,,,44f7cfd4-7d6e-17cc-dc29-5c652db52fb3,libs/foundry/records/contracts/contracttemplates/itemresourcegathering_recipe_thecollector_lightnin_koptooth.xml
ItemResourceGathering_Recipe_TheCollector_Lightnin_MiltSkull,ContractClass_Contract,300dcbf0-d201-465b-a7be-af7e15a0a512,MDT,4823e235-5206-452f-6977-b6c26cc47486,Collection,0,0,1,0,0,0,1,0,1,1,0,300,1,Failed,15,1,10,ObjectiveHandler_Hauling,,,,,,,,,,43c8db21-f720-4e07-bbc7-b7717a919d63,libs/foundry/records/contracts/contracttemplates/itemresourcegathering_recipe_thecollector_lightnin_miltskull.xml
ItemResourceGathering_Recipe_TheCollector_Lightnin_MiltSkull,ContractClass_Contract,300dcbf0-d201-465b-a7be-af7e15a0a512,MDT,4823e235-5206-452f-6977-b6c26cc47486,Collection,0,0,1,0,0,0,1,0,1,1,0,300,1,Failed,15,1,10,ObjectiveHandler_Hauling,,,,,,,,,,43c8db21-f720-4e07-bbc7-b7717a919d63,libs/foundry/records/contracts/contracttemplates/itemresourcegathering_recipe_thecollector_lightnin_miltskull.xml
ItemResourceGathering_Recipe_TheCollector_Lightnin_MiltTooth,ContractClass_Contract,300dcbf0-d201-465b-a7be-af7e15a0a512,MDT,4823e235-5206-452f-6977-b6c26cc47486,Collection,0,0,1,0,0,0,1,0,1,1,0,300,1,Failed,15,1,10,ObjectiveHandler_Hauling,,,,,,,,,,8363ec8f-eb5c-4d8e-9396-de44486ea72a,libs/foundry/records/contracts/contracttemplates/itemresourcegathering_recipe_thecollector_lightnin_milttooth.xml
ItemResourceGathering_Recipe_TheCollector_Lightnin_MiltTooth,ContractClass_Contract,300dcbf0-d201-465b-a7be-af7e15a0a512,MDT,4823e235-5206-452f-6977-b6c26cc47486,Collection,0,0,1,0,0,0,1,0,1,1,0,300,1,Failed,15,1,10,ObjectiveHandler_Hauling,,,,,,,,,,8363ec8f-eb5c-4d8e-9396-de44486ea72a,libs/foundry/records/contracts/contracttemplates/itemresourcegathering_recipe_thecollector_lightnin_milttooth.xml
ItemResourceGathering_TheCollector,ContractClass_Contract,300dcbf0-d201-465b-a7be-af7e15a0a512,MDT,4823e235-5206-452f-6977-b6c26cc47486,Collection,0,0,1,0,0,0,1,0,1,1,0,300,1,Failed,15,1,10,ObjectiveHandler_Hauling,,,,,,,,,,40890a8a-f62e-bf2f-41f9-582262c9a4b9,libs/foundry/records/contracts/contracttemplates/itemresourcegathering_thecollector.xml
ItemResourceGathering_TheCollector,ContractClass_Contract,300dcbf0-d201-465b-a7be-af7e15a0a512,MDT,4823e235-5206-452f-6977-b6c26cc47486,Collection,0,0,1,0,0,0,1,0,1,1,0,300,1,Failed,15,1,10,ObjectiveHandler_Hauling,,,,,,,,,,40890a8a-f62e-bf2f-41f9-582262c9a4b9,libs/foundry/records/contracts/contracttemplates/itemresourcegathering_thecollector.xml
ItemResourceGathering_WithGoToObjective_Generic,ContractClass_Contract,300dcbf0-d201-465b-a7be-af7e15a0a512,MDT,4823e235-5206-452f-6977-b6c26cc47486,Collection,0,0,1,0,0,1,1,0,1,1,0,300,1,Failed,15,2,14,ObjectiveHandler_Hauling | ObjectiveHandler_Local,Libs/Subsumption/Missions/PU/Missions/FacilityDelve/GoToObjective.xml,,TravelObjective_Long2 | TravelObjective_Short2,ReturnObjective_Long | ReturnObjective_Short,,,,,,a4a5fbbb-a4d1-4bcc-8254-66210eff3d3b,libs/foundry/records/contracts/contracttemplates/itemresourcegathering_withgotoobjective_generic.xml
ItemResourceGathering_WithGoToObjective_Generic,ContractClass_Contract,300dcbf0-d201-465b-a7be-af7e15a0a512,MDT,4823e235-5206-452f-6977-b6c26cc47486,Collection,0,0,1,0,0,1,1,0,1,1,0,300,1,Failed,15,2,14,ObjectiveHandler_Hauling | ObjectiveHandler_Local,Libs/Subsumption/Missions/PU/Missions/FacilityDelve/GoToObjective.xml,,TravelObjective_Long2 | TravelObjective_Short2,ReturnObjective_Long | ReturnObjective_Short,,,,,,a4a5fbbb-a4d1-4bcc-8254-66210eff3d3b,libs/foundry/records/contracts/contracttemplates/itemresourcegathering_withgotoobjective_generic.xml
ItemResourceGathering,ContractClass_Contract,300dcbf0-d201-465b-a7be-af7e15a0a512,MDT,4823e235-5206-452f-6977-b6c26cc47486,Collection,0,0,1,0,0,0,1,0,1,1,0,300,1,Failed,15,1,7,ObjectiveHandler_Hauling,,,,,,,,,,4be727d4-9060-ad47-0b8d-f4d0921c64ab,libs/foundry/records/contracts/contracttemplates/itemresourcegathering.xml
ItemResourceGathering,ContractClass_Contract,300dcbf0-d201-465b-a7be-af7e15a0a512,MDT,4823e235-5206-452f-6977-b6c26cc47486,Collection,0,0,1,0,0,0,1,0,1,1,0,300,1,Failed,15,1,7,ObjectiveHandler_Hauling,,,,,,,,,,4be727d4-9060-ad47-0b8d-f4d0921c64ab,libs/foundry/records/contracts/contracttemplates/itemresourcegathering.xml
KillAnimals_AtLocation_2Locations,ContractClass_Contract,300dcbf0-d201-465b-a7be-af7e15a0a512,MDT,62f92440-202a-43d3-9cb8-b917d4e4a102,Mercenary,0,1,0,0,0,1,1,0,1,1,0,0,0,Failed,0,2,4,ObjectiveHandler_Local,Libs/Subsumption/Missions/PU/JobBoardMissions/AnimalMissions/KillAllAnimals/KillAllAnimalsAtLocation.xml,,TravelObjective_Long | TravelObjective_Short,ReturnObjective_Long | ReturnObjective_Short,,,,,,4701df8a-0ff0-4772-b1e9-d4d600a27e2c,libs/foundry/records/contracts/contracttemplates/killanimals_atlocation_2locations.xml
KillAnimals_AtLocation_2Locations,ContractClass_Contract,300dcbf0-d201-465b-a7be-af7e15a0a512,MDT,62f92440-202a-43d3-9cb8-b917d4e4a102,Mercenary,0,1,0,0,0,1,1,0,1,1,0,0,0,Failed,0,2,4,ObjectiveHandler_Local,Libs/Subsumption/Missions/PU/JobBoardMissions/AnimalMissions/KillAllAnimals/KillAllAnimalsAtLocation.xml,,TravelObjective_Long | TravelObjective_Short,ReturnObjective_Long | ReturnObjective_Short,,,,,,4701df8a-0ff0-4772-b1e9-d4d600a27e2c,libs/foundry/records/contracts/contracttemplates/killanimals_atlocation_2locations.xml
KillAnimals_AtLocation_3Locations,ContractClass_Contract,300dcbf0-d201-465b-a7be-af7e15a0a512,MDT,62f92440-202a-43d3-9cb8-b917d4e4a102,Mercenary,0,1,0,0,0,1,1,0,1,1,0,0,0,Failed,0,3,5,ObjectiveHandler_Local,Libs/Subsumption/Missions/PU/JobBoardMissions/AnimalMissions/KillAllAnimals/KillAllAnimalsAtLocation.xml,,TravelObjective_Long | TravelObjective_Short,ReturnObjective_Long | ReturnObjective_Short,,,,,,e1ae0cfc-b2e9-496f-8620-78af365e8236,libs/foundry/records/contracts/contracttemplates/killanimals_atlocation_3locations.xml
KillAnimals_AtLocation_3Locations,ContractClass_Contract,300dcbf0-d201-465b-a7be-af7e15a0a512,MDT,62f92440-202a-43d3-9cb8-b917d4e4a102,Mercenary,0,1,0,0,0,1,1,0,1,1,0,0,0,Failed,0,3,5,ObjectiveHandler_Local,Libs/Subsumption/Missions/PU/JobBoardMissions/AnimalMissions/KillAllAnimals/KillAllAnimalsAtLocation.xml,,TravelObjective_Long | TravelObjective_Short,ReturnObjective_Long | ReturnObjective_Short,,,,,,e1ae0cfc-b2e9-496f-8620-78af365e8236,libs/foundry/records/contracts/contracttemplates/killanimals_atlocation_3locations.xml
KillAnimals_AtLocation,ContractClass_Contract,300dcbf0-d201-465b-a7be-af7e15a0a512,MDT,62f92440-202a-43d3-9cb8-b917d4e4a102,Mercenary,0,1,0,0,0,1,1,0,1,1,0,0,0,Failed,0,1,3,ObjectiveHandler_Local,Libs/Subsumption/Missions/PU/JobBoardMissions/AnimalMissions/KillAllAnimals/KillAllAnimalsAtLocation.xml,,TravelObjective_Long | TravelObjective_Short,ReturnObjective_Long | ReturnObjective_Short,,,,,,f63ae62e-e16b-4bf6-8e2f-98a808180fe8,libs/foundry/records/contracts/contracttemplates/killanimals_atlocation.xml
KillAnimals_AtLocation,ContractClass_Contract,300dcbf0-d201-465b-a7be-af7e15a0a512,MDT,62f92440-202a-43d3-9cb8-b917d4e4a102,Mercenary,0,1,0,0,0,1,1,0,1,1,0,0,0,Failed,0,1,3,ObjectiveHandler_Local,Libs/Subsumption/Missions/PU/JobBoardMissions/AnimalMissions/KillAllAnimals/KillAllAnimalsAtLocation.xml,,TravelObjective_Long | TravelObjective_Short,ReturnObjective_Long | ReturnObjective_Short,,,,,,f63ae62e-e16b-4bf6-8e2f-98a808180fe8,libs/foundry/records/contracts/contracttemplates/killanimals_atlocation.xml
KillAnimals_Goto,ContractClass_Contract,300dcbf0-d201-465b-a7be-af7e15a0a512,MDT,62f92440-202a-43d3-9cb8-b917d4e4a102,Mercenary,0,1,0,0,0,1,1,0,1,1,0,0,0,Failed,0,2,2,ObjectiveHandler_Local | ObjectiveHandler_PlayerAttached,Libs/Subsumption/Missions/PU/JobBoardMissions/AnimalMissions/KillAllAnimals/KillAllAnimals.xml | Libs/Subsumption/Missions/PU/Missions/FacilityDelve/GoToObjective.xml,,TravelObjective_Long | TravelObjective_Short,ReturnObjective_Long | ReturnObjective_Short,,,,,,f8b06bca-76bf-41f2-96a6-ec32854375d7,libs/foundry/records/contracts/contracttemplates/killanimals_goto.xml
KillAnimals_Goto,ContractClass_Contract,300dcbf0-d201-465b-a7be-af7e15a0a512,MDT,62f92440-202a-43d3-9cb8-b917d4e4a102,Mercenary,0,1,0,0,0,1,1,0,1,1,0,0,0,Failed,0,2,2,ObjectiveHandler_Local | ObjectiveHandler_PlayerAttached,Libs/Subsumption/Missions/PU/JobBoardMissions/AnimalMissions/KillAllAnimals/KillAllAnimals.xml | Libs/Subsumption/Missions/PU/Missions/FacilityDelve/GoToObjective.xml,,TravelObjective_Long | TravelObjective_Short,ReturnObjective_Long | ReturnObjective_Short,,,,,,f8b06bca-76bf-41f2-96a6-ec32854375d7,libs/foundry/records/contracts/contracttemplates/killanimals_goto.xml
KillAnimals,ContractClass_Contract,300dcbf0-d201-465b-a7be-af7e15a0a512,MDT,62f92440-202a-43d3-9cb8-b917d4e4a102,Mercenary,0,1,0,0,0,1,1,0,1,1,0,0,0,Failed,0,1,2,ObjectiveHandler_PlayerAttached,Libs/Subsumption/Missions/PU/JobBoardMissions/AnimalMissions/KillAllAnimals/KillAllAnimals.xml,,TravelObjective_Long | TravelObjective_Short,ReturnObjective_Long | ReturnObjective_Short,,,,,,a8bfb9e7-8387-4784-b60c-ee0e03584deb,libs/foundry/records/contracts/contracttemplates/killanimals.xml
KillAnimals,ContractClass_Contract,300dcbf0-d201-465b-a7be-af7e15a0a512,MDT,62f92440-202a-43d3-9cb8-b917d4e4a102,Mercenary,0,1,0,0,0,1,1,0,1,1,0,0,0,Failed,0,1,2,ObjectiveHandler_PlayerAttached,Libs/Subsumption/Missions/PU/JobBoardMissions/AnimalMissions/KillAllAnimals/KillAllAnimals.xml,,TravelObjective_Long | TravelObjective_Short,ReturnObjective_Long | ReturnObjective_Short,,,,,,a8bfb9e7-8387-4784-b60c-ee0e03584deb,libs/foundry/records/contracts/contracttemplates/killanimals.xml
MissingPerson_2Locations,ContractClass_Contract,300dcbf0-d201-465b-a7be-af7e15a0a512,MDT,0505e20d-d7d9-482e-ba79-875d3c3a03b2,Investigation,0,1,0,0,0,1,1,0,1,1,0,0,0,Failed,0,2,10,ObjectiveHandler_Local,Libs/Subsumption/Missions/PU/Missions/MissingPerson.xml,,searchbody_cave_obj_long_01 | searchbody_cave_obj_marker_01 | searchbody_cave_obj_short_01,ReturnObjective_Long | ReturnObjective_Short,,,,,,58d4b04f-557a-467f-a779-e4ef885714cc,libs/foundry/records/contracts/contracttemplates/missingperson_2locations.xml
MissingPerson_2Locations,ContractClass_Contract,300dcbf0-d201-465b-a7be-af7e15a0a512,MDT,0505e20d-d7d9-482e-ba79-875d3c3a03b2,Investigation,0,1,0,0,0,1,1,0,1,1,0,0,0,Failed,0,2,10,ObjectiveHandler_Local,Libs/Subsumption/Missions/PU/Missions/MissingPerson.xml,,searchbody_cave_obj_long_01 | searchbody_cave_obj_marker_01 | searchbody_cave_obj_short_01,ReturnObjective_Long | ReturnObjective_Short,,,,,,58d4b04f-557a-467f-a779-e4ef885714cc,libs/foundry/records/contracts/contracttemplates/missingperson_2locations.xml
MissingPerson_Courier,ContractClass_Contract,300dcbf0-d201-465b-a7be-af7e15a0a512,MDT,62f92440-202a-43d3-9cb8-b917d4e4a102,Mercenary,0,1,0,0,0,1,1,0,1,1,0,0,0,Failed,0,3,18,ObjectiveHandler_Hauling | ObjectiveHandler_Local,Libs/Subsumption/Missions/PU/Missions/MissingPerson.xml | Libs/Subsumption/Missions/PU/Modules/CollectItemFromEnvironment.xml,,searchbody_cave_obj_long_01 | searchbody_cave_obj_marker_01 | searchbody_cave_obj_short_01 | TravelObjective_Long | TravelObjective_Short,ReturnObjective_Long | ReturnObjective_Short,,,item_NameCommon_Datapad,,,0c1d2345-8143-4dde-9be6-a4e920f3368d,libs/foundry/records/contracts/contracttemplates/missingperson_courier.xml
MissingPerson_Courier,ContractClass_Contract,300dcbf0-d201-465b-a7be-af7e15a0a512,MDT,62f92440-202a-43d3-9cb8-b917d4e4a102,Mercenary,0,1,0,0,0,1,1,0,1,1,0,0,0,Failed,0,3,18,ObjectiveHandler_Hauling | ObjectiveHandler_Local,Libs/Subsumption/Missions/PU/Missions/MissingPerson.xml | Libs/Subsumption/Missions/PU/Modules/CollectItemFromEnvironment.xml,,searchbody_cave_obj_long_01 | searchbody_cave_obj_marker_01 | searchbody_cave_obj_short_01 | TravelObjective_Long | TravelObjective_Short,ReturnObjective_Long | ReturnObjective_Short,,,item_NameCommon_Datapad,,,0c1d2345-8143-4dde-9be6-a4e920f3368d,libs/foundry/records/contracts/contracttemplates/missingperson_courier.xml
MissingPerson_DestroyItems_2Locations,ContractClass_Contract,300dcbf0-d201-465b-a7be-af7e15a0a512,MDT,62f92440-202a-43d3-9cb8-b917d4e4a102,Mercenary,0,1,0,0,0,1,1,0,1,1,0,0,0,Failed,0,2,22,ObjectiveHandler_Local,Libs/Subsumption/Missions/PU/Missions/DestroyItems.xml | Libs/Subsumption/Missions/PU/Missions/MissingPerson.xml,destroystash_obj_long_01 | destroystash_obj_short_01 | destroystash_subobj_marker_01,destroystash_obj_long_01 | destroystash_obj_short_01 | destroystash_subobj_marker_01 | searchbody_cave_obj_long_01 | searchbody_cave_obj_marker_01 | searchbody_cave_obj_short_01,ReturnObjective_Long | ReturnObjective_Short,,,,,,f9f2a8cb-00af-4fa8-b94e-1ba6a493599b,libs/foundry/records/contracts/contracttemplates/missingperson_destroyitems_2locations.xml
MissingPerson_DestroyItems_2Locations,ContractClass_Contract,300dcbf0-d201-465b-a7be-af7e15a0a512,MDT,62f92440-202a-43d3-9cb8-b917d4e4a102,Mercenary,0,1,0,0,0,1,1,0,1,1,0,0,0,Failed,0,2,22,ObjectiveHandler_Local,Libs/Subsumption/Missions/PU/Missions/DestroyItems.xml | Libs/Subsumption/Missions/PU/Missions/MissingPerson.xml,destroystash_obj_long_01 | destroystash_obj_short_01 | destroystash_subobj_marker_01,destroystash_obj_long_01 | destroystash_obj_short_01 | destroystash_subobj_marker_01 | searchbody_cave_obj_long_01 | searchbody_cave_obj_marker_01 | searchbody_cave_obj_short_01,ReturnObjective_Long | ReturnObjective_Short,,,,,,f9f2a8cb-00af-4fa8-b94e-1ba6a493599b,libs/foundry/records/contracts/contracttemplates/missingperson_destroyitems_2locations.xml
MissingPerson_DestroyItems_Courier,ContractClass_Contract,300dcbf0-d201-465b-a7be-af7e15a0a512,MDT,62f92440-202a-43d3-9cb8-b917d4e4a102,Mercenary,0,1,0,0,0,1,1,0,1,1,0,0,0,Failed,0,3,32,ObjectiveHandler_Hauling | ObjectiveHandler_Local,Libs/Subsumption/Missions/PU/Missions/DestroyItems.xml | Libs/Subsumption/Missions/PU/Missions/MissingPerson.xml,destroystash_obj_long_01 | destroystash_obj_short_01 | destroystash_subobj_marker_01,searchbody_cave_obj_long_01 | searchbody_cave_obj_marker_01 | searchbody_cave_obj_short_01 | TravelObjective_Long | TravelObjective_Short,ReturnObjective_Long | ReturnObjective_Short,,,,,,5223bd58-67df-479f-b169-7b051a355d2a,libs/foundry/records/contracts/contracttemplates/missingperson_destroyitems_courier.xml
MissingPerson_DestroyItems_Courier,ContractClass_Contract,300dcbf0-d201-465b-a7be-af7e15a0a512,MDT,62f92440-202a-43d3-9cb8-b917d4e4a102,Mercenary,0,1,0,0,0,1,1,0,1,1,0,0,0,Failed,0,3,32,ObjectiveHandler_Hauling | ObjectiveHandler_Local,Libs/Subsumption/Missions/PU/Missions/DestroyItems.xml | Libs/Subsumption/Missions/PU/Missions/MissingPerson.xml,destroystash_obj_long_01 | destroystash_obj_short_01 | destroystash_subobj_marker_01,searchbody_cave_obj_long_01 | searchbody_cave_obj_marker_01 | searchbody_cave_obj_short_01 | TravelObjective_Long | TravelObjective_Short,ReturnObjective_Long | ReturnObjective_Short,,,,,,5223bd58-67df-479f-b169-7b051a355d2a,libs/foundry/records/contracts/contracttemplates/missingperson_destroyitems_courier.xml
MissingPerson_DestroyItems_SameLocation,ContractClass_Contract,300dcbf0-d201-465b-a7be-af7e15a0a512,MDT,62f92440-202a-43d3-9cb8-b917d4e4a102,Mercenary,0,1,0,0,0,1,1,0,1,1,0,0,0,Failed,0,2,21,ObjectiveHandler_Local,Libs/Subsumption/Missions/PU/Missions/DestroyItems.xml | Libs/Subsumption/Missions/PU/Missions/MissingPerson.xml,destroystash_obj_long_01 | destroystash_obj_short_01 | destroystash_subobj_marker_01,destroystash_obj_long_01 | destroystash_obj_short_01 | destroystash_subobj_marker_01 | searchbody_cave_obj_long_01 | searchbody_cave_obj_marker_01 | searchbody_cave_obj_short_01,ReturnObjective_Long | ReturnObjective_Short,,,,,,85617e52-cbb8-4135-9b80-f69b68dd2212,libs/foundry/records/contracts/contracttemplates/missingperson_destroyitems_samelocation.xml
MissingPerson_DestroyItems_SameLocation,ContractClass_Contract,300dcbf0-d201-465b-a7be-af7e15a0a512,MDT,62f92440-202a-43d3-9cb8-b917d4e4a102,Mercenary,0,1,0,0,0,1,1,0,1,1,0,0,0,Failed,0,2,21,ObjectiveHandler_Local,Libs/Subsumption/Missions/PU/Missions/DestroyItems.xml | Libs/Subsumption/Missions/PU/Missions/MissingPerson.xml,destroystash_obj_long_01 | destroystash_obj_short_01 | destroystash_subobj_marker_01,destroystash_obj_long_01 | destroystash_obj_short_01 | destroystash_subobj_marker_01 | searchbody_cave_obj_long_01 | searchbody_cave_obj_marker_01 | searchbody_cave_obj_short_01,ReturnObjective_Long | ReturnObjective_Short,,,,,,85617e52-cbb8-4135-9b80-f69b68dd2212,libs/foundry/records/contracts/contracttemplates/missingperson_destroyitems_samelocation.xml
MissingPerson_EliminateAll,ContractClass_Contract,300dcbf0-d201-465b-a7be-af7e15a0a512,MDT,62f92440-202a-43d3-9cb8-b917d4e4a102,Mercenary,0,1,0,0,0,0,1,0,1,1,0,0,0,Failed,0,2,18,ObjectiveHandler_Local,Libs/Subsumption/Missions/PU/Missions/InfiltrateAndDefend/PU_EliminateAll.xml | Libs/Subsumption/Missions/PU/Missions/MissingPersons/MissingPersons.xml,,searchbody_cave_obj_long_01 | searchbody_cave_obj_marker_01 | searchbody_cave_obj_short_01 | TravelObjective_Long | TravelObjective_Short,ReturnObjective_Long | ReturnObjective_Short,,,,,,5021b1e5-aff0-4ed7-992e-3616fd0bbcaf,libs/foundry/records/contracts/contracttemplates/missingperson_eliminateall.xml
MissingPerson_EliminateAll,ContractClass_Contract,300dcbf0-d201-465b-a7be-af7e15a0a512,MDT,62f92440-202a-43d3-9cb8-b917d4e4a102,Mercenary,0,1,0,0,0,0,1,0,1,1,0,0,0,Failed,0,2,18,ObjectiveHandler_Local,Libs/Subsumption/Missions/PU/Missions/InfiltrateAndDefend/PU_EliminateAll.xml | Libs/Subsumption/Missions/PU/Missions/MissingPersons/MissingPersons.xml,,searchbody_cave_obj_long_01 | searchbody_cave_obj_marker_01 | searchbody_cave_obj_short_01 | TravelObjective_Long | TravelObjective_Short,ReturnObjective_Long | ReturnObjective_Short,,,,,,5021b1e5-aff0-4ed7-992e-3616fd0bbcaf,libs/foundry/records/contracts/contracttemplates/missingperson_eliminateall.xml
MissingPerson_ParentLocation_MarkerToGuide,ContractClass_Contract,300dcbf0-d201-465b-a7be-af7e15a0a512,MDT,0505e20d-d7d9-482e-ba79-875d3c3a03b2,Investigation,0,1,0,0,0,1,1,0,1,1,0,0,0,Failed,0,1,12,ObjectiveHandler_Local,Libs/Subsumption/Missions/PU/Missions/FacilityDelve/GoToObjective.xml,,searchbody_cave_obj_long_01 | searchbody_cave_obj_marker_01 | searchbody_cave_obj_short_01 | TravelObjective_Long | TravelObjective_Short,ReturnObjective_Long | ReturnObjective_Short,,mission_items_QTQuantumBeacon,,,,778b31fe-c1e5-4e06-aac3-40586bcfff97,libs/foundry/records/contracts/contracttemplates/missingperson_parentlocation_markertoguide.xml
MissingPerson_ParentLocation_MarkerToGuide,ContractClass_Contract,300dcbf0-d201-465b-a7be-af7e15a0a512,MDT,0505e20d-d7d9-482e-ba79-875d3c3a03b2,Investigation,0,1,0,0,0,1,1,0,1,1,0,0,0,Failed,0,1,12,ObjectiveHandler_Local,Libs/Subsumption/Missions/PU/Missions/FacilityDelve/GoToObjective.xml,,searchbody_cave_obj_long_01 | searchbody_cave_obj_marker_01 | searchbody_cave_obj_short_01 | TravelObjective_Long | TravelObjective_Short,ReturnObjective_Long | ReturnObjective_Short,,mission_items_QTQuantumBeacon,,,,778b31fe-c1e5-4e06-aac3-40586bcfff97,libs/foundry/records/contracts/contracttemplates/missingperson_parentlocation_markertoguide.xml
MissingPerson_Space_ShipDefence,ContractClass_Contract,300dcbf0-d201-465b-a7be-af7e15a0a512,MDT,0505e20d-d7d9-482e-ba79-875d3c3a03b2,Investigation,0,1,0,0,0,1,1,0,1,1,0,0,0,Failed,0,2,15,ObjectiveHandler_Local,Libs/Subsumption/Missions/PU/Missions/MissingPerson.xml | Libs/Subsumption/Missions/PU/Modules/SpawnShipCombatEncounter/SpawnShipCombatEncounter_ShipLocationDefence.xml,,searchbody_cave_obj_long_01 | searchbody_cave_obj_marker_01 | searchbody_cave_obj_short_01 | TravelObjective_Long | TravelObjective_Short,ReturnObjective_Long | ReturnObjective_Short,,,,,,4dcab4bc-f7f5-4e03-9b15-95f850e172db,libs/foundry/records/contracts/contracttemplates/missingperson_space_shipdefence.xml
MissingPerson_Space_ShipDefence,ContractClass_Contract,300dcbf0-d201-465b-a7be-af7e15a0a512,MDT,0505e20d-d7d9-482e-ba79-875d3c3a03b2,Investigation,0,1,0,0,0,1,1,0,1,1,0,0,0,Failed,0,2,15,ObjectiveHandler_Local,Libs/Subsumption/Missions/PU/Missions/MissingPerson.xml | Libs/Subsumption/Missions/PU/Modules/SpawnShipCombatEncounter/SpawnShipCombatEncounter_ShipLocationDefence.xml,,searchbody_cave_obj_long_01 | searchbody_cave_obj_marker_01 | searchbody_cave_obj_short_01 | TravelObjective_Long | TravelObjective_Short,ReturnObjective_Long | ReturnObjective_Short,,,,,,4dcab4bc-f7f5-4e03-9b15-95f850e172db,libs/foundry/records/contracts/contracttemplates/missingperson_space_shipdefence.xml
MissingPerson_Space,ContractClass_Contract,300dcbf0-d201-465b-a7be-af7e15a0a512,MDT,0505e20d-d7d9-482e-ba79-875d3c3a03b2,Investigation,0,1,0,0,0,1,1,0,1,1,0,0,0,Failed,0,1,8,ObjectiveHandler_Local,Libs/Subsumption/Missions/PU/Missions/MissingPerson.xml,,searchbody_cave_obj_long_01 | searchbody_cave_obj_marker_01 | searchbody_cave_obj_short_01,ReturnObjective_Long | ReturnObjective_Short,,,,,,14629a44-1d81-4db3-9d02-dbfe84fc4d53,libs/foundry/records/contracts/contracttemplates/missingperson_space.xml
MissingPerson_Space,ContractClass_Contract,300dcbf0-d201-465b-a7be-af7e15a0a512,MDT,0505e20d-d7d9-482e-ba79-875d3c3a03b2,Investigation,0,1,0,0,0,1,1,0,1,1,0,0,0,Failed,0,1,8,ObjectiveHandler_Local,Libs/Subsumption/Missions/PU/Missions/MissingPerson.xml,,searchbody_cave_obj_long_01 | searchbody_cave_obj_marker_01 | searchbody_cave_obj_short_01,ReturnObjective_Long | ReturnObjective_Short,,,,,,14629a44-1d81-4db3-9d02-dbfe84fc4d53,libs/foundry/records/contracts/contracttemplates/missingperson_space.xml
MissingPerson,ContractClass_Contract,300dcbf0-d201-465b-a7be-af7e15a0a512,MDT,0505e20d-d7d9-482e-ba79-875d3c3a03b2,Investigation,0,1,0,0,0,1,1,0,1,1,0,0,0,Failed,0,1,8,ObjectiveHandler_Local,Libs/Subsumption/Missions/PU/Missions/MissingPerson.xml,,searchbody_cave_obj_long_01 | searchbody_cave_obj_marker_01 | searchbody_cave_obj_short_01,ReturnObjective_Long | ReturnObjective_Short,,,,,,bc4db0c2-0611-4d4a-a4f3-24f834e0ce17,libs/foundry/records/contracts/contracttemplates/missingperson.xml
MissingPerson,ContractClass_Contract,300dcbf0-d201-465b-a7be-af7e15a0a512,MDT,0505e20d-d7d9-482e-ba79-875d3c3a03b2,Investigation,0,1,0,0,0,1,1,0,1,1,0,0,0,Failed,0,1,8,ObjectiveHandler_Local,Libs/Subsumption/Missions/PU/Missions/MissingPerson.xml,,searchbody_cave_obj_long_01 | searchbody_cave_obj_marker_01 | searchbody_cave_obj_short_01,ReturnObjective_Long | ReturnObjective_Short,,,,,,bc4db0c2-0611-4d4a-a4f3-24f834e0ce17,libs/foundry/records/contracts/contracttemplates/missingperson.xml
MissingPersons_ParentLocation_MarkerToGuide,ContractClass_Contract,300dcbf0-d201-465b-a7be-af7e15a0a512,MDT,0505e20d-d7d9-482e-ba79-875d3c3a03b2,Investigation,0,1,0,0,0,1,1,0,1,1,0,0,0,Failed,0,1,14,ObjectiveHandler_Local,Libs/Subsumption/Missions/PU/Missions/FacilityDelve/GoToObjective.xml,,TravelObjective_Long | TravelObjective_Short,ReturnObjective_Long | ReturnObjective_Short,,mission_items_QTQuantumBeacon,Search_Investigate,,,f5778aa6-3941-4894-a497-9d0b93bc77cd,libs/foundry/records/contracts/contracttemplates/missingpersons_parentlocation_markertoguide.xml
MissingPersons_ParentLocation_MarkerToGuide,ContractClass_Contract,300dcbf0-d201-465b-a7be-af7e15a0a512,MDT,0505e20d-d7d9-482e-ba79-875d3c3a03b2,Investigation,0,1,0,0,0,1,1,0,1,1,0,0,0,Failed,0,1,14,ObjectiveHandler_Local,Libs/Subsumption/Missions/PU/Missions/FacilityDelve/GoToObjective.xml,,TravelObjective_Long | TravelObjective_Short,ReturnObjective_Long | ReturnObjective_Short,,mission_items_QTQuantumBeacon,Search_Investigate,,,f5778aa6-3941-4894-a497-9d0b93bc77cd,libs/foundry/records/contracts/contracttemplates/missingpersons_parentlocation_markertoguide.xml
MissingPersons_SubLocation,ContractClass_Contract,300dcbf0-d201-465b-a7be-af7e15a0a512,MDT,0505e20d-d7d9-482e-ba79-875d3c3a03b2,Investigation,0,1,0,0,0,1,1,0,1,1,0,0,0,Failed,0,1,10,ObjectiveHandler_Local,Libs/Subsumption/Missions/PU/Missions/MissingPersons/MissingPersons.xml,,TravelObjective_Long | TravelObjective_Short,ReturnObjective_Long | ReturnObjective_Short,,mission_items_QTQuantumBeacon,,,,f3a0cae6-0c14-468d-ae7b-54eb8d9be12f,libs/foundry/records/contracts/contracttemplates/missingpersons_sublocation.xml
MissingPersons_SubLocation,ContractClass_Contract,300dcbf0-d201-465b-a7be-af7e15a0a512,MDT,0505e20d-d7d9-482e-ba79-875d3c3a03b2,Investigation,0,1,0,0,0,1,1,0,1,1,0,0,0,Failed,0,1,10,ObjectiveHandler_Local,Libs/Subsumption/Missions/PU/Missions/MissingPersons/MissingPersons.xml,,TravelObjective_Long | TravelObjective_Short,ReturnObjective_Long | ReturnObjective_Short,,mission_items_QTQuantumBeacon,,,,f3a0cae6-0c14-468d-ae7b-54eb8d9be12f,libs/foundry/records/contracts/contracttemplates/missingpersons_sublocation.xml
MissingPersons,ContractClass_Contract,300dcbf0-d201-465b-a7be-af7e15a0a512,MDT,0505e20d-d7d9-482e-ba79-875d3c3a03b2,Investigation,0,1,0,0,0,1,1,0,1,1,0,0,0,Failed,0,1,10,ObjectiveHandler_Local,Libs/Subsumption/Missions/PU/Missions/MissingPersons/MissingPersons.xml,,TravelObjective_Long | TravelObjective_Short,ReturnObjective_Long | ReturnObjective_Short,,mission_items_QTQuantumBeacon,,,,3614e504-908d-4b12-ac5c-a2a27b9fa7ed,libs/foundry/records/contracts/contracttemplates/missingpersons.xml
MissingPersons,ContractClass_Contract,300dcbf0-d201-465b-a7be-af7e15a0a512,MDT,0505e20d-d7d9-482e-ba79-875d3c3a03b2,Investigation,0,1,0,0,0,1,1,0,1,1,0,0,0,Failed,0,1,10,ObjectiveHandler_Local,Libs/Subsumption/Missions/PU/Missions/MissingPersons/MissingPersons.xml,,TravelObjective_Long | TravelObjective_Short,ReturnObjective_Long | ReturnObjective_Short,,mission_items_QTQuantumBeacon,,,,3614e504-908d-4b12-ac5c-a2a27b9fa7ed,libs/foundry/records/contracts/contracttemplates/missingpersons.xml
MissionProviderDebug,ContractClass_Contract,300dcbf0-d201-465b-a7be-af7e15a0a512,MDT,c3f8b2c8-1ee8-4c89-aa0a-e7707e5cca72,Local,0,0,0,0,0,1,1,0,1,1,0,0,0,Failed,0,0,0,,,,,,,,,,,a2c9686d-3d1a-4595-9f35-ec8f441c5c2b,libs/foundry/records/contracts/contracttemplates/missionproviderdebug.xml
MissionProviderDebug,ContractClass_Contract,300dcbf0-d201-465b-a7be-af7e15a0a512,MDT,c3f8b2c8-1ee8-4c89-aa0a-e7707e5cca72,Local,0,0,0,0,0,1,1,0,1,1,0,0,0,Failed,0,0,0,,,,,,,,,,,a2c9686d-3d1a-4595-9f35-ec8f441c5c2b,libs/foundry/records/contracts/contracttemplates/missionproviderdebug.xml
MultiEliminateAllAndBoss,ContractClass_Contract,300dcbf0-d201-465b-a7be-af7e15a0a512,MDT,62f92440-202a-43d3-9cb8-b917d4e4a102,Mercenary,0,1,0,0,0,1,1,0,1,1,0,0,0,Failed,0,5,18,ObjectiveHandler_Local,Libs/Subsumption/Missions/PU/Missions/InfiltrateAndDefend/PU_EliminateAll.xml | Libs/Subsumption/Missions/PU/Missions/InfiltrateAndDefend/PU_EliminateSpecific.xml,basesweep_ChildEliminateAll_ClearLocation_Long | basesweep_ChildEliminateAll_ClearLocation_Short | basesweep_obj_long_01 | basesweep_obj_marker_02 | basesweep_obj_short_01 | bounty_obj_long_02 | bounty_obj_marker_01 | bounty_obj_short_02,TravelObjective_Long | TravelObjective_Short,ReturnObjective_Long | ReturnObjective_Short,,,,,,24278b6e-2ed2-4b23-8933-a0012856e76c,libs/foundry/records/contracts/contracttemplates/multieliminateallandboss.xml
MultiEliminateAllAndBoss,ContractClass_Contract,300dcbf0-d201-465b-a7be-af7e15a0a512,MDT,62f92440-202a-43d3-9cb8-b917d4e4a102,Mercenary,0,1,0,0,0,1,1,0,1,1,0,0,0,Failed,0,5,18,ObjectiveHandler_Local,Libs/Subsumption/Missions/PU/Missions/InfiltrateAndDefend/PU_EliminateAll.xml | Libs/Subsumption/Missions/PU/Missions/InfiltrateAndDefend/PU_EliminateSpecific.xml,basesweep_ChildEliminateAll_ClearLocation_Long | basesweep_ChildEliminateAll_ClearLocation_Short | basesweep_obj_long_01 | basesweep_obj_marker_02 | basesweep_obj_short_01 | bounty_obj_long_02 | bounty_obj_marker_01 | bounty_obj_short_02,TravelObjective_Long | TravelObjective_Short,ReturnObjective_Long | ReturnObjective_Short,,,,,,24278b6e-2ed2-4b23-8933-a0012856e76c,libs/foundry/records/contracts/contracttemplates/multieliminateallandboss.xml
MultiKillShip_2Locations,ContractClass_Contract,300dcbf0-d201-465b-a7be-af7e15a0a512,MDT,62f92440-202a-43d3-9cb8-b917d4e4a102,Mercenary,0,1,0,0,0,1,1,0,1,1,0,0,0,Failed,0,2,26,ObjectiveHandler_Local,Libs/Subsumption/Missions/PU/Missions/KillShip/KillShip.xml,,KillShip_Reach_Long_01 | KillShip_Reach_Marker_01 | KillShip_Reach_Short_01,bounty_obj_long_02 | bounty_obj_marker_02 | bounty_obj_short_02,,,,6804b0a9-b01d-4c9a-8063-67784bd0f021,,91054a90-b72a-4c71-89e6-a1df0e24324b,libs/foundry/records/contracts/contracttemplates/multikillship_2locations.xml
MultiKillShip_2Locations,ContractClass_Contract,300dcbf0-d201-465b-a7be-af7e15a0a512,MDT,62f92440-202a-43d3-9cb8-b917d4e4a102,Mercenary,0,1,0,0,0,1,1,0,1,1,0,0,0,Failed,0,2,26,ObjectiveHandler_Local,Libs/Subsumption/Missions/PU/Missions/KillShip/KillShip.xml,,KillShip_Reach_Long_01 | KillShip_Reach_Marker_01 | KillShip_Reach_Short_01,bounty_obj_long_02 | bounty_obj_marker_02 | bounty_obj_short_02,,,,6804b0a9-b01d-4c9a-8063-67784bd0f021,,91054a90-b72a-4c71-89e6-a1df0e24324b,libs/foundry/records/contracts/contracttemplates/multikillship_2locations.xml
PVP_KillPlayerBounty,,300dcbf0-d201-465b-a7be-af7e15a0a512,MDT,8e5c6f5f-f882-4e31-945b-31ae88db5c0a,BountyHunter,0,1,0,,,,,,,,,,,,,1,13,ObjectiveHandler_EntityAttached,Libs/Subsumption/Missions/PU/PU_Missions/PU_PVP_Bounty.xml,,TravelObjective_Long | TravelObjective_Short,ReturnObjective_Long | ReturnObjective_Short,,,procedural_text_null,,,208a6eaa-43a3-4796-b1c0-21acf563d6af,libs/foundry/records/contracts/contracttemplates/pvp_killplayerbounty.xml
PVP_KillPlayerBounty,,300dcbf0-d201-465b-a7be-af7e15a0a512,MDT,8e5c6f5f-f882-4e31-945b-31ae88db5c0a,BountyHunter,0,1,0,,,,,,,,,,,,,1,13,ObjectiveHandler_EntityAttached,Libs/Subsumption/Missions/PU/PU_Missions/PU_PVP_Bounty.xml,,TravelObjective_Long | TravelObjective_Short,ReturnObjective_Long | ReturnObjective_Short,,,procedural_text_null,,,208a6eaa-43a3-4796-b1c0-21acf563d6af,libs/foundry/records/contracts/contracttemplates/pvp_killplayerbounty.xml
RecoverCargo_MultiDropOff,ContractClass_Contract,300dcbf0-d201-465b-a7be-af7e15a0a512,MDT,62f92440-202a-43d3-9cb8-b917d4e4a102,Mercenary,0,1,0,0,0,1,1,0,1,1,0,0,0,Failed,0,2,14,ObjectiveHandler_Hauling | ObjectiveHandler_NearLocation,Libs/Subsumption/Missions/PU/Missions/RecoverCargo.xml,,TravelObjective_Long | TravelObjective_Marker_1 | TravelObjective_Short,ReturnObjective_Long | ReturnObjective_Marker_1 | ReturnObjective_Short,,,,,,9bb33b2d-d602-4b2b-a02f-90cc576c3df2,libs/foundry/records/contracts/contracttemplates/recovercargo_multidropoff.xml
RecoverCargo_MultiDropOff,ContractClass_Contract,300dcbf0-d201-465b-a7be-af7e15a0a512,MDT,62f92440-202a-43d3-9cb8-b917d4e4a102,Mercenary,0,1,0,0,0,1,1,0,1,1,0,0,0,Failed,0,2,14,ObjectiveHandler_Hauling | ObjectiveHandler_NearLocation,Libs/Subsumption/Missions/PU/Missions/RecoverCargo.xml,,TravelObjective_Long | TravelObjective_Marker_1 | TravelObjective_Short,ReturnObjective_Long | ReturnObjective_Marker_1 | ReturnObjective_Short,,,,,,9bb33b2d-d602-4b2b-a02f-90cc576c3df2,libs/foundry/records/contracts/contracttemplates/recovercargo_multidropoff.xml
RecoverCargo,ContractClass_Contract,300dcbf0-d201-465b-a7be-af7e15a0a512,MDT,62f92440-202a-43d3-9cb8-b917d4e4a102,Mercenary,0,1,0,0,0,1,1,0,1,1,0,0,0,Failed,0,2,14,ObjectiveHandler_Hauling | ObjectiveHandler_NearLocation,Libs/Subsumption/Missions/PU/Missions/RecoverCargo.xml,,TravelObjective_Long | TravelObjective_Marker_1 | TravelObjective_Short,ReturnObjective_Long | ReturnObjective_Marker_1 | ReturnObjective_Short,,,,,,cf76d034-32fe-492c-b0bc-ca1dfc74919d,libs/foundry/records/contracts/contracttemplates/recovercargo.xml
RecoverCargo,ContractClass_Contract,300dcbf0-d201-465b-a7be-af7e15a0a512,MDT,62f92440-202a-43d3-9cb8-b917d4e4a102,Mercenary,0,1,0,0,0,1,1,0,1,1,0,0,0,Failed,0,2,14,ObjectiveHandler_Hauling | ObjectiveHandler_NearLocation,Libs/Subsumption/Missions/PU/Missions/RecoverCargo.xml,,TravelObjective_Long | TravelObjective_Marker_1 | TravelObjective_Short,ReturnObjective_Long | ReturnObjective_Marker_1 | ReturnObjective_Short,,,,,,cf76d034-32fe-492c-b0bc-ca1dfc74919d,libs/foundry/records/contracts/contracttemplates/recovercargo.xml
RecoverCargoFPS_MultiDropOff,ContractClass_Contract,300dcbf0-d201-465b-a7be-af7e15a0a512,MDT,62f92440-202a-43d3-9cb8-b917d4e4a102,Mercenary,0,1,0,0,0,0,1,0,1,1,0,0,0,Failed,0,2,16,ObjectiveHandler_Hauling | ObjectiveHandler_Local,Libs/Subsumption/Missions/PU/Missions/RecoverCargoFPS.xml,,TravelObjective_Long | TravelObjective_Marker_1 | TravelObjective_Short,ReturnObjective_Long | ReturnObjective_Marker_1 | ReturnObjective_Short,,,,,,537cf290-c0cc-4010-b5ec-a3a0bcc14cec,libs/foundry/records/contracts/contracttemplates/recovercargofps_multidropoff.xml
RecoverCargoFPS_MultiDropOff,ContractClass_Contract,300dcbf0-d201-465b-a7be-af7e15a0a512,MDT,62f92440-202a-43d3-9cb8-b917d4e4a102,Mercenary,0,1,0,0,0,0,1,0,1,1,0,0,0,Failed,0,2,16,ObjectiveHandler_Hauling | ObjectiveHandler_Local,Libs/Subsumption/Missions/PU/Missions/RecoverCargoFPS.xml,,TravelObjective_Long | TravelObjective_Marker_1 | TravelObjective_Short,ReturnObjective_Long | ReturnObjective_Marker_1 | ReturnObjective_Short,,,,,,537cf290-c0cc-4010-b5ec-a3a0bcc14cec,libs/foundry/records/contracts/contracttemplates/recovercargofps_multidropoff.xml
RecoverCargoFPS,ContractClass_Contract,300dcbf0-d201-465b-a7be-af7e15a0a512,MDT,62f92440-202a-43d3-9cb8-b917d4e4a102,Mercenary,0,1,0,0,0,0,1,0,1,1,0,0,0,Failed,0,2,16,ObjectiveHandler_Hauling | ObjectiveHandler_Local,Libs/Subsumption/Missions/PU/Missions/RecoverCargoFPS.xml,,TravelObjective_Long | TravelObjective_Marker_1 | TravelObjective_Short,ReturnObjective_Long | ReturnObjective_Marker_1 | ReturnObjective_Short,,,,,,f09c25fc-6aae-401f-bc58-b0a5e7ca5843,libs/foundry/records/contracts/contracttemplates/recovercargofps.xml
RecoverCargoFPS,ContractClass_Contract,300dcbf0-d201-465b-a7be-af7e15a0a512,MDT,62f92440-202a-43d3-9cb8-b917d4e4a102,Mercenary,0,1,0,0,0,0,1,0,1,1,0,0,0,Failed,0,2,16,ObjectiveHandler_Hauling | ObjectiveHandler_Local,Libs/Subsumption/Missions/PU/Missions/RecoverCargoFPS.xml,,TravelObjective_Long | TravelObjective_Marker_1 | TravelObjective_Short,ReturnObjective_Long | ReturnObjective_Marker_1 | ReturnObjective_Short,,,,,,f09c25fc-6aae-401f-bc58-b0a5e7ca5843,libs/foundry/records/contracts/contracttemplates/recovercargofps.xml
RecoverEncryptedData,ContractClass_Contract,300dcbf0-d201-465b-a7be-af7e15a0a512,MDT,0505e20d-d7d9-482e-ba79-875d3c3a03b2,Investigation,0,0,1,0,0,1,1,0,1,1,0,0,0,Failed,0,1,18,ObjectiveHandler_Local,Libs/Subsumption/Missions/PU/Missions/Kaboos/Kaboos_MissionModule.xml,,TravelObjective_Long | TravelObjective_Short,ReturnObjective_Long | ReturnObjective_Short,,Kaboos_Starmap_Name,,,,493049fc-3fd2-47ab-b627-8b24d6c42fe1,libs/foundry/records/contracts/contracttemplates/recoverencrypteddata.xml
RecoverEncryptedData,ContractClass_Contract,300dcbf0-d201-465b-a7be-af7e15a0a512,MDT,0505e20d-d7d9-482e-ba79-875d3c3a03b2,Investigation,0,0,1,0,0,1,1,0,1,1,0,0,0,Failed,0,1,18,ObjectiveHandler_Local,Libs/Subsumption/Missions/PU/Missions/Kaboos/Kaboos_MissionModule.xml,,TravelObjective_Long | TravelObjective_Short,ReturnObjective_Long | ReturnObjective_Short,,Kaboos_Starmap_Name,,,,493049fc-3fd2-47ab-b627-8b24d6c42fe1,libs/foundry/records/contracts/contracttemplates/recoverencrypteddata.xml
RepairO2Kiosk,ContractClass_Contract,300dcbf0-d201-465b-a7be-af7e15a0a512,MDT,fdade1c8-6b0c-444d-9209-33d922a8ca78,Maintenance,0,1,0,0,0,0,1,0,0,1,1,0,0,Failed,0,1,3,ObjectiveHandler_Local,Libs/Subsumption/Missions/PU/PU_Missions/Prison Missions/PU_OxygenKioskRepair.xml,,TravelObjective_Long | TravelObjective_Short,ReturnObjective_Long | ReturnObjective_Short,,,RepairOxygenKiosk_Depth1 | RepairOxygenKiosk_Depth10 | RepairOxygenKiosk_Depth11 | RepairOxygenKiosk_Depth12 | RepairOxygenKiosk_Depth13 | RepairOxygenKiosk_Depth14 | RepairOxygenKiosk_Depth15 | RepairOxygenKiosk_Depth2 | RepairOxygenKiosk_Depth3 | RepairOxygenKiosk_Depth4 | RepairOxygenKiosk_Depth5 | RepairOxygenKiosk_Depth6 | RepairOxygenKiosk_Depth7 | RepairOxygenKiosk_Depth8 | RepairOxygenKiosk_Depth9 | RepairOxygenKiosk_Route1 | RepairOxygenKiosk_Route2 | RepairOxygenKiosk_Route3,,,a0a59f63-2c43-422e-a598-ec8be8ace918,libs/foundry/records/contracts/contracttemplates/repairo2kiosk.xml
RepairO2Kiosk,ContractClass_Contract,300dcbf0-d201-465b-a7be-af7e15a0a512,MDT,fdade1c8-6b0c-444d-9209-33d922a8ca78,Maintenance,0,1,0,0,0,0,1,0,0,1,1,0,0,Failed,0,1,3,ObjectiveHandler_Local,Libs/Subsumption/Missions/PU/PU_Missions/Prison Missions/PU_OxygenKioskRepair.xml,,TravelObjective_Long | TravelObjective_Short,ReturnObjective_Long | ReturnObjective_Short,,,RepairOxygenKiosk_Depth1 | RepairOxygenKiosk_Depth10 | RepairOxygenKiosk_Depth11 | RepairOxygenKiosk_Depth12 | RepairOxygenKiosk_Depth13 | RepairOxygenKiosk_Depth14 | RepairOxygenKiosk_Depth15 | RepairOxygenKiosk_Depth2 | RepairOxygenKiosk_Depth3 | RepairOxygenKiosk_Depth4 | RepairOxygenKiosk_Depth5 | RepairOxygenKiosk_Depth6 | RepairOxygenKiosk_Depth7 | RepairOxygenKiosk_Depth8 | RepairOxygenKiosk_Depth9 | RepairOxygenKiosk_Route1 | RepairOxygenKiosk_Route2 | RepairOxygenKiosk_Route3,,,a0a59f63-2c43-422e-a598-ec8be8ace918,libs/foundry/records/contracts/contracttemplates/repairo2kiosk.xml
ReplaceComponent,ContractClass_Contract,300dcbf0-d201-465b-a7be-af7e15a0a512,MDT,0505e20d-d7d9-482e-ba79-875d3c3a03b2,Investigation,0,1,0,0,0,1,1,0,1,1,0,0,0,Failed,0,1,2,ObjectiveHandler_Local,Libs/Subsumption/Missions/PU/JobBoardMissions/Enginering/ComponentSwap/ReplaceComponents.xml,,replaceparts_obj_002_long | replaceparts_obj_002_short | TravelObjective_Short,ReturnObjective_Long | ReturnObjective_Short,,,,5b73be42-c983-4aa6-afeb-69acdd3c3fee,,ad289760-81a7-49ea-96a9-2eb1a1ca148f,libs/foundry/records/contracts/contracttemplates/replacecomponent.xml
ReplaceComponent,ContractClass_Contract,300dcbf0-d201-465b-a7be-af7e15a0a512,MDT,0505e20d-d7d9-482e-ba79-875d3c3a03b2,Investigation,0,1,0,0,0,1,1,0,1,1,0,0,0,Failed,0,1,2,ObjectiveHandler_Local,Libs/Subsumption/Missions/PU/JobBoardMissions/Enginering/ComponentSwap/ReplaceComponents.xml,,replaceparts_obj_002_long | replaceparts_obj_002_short | TravelObjective_Short,ReturnObjective_Long | ReturnObjective_Short,,,,5b73be42-c983-4aa6-afeb-69acdd3c3fee,,ad289760-81a7-49ea-96a9-2eb1a1ca148f,libs/foundry/records/contracts/contracttemplates/replacecomponent.xml
RetrieveCargo_Courier,ContractClass_Contract,300dcbf0-d201-465b-a7be-af7e15a0a512,MDT,62f92440-202a-43d3-9cb8-b917d4e4a102,Mercenary,0,1,0,0,0,0,1,0,1,1,0,0,0,Failed,0,2,21,ObjectiveHandler_Hauling | ObjectiveHandler_Local,Libs/Subsumption/Missions/PU/Missions/RecoverCargo.xml,,TravelObjective_Long | TravelObjective_Short,ReturnObjective_Long | ReturnObjective_Short,,,,72609231-b9fe-4149-a82b-b5fb63fc7d05 | 984285ee-9b94-48c9-b11a-915fc11643a4, | ,4177022f-aad0-4270-9fef-5f11fe0abcab,libs/foundry/records/contracts/contracttemplates/retrievecargo_courier.xml
RetrieveCargo_Courier,ContractClass_Contract,300dcbf0-d201-465b-a7be-af7e15a0a512,MDT,62f92440-202a-43d3-9cb8-b917d4e4a102,Mercenary,0,1,0,0,0,0,1,0,1,1,0,0,0,Failed,0,2,21,ObjectiveHandler_Hauling | ObjectiveHandler_Local,Libs/Subsumption/Missions/PU/Missions/RecoverCargo.xml,,TravelObjective_Long | TravelObjective_Short,ReturnObjective_Long | ReturnObjective_Short,,,,72609231-b9fe-4149-a82b-b5fb63fc7d05 | 984285ee-9b94-48c9-b11a-915fc11643a4, | ,4177022f-aad0-4270-9fef-5f11fe0abcab,libs/foundry/records/contracts/contracttemplates/retrievecargo_courier.xml
RCD_PowerFacility,ContractClass_Contract,300dcbf0-d201-465b-a7be-af7e15a0a512,MDT,0505e20d-d7d9-482e-ba79-875d3c3a03b2,Investigation,0,0,0,0,0,1,1,0,1,1,0,0,0,Failed,0,5,2,ObjectiveHandler_Local,Libs/Subsumption/Missions/PU/Modules/GoToActionArea/GoToActionArea.xml | Libs/Subsumption/Missions/PU/Modules/Interaction/InteractionOrStateMachineCheck.xml,,shubin_rockcracker_location_marker_01 | shubin_rockcracker_location_obj_long_01 | shubin_rockcracker_location_obj_short_01 | TravelObjective_Long | TravelObjective_Short,ReturnObjective_Long | ReturnObjective_Short,,,shubin_rockcracker_laser_obj_long_00 | shubin_rockcracker_laser_obj_long_01 | shubin_rockcracker_laser_obj_long_02 | shubin_rockcracker_laser_obj_long_03 | shubin_rockcracker_laser_obj_long_04 | shubin_rockcracker_laser_obj_marker_00 | shubin_rockcracker_laser_obj_marker_04 | shubin_rockcracker_laser_obj_short_00 | shubin_rockcracker_laser_obj_short_01 | shubin_rockcracker_laser_obj_short_02 | shubin_rockcracker_laser_obj_short_03 | shubin_rockcracker_laser_obj_short_04,,,f967f4e5-d184-4ce4-b051-cc4fc91623d8,libs/foundry/records/contracts/contracttemplates/rockcrackerdungeon/rcd_powerfacility.xml
RCD_PowerFacility,ContractClass_Contract,300dcbf0-d201-465b-a7be-af7e15a0a512,MDT,0505e20d-d7d9-482e-ba79-875d3c3a03b2,Investigation,0,0,0,0,0,1,1,0,1,1,0,0,0,Failed,0,5,2,ObjectiveHandler_Local,Libs/Subsumption/Missions/PU/Modules/GoToActionArea/GoToActionArea.xml | Libs/Subsumption/Missions/PU/Modules/Interaction/InteractionOrStateMachineCheck.xml,,shubin_rockcracker_location_marker_01 | shubin_rockcracker_location_obj_long_01 | shubin_rockcracker_location_obj_short_01 | TravelObjective_Long | TravelObjective_Short,ReturnObjective_Long | ReturnObjective_Short,,,shubin_rockcracker_laser_obj_long_00 | shubin_rockcracker_laser_obj_long_01 | shubin_rockcracker_laser_obj_long_02 | shubin_rockcracker_laser_obj_long_03 | shubin_rockcracker_laser_obj_long_04 | shubin_rockcracker_laser_obj_marker_00 | shubin_rockcracker_laser_obj_marker_04 | shubin_rockcracker_laser_obj_short_00 | shubin_rockcracker_laser_obj_short_01 | shubin_rockcracker_laser_obj_short_02 | shubin_rockcracker_laser_obj_short_03 | shubin_rockcracker_laser_obj_short_04,,,f967f4e5-d184-4ce4-b051-cc4fc91623d8,libs/foundry/records/contracts/contracttemplates/rockcrackerdungeon/rcd_powerfacility.xml
Salvage_FPS,ContractClass_Contract,300dcbf0-d201-465b-a7be-af7e15a0a512,MDT,655cbe6e-19df-4757-8a05-a4cbd2bae78f,Salvage,0,1,0,0,0,1,1,0,1,1,0,0,0,Failed,0,1,22,ObjectiveHandler_Local,Libs/Subsumption/Missions/PU/Missions/Salvage/SalvageContractor.xml,,FPSSalvage_obj_long_01 | FPSSalvage_obj_marker_01 | FPSSalvage_obj_short_01,ReturnObjective_Long | ReturnObjective_Short,,,SalvageContractor_Lawful_shipstory_001 | SalvageContractor_Lawful_shipstory_002 | SalvageContractor_Lawful_shipstory_003 | SalvageContractor_Lawful_shipstory_004 | SalvageContractor_Lawful_shipstory_006 | SalvageContractor_Lawful_shipstory_007 | SalvageContractor_Lawful_shipstory_008 | SalvageContractor_Lawful_shipstory_010,,,75c19124-cd4f-44fe-92be-433522eb56f0,libs/foundry/records/contracts/contracttemplates/salvage_fps.xml
Salvage_FPS,ContractClass_Contract,300dcbf0-d201-465b-a7be-af7e15a0a512,MDT,655cbe6e-19df-4757-8a05-a4cbd2bae78f,Salvage,0,1,0,0,0,1,1,0,1,1,0,0,0,Failed,0,1,22,ObjectiveHandler_Local,Libs/Subsumption/Missions/PU/Missions/Salvage/SalvageContractor.xml,,FPSSalvage_obj_long_01 | FPSSalvage_obj_marker_01 | FPSSalvage_obj_short_01,ReturnObjective_Long | ReturnObjective_Short,,,SalvageContractor_Lawful_shipstory_001 | SalvageContractor_Lawful_shipstory_002 | SalvageContractor_Lawful_shipstory_003 | SalvageContractor_Lawful_shipstory_004 | SalvageContractor_Lawful_shipstory_006 | SalvageContractor_Lawful_shipstory_007 | SalvageContractor_Lawful_shipstory_008 | SalvageContractor_Lawful_shipstory_010,,,75c19124-cd4f-44fe-92be-433522eb56f0,libs/foundry/records/contracts/contracttemplates/salvage_fps.xml
Salvage_Killship_DefendShip,ContractClass_Contract,300dcbf0-d201-465b-a7be-af7e15a0a512,MDT,655cbe6e-19df-4757-8a05-a4cbd2bae78f,Salvage,0,1,0,0,0,1,1,0,1,1,0,0,0,Failed,0,3,50,ObjectiveHandler_Local | ObjectiveHandler_NearLocation,Libs/Subsumption/Missions/PU/Missions/KillShip/KillShip.xml | Libs/Subsumption/Missions/PU/Missions/Salvage/SalvageContractor.xml | Libs/Subsumption/Missions/PU/Missions/SupportAttackedShip/SupportAttackedShip.xml,,bounty_obj_long_01 | bounty_obj_short_01 | KillShip_Reach_Marker_01 | TravelObjective_Long | TravelObjective_Short,bounty_obj_long_02 | bounty_obj_marker_02 | bounty_obj_short_02 | ReturnObjective_Long | ReturnObjective_Short,,,procedural_text_null | SalvageContractor_Lawful_shipstory_001 | SalvageContractor_Lawful_shipstory_002 | SalvageContractor_Lawful_shipstory_003 | SalvageContractor_Lawful_shipstory_004 | SalvageContractor_Lawful_shipstory_006 | SalvageContractor_Lawful_shipstory_007 | SalvageContractor_Lawful_shipstory_008 | SalvageContractor_Lawful_shipstory_010,6804b0a9-b01d-4c9a-8063-67784bd0f021 | a98e69d7-a578-4208-a94e-39b92553916b | d468664d-6097-42c8-988e-0ccb0533f93e | f00b6f01-7245-437d-9c41-da6a00e2df43, |  |  | ,75cf74ed-a6a3-4c82-ac2c-78ad84ef4917,libs/foundry/records/contracts/contracttemplates/salvage_killship_defendship.xml
Salvage_Killship_DefendShip,ContractClass_Contract,300dcbf0-d201-465b-a7be-af7e15a0a512,MDT,655cbe6e-19df-4757-8a05-a4cbd2bae78f,Salvage,0,1,0,0,0,1,1,0,1,1,0,0,0,Failed,0,3,50,ObjectiveHandler_Local | ObjectiveHandler_NearLocation,Libs/Subsumption/Missions/PU/Missions/KillShip/KillShip.xml | Libs/Subsumption/Missions/PU/Missions/Salvage/SalvageContractor.xml | Libs/Subsumption/Missions/PU/Missions/SupportAttackedShip/SupportAttackedShip.xml,,bounty_obj_long_01 | bounty_obj_short_01 | KillShip_Reach_Marker_01 | TravelObjective_Long | TravelObjective_Short,bounty_obj_long_02 | bounty_obj_marker_02 | bounty_obj_short_02 | ReturnObjective_Long | ReturnObjective_Short,,,procedural_text_null | SalvageContractor_Lawful_shipstory_001 | SalvageContractor_Lawful_shipstory_002 | SalvageContractor_Lawful_shipstory_003 | SalvageContractor_Lawful_shipstory_004 | SalvageContractor_Lawful_shipstory_006 | SalvageContractor_Lawful_shipstory_007 | SalvageContractor_Lawful_shipstory_008 | SalvageContractor_Lawful_shipstory_010,6804b0a9-b01d-4c9a-8063-67784bd0f021 | a98e69d7-a578-4208-a94e-39b92553916b | d468664d-6097-42c8-988e-0ccb0533f93e | f00b6f01-7245-437d-9c41-da6a00e2df43, |  |  | ,75cf74ed-a6a3-4c82-ac2c-78ad84ef4917,libs/foundry/records/contracts/contracttemplates/salvage_killship_defendship.xml
Salvage_Killship,ContractClass_Contract,300dcbf0-d201-465b-a7be-af7e15a0a512,MDT,655cbe6e-19df-4757-8a05-a4cbd2bae78f,Salvage,0,1,0,0,0,1,1,0,1,1,0,0,0,Failed,0,2,43,ObjectiveHandler_Local | ObjectiveHandler_NearLocation,Libs/Subsumption/Missions/PU/Missions/KillShip/KillShip.xml | Libs/Subsumption/Missions/PU/Missions/Salvage/SalvageContractor.xml,,bounty_obj_long_01 | bounty_obj_short_01 | KillShip_Reach_Marker_01 | TravelObjective_Long | TravelObjective_Short,bounty_obj_long_02 | bounty_obj_marker_02 | bounty_obj_short_02 | ReturnObjective_Long | ReturnObjective_Short,,,procedural_text_null | SalvageContractor_Lawful_shipstory_001 | SalvageContractor_Lawful_shipstory_002 | SalvageContractor_Lawful_shipstory_003 | SalvageContractor_Lawful_shipstory_004 | SalvageContractor_Lawful_shipstory_006 | SalvageContractor_Lawful_shipstory_007 | SalvageContractor_Lawful_shipstory_008 | SalvageContractor_Lawful_shipstory_010,6804b0a9-b01d-4c9a-8063-67784bd0f021,,eaaf6b45-13d4-4b15-a4e4-ef896e34867a,libs/foundry/records/contracts/contracttemplates/salvage_killship.xml
Salvage_Killship,ContractClass_Contract,300dcbf0-d201-465b-a7be-af7e15a0a512,MDT,655cbe6e-19df-4757-8a05-a4cbd2bae78f,Salvage,0,1,0,0,0,1,1,0,1,1,0,0,0,Failed,0,2,43,ObjectiveHandler_Local | ObjectiveHandler_NearLocation,Libs/Subsumption/Missions/PU/Missions/KillShip/KillShip.xml | Libs/Subsumption/Missions/PU/Missions/Salvage/SalvageContractor.xml,,bounty_obj_long_01 | bounty_obj_short_01 | KillShip_Reach_Marker_01 | TravelObjective_Long | TravelObjective_Short,bounty_obj_long_02 | bounty_obj_marker_02 | bounty_obj_short_02 | ReturnObjective_Long | ReturnObjective_Short,,,procedural_text_null | SalvageContractor_Lawful_shipstory_001 | SalvageContractor_Lawful_shipstory_002 | SalvageContractor_Lawful_shipstory_003 | SalvageContractor_Lawful_shipstory_004 | SalvageContractor_Lawful_shipstory_006 | SalvageContractor_Lawful_shipstory_007 | SalvageContractor_Lawful_shipstory_008 | SalvageContractor_Lawful_shipstory_010,6804b0a9-b01d-4c9a-8063-67784bd0f021,,eaaf6b45-13d4-4b15-a4e4-ef896e34867a,libs/foundry/records/contracts/contracttemplates/salvage_killship.xml
Salvage_Lawful_Local,ContractClass_Contract,300dcbf0-d201-465b-a7be-af7e15a0a512,MDT,c3f8b2c8-1ee8-4c89-aa0a-e7707e5cca72,Local,0,1,0,0,0,1,1,0,1,1,0,0,0,Failed,0,1,22,ObjectiveHandler_NearLocation,Libs/Subsumption/Missions/PU/Missions/Salvage/SalvageContractor.xml,,LocateSalvage_obj_long_01 | LocateSalvage_obj_marker_01 | LocateSalvage_obj_short_01,ReturnObjective_Long | ReturnObjective_Short,,BasicSalvage_obj_marker_01,SalvageContractor_Lawful_shipstory_001 | SalvageContractor_Lawful_shipstory_002 | SalvageContractor_Lawful_shipstory_003 | SalvageContractor_Lawful_shipstory_004 | SalvageContractor_Lawful_shipstory_006 | SalvageContractor_Lawful_shipstory_007 | SalvageContractor_Lawful_shipstory_008 | SalvageContractor_Lawful_shipstory_010,,,b9255687-a321-44c0-a6bd-e44866be3d52,libs/foundry/records/contracts/contracttemplates/salvage_lawful_local.xml
Salvage_Lawful_Local,ContractClass_Contract,300dcbf0-d201-465b-a7be-af7e15a0a512,MDT,c3f8b2c8-1ee8-4c89-aa0a-e7707e5cca72,Local,0,1,0,0,0,1,1,0,1,1,0,0,0,Failed,0,1,22,ObjectiveHandler_NearLocation,Libs/Subsumption/Missions/PU/Missions/Salvage/SalvageContractor.xml,,LocateSalvage_obj_long_01 | LocateSalvage_obj_marker_01 | LocateSalvage_obj_short_01,ReturnObjective_Long | ReturnObjective_Short,,BasicSalvage_obj_marker_01,SalvageContractor_Lawful_shipstory_001 | SalvageContractor_Lawful_shipstory_002 | SalvageContractor_Lawful_shipstory_003 | SalvageContractor_Lawful_shipstory_004 | SalvageContractor_Lawful_shipstory_006 | SalvageContractor_Lawful_shipstory_007 | SalvageContractor_Lawful_shipstory_008 | SalvageContractor_Lawful_shipstory_010,,,b9255687-a321-44c0-a6bd-e44866be3d52,libs/foundry/records/contracts/contracttemplates/salvage_lawful_local.xml
Salvage_Lawful_PyroRestStops,ContractClass_Contract,300dcbf0-d201-465b-a7be-af7e15a0a512,MDT,655cbe6e-19df-4757-8a05-a4cbd2bae78f,Salvage,0,1,0,0,0,1,1,0,1,1,0,0,0,Failed,0,1,22,ObjectiveHandler_NearLocation,Libs/Subsumption/Missions/PU/Missions/Salvage/SalvageContractor.xml,,LocateSalvage_obj_long_01 | LocateSalvage_obj_marker_01 | LocateSalvage_obj_short_01,ReturnObjective_Long | ReturnObjective_Short,,BasicSalvage_obj_marker_01,SalvageContractor_Lawful_shipstory_001 | SalvageContractor_Lawful_shipstory_002 | SalvageContractor_Lawful_shipstory_003 | SalvageContractor_Lawful_shipstory_004 | SalvageContractor_Lawful_shipstory_006 | SalvageContractor_Lawful_shipstory_007 | SalvageContractor_Lawful_shipstory_008 | SalvageContractor_Lawful_shipstory_010,,,58a485e0-58ed-40ce-a8f7-d73f316a4ac2,libs/foundry/records/contracts/contracttemplates/salvage_lawful_pyroreststops.xml
Salvage_Lawful_PyroRestStops,ContractClass_Contract,300dcbf0-d201-465b-a7be-af7e15a0a512,MDT,655cbe6e-19df-4757-8a05-a4cbd2bae78f,Salvage,0,1,0,0,0,1,1,0,1,1,0,0,0,Failed,0,1,22,ObjectiveHandler_NearLocation,Libs/Subsumption/Missions/PU/Missions/Salvage/SalvageContractor.xml,,LocateSalvage_obj_long_01 | LocateSalvage_obj_marker_01 | LocateSalvage_obj_short_01,ReturnObjective_Long | ReturnObjective_Short,,BasicSalvage_obj_marker_01,SalvageContractor_Lawful_shipstory_001 | SalvageContractor_Lawful_shipstory_002 | SalvageContractor_Lawful_shipstory_003 | SalvageContractor_Lawful_shipstory_004 | SalvageContractor_Lawful_shipstory_006 | SalvageContractor_Lawful_shipstory_007 | SalvageContractor_Lawful_shipstory_008 | SalvageContractor_Lawful_shipstory_010,,,58a485e0-58ed-40ce-a8f7-d73f316a4ac2,libs/foundry/records/contracts/contracttemplates/salvage_lawful_pyroreststops.xml
Salvage_Lawful,ContractClass_Contract,300dcbf0-d201-465b-a7be-af7e15a0a512,MDT,655cbe6e-19df-4757-8a05-a4cbd2bae78f,Salvage,0,1,0,0,0,1,1,0,1,1,0,0,0,Failed,0,1,22,ObjectiveHandler_NearLocation,Libs/Subsumption/Missions/PU/Missions/Salvage/SalvageContractor.xml,,LocateSalvage_obj_long_01 | LocateSalvage_obj_marker_01 | LocateSalvage_obj_short_01,ReturnObjective_Long | ReturnObjective_Short,,BasicSalvage_obj_marker_01,SalvageContractor_Lawful_shipstory_001 | SalvageContractor_Lawful_shipstory_002 | SalvageContractor_Lawful_shipstory_003 | SalvageContractor_Lawful_shipstory_004 | SalvageContractor_Lawful_shipstory_006 | SalvageContractor_Lawful_shipstory_007 | SalvageContractor_Lawful_shipstory_008 | SalvageContractor_Lawful_shipstory_010,,,2e4f8f50-a94c-47c8-a89d-987e34a2d3da,libs/foundry/records/contracts/contracttemplates/salvage_lawful.xml
Salvage_Lawful,ContractClass_Contract,300dcbf0-d201-465b-a7be-af7e15a0a512,MDT,655cbe6e-19df-4757-8a05-a4cbd2bae78f,Salvage,0,1,0,0,0,1,1,0,1,1,0,0,0,Failed,0,1,22,ObjectiveHandler_NearLocation,Libs/Subsumption/Missions/PU/Missions/Salvage/SalvageContractor.xml,,LocateSalvage_obj_long_01 | LocateSalvage_obj_marker_01 | LocateSalvage_obj_short_01,ReturnObjective_Long | ReturnObjective_Short,,BasicSalvage_obj_marker_01,SalvageContractor_Lawful_shipstory_001 | SalvageContractor_Lawful_shipstory_002 | SalvageContractor_Lawful_shipstory_003 | SalvageContractor_Lawful_shipstory_004 | SalvageContractor_Lawful_shipstory_006 | SalvageContractor_Lawful_shipstory_007 | SalvageContractor_Lawful_shipstory_008 | SalvageContractor_Lawful_shipstory_010,,,2e4f8f50-a94c-47c8-a89d-987e34a2d3da,libs/foundry/records/contracts/contracttemplates/salvage_lawful.xml
Salvage_ResourceGathering,ContractClass_Contract,300dcbf0-d201-465b-a7be-af7e15a0a512,MDT,655cbe6e-19df-4757-8a05-a4cbd2bae78f,Salvage,0,1,0,0,0,1,1,0,1,1,0,0,0,Failed,0,2,24,ObjectiveHandler_Hauling | ObjectiveHandler_NearLocation,Libs/Subsumption/Missions/PU/Missions/Salvage/SalvageContractor.xml,,LocateSalvage_obj_long_01 | LocateSalvage_obj_marker_01 | LocateSalvage_obj_short_01,ReturnObjective_Long | ReturnObjective_Short,,BasicSalvage_obj_marker_01,SalvageContractor_Lawful_shipstory_001 | SalvageContractor_Lawful_shipstory_002 | SalvageContractor_Lawful_shipstory_003 | SalvageContractor_Lawful_shipstory_004 | SalvageContractor_Lawful_shipstory_006 | SalvageContractor_Lawful_shipstory_007 | SalvageContractor_Lawful_shipstory_008 | SalvageContractor_Lawful_shipstory_010,,,a24c2d47-de66-42c2-a92a-dcae6c267b49,libs/foundry/records/contracts/contracttemplates/salvage_resourcegathering.xml
Salvage_ResourceGathering,ContractClass_Contract,300dcbf0-d201-465b-a7be-af7e15a0a512,MDT,655cbe6e-19df-4757-8a05-a4cbd2bae78f,Salvage,0,1,0,0,0,1,1,0,1,1,0,0,0,Failed,0,2,24,ObjectiveHandler_Hauling | ObjectiveHandler_NearLocation,Libs/Subsumption/Missions/PU/Missions/Salvage/SalvageContractor.xml,,LocateSalvage_obj_long_01 | LocateSalvage_obj_marker_01 | LocateSalvage_obj_short_01,ReturnObjective_Long | ReturnObjective_Short,,BasicSalvage_obj_marker_01,SalvageContractor_Lawful_shipstory_001 | SalvageContractor_Lawful_shipstory_002 | SalvageContractor_Lawful_shipstory_003 | SalvageContractor_Lawful_shipstory_004 | SalvageContractor_Lawful_shipstory_006 | SalvageContractor_Lawful_shipstory_007 | SalvageContractor_Lawful_shipstory_008 | SalvageContractor_Lawful_shipstory_010,,,a24c2d47-de66-42c2-a92a-dcae6c267b49,libs/foundry/records/contracts/contracttemplates/salvage_resourcegathering.xml
Salvage_RetrieveCargo_DefendShip,ContractClass_Contract,300dcbf0-d201-465b-a7be-af7e15a0a512,MDT,655cbe6e-19df-4757-8a05-a4cbd2bae78f,Salvage,0,1,0,0,0,1,1,0,1,1,0,0,0,Failed,0,3,36,ObjectiveHandler_Local | ObjectiveHandler_NearLocation,Libs/Subsumption/Missions/PU/Missions/RecoverCargo.xml | Libs/Subsumption/Missions/PU/Missions/Salvage/SalvageContractor.xml | Libs/Subsumption/Missions/PU/Missions/SupportAttackedShip/SupportAttackedShip.xml,,TravelObjective_Long | TravelObjective_Short,ReturnObjective_Long | ReturnObjective_Short,,,SalvageContractor_Lawful_shipstory_001 | SalvageContractor_Lawful_shipstory_002 | SalvageContractor_Lawful_shipstory_003 | SalvageContractor_Lawful_shipstory_004 | SalvageContractor_Lawful_shipstory_006 | SalvageContractor_Lawful_shipstory_007 | SalvageContractor_Lawful_shipstory_008 | SalvageContractor_Lawful_shipstory_010,a98e69d7-a578-4208-a94e-39b92553916b | d468664d-6097-42c8-988e-0ccb0533f93e | f00b6f01-7245-437d-9c41-da6a00e2df43, |  | ,5bcd3140-6675-4397-8e19-0cc721cf64f4,libs/foundry/records/contracts/contracttemplates/salvage_retrievecargo_defendship.xml
Salvage_RetrieveCargo_DefendShip,ContractClass_Contract,300dcbf0-d201-465b-a7be-af7e15a0a512,MDT,655cbe6e-19df-4757-8a05-a4cbd2bae78f,Salvage,0,1,0,0,0,1,1,0,1,1,0,0,0,Failed,0,3,36,ObjectiveHandler_Local | ObjectiveHandler_NearLocation,Libs/Subsumption/Missions/PU/Missions/RecoverCargo.xml | Libs/Subsumption/Missions/PU/Missions/Salvage/SalvageContractor.xml | Libs/Subsumption/Missions/PU/Missions/SupportAttackedShip/SupportAttackedShip.xml,,TravelObjective_Long | TravelObjective_Short,ReturnObjective_Long | ReturnObjective_Short,,,SalvageContractor_Lawful_shipstory_001 | SalvageContractor_Lawful_shipstory_002 | SalvageContractor_Lawful_shipstory_003 | SalvageContractor_Lawful_shipstory_004 | SalvageContractor_Lawful_shipstory_006 | SalvageContractor_Lawful_shipstory_007 | SalvageContractor_Lawful_shipstory_008 | SalvageContractor_Lawful_shipstory_010,a98e69d7-a578-4208-a94e-39b92553916b | d468664d-6097-42c8-988e-0ccb0533f93e | f00b6f01-7245-437d-9c41-da6a00e2df43, |  | ,5bcd3140-6675-4397-8e19-0cc721cf64f4,libs/foundry/records/contracts/contracttemplates/salvage_retrievecargo_defendship.xml
Salvage_RetrieveCargo,ContractClass_Contract,300dcbf0-d201-465b-a7be-af7e15a0a512,MDT,655cbe6e-19df-4757-8a05-a4cbd2bae78f,Salvage,0,1,0,0,0,1,1,0,1,1,0,0,0,Failed,0,2,30,ObjectiveHandler_Local | ObjectiveHandler_NearLocation,Libs/Subsumption/Missions/PU/Missions/RecoverCargo.xml | Libs/Subsumption/Missions/PU/Missions/Salvage/SalvageContractor.xml,,TravelObjective_Long | TravelObjective_Short,ReturnObjective_Long | ReturnObjective_Short,,,SalvageContractor_Lawful_shipstory_001 | SalvageContractor_Lawful_shipstory_002 | SalvageContractor_Lawful_shipstory_003 | SalvageContractor_Lawful_shipstory_004 | SalvageContractor_Lawful_shipstory_006 | SalvageContractor_Lawful_shipstory_007 | SalvageContractor_Lawful_shipstory_008 | SalvageContractor_Lawful_shipstory_010,,,9e51a2c8-10e9-4e87-bced-26e5780d4c27,libs/foundry/records/contracts/contracttemplates/salvage_retrievecargo.xml
Salvage_RetrieveCargo,ContractClass_Contract,300dcbf0-d201-465b-a7be-af7e15a0a512,MDT,655cbe6e-19df-4757-8a05-a4cbd2bae78f,Salvage,0,1,0,0,0,1,1,0,1,1,0,0,0,Failed,0,2,30,ObjectiveHandler_Local | ObjectiveHandler_NearLocation,Libs/Subsumption/Missions/PU/Missions/RecoverCargo.xml | Libs/Subsumption/Missions/PU/Missions/Salvage/SalvageContractor.xml,,TravelObjective_Long | TravelObjective_Short,ReturnObjective_Long | ReturnObjective_Short,,,SalvageContractor_Lawful_shipstory_001 | SalvageContractor_Lawful_shipstory_002 | SalvageContractor_Lawful_shipstory_003 | SalvageContractor_Lawful_shipstory_004 | SalvageContractor_Lawful_shipstory_006 | SalvageContractor_Lawful_shipstory_007 | SalvageContractor_Lawful_shipstory_008 | SalvageContractor_Lawful_shipstory_010,,,9e51a2c8-10e9-4e87-bced-26e5780d4c27,libs/foundry/records/contracts/contracttemplates/salvage_retrievecargo.xml
Salvage_Unlawful_Coverup,ContractClass_Contract,300dcbf0-d201-465b-a7be-af7e15a0a512,MDT,655cbe6e-19df-4757-8a05-a4cbd2bae78f,Salvage,1,1,0,0,0,1,1,0,1,0,0,0,0,Failed,0,1,22,ObjectiveHandler_NearLocation,Libs/Subsumption/Missions/PU/Missions/Salvage/SalvageContractor.xml,,TravelObjective_Long | TravelObjective_Short,ReturnObjective_Long | ReturnObjective_Short,,ShipStrip_obj_beacon_01,,,,7b263f6c-6891-418f-bb1d-cf85401b1588,libs/foundry/records/contracts/contracttemplates/salvage_unlawful_coverup.xml
Salvage_Unlawful_Coverup,ContractClass_Contract,300dcbf0-d201-465b-a7be-af7e15a0a512,MDT,655cbe6e-19df-4757-8a05-a4cbd2bae78f,Salvage,1,1,0,0,0,1,1,0,1,0,0,0,0,Failed,0,1,22,ObjectiveHandler_NearLocation,Libs/Subsumption/Missions/PU/Missions/Salvage/SalvageContractor.xml,,TravelObjective_Long | TravelObjective_Short,ReturnObjective_Long | ReturnObjective_Short,,ShipStrip_obj_beacon_01,,,,7b263f6c-6891-418f-bb1d-cf85401b1588,libs/foundry/records/contracts/contracttemplates/salvage_unlawful_coverup.xml
Salvage_Unlawful_WithQT,ContractClass_Contract,300dcbf0-d201-465b-a7be-af7e15a0a512,MDT,655cbe6e-19df-4757-8a05-a4cbd2bae78f,Salvage,1,1,0,0,0,1,1,0,1,0,0,0,0,Failed,0,1,22,ObjectiveHandler_NearLocation,Libs/Subsumption/Missions/PU/Missions/Salvage/SalvageContractor.xml,,TravelObjective_Long | TravelObjective_Short,ReturnObjective_Long | ReturnObjective_Short,,BasicSalvage_obj_marker_01,,,,831a5a3f-44c0-4298-8cfd-81940bc2a53f,libs/foundry/records/contracts/contracttemplates/salvage_unlawful_withqt.xml
Salvage_Unlawful_WithQT,ContractClass_Contract,300dcbf0-d201-465b-a7be-af7e15a0a512,MDT,655cbe6e-19df-4757-8a05-a4cbd2bae78f,Salvage,1,1,0,0,0,1,1,0,1,0,0,0,0,Failed,0,1,22,ObjectiveHandler_NearLocation,Libs/Subsumption/Missions/PU/Missions/Salvage/SalvageContractor.xml,,TravelObjective_Long | TravelObjective_Short,ReturnObjective_Long | ReturnObjective_Short,,BasicSalvage_obj_marker_01,,,,831a5a3f-44c0-4298-8cfd-81940bc2a53f,libs/foundry/records/contracts/contracttemplates/salvage_unlawful_withqt.xml
Salvage_Unlawful,ContractClass_Contract,300dcbf0-d201-465b-a7be-af7e15a0a512,MDT,655cbe6e-19df-4757-8a05-a4cbd2bae78f,Salvage,1,1,0,0,0,1,1,0,1,0,0,0,0,Failed,0,1,22,ObjectiveHandler_NearLocation,Libs/Subsumption/Missions/PU/Missions/Salvage/SalvageContractor.xml,,TravelObjective_Long | TravelObjective_Short,ReturnObjective_Long | ReturnObjective_Short,,BasicSalvage_obj_marker_01,,,,d2070f38-3a8f-4f71-8171-9b6de4bd135c,libs/foundry/records/contracts/contracttemplates/salvage_unlawful.xml
Salvage_Unlawful,ContractClass_Contract,300dcbf0-d201-465b-a7be-af7e15a0a512,MDT,655cbe6e-19df-4757-8a05-a4cbd2bae78f,Salvage,1,1,0,0,0,1,1,0,1,0,0,0,0,Failed,0,1,22,ObjectiveHandler_NearLocation,Libs/Subsumption/Missions/PU/Missions/Salvage/SalvageContractor.xml,,TravelObjective_Long | TravelObjective_Short,ReturnObjective_Long | ReturnObjective_Short,,BasicSalvage_obj_marker_01,,,,d2070f38-3a8f-4f71-8171-9b6de4bd135c,libs/foundry/records/contracts/contracttemplates/salvage_unlawful.xml
SandboxCriminalKills,ContractClass_Contract,300dcbf0-d201-465b-a7be-af7e15a0a512,MDT,62f92440-202a-43d3-9cb8-b917d4e4a102,Mercenary,0,1,0,0,0,0,1,0,1,1,0,0,0,Failed,0,1,15,ObjectiveHandler_PlayerAttached,Libs/Subsumption/Missions/PU/Missions/Sandbox_CriminalKills.xml,,TravelObjective_Long | TravelObjective_Short,ReturnObjective_Long | ReturnObjective_Short,,,,,,0ccaa08a-c3f0-4669-b785-5784ffcb591a,libs/foundry/records/contracts/contracttemplates/sandboxcriminalkills.xml
SandboxCriminalKills,ContractClass_Contract,300dcbf0-d201-465b-a7be-af7e15a0a512,MDT,62f92440-202a-43d3-9cb8-b917d4e4a102,Mercenary,0,1,0,0,0,0,1,0,1,1,0,0,0,Failed,0,1,15,ObjectiveHandler_PlayerAttached,Libs/Subsumption/Missions/PU/Missions/Sandbox_CriminalKills.xml,,TravelObjective_Long | TravelObjective_Short,ReturnObjective_Long | ReturnObjective_Short,,,,,,0ccaa08a-c3f0-4669-b785-5784ffcb591a,libs/foundry/records/contracts/contracttemplates/sandboxcriminalkills.xml
ScanEntities,ContractClass_Contract,300dcbf0-d201-465b-a7be-af7e15a0a512,MDT,730479ef-64de-42e5-9869-87bfb9a15c3e,Search,0,1,0,0,0,1,1,0,1,1,0,0,0,Failed,0,1,4,ObjectiveHandler_PlayerAttached,Libs/Subsumption/Missions/PU/Missions/ScanEntities/ScanEntities.xml,,TravelObjective_Long | TravelObjective_Short,ReturnObjective_Long | ReturnObjective_Short,,,,,,62a37cd7-dc7d-4830-a2d6-73f30b7e19f2,libs/foundry/records/contracts/contracttemplates/scanentities.xml
ScanEntities,ContractClass_Contract,300dcbf0-d201-465b-a7be-af7e15a0a512,MDT,730479ef-64de-42e5-9869-87bfb9a15c3e,Search,0,1,0,0,0,1,1,0,1,1,0,0,0,Failed,0,1,4,ObjectiveHandler_PlayerAttached,Libs/Subsumption/Missions/PU/Missions/ScanEntities/ScanEntities.xml,,TravelObjective_Long | TravelObjective_Short,ReturnObjective_Long | ReturnObjective_Short,,,,,,62a37cd7-dc7d-4830-a2d6-73f30b7e19f2,libs/foundry/records/contracts/contracttemplates/scanentities.xml
Search,ContractClass_Contract,300dcbf0-d201-465b-a7be-af7e15a0a512,MDT,0505e20d-d7d9-482e-ba79-875d3c3a03b2,Investigation,0,1,0,0,0,1,1,0,1,1,0,0,0,Failed,0,1,26,ObjectiveHandler_Local,Libs/Subsumption/Missions/PU/Missions/SearchWrapper/SearchWrapper.xml,,TravelObjective_Long | TravelObjective_Short,ReturnObjective_Long | ReturnObjective_Short,,mission_items_QTDistressBeacon,,,,4e8c9a51-11be-4381-9d73-3db44af88dc1,libs/foundry/records/contracts/contracttemplates/search.xml
Search,ContractClass_Contract,300dcbf0-d201-465b-a7be-af7e15a0a512,MDT,0505e20d-d7d9-482e-ba79-875d3c3a03b2,Investigation,0,1,0,0,0,1,1,0,1,1,0,0,0,Failed,0,1,26,ObjectiveHandler_Local,Libs/Subsumption/Missions/PU/Missions/SearchWrapper/SearchWrapper.xml,,TravelObjective_Long | TravelObjective_Short,ReturnObjective_Long | ReturnObjective_Short,,mission_items_QTDistressBeacon,,,,4e8c9a51-11be-4381-9d73-3db44af88dc1,libs/foundry/records/contracts/contracttemplates/search.xml
SecurityPatrol,ContractClass_Contract,300dcbf0-d201-465b-a7be-af7e15a0a512,MDT,62f92440-202a-43d3-9cb8-b917d4e4a102,Mercenary,0,1,0,0,0,1,1,0,1,1,0,0,0,Failed,0,4,64,ObjectiveHandler_Local,Libs/Subsumption/Missions/PU/Missions/RandomEncounter/InvisibleTimer.xml | Libs/Subsumption/Missions/PU/Missions/RandomEncounter/RE_KillShip.xml | Libs/Subsumption/Missions/PU/Missions/RandomEncounter/RE_SearchAndDestroy.xml | Libs/Subsumption/Missions/PU/Missions/RandomEncounter/RE_SupportAttackedShip.xml,,SP_TravelObjective_Long_01 | SP_TravelObjective_Marker_01 | SP_TravelObjective_Short_01,ReturnObjective_Long | ReturnObjective_Short,,SP_TravelObjective_Marker_01,,,,cf71eccb-e401-4f71-9ab0-dd2e13797457,libs/foundry/records/contracts/contracttemplates/securitypatrol.xml
SecurityPatrol,ContractClass_Contract,300dcbf0-d201-465b-a7be-af7e15a0a512,MDT,62f92440-202a-43d3-9cb8-b917d4e4a102,Mercenary,0,1,0,0,0,1,1,0,1,1,0,0,0,Failed,0,4,64,ObjectiveHandler_Local,Libs/Subsumption/Missions/PU/Missions/RandomEncounter/InvisibleTimer.xml | Libs/Subsumption/Missions/PU/Missions/RandomEncounter/RE_KillShip.xml | Libs/Subsumption/Missions/PU/Missions/RandomEncounter/RE_SearchAndDestroy.xml | Libs/Subsumption/Missions/PU/Missions/RandomEncounter/RE_SupportAttackedShip.xml,,SP_TravelObjective_Long_01 | SP_TravelObjective_Marker_01 | SP_TravelObjective_Short_01,ReturnObjective_Long | ReturnObjective_Short,,SP_TravelObjective_Marker_01,,,,cf71eccb-e401-4f71-9ab0-dd2e13797457,libs/foundry/records/contracts/contracttemplates/securitypatrol.xml
ShipAmbuscade,ContractClass_Contract,300dcbf0-d201-465b-a7be-af7e15a0a512,MDT,62f92440-202a-43d3-9cb8-b917d4e4a102,Mercenary,0,1,0,0,0,1,1,0,1,1,0,0,0,Failed,0,1,3,ObjectiveHandler_Local,Libs/Subsumption/Missions/PU/Missions/ShipAmbuscade/ShipAmbuscade.xml,,TravelObjective_Long | TravelObjective_Short,ReturnObjective_Long | ReturnObjective_Short,,mission_items_QTQuantumBeacon,,,,9c241511-f223-409f-a34e-9a11a771fb5b,libs/foundry/records/contracts/contracttemplates/shipambuscade.xml
ShipAmbuscade,ContractClass_Contract,300dcbf0-d201-465b-a7be-af7e15a0a512,MDT,62f92440-202a-43d3-9cb8-b917d4e4a102,Mercenary,0,1,0,0,0,1,1,0,1,1,0,0,0,Failed,0,1,3,ObjectiveHandler_Local,Libs/Subsumption/Missions/PU/Missions/ShipAmbuscade/ShipAmbuscade.xml,,TravelObjective_Long | TravelObjective_Short,ReturnObjective_Long | ReturnObjective_Short,,mission_items_QTQuantumBeacon,,,,9c241511-f223-409f-a34e-9a11a771fb5b,libs/foundry/records/contracts/contracttemplates/shipambuscade.xml
ShipAmbush,ContractClass_Contract,300dcbf0-d201-465b-a7be-af7e15a0a512,MDT,62f92440-202a-43d3-9cb8-b917d4e4a102,Mercenary,0,1,0,0,0,1,1,0,1,1,0,0,0,Failed,0,1,18,ObjectiveHandler_Local,Libs/Subsumption/Missions/PU/Missions/ShipAmbush/ShipAmbush.xml,,TravelObjective_Long | TravelObjective_Short,ReturnObjective_Long | ReturnObjective_Short,,mission_items_QTDistressBeacon,,,,f729324e-895b-410e-9257-1e4146d35823,libs/foundry/records/contracts/contracttemplates/shipambush.xml
ShipAmbush,ContractClass_Contract,300dcbf0-d201-465b-a7be-af7e15a0a512,MDT,62f92440-202a-43d3-9cb8-b917d4e4a102,Mercenary,0,1,0,0,0,1,1,0,1,1,0,0,0,Failed,0,1,18,ObjectiveHandler_Local,Libs/Subsumption/Missions/PU/Missions/ShipAmbush/ShipAmbush.xml,,TravelObjective_Long | TravelObjective_Short,ReturnObjective_Long | ReturnObjective_Short,,mission_items_QTDistressBeacon,,,,f729324e-895b-410e-9257-1e4146d35823,libs/foundry/records/contracts/contracttemplates/shipambush.xml
ShipDefendLocation,ContractClass_Contract,300dcbf0-d201-465b-a7be-af7e15a0a512,MDT,62f92440-202a-43d3-9cb8-b917d4e4a102,Mercenary,0,1,0,0,0,1,1,0,1,1,0,0,0,Failed,0,1,13,ObjectiveHandler_Local,Libs/Subsumption/Missions/PU/Missions/ShipDefendLocation/ShipDefendLocation.xml,,ShipDefendLocation_reach_long_01 | ShipDefendLocation_reach_marker_01 | ShipDefendLocation_reach_short_01,ReturnObjective_Long | ReturnObjective_Short,,mission_items_QTDistressBeacon,,,,cdb057ec-f1af-4c44-8368-c8d280f6f340,libs/foundry/records/contracts/contracttemplates/shipdefendlocation.xml
ShipDefendLocation,ContractClass_Contract,300dcbf0-d201-465b-a7be-af7e15a0a512,MDT,62f92440-202a-43d3-9cb8-b917d4e4a102,Mercenary,0,1,0,0,0,1,1,0,1,1,0,0,0,Failed,0,1,13,ObjectiveHandler_Local,Libs/Subsumption/Missions/PU/Missions/ShipDefendLocation/ShipDefendLocation.xml,,ShipDefendLocation_reach_long_01 | ShipDefendLocation_reach_marker_01 | ShipDefendLocation_reach_short_01,ReturnObjective_Long | ReturnObjective_Short,,mission_items_QTDistressBeacon,,,,cdb057ec-f1af-4c44-8368-c8d280f6f340,libs/foundry/records/contracts/contracttemplates/shipdefendlocation.xml
ShipHeist,ContractClass_Contract,300dcbf0-d201-465b-a7be-af7e15a0a512,MDT,62f92440-202a-43d3-9cb8-b917d4e4a102,Mercenary,0,1,0,0,0,0,1,0,1,0,0,0,0,Failed,0,2,5,ObjectiveHandler_Local,Libs/Subsumption/Missions/PU/Missions/HeistShip.xml | Libs/Subsumption/Missions/PU/Modules/GoToLocation/GoToLocation.xml,,GoToLocation_obj_long | GoToLocation_obj_short | ShipHeist_obj_reachship_long_01 | ShipHeist_obj_reachship_short_01,ReturnObjective_Long | ReturnObjective_Short,,,,,,0c802bef-b163-4b0c-8c6f-9452a5a43a63,libs/foundry/records/contracts/contracttemplates/shipheist.xml
ShipHeist,ContractClass_Contract,300dcbf0-d201-465b-a7be-af7e15a0a512,MDT,62f92440-202a-43d3-9cb8-b917d4e4a102,Mercenary,0,1,0,0,0,0,1,0,1,0,0,0,0,Failed,0,2,5,ObjectiveHandler_Local,Libs/Subsumption/Missions/PU/Missions/HeistShip.xml | Libs/Subsumption/Missions/PU/Modules/GoToLocation/GoToLocation.xml,,GoToLocation_obj_long | GoToLocation_obj_short | ShipHeist_obj_reachship_long_01 | ShipHeist_obj_reachship_short_01,ReturnObjective_Long | ReturnObjective_Short,,,,,,0c802bef-b163-4b0c-8c6f-9452a5a43a63,libs/foundry/records/contracts/contracttemplates/shipheist.xml
ShipHeistCounterOffer,ContractClass_Contract,300dcbf0-d201-465b-a7be-af7e15a0a512,MDT,62f92440-202a-43d3-9cb8-b917d4e4a102,Mercenary,1,1,0,0,0,1,1,0,1,0,0,0,0,Failed,0,1,1,ObjectiveHandler_Local,Libs/Subsumption/Missions/PU/Missions/HeistShipCounterOffer.xml,,TravelObjective_Long | TravelObjective_Short,ReturnObjective_Long | ReturnObjective_Short,,,,1b4ab5c9-7d4d-484a-83d8-c2005c5dc0b6,,f04c8c62-1b77-43e0-bc44-715d013b2a5b,libs/foundry/records/contracts/contracttemplates/shipheistcounteroffer.xml
ShipHeistCounterOffer,ContractClass_Contract,300dcbf0-d201-465b-a7be-af7e15a0a512,MDT,62f92440-202a-43d3-9cb8-b917d4e4a102,Mercenary,1,1,0,0,0,1,1,0,1,0,0,0,0,Failed,0,1,1,ObjectiveHandler_Local,Libs/Subsumption/Missions/PU/Missions/HeistShipCounterOffer.xml,,TravelObjective_Long | TravelObjective_Short,ReturnObjective_Long | ReturnObjective_Short,,,,1b4ab5c9-7d4d-484a-83d8-c2005c5dc0b6,,f04c8c62-1b77-43e0-bc44-715d013b2a5b,libs/foundry/records/contracts/contracttemplates/shipheistcounteroffer.xml
ShipRefueling,ContractClass_Contract,300dcbf0-d201-465b-a7be-af7e15a0a512,MDT,bd2c0bb5-0334-4f78-a78d-98f2a446c0ad,Refueling,0,1,0,0,0,1,1,0,1,1,0,0,0,Failed,0,1,17,ObjectiveHandler_Local,Libs/Subsumption/Missions/PU/Missions/Refuelling/PlayerToAI_Refuelling.xml,,TravelObjective_Long | TravelObjective_Short,ReturnObjective_Long | ReturnObjective_Short,,Refueling_Beacon,,13abec13-80ce-4fda-917a-c2e2225b0268 | 6804b0a9-b01d-4c9a-8063-67784bd0f021 | dd6524c8-600d-43f7-b654-be9916955387 | f00b6f01-7245-437d-9c41-da6a00e2df43, |  |  | ,41ec7c73-1418-4fae-858c-7d4004d0f992,libs/foundry/records/contracts/contracttemplates/shiprefueling.xml
ShipRefueling,ContractClass_Contract,300dcbf0-d201-465b-a7be-af7e15a0a512,MDT,bd2c0bb5-0334-4f78-a78d-98f2a446c0ad,Refueling,0,1,0,0,0,1,1,0,1,1,0,0,0,Failed,0,1,17,ObjectiveHandler_Local,Libs/Subsumption/Missions/PU/Missions/Refuelling/PlayerToAI_Refuelling.xml,,TravelObjective_Long | TravelObjective_Short,ReturnObjective_Long | ReturnObjective_Short,,Refueling_Beacon,,13abec13-80ce-4fda-917a-c2e2225b0268 | 6804b0a9-b01d-4c9a-8063-67784bd0f021 | dd6524c8-600d-43f7-b654-be9916955387 | f00b6f01-7245-437d-9c41-da6a00e2df43, |  |  | ,41ec7c73-1418-4fae-858c-7d4004d0f992,libs/foundry/records/contracts/contracttemplates/shiprefueling.xml
ShipRefuelingMulti_NearLocation,ContractClass_Contract,300dcbf0-d201-465b-a7be-af7e15a0a512,MDT,bd2c0bb5-0334-4f78-a78d-98f2a446c0ad,Refueling,0,1,0,0,0,1,1,0,1,1,0,0,0,Failed,0,3,20,ObjectiveHandler_NearLocation,Libs/Subsumption/Missions/PU/Missions/Refuelling/PlayerToAI_Refuelling.xml,,TravelObjective_Long | TravelObjective_Short,ReturnObjective_Long | ReturnObjective_Short,,mission_items_QTDistressBeacon,,13abec13-80ce-4fda-917a-c2e2225b0268 | 6804b0a9-b01d-4c9a-8063-67784bd0f021 | dd6524c8-600d-43f7-b654-be9916955387 | f00b6f01-7245-437d-9c41-da6a00e2df43, |  |  | ,40cdad92-063f-496d-83fd-e89bb7655542,libs/foundry/records/contracts/contracttemplates/shiprefuelingmulti_nearlocation.xml
ShipRefuelingMulti_NearLocation,ContractClass_Contract,300dcbf0-d201-465b-a7be-af7e15a0a512,MDT,bd2c0bb5-0334-4f78-a78d-98f2a446c0ad,Refueling,0,1,0,0,0,1,1,0,1,1,0,0,0,Failed,0,3,20,ObjectiveHandler_NearLocation,Libs/Subsumption/Missions/PU/Missions/Refuelling/PlayerToAI_Refuelling.xml,,TravelObjective_Long | TravelObjective_Short,ReturnObjective_Long | ReturnObjective_Short,,mission_items_QTDistressBeacon,,13abec13-80ce-4fda-917a-c2e2225b0268 | 6804b0a9-b01d-4c9a-8063-67784bd0f021 | dd6524c8-600d-43f7-b654-be9916955387 | f00b6f01-7245-437d-9c41-da6a00e2df43, |  |  | ,40cdad92-063f-496d-83fd-e89bb7655542,libs/foundry/records/contracts/contracttemplates/shiprefuelingmulti_nearlocation.xml
ShipRefuelingMulti,ContractClass_Contract,300dcbf0-d201-465b-a7be-af7e15a0a512,MDT,bd2c0bb5-0334-4f78-a78d-98f2a446c0ad,Refueling,0,1,0,0,0,1,1,0,1,1,0,0,0,Failed,0,3,20,ObjectiveHandler_Local,Libs/Subsumption/Missions/PU/Missions/Refuelling/PlayerToAI_Refuelling.xml,,TravelObjective_Long | TravelObjective_Short,ReturnObjective_Long | ReturnObjective_Short,,mission_items_QTDistressBeacon,,13abec13-80ce-4fda-917a-c2e2225b0268 | 6804b0a9-b01d-4c9a-8063-67784bd0f021 | dd6524c8-600d-43f7-b654-be9916955387 | f00b6f01-7245-437d-9c41-da6a00e2df43, |  |  | ,b9b92951-b548-4f59-895e-7a55e1096139,libs/foundry/records/contracts/contracttemplates/shiprefuelingmulti.xml
ShipRefuelingMulti,ContractClass_Contract,300dcbf0-d201-465b-a7be-af7e15a0a512,MDT,bd2c0bb5-0334-4f78-a78d-98f2a446c0ad,Refueling,0,1,0,0,0,1,1,0,1,1,0,0,0,Failed,0,3,20,ObjectiveHandler_Local,Libs/Subsumption/Missions/PU/Missions/Refuelling/PlayerToAI_Refuelling.xml,,TravelObjective_Long | TravelObjective_Short,ReturnObjective_Long | ReturnObjective_Short,,mission_items_QTDistressBeacon,,13abec13-80ce-4fda-917a-c2e2225b0268 | 6804b0a9-b01d-4c9a-8063-67784bd0f021 | dd6524c8-600d-43f7-b654-be9916955387 | f00b6f01-7245-437d-9c41-da6a00e2df43, |  |  | ,b9b92951-b548-4f59-895e-7a55e1096139,libs/foundry/records/contracts/contracttemplates/shiprefuelingmulti.xml
ShipRefuelingNearLocation,ContractClass_Contract,300dcbf0-d201-465b-a7be-af7e15a0a512,MDT,bd2c0bb5-0334-4f78-a78d-98f2a446c0ad,Refueling,0,1,0,0,0,1,1,0,1,1,0,0,0,Failed,0,1,16,ObjectiveHandler_NearLocation,Libs/Subsumption/Missions/PU/Missions/Refuelling/PlayerToAI_Refuelling.xml,,TravelObjective_Long | TravelObjective_Short,ReturnObjective_Long | ReturnObjective_Short,,,,13abec13-80ce-4fda-917a-c2e2225b0268 | 6804b0a9-b01d-4c9a-8063-67784bd0f021 | dd6524c8-600d-43f7-b654-be9916955387 | f00b6f01-7245-437d-9c41-da6a00e2df43, |  |  | ,570f5f59-6845-4c5a-aa71-3acc71a109ab,libs/foundry/records/contracts/contracttemplates/shiprefuelingnearlocation.xml
ShipRefuelingNearLocation,ContractClass_Contract,300dcbf0-d201-465b-a7be-af7e15a0a512,MDT,bd2c0bb5-0334-4f78-a78d-98f2a446c0ad,Refueling,0,1,0,0,0,1,1,0,1,1,0,0,0,Failed,0,1,16,ObjectiveHandler_NearLocation,Libs/Subsumption/Missions/PU/Missions/Refuelling/PlayerToAI_Refuelling.xml,,TravelObjective_Long | TravelObjective_Short,ReturnObjective_Long | ReturnObjective_Short,,,,13abec13-80ce-4fda-917a-c2e2225b0268 | 6804b0a9-b01d-4c9a-8063-67784bd0f021 | dd6524c8-600d-43f7-b654-be9916955387 | f00b6f01-7245-437d-9c41-da6a00e2df43, |  |  | ,570f5f59-6845-4c5a-aa71-3acc71a109ab,libs/foundry/records/contracts/contracttemplates/shiprefuelingnearlocation.xml
ShipRefuellingAmbush,ContractClass_Contract,300dcbf0-d201-465b-a7be-af7e15a0a512,MDT,bd2c0bb5-0334-4f78-a78d-98f2a446c0ad,Refueling,0,1,0,0,0,1,1,0,1,1,0,0,0,Failed,0,1,16,ObjectiveHandler_NearLocation,Libs/Subsumption/Missions/PU/Missions/Refuelling/PlayerToAI_Refuelling.xml,,TravelObjective_Long | TravelObjective_Short,ReturnObjective_Long | ReturnObjective_Short,,mission_items_QTDistressBeacon,,13abec13-80ce-4fda-917a-c2e2225b0268 | 6804b0a9-b01d-4c9a-8063-67784bd0f021 | dd6524c8-600d-43f7-b654-be9916955387 | f00b6f01-7245-437d-9c41-da6a00e2df43, |  |  | ,da92282f-f06f-4931-8a9d-96921903b278,libs/foundry/records/contracts/contracttemplates/shiprefuellingambush.xml
ShipRefuellingAmbush,ContractClass_Contract,300dcbf0-d201-465b-a7be-af7e15a0a512,MDT,bd2c0bb5-0334-4f78-a78d-98f2a446c0ad,Refueling,0,1,0,0,0,1,1,0,1,1,0,0,0,Failed,0,1,16,ObjectiveHandler_NearLocation,Libs/Subsumption/Missions/PU/Missions/Refuelling/PlayerToAI_Refuelling.xml,,TravelObjective_Long | TravelObjective_Short,ReturnObjective_Long | ReturnObjective_Short,,mission_items_QTDistressBeacon,,13abec13-80ce-4fda-917a-c2e2225b0268 | 6804b0a9-b01d-4c9a-8063-67784bd0f021 | dd6524c8-600d-43f7-b654-be9916955387 | f00b6f01-7245-437d-9c41-da6a00e2df43, |  |  | ,da92282f-f06f-4931-8a9d-96921903b278,libs/foundry/records/contracts/contracttemplates/shiprefuellingambush.xml
ShipWaveAttack_NonTraining,ContractClass_Contract,300dcbf0-d201-465b-a7be-af7e15a0a512,MDT,62f92440-202a-43d3-9cb8-b917d4e4a102,Mercenary,0,1,0,0,0,1,1,0,1,1,0,0,0,Failed,0,1,12,ObjectiveHandler_Local,Libs/Subsumption/Missions/PU/Missions/ShipWaveAttack/ShipWaveAttack.xml,,TravelObjective_Long | TravelObjective_Short,ReturnObjective_Long | ReturnObjective_Short,,mission_items_QTDistressBeacon,ShipWaveAttack_FinalWave_obj_long_01 | ShipWaveAttack_FinalWave_obj_short_01,,,eadcbab3-2039-429c-b1d9-3cee2655d478,libs/foundry/records/contracts/contracttemplates/shipwaveattack_nontraining.xml
ShipWaveAttack_NonTraining,ContractClass_Contract,300dcbf0-d201-465b-a7be-af7e15a0a512,MDT,62f92440-202a-43d3-9cb8-b917d4e4a102,Mercenary,0,1,0,0,0,1,1,0,1,1,0,0,0,Failed,0,1,12,ObjectiveHandler_Local,Libs/Subsumption/Missions/PU/Missions/ShipWaveAttack/ShipWaveAttack.xml,,TravelObjective_Long | TravelObjective_Short,ReturnObjective_Long | ReturnObjective_Short,,mission_items_QTDistressBeacon,ShipWaveAttack_FinalWave_obj_long_01 | ShipWaveAttack_FinalWave_obj_short_01,,,eadcbab3-2039-429c-b1d9-3cee2655d478,libs/foundry/records/contracts/contracttemplates/shipwaveattack_nontraining.xml
ShipWaveAttack,ContractClass_Contract,300dcbf0-d201-465b-a7be-af7e15a0a512,MDT,62f92440-202a-43d3-9cb8-b917d4e4a102,Mercenary,0,1,0,0,0,1,1,0,1,1,0,0,0,Failed,0,1,9,ObjectiveHandler_Local,Libs/Subsumption/Missions/PU/Missions/ShipWaveAttack/ShipWaveAttack.xml,,TravelObjective_Long | TravelObjective_Short,ReturnObjective_Long | ReturnObjective_Short,,mission_items_QTDistressBeacon,,,,6989d981-bb5e-4eab-ba84-4107542a45b0,libs/foundry/records/contracts/contracttemplates/shipwaveattack.xml
ShipWaveAttack,ContractClass_Contract,300dcbf0-d201-465b-a7be-af7e15a0a512,MDT,62f92440-202a-43d3-9cb8-b917d4e4a102,Mercenary,0,1,0,0,0,1,1,0,1,1,0,0,0,Failed,0,1,9,ObjectiveHandler_Local,Libs/Subsumption/Missions/PU/Missions/ShipWaveAttack/ShipWaveAttack.xml,,TravelObjective_Long | TravelObjective_Short,ReturnObjective_Long | ReturnObjective_Short,,mission_items_QTDistressBeacon,,,,6989d981-bb5e-4eab-ba84-4107542a45b0,libs/foundry/records/contracts/contracttemplates/shipwaveattack.xml
SimpleObjective,ContractClass_Contract,300dcbf0-d201-465b-a7be-af7e15a0a512,MDT,0505e20d-d7d9-482e-ba79-875d3c3a03b2,Investigation,0,1,0,0,0,1,1,0,1,1,0,0,0,Failed,0,1,2,ObjectiveHandler_Local,Libs/Subsumption/Missions/PU/Missions/SimpleObjective/SimpleObjective.xml,,TravelObjective_Long | TravelObjective_Short,ReturnObjective_Long | ReturnObjective_Short,,,,,,a69e464d-3079-4ab5-9888-d3e6f2fad591,libs/foundry/records/contracts/contracttemplates/simpleobjective.xml
SimpleObjective,ContractClass_Contract,300dcbf0-d201-465b-a7be-af7e15a0a512,MDT,0505e20d-d7d9-482e-ba79-875d3c3a03b2,Investigation,0,1,0,0,0,1,1,0,1,1,0,0,0,Failed,0,1,2,ObjectiveHandler_Local,Libs/Subsumption/Missions/PU/Missions/SimpleObjective/SimpleObjective.xml,,TravelObjective_Long | TravelObjective_Short,ReturnObjective_Long | ReturnObjective_Short,,,,,,a69e464d-3079-4ab5-9888-d3e6f2fad591,libs/foundry/records/contracts/contracttemplates/simpleobjective.xml
SupportAttackedShip_NamedAttacker_NearLocation,ContractClass_Contract,300dcbf0-d201-465b-a7be-af7e15a0a512,MDT,62f92440-202a-43d3-9cb8-b917d4e4a102,Mercenary,0,1,0,0,0,1,1,0,1,1,0,0,0,Failed,0,1,37,ObjectiveHandler_NearLocation,Libs/Subsumption/Missions/PU/Missions/SupportAttackedShip/SupportAttackedShip.xml,,SupportAttackedShip_obj_long_01 | SupportAttackedShip_obj_short_01,SupportAttackedShip_obj_long_01 | SupportAttackedShip_obj_short_01,,mission_items_QTDistressBeacon,,,,7e13831f-82e3-4034-8cd8-7e530968ad11,libs/foundry/records/contracts/contracttemplates/supportattackedship_namedattacker_nearlocation.xml
SupportAttackedShip_NamedAttacker_NearLocation,ContractClass_Contract,300dcbf0-d201-465b-a7be-af7e15a0a512,MDT,62f92440-202a-43d3-9cb8-b917d4e4a102,Mercenary,0,1,0,0,0,1,1,0,1,1,0,0,0,Failed,0,1,37,ObjectiveHandler_NearLocation,Libs/Subsumption/Missions/PU/Missions/SupportAttackedShip/SupportAttackedShip.xml,,SupportAttackedShip_obj_long_01 | SupportAttackedShip_obj_short_01,SupportAttackedShip_obj_long_01 | SupportAttackedShip_obj_short_01,,mission_items_QTDistressBeacon,,,,7e13831f-82e3-4034-8cd8-7e530968ad11,libs/foundry/records/contracts/contracttemplates/supportattackedship_namedattacker_nearlocation.xml
SupportAttackedShip_NamedAttacker,ContractClass_Contract,300dcbf0-d201-465b-a7be-af7e15a0a512,MDT,62f92440-202a-43d3-9cb8-b917d4e4a102,Mercenary,0,1,0,0,0,1,1,0,1,1,0,0,0,Failed,0,1,37,ObjectiveHandler_Local,Libs/Subsumption/Missions/PU/Missions/SupportAttackedShip/SupportAttackedShip.xml,,TravelObjective_Long | TravelObjective_Marker_1 | TravelObjective_Short,ReturnObjective_Long | ReturnObjective_Marker_1 | ReturnObjective_Short,,mission_items_QTDistressBeacon,,,,e304bb32-6fbc-4df4-aaa6-2a666aa73d88,libs/foundry/records/contracts/contracttemplates/supportattackedship_namedattacker.xml
SupportAttackedShip_NamedAttacker,ContractClass_Contract,300dcbf0-d201-465b-a7be-af7e15a0a512,MDT,62f92440-202a-43d3-9cb8-b917d4e4a102,Mercenary,0,1,0,0,0,1,1,0,1,1,0,0,0,Failed,0,1,37,ObjectiveHandler_Local,Libs/Subsumption/Missions/PU/Missions/SupportAttackedShip/SupportAttackedShip.xml,,TravelObjective_Long | TravelObjective_Marker_1 | TravelObjective_Short,ReturnObjective_Long | ReturnObjective_Marker_1 | ReturnObjective_Short,,mission_items_QTDistressBeacon,,,,e304bb32-6fbc-4df4-aaa6-2a666aa73d88,libs/foundry/records/contracts/contracttemplates/supportattackedship_namedattacker.xml
SupportAttackedShip,ContractClass_Contract,300dcbf0-d201-465b-a7be-af7e15a0a512,MDT,62f92440-202a-43d3-9cb8-b917d4e4a102,Mercenary,0,1,0,0,0,1,1,0,1,1,0,0,0,Failed,0,1,35,ObjectiveHandler_Local,Libs/Subsumption/Missions/PU/Missions/SupportAttackedShip/SupportAttackedShip.xml,,TravelObjective_Long | TravelObjective_Marker_1 | TravelObjective_Short,ReturnObjective_Long | ReturnObjective_Marker_1 | ReturnObjective_Short,,,,,,67b2a1b1-9cc0-4527-a367-d58577327d69,libs/foundry/records/contracts/contracttemplates/supportattackedship.xml
SupportAttackedShip,ContractClass_Contract,300dcbf0-d201-465b-a7be-af7e15a0a512,MDT,62f92440-202a-43d3-9cb8-b917d4e4a102,Mercenary,0,1,0,0,0,1,1,0,1,1,0,0,0,Failed,0,1,35,ObjectiveHandler_Local,Libs/Subsumption/Missions/PU/Missions/SupportAttackedShip/SupportAttackedShip.xml,,TravelObjective_Long | TravelObjective_Marker_1 | TravelObjective_Short,ReturnObjective_Long | ReturnObjective_Marker_1 | ReturnObjective_Short,,,,,,67b2a1b1-9cc0-4527-a367-d58577327d69,libs/foundry/records/contracts/contracttemplates/supportattackedship.xml
TSG_BonusMission,ContractClass_Contract,300dcbf0-d201-465b-a7be-af7e15a0a512,MDT,62f92440-202a-43d3-9cb8-b917d4e4a102,Mercenary,0,1,0,0,0,0,1,0,1,1,0,0,0,Failed,0,1,2,ObjectiveHandler_PlayerAttached,Libs/Subsumption/Missions/PU/Missions/TacticalStrikeGroup/TSG_MaulerBonusMission.xml,,TravelObjective_Long | TravelObjective_Short,ReturnObjective_Long | ReturnObjective_Short,,,,,,0db46d98-98f6-4d53-b3f0-52125298c634,libs/foundry/records/contracts/contracttemplates/tacticalstrikegroup/tsg_bonusmission.xml
TSG_BonusMission,ContractClass_Contract,300dcbf0-d201-465b-a7be-af7e15a0a512,MDT,62f92440-202a-43d3-9cb8-b917d4e4a102,Mercenary,0,1,0,0,0,0,1,0,1,1,0,0,0,Failed,0,1,2,ObjectiveHandler_PlayerAttached,Libs/Subsumption/Missions/PU/Missions/TacticalStrikeGroup/TSG_MaulerBonusMission.xml,,TravelObjective_Long | TravelObjective_Short,ReturnObjective_Long | ReturnObjective_Short,,,,,,0db46d98-98f6-4d53-b3f0-52125298c634,libs/foundry/records/contracts/contracttemplates/tacticalstrikegroup/tsg_bonusmission.xml
TSG_FullStrikeOnStation,ContractClass_Contract,300dcbf0-d201-465b-a7be-af7e15a0a512,MDT,62f92440-202a-43d3-9cb8-b917d4e4a102,Mercenary,0,1,0,0,0,0,1,0,1,1,0,0,0,Failed,0,1,83,ObjectiveHandler_Local,Libs/Subsumption/Missions/PU/Missions/TacticalStrikeGroup/TSG_FullStrikeOnStation.xml,,TravelObjective_Long | TravelObjective_Short,ReturnObjective_Long | ReturnObjective_Short,,mission_items_QTQuantumBeacon,Intersec_TSG_cooler | Intersec_TSG_coreweakspot | Intersec_TSG_relay | Intersec_TSG_stationcore,,,daf9ccd0-5b45-422a-bbb9-85cf2d2b7001,libs/foundry/records/contracts/contracttemplates/tacticalstrikegroup/tsg_fullstrikeonstation.xml
TSG_FullStrikeOnStation,ContractClass_Contract,300dcbf0-d201-465b-a7be-af7e15a0a512,MDT,62f92440-202a-43d3-9cb8-b917d4e4a102,Mercenary,0,1,0,0,0,0,1,0,1,1,0,0,0,Failed,0,1,83,ObjectiveHandler_Local,Libs/Subsumption/Missions/PU/Missions/TacticalStrikeGroup/TSG_FullStrikeOnStation.xml,,TravelObjective_Long | TravelObjective_Short,ReturnObjective_Long | ReturnObjective_Short,,mission_items_QTQuantumBeacon,Intersec_TSG_cooler | Intersec_TSG_coreweakspot | Intersec_TSG_relay | Intersec_TSG_stationcore,,,daf9ccd0-5b45-422a-bbb9-85cf2d2b7001,libs/foundry/records/contracts/contracttemplates/tacticalstrikegroup/tsg_fullstrikeonstation.xml
TSG_WeakenDefences,ContractClass_Contract,300dcbf0-d201-465b-a7be-af7e15a0a512,MDT,62f92440-202a-43d3-9cb8-b917d4e4a102,Mercenary,0,1,0,0,0,0,1,0,1,1,0,0,0,Failed,0,1,7,ObjectiveHandler_Local,Libs/Subsumption/Missions/PU/Missions/TacticalStrikeGroup/TSG_WeakenDefences.xml,,TravelObjective_Long | TravelObjective_Short,ReturnObjective_Long | ReturnObjective_Short,,mission_items_QTQuantumBeacon,Intersec_TSG_cooler | Intersec_TSG_coreweakspot | Intersec_TSG_relay | Intersec_TSG_stationcore,,,e484ec9e-2ab7-4adf-b445-f31f1adc1571,libs/foundry/records/contracts/contracttemplates/tacticalstrikegroup/tsg_weakendefences.xml
TSG_WeakenDefences,ContractClass_Contract,300dcbf0-d201-465b-a7be-af7e15a0a512,MDT,62f92440-202a-43d3-9cb8-b917d4e4a102,Mercenary,0,1,0,0,0,0,1,0,1,1,0,0,0,Failed,0,1,7,ObjectiveHandler_Local,Libs/Subsumption/Missions/PU/Missions/TacticalStrikeGroup/TSG_WeakenDefences.xml,,TravelObjective_Long | TravelObjective_Short,ReturnObjective_Long | ReturnObjective_Short,,mission_items_QTQuantumBeacon,Intersec_TSG_cooler | Intersec_TSG_coreweakspot | Intersec_TSG_relay | Intersec_TSG_stationcore,,,e484ec9e-2ab7-4adf-b445-f31f1adc1571,libs/foundry/records/contracts/contracttemplates/tacticalstrikegroup/tsg_weakendefences.xml
TheCollector_AD_HushNow,ContractClass_Contract,300dcbf0-d201-465b-a7be-af7e15a0a512,MDT,4823e235-5206-452f-6977-b6c26cc47486,Collection,0,0,1,0,0,0,1,0,1,1,0,300,1,Failed,15,1,10,ObjectiveHandler_Hauling,,,,,,,,,,8a5b8e64-c8f0-4a37-a008-935ab1bb7fe8,libs/foundry/records/contracts/contracttemplates/thecollector_ad_hushnow.xml
TheCollector_AD_HushNow,ContractClass_Contract,300dcbf0-d201-465b-a7be-af7e15a0a512,MDT,4823e235-5206-452f-6977-b6c26cc47486,Collection,0,0,1,0,0,0,1,0,1,1,0,300,1,Failed,15,1,10,ObjectiveHandler_Hauling,,,,,,,,,,8a5b8e64-c8f0-4a37-a008-935ab1bb7fe8,libs/foundry/records/contracts/contracttemplates/thecollector_ad_hushnow.xml
TheCollector_AD_ZipZap,ContractClass_Contract,300dcbf0-d201-465b-a7be-af7e15a0a512,MDT,4823e235-5206-452f-6977-b6c26cc47486,Collection,0,0,1,0,0,0,1,0,1,1,0,300,1,Failed,15,1,10,ObjectiveHandler_Hauling,,,,,,,,,,6b199a3d-7764-44bd-8477-b2a0ccf1fce7,libs/foundry/records/contracts/contracttemplates/thecollector_ad_zipzap.xml
TheCollector_AD_ZipZap,ContractClass_Contract,300dcbf0-d201-465b-a7be-af7e15a0a512,MDT,4823e235-5206-452f-6977-b6c26cc47486,Collection,0,0,1,0,0,0,1,0,1,1,0,300,1,Failed,15,1,10,ObjectiveHandler_Hauling,,,,,,,,,,6b199a3d-7764-44bd-8477-b2a0ccf1fce7,libs/foundry/records/contracts/contracttemplates/thecollector_ad_zipzap.xml
TheCollector_AD2_HeavyUtil,ContractClass_Contract,300dcbf0-d201-465b-a7be-af7e15a0a512,MDT,4823e235-5206-452f-6977-b6c26cc47486,Collection,0,0,1,0,0,0,1,0,1,1,0,300,1,Failed,15,1,10,ObjectiveHandler_Hauling,,,,,,,,,,0914f2c2-c80d-49f3-a69e-1e980de9272e,libs/foundry/records/contracts/contracttemplates/thecollector_ad2_heavyutil.xml
TheCollector_AD2_HeavyUtil,ContractClass_Contract,300dcbf0-d201-465b-a7be-af7e15a0a512,MDT,4823e235-5206-452f-6977-b6c26cc47486,Collection,0,0,1,0,0,0,1,0,1,1,0,300,1,Failed,15,1,10,ObjectiveHandler_Hauling,,,,,,,,,,0914f2c2-c80d-49f3-a69e-1e980de9272e,libs/foundry/records/contracts/contracttemplates/thecollector_ad2_heavyutil.xml
TheCollector_AD2_LotsOfZipZap,ContractClass_Contract,300dcbf0-d201-465b-a7be-af7e15a0a512,MDT,4823e235-5206-452f-6977-b6c26cc47486,Collection,0,0,1,0,0,0,1,0,1,1,0,300,1,Failed,15,1,10,ObjectiveHandler_Hauling,,,,,,,,,,a990e43e-0743-4ac5-b44a-8b8861c9f57e,libs/foundry/records/contracts/contracttemplates/thecollector_ad2_lotsofzipzap.xml
TheCollector_AD2_LotsOfZipZap,ContractClass_Contract,300dcbf0-d201-465b-a7be-af7e15a0a512,MDT,4823e235-5206-452f-6977-b6c26cc47486,Collection,0,0,1,0,0,0,1,0,1,1,0,300,1,Failed,15,1,10,ObjectiveHandler_Hauling,,,,,,,,,,a990e43e-0743-4ac5-b44a-8b8861c9f57e,libs/foundry/records/contracts/contracttemplates/thecollector_ad2_lotsofzipzap.xml
TheCollector_AD2_Molten,ContractClass_Contract,300dcbf0-d201-465b-a7be-af7e15a0a512,MDT,4823e235-5206-452f-6977-b6c26cc47486,Collection,0,0,1,0,0,0,1,0,1,1,0,300,1,Failed,15,1,10,ObjectiveHandler_Hauling,,,,,,,,,,37cd65f3-d079-4004-83f1-b9ba17cd613e,libs/foundry/records/contracts/contracttemplates/thecollector_ad2_molten.xml
TheCollector_AD2_Molten,ContractClass_Contract,300dcbf0-d201-465b-a7be-af7e15a0a512,MDT,4823e235-5206-452f-6977-b6c26cc47486,Collection,0,0,1,0,0,0,1,0,1,1,0,300,1,Failed,15,1,10,ObjectiveHandler_Hauling,,,,,,,,,,37cd65f3-d079-4004-83f1-b9ba17cd613e,libs/foundry/records/contracts/contracttemplates/thecollector_ad2_molten.xml
TheCollector_AO_IrrArm,ContractClass_Contract,300dcbf0-d201-465b-a7be-af7e15a0a512,MDT,4823e235-5206-452f-6977-b6c26cc47486,Collection,0,0,1,0,0,0,1,0,1,1,0,300,1,Failed,15,1,10,ObjectiveHandler_Hauling,,,,,,,,,,943177f9-ec55-4487-977a-e5bc7178d47b,libs/foundry/records/contracts/contracttemplates/thecollector_ao_irrarm.xml
TheCollector_AO_IrrArm,ContractClass_Contract,300dcbf0-d201-465b-a7be-af7e15a0a512,MDT,4823e235-5206-452f-6977-b6c26cc47486,Collection,0,0,1,0,0,0,1,0,1,1,0,300,1,Failed,15,1,10,ObjectiveHandler_Hauling,,,,,,,,,,943177f9-ec55-4487-977a-e5bc7178d47b,libs/foundry/records/contracts/contracttemplates/thecollector_ao_irrarm.xml
TheCollector_AO_VoltThwack,ContractClass_Contract,300dcbf0-d201-465b-a7be-af7e15a0a512,MDT,4823e235-5206-452f-6977-b6c26cc47486,Collection,0,0,1,0,0,0,1,0,1,1,0,300,1,Failed,15,1,10,ObjectiveHandler_Hauling,,,,,,,,,,e3d4e717-6ea8-413c-ba7b-25ae31a593f1,libs/foundry/records/contracts/contracttemplates/thecollector_ao_voltthwack.xml
TheCollector_AO_VoltThwack,ContractClass_Contract,300dcbf0-d201-465b-a7be-af7e15a0a512,MDT,4823e235-5206-452f-6977-b6c26cc47486,Collection,0,0,1,0,0,0,1,0,1,1,0,300,1,Failed,15,1,10,ObjectiveHandler_Hauling,,,,,,,,,,e3d4e717-6ea8-413c-ba7b-25ae31a593f1,libs/foundry/records/contracts/contracttemplates/thecollector_ao_voltthwack.xml
TheCollector_Armor,ContractClass_Contract,300dcbf0-d201-465b-a7be-af7e15a0a512,MDT,4823e235-5206-452f-6977-b6c26cc47486,Collection,0,0,1,0,0,0,1,0,1,1,0,300,1,Failed,15,1,10,ObjectiveHandler_Hauling,,,,,,,,,,65e8b6c2-26d9-4c1e-b0e8-2f3208ec6855,libs/foundry/records/contracts/contracttemplates/thecollector_armor.xml
TheCollector_Armor,ContractClass_Contract,300dcbf0-d201-465b-a7be-af7e15a0a512,MDT,4823e235-5206-452f-6977-b6c26cc47486,Collection,0,0,1,0,0,0,1,0,1,1,0,300,1,Failed,15,1,10,ObjectiveHandler_Hauling,,,,,,,,,,65e8b6c2-26d9-4c1e-b0e8-2f3208ec6855,libs/foundry/records/contracts/contracttemplates/thecollector_armor.xml
TheCollector_FoodOrder,ContractClass_Contract,300dcbf0-d201-465b-a7be-af7e15a0a512,MDT,4823e235-5206-452f-6977-b6c26cc47486,Collection,0,0,1,0,0,0,1,0,1,1,0,300,1,Failed,15,1,10,ObjectiveHandler_Hauling,,,,,,,,,,b3971841-7904-4fa2-9c8b-cb99771f45c4,libs/foundry/records/contracts/contracttemplates/thecollector_foodorder.xml
TheCollector_FoodOrder,ContractClass_Contract,300dcbf0-d201-465b-a7be-af7e15a0a512,MDT,4823e235-5206-452f-6977-b6c26cc47486,Collection,0,0,1,0,0,0,1,0,1,1,0,300,1,Failed,15,1,10,ObjectiveHandler_Hauling,,,,,,,,,,b3971841-7904-4fa2-9c8b-cb99771f45c4,libs/foundry/records/contracts/contracttemplates/thecollector_foodorder.xml
TheCollector_ForFavours_Caranite,ContractClass_Contract,300dcbf0-d201-465b-a7be-af7e15a0a512,MDT,4823e235-5206-452f-6977-b6c26cc47486,Collection,0,0,1,0,0,0,1,0,1,1,0,300,1,Failed,15,1,10,ObjectiveHandler_Hauling,,,,,,,,,,6750ae03-691e-4b31-9bc8-12394094c213,libs/foundry/records/contracts/contracttemplates/thecollector_forfavours_caranite.xml
TheCollector_ForFavours_Caranite,ContractClass_Contract,300dcbf0-d201-465b-a7be-af7e15a0a512,MDT,4823e235-5206-452f-6977-b6c26cc47486,Collection,0,0,1,0,0,0,1,0,1,1,0,300,1,Failed,15,1,10,ObjectiveHandler_Hauling,,,,,,,,,,6750ae03-691e-4b31-9bc8-12394094c213,libs/foundry/records/contracts/contracttemplates/thecollector_forfavours_caranite.xml
TheCollector_ForFavours_IrradiatedPearls,ContractClass_Contract,300dcbf0-d201-465b-a7be-af7e15a0a512,MDT,4823e235-5206-452f-6977-b6c26cc47486,Collection,0,0,1,0,0,0,1,0,1,1,0,300,1,Failed,15,1,10,ObjectiveHandler_Hauling,,,,,,,,,,6cb68964-cb57-465c-bf3d-1df280700220,libs/foundry/records/contracts/contracttemplates/thecollector_forfavours_irradiatedpearls.xml
TheCollector_ForFavours_IrradiatedPearls,ContractClass_Contract,300dcbf0-d201-465b-a7be-af7e15a0a512,MDT,4823e235-5206-452f-6977-b6c26cc47486,Collection,0,0,1,0,0,0,1,0,1,1,0,300,1,Failed,15,1,10,ObjectiveHandler_Hauling,,,,,,,,,,6cb68964-cb57-465c-bf3d-1df280700220,libs/foundry/records/contracts/contracttemplates/thecollector_forfavours_irradiatedpearls.xml
TheCollector_ForFavours_PolarisParts,ContractClass_Contract,300dcbf0-d201-465b-a7be-af7e15a0a512,MDT,4823e235-5206-452f-6977-b6c26cc47486,Collection,0,0,1,0,0,0,1,0,1,1,0,300,1,Failed,15,1,10,ObjectiveHandler_Hauling,,,,,,,,,,a4fdc291-157c-4209-9eb2-cf3a0851cbd0,libs/foundry/records/contracts/contracttemplates/thecollector_forfavours_polarisparts.xml
TheCollector_ForFavours_PolarisParts,ContractClass_Contract,300dcbf0-d201-465b-a7be-af7e15a0a512,MDT,4823e235-5206-452f-6977-b6c26cc47486,Collection,0,0,1,0,0,0,1,0,1,1,0,300,1,Failed,15,1,10,ObjectiveHandler_Hauling,,,,,,,,,,a4fdc291-157c-4209-9eb2-cf3a0851cbd0,libs/foundry/records/contracts/contracttemplates/thecollector_forfavours_polarisparts.xml
TheCollector_ForFavours_ScripCouncil,ContractClass_Contract,300dcbf0-d201-465b-a7be-af7e15a0a512,MDT,4823e235-5206-452f-6977-b6c26cc47486,Collection,0,0,1,0,0,0,1,0,1,1,0,300,1,Failed,15,1,10,ObjectiveHandler_Hauling,,,,,,,,,,c990128a-c545-434e-b2f5-486f037746b8,libs/foundry/records/contracts/contracttemplates/thecollector_forfavours_scripcouncil.xml
TheCollector_ForFavours_ScripCouncil,ContractClass_Contract,300dcbf0-d201-465b-a7be-af7e15a0a512,MDT,4823e235-5206-452f-6977-b6c26cc47486,Collection,0,0,1,0,0,0,1,0,1,1,0,300,1,Failed,15,1,10,ObjectiveHandler_Hauling,,,,,,,,,,c990128a-c545-434e-b2f5-486f037746b8,libs/foundry/records/contracts/contracttemplates/thecollector_forfavours_scripcouncil.xml
TheCollector_ForFavours_ScripMerc,ContractClass_Contract,300dcbf0-d201-465b-a7be-af7e15a0a512,MDT,4823e235-5206-452f-6977-b6c26cc47486,Collection,0,0,1,0,0,0,1,0,1,1,0,300,1,Failed,15,1,10,ObjectiveHandler_Hauling,,,,,,,,,,2f3275fb-9b7a-4a95-b858-f6ef5015356d,libs/foundry/records/contracts/contracttemplates/thecollector_forfavours_scripmerc.xml
TheCollector_ForFavours_ScripMerc,ContractClass_Contract,300dcbf0-d201-465b-a7be-af7e15a0a512,MDT,4823e235-5206-452f-6977-b6c26cc47486,Collection,0,0,1,0,0,0,1,0,1,1,0,300,1,Failed,15,1,10,ObjectiveHandler_Hauling,,,,,,,,,,2f3275fb-9b7a-4a95-b858-f6ef5015356d,libs/foundry/records/contracts/contracttemplates/thecollector_forfavours_scripmerc.xml
TheCollector_General,ContractClass_Contract,300dcbf0-d201-465b-a7be-af7e15a0a512,MDT,4823e235-5206-452f-6977-b6c26cc47486,Collection,0,0,1,0,0,0,1,0,1,1,0,300,1,Failed,15,1,10,ObjectiveHandler_Hauling,,,,,,,,,,7360fe8d-1195-4861-9c9d-413993bc5b71,libs/foundry/records/contracts/contracttemplates/thecollector_general.xml
TheCollector_General,ContractClass_Contract,300dcbf0-d201-465b-a7be-af7e15a0a512,MDT,4823e235-5206-452f-6977-b6c26cc47486,Collection,0,0,1,0,0,0,1,0,1,1,0,300,1,Failed,15,1,10,ObjectiveHandler_Hauling,,,,,,,,,,7360fe8d-1195-4861-9c9d-413993bc5b71,libs/foundry/records/contracts/contracttemplates/thecollector_general.xml
TheCollector_GG_Coda,ContractClass_Contract,300dcbf0-d201-465b-a7be-af7e15a0a512,MDT,4823e235-5206-452f-6977-b6c26cc47486,Collection,0,0,1,0,0,0,1,0,1,1,0,300,1,Failed,15,1,10,ObjectiveHandler_Hauling,,,,,,,,,,b6e31a0e-20ee-4d5a-a198-17b76a14d13d,libs/foundry/records/contracts/contracttemplates/thecollector_gg_coda.xml
TheCollector_GG_Coda,ContractClass_Contract,300dcbf0-d201-465b-a7be-af7e15a0a512,MDT,4823e235-5206-452f-6977-b6c26cc47486,Collection,0,0,1,0,0,0,1,0,1,1,0,300,1,Failed,15,1,10,ObjectiveHandler_Hauling,,,,,,,,,,b6e31a0e-20ee-4d5a-a198-17b76a14d13d,libs/foundry/records/contracts/contracttemplates/thecollector_gg_coda.xml
TheCollector_GG_ExporeSuit,ContractClass_Contract,300dcbf0-d201-465b-a7be-af7e15a0a512,MDT,4823e235-5206-452f-6977-b6c26cc47486,Collection,0,0,1,0,0,0,1,0,1,1,0,300,1,Failed,15,1,10,ObjectiveHandler_Hauling,,,,,,,,,,cb62e884-b310-4a67-adcd-f13138f0580d,libs/foundry/records/contracts/contracttemplates/thecollector_gg_exporesuit.xml
TheCollector_GG_ExporeSuit,ContractClass_Contract,300dcbf0-d201-465b-a7be-af7e15a0a512,MDT,4823e235-5206-452f-6977-b6c26cc47486,Collection,0,0,1,0,0,0,1,0,1,1,0,300,1,Failed,15,1,10,ObjectiveHandler_Hauling,,,,,,,,,,cb62e884-b310-4a67-adcd-f13138f0580d,libs/foundry/records/contracts/contracttemplates/thecollector_gg_exporesuit.xml
TheCollector_GG_Karna,ContractClass_Contract,300dcbf0-d201-465b-a7be-af7e15a0a512,MDT,4823e235-5206-452f-6977-b6c26cc47486,Collection,0,0,1,0,0,0,1,0,1,1,0,300,1,Failed,15,1,10,ObjectiveHandler_Hauling,,,,,,,,,,4ee551a2-510d-4960-8f55-403a73b62f18,libs/foundry/records/contracts/contracttemplates/thecollector_gg_karna.xml
TheCollector_GG_Karna,ContractClass_Contract,300dcbf0-d201-465b-a7be-af7e15a0a512,MDT,4823e235-5206-452f-6977-b6c26cc47486,Collection,0,0,1,0,0,0,1,0,1,1,0,300,1,Failed,15,1,10,ObjectiveHandler_Hauling,,,,,,,,,,4ee551a2-510d-4960-8f55-403a73b62f18,libs/foundry/records/contracts/contracttemplates/thecollector_gg_karna.xml
TheCollector_GG_S71,ContractClass_Contract,300dcbf0-d201-465b-a7be-af7e15a0a512,MDT,4823e235-5206-452f-6977-b6c26cc47486,Collection,0,0,1,0,0,0,1,0,1,1,0,300,1,Failed,15,1,10,ObjectiveHandler_Hauling,,,,,,,,,,5ae9d5fe-f29f-4f12-ac78-614569784097,libs/foundry/records/contracts/contracttemplates/thecollector_gg_s71.xml
TheCollector_GG_S71,ContractClass_Contract,300dcbf0-d201-465b-a7be-af7e15a0a512,MDT,4823e235-5206-452f-6977-b6c26cc47486,Collection,0,0,1,0,0,0,1,0,1,1,0,300,1,Failed,15,1,10,ObjectiveHandler_Hauling,,,,,,,,,,5ae9d5fe-f29f-4f12-ac78-614569784097,libs/foundry/records/contracts/contracttemplates/thecollector_gg_s71.xml
TheCollector_GG_VentureSuit,ContractClass_Contract,300dcbf0-d201-465b-a7be-af7e15a0a512,MDT,4823e235-5206-452f-6977-b6c26cc47486,Collection,0,0,1,0,0,0,1,0,1,1,0,300,1,Failed,15,1,10,ObjectiveHandler_Hauling,,,,,,,,,,97d0df3d-1a70-4a16-bb48-1c047ed4cbac,libs/foundry/records/contracts/contracttemplates/thecollector_gg_venturesuit.xml
TheCollector_GG_VentureSuit,ContractClass_Contract,300dcbf0-d201-465b-a7be-af7e15a0a512,MDT,4823e235-5206-452f-6977-b6c26cc47486,Collection,0,0,1,0,0,0,1,0,1,1,0,300,1,Failed,15,1,10,ObjectiveHandler_Hauling,,,,,,,,,,97d0df3d-1a70-4a16-bb48-1c047ed4cbac,libs/foundry/records/contracts/contracttemplates/thecollector_gg_venturesuit.xml
TheCollector_GG_XanthuleSuit,ContractClass_Contract,300dcbf0-d201-465b-a7be-af7e15a0a512,MDT,4823e235-5206-452f-6977-b6c26cc47486,Collection,0,0,1,0,0,0,1,0,1,1,0,300,1,Failed,15,1,10,ObjectiveHandler_Hauling,,,,,,,,,,7e986de7-d42b-4829-abe7-acc7f7a4c964,libs/foundry/records/contracts/contracttemplates/thecollector_gg_xanthulesuit.xml
TheCollector_GG_XanthuleSuit,ContractClass_Contract,300dcbf0-d201-465b-a7be-af7e15a0a512,MDT,4823e235-5206-452f-6977-b6c26cc47486,Collection,0,0,1,0,0,0,1,0,1,1,0,300,1,Failed,15,1,10,ObjectiveHandler_Hauling,,,,,,,,,,7e986de7-d42b-4829-abe7-acc7f7a4c964,libs/foundry/records/contracts/contracttemplates/thecollector_gg_xanthulesuit.xml
TheCollector_Intro,ContractClass_Contract,300dcbf0-d201-465b-a7be-af7e15a0a512,MDT,4823e235-5206-452f-6977-b6c26cc47486,Collection,0,0,1,0,0,0,1,0,1,1,0,300,1,Failed,15,1,10,ObjectiveHandler_Hauling,,,,,,,,,,33224dfd-9975-4b35-9044-d9d9aaafc06d,libs/foundry/records/contracts/contracttemplates/thecollector_intro.xml
TheCollector_Intro,ContractClass_Contract,300dcbf0-d201-465b-a7be-af7e15a0a512,MDT,4823e235-5206-452f-6977-b6c26cc47486,Collection,0,0,1,0,0,0,1,0,1,1,0,300,1,Failed,15,1,10,ObjectiveHandler_Hauling,,,,,,,,,,33224dfd-9975-4b35-9044-d9d9aaafc06d,libs/foundry/records/contracts/contracttemplates/thecollector_intro.xml
TheCollector_Orb_SandArmour,ContractClass_Contract,300dcbf0-d201-465b-a7be-af7e15a0a512,MDT,4823e235-5206-452f-6977-b6c26cc47486,Collection,0,0,1,0,0,0,1,0,1,1,0,300,1,Failed,15,1,10,ObjectiveHandler_Hauling,,,,,,,,,,4edc73e2-0dd6-4ecf-57f9-6546cc47228c,libs/foundry/records/contracts/contracttemplates/thecollector_orb_sandarmour.xml
TheCollector_Orb_SandArmour,ContractClass_Contract,300dcbf0-d201-465b-a7be-af7e15a0a512,MDT,4823e235-5206-452f-6977-b6c26cc47486,Collection,0,0,1,0,0,0,1,0,1,1,0,300,1,Failed,15,1,10,ObjectiveHandler_Hauling,,,,,,,,,,4edc73e2-0dd6-4ecf-57f9-6546cc47228c,libs/foundry/records/contracts/contracttemplates/thecollector_orb_sandarmour.xml
TheCollector_Recipie_ShipB_Desert,ContractClass_Contract,300dcbf0-d201-465b-a7be-af7e15a0a512,MDT,4823e235-5206-452f-6977-b6c26cc47486,Collection,0,0,1,0,0,0,1,0,1,1,0,300,1,Failed,15,1,10,ObjectiveHandler_Hauling,,,,,,,,,,29e4d6cd-1f0a-4e12-99b2-7b921035c593,libs/foundry/records/contracts/contracttemplates/thecollector_recipie_shipb_desert.xml
TheCollector_Recipie_ShipB_Desert,ContractClass_Contract,300dcbf0-d201-465b-a7be-af7e15a0a512,MDT,4823e235-5206-452f-6977-b6c26cc47486,Collection,0,0,1,0,0,0,1,0,1,1,0,300,1,Failed,15,1,10,ObjectiveHandler_Hauling,,,,,,,,,,29e4d6cd-1f0a-4e12-99b2-7b921035c593,libs/foundry/records/contracts/contracttemplates/thecollector_recipie_shipb_desert.xml
TheCollector_Recipie_ShipB_Jungle,ContractClass_Contract,300dcbf0-d201-465b-a7be-af7e15a0a512,MDT,4823e235-5206-452f-6977-b6c26cc47486,Collection,0,0,1,0,0,0,1,0,1,1,0,300,1,Failed,15,1,10,ObjectiveHandler_Hauling,,,,,,,,,,72ba2f87-a9ca-4d05-b30e-74954f20122e,libs/foundry/records/contracts/contracttemplates/thecollector_recipie_shipb_jungle.xml
TheCollector_Recipie_ShipB_Jungle,ContractClass_Contract,300dcbf0-d201-465b-a7be-af7e15a0a512,MDT,4823e235-5206-452f-6977-b6c26cc47486,Collection,0,0,1,0,0,0,1,0,1,1,0,300,1,Failed,15,1,10,ObjectiveHandler_Hauling,,,,,,,,,,72ba2f87-a9ca-4d05-b30e-74954f20122e,libs/foundry/records/contracts/contracttemplates/thecollector_recipie_shipb_jungle.xml
TheCollector_Recipie_ShipB_Navy,ContractClass_Contract,300dcbf0-d201-465b-a7be-af7e15a0a512,MDT,4823e235-5206-452f-6977-b6c26cc47486,Collection,0,0,1,0,0,0,1,0,1,1,0,300,1,Failed,15,1,10,ObjectiveHandler_Hauling,,,,,,,,,,1b150b13-b4b0-4a2c-8336-138b6c2232a9,libs/foundry/records/contracts/contracttemplates/thecollector_recipie_shipb_navy.xml
TheCollector_Recipie_ShipB_Navy,ContractClass_Contract,300dcbf0-d201-465b-a7be-af7e15a0a512,MDT,4823e235-5206-452f-6977-b6c26cc47486,Collection,0,0,1,0,0,0,1,0,1,1,0,300,1,Failed,15,1,10,ObjectiveHandler_Hauling,,,,,,,,,,1b150b13-b4b0-4a2c-8336-138b6c2232a9,libs/foundry/records/contracts/contracttemplates/thecollector_recipie_shipb_navy.xml
TheCollector_Recipie_ShipB_Volt_Desert,ContractClass_Contract,300dcbf0-d201-465b-a7be-af7e15a0a512,MDT,4823e235-5206-452f-6977-b6c26cc47486,Collection,0,0,1,0,0,0,1,0,1,1,0,300,1,Failed,15,1,10,ObjectiveHandler_Hauling,,,,,,,,,,e5b0946f-387d-44f5-a9d4-0f48f6a7402e,libs/foundry/records/contracts/contracttemplates/thecollector_recipie_shipb_volt_desert.xml
TheCollector_Recipie_ShipB_Volt_Desert,ContractClass_Contract,300dcbf0-d201-465b-a7be-af7e15a0a512,MDT,4823e235-5206-452f-6977-b6c26cc47486,Collection,0,0,1,0,0,0,1,0,1,1,0,300,1,Failed,15,1,10,ObjectiveHandler_Hauling,,,,,,,,,,e5b0946f-387d-44f5-a9d4-0f48f6a7402e,libs/foundry/records/contracts/contracttemplates/thecollector_recipie_shipb_volt_desert.xml
TheCollector_Recipie_ShipB_Volt_Jungle,ContractClass_Contract,300dcbf0-d201-465b-a7be-af7e15a0a512,MDT,4823e235-5206-452f-6977-b6c26cc47486,Collection,0,0,1,0,0,0,1,0,1,1,0,300,1,Failed,15,1,10,ObjectiveHandler_Hauling,,,,,,,,,,33cca612-c7b3-4e16-94c3-60cae64814e8,libs/foundry/records/contracts/contracttemplates/thecollector_recipie_shipb_volt_jungle.xml
TheCollector_Recipie_ShipB_Volt_Jungle,ContractClass_Contract,300dcbf0-d201-465b-a7be-af7e15a0a512,MDT,4823e235-5206-452f-6977-b6c26cc47486,Collection,0,0,1,0,0,0,1,0,1,1,0,300,1,Failed,15,1,10,ObjectiveHandler_Hauling,,,,,,,,,,33cca612-c7b3-4e16-94c3-60cae64814e8,libs/foundry/records/contracts/contracttemplates/thecollector_recipie_shipb_volt_jungle.xml
TheCollector_Recipie_ShipB_Volt_Navy,ContractClass_Contract,300dcbf0-d201-465b-a7be-af7e15a0a512,MDT,4823e235-5206-452f-6977-b6c26cc47486,Collection,0,0,1,0,0,0,1,0,1,1,0,300,1,Failed,15,1,10,ObjectiveHandler_Hauling,,,,,,,,,,7955f714-3e7f-424b-8f87-942243ec4a9d,libs/foundry/records/contracts/contracttemplates/thecollector_recipie_shipb_volt_navy.xml
TheCollector_Recipie_ShipB_Volt_Navy,ContractClass_Contract,300dcbf0-d201-465b-a7be-af7e15a0a512,MDT,4823e235-5206-452f-6977-b6c26cc47486,Collection,0,0,1,0,0,0,1,0,1,1,0,300,1,Failed,15,1,10,ObjectiveHandler_Hauling,,,,,,,,,,7955f714-3e7f-424b-8f87-942243ec4a9d,libs/foundry/records/contracts/contracttemplates/thecollector_recipie_shipb_volt_navy.xml
TheCollector_Vehicle_ATLS_IKTI_GEO,ContractClass_Contract,300dcbf0-d201-465b-a7be-af7e15a0a512,MDT,4823e235-5206-452f-6977-b6c26cc47486,Collection,0,0,1,0,0,0,1,0,1,1,0,300,1,Failed,15,1,10,ObjectiveHandler_Hauling,,,,,,,,,,2339659b-be8f-48a2-9652-20b462ffa23f,libs/foundry/records/contracts/contracttemplates/thecollector_vehicle_atls_ikti_geo.xml
TheCollector_Vehicle_ATLS_IKTI_GEO,ContractClass_Contract,300dcbf0-d201-465b-a7be-af7e15a0a512,MDT,4823e235-5206-452f-6977-b6c26cc47486,Collection,0,0,1,0,0,0,1,0,1,1,0,300,1,Failed,15,1,10,ObjectiveHandler_Hauling,,,,,,,,,,2339659b-be8f-48a2-9652-20b462ffa23f,libs/foundry/records/contracts/contracttemplates/thecollector_vehicle_atls_ikti_geo.xml
TheCollector_Vehicle_ATLS_IKTI,ContractClass_Contract,300dcbf0-d201-465b-a7be-af7e15a0a512,MDT,4823e235-5206-452f-6977-b6c26cc47486,Collection,0,0,1,0,0,0,1,0,1,1,0,300,1,Failed,15,1,10,ObjectiveHandler_Hauling,,,,,,,,,,4fce6dc7-3cd9-3a64-d08f-626ae120a99d,libs/foundry/records/contracts/contracttemplates/thecollector_vehicle_atls_ikti.xml
TheCollector_Vehicle_ATLS_IKTI,ContractClass_Contract,300dcbf0-d201-465b-a7be-af7e15a0a512,MDT,4823e235-5206-452f-6977-b6c26cc47486,Collection,0,0,1,0,0,0,1,0,1,1,0,300,1,Failed,15,1,10,ObjectiveHandler_Hauling,,,,,,,,,,4fce6dc7-3cd9-3a64-d08f-626ae120a99d,libs/foundry/records/contracts/contracttemplates/thecollector_vehicle_atls_ikti.xml
TheCollector_Vehicles_ATLS_OrangeNGrey,ContractClass_Contract,300dcbf0-d201-465b-a7be-af7e15a0a512,MDT,4823e235-5206-452f-6977-b6c26cc47486,Collection,0,0,1,0,0,0,1,0,1,1,0,300,1,Failed,15,1,10,ObjectiveHandler_Hauling,,,,,,,,,,ecc29cf9-40ca-447e-91d5-851c8a1bfa2d,libs/foundry/records/contracts/contracttemplates/thecollector_vehicles_atls_orangengrey.xml
TheCollector_Vehicles_ATLS_OrangeNGrey,ContractClass_Contract,300dcbf0-d201-465b-a7be-af7e15a0a512,MDT,4823e235-5206-452f-6977-b6c26cc47486,Collection,0,0,1,0,0,0,1,0,1,1,0,300,1,Failed,15,1,10,ObjectiveHandler_Hauling,,,,,,,,,,ecc29cf9-40ca-447e-91d5-851c8a1bfa2d,libs/foundry/records/contracts/contracttemplates/thecollector_vehicles_atls_orangengrey.xml
TheCollector_Vehicles_ATLS_RedNBlue,ContractClass_Contract,300dcbf0-d201-465b-a7be-af7e15a0a512,MDT,4823e235-5206-452f-6977-b6c26cc47486,Collection,0,0,1,0,0,0,1,0,1,1,0,300,1,Failed,15,1,10,ObjectiveHandler_Hauling,,,,,,,,,,02e1f792-9d56-4e54-a819-6b390c3c32b3,libs/foundry/records/contracts/contracttemplates/thecollector_vehicles_atls_rednblue.xml
TheCollector_Vehicles_ATLS_RedNBlue,ContractClass_Contract,300dcbf0-d201-465b-a7be-af7e15a0a512,MDT,4823e235-5206-452f-6977-b6c26cc47486,Collection,0,0,1,0,0,0,1,0,1,1,0,300,1,Failed,15,1,10,ObjectiveHandler_Hauling,,,,,,,,,,02e1f792-9d56-4e54-a819-6b390c3c32b3,libs/foundry/records/contracts/contracttemplates/thecollector_vehicles_atls_rednblue.xml
TheCollector_Vehicles_ATLS_WhiteNGreen,ContractClass_Contract,300dcbf0-d201-465b-a7be-af7e15a0a512,MDT,4823e235-5206-452f-6977-b6c26cc47486,Collection,0,0,1,0,0,0,1,0,1,1,0,300,1,Failed,15,1,10,ObjectiveHandler_Hauling,,,,,,,,,,a0aecd3d-7834-495f-aec8-fbcd3bad1179,libs/foundry/records/contracts/contracttemplates/thecollector_vehicles_atls_whitengreen.xml
TheCollector_Vehicles_ATLS_WhiteNGreen,ContractClass_Contract,300dcbf0-d201-465b-a7be-af7e15a0a512,MDT,4823e235-5206-452f-6977-b6c26cc47486,Collection,0,0,1,0,0,0,1,0,1,1,0,300,1,Failed,15,1,10,ObjectiveHandler_Hauling,,,,,,,,,,a0aecd3d-7834-495f-aec8-fbcd3bad1179,libs/foundry/records/contracts/contracttemplates/thecollector_vehicles_atls_whitengreen.xml
TheCollector_Vehicles_ATLS,ContractClass_Contract,300dcbf0-d201-465b-a7be-af7e15a0a512,MDT,4823e235-5206-452f-6977-b6c26cc47486,Collection,0,0,1,0,0,0,1,0,1,1,0,300,1,Failed,15,1,10,ObjectiveHandler_Hauling,,,,,,,,,,7fed8b71-ac7b-47a2-b0df-531ee85efcd4,libs/foundry/records/contracts/contracttemplates/thecollector_vehicles_atls.xml
TheCollector_Vehicles_ATLS,ContractClass_Contract,300dcbf0-d201-465b-a7be-af7e15a0a512,MDT,4823e235-5206-452f-6977-b6c26cc47486,Collection,0,0,1,0,0,0,1,0,1,1,0,300,1,Failed,15,1,10,ObjectiveHandler_Hauling,,,,,,,,,,7fed8b71-ac7b-47a2-b0df-531ee85efcd4,libs/foundry/records/contracts/contracttemplates/thecollector_vehicles_atls.xml
TheCollector_Vehicles_Connie_Tau,ContractClass_Contract,300dcbf0-d201-465b-a7be-af7e15a0a512,MDT,4823e235-5206-452f-6977-b6c26cc47486,Collection,0,0,1,0,0,0,1,0,1,1,0,300,1,Failed,15,1,10,ObjectiveHandler_Hauling,,,,,,,,,,c8b278db-97b3-44f2-9df6-bb00e3668fb6,libs/foundry/records/contracts/contracttemplates/thecollector_vehicles_connie_tau.xml
TheCollector_Vehicles_Connie_Tau,ContractClass_Contract,300dcbf0-d201-465b-a7be-af7e15a0a512,MDT,4823e235-5206-452f-6977-b6c26cc47486,Collection,0,0,1,0,0,0,1,0,1,1,0,300,1,Failed,15,1,10,ObjectiveHandler_Hauling,,,,,,,,,,c8b278db-97b3-44f2-9df6-bb00e3668fb6,libs/foundry/records/contracts/contracttemplates/thecollector_vehicles_connie_tau.xml
TheCollector_Vehicles_Drake_Golem,ContractClass_Contract,300dcbf0-d201-465b-a7be-af7e15a0a512,MDT,4823e235-5206-452f-6977-b6c26cc47486,Collection,0,0,1,0,0,0,1,0,1,1,0,300,1,Failed,15,1,10,ObjectiveHandler_Hauling,,,,,,,,,,5d3184f4-12ea-4544-8206-c36373bdbc7f,libs/foundry/records/contracts/contracttemplates/thecollector_vehicles_drake_golem.xml
TheCollector_Vehicles_Drake_Golem,ContractClass_Contract,300dcbf0-d201-465b-a7be-af7e15a0a512,MDT,4823e235-5206-452f-6977-b6c26cc47486,Collection,0,0,1,0,0,0,1,0,1,1,0,300,1,Failed,15,1,10,ObjectiveHandler_Hauling,,,,,,,,,,5d3184f4-12ea-4544-8206-c36373bdbc7f,libs/foundry/records/contracts/contracttemplates/thecollector_vehicles_drake_golem.xml
TheCollector_Vehicles_F7_MK2,ContractClass_Contract,300dcbf0-d201-465b-a7be-af7e15a0a512,MDT,4823e235-5206-452f-6977-b6c26cc47486,Collection,0,0,1,0,0,0,1,0,1,1,0,300,1,Failed,15,1,10,ObjectiveHandler_Hauling,,,,,,,,,,1c28ec2e-4a0b-4374-b811-187c96e93aa4,libs/foundry/records/contracts/contracttemplates/thecollector_vehicles_f7_mk2.xml
TheCollector_Vehicles_F7_MK2,ContractClass_Contract,300dcbf0-d201-465b-a7be-af7e15a0a512,MDT,4823e235-5206-452f-6977-b6c26cc47486,Collection,0,0,1,0,0,0,1,0,1,1,0,300,1,Failed,15,1,10,ObjectiveHandler_Hauling,,,,,,,,,,1c28ec2e-4a0b-4374-b811-187c96e93aa4,libs/foundry/records/contracts/contracttemplates/thecollector_vehicles_f7_mk2.xml
TheCollector_Vehicles_F8C_Milt,ContractClass_Contract,300dcbf0-d201-465b-a7be-af7e15a0a512,MDT,4823e235-5206-452f-6977-b6c26cc47486,Collection,0,0,1,0,0,0,1,0,1,1,0,300,1,Failed,15,1,10,ObjectiveHandler_Hauling,,,,,,,,,,ea13129a-45e1-4706-be56-551d178db90a,libs/foundry/records/contracts/contracttemplates/thecollector_vehicles_f8c_milt.xml
TheCollector_Vehicles_F8C_Milt,ContractClass_Contract,300dcbf0-d201-465b-a7be-af7e15a0a512,MDT,4823e235-5206-452f-6977-b6c26cc47486,Collection,0,0,1,0,0,0,1,0,1,1,0,300,1,Failed,15,1,10,ObjectiveHandler_Hauling,,,,,,,,,,ea13129a-45e1-4706-be56-551d178db90a,libs/foundry/records/contracts/contracttemplates/thecollector_vehicles_f8c_milt.xml
TheCollector_Vehicles_F8C_Stealth,ContractClass_Contract,300dcbf0-d201-465b-a7be-af7e15a0a512,MDT,4823e235-5206-452f-6977-b6c26cc47486,Collection,0,0,1,0,0,0,1,0,1,1,0,300,1,Failed,15,1,10,ObjectiveHandler_Hauling,,,,,,,,,,d97bf33e-8dfe-44d7-a822-116e0d44994d,libs/foundry/records/contracts/contracttemplates/thecollector_vehicles_f8c_stealth.xml
TheCollector_Vehicles_F8C_Stealth,ContractClass_Contract,300dcbf0-d201-465b-a7be-af7e15a0a512,MDT,4823e235-5206-452f-6977-b6c26cc47486,Collection,0,0,1,0,0,0,1,0,1,1,0,300,1,Failed,15,1,10,ObjectiveHandler_Hauling,,,,,,,,,,d97bf33e-8dfe-44d7-a822-116e0d44994d,libs/foundry/records/contracts/contracttemplates/thecollector_vehicles_f8c_stealth.xml
TheCollector_Vehicles_Firebird,ContractClass_Contract,300dcbf0-d201-465b-a7be-af7e15a0a512,MDT,4823e235-5206-452f-6977-b6c26cc47486,Collection,0,0,1,0,0,0,1,0,1,1,0,300,1,Failed,15,1,10,ObjectiveHandler_Hauling,,,,,,,,,,e19db352-807b-425b-beed-150c69b1b68c,libs/foundry/records/contracts/contracttemplates/thecollector_vehicles_firebird.xml
TheCollector_Vehicles_Firebird,ContractClass_Contract,300dcbf0-d201-465b-a7be-af7e15a0a512,MDT,4823e235-5206-452f-6977-b6c26cc47486,Collection,0,0,1,0,0,0,1,0,1,1,0,300,1,Failed,15,1,10,ObjectiveHandler_Hauling,,,,,,,,,,e19db352-807b-425b-beed-150c69b1b68c,libs/foundry/records/contracts/contracttemplates/thecollector_vehicles_firebird.xml
TheCollector_Vehicles_Fortune,ContractClass_Contract,300dcbf0-d201-465b-a7be-af7e15a0a512,MDT,4823e235-5206-452f-6977-b6c26cc47486,Collection,0,0,1,0,0,0,1,0,1,1,0,300,1,Failed,15,1,10,ObjectiveHandler_Hauling,,,,,,,,,,df9e1609-1a9b-4090-bc28-538d27bb0cb6,libs/foundry/records/contracts/contracttemplates/thecollector_vehicles_fortune.xml
TheCollector_Vehicles_Fortune,ContractClass_Contract,300dcbf0-d201-465b-a7be-af7e15a0a512,MDT,4823e235-5206-452f-6977-b6c26cc47486,Collection,0,0,1,0,0,0,1,0,1,1,0,300,1,Failed,15,1,10,ObjectiveHandler_Hauling,,,,,,,,,,df9e1609-1a9b-4090-bc28-538d27bb0cb6,libs/foundry/records/contracts/contracttemplates/thecollector_vehicles_fortune.xml
TheCollector_Vehicles_Ground,ContractClass_Contract,300dcbf0-d201-465b-a7be-af7e15a0a512,MDT,4823e235-5206-452f-6977-b6c26cc47486,Collection,0,0,1,0,0,0,1,0,1,1,0,300,1,Failed,15,1,10,ObjectiveHandler_Hauling,,,,,,,,,,54cd30ef-af85-4bbf-bdf2-a6a8f04b9679,libs/foundry/records/contracts/contracttemplates/thecollector_vehicles_ground.xml
TheCollector_Vehicles_Ground,ContractClass_Contract,300dcbf0-d201-465b-a7be-af7e15a0a512,MDT,4823e235-5206-452f-6977-b6c26cc47486,Collection,0,0,1,0,0,0,1,0,1,1,0,300,1,Failed,15,1,10,ObjectiveHandler_Hauling,,,,,,,,,,54cd30ef-af85-4bbf-bdf2-a6a8f04b9679,libs/foundry/records/contracts/contracttemplates/thecollector_vehicles_ground.xml
TheCollector_Vehicles_Guardian,ContractClass_Contract,300dcbf0-d201-465b-a7be-af7e15a0a512,MDT,4823e235-5206-452f-6977-b6c26cc47486,Collection,0,0,1,0,0,0,1,0,1,1,0,300,1,Failed,15,1,10,ObjectiveHandler_Hauling,,,,,,,,,,775332bf-661c-4220-9dce-5589979d94b8,libs/foundry/records/contracts/contracttemplates/thecollector_vehicles_guardian.xml
TheCollector_Vehicles_Guardian,ContractClass_Contract,300dcbf0-d201-465b-a7be-af7e15a0a512,MDT,4823e235-5206-452f-6977-b6c26cc47486,Collection,0,0,1,0,0,0,1,0,1,1,0,300,1,Failed,15,1,10,ObjectiveHandler_Hauling,,,,,,,,,,775332bf-661c-4220-9dce-5589979d94b8,libs/foundry/records/contracts/contracttemplates/thecollector_vehicles_guardian.xml
TheCollector_Vehicles_GuardianQI,ContractClass_Contract,300dcbf0-d201-465b-a7be-af7e15a0a512,MDT,4823e235-5206-452f-6977-b6c26cc47486,Collection,0,0,1,0,0,0,1,0,1,1,0,300,1,Failed,15,1,10,ObjectiveHandler_Hauling,,,,,,,,,,87dce4b3-a690-4589-b9f2-98003bd0a69e,libs/foundry/records/contracts/contracttemplates/thecollector_vehicles_guardianqi.xml
TheCollector_Vehicles_GuardianQI,ContractClass_Contract,300dcbf0-d201-465b-a7be-af7e15a0a512,MDT,4823e235-5206-452f-6977-b6c26cc47486,Collection,0,0,1,0,0,0,1,0,1,1,0,300,1,Failed,15,1,10,ObjectiveHandler_Hauling,,,,,,,,,,87dce4b3-a690-4589-b9f2-98003bd0a69e,libs/foundry/records/contracts/contracttemplates/thecollector_vehicles_guardianqi.xml
TheCollector_Vehicles_Intrepid,ContractClass_Contract,300dcbf0-d201-465b-a7be-af7e15a0a512,MDT,4823e235-5206-452f-6977-b6c26cc47486,Collection,0,0,1,0,0,0,1,0,1,1,0,300,1,Failed,15,1,10,ObjectiveHandler_Hauling,,,,,,,,,,5a6d71c2-ef3e-4a30-bbd8-4aa88da73870,libs/foundry/records/contracts/contracttemplates/thecollector_vehicles_intrepid.xml
TheCollector_Vehicles_Intrepid,ContractClass_Contract,300dcbf0-d201-465b-a7be-af7e15a0a512,MDT,4823e235-5206-452f-6977-b6c26cc47486,Collection,0,0,1,0,0,0,1,0,1,1,0,300,1,Failed,15,1,10,ObjectiveHandler_Hauling,,,,,,,,,,5a6d71c2-ef3e-4a30-bbd8-4aa88da73870,libs/foundry/records/contracts/contracttemplates/thecollector_vehicles_intrepid.xml
TheCollector_Vehicles_Large,ContractClass_Contract,300dcbf0-d201-465b-a7be-af7e15a0a512,MDT,4823e235-5206-452f-6977-b6c26cc47486,Collection,0,0,1,0,0,0,1,0,1,1,0,300,1,Failed,15,1,10,ObjectiveHandler_Hauling,,,,,,,,,,d436a894-0417-4e77-90d7-849c03796fdf,libs/foundry/records/contracts/contracttemplates/thecollector_vehicles_large.xml
TheCollector_Vehicles_Large,ContractClass_Contract,300dcbf0-d201-465b-a7be-af7e15a0a512,MDT,4823e235-5206-452f-6977-b6c26cc47486,Collection,0,0,1,0,0,0,1,0,1,1,0,300,1,Failed,15,1,10,ObjectiveHandler_Hauling,,,,,,,,,,d436a894-0417-4e77-90d7-849c03796fdf,libs/foundry/records/contracts/contracttemplates/thecollector_vehicles_large.xml
TheCollector_Vehicles_Medium,ContractClass_Contract,300dcbf0-d201-465b-a7be-af7e15a0a512,MDT,4823e235-5206-452f-6977-b6c26cc47486,Collection,0,0,1,0,0,0,1,0,1,1,0,300,1,Failed,15,1,10,ObjectiveHandler_Hauling,,,,,,,,,,1bb0055c-ee4b-46dd-9cc1-7c920b68e758,libs/foundry/records/contracts/contracttemplates/thecollector_vehicles_medium.xml
TheCollector_Vehicles_Medium,ContractClass_Contract,300dcbf0-d201-465b-a7be-af7e15a0a512,MDT,4823e235-5206-452f-6977-b6c26cc47486,Collection,0,0,1,0,0,0,1,0,1,1,0,300,1,Failed,15,1,10,ObjectiveHandler_Hauling,,,,,,,,,,1bb0055c-ee4b-46dd-9cc1-7c920b68e758,libs/foundry/records/contracts/contracttemplates/thecollector_vehicles_medium.xml
TheCollector_Vehicles_Nox,ContractClass_Contract,300dcbf0-d201-465b-a7be-af7e15a0a512,MDT,4823e235-5206-452f-6977-b6c26cc47486,Collection,0,0,1,0,0,0,1,0,1,1,0,300,1,Failed,15,1,10,ObjectiveHandler_Hauling,,,,,,,,,,68d77a6b-dbe1-43c4-978c-6841df11a556,libs/foundry/records/contracts/contracttemplates/thecollector_vehicles_nox.xml
TheCollector_Vehicles_Nox,ContractClass_Contract,300dcbf0-d201-465b-a7be-af7e15a0a512,MDT,4823e235-5206-452f-6977-b6c26cc47486,Collection,0,0,1,0,0,0,1,0,1,1,0,300,1,Failed,15,1,10,ObjectiveHandler_Hauling,,,,,,,,,,68d77a6b-dbe1-43c4-978c-6841df11a556,libs/foundry/records/contracts/contracttemplates/thecollector_vehicles_nox.xml
TheCollector_Vehicles_Peregrine,ContractClass_Contract,300dcbf0-d201-465b-a7be-af7e15a0a512,MDT,4823e235-5206-452f-6977-b6c26cc47486,Collection,0,0,1,0,0,0,1,0,1,1,0,300,1,Failed,15,1,10,ObjectiveHandler_Hauling,,,,,,,,,,310c7fc1-60c5-4fa5-b2d2-b3212d9df4b2,libs/foundry/records/contracts/contracttemplates/thecollector_vehicles_peregrine.xml
TheCollector_Vehicles_Peregrine,ContractClass_Contract,300dcbf0-d201-465b-a7be-af7e15a0a512,MDT,4823e235-5206-452f-6977-b6c26cc47486,Collection,0,0,1,0,0,0,1,0,1,1,0,300,1,Failed,15,1,10,ObjectiveHandler_Hauling,,,,,,,,,,310c7fc1-60c5-4fa5-b2d2-b3212d9df4b2,libs/foundry/records/contracts/contracttemplates/thecollector_vehicles_peregrine.xml
TheCollector_Vehicles_Polaris,ContractClass_Contract,300dcbf0-d201-465b-a7be-af7e15a0a512,MDT,4823e235-5206-452f-6977-b6c26cc47486,Collection,0,0,1,0,0,0,1,0,1,1,0,300,1,Failed,15,1,10,ObjectiveHandler_Hauling,,,,,,,,,,a91a2e61-4d78-4b98-9ff7-302e62785c8a,libs/foundry/records/contracts/contracttemplates/thecollector_vehicles_polaris.xml
TheCollector_Vehicles_Polaris,ContractClass_Contract,300dcbf0-d201-465b-a7be-af7e15a0a512,MDT,4823e235-5206-452f-6977-b6c26cc47486,Collection,0,0,1,0,0,0,1,0,1,1,0,300,1,Failed,15,1,10,ObjectiveHandler_Hauling,,,,,,,,,,a91a2e61-4d78-4b98-9ff7-302e62785c8a,libs/foundry/records/contracts/contracttemplates/thecollector_vehicles_polaris.xml
TheCollector_Vehicles_Pulse,ContractClass_Contract,300dcbf0-d201-465b-a7be-af7e15a0a512,MDT,4823e235-5206-452f-6977-b6c26cc47486,Collection,0,0,1,0,0,0,1,0,1,1,0,300,1,Failed,15,1,10,ObjectiveHandler_Hauling,,,,,,,,,,56f41592-e44f-4588-a459-d7223b8d08c5,libs/foundry/records/contracts/contracttemplates/thecollector_vehicles_pulse.xml
TheCollector_Vehicles_Pulse,ContractClass_Contract,300dcbf0-d201-465b-a7be-af7e15a0a512,MDT,4823e235-5206-452f-6977-b6c26cc47486,Collection,0,0,1,0,0,0,1,0,1,1,0,300,1,Failed,15,1,10,ObjectiveHandler_Hauling,,,,,,,,,,56f41592-e44f-4588-a459-d7223b8d08c5,libs/foundry/records/contracts/contracttemplates/thecollector_vehicles_pulse.xml
TheCollector_Vehicles_Scorpius,ContractClass_Contract,300dcbf0-d201-465b-a7be-af7e15a0a512,MDT,4823e235-5206-452f-6977-b6c26cc47486,Collection,0,0,1,0,0,0,1,0,1,1,0,300,1,Failed,15,1,10,ObjectiveHandler_Hauling,,,,,,,,,,79931994-b093-4693-b9ef-eb0de0b5699a,libs/foundry/records/contracts/contracttemplates/thecollector_vehicles_scorpius.xml
TheCollector_Vehicles_Scorpius,ContractClass_Contract,300dcbf0-d201-465b-a7be-af7e15a0a512,MDT,4823e235-5206-452f-6977-b6c26cc47486,Collection,0,0,1,0,0,0,1,0,1,1,0,300,1,Failed,15,1,10,ObjectiveHandler_Hauling,,,,,,,,,,79931994-b093-4693-b9ef-eb0de0b5699a,libs/foundry/records/contracts/contracttemplates/thecollector_vehicles_scorpius.xml
TheCollector_Vehicles_Small,ContractClass_Contract,300dcbf0-d201-465b-a7be-af7e15a0a512,MDT,4823e235-5206-452f-6977-b6c26cc47486,Collection,0,0,1,0,0,0,1,0,1,1,0,300,1,Failed,15,1,10,ObjectiveHandler_Hauling,,,,,,,,,,22a81c49-7d8d-48e2-ba58-111bd955987b,libs/foundry/records/contracts/contracttemplates/thecollector_vehicles_small.xml
TheCollector_Vehicles_Small,ContractClass_Contract,300dcbf0-d201-465b-a7be-af7e15a0a512,MDT,4823e235-5206-452f-6977-b6c26cc47486,Collection,0,0,1,0,0,0,1,0,1,1,0,300,1,Failed,15,1,10,ObjectiveHandler_Hauling,,,,,,,,,,22a81c49-7d8d-48e2-ba58-111bd955987b,libs/foundry/records/contracts/contracttemplates/thecollector_vehicles_small.xml
TheCollector_Vehicles_Sprirt_C1,ContractClass_Contract,300dcbf0-d201-465b-a7be-af7e15a0a512,MDT,4823e235-5206-452f-6977-b6c26cc47486,Collection,0,0,1,0,0,0,1,0,1,1,0,300,1,Failed,15,1,10,ObjectiveHandler_Hauling,,,,,,,,,,482fe3da-722d-4a49-8817-f91015ae44c2,libs/foundry/records/contracts/contracttemplates/thecollector_vehicles_sprirt_c1.xml
TheCollector_Vehicles_Sprirt_C1,ContractClass_Contract,300dcbf0-d201-465b-a7be-af7e15a0a512,MDT,4823e235-5206-452f-6977-b6c26cc47486,Collection,0,0,1,0,0,0,1,0,1,1,0,300,1,Failed,15,1,10,ObjectiveHandler_Hauling,,,,,,,,,,482fe3da-722d-4a49-8817-f91015ae44c2,libs/foundry/records/contracts/contracttemplates/thecollector_vehicles_sprirt_c1.xml
TheCollector_Vehicles_Starlancer_Max,ContractClass_Contract,300dcbf0-d201-465b-a7be-af7e15a0a512,MDT,4823e235-5206-452f-6977-b6c26cc47486,Collection,0,0,1,0,0,0,1,0,1,1,0,300,1,Failed,15,1,10,ObjectiveHandler_Hauling,,,,,,,,,,676b5c05-c48f-4bc6-8453-dc3005eb2ab0,libs/foundry/records/contracts/contracttemplates/thecollector_vehicles_starlancer_max.xml
TheCollector_Vehicles_Starlancer_Max,ContractClass_Contract,300dcbf0-d201-465b-a7be-af7e15a0a512,MDT,4823e235-5206-452f-6977-b6c26cc47486,Collection,0,0,1,0,0,0,1,0,1,1,0,300,1,Failed,15,1,10,ObjectiveHandler_Hauling,,,,,,,,,,676b5c05-c48f-4bc6-8453-dc3005eb2ab0,libs/foundry/records/contracts/contracttemplates/thecollector_vehicles_starlancer_max.xml
TheCollector_Vehicles_Starlancer_Tac,ContractClass_Contract,300dcbf0-d201-465b-a7be-af7e15a0a512,MDT,4823e235-5206-452f-6977-b6c26cc47486,Collection,0,0,1,0,0,0,1,0,1,1,0,300,1,Failed,15,1,10,ObjectiveHandler_Hauling,,,,,,,,,,3ce889c6-f197-41a1-ab9f-a58c335e1b8d,libs/foundry/records/contracts/contracttemplates/thecollector_vehicles_starlancer_tac.xml
TheCollector_Vehicles_Starlancer_Tac,ContractClass_Contract,300dcbf0-d201-465b-a7be-af7e15a0a512,MDT,4823e235-5206-452f-6977-b6c26cc47486,Collection,0,0,1,0,0,0,1,0,1,1,0,300,1,Failed,15,1,10,ObjectiveHandler_Hauling,,,,,,,,,,3ce889c6-f197-41a1-ab9f-a58c335e1b8d,libs/foundry/records/contracts/contracttemplates/thecollector_vehicles_starlancer_tac.xml
TheCollector_Vehicles_Terrapin_Med,ContractClass_Contract,300dcbf0-d201-465b-a7be-af7e15a0a512,MDT,4823e235-5206-452f-6977-b6c26cc47486,Collection,0,0,1,0,0,0,1,0,1,1,0,300,1,Failed,15,1,10,ObjectiveHandler_Hauling,,,,,,,,,,45acc169-1cdd-427d-a4ab-eee1fc88ae67,libs/foundry/records/contracts/contracttemplates/thecollector_vehicles_terrapin_med.xml
TheCollector_Vehicles_Terrapin_Med,ContractClass_Contract,300dcbf0-d201-465b-a7be-af7e15a0a512,MDT,4823e235-5206-452f-6977-b6c26cc47486,Collection,0,0,1,0,0,0,1,0,1,1,0,300,1,Failed,15,1,10,ObjectiveHandler_Hauling,,,,,,,,,,45acc169-1cdd-427d-a4ab-eee1fc88ae67,libs/foundry/records/contracts/contracttemplates/thecollector_vehicles_terrapin_med.xml
TheCollector_Vehicles_TopTier,ContractClass_Contract,300dcbf0-d201-465b-a7be-af7e15a0a512,MDT,4823e235-5206-452f-6977-b6c26cc47486,Collection,0,0,1,0,0,0,1,0,1,1,0,300,1,Failed,15,1,10,ObjectiveHandler_Hauling,,,,,,,,,,2ac3dc0c-f9a7-4f36-828b-3d6dffec7506,libs/foundry/records/contracts/contracttemplates/thecollector_vehicles_toptier.xml
TheCollector_Vehicles_TopTier,ContractClass_Contract,300dcbf0-d201-465b-a7be-af7e15a0a512,MDT,4823e235-5206-452f-6977-b6c26cc47486,Collection,0,0,1,0,0,0,1,0,1,1,0,300,1,Failed,15,1,10,ObjectiveHandler_Hauling,,,,,,,,,,2ac3dc0c-f9a7-4f36-828b-3d6dffec7506,libs/foundry/records/contracts/contracttemplates/thecollector_vehicles_toptier.xml
TheCollector_Vehicles_Ursa_Medical,ContractClass_Contract,300dcbf0-d201-465b-a7be-af7e15a0a512,MDT,4823e235-5206-452f-6977-b6c26cc47486,Collection,0,0,1,0,0,0,1,0,1,1,0,300,1,Failed,15,1,10,ObjectiveHandler_Hauling,,,,,,,,,,94a21e16-4ab4-4e9f-9459-30483bde8fdb,libs/foundry/records/contracts/contracttemplates/thecollector_vehicles_ursa_medical.xml
TheCollector_Vehicles_Ursa_Medical,ContractClass_Contract,300dcbf0-d201-465b-a7be-af7e15a0a512,MDT,4823e235-5206-452f-6977-b6c26cc47486,Collection,0,0,1,0,0,0,1,0,1,1,0,300,1,Failed,15,1,10,ObjectiveHandler_Hauling,,,,,,,,,,94a21e16-4ab4-4e9f-9459-30483bde8fdb,libs/foundry/records/contracts/contracttemplates/thecollector_vehicles_ursa_medical.xml
TheCollector_Vehicles_ZeusCL,ContractClass_Contract,300dcbf0-d201-465b-a7be-af7e15a0a512,MDT,4823e235-5206-452f-6977-b6c26cc47486,Collection,0,0,1,0,0,0,1,0,1,1,0,300,1,Failed,15,1,10,ObjectiveHandler_Hauling,,,,,,,,,,4a0f9b3e-316d-41a0-9250-c1e03079160c,libs/foundry/records/contracts/contracttemplates/thecollector_vehicles_zeuscl.xml
TheCollector_Vehicles_ZeusCL,ContractClass_Contract,300dcbf0-d201-465b-a7be-af7e15a0a512,MDT,4823e235-5206-452f-6977-b6c26cc47486,Collection,0,0,1,0,0,0,1,0,1,1,0,300,1,Failed,15,1,10,ObjectiveHandler_Hauling,,,,,,,,,,4a0f9b3e-316d-41a0-9250-c1e03079160c,libs/foundry/records/contracts/contracttemplates/thecollector_vehicles_zeuscl.xml
TheCollector_Vehicles_ZeusES,ContractClass_Contract,300dcbf0-d201-465b-a7be-af7e15a0a512,MDT,4823e235-5206-452f-6977-b6c26cc47486,Collection,0,0,1,0,0,0,1,0,1,1,0,300,1,Failed,15,1,10,ObjectiveHandler_Hauling,,,,,,,,,,71da6ce3-1d73-42f1-8682-b7a99e36031f,libs/foundry/records/contracts/contracttemplates/thecollector_vehicles_zeuses.xml
TheCollector_Vehicles_ZeusES,ContractClass_Contract,300dcbf0-d201-465b-a7be-af7e15a0a512,MDT,4823e235-5206-452f-6977-b6c26cc47486,Collection,0,0,1,0,0,0,1,0,1,1,0,300,1,Failed,15,1,10,ObjectiveHandler_Hauling,,,,,,,,,,71da6ce3-1d73-42f1-8682-b7a99e36031f,libs/foundry/records/contracts/contracttemplates/thecollector_vehicles_zeuses.xml
TheCollector_Vehicles,ContractClass_Contract,300dcbf0-d201-465b-a7be-af7e15a0a512,MDT,4823e235-5206-452f-6977-b6c26cc47486,Collection,0,0,1,0,0,0,1,0,1,1,0,300,1,Failed,15,1,10,ObjectiveHandler_Hauling,,,,,,,,,,99ee599e-e9e2-47a3-8670-c8f2243496b8,libs/foundry/records/contracts/contracttemplates/thecollector_vehicles.xml
TheCollector_Vehicles,ContractClass_Contract,300dcbf0-d201-465b-a7be-af7e15a0a512,MDT,4823e235-5206-452f-6977-b6c26cc47486,Collection,0,0,1,0,0,0,1,0,1,1,0,300,1,Failed,15,1,10,ObjectiveHandler_Hauling,,,,,,,,,,99ee599e-e9e2-47a3-8670-c8f2243496b8,libs/foundry/records/contracts/contracttemplates/thecollector_vehicles.xml
TheCollector_Weapons,ContractClass_Contract,300dcbf0-d201-465b-a7be-af7e15a0a512,MDT,4823e235-5206-452f-6977-b6c26cc47486,Collection,0,0,1,0,0,0,1,0,1,1,0,300,1,Failed,15,1,10,ObjectiveHandler_Hauling,,,,,,,,,,a8a8af57-6bf5-4bee-bbad-a2f40d43e53a,libs/foundry/records/contracts/contracttemplates/thecollector_weapons.xml
TheCollector_Weapons,ContractClass_Contract,300dcbf0-d201-465b-a7be-af7e15a0a512,MDT,4823e235-5206-452f-6977-b6c26cc47486,Collection,0,0,1,0,0,0,1,0,1,1,0,300,1,Failed,15,1,10,ObjectiveHandler_Hauling,,,,,,,,,,a8a8af57-6bf5-4bee-bbad-a2f40d43e53a,libs/foundry/records/contracts/contracttemplates/thecollector_weapons.xml
TimeTrial,ContractClass_Contract,300dcbf0-d201-465b-a7be-af7e15a0a512,MDT,dd2a34c9-3ec1-4a99-b98b-1fa718f3ef6d,Race,0,1,0,0,0,0,1,0,1,1,0,0,0,Failed,0,1,45,ObjectiveHandler_Local,Libs/Subsumption/Missions/PU/PU_Missions/TimeTrials/TimeTrial.xml,,TravelObjective_Long | TravelObjective_Short,ReturnObjective_Long | ReturnObjective_Short,,,procedural_text_null | TimeTrial_ExtendedTextToken_CompleteRaceToken | TimeTrial_ExtendedTextToken_Completion_AchievedBronze | TimeTrial_ExtendedTextToken_Completion_AchievedDiamond | TimeTrial_ExtendedTextToken_Completion_AchievedGold | TimeTrial_ExtendedTextToken_Completion_AchievedPlatinum | TimeTrial_ExtendedTextToken_Completion_AchievedSilver | TimeTrial_ExtendedTextToken_Completion_DNF | TimeTrial_ExtendedTextToken_InvalidVehicle | TimeTrial_ExtendedTextToken_NotPilot,,,561f08a6-1021-4427-a7b6-2efe9abfbefc,libs/foundry/records/contracts/contracttemplates/timetrial.xml
TimeTrial,ContractClass_Contract,300dcbf0-d201-465b-a7be-af7e15a0a512,MDT,dd2a34c9-3ec1-4a99-b98b-1fa718f3ef6d,Race,0,1,0,0,0,0,1,0,1,1,0,0,0,Failed,0,1,45,ObjectiveHandler_Local,Libs/Subsumption/Missions/PU/PU_Missions/TimeTrials/TimeTrial.xml,,TravelObjective_Long | TravelObjective_Short,ReturnObjective_Long | ReturnObjective_Short,,,procedural_text_null | TimeTrial_ExtendedTextToken_CompleteRaceToken | TimeTrial_ExtendedTextToken_Completion_AchievedBronze | TimeTrial_ExtendedTextToken_Completion_AchievedDiamond | TimeTrial_ExtendedTextToken_Completion_AchievedGold | TimeTrial_ExtendedTextToken_Completion_AchievedPlatinum | TimeTrial_ExtendedTextToken_Completion_AchievedSilver | TimeTrial_ExtendedTextToken_Completion_DNF | TimeTrial_ExtendedTextToken_InvalidVehicle | TimeTrial_ExtendedTextToken_NotPilot,,,561f08a6-1021-4427-a7b6-2efe9abfbefc,libs/foundry/records/contracts/contracttemplates/timetrial.xml
Tutorial_Part1,ContractClass_Contract,300dcbf0-d201-465b-a7be-af7e15a0a512,MDT,9c585972-95b7-4408-ad72-aa9858545958,Priority,0,0,0,0,0,0,0,0,1,1,0,0,0,Failed,0,1,11,ObjectiveHandler_PlayerAttached,Libs/Subsumption/Missions/PU/PU_Missions/Tutorial/Tutorial01_Basics.xml,,,,,,,,,af3506db-372c-4009-910f-44a16a3c402c,libs/foundry/records/contracts/contracttemplates/tutorial_part1.xml
Tutorial_Part1,ContractClass_Contract,300dcbf0-d201-465b-a7be-af7e15a0a512,MDT,9c585972-95b7-4408-ad72-aa9858545958,Priority,0,0,0,0,0,0,0,0,1,1,0,0,0,Failed,0,1,11,ObjectiveHandler_PlayerAttached,Libs/Subsumption/Missions/PU/PU_Missions/Tutorial/Tutorial01_Basics.xml,,,,,,,,,af3506db-372c-4009-910f-44a16a3c402c,libs/foundry/records/contracts/contracttemplates/tutorial_part1.xml
Tutorial_Part2,ContractClass_Contract,300dcbf0-d201-465b-a7be-af7e15a0a512,MDT,9c585972-95b7-4408-ad72-aa9858545958,Priority,0,0,0,0,0,0,0,0,1,1,0,0,0,Failed,0,1,8,ObjectiveHandler_PlayerAttached,Libs/Subsumption/Missions/PU/PU_Missions/Tutorial/Tutorial02_Shopping.xml,,,,,,,,,d45116d5-0b7e-49d6-b419-6a7148651bd9,libs/foundry/records/contracts/contracttemplates/tutorial_part2.xml
Tutorial_Part2,ContractClass_Contract,300dcbf0-d201-465b-a7be-af7e15a0a512,MDT,9c585972-95b7-4408-ad72-aa9858545958,Priority,0,0,0,0,0,0,0,0,1,1,0,0,0,Failed,0,1,8,ObjectiveHandler_PlayerAttached,Libs/Subsumption/Missions/PU/PU_Missions/Tutorial/Tutorial02_Shopping.xml,,,,,,,,,d45116d5-0b7e-49d6-b419-6a7148651bd9,libs/foundry/records/contracts/contracttemplates/tutorial_part2.xml
Tutorial_Part3_WithSpaceportInput,ContractClass_Contract,300dcbf0-d201-465b-a7be-af7e15a0a512,MDT,9c585972-95b7-4408-ad72-aa9858545958,Priority,0,0,0,0,0,0,0,0,1,1,0,0,0,Failed,0,1,14,ObjectiveHandler_PlayerAttached,Libs/Subsumption/Missions/PU/PU_Missions/Tutorial/Tutorial03_Ship_Part01.xml,,,,,,Tutorial_Area18_TransitNameType_Lower | Tutorial_Area18_TransitNameType_Upper,,,b489685b-c03c-4905-a920-e89bea9cbded,libs/foundry/records/contracts/contracttemplates/tutorial_part3_withspaceportinput.xml
Tutorial_Part3_WithSpaceportInput,ContractClass_Contract,300dcbf0-d201-465b-a7be-af7e15a0a512,MDT,9c585972-95b7-4408-ad72-aa9858545958,Priority,0,0,0,0,0,0,0,0,1,1,0,0,0,Failed,0,1,14,ObjectiveHandler_PlayerAttached,Libs/Subsumption/Missions/PU/PU_Missions/Tutorial/Tutorial03_Ship_Part01.xml,,,,,,Tutorial_Area18_TransitNameType_Lower | Tutorial_Area18_TransitNameType_Upper,,,b489685b-c03c-4905-a920-e89bea9cbded,libs/foundry/records/contracts/contracttemplates/tutorial_part3_withspaceportinput.xml
Tutorial_Part3,ContractClass_Contract,300dcbf0-d201-465b-a7be-af7e15a0a512,MDT,9c585972-95b7-4408-ad72-aa9858545958,Priority,0,0,0,0,0,0,0,0,1,1,0,0,0,Failed,0,1,13,ObjectiveHandler_PlayerAttached,Libs/Subsumption/Missions/PU/PU_Missions/Tutorial/Tutorial03_Ship_Part01.xml,,,,,,Tutorial_Area18_TransitNameType_Lower | Tutorial_Area18_TransitNameType_Upper,,,91a0ebc8-40a0-4fde-bc22-576fe49cf228,libs/foundry/records/contracts/contracttemplates/tutorial_part3.xml
Tutorial_Part3,ContractClass_Contract,300dcbf0-d201-465b-a7be-af7e15a0a512,MDT,9c585972-95b7-4408-ad72-aa9858545958,Priority,0,0,0,0,0,0,0,0,1,1,0,0,0,Failed,0,1,13,ObjectiveHandler_PlayerAttached,Libs/Subsumption/Missions/PU/PU_Missions/Tutorial/Tutorial03_Ship_Part01.xml,,,,,,Tutorial_Area18_TransitNameType_Lower | Tutorial_Area18_TransitNameType_Upper,,,91a0ebc8-40a0-4fde-bc22-576fe49cf228,libs/foundry/records/contracts/contracttemplates/tutorial_part3.xml
